school_year,district_id,district_name,school_id,school_short,student_group,ct,pct
2019,2180,Portland SD 1J,822,Abernethy,all,520,100
2019,2180,Portland SD 1J,822,Abernethy,combined_underserved,135,26
2019,2180,Portland SD 1J,822,Abernethy,direct_cert,32,6.2
2019,2180,Portland SD 1J,822,Abernethy,lep,5,1
2019,2180,Portland SD 1J,822,Abernethy,swd,83,16
2019,2180,Portland SD 1J,822,Abernethy,historically_underserved,44,8.5
2019,2180,Portland SD 1J,822,Abernethy,hispanic,27,5.2
2019,2180,Portland SD 1J,822,Abernethy,black,4,0.8
2019,2180,Portland SD 1J,822,Abernethy,multi,12,2.3
2019,2180,Portland SD 1J,823,Ainsworth,all,625,100
2019,2180,Portland SD 1J,823,Ainsworth,combined_underserved,186,29.8
2019,2180,Portland SD 1J,823,Ainsworth,direct_cert,22,3.5
2019,2180,Portland SD 1J,823,Ainsworth,lep,40,6.4
2019,2180,Portland SD 1J,823,Ainsworth,swd,44,7
2019,2180,Portland SD 1J,823,Ainsworth,historically_underserved,124,19.8
2019,2180,Portland SD 1J,823,Ainsworth,hispanic,96,15.4
2019,2180,Portland SD 1J,823,Ainsworth,black,3,0.5
2019,2180,Portland SD 1J,823,Ainsworth,multi,20,3.2
2019,2180,Portland SD 1J,824,Alameda,all,730,100
2019,2180,Portland SD 1J,824,Alameda,combined_underserved,170,23.3
2019,2180,Portland SD 1J,824,Alameda,direct_cert,23,3.2
2019,2180,Portland SD 1J,824,Alameda,lep,2,0.3
2019,2180,Portland SD 1J,824,Alameda,swd,94,12.9
2019,2180,Portland SD 1J,824,Alameda,historically_underserved,75,10.3
2019,2180,Portland SD 1J,824,Alameda,hispanic,43,5.9
2019,2180,Portland SD 1J,824,Alameda,black,10,1.4
2019,2180,Portland SD 1J,824,Alameda,multi,21,2.9
2019,2180,Portland SD 1J,826,Arleta,all,490,100
2019,2180,Portland SD 1J,826,Arleta,combined_underserved,264,53.9
2019,2180,Portland SD 1J,826,Arleta,direct_cert,135,27.6
2019,2180,Portland SD 1J,826,Arleta,lep,28,5.7
2019,2180,Portland SD 1J,826,Arleta,swd,106,21.6
2019,2180,Portland SD 1J,826,Arleta,historically_underserved,124,25.3
2019,2180,Portland SD 1J,826,Arleta,hispanic,73,14.9
2019,2180,Portland SD 1J,826,Arleta,black,9,1.8
2019,2180,Portland SD 1J,826,Arleta,multi,35,7.1
2019,2180,Portland SD 1J,827,Astor,all,434,100
2019,2180,Portland SD 1J,827,Astor,combined_underserved,233,53.7
2019,2180,Portland SD 1J,827,Astor,direct_cert,108,24.9
2019,2180,Portland SD 1J,827,Astor,lep,12,2.8
2019,2180,Portland SD 1J,827,Astor,swd,79,18.2
2019,2180,Portland SD 1J,827,Astor,historically_underserved,156,35.9
2019,2180,Portland SD 1J,827,Astor,hispanic,81,18.7
2019,2180,Portland SD 1J,827,Astor,black,27,6.2
2019,2180,Portland SD 1J,827,Astor,multi,41,9.4
2019,2180,Portland SD 1J,828,Atkinson,all,419,100
2019,2180,Portland SD 1J,828,Atkinson,combined_underserved,206,49.2
2019,2180,Portland SD 1J,828,Atkinson,direct_cert,65,15.5
2019,2180,Portland SD 1J,828,Atkinson,lep,44,10.5
2019,2180,Portland SD 1J,828,Atkinson,swd,72,17.2
2019,2180,Portland SD 1J,828,Atkinson,historically_underserved,135,32.2
2019,2180,Portland SD 1J,828,Atkinson,hispanic,109,26
2019,2180,Portland SD 1J,828,Atkinson,black,10,2.4
2019,2180,Portland SD 1J,828,Atkinson,multi,14,3.3
2019,2180,Portland SD 1J,830,Beach,all,428,100
2019,2180,Portland SD 1J,830,Beach,combined_underserved,242,56.5
2019,2180,Portland SD 1J,830,Beach,direct_cert,111,25.9
2019,2180,Portland SD 1J,830,Beach,lep,44,10.3
2019,2180,Portland SD 1J,830,Beach,swd,48,11.2
2019,2180,Portland SD 1J,830,Beach,historically_underserved,203,47.4
2019,2180,Portland SD 1J,830,Beach,hispanic,132,30.8
2019,2180,Portland SD 1J,830,Beach,black,41,9.6
2019,2180,Portland SD 1J,830,Beach,multi,28,6.5
2019,2180,Portland SD 1J,857,Beverly Cleary,all,782,100
2019,2180,Portland SD 1J,857,Beverly Cleary,combined_underserved,183,23.4
2019,2180,Portland SD 1J,857,Beverly Cleary,direct_cert,34,4.3
2019,2180,Portland SD 1J,857,Beverly Cleary,lep,10,1.3
2019,2180,Portland SD 1J,857,Beverly Cleary,swd,86,11
2019,2180,Portland SD 1J,857,Beverly Cleary,historically_underserved,108,13.8
2019,2180,Portland SD 1J,857,Beverly Cleary,hispanic,58,7.4
2019,2180,Portland SD 1J,857,Beverly Cleary,black,20,2.6
2019,2180,Portland SD 1J,857,Beverly Cleary,multi,23,2.9
2019,2180,Portland SD 1J,833,Boise-Eliot/Humboldt,all,325,100
2019,2180,Portland SD 1J,833,Boise-Eliot/Humboldt,combined_underserved,290,89.2
2019,2180,Portland SD 1J,833,Boise-Eliot/Humboldt,direct_cert,193,59.4
2019,2180,Portland SD 1J,833,Boise-Eliot/Humboldt,lep,15,4.6
2019,2180,Portland SD 1J,833,Boise-Eliot/Humboldt,swd,54,16.6
2019,2180,Portland SD 1J,833,Boise-Eliot/Humboldt,historically_underserved,253,77.8
2019,2180,Portland SD 1J,833,Boise-Eliot/Humboldt,hispanic,42,12.9
2019,2180,Portland SD 1J,833,Boise-Eliot/Humboldt,black,173,53.2
2019,2180,Portland SD 1J,833,Boise-Eliot/Humboldt,multi,37,11.4
2019,2180,Portland SD 1J,834,Bridger,all,504,100
2019,2180,Portland SD 1J,834,Bridger,combined_underserved,326,64.7
2019,2180,Portland SD 1J,834,Bridger,direct_cert,127,25.2
2019,2180,Portland SD 1J,834,Bridger,lep,81,16.1
2019,2180,Portland SD 1J,834,Bridger,swd,62,12.3
2019,2180,Portland SD 1J,834,Bridger,historically_underserved,256,50.8
2019,2180,Portland SD 1J,834,Bridger,hispanic,198,39.3
2019,2180,Portland SD 1J,834,Bridger,black,25,5
2019,2180,Portland SD 1J,834,Bridger,multi,22,4.4
2019,2180,Portland SD 1J,835,Bridlemile,all,518,100
2019,2180,Portland SD 1J,835,Bridlemile,combined_underserved,144,27.8
2019,2180,Portland SD 1J,835,Bridlemile,direct_cert,36,6.9
2019,2180,Portland SD 1J,835,Bridlemile,lep,21,4.1
2019,2180,Portland SD 1J,835,Bridlemile,swd,61,11.8
2019,2180,Portland SD 1J,835,Bridlemile,historically_underserved,77,14.9
2019,2180,Portland SD 1J,835,Bridlemile,hispanic,48,9.3
2019,2180,Portland SD 1J,835,Bridlemile,black,8,1.5
2019,2180,Portland SD 1J,835,Bridlemile,multi,18,3.5
2019,2180,Portland SD 1J,837,Buckman,all,450,100
2019,2180,Portland SD 1J,837,Buckman,combined_underserved,196,43.6
2019,2180,Portland SD 1J,837,Buckman,direct_cert,75,16.7
2019,2180,Portland SD 1J,837,Buckman,lep,9,2
2019,2180,Portland SD 1J,837,Buckman,swd,77,17.1
2019,2180,Portland SD 1J,837,Buckman,historically_underserved,112,24.9
2019,2180,Portland SD 1J,837,Buckman,hispanic,61,13.6
2019,2180,Portland SD 1J,837,Buckman,black,18,4
2019,2180,Portland SD 1J,837,Buckman,multi,31,6.9
2019,2180,Portland SD 1J,838,Capitol Hill,all,443,100
2019,2180,Portland SD 1J,838,Capitol Hill,combined_underserved,139,31.4
2019,2180,Portland SD 1J,838,Capitol Hill,direct_cert,53,12
2019,2180,Portland SD 1J,838,Capitol Hill,lep,18,4.1
2019,2180,Portland SD 1J,838,Capitol Hill,swd,41,9.3
2019,2180,Portland SD 1J,838,Capitol Hill,historically_underserved,86,19.4
2019,2180,Portland SD 1J,838,Capitol Hill,hispanic,50,11.3
2019,2180,Portland SD 1J,838,Capitol Hill,black,16,3.6
2019,2180,Portland SD 1J,838,Capitol Hill,multi,19,4.3
2019,2180,Portland SD 1J,841,César Chávez,all,550,100
2019,2180,Portland SD 1J,841,César Chávez,combined_underserved,481,87.5
2019,2180,Portland SD 1J,841,César Chávez,direct_cert,276,50.2
2019,2180,Portland SD 1J,841,César Chávez,lep,191,34.7
2019,2180,Portland SD 1J,841,César Chávez,swd,74,13.5
2019,2180,Portland SD 1J,841,César Chávez,historically_underserved,438,79.6
2019,2180,Portland SD 1J,841,César Chávez,hispanic,286,52
2019,2180,Portland SD 1J,841,César Chávez,black,87,15.8
2019,2180,Portland SD 1J,841,César Chávez,multi,37,6.7
2019,2180,Portland SD 1J,839,Chapman,all,484,100
2019,2180,Portland SD 1J,839,Chapman,combined_underserved,206,42.6
2019,2180,Portland SD 1J,839,Chapman,direct_cert,103,21.3
2019,2180,Portland SD 1J,839,Chapman,lep,33,6.8
2019,2180,Portland SD 1J,839,Chapman,swd,45,9.3
2019,2180,Portland SD 1J,839,Chapman,historically_underserved,97,20
2019,2180,Portland SD 1J,839,Chapman,hispanic,50,10.3
2019,2180,Portland SD 1J,839,Chapman,black,12,2.5
2019,2180,Portland SD 1J,839,Chapman,multi,32,6.6
2019,2180,Portland SD 1J,840,Chief Joseph,all,358,100
2019,2180,Portland SD 1J,840,Chief Joseph,combined_underserved,171,47.8
2019,2180,Portland SD 1J,840,Chief Joseph,direct_cert,82,22.9
2019,2180,Portland SD 1J,840,Chief Joseph,lep,21,5.9
2019,2180,Portland SD 1J,840,Chief Joseph,swd,48,13.4
2019,2180,Portland SD 1J,840,Chief Joseph,historically_underserved,123,34.4
2019,2180,Portland SD 1J,840,Chief Joseph,hispanic,40,11.2
2019,2180,Portland SD 1J,840,Chief Joseph,black,32,8.9
2019,2180,Portland SD 1J,840,Chief Joseph,multi,40,11.2
2019,2180,Portland SD 1J,4640,Creative Science,all,466,100
2019,2180,Portland SD 1J,4640,Creative Science,combined_underserved,174,37.3
2019,2180,Portland SD 1J,4640,Creative Science,direct_cert,64,13.7
2019,2180,Portland SD 1J,4640,Creative Science,lep,15,3.2
2019,2180,Portland SD 1J,4640,Creative Science,swd,85,18.2
2019,2180,Portland SD 1J,4640,Creative Science,historically_underserved,65,13.9
2019,2180,Portland SD 1J,4640,Creative Science,hispanic,30,6.4
2019,2180,Portland SD 1J,4640,Creative Science,black,9,1.9
2019,2180,Portland SD 1J,4640,Creative Science,multi,20,4.3
2019,2180,Portland SD 1J,843,Creston,all,361,100
2019,2180,Portland SD 1J,843,Creston,combined_underserved,191,52.9
2019,2180,Portland SD 1J,843,Creston,direct_cert,96,26.6
2019,2180,Portland SD 1J,843,Creston,lep,31,8.6
2019,2180,Portland SD 1J,843,Creston,swd,84,23.3
2019,2180,Portland SD 1J,843,Creston,historically_underserved,102,28.3
2019,2180,Portland SD 1J,843,Creston,hispanic,61,16.9
2019,2180,Portland SD 1J,843,Creston,black,13,3.6
2019,2180,Portland SD 1J,843,Creston,multi,22,6.1
2019,2180,Portland SD 1J,844,Duniway,all,504,100
2019,2180,Portland SD 1J,844,Duniway,combined_underserved,143,28.4
2019,2180,Portland SD 1J,844,Duniway,direct_cert,33,6.5
2019,2180,Portland SD 1J,844,Duniway,lep,12,2.4
2019,2180,Portland SD 1J,844,Duniway,swd,71,14.1
2019,2180,Portland SD 1J,844,Duniway,historically_underserved,50,9.9
2019,2180,Portland SD 1J,844,Duniway,hispanic,32,6.3
2019,2180,Portland SD 1J,844,Duniway,black,2,0.4
2019,2180,Portland SD 1J,844,Duniway,multi,16,3.2
2019,2180,Portland SD 1J,847,Faubion,all,767,100
2019,2180,Portland SD 1J,847,Faubion,combined_underserved,629,82
2019,2180,Portland SD 1J,847,Faubion,direct_cert,320,41.7
2019,2180,Portland SD 1J,847,Faubion,lep,79,10.3
2019,2180,Portland SD 1J,847,Faubion,swd,123,16
2019,2180,Portland SD 1J,847,Faubion,historically_underserved,533,69.5
2019,2180,Portland SD 1J,847,Faubion,hispanic,209,27.2
2019,2180,Portland SD 1J,847,Faubion,black,218,28.4
2019,2180,Portland SD 1J,847,Faubion,multi,84,11
2019,2180,Portland SD 1J,2413,Forest Park,all,418,100
2019,2180,Portland SD 1J,2413,Forest Park,combined_underserved,84,20.1
2019,2180,Portland SD 1J,2413,Forest Park,direct_cert,4,1
2019,2180,Portland SD 1J,2413,Forest Park,lep,13,3.1
2019,2180,Portland SD 1J,2413,Forest Park,swd,34,8.1
2019,2180,Portland SD 1J,2413,Forest Park,historically_underserved,37,8.9
2019,2180,Portland SD 1J,2413,Forest Park,hispanic,15,3.6
2019,2180,Portland SD 1J,2413,Forest Park,black,13,3.1
2019,2180,Portland SD 1J,2413,Forest Park,multi,9,2.2
2019,2180,Portland SD 1J,850,Glencoe,all,451,100
2019,2180,Portland SD 1J,850,Glencoe,combined_underserved,161,35.7
2019,2180,Portland SD 1J,850,Glencoe,direct_cert,37,8.2
2019,2180,Portland SD 1J,850,Glencoe,lep,10,2.2
2019,2180,Portland SD 1J,850,Glencoe,swd,62,13.7
2019,2180,Portland SD 1J,850,Glencoe,historically_underserved,94,20.8
2019,2180,Portland SD 1J,850,Glencoe,hispanic,51,11.3
2019,2180,Portland SD 1J,850,Glencoe,black,10,2.2
2019,2180,Portland SD 1J,850,Glencoe,multi,33,7.3
2019,2180,Portland SD 1J,854,Grout,all,382,100
2019,2180,Portland SD 1J,854,Grout,combined_underserved,232,60.7
2019,2180,Portland SD 1J,854,Grout,direct_cert,153,40.1
2019,2180,Portland SD 1J,854,Grout,lep,50,13.1
2019,2180,Portland SD 1J,854,Grout,swd,76,19.9
2019,2180,Portland SD 1J,854,Grout,historically_underserved,115,30.1
2019,2180,Portland SD 1J,854,Grout,hispanic,40,10.5
2019,2180,Portland SD 1J,854,Grout,black,39,10.2
2019,2180,Portland SD 1J,854,Grout,multi,28,7.3
2019,2180,Portland SD 1J,842,Harrison Park,all,658,100
2019,2180,Portland SD 1J,842,Harrison Park,combined_underserved,524,79.6
2019,2180,Portland SD 1J,842,Harrison Park,direct_cert,309,47
2019,2180,Portland SD 1J,842,Harrison Park,lep,178,27.1
2019,2180,Portland SD 1J,842,Harrison Park,swd,97,14.7
2019,2180,Portland SD 1J,842,Harrison Park,historically_underserved,314,47.7
2019,2180,Portland SD 1J,842,Harrison Park,hispanic,114,17.3
2019,2180,Portland SD 1J,842,Harrison Park,black,136,20.7
2019,2180,Portland SD 1J,842,Harrison Park,multi,53,8.1
2019,2180,Portland SD 1J,855,Hayhurst,all,629,100
2019,2180,Portland SD 1J,855,Hayhurst,combined_underserved,203,32.3
2019,2180,Portland SD 1J,855,Hayhurst,direct_cert,76,12.1
2019,2180,Portland SD 1J,855,Hayhurst,lep,19,3
2019,2180,Portland SD 1J,855,Hayhurst,swd,97,15.4
2019,2180,Portland SD 1J,855,Hayhurst,historically_underserved,100,15.9
2019,2180,Portland SD 1J,855,Hayhurst,hispanic,41,6.5
2019,2180,Portland SD 1J,855,Hayhurst,black,24,3.8
2019,2180,Portland SD 1J,855,Hayhurst,multi,34,5.4
2019,2180,Portland SD 1J,861,Irvington,all,339,100
2019,2180,Portland SD 1J,861,Irvington,combined_underserved,164,48.4
2019,2180,Portland SD 1J,861,Irvington,direct_cert,62,18.3
2019,2180,Portland SD 1J,861,Irvington,lep,10,2.9
2019,2180,Portland SD 1J,861,Irvington,swd,49,14.5
2019,2180,Portland SD 1J,861,Irvington,historically_underserved,131,38.6
2019,2180,Portland SD 1J,861,Irvington,hispanic,39,11.5
2019,2180,Portland SD 1J,861,Irvington,black,65,19.2
2019,2180,Portland SD 1J,861,Irvington,multi,26,7.7
2019,2180,Portland SD 1J,862,James John,all,347,100
2019,2180,Portland SD 1J,862,James John,combined_underserved,242,69.7
2019,2180,Portland SD 1J,862,James John,direct_cert,138,39.8
2019,2180,Portland SD 1J,862,James John,lep,68,19.6
2019,2180,Portland SD 1J,862,James John,swd,66,19
2019,2180,Portland SD 1J,862,James John,historically_underserved,180,51.9
2019,2180,Portland SD 1J,862,James John,hispanic,119,34.3
2019,2180,Portland SD 1J,862,James John,black,25,7.2
2019,2180,Portland SD 1J,862,James John,multi,25,7.2
2019,2180,Portland SD 1J,864,Kelly,all,498,100
2019,2180,Portland SD 1J,864,Kelly,combined_underserved,391,78.5
2019,2180,Portland SD 1J,864,Kelly,direct_cert,209,42
2019,2180,Portland SD 1J,864,Kelly,lep,190,38.2
2019,2180,Portland SD 1J,864,Kelly,swd,83,16.7
2019,2180,Portland SD 1J,864,Kelly,historically_underserved,161,32.3
2019,2180,Portland SD 1J,864,Kelly,hispanic,77,15.5
2019,2180,Portland SD 1J,864,Kelly,black,42,8.4
2019,2180,Portland SD 1J,864,Kelly,multi,32,6.4
2019,2180,Portland SD 1J,868,Laurelhurst,all,692,100
2019,2180,Portland SD 1J,868,Laurelhurst,combined_underserved,164,23.7
2019,2180,Portland SD 1J,868,Laurelhurst,direct_cert,42,6.1
2019,2180,Portland SD 1J,868,Laurelhurst,lep,3,0.4
2019,2180,Portland SD 1J,868,Laurelhurst,swd,71,10.3
2019,2180,Portland SD 1J,868,Laurelhurst,historically_underserved,94,13.6
2019,2180,Portland SD 1J,868,Laurelhurst,hispanic,47,6.8
2019,2180,Portland SD 1J,868,Laurelhurst,black,12,1.7
2019,2180,Portland SD 1J,868,Laurelhurst,multi,33,4.8
2019,2180,Portland SD 1J,869,Lee,all,276,100
2019,2180,Portland SD 1J,869,Lee,combined_underserved,201,72.8
2019,2180,Portland SD 1J,869,Lee,direct_cert,107,38.8
2019,2180,Portland SD 1J,869,Lee,lep,47,17
2019,2180,Portland SD 1J,869,Lee,swd,53,19.2
2019,2180,Portland SD 1J,869,Lee,historically_underserved,118,42.8
2019,2180,Portland SD 1J,869,Lee,hispanic,44,15.9
2019,2180,Portland SD 1J,869,Lee,black,37,13.4
2019,2180,Portland SD 1J,869,Lee,multi,30,10.9
2019,2180,Portland SD 1J,870,Lent,all,507,100
2019,2180,Portland SD 1J,870,Lent,combined_underserved,421,83
2019,2180,Portland SD 1J,870,Lent,direct_cert,239,47.1
2019,2180,Portland SD 1J,870,Lent,lep,122,24.1
2019,2180,Portland SD 1J,870,Lent,swd,79,15.6
2019,2180,Portland SD 1J,870,Lent,historically_underserved,322,63.5
2019,2180,Portland SD 1J,870,Lent,hispanic,248,48.9
2019,2180,Portland SD 1J,870,Lent,black,44,8.7
2019,2180,Portland SD 1J,870,Lent,multi,22,4.3
2019,2180,Portland SD 1J,871,Lewis,all,390,100
2019,2180,Portland SD 1J,871,Lewis,combined_underserved,140,35.9
2019,2180,Portland SD 1J,871,Lewis,direct_cert,54,13.8
2019,2180,Portland SD 1J,871,Lewis,lep,4,1
2019,2180,Portland SD 1J,871,Lewis,swd,63,16.2
2019,2180,Portland SD 1J,871,Lewis,historically_underserved,53,13.6
2019,2180,Portland SD 1J,871,Lewis,hispanic,29,7.4
2019,2180,Portland SD 1J,871,Lewis,black,1,0.3
2019,2180,Portland SD 1J,871,Lewis,multi,22,5.6
2019,2180,Portland SD 1J,872,Llewellyn,all,484,100
2019,2180,Portland SD 1J,872,Llewellyn,combined_underserved,142,29.3
2019,2180,Portland SD 1J,872,Llewellyn,direct_cert,35,7.2
2019,2180,Portland SD 1J,872,Llewellyn,lep,5,1
2019,2180,Portland SD 1J,872,Llewellyn,swd,71,14.7
2019,2180,Portland SD 1J,872,Llewellyn,historically_underserved,70,14.5
2019,2180,Portland SD 1J,872,Llewellyn,hispanic,36,7.4
2019,2180,Portland SD 1J,872,Llewellyn,black,3,0.6
2019,2180,Portland SD 1J,872,Llewellyn,multi,19,3.9
2019,2180,Portland SD 1J,873,Maplewood,all,383,100
2019,2180,Portland SD 1J,873,Maplewood,combined_underserved,109,28.5
2019,2180,Portland SD 1J,873,Maplewood,direct_cert,39,10.2
2019,2180,Portland SD 1J,873,Maplewood,lep,9,2.3
2019,2180,Portland SD 1J,873,Maplewood,swd,39,10.2
2019,2180,Portland SD 1J,873,Maplewood,historically_underserved,53,13.8
2019,2180,Portland SD 1J,873,Maplewood,hispanic,25,6.5
2019,2180,Portland SD 1J,873,Maplewood,black,7,1.8
2019,2180,Portland SD 1J,873,Maplewood,multi,17,4.4
2019,2180,Portland SD 1J,1278,Markham,all,445,100
2019,2180,Portland SD 1J,1278,Markham,combined_underserved,249,56
2019,2180,Portland SD 1J,1278,Markham,direct_cert,143,32.1
2019,2180,Portland SD 1J,1278,Markham,lep,64,14.4
2019,2180,Portland SD 1J,1278,Markham,swd,56,12.6
2019,2180,Portland SD 1J,1278,Markham,historically_underserved,175,39.3
2019,2180,Portland SD 1J,1278,Markham,hispanic,56,12.6
2019,2180,Portland SD 1J,1278,Markham,black,77,17.3
2019,2180,Portland SD 1J,1278,Markham,multi,34,7.6
2019,2180,Portland SD 1J,875,Marysville,all,392,100
2019,2180,Portland SD 1J,875,Marysville,combined_underserved,287,73.2
2019,2180,Portland SD 1J,875,Marysville,direct_cert,172,43.9
2019,2180,Portland SD 1J,875,Marysville,lep,50,12.8
2019,2180,Portland SD 1J,875,Marysville,swd,84,21.4
2019,2180,Portland SD 1J,875,Marysville,historically_underserved,189,48.2
2019,2180,Portland SD 1J,875,Marysville,hispanic,85,21.7
2019,2180,Portland SD 1J,875,Marysville,black,47,12
2019,2180,Portland SD 1J,875,Marysville,multi,32,8.2
2019,2180,Portland SD 1J,866,MLK Jr,all,321,100
2019,2180,Portland SD 1J,866,MLK Jr,combined_underserved,250,77.9
2019,2180,Portland SD 1J,866,MLK Jr,direct_cert,148,46.1
2019,2180,Portland SD 1J,866,MLK Jr,lep,51,15.9
2019,2180,Portland SD 1J,866,MLK Jr,swd,38,11.8
2019,2180,Portland SD 1J,866,MLK Jr,historically_underserved,221,68.8
2019,2180,Portland SD 1J,866,MLK Jr,hispanic,74,23.1
2019,2180,Portland SD 1J,866,MLK Jr,black,119,37.1
2019,2180,Portland SD 1J,866,MLK Jr,multi,19,5.9
2019,2180,Portland SD 1J,879,Peninsula,all,267,100
2019,2180,Portland SD 1J,879,Peninsula,combined_underserved,163,61
2019,2180,Portland SD 1J,879,Peninsula,direct_cert,75,28.1
2019,2180,Portland SD 1J,879,Peninsula,lep,23,8.6
2019,2180,Portland SD 1J,879,Peninsula,swd,65,24.3
2019,2180,Portland SD 1J,879,Peninsula,historically_underserved,113,42.3
2019,2180,Portland SD 1J,879,Peninsula,hispanic,49,18.4
2019,2180,Portland SD 1J,879,Peninsula,black,34,12.7
2019,2180,Portland SD 1J,879,Peninsula,multi,24,9
2019,2180,Portland SD 1J,883,Richmond,all,632,100
2019,2180,Portland SD 1J,883,Richmond,combined_underserved,142,22.5
2019,2180,Portland SD 1J,883,Richmond,direct_cert,28,4.4
2019,2180,Portland SD 1J,883,Richmond,lep,33,5.2
2019,2180,Portland SD 1J,883,Richmond,swd,52,8.2
2019,2180,Portland SD 1J,883,Richmond,historically_underserved,51,8.1
2019,2180,Portland SD 1J,883,Richmond,hispanic,21,3.3
2019,2180,Portland SD 1J,883,Richmond,black,7,1.1
2019,2180,Portland SD 1J,883,Richmond,multi,22,3.5
2019,2180,Portland SD 1J,1299,Rieke,all,379,100
2019,2180,Portland SD 1J,1299,Rieke,combined_underserved,113,29.8
2019,2180,Portland SD 1J,1299,Rieke,direct_cert,22,5.8
2019,2180,Portland SD 1J,1299,Rieke,lep,4,1.1
2019,2180,Portland SD 1J,1299,Rieke,swd,62,16.4
2019,2180,Portland SD 1J,1299,Rieke,historically_underserved,55,14.5
2019,2180,Portland SD 1J,1299,Rieke,hispanic,23,6.1
2019,2180,Portland SD 1J,1299,Rieke,black,11,2.9
2019,2180,Portland SD 1J,1299,Rieke,multi,20,5.3
2019,2180,Portland SD 1J,884,Rigler,all,308,100
2019,2180,Portland SD 1J,884,Rigler,combined_underserved,268,87
2019,2180,Portland SD 1J,884,Rigler,direct_cert,146,47.4
2019,2180,Portland SD 1J,884,Rigler,lep,122,39.6
2019,2180,Portland SD 1J,884,Rigler,swd,55,17.9
2019,2180,Portland SD 1J,884,Rigler,historically_underserved,248,80.5
2019,2180,Portland SD 1J,884,Rigler,hispanic,206,66.9
2019,2180,Portland SD 1J,884,Rigler,black,20,6.5
2019,2180,Portland SD 1J,884,Rigler,multi,18,5.8
2019,2180,Portland SD 1J,829,Rosa Parks,all,276,100
2019,2180,Portland SD 1J,829,Rosa Parks,combined_underserved,263,95.3
2019,2180,Portland SD 1J,829,Rosa Parks,direct_cert,206,74.6
2019,2180,Portland SD 1J,829,Rosa Parks,lep,70,25.4
2019,2180,Portland SD 1J,829,Rosa Parks,swd,39,14.1
2019,2180,Portland SD 1J,829,Rosa Parks,historically_underserved,229,83
2019,2180,Portland SD 1J,829,Rosa Parks,hispanic,71,25.7
2019,2180,Portland SD 1J,829,Rosa Parks,black,120,43.5
2019,2180,Portland SD 1J,829,Rosa Parks,multi,31,11.2
2019,2180,Portland SD 1J,5427,Rose City Park,all,532,100
2019,2180,Portland SD 1J,5427,Rose City Park,combined_underserved,244,45.9
2019,2180,Portland SD 1J,5427,Rose City Park,direct_cert,97,18.2
2019,2180,Portland SD 1J,5427,Rose City Park,lep,75,14.1
2019,2180,Portland SD 1J,5427,Rose City Park,swd,74,13.9
2019,2180,Portland SD 1J,5427,Rose City Park,historically_underserved,83,15.6
2019,2180,Portland SD 1J,5427,Rose City Park,hispanic,35,6.6
2019,2180,Portland SD 1J,5427,Rose City Park,black,17,3.2
2019,2180,Portland SD 1J,5427,Rose City Park,multi,30,5.6
2019,2180,Portland SD 1J,886,Sabin,all,452,100
2019,2180,Portland SD 1J,886,Sabin,combined_underserved,193,42.7
2019,2180,Portland SD 1J,886,Sabin,direct_cert,77,17
2019,2180,Portland SD 1J,886,Sabin,lep,7,1.5
2019,2180,Portland SD 1J,886,Sabin,swd,54,11.9
2019,2180,Portland SD 1J,886,Sabin,historically_underserved,143,31.6
2019,2180,Portland SD 1J,886,Sabin,hispanic,39,8.6
2019,2180,Portland SD 1J,886,Sabin,black,71,15.7
2019,2180,Portland SD 1J,886,Sabin,multi,29,6.4
2019,2180,Portland SD 1J,887,Scott,all,459,100
2019,2180,Portland SD 1J,887,Scott,combined_underserved,353,76.9
2019,2180,Portland SD 1J,887,Scott,direct_cert,219,47.7
2019,2180,Portland SD 1J,887,Scott,lep,142,30.9
2019,2180,Portland SD 1J,887,Scott,swd,86,18.7
2019,2180,Portland SD 1J,887,Scott,historically_underserved,304,66.2
2019,2180,Portland SD 1J,887,Scott,hispanic,190,41.4
2019,2180,Portland SD 1J,887,Scott,black,72,15.7
2019,2180,Portland SD 1J,887,Scott,multi,27,5.9
2019,2180,Portland SD 1J,889,Sitton,all,367,100
2019,2180,Portland SD 1J,889,Sitton,combined_underserved,313,85.3
2019,2180,Portland SD 1J,889,Sitton,direct_cert,196,53.4
2019,2180,Portland SD 1J,889,Sitton,lep,86,23.4
2019,2180,Portland SD 1J,889,Sitton,swd,71,19.3
2019,2180,Portland SD 1J,889,Sitton,historically_underserved,259,70.6
2019,2180,Portland SD 1J,889,Sitton,hispanic,154,42
2019,2180,Portland SD 1J,889,Sitton,black,45,12.3
2019,2180,Portland SD 1J,889,Sitton,multi,44,12
2019,2180,Portland SD 1J,890,Skyline,all,274,100
2019,2180,Portland SD 1J,890,Skyline,combined_underserved,85,31
2019,2180,Portland SD 1J,890,Skyline,direct_cert,16,5.8
2019,2180,Portland SD 1J,890,Skyline,lep,NA,NA
2019,2180,Portland SD 1J,890,Skyline,swd,36,13.1
2019,2180,Portland SD 1J,890,Skyline,historically_underserved,47,17.2
2019,2180,Portland SD 1J,890,Skyline,hispanic,30,10.9
2019,2180,Portland SD 1J,890,Skyline,black,6,2.2
2019,2180,Portland SD 1J,890,Skyline,multi,9,3.3
2019,2180,Portland SD 1J,892,Stephenson,all,347,100
2019,2180,Portland SD 1J,892,Stephenson,combined_underserved,105,30.3
2019,2180,Portland SD 1J,892,Stephenson,direct_cert,17,4.9
2019,2180,Portland SD 1J,892,Stephenson,lep,6,1.7
2019,2180,Portland SD 1J,892,Stephenson,swd,52,15
2019,2180,Portland SD 1J,892,Stephenson,historically_underserved,55,15.9
2019,2180,Portland SD 1J,892,Stephenson,hispanic,29,8.4
2019,2180,Portland SD 1J,892,Stephenson,black,9,2.6
2019,2180,Portland SD 1J,892,Stephenson,multi,17,4.9
2019,2180,Portland SD 1J,893,Sunnyside Environmental,all,581,100
2019,2180,Portland SD 1J,893,Sunnyside Environmental,combined_underserved,239,41.1
2019,2180,Portland SD 1J,893,Sunnyside Environmental,direct_cert,82,14.1
2019,2180,Portland SD 1J,893,Sunnyside Environmental,lep,7,1.2
2019,2180,Portland SD 1J,893,Sunnyside Environmental,swd,106,18.2
2019,2180,Portland SD 1J,893,Sunnyside Environmental,historically_underserved,106,18.2
2019,2180,Portland SD 1J,893,Sunnyside Environmental,hispanic,51,8.8
2019,2180,Portland SD 1J,893,Sunnyside Environmental,black,10,1.7
2019,2180,Portland SD 1J,893,Sunnyside Environmental,multi,40,6.9
2019,2180,Portland SD 1J,895,Vernon,all,545,100
2019,2180,Portland SD 1J,895,Vernon,combined_underserved,272,49.9
2019,2180,Portland SD 1J,895,Vernon,direct_cert,125,22.9
2019,2180,Portland SD 1J,895,Vernon,lep,24,4.4
2019,2180,Portland SD 1J,895,Vernon,swd,70,12.8
2019,2180,Portland SD 1J,895,Vernon,historically_underserved,212,38.9
2019,2180,Portland SD 1J,895,Vernon,hispanic,68,12.5
2019,2180,Portland SD 1J,895,Vernon,black,104,19.1
2019,2180,Portland SD 1J,895,Vernon,multi,38,7
2019,2180,Portland SD 1J,896,Vestal,all,272,100
2019,2180,Portland SD 1J,896,Vestal,combined_underserved,185,68
2019,2180,Portland SD 1J,896,Vestal,direct_cert,102,37.5
2019,2180,Portland SD 1J,896,Vestal,lep,44,16.2
2019,2180,Portland SD 1J,896,Vestal,swd,63,23.2
2019,2180,Portland SD 1J,896,Vestal,historically_underserved,105,38.6
2019,2180,Portland SD 1J,896,Vestal,hispanic,39,14.3
2019,2180,Portland SD 1J,896,Vestal,black,33,12.1
2019,2180,Portland SD 1J,896,Vestal,multi,27,9.9
2019,2180,Portland SD 1J,900,Whitman,all,254,100
2019,2180,Portland SD 1J,900,Whitman,combined_underserved,187,73.6
2019,2180,Portland SD 1J,900,Whitman,direct_cert,125,49.2
2019,2180,Portland SD 1J,900,Whitman,lep,49,19.3
2019,2180,Portland SD 1J,900,Whitman,swd,45,17.7
2019,2180,Portland SD 1J,900,Whitman,historically_underserved,118,46.5
2019,2180,Portland SD 1J,900,Whitman,hispanic,68,26.8
2019,2180,Portland SD 1J,900,Whitman,black,26,10.2
2019,2180,Portland SD 1J,900,Whitman,multi,16,6.3
2019,2180,Portland SD 1J,1364,Winterhaven,all,321,100
2019,2180,Portland SD 1J,1364,Winterhaven,combined_underserved,77,24
2019,2180,Portland SD 1J,1364,Winterhaven,direct_cert,17,5.3
2019,2180,Portland SD 1J,1364,Winterhaven,lep,2,0.6
2019,2180,Portland SD 1J,1364,Winterhaven,swd,37,11.5
2019,2180,Portland SD 1J,1364,Winterhaven,historically_underserved,33,10.3
2019,2180,Portland SD 1J,1364,Winterhaven,hispanic,20,6.2
2019,2180,Portland SD 1J,1364,Winterhaven,black,9,2.8
2019,2180,Portland SD 1J,1364,Winterhaven,multi,3,0.9
2019,2180,Portland SD 1J,902,Woodlawn,all,354,100
2019,2180,Portland SD 1J,902,Woodlawn,combined_underserved,265,74.9
2019,2180,Portland SD 1J,902,Woodlawn,direct_cert,140,39.5
2019,2180,Portland SD 1J,902,Woodlawn,lep,35,9.9
2019,2180,Portland SD 1J,902,Woodlawn,swd,67,18.9
2019,2180,Portland SD 1J,902,Woodlawn,historically_underserved,228,64.4
2019,2180,Portland SD 1J,902,Woodlawn,hispanic,72,20.3
2019,2180,Portland SD 1J,902,Woodlawn,black,119,33.6
2019,2180,Portland SD 1J,902,Woodlawn,multi,30,8.5
2019,2180,Portland SD 1J,903,Woodmere,all,310,100
2019,2180,Portland SD 1J,903,Woodmere,combined_underserved,232,74.8
2019,2180,Portland SD 1J,903,Woodmere,direct_cert,136,43.9
2019,2180,Portland SD 1J,903,Woodmere,lep,61,19.7
2019,2180,Portland SD 1J,903,Woodmere,swd,75,24.2
2019,2180,Portland SD 1J,903,Woodmere,historically_underserved,131,42.3
2019,2180,Portland SD 1J,903,Woodmere,hispanic,68,21.9
2019,2180,Portland SD 1J,903,Woodmere,black,23,7.4
2019,2180,Portland SD 1J,903,Woodmere,multi,29,9.4
2019,2180,Portland SD 1J,904,Woodstock,all,548,100
2019,2180,Portland SD 1J,904,Woodstock,combined_underserved,204,37.2
2019,2180,Portland SD 1J,904,Woodstock,direct_cert,96,17.5
2019,2180,Portland SD 1J,904,Woodstock,lep,72,13.1
2019,2180,Portland SD 1J,904,Woodstock,swd,51,9.3
2019,2180,Portland SD 1J,904,Woodstock,historically_underserved,58,10.6
2019,2180,Portland SD 1J,904,Woodstock,hispanic,39,7.1
2019,2180,Portland SD 1J,904,Woodstock,black,4,0.7
2019,2180,Portland SD 1J,904,Woodstock,multi,13,2.4
2019,2180,Portland SD 1J,831,Beaumont,all,571,100
2019,2180,Portland SD 1J,831,Beaumont,combined_underserved,274,48
2019,2180,Portland SD 1J,831,Beaumont,direct_cert,126,22.1
2019,2180,Portland SD 1J,831,Beaumont,lep,69,12.1
2019,2180,Portland SD 1J,831,Beaumont,swd,72,12.6
2019,2180,Portland SD 1J,831,Beaumont,historically_underserved,227,39.8
2019,2180,Portland SD 1J,831,Beaumont,hispanic,126,22.1
2019,2180,Portland SD 1J,831,Beaumont,black,62,10.9
2019,2180,Portland SD 1J,831,Beaumont,multi,34,6
2019,2180,Portland SD 1J,1363,da Vinci,all,456,100
2019,2180,Portland SD 1J,1363,da Vinci,combined_underserved,190,41.7
2019,2180,Portland SD 1J,1363,da Vinci,direct_cert,60,13.2
2019,2180,Portland SD 1J,1363,da Vinci,lep,4,0.9
2019,2180,Portland SD 1J,1363,da Vinci,swd,70,15.4
2019,2180,Portland SD 1J,1363,da Vinci,historically_underserved,103,22.6
2019,2180,Portland SD 1J,1363,da Vinci,hispanic,41,9
2019,2180,Portland SD 1J,1363,da Vinci,black,24,5.3
2019,2180,Portland SD 1J,1363,da Vinci,multi,37,8.1
2019,2180,Portland SD 1J,849,George,all,421,100
2019,2180,Portland SD 1J,849,George,combined_underserved,372,88.4
2019,2180,Portland SD 1J,849,George,direct_cert,228,54.2
2019,2180,Portland SD 1J,849,George,lep,81,19.2
2019,2180,Portland SD 1J,849,George,swd,95,22.6
2019,2180,Portland SD 1J,849,George,historically_underserved,329,78.1
2019,2180,Portland SD 1J,849,George,hispanic,185,43.9
2019,2180,Portland SD 1J,849,George,black,94,22.3
2019,2180,Portland SD 1J,849,George,multi,39,9.3
2019,2180,Portland SD 1J,852,Gray,all,542,100
2019,2180,Portland SD 1J,852,Gray,combined_underserved,189,34.9
2019,2180,Portland SD 1J,852,Gray,direct_cert,59,10.9
2019,2180,Portland SD 1J,852,Gray,lep,12,2.2
2019,2180,Portland SD 1J,852,Gray,swd,75,13.8
2019,2180,Portland SD 1J,852,Gray,historically_underserved,108,19.9
2019,2180,Portland SD 1J,852,Gray,hispanic,51,9.4
2019,2180,Portland SD 1J,852,Gray,black,11,2
2019,2180,Portland SD 1J,852,Gray,multi,40,7.4
2019,2180,Portland SD 1J,894,Harriet Tubman,all,491,100
2019,2180,Portland SD 1J,894,Harriet Tubman,combined_underserved,361,73.5
2019,2180,Portland SD 1J,894,Harriet Tubman,direct_cert,177,36
2019,2180,Portland SD 1J,894,Harriet Tubman,lep,32,6.5
2019,2180,Portland SD 1J,894,Harriet Tubman,swd,87,17.7
2019,2180,Portland SD 1J,894,Harriet Tubman,historically_underserved,326,66.4
2019,2180,Portland SD 1J,894,Harriet Tubman,hispanic,73,14.9
2019,2180,Portland SD 1J,894,Harriet Tubman,black,199,40.5
2019,2180,Portland SD 1J,894,Harriet Tubman,multi,44,9
2019,2180,Portland SD 1J,858,Hosford,all,588,100
2019,2180,Portland SD 1J,858,Hosford,combined_underserved,223,37.9
2019,2180,Portland SD 1J,858,Hosford,direct_cert,99,16.8
2019,2180,Portland SD 1J,858,Hosford,lep,16,2.7
2019,2180,Portland SD 1J,858,Hosford,swd,86,14.6
2019,2180,Portland SD 1J,858,Hosford,historically_underserved,118,20.1
2019,2180,Portland SD 1J,858,Hosford,hispanic,57,9.7
2019,2180,Portland SD 1J,858,Hosford,black,17,2.9
2019,2180,Portland SD 1J,858,Hosford,multi,39,6.6
2019,2180,Portland SD 1J,1277,Jackson,all,746,100
2019,2180,Portland SD 1J,1277,Jackson,combined_underserved,274,36.7
2019,2180,Portland SD 1J,1277,Jackson,direct_cert,95,12.7
2019,2180,Portland SD 1J,1277,Jackson,lep,22,2.9
2019,2180,Portland SD 1J,1277,Jackson,swd,118,15.8
2019,2180,Portland SD 1J,1277,Jackson,historically_underserved,153,20.5
2019,2180,Portland SD 1J,1277,Jackson,hispanic,65,8.7
2019,2180,Portland SD 1J,1277,Jackson,black,45,6
2019,2180,Portland SD 1J,1277,Jackson,multi,35,4.7
2019,2180,Portland SD 1J,1243,Lane,all,433,100
2019,2180,Portland SD 1J,1243,Lane,combined_underserved,308,71.1
2019,2180,Portland SD 1J,1243,Lane,direct_cert,193,44.6
2019,2180,Portland SD 1J,1243,Lane,lep,61,14.1
2019,2180,Portland SD 1J,1243,Lane,swd,74,17.1
2019,2180,Portland SD 1J,1243,Lane,historically_underserved,193,44.6
2019,2180,Portland SD 1J,1243,Lane,hispanic,112,25.9
2019,2180,Portland SD 1J,1243,Lane,black,39,9
2019,2180,Portland SD 1J,1243,Lane,multi,28,6.5
2019,2180,Portland SD 1J,877,Mt Tabor,all,741,100
2019,2180,Portland SD 1J,877,Mt Tabor,combined_underserved,245,33.1
2019,2180,Portland SD 1J,877,Mt Tabor,direct_cert,69,9.3
2019,2180,Portland SD 1J,877,Mt Tabor,lep,20,2.7
2019,2180,Portland SD 1J,877,Mt Tabor,swd,102,13.8
2019,2180,Portland SD 1J,877,Mt Tabor,historically_underserved,137,18.5
2019,2180,Portland SD 1J,877,Mt Tabor,hispanic,80,10.8
2019,2180,Portland SD 1J,877,Mt Tabor,black,18,2.4
2019,2180,Portland SD 1J,877,Mt Tabor,multi,35,4.7
2019,2180,Portland SD 1J,878,Ockley Green,all,505,100
2019,2180,Portland SD 1J,878,Ockley Green,combined_underserved,351,69.5
2019,2180,Portland SD 1J,878,Ockley Green,direct_cert,176,34.9
2019,2180,Portland SD 1J,878,Ockley Green,lep,41,8.1
2019,2180,Portland SD 1J,878,Ockley Green,swd,86,17
2019,2180,Portland SD 1J,878,Ockley Green,historically_underserved,295,58.4
2019,2180,Portland SD 1J,878,Ockley Green,hispanic,123,24.4
2019,2180,Portland SD 1J,878,Ockley Green,black,119,23.6
2019,2180,Portland SD 1J,878,Ockley Green,multi,37,7.3
2019,2180,Portland SD 1J,885,Roseway Heights,all,588,100
2019,2180,Portland SD 1J,885,Roseway Heights,combined_underserved,394,67
2019,2180,Portland SD 1J,885,Roseway Heights,direct_cert,215,36.6
2019,2180,Portland SD 1J,885,Roseway Heights,lep,71,12.1
2019,2180,Portland SD 1J,885,Roseway Heights,swd,92,15.6
2019,2180,Portland SD 1J,885,Roseway Heights,historically_underserved,290,49.3
2019,2180,Portland SD 1J,885,Roseway Heights,hispanic,138,23.5
2019,2180,Portland SD 1J,885,Roseway Heights,black,74,12.6
2019,2180,Portland SD 1J,885,Roseway Heights,multi,61,10.4
2019,2180,Portland SD 1J,888,Sellwood,all,612,100
2019,2180,Portland SD 1J,888,Sellwood,combined_underserved,195,31.9
2019,2180,Portland SD 1J,888,Sellwood,direct_cert,55,9
2019,2180,Portland SD 1J,888,Sellwood,lep,3,0.5
2019,2180,Portland SD 1J,888,Sellwood,swd,93,15.2
2019,2180,Portland SD 1J,888,Sellwood,historically_underserved,90,14.7
2019,2180,Portland SD 1J,888,Sellwood,hispanic,45,7.4
2019,2180,Portland SD 1J,888,Sellwood,black,6,1
2019,2180,Portland SD 1J,888,Sellwood,multi,37,6
2019,2180,Portland SD 1J,898,West Sylvan,all,822,100
2019,2180,Portland SD 1J,898,West Sylvan,combined_underserved,196,23.8
2019,2180,Portland SD 1J,898,West Sylvan,direct_cert,41,5
2019,2180,Portland SD 1J,898,West Sylvan,lep,13,1.6
2019,2180,Portland SD 1J,898,West Sylvan,swd,51,6.2
2019,2180,Portland SD 1J,898,West Sylvan,historically_underserved,127,15.5
2019,2180,Portland SD 1J,898,West Sylvan,hispanic,88,10.7
2019,2180,Portland SD 1J,898,West Sylvan,black,6,0.7
2019,2180,Portland SD 1J,898,West Sylvan,multi,31,3.8
2019,2180,Portland SD 1J,906,Benson,all,1035,100
2019,2180,Portland SD 1J,906,Benson,combined_underserved,637,61.5
2019,2180,Portland SD 1J,906,Benson,direct_cert,243,23.5
2019,2180,Portland SD 1J,906,Benson,lep,43,4.2
2019,2180,Portland SD 1J,906,Benson,swd,172,16.6
2019,2180,Portland SD 1J,906,Benson,historically_underserved,473,45.7
2019,2180,Portland SD 1J,906,Benson,hispanic,259,25
2019,2180,Portland SD 1J,906,Benson,black,134,12.9
2019,2180,Portland SD 1J,906,Benson,multi,69,6.7
2019,2180,Portland SD 1J,909,Cleveland,all,1651,100
2019,2180,Portland SD 1J,909,Cleveland,combined_underserved,485,29.4
2019,2180,Portland SD 1J,909,Cleveland,direct_cert,187,11.3
2019,2180,Portland SD 1J,909,Cleveland,lep,21,1.3
2019,2180,Portland SD 1J,909,Cleveland,swd,185,11.2
2019,2180,Portland SD 1J,909,Cleveland,historically_underserved,272,16.5
2019,2180,Portland SD 1J,909,Cleveland,hispanic,139,8.4
2019,2180,Portland SD 1J,909,Cleveland,black,43,2.6
2019,2180,Portland SD 1J,909,Cleveland,multi,78,4.7
2019,2180,Portland SD 1J,911,Franklin,all,1856,100
2019,2180,Portland SD 1J,911,Franklin,combined_underserved,899,48.4
2019,2180,Portland SD 1J,911,Franklin,direct_cert,407,21.9
2019,2180,Portland SD 1J,911,Franklin,lep,78,4.2
2019,2180,Portland SD 1J,911,Franklin,swd,242,13
2019,2180,Portland SD 1J,911,Franklin,historically_underserved,592,31.9
2019,2180,Portland SD 1J,911,Franklin,hispanic,373,20.1
2019,2180,Portland SD 1J,911,Franklin,black,90,4.8
2019,2180,Portland SD 1J,911,Franklin,multi,101,5.4
2019,2180,Portland SD 1J,912,Grant,all,1638,100
2019,2180,Portland SD 1J,912,Grant,combined_underserved,413,25.2
2019,2180,Portland SD 1J,912,Grant,direct_cert,112,6.8
2019,2180,Portland SD 1J,912,Grant,lep,9,0.5
2019,2180,Portland SD 1J,912,Grant,swd,120,7.3
2019,2180,Portland SD 1J,912,Grant,historically_underserved,315,19.2
2019,2180,Portland SD 1J,912,Grant,hispanic,112,6.8
2019,2180,Portland SD 1J,912,Grant,black,103,6.3
2019,2180,Portland SD 1J,912,Grant,multi,82,5
2019,2180,Portland SD 1J,913,Jefferson,all,656,100
2019,2180,Portland SD 1J,913,Jefferson,combined_underserved,479,73
2019,2180,Portland SD 1J,913,Jefferson,direct_cert,220,33.5
2019,2180,Portland SD 1J,913,Jefferson,lep,27,4.1
2019,2180,Portland SD 1J,913,Jefferson,swd,90,13.7
2019,2180,Portland SD 1J,913,Jefferson,historically_underserved,432,65.9
2019,2180,Portland SD 1J,913,Jefferson,hispanic,123,18.8
2019,2180,Portland SD 1J,913,Jefferson,black,224,34.1
2019,2180,Portland SD 1J,913,Jefferson,multi,69,10.5
2019,2180,Portland SD 1J,914,Lincoln,all,1698,100
2019,2180,Portland SD 1J,914,Lincoln,combined_underserved,362,21.3
2019,2180,Portland SD 1J,914,Lincoln,direct_cert,85,5
2019,2180,Portland SD 1J,914,Lincoln,lep,33,1.9
2019,2180,Portland SD 1J,914,Lincoln,swd,81,4.8
2019,2180,Portland SD 1J,914,Lincoln,historically_underserved,255,15
2019,2180,Portland SD 1J,914,Lincoln,hispanic,163,9.6
2019,2180,Portland SD 1J,914,Lincoln,black,24,1.4
2019,2180,Portland SD 1J,914,Lincoln,multi,60,3.5
2019,2180,Portland SD 1J,915,Madison,all,1157,100
2019,2180,Portland SD 1J,915,Madison,combined_underserved,774,66.9
2019,2180,Portland SD 1J,915,Madison,direct_cert,422,36.5
2019,2180,Portland SD 1J,915,Madison,lep,142,12.3
2019,2180,Portland SD 1J,915,Madison,swd,176,15.2
2019,2180,Portland SD 1J,915,Madison,historically_underserved,562,48.6
2019,2180,Portland SD 1J,915,Madison,hispanic,276,23.9
2019,2180,Portland SD 1J,915,Madison,black,179,15.5
2019,2180,Portland SD 1J,915,Madison,multi,79,6.8
2019,2180,Portland SD 1J,918,Roosevelt,all,994,100
2019,2180,Portland SD 1J,918,Roosevelt,combined_underserved,784,78.9
2019,2180,Portland SD 1J,918,Roosevelt,direct_cert,386,38.8
2019,2180,Portland SD 1J,918,Roosevelt,lep,128,12.9
2019,2180,Portland SD 1J,918,Roosevelt,swd,199,20
2019,2180,Portland SD 1J,918,Roosevelt,historically_underserved,643,64.7
2019,2180,Portland SD 1J,918,Roosevelt,hispanic,351,35.3
2019,2180,Portland SD 1J,918,Roosevelt,black,182,18.3
2019,2180,Portland SD 1J,918,Roosevelt,multi,66,6.6
2019,2180,Portland SD 1J,922,Wilson,all,1535,100
2019,2180,Portland SD 1J,922,Wilson,combined_underserved,454,29.6
2019,2180,Portland SD 1J,922,Wilson,direct_cert,163,10.6
2019,2180,Portland SD 1J,922,Wilson,lep,27,1.8
2019,2180,Portland SD 1J,922,Wilson,swd,155,10.1
2019,2180,Portland SD 1J,922,Wilson,historically_underserved,286,18.6
2019,2180,Portland SD 1J,922,Wilson,hispanic,135,8.8
2019,2180,Portland SD 1J,922,Wilson,black,72,4.7
2019,2180,Portland SD 1J,922,Wilson,multi,69,4.5
2019,2180,Portland SD 1J,NA,ACCESS,all,297,100
2019,2180,Portland SD 1J,NA,ACCESS,combined_underserved,92,31
2019,2180,Portland SD 1J,NA,ACCESS,direct_cert,7,2.4
2019,2180,Portland SD 1J,NA,ACCESS,lep,NA,NA
2019,2180,Portland SD 1J,NA,ACCESS,swd,54,18.2
2019,2180,Portland SD 1J,NA,ACCESS,historically_underserved,41,13.8
2019,2180,Portland SD 1J,NA,ACCESS,hispanic,21,7.1
2019,2180,Portland SD 1J,NA,ACCESS,black,6,2
2019,2180,Portland SD 1J,NA,ACCESS,multi,14,4.7
2019,2180,Portland SD 1J,4507,Alliance,all,198,100
2019,2180,Portland SD 1J,4507,Alliance,combined_underserved,148,74.7
2019,2180,Portland SD 1J,4507,Alliance,direct_cert,63,31.8
2019,2180,Portland SD 1J,4507,Alliance,lep,6,3
2019,2180,Portland SD 1J,4507,Alliance,swd,54,27.3
2019,2180,Portland SD 1J,4507,Alliance,historically_underserved,115,58.1
2019,2180,Portland SD 1J,4507,Alliance,hispanic,52,26.3
2019,2180,Portland SD 1J,4507,Alliance,black,39,19.7
2019,2180,Portland SD 1J,4507,Alliance,multi,21,10.6
2019,2180,Portland SD 1J,NA,Head Start Early Childhood Ed,all,685,100
2019,2180,Portland SD 1J,NA,Head Start Early Childhood Ed,combined_underserved,569,83.1
2019,2180,Portland SD 1J,NA,Head Start Early Childhood Ed,direct_cert,398,58.1
2019,2180,Portland SD 1J,NA,Head Start Early Childhood Ed,lep,NA,NA
2019,2180,Portland SD 1J,NA,Head Start Early Childhood Ed,swd,NA,NA
2019,2180,Portland SD 1J,NA,Head Start Early Childhood Ed,historically_underserved,433,63.2
2019,2180,Portland SD 1J,NA,Head Start Early Childhood Ed,hispanic,263,38.4
2019,2180,Portland SD 1J,NA,Head Start Early Childhood Ed,black,86,12.6
2019,2180,Portland SD 1J,NA,Head Start Early Childhood Ed,multi,71,10.4
2019,2180,Portland SD 1J,916,Metro. Learning Center,all,404,100
2019,2180,Portland SD 1J,916,Metro. Learning Center,combined_underserved,172,42.6
2019,2180,Portland SD 1J,916,Metro. Learning Center,direct_cert,42,10.4
2019,2180,Portland SD 1J,916,Metro. Learning Center,lep,4,1
2019,2180,Portland SD 1J,916,Metro. Learning Center,swd,97,24
2019,2180,Portland SD 1J,916,Metro. Learning Center,historically_underserved,80,19.8
2019,2180,Portland SD 1J,916,Metro. Learning Center,hispanic,53,13.1
2019,2180,Portland SD 1J,916,Metro. Learning Center,black,3,0.7
2019,2180,Portland SD 1J,916,Metro. Learning Center,multi,19,4.7
2019,2180,Portland SD 1J,NA,Portland International Scholars Academy,all,28,100
2019,2180,Portland SD 1J,NA,Portland International Scholars Academy,combined_underserved,28,100
2019,2180,Portland SD 1J,NA,Portland International Scholars Academy,direct_cert,16,57.1
2019,2180,Portland SD 1J,NA,Portland International Scholars Academy,lep,26,92.9
2019,2180,Portland SD 1J,NA,Portland International Scholars Academy,swd,1,3.6
2019,2180,Portland SD 1J,NA,Portland International Scholars Academy,historically_underserved,16,57.1
2019,2180,Portland SD 1J,NA,Portland International Scholars Academy,hispanic,16,57.1
2019,2180,Portland SD 1J,NA,Portland International Scholars Academy,black,NA,NA
2019,2180,Portland SD 1J,NA,Portland International Scholars Academy,multi,NA,NA
2019,2180,Portland SD 1J,NA,Reconnection Center,all,19,100
2019,2180,Portland SD 1J,NA,Reconnection Center,combined_underserved,17,89.5
2019,2180,Portland SD 1J,NA,Reconnection Center,direct_cert,12,63.2
2019,2180,Portland SD 1J,NA,Reconnection Center,lep,NA,NA
2019,2180,Portland SD 1J,NA,Reconnection Center,swd,10,52.6
2019,2180,Portland SD 1J,NA,Reconnection Center,historically_underserved,9,47.4
2019,2180,Portland SD 1J,NA,Reconnection Center,hispanic,3,15.8
2019,2180,Portland SD 1J,NA,Reconnection Center,black,5,26.3
2019,2180,Portland SD 1J,NA,Reconnection Center,multi,1,5.3
2019,2180,Portland SD 1J,NA,Depaul Center,all,7,100
2019,2180,Portland SD 1J,NA,Depaul Center,combined_underserved,5,71.4
2019,2180,Portland SD 1J,NA,Depaul Center,direct_cert,3,42.9
2019,2180,Portland SD 1J,NA,Depaul Center,lep,NA,NA
2019,2180,Portland SD 1J,NA,Depaul Center,swd,NA,NA
2019,2180,Portland SD 1J,NA,Depaul Center,historically_underserved,4,57.1
2019,2180,Portland SD 1J,NA,Depaul Center,hispanic,3,42.9
2019,2180,Portland SD 1J,NA,Depaul Center,black,1,14.3
2019,2180,Portland SD 1J,NA,Depaul Center,multi,NA,NA
2019,2180,Portland SD 1J,1803,Mt Scott Learning Center,all,157,100
2019,2180,Portland SD 1J,1803,Mt Scott Learning Center,combined_underserved,116,73.9
2019,2180,Portland SD 1J,1803,Mt Scott Learning Center,direct_cert,62,39.5
2019,2180,Portland SD 1J,1803,Mt Scott Learning Center,lep,1,0.6
2019,2180,Portland SD 1J,1803,Mt Scott Learning Center,swd,72,45.9
2019,2180,Portland SD 1J,1803,Mt Scott Learning Center,historically_underserved,51,32.5
2019,2180,Portland SD 1J,1803,Mt Scott Learning Center,hispanic,30,19.1
2019,2180,Portland SD 1J,1803,Mt Scott Learning Center,black,8,5.1
2019,2180,Portland SD 1J,1803,Mt Scott Learning Center,multi,12,7.6
2019,2180,Portland SD 1J,4587,NAYA Early College Academy,all,41,100
2019,2180,Portland SD 1J,4587,NAYA Early College Academy,combined_underserved,40,97.6
2019,2180,Portland SD 1J,4587,NAYA Early College Academy,direct_cert,31,75.6
2019,2180,Portland SD 1J,4587,NAYA Early College Academy,lep,2,4.9
2019,2180,Portland SD 1J,4587,NAYA Early College Academy,swd,18,43.9
2019,2180,Portland SD 1J,4587,NAYA Early College Academy,historically_underserved,36,87.8
2019,2180,Portland SD 1J,4587,NAYA Early College Academy,hispanic,16,39
2019,2180,Portland SD 1J,4587,NAYA Early College Academy,black,5,12.2
2019,2180,Portland SD 1J,4587,NAYA Early College Academy,multi,10,24.4
2019,2180,Portland SD 1J,NA,PCC,all,373,100
2019,2180,Portland SD 1J,NA,PCC,combined_underserved,231,61.9
2019,2180,Portland SD 1J,NA,PCC,direct_cert,69,18.5
2019,2180,Portland SD 1J,NA,PCC,lep,70,18.8
2019,2180,Portland SD 1J,NA,PCC,swd,39,10.5
2019,2180,Portland SD 1J,NA,PCC,historically_underserved,158,42.4
2019,2180,Portland SD 1J,NA,PCC,hispanic,91,24.4
2019,2180,Portland SD 1J,NA,PCC,black,37,9.9
2019,2180,Portland SD 1J,NA,PCC,multi,26,7
2019,2180,Portland SD 1J,5877,Rosemary Anderson,all,272,100
2019,2180,Portland SD 1J,5877,Rosemary Anderson,combined_underserved,242,89
2019,2180,Portland SD 1J,5877,Rosemary Anderson,direct_cert,142,52.2
2019,2180,Portland SD 1J,5877,Rosemary Anderson,lep,10,3.7
2019,2180,Portland SD 1J,5877,Rosemary Anderson,swd,65,23.9
2019,2180,Portland SD 1J,5877,Rosemary Anderson,historically_underserved,208,76.5
2019,2180,Portland SD 1J,5877,Rosemary Anderson,hispanic,82,30.1
2019,2180,Portland SD 1J,5877,Rosemary Anderson,black,86,31.6
2019,2180,Portland SD 1J,5877,Rosemary Anderson,multi,37,13.6
2019,2180,Portland SD 1J,NA,SE Works,all,28,100
2019,2180,Portland SD 1J,NA,SE Works,combined_underserved,22,78.6
2019,2180,Portland SD 1J,NA,SE Works,direct_cert,9,32.1
2019,2180,Portland SD 1J,NA,SE Works,lep,NA,NA
2019,2180,Portland SD 1J,NA,SE Works,swd,3,10.7
2019,2180,Portland SD 1J,NA,SE Works,historically_underserved,16,57.1
2019,2180,Portland SD 1J,NA,SE Works,hispanic,4,14.3
2019,2180,Portland SD 1J,NA,SE Works,black,8,28.6
2019,2180,Portland SD 1J,NA,SE Works,multi,4,14.3
2019,2180,Portland SD 1J,NA,Youth Builders,all,15,100
2019,2180,Portland SD 1J,NA,Youth Builders,combined_underserved,8,53.3
2019,2180,Portland SD 1J,NA,Youth Builders,direct_cert,2,13.3
2019,2180,Portland SD 1J,NA,Youth Builders,lep,NA,NA
2019,2180,Portland SD 1J,NA,Youth Builders,swd,5,33.3
2019,2180,Portland SD 1J,NA,Youth Builders,historically_underserved,2,13.3
2019,2180,Portland SD 1J,NA,Youth Builders,hispanic,1,6.7
2019,2180,Portland SD 1J,NA,Youth Builders,black,1,6.7
2019,2180,Portland SD 1J,NA,Youth Builders,multi,NA,NA
2019,2180,Portland SD 1J,NA,Youth Progress Association,all,19,100
2019,2180,Portland SD 1J,NA,Youth Progress Association,combined_underserved,16,84.2
2019,2180,Portland SD 1J,NA,Youth Progress Association,direct_cert,13,68.4
2019,2180,Portland SD 1J,NA,Youth Progress Association,lep,1,5.3
2019,2180,Portland SD 1J,NA,Youth Progress Association,swd,5,26.3
2019,2180,Portland SD 1J,NA,Youth Progress Association,historically_underserved,7,36.8
2019,2180,Portland SD 1J,NA,Youth Progress Association,hispanic,2,10.5
2019,2180,Portland SD 1J,NA,Youth Progress Association,black,1,5.3
2019,2180,Portland SD 1J,NA,Youth Progress Association,multi,1,5.3
2019,2180,Portland SD 1J,NA,CTC Northeast,all,70,100
2019,2180,Portland SD 1J,NA,CTC Northeast,combined_underserved,67,95.7
2019,2180,Portland SD 1J,NA,CTC Northeast,direct_cert,11,15.7
2019,2180,Portland SD 1J,NA,CTC Northeast,lep,NA,NA
2019,2180,Portland SD 1J,NA,CTC Northeast,swd,64,91.4
2019,2180,Portland SD 1J,NA,CTC Northeast,historically_underserved,28,40
2019,2180,Portland SD 1J,NA,CTC Northeast,hispanic,11,15.7
2019,2180,Portland SD 1J,NA,CTC Northeast,black,10,14.3
2019,2180,Portland SD 1J,NA,CTC Northeast,multi,4,5.7
2019,2180,Portland SD 1J,NA,CTC Southeast,all,67,100
2019,2180,Portland SD 1J,NA,CTC Southeast,combined_underserved,66,98.5
2019,2180,Portland SD 1J,NA,CTC Southeast,direct_cert,9,13.4
2019,2180,Portland SD 1J,NA,CTC Southeast,lep,NA,NA
2019,2180,Portland SD 1J,NA,CTC Southeast,swd,65,97
2019,2180,Portland SD 1J,NA,CTC Southeast,historically_underserved,17,25.4
2019,2180,Portland SD 1J,NA,CTC Southeast,hispanic,10,14.9
2019,2180,Portland SD 1J,NA,CTC Southeast,black,7,10.4
2019,2180,Portland SD 1J,NA,CTC Southeast,multi,NA,NA
2019,2180,Portland SD 1J,NA,DART Programs,all,127,100
2019,2180,Portland SD 1J,NA,DART Programs,combined_underserved,103,81.1
2019,2180,Portland SD 1J,NA,DART Programs,direct_cert,71,55.9
2019,2180,Portland SD 1J,NA,DART Programs,lep,3,2.4
2019,2180,Portland SD 1J,NA,DART Programs,swd,53,41.7
2019,2180,Portland SD 1J,NA,DART Programs,historically_underserved,51,40.2
2019,2180,Portland SD 1J,NA,DART Programs,hispanic,30,23.6
2019,2180,Portland SD 1J,NA,DART Programs,black,8,6.3
2019,2180,Portland SD 1J,NA,DART Programs,multi,10,7.9
2019,2180,Portland SD 1J,NA,Home Instruction,all,1,100
2019,2180,Portland SD 1J,NA,Home Instruction,combined_underserved,1,100
2019,2180,Portland SD 1J,NA,Home Instruction,direct_cert,NA,NA
2019,2180,Portland SD 1J,NA,Home Instruction,lep,NA,NA
2019,2180,Portland SD 1J,NA,Home Instruction,swd,1,100
2019,2180,Portland SD 1J,NA,Home Instruction,historically_underserved,1,100
2019,2180,Portland SD 1J,NA,Home Instruction,hispanic,NA,NA
2019,2180,Portland SD 1J,NA,Home Instruction,black,NA,NA
2019,2180,Portland SD 1J,NA,Home Instruction,multi,1,100
2019,2180,Portland SD 1J,NA,Park Academy,all,1,100
2019,2180,Portland SD 1J,NA,Park Academy,combined_underserved,1,100
2019,2180,Portland SD 1J,NA,Park Academy,direct_cert,NA,NA
2019,2180,Portland SD 1J,NA,Park Academy,lep,NA,NA
2019,2180,Portland SD 1J,NA,Park Academy,swd,1,100
2019,2180,Portland SD 1J,NA,Park Academy,historically_underserved,1,100
2019,2180,Portland SD 1J,NA,Park Academy,hispanic,NA,NA
2019,2180,Portland SD 1J,NA,Park Academy,black,1,100
2019,2180,Portland SD 1J,NA,Park Academy,multi,NA,NA
2019,2180,Portland SD 1J,NA,PPS Pioneer Programs,all,158,100
2019,2180,Portland SD 1J,NA,PPS Pioneer Programs,combined_underserved,155,98.1
2019,2180,Portland SD 1J,NA,PPS Pioneer Programs,direct_cert,87,55.1
2019,2180,Portland SD 1J,NA,PPS Pioneer Programs,lep,3,1.9
2019,2180,Portland SD 1J,NA,PPS Pioneer Programs,swd,147,93
2019,2180,Portland SD 1J,NA,PPS Pioneer Programs,historically_underserved,80,50.6
2019,2180,Portland SD 1J,NA,PPS Pioneer Programs,hispanic,28,17.7
2019,2180,Portland SD 1J,NA,PPS Pioneer Programs,black,28,17.7
2019,2180,Portland SD 1J,NA,PPS Pioneer Programs,multi,24,15.2
2019,2180,Portland SD 1J,NA,Providence Hospital,all,5,100
2019,2180,Portland SD 1J,NA,Providence Hospital,combined_underserved,5,100
2019,2180,Portland SD 1J,NA,Providence Hospital,direct_cert,NA,NA
2019,2180,Portland SD 1J,NA,Providence Hospital,lep,NA,NA
2019,2180,Portland SD 1J,NA,Providence Hospital,swd,5,100
2019,2180,Portland SD 1J,NA,Providence Hospital,historically_underserved,1,20
2019,2180,Portland SD 1J,NA,Providence Hospital,hispanic,NA,NA
2019,2180,Portland SD 1J,NA,Providence Hospital,black,1,20
2019,2180,Portland SD 1J,NA,Providence Hospital,multi,NA,NA
2019,2180,Portland SD 1J,NA,Serendipity,all,5,100
2019,2180,Portland SD 1J,NA,Serendipity,combined_underserved,5,100
2019,2180,Portland SD 1J,NA,Serendipity,direct_cert,3,60
2019,2180,Portland SD 1J,NA,Serendipity,lep,NA,NA
2019,2180,Portland SD 1J,NA,Serendipity,swd,4,80
2019,2180,Portland SD 1J,NA,Serendipity,historically_underserved,2,40
2019,2180,Portland SD 1J,NA,Serendipity,hispanic,NA,NA
2019,2180,Portland SD 1J,NA,Serendipity,black,NA,NA
2019,2180,Portland SD 1J,NA,Serendipity,multi,1,20
2019,2180,Portland SD 1J,NA,Special Education Instruction,all,91,100
2019,2180,Portland SD 1J,NA,Special Education Instruction,combined_underserved,82,90.1
2019,2180,Portland SD 1J,NA,Special Education Instruction,direct_cert,9,9.9
2019,2180,Portland SD 1J,NA,Special Education Instruction,lep,NA,NA
2019,2180,Portland SD 1J,NA,Special Education Instruction,swd,79,86.8
2019,2180,Portland SD 1J,NA,Special Education Instruction,historically_underserved,24,26.4
2019,2180,Portland SD 1J,NA,Special Education Instruction,hispanic,12,13.2
2019,2180,Portland SD 1J,NA,Special Education Instruction,black,5,5.5
2019,2180,Portland SD 1J,NA,Special Education Instruction,multi,5,5.5
2019,2180,Portland SD 1J,NA,Teen Parent Services,all,3,100
2019,2180,Portland SD 1J,NA,Teen Parent Services,combined_underserved,3,100
2019,2180,Portland SD 1J,NA,Teen Parent Services,direct_cert,1,33.3
2019,2180,Portland SD 1J,NA,Teen Parent Services,lep,NA,NA
2019,2180,Portland SD 1J,NA,Teen Parent Services,swd,2,66.7
2019,2180,Portland SD 1J,NA,Teen Parent Services,historically_underserved,3,100
2019,2180,Portland SD 1J,NA,Teen Parent Services,hispanic,2,66.7
2019,2180,Portland SD 1J,NA,Teen Parent Services,black,1,33.3
2019,2180,Portland SD 1J,NA,Teen Parent Services,multi,NA,NA
2019,2180,Portland SD 1J,NA,Victory Academy - SPED,all,1,100
2019,2180,Portland SD 1J,NA,Victory Academy - SPED,combined_underserved,1,100
2019,2180,Portland SD 1J,NA,Victory Academy - SPED,direct_cert,NA,NA
2019,2180,Portland SD 1J,NA,Victory Academy - SPED,lep,NA,NA
2019,2180,Portland SD 1J,NA,Victory Academy - SPED,swd,1,100
2019,2180,Portland SD 1J,NA,Victory Academy - SPED,historically_underserved,NA,NA
2019,2180,Portland SD 1J,NA,Victory Academy - SPED,hispanic,NA,NA
2019,2180,Portland SD 1J,NA,Victory Academy - SPED,black,NA,NA
2019,2180,Portland SD 1J,NA,Victory Academy - SPED,multi,NA,NA
2019,2180,Portland SD 1J,NA,Arthur Academy,all,167,100
2019,2180,Portland SD 1J,NA,Arthur Academy,combined_underserved,77,46.1
2019,2180,Portland SD 1J,NA,Arthur Academy,direct_cert,44,26.3
2019,2180,Portland SD 1J,NA,Arthur Academy,lep,9,5.4
2019,2180,Portland SD 1J,NA,Arthur Academy,swd,16,9.6
2019,2180,Portland SD 1J,NA,Arthur Academy,historically_underserved,35,21
2019,2180,Portland SD 1J,NA,Arthur Academy,hispanic,8,4.8
2019,2180,Portland SD 1J,NA,Arthur Academy,black,7,4.2
2019,2180,Portland SD 1J,NA,Arthur Academy,multi,20,12
2019,2180,Portland SD 1J,3451,Cm2 Opal School,all,88,100
2019,2180,Portland SD 1J,3451,Cm2 Opal School,combined_underserved,25,28.4
2019,2180,Portland SD 1J,3451,Cm2 Opal School,direct_cert,2,2.3
2019,2180,Portland SD 1J,3451,Cm2 Opal School,lep,2,2.3
2019,2180,Portland SD 1J,3451,Cm2 Opal School,swd,12,13.6
2019,2180,Portland SD 1J,3451,Cm2 Opal School,historically_underserved,18,20.5
2019,2180,Portland SD 1J,3451,Cm2 Opal School,hispanic,11,12.5
2019,2180,Portland SD 1J,3451,Cm2 Opal School,black,NA,NA
2019,2180,Portland SD 1J,3451,Cm2 Opal School,multi,7,8
2019,2180,Portland SD 1J,3991,Emerson School,all,140,100
2019,2180,Portland SD 1J,3991,Emerson School,combined_underserved,54,38.6
2019,2180,Portland SD 1J,3991,Emerson School,direct_cert,3,2.1
2019,2180,Portland SD 1J,3991,Emerson School,lep,1,0.7
2019,2180,Portland SD 1J,3991,Emerson School,swd,19,13.6
2019,2180,Portland SD 1J,3991,Emerson School,historically_underserved,36,25.7
2019,2180,Portland SD 1J,3991,Emerson School,hispanic,11,7.9
2019,2180,Portland SD 1J,3991,Emerson School,black,3,2.1
2019,2180,Portland SD 1J,3991,Emerson School,multi,22,15.7
2019,2180,Portland SD 1J,5218,Kairos PDX,all,171,100
2019,2180,Portland SD 1J,5218,Kairos PDX,combined_underserved,141,82.5
2019,2180,Portland SD 1J,5218,Kairos PDX,direct_cert,57,33.3
2019,2180,Portland SD 1J,5218,Kairos PDX,lep,3,1.8
2019,2180,Portland SD 1J,5218,Kairos PDX,swd,22,12.9
2019,2180,Portland SD 1J,5218,Kairos PDX,historically_underserved,131,76.6
2019,2180,Portland SD 1J,5218,Kairos PDX,hispanic,15,8.8
2019,2180,Portland SD 1J,5218,Kairos PDX,black,87,50.9
2019,2180,Portland SD 1J,5218,Kairos PDX,multi,23,13.5
2019,2180,Portland SD 1J,5060,Le Monde,all,336,100
2019,2180,Portland SD 1J,5060,Le Monde,combined_underserved,75,22.3
2019,2180,Portland SD 1J,5060,Le Monde,direct_cert,12,3.6
2019,2180,Portland SD 1J,5060,Le Monde,lep,NA,NA
2019,2180,Portland SD 1J,5060,Le Monde,swd,22,6.5
2019,2180,Portland SD 1J,5060,Le Monde,historically_underserved,54,16.1
2019,2180,Portland SD 1J,5060,Le Monde,hispanic,13,3.9
2019,2180,Portland SD 1J,5060,Le Monde,black,13,3.9
2019,2180,Portland SD 1J,5060,Le Monde,multi,25,7.4
2019,2180,Portland SD 1J,4534,Portland Village School,all,388,100
2019,2180,Portland SD 1J,4534,Portland Village School,combined_underserved,144,37.1
2019,2180,Portland SD 1J,4534,Portland Village School,direct_cert,55,14.2
2019,2180,Portland SD 1J,4534,Portland Village School,lep,6,1.5
2019,2180,Portland SD 1J,4534,Portland Village School,swd,51,13.1
2019,2180,Portland SD 1J,4534,Portland Village School,historically_underserved,67,17.3
2019,2180,Portland SD 1J,4534,Portland Village School,hispanic,35,9
2019,2180,Portland SD 1J,4534,Portland Village School,black,9,2.3
2019,2180,Portland SD 1J,4534,Portland Village School,multi,21,5.4
2019,2180,Portland SD 1J,3616,Trillium,all,204,100
2019,2180,Portland SD 1J,3616,Trillium,combined_underserved,113,55.4
2019,2180,Portland SD 1J,3616,Trillium,direct_cert,66,32.4
2019,2180,Portland SD 1J,3616,Trillium,lep,4,2
2019,2180,Portland SD 1J,3616,Trillium,swd,46,22.5
2019,2180,Portland SD 1J,3616,Trillium,historically_underserved,44,21.6
2019,2180,Portland SD 1J,3616,Trillium,hispanic,20,9.8
2019,2180,Portland SD 1J,3616,Trillium,black,12,5.9
2019,2180,Portland SD 1J,3616,Trillium,multi,10,4.9
2020,2180,Portland SD 1J,822,Abernethy,all,507,100
2020,2180,Portland SD 1J,822,Abernethy,combined_underserved,124,24.5
2020,2180,Portland SD 1J,822,Abernethy,direct_cert,30,5.9
2020,2180,Portland SD 1J,822,Abernethy,lep,5,1
2020,2180,Portland SD 1J,822,Abernethy,swd,65,12.8
2020,2180,Portland SD 1J,822,Abernethy,historically_underserved,48,9.5
2020,2180,Portland SD 1J,822,Abernethy,hispanic,28,5.5
2020,2180,Portland SD 1J,822,Abernethy,black,5,1
2020,2180,Portland SD 1J,822,Abernethy,multi,14,2.8
2020,2180,Portland SD 1J,823,Ainsworth,all,644,100
2020,2180,Portland SD 1J,823,Ainsworth,combined_underserved,222,34.5
2020,2180,Portland SD 1J,823,Ainsworth,direct_cert,30,4.7
2020,2180,Portland SD 1J,823,Ainsworth,lep,56,8.7
2020,2180,Portland SD 1J,823,Ainsworth,swd,66,10.2
2020,2180,Portland SD 1J,823,Ainsworth,historically_underserved,134,20.8
2020,2180,Portland SD 1J,823,Ainsworth,hispanic,107,16.6
2020,2180,Portland SD 1J,823,Ainsworth,black,3,0.5
2020,2180,Portland SD 1J,823,Ainsworth,multi,17,2.6
2020,2180,Portland SD 1J,824,Alameda,all,704,100
2020,2180,Portland SD 1J,824,Alameda,combined_underserved,154,21.9
2020,2180,Portland SD 1J,824,Alameda,direct_cert,24,3.4
2020,2180,Portland SD 1J,824,Alameda,lep,4,0.6
2020,2180,Portland SD 1J,824,Alameda,swd,86,12.2
2020,2180,Portland SD 1J,824,Alameda,historically_underserved,71,10.1
2020,2180,Portland SD 1J,824,Alameda,hispanic,42,6
2020,2180,Portland SD 1J,824,Alameda,black,7,1
2020,2180,Portland SD 1J,824,Alameda,multi,22,3.1
2020,2180,Portland SD 1J,826,Arleta,all,526,100
2020,2180,Portland SD 1J,826,Arleta,combined_underserved,275,52.3
2020,2180,Portland SD 1J,826,Arleta,direct_cert,144,27.4
2020,2180,Portland SD 1J,826,Arleta,lep,38,7.2
2020,2180,Portland SD 1J,826,Arleta,swd,101,19.2
2020,2180,Portland SD 1J,826,Arleta,historically_underserved,145,27.6
2020,2180,Portland SD 1J,826,Arleta,hispanic,84,16
2020,2180,Portland SD 1J,826,Arleta,black,13,2.5
2020,2180,Portland SD 1J,826,Arleta,multi,42,8
2020,2180,Portland SD 1J,827,Astor,all,416,100
2020,2180,Portland SD 1J,827,Astor,combined_underserved,214,51.4
2020,2180,Portland SD 1J,827,Astor,direct_cert,86,20.7
2020,2180,Portland SD 1J,827,Astor,lep,15,3.6
2020,2180,Portland SD 1J,827,Astor,swd,81,19.5
2020,2180,Portland SD 1J,827,Astor,historically_underserved,151,36.3
2020,2180,Portland SD 1J,827,Astor,hispanic,79,19
2020,2180,Portland SD 1J,827,Astor,black,17,4.1
2020,2180,Portland SD 1J,827,Astor,multi,47,11.3
2020,2180,Portland SD 1J,828,Atkinson,all,391,100
2020,2180,Portland SD 1J,828,Atkinson,combined_underserved,191,48.8
2020,2180,Portland SD 1J,828,Atkinson,direct_cert,55,14.1
2020,2180,Portland SD 1J,828,Atkinson,lep,36,9.2
2020,2180,Portland SD 1J,828,Atkinson,swd,62,15.9
2020,2180,Portland SD 1J,828,Atkinson,historically_underserved,121,30.9
2020,2180,Portland SD 1J,828,Atkinson,hispanic,101,25.8
2020,2180,Portland SD 1J,828,Atkinson,black,8,2
2020,2180,Portland SD 1J,828,Atkinson,multi,11,2.8
2020,2180,Portland SD 1J,830,Beach,all,436,100
2020,2180,Portland SD 1J,830,Beach,combined_underserved,238,54.6
2020,2180,Portland SD 1J,830,Beach,direct_cert,95,21.8
2020,2180,Portland SD 1J,830,Beach,lep,65,14.9
2020,2180,Portland SD 1J,830,Beach,swd,58,13.3
2020,2180,Portland SD 1J,830,Beach,historically_underserved,196,45
2020,2180,Portland SD 1J,830,Beach,hispanic,130,29.8
2020,2180,Portland SD 1J,830,Beach,black,41,9.4
2020,2180,Portland SD 1J,830,Beach,multi,24,5.5
2020,2180,Portland SD 1J,857,Beverly Cleary,all,742,100
2020,2180,Portland SD 1J,857,Beverly Cleary,combined_underserved,184,24.8
2020,2180,Portland SD 1J,857,Beverly Cleary,direct_cert,32,4.3
2020,2180,Portland SD 1J,857,Beverly Cleary,lep,12,1.6
2020,2180,Portland SD 1J,857,Beverly Cleary,swd,94,12.7
2020,2180,Portland SD 1J,857,Beverly Cleary,historically_underserved,104,14
2020,2180,Portland SD 1J,857,Beverly Cleary,hispanic,58,7.8
2020,2180,Portland SD 1J,857,Beverly Cleary,black,14,1.9
2020,2180,Portland SD 1J,857,Beverly Cleary,multi,25,3.4
2020,2180,Portland SD 1J,833,Boise-Eliot/Humboldt,all,343,100
2020,2180,Portland SD 1J,833,Boise-Eliot/Humboldt,combined_underserved,294,85.7
2020,2180,Portland SD 1J,833,Boise-Eliot/Humboldt,direct_cert,180,52.5
2020,2180,Portland SD 1J,833,Boise-Eliot/Humboldt,lep,12,3.5
2020,2180,Portland SD 1J,833,Boise-Eliot/Humboldt,swd,61,17.8
2020,2180,Portland SD 1J,833,Boise-Eliot/Humboldt,historically_underserved,254,74.1
2020,2180,Portland SD 1J,833,Boise-Eliot/Humboldt,hispanic,46,13.4
2020,2180,Portland SD 1J,833,Boise-Eliot/Humboldt,black,170,49.6
2020,2180,Portland SD 1J,833,Boise-Eliot/Humboldt,multi,36,10.5
2020,2180,Portland SD 1J,834,Bridger,all,516,100
2020,2180,Portland SD 1J,834,Bridger,combined_underserved,339,65.7
2020,2180,Portland SD 1J,834,Bridger,direct_cert,131,25.4
2020,2180,Portland SD 1J,834,Bridger,lep,83,16.1
2020,2180,Portland SD 1J,834,Bridger,swd,74,14.3
2020,2180,Portland SD 1J,834,Bridger,historically_underserved,263,51
2020,2180,Portland SD 1J,834,Bridger,hispanic,201,39
2020,2180,Portland SD 1J,834,Bridger,black,34,6.6
2020,2180,Portland SD 1J,834,Bridger,multi,19,3.7
2020,2180,Portland SD 1J,835,Bridlemile,all,508,100
2020,2180,Portland SD 1J,835,Bridlemile,combined_underserved,142,28
2020,2180,Portland SD 1J,835,Bridlemile,direct_cert,39,7.7
2020,2180,Portland SD 1J,835,Bridlemile,lep,19,3.7
2020,2180,Portland SD 1J,835,Bridlemile,swd,61,12
2020,2180,Portland SD 1J,835,Bridlemile,historically_underserved,73,14.4
2020,2180,Portland SD 1J,835,Bridlemile,hispanic,43,8.5
2020,2180,Portland SD 1J,835,Bridlemile,black,9,1.8
2020,2180,Portland SD 1J,835,Bridlemile,multi,18,3.5
2020,2180,Portland SD 1J,837,Buckman,all,427,100
2020,2180,Portland SD 1J,837,Buckman,combined_underserved,195,45.7
2020,2180,Portland SD 1J,837,Buckman,direct_cert,82,19.2
2020,2180,Portland SD 1J,837,Buckman,lep,11,2.6
2020,2180,Portland SD 1J,837,Buckman,swd,82,19.2
2020,2180,Portland SD 1J,837,Buckman,historically_underserved,107,25.1
2020,2180,Portland SD 1J,837,Buckman,hispanic,59,13.8
2020,2180,Portland SD 1J,837,Buckman,black,14,3.3
2020,2180,Portland SD 1J,837,Buckman,multi,33,7.7
2020,2180,Portland SD 1J,838,Capitol Hill,all,416,100
2020,2180,Portland SD 1J,838,Capitol Hill,combined_underserved,132,31.7
2020,2180,Portland SD 1J,838,Capitol Hill,direct_cert,44,10.6
2020,2180,Portland SD 1J,838,Capitol Hill,lep,16,3.8
2020,2180,Portland SD 1J,838,Capitol Hill,swd,31,7.5
2020,2180,Portland SD 1J,838,Capitol Hill,historically_underserved,77,18.5
2020,2180,Portland SD 1J,838,Capitol Hill,hispanic,43,10.3
2020,2180,Portland SD 1J,838,Capitol Hill,black,12,2.9
2020,2180,Portland SD 1J,838,Capitol Hill,multi,20,4.8
2020,2180,Portland SD 1J,841,César Chávez,all,549,100
2020,2180,Portland SD 1J,841,César Chávez,combined_underserved,464,84.5
2020,2180,Portland SD 1J,841,César Chávez,direct_cert,243,44.3
2020,2180,Portland SD 1J,841,César Chávez,lep,200,36.4
2020,2180,Portland SD 1J,841,César Chávez,swd,62,11.3
2020,2180,Portland SD 1J,841,César Chávez,historically_underserved,421,76.7
2020,2180,Portland SD 1J,841,César Chávez,hispanic,289,52.6
2020,2180,Portland SD 1J,841,César Chávez,black,84,15.3
2020,2180,Portland SD 1J,841,César Chávez,multi,29,5.3
2020,2180,Portland SD 1J,839,Chapman,all,484,100
2020,2180,Portland SD 1J,839,Chapman,combined_underserved,220,45.5
2020,2180,Portland SD 1J,839,Chapman,direct_cert,125,25.8
2020,2180,Portland SD 1J,839,Chapman,lep,28,5.8
2020,2180,Portland SD 1J,839,Chapman,swd,48,9.9
2020,2180,Portland SD 1J,839,Chapman,historically_underserved,114,23.6
2020,2180,Portland SD 1J,839,Chapman,hispanic,56,11.6
2020,2180,Portland SD 1J,839,Chapman,black,20,4.1
2020,2180,Portland SD 1J,839,Chapman,multi,32,6.6
2020,2180,Portland SD 1J,840,Chief Joseph,all,351,100
2020,2180,Portland SD 1J,840,Chief Joseph,combined_underserved,165,47
2020,2180,Portland SD 1J,840,Chief Joseph,direct_cert,82,23.4
2020,2180,Portland SD 1J,840,Chief Joseph,lep,25,7.1
2020,2180,Portland SD 1J,840,Chief Joseph,swd,46,13.1
2020,2180,Portland SD 1J,840,Chief Joseph,historically_underserved,107,30.5
2020,2180,Portland SD 1J,840,Chief Joseph,hispanic,38,10.8
2020,2180,Portland SD 1J,840,Chief Joseph,black,26,7.4
2020,2180,Portland SD 1J,840,Chief Joseph,multi,34,9.7
2020,2180,Portland SD 1J,4640,Creative Science,all,468,100
2020,2180,Portland SD 1J,4640,Creative Science,combined_underserved,175,37.4
2020,2180,Portland SD 1J,4640,Creative Science,direct_cert,58,12.4
2020,2180,Portland SD 1J,4640,Creative Science,lep,15,3.2
2020,2180,Portland SD 1J,4640,Creative Science,swd,85,18.2
2020,2180,Portland SD 1J,4640,Creative Science,historically_underserved,67,14.3
2020,2180,Portland SD 1J,4640,Creative Science,hispanic,28,6
2020,2180,Portland SD 1J,4640,Creative Science,black,11,2.4
2020,2180,Portland SD 1J,4640,Creative Science,multi,21,4.5
2020,2180,Portland SD 1J,843,Creston,all,375,100
2020,2180,Portland SD 1J,843,Creston,combined_underserved,194,51.7
2020,2180,Portland SD 1J,843,Creston,direct_cert,80,21.3
2020,2180,Portland SD 1J,843,Creston,lep,32,8.5
2020,2180,Portland SD 1J,843,Creston,swd,89,23.7
2020,2180,Portland SD 1J,843,Creston,historically_underserved,116,30.9
2020,2180,Portland SD 1J,843,Creston,hispanic,67,17.9
2020,2180,Portland SD 1J,843,Creston,black,15,4
2020,2180,Portland SD 1J,843,Creston,multi,28,7.5
2020,2180,Portland SD 1J,844,Duniway,all,512,100
2020,2180,Portland SD 1J,844,Duniway,combined_underserved,149,29.1
2020,2180,Portland SD 1J,844,Duniway,direct_cert,34,6.6
2020,2180,Portland SD 1J,844,Duniway,lep,10,2
2020,2180,Portland SD 1J,844,Duniway,swd,77,15
2020,2180,Portland SD 1J,844,Duniway,historically_underserved,48,9.4
2020,2180,Portland SD 1J,844,Duniway,hispanic,31,6.1
2020,2180,Portland SD 1J,844,Duniway,black,3,0.6
2020,2180,Portland SD 1J,844,Duniway,multi,14,2.7
2020,2180,Portland SD 1J,847,Faubion,all,786,100
2020,2180,Portland SD 1J,847,Faubion,combined_underserved,654,83.2
2020,2180,Portland SD 1J,847,Faubion,direct_cert,335,42.6
2020,2180,Portland SD 1J,847,Faubion,lep,93,11.8
2020,2180,Portland SD 1J,847,Faubion,swd,125,15.9
2020,2180,Portland SD 1J,847,Faubion,historically_underserved,563,71.6
2020,2180,Portland SD 1J,847,Faubion,hispanic,224,28.5
2020,2180,Portland SD 1J,847,Faubion,black,221,28.1
2020,2180,Portland SD 1J,847,Faubion,multi,90,11.5
2020,2180,Portland SD 1J,2413,Forest Park,all,402,100
2020,2180,Portland SD 1J,2413,Forest Park,combined_underserved,98,24.4
2020,2180,Portland SD 1J,2413,Forest Park,direct_cert,7,1.7
2020,2180,Portland SD 1J,2413,Forest Park,lep,22,5.5
2020,2180,Portland SD 1J,2413,Forest Park,swd,42,10.4
2020,2180,Portland SD 1J,2413,Forest Park,historically_underserved,36,9
2020,2180,Portland SD 1J,2413,Forest Park,hispanic,10,2.5
2020,2180,Portland SD 1J,2413,Forest Park,black,9,2.2
2020,2180,Portland SD 1J,2413,Forest Park,multi,17,4.2
2020,2180,Portland SD 1J,850,Glencoe,all,449,100
2020,2180,Portland SD 1J,850,Glencoe,combined_underserved,166,37
2020,2180,Portland SD 1J,850,Glencoe,direct_cert,34,7.6
2020,2180,Portland SD 1J,850,Glencoe,lep,10,2.2
2020,2180,Portland SD 1J,850,Glencoe,swd,82,18.3
2020,2180,Portland SD 1J,850,Glencoe,historically_underserved,90,20
2020,2180,Portland SD 1J,850,Glencoe,hispanic,53,11.8
2020,2180,Portland SD 1J,850,Glencoe,black,8,1.8
2020,2180,Portland SD 1J,850,Glencoe,multi,29,6.5
2020,2180,Portland SD 1J,854,Grout,all,370,100
2020,2180,Portland SD 1J,854,Grout,combined_underserved,210,56.8
2020,2180,Portland SD 1J,854,Grout,direct_cert,133,35.9
2020,2180,Portland SD 1J,854,Grout,lep,51,13.8
2020,2180,Portland SD 1J,854,Grout,swd,70,18.9
2020,2180,Portland SD 1J,854,Grout,historically_underserved,102,27.6
2020,2180,Portland SD 1J,854,Grout,hispanic,38,10.3
2020,2180,Portland SD 1J,854,Grout,black,36,9.7
2020,2180,Portland SD 1J,854,Grout,multi,23,6.2
2020,2180,Portland SD 1J,842,Harrison Park,all,637,100
2020,2180,Portland SD 1J,842,Harrison Park,combined_underserved,512,80.4
2020,2180,Portland SD 1J,842,Harrison Park,direct_cert,283,44.4
2020,2180,Portland SD 1J,842,Harrison Park,lep,201,31.6
2020,2180,Portland SD 1J,842,Harrison Park,swd,97,15.2
2020,2180,Portland SD 1J,842,Harrison Park,historically_underserved,324,50.9
2020,2180,Portland SD 1J,842,Harrison Park,hispanic,109,17.1
2020,2180,Portland SD 1J,842,Harrison Park,black,154,24.2
2020,2180,Portland SD 1J,842,Harrison Park,multi,36,5.7
2020,2180,Portland SD 1J,855,Hayhurst,all,640,100
2020,2180,Portland SD 1J,855,Hayhurst,combined_underserved,193,30.2
2020,2180,Portland SD 1J,855,Hayhurst,direct_cert,71,11.1
2020,2180,Portland SD 1J,855,Hayhurst,lep,26,4.1
2020,2180,Portland SD 1J,855,Hayhurst,swd,93,14.5
2020,2180,Portland SD 1J,855,Hayhurst,historically_underserved,102,15.9
2020,2180,Portland SD 1J,855,Hayhurst,hispanic,40,6.2
2020,2180,Portland SD 1J,855,Hayhurst,black,27,4.2
2020,2180,Portland SD 1J,855,Hayhurst,multi,33,5.2
2020,2180,Portland SD 1J,861,Irvington,all,325,100
2020,2180,Portland SD 1J,861,Irvington,combined_underserved,129,39.7
2020,2180,Portland SD 1J,861,Irvington,direct_cert,48,14.8
2020,2180,Portland SD 1J,861,Irvington,lep,12,3.7
2020,2180,Portland SD 1J,861,Irvington,swd,43,13.2
2020,2180,Portland SD 1J,861,Irvington,historically_underserved,97,29.8
2020,2180,Portland SD 1J,861,Irvington,hispanic,30,9.2
2020,2180,Portland SD 1J,861,Irvington,black,41,12.6
2020,2180,Portland SD 1J,861,Irvington,multi,26,8
2020,2180,Portland SD 1J,862,James John,all,351,100
2020,2180,Portland SD 1J,862,James John,combined_underserved,237,67.5
2020,2180,Portland SD 1J,862,James John,direct_cert,126,35.9
2020,2180,Portland SD 1J,862,James John,lep,71,20.2
2020,2180,Portland SD 1J,862,James John,swd,72,20.5
2020,2180,Portland SD 1J,862,James John,historically_underserved,177,50.4
2020,2180,Portland SD 1J,862,James John,hispanic,121,34.5
2020,2180,Portland SD 1J,862,James John,black,25,7.1
2020,2180,Portland SD 1J,862,James John,multi,26,7.4
2020,2180,Portland SD 1J,864,Kelly,all,476,100
2020,2180,Portland SD 1J,864,Kelly,combined_underserved,374,78.6
2020,2180,Portland SD 1J,864,Kelly,direct_cert,186,39.1
2020,2180,Portland SD 1J,864,Kelly,lep,198,41.6
2020,2180,Portland SD 1J,864,Kelly,swd,75,15.8
2020,2180,Portland SD 1J,864,Kelly,historically_underserved,146,30.7
2020,2180,Portland SD 1J,864,Kelly,hispanic,74,15.5
2020,2180,Portland SD 1J,864,Kelly,black,32,6.7
2020,2180,Portland SD 1J,864,Kelly,multi,26,5.5
2020,2180,Portland SD 1J,868,Laurelhurst,all,698,100
2020,2180,Portland SD 1J,868,Laurelhurst,combined_underserved,158,22.6
2020,2180,Portland SD 1J,868,Laurelhurst,direct_cert,31,4.4
2020,2180,Portland SD 1J,868,Laurelhurst,lep,1,0.1
2020,2180,Portland SD 1J,868,Laurelhurst,swd,71,10.2
2020,2180,Portland SD 1J,868,Laurelhurst,historically_underserved,92,13.2
2020,2180,Portland SD 1J,868,Laurelhurst,hispanic,43,6.2
2020,2180,Portland SD 1J,868,Laurelhurst,black,13,1.9
2020,2180,Portland SD 1J,868,Laurelhurst,multi,35,5
2020,2180,Portland SD 1J,869,Lee,all,269,100
2020,2180,Portland SD 1J,869,Lee,combined_underserved,196,72.9
2020,2180,Portland SD 1J,869,Lee,direct_cert,100,37.2
2020,2180,Portland SD 1J,869,Lee,lep,62,23
2020,2180,Portland SD 1J,869,Lee,swd,52,19.3
2020,2180,Portland SD 1J,869,Lee,historically_underserved,118,43.9
2020,2180,Portland SD 1J,869,Lee,hispanic,49,18.2
2020,2180,Portland SD 1J,869,Lee,black,36,13.4
2020,2180,Portland SD 1J,869,Lee,multi,25,9.3
2020,2180,Portland SD 1J,870,Lent,all,475,100
2020,2180,Portland SD 1J,870,Lent,combined_underserved,400,84.2
2020,2180,Portland SD 1J,870,Lent,direct_cert,196,41.3
2020,2180,Portland SD 1J,870,Lent,lep,123,25.9
2020,2180,Portland SD 1J,870,Lent,swd,81,17.1
2020,2180,Portland SD 1J,870,Lent,historically_underserved,316,66.5
2020,2180,Portland SD 1J,870,Lent,hispanic,241,50.7
2020,2180,Portland SD 1J,870,Lent,black,43,9.1
2020,2180,Portland SD 1J,870,Lent,multi,18,3.8
2020,2180,Portland SD 1J,871,Lewis,all,410,100
2020,2180,Portland SD 1J,871,Lewis,combined_underserved,158,38.5
2020,2180,Portland SD 1J,871,Lewis,direct_cert,62,15.1
2020,2180,Portland SD 1J,871,Lewis,lep,7,1.7
2020,2180,Portland SD 1J,871,Lewis,swd,77,18.8
2020,2180,Portland SD 1J,871,Lewis,historically_underserved,65,15.9
2020,2180,Portland SD 1J,871,Lewis,hispanic,34,8.3
2020,2180,Portland SD 1J,871,Lewis,black,4,1
2020,2180,Portland SD 1J,871,Lewis,multi,23,5.6
2020,2180,Portland SD 1J,872,Llewellyn,all,509,100
2020,2180,Portland SD 1J,872,Llewellyn,combined_underserved,169,33.2
2020,2180,Portland SD 1J,872,Llewellyn,direct_cert,38,7.5
2020,2180,Portland SD 1J,872,Llewellyn,lep,5,1
2020,2180,Portland SD 1J,872,Llewellyn,swd,88,17.3
2020,2180,Portland SD 1J,872,Llewellyn,historically_underserved,86,16.9
2020,2180,Portland SD 1J,872,Llewellyn,hispanic,51,10
2020,2180,Portland SD 1J,872,Llewellyn,black,2,0.4
2020,2180,Portland SD 1J,872,Llewellyn,multi,27,5.3
2020,2180,Portland SD 1J,873,Maplewood,all,374,100
2020,2180,Portland SD 1J,873,Maplewood,combined_underserved,105,28.1
2020,2180,Portland SD 1J,873,Maplewood,direct_cert,38,10.2
2020,2180,Portland SD 1J,873,Maplewood,lep,11,2.9
2020,2180,Portland SD 1J,873,Maplewood,swd,40,10.7
2020,2180,Portland SD 1J,873,Maplewood,historically_underserved,53,14.2
2020,2180,Portland SD 1J,873,Maplewood,hispanic,24,6.4
2020,2180,Portland SD 1J,873,Maplewood,black,5,1.3
2020,2180,Portland SD 1J,873,Maplewood,multi,19,5.1
2020,2180,Portland SD 1J,1278,Markham,all,430,100
2020,2180,Portland SD 1J,1278,Markham,combined_underserved,240,55.8
2020,2180,Portland SD 1J,1278,Markham,direct_cert,116,27
2020,2180,Portland SD 1J,1278,Markham,lep,57,13.3
2020,2180,Portland SD 1J,1278,Markham,swd,64,14.9
2020,2180,Portland SD 1J,1278,Markham,historically_underserved,166,38.6
2020,2180,Portland SD 1J,1278,Markham,hispanic,49,11.4
2020,2180,Portland SD 1J,1278,Markham,black,71,16.5
2020,2180,Portland SD 1J,1278,Markham,multi,36,8.4
2020,2180,Portland SD 1J,875,Marysville,all,383,100
2020,2180,Portland SD 1J,875,Marysville,combined_underserved,263,68.7
2020,2180,Portland SD 1J,875,Marysville,direct_cert,147,38.4
2020,2180,Portland SD 1J,875,Marysville,lep,51,13.3
2020,2180,Portland SD 1J,875,Marysville,swd,88,23
2020,2180,Portland SD 1J,875,Marysville,historically_underserved,160,41.8
2020,2180,Portland SD 1J,875,Marysville,hispanic,72,18.8
2020,2180,Portland SD 1J,875,Marysville,black,40,10.4
2020,2180,Portland SD 1J,875,Marysville,multi,32,8.4
2020,2180,Portland SD 1J,866,MLK Jr,all,341,100
2020,2180,Portland SD 1J,866,MLK Jr,combined_underserved,255,74.8
2020,2180,Portland SD 1J,866,MLK Jr,direct_cert,150,44
2020,2180,Portland SD 1J,866,MLK Jr,lep,48,14.1
2020,2180,Portland SD 1J,866,MLK Jr,swd,43,12.6
2020,2180,Portland SD 1J,866,MLK Jr,historically_underserved,220,64.5
2020,2180,Portland SD 1J,866,MLK Jr,hispanic,73,21.4
2020,2180,Portland SD 1J,866,MLK Jr,black,118,34.6
2020,2180,Portland SD 1J,866,MLK Jr,multi,20,5.9
2020,2180,Portland SD 1J,879,Peninsula,all,265,100
2020,2180,Portland SD 1J,879,Peninsula,combined_underserved,173,65.3
2020,2180,Portland SD 1J,879,Peninsula,direct_cert,69,26
2020,2180,Portland SD 1J,879,Peninsula,lep,23,8.7
2020,2180,Portland SD 1J,879,Peninsula,swd,73,27.5
2020,2180,Portland SD 1J,879,Peninsula,historically_underserved,118,44.5
2020,2180,Portland SD 1J,879,Peninsula,hispanic,56,21.1
2020,2180,Portland SD 1J,879,Peninsula,black,33,12.5
2020,2180,Portland SD 1J,879,Peninsula,multi,26,9.8
2020,2180,Portland SD 1J,883,Richmond,all,627,100
2020,2180,Portland SD 1J,883,Richmond,combined_underserved,156,24.9
2020,2180,Portland SD 1J,883,Richmond,direct_cert,23,3.7
2020,2180,Portland SD 1J,883,Richmond,lep,50,8
2020,2180,Portland SD 1J,883,Richmond,swd,52,8.3
2020,2180,Portland SD 1J,883,Richmond,historically_underserved,56,8.9
2020,2180,Portland SD 1J,883,Richmond,hispanic,25,4
2020,2180,Portland SD 1J,883,Richmond,black,6,1
2020,2180,Portland SD 1J,883,Richmond,multi,24,3.8
2020,2180,Portland SD 1J,1299,Rieke,all,368,100
2020,2180,Portland SD 1J,1299,Rieke,combined_underserved,120,32.6
2020,2180,Portland SD 1J,1299,Rieke,direct_cert,28,7.6
2020,2180,Portland SD 1J,1299,Rieke,lep,6,1.6
2020,2180,Portland SD 1J,1299,Rieke,swd,65,17.7
2020,2180,Portland SD 1J,1299,Rieke,historically_underserved,54,14.7
2020,2180,Portland SD 1J,1299,Rieke,hispanic,25,6.8
2020,2180,Portland SD 1J,1299,Rieke,black,14,3.8
2020,2180,Portland SD 1J,1299,Rieke,multi,14,3.8
2020,2180,Portland SD 1J,884,Rigler,all,307,100
2020,2180,Portland SD 1J,884,Rigler,combined_underserved,263,85.7
2020,2180,Portland SD 1J,884,Rigler,direct_cert,137,44.6
2020,2180,Portland SD 1J,884,Rigler,lep,144,46.9
2020,2180,Portland SD 1J,884,Rigler,swd,43,14
2020,2180,Portland SD 1J,884,Rigler,historically_underserved,244,79.5
2020,2180,Portland SD 1J,884,Rigler,hispanic,212,69.1
2020,2180,Portland SD 1J,884,Rigler,black,21,6.8
2020,2180,Portland SD 1J,884,Rigler,multi,9,2.9
2020,2180,Portland SD 1J,829,Rosa Parks,all,280,100
2020,2180,Portland SD 1J,829,Rosa Parks,combined_underserved,268,95.7
2020,2180,Portland SD 1J,829,Rosa Parks,direct_cert,193,68.9
2020,2180,Portland SD 1J,829,Rosa Parks,lep,73,26.1
2020,2180,Portland SD 1J,829,Rosa Parks,swd,41,14.6
2020,2180,Portland SD 1J,829,Rosa Parks,historically_underserved,237,84.6
2020,2180,Portland SD 1J,829,Rosa Parks,hispanic,88,31.4
2020,2180,Portland SD 1J,829,Rosa Parks,black,111,39.6
2020,2180,Portland SD 1J,829,Rosa Parks,multi,29,10.4
2020,2180,Portland SD 1J,5427,Rose City Park,all,538,100
2020,2180,Portland SD 1J,5427,Rose City Park,combined_underserved,249,46.3
2020,2180,Portland SD 1J,5427,Rose City Park,direct_cert,95,17.7
2020,2180,Portland SD 1J,5427,Rose City Park,lep,84,15.6
2020,2180,Portland SD 1J,5427,Rose City Park,swd,75,13.9
2020,2180,Portland SD 1J,5427,Rose City Park,historically_underserved,92,17.1
2020,2180,Portland SD 1J,5427,Rose City Park,hispanic,45,8.4
2020,2180,Portland SD 1J,5427,Rose City Park,black,17,3.2
2020,2180,Portland SD 1J,5427,Rose City Park,multi,27,5
2020,2180,Portland SD 1J,886,Sabin,all,418,100
2020,2180,Portland SD 1J,886,Sabin,combined_underserved,176,42.1
2020,2180,Portland SD 1J,886,Sabin,direct_cert,61,14.6
2020,2180,Portland SD 1J,886,Sabin,lep,11,2.6
2020,2180,Portland SD 1J,886,Sabin,swd,63,15.1
2020,2180,Portland SD 1J,886,Sabin,historically_underserved,121,28.9
2020,2180,Portland SD 1J,886,Sabin,hispanic,32,7.7
2020,2180,Portland SD 1J,886,Sabin,black,59,14.1
2020,2180,Portland SD 1J,886,Sabin,multi,27,6.5
2020,2180,Portland SD 1J,887,Scott,all,485,100
2020,2180,Portland SD 1J,887,Scott,combined_underserved,367,75.7
2020,2180,Portland SD 1J,887,Scott,direct_cert,220,45.4
2020,2180,Portland SD 1J,887,Scott,lep,142,29.3
2020,2180,Portland SD 1J,887,Scott,swd,96,19.8
2020,2180,Portland SD 1J,887,Scott,historically_underserved,303,62.5
2020,2180,Portland SD 1J,887,Scott,hispanic,181,37.3
2020,2180,Portland SD 1J,887,Scott,black,91,18.8
2020,2180,Portland SD 1J,887,Scott,multi,25,5.2
2020,2180,Portland SD 1J,889,Sitton,all,374,100
2020,2180,Portland SD 1J,889,Sitton,combined_underserved,311,83.2
2020,2180,Portland SD 1J,889,Sitton,direct_cert,185,49.5
2020,2180,Portland SD 1J,889,Sitton,lep,102,27.3
2020,2180,Portland SD 1J,889,Sitton,swd,78,20.9
2020,2180,Portland SD 1J,889,Sitton,historically_underserved,265,70.9
2020,2180,Portland SD 1J,889,Sitton,hispanic,171,45.7
2020,2180,Portland SD 1J,889,Sitton,black,39,10.4
2020,2180,Portland SD 1J,889,Sitton,multi,42,11.2
2020,2180,Portland SD 1J,890,Skyline,all,248,100
2020,2180,Portland SD 1J,890,Skyline,combined_underserved,77,31
2020,2180,Portland SD 1J,890,Skyline,direct_cert,16,6.5
2020,2180,Portland SD 1J,890,Skyline,lep,NA,NA
2020,2180,Portland SD 1J,890,Skyline,swd,33,13.3
2020,2180,Portland SD 1J,890,Skyline,historically_underserved,38,15.3
2020,2180,Portland SD 1J,890,Skyline,hispanic,25,10.1
2020,2180,Portland SD 1J,890,Skyline,black,5,2
2020,2180,Portland SD 1J,890,Skyline,multi,7,2.8
2020,2180,Portland SD 1J,892,Stephenson,all,371,100
2020,2180,Portland SD 1J,892,Stephenson,combined_underserved,112,30.2
2020,2180,Portland SD 1J,892,Stephenson,direct_cert,22,5.9
2020,2180,Portland SD 1J,892,Stephenson,lep,12,3.2
2020,2180,Portland SD 1J,892,Stephenson,swd,58,15.6
2020,2180,Portland SD 1J,892,Stephenson,historically_underserved,61,16.4
2020,2180,Portland SD 1J,892,Stephenson,hispanic,37,10
2020,2180,Portland SD 1J,892,Stephenson,black,7,1.9
2020,2180,Portland SD 1J,892,Stephenson,multi,17,4.6
2020,2180,Portland SD 1J,893,Sunnyside Environmental,all,549,100
2020,2180,Portland SD 1J,893,Sunnyside Environmental,combined_underserved,217,39.5
2020,2180,Portland SD 1J,893,Sunnyside Environmental,direct_cert,62,11.3
2020,2180,Portland SD 1J,893,Sunnyside Environmental,lep,4,0.7
2020,2180,Portland SD 1J,893,Sunnyside Environmental,swd,98,17.9
2020,2180,Portland SD 1J,893,Sunnyside Environmental,historically_underserved,109,19.9
2020,2180,Portland SD 1J,893,Sunnyside Environmental,hispanic,57,10.4
2020,2180,Portland SD 1J,893,Sunnyside Environmental,black,11,2
2020,2180,Portland SD 1J,893,Sunnyside Environmental,multi,37,6.7
2020,2180,Portland SD 1J,895,Vernon,all,607,100
2020,2180,Portland SD 1J,895,Vernon,combined_underserved,311,51.2
2020,2180,Portland SD 1J,895,Vernon,direct_cert,166,27.3
2020,2180,Portland SD 1J,895,Vernon,lep,25,4.1
2020,2180,Portland SD 1J,895,Vernon,swd,80,13.2
2020,2180,Portland SD 1J,895,Vernon,historically_underserved,237,39
2020,2180,Portland SD 1J,895,Vernon,hispanic,74,12.2
2020,2180,Portland SD 1J,895,Vernon,black,115,18.9
2020,2180,Portland SD 1J,895,Vernon,multi,45,7.4
2020,2180,Portland SD 1J,896,Vestal,all,249,100
2020,2180,Portland SD 1J,896,Vestal,combined_underserved,172,69.1
2020,2180,Portland SD 1J,896,Vestal,direct_cert,87,34.9
2020,2180,Portland SD 1J,896,Vestal,lep,33,13.3
2020,2180,Portland SD 1J,896,Vestal,swd,51,20.5
2020,2180,Portland SD 1J,896,Vestal,historically_underserved,102,41
2020,2180,Portland SD 1J,896,Vestal,hispanic,32,12.9
2020,2180,Portland SD 1J,896,Vestal,black,31,12.4
2020,2180,Portland SD 1J,896,Vestal,multi,33,13.3
2020,2180,Portland SD 1J,900,Whitman,all,220,100
2020,2180,Portland SD 1J,900,Whitman,combined_underserved,175,79.5
2020,2180,Portland SD 1J,900,Whitman,direct_cert,107,48.6
2020,2180,Portland SD 1J,900,Whitman,lep,40,18.2
2020,2180,Portland SD 1J,900,Whitman,swd,49,22.3
2020,2180,Portland SD 1J,900,Whitman,historically_underserved,113,51.4
2020,2180,Portland SD 1J,900,Whitman,hispanic,64,29.1
2020,2180,Portland SD 1J,900,Whitman,black,22,10
2020,2180,Portland SD 1J,900,Whitman,multi,24,10.9
2020,2180,Portland SD 1J,1364,Winterhaven,all,299,100
2020,2180,Portland SD 1J,1364,Winterhaven,combined_underserved,79,26.4
2020,2180,Portland SD 1J,1364,Winterhaven,direct_cert,20,6.7
2020,2180,Portland SD 1J,1364,Winterhaven,lep,3,1
2020,2180,Portland SD 1J,1364,Winterhaven,swd,34,11.4
2020,2180,Portland SD 1J,1364,Winterhaven,historically_underserved,29,9.7
2020,2180,Portland SD 1J,1364,Winterhaven,hispanic,19,6.4
2020,2180,Portland SD 1J,1364,Winterhaven,black,4,1.3
2020,2180,Portland SD 1J,1364,Winterhaven,multi,6,2
2020,2180,Portland SD 1J,902,Woodlawn,all,327,100
2020,2180,Portland SD 1J,902,Woodlawn,combined_underserved,247,75.5
2020,2180,Portland SD 1J,902,Woodlawn,direct_cert,128,39.1
2020,2180,Portland SD 1J,902,Woodlawn,lep,34,10.4
2020,2180,Portland SD 1J,902,Woodlawn,swd,64,19.6
2020,2180,Portland SD 1J,902,Woodlawn,historically_underserved,202,61.8
2020,2180,Portland SD 1J,902,Woodlawn,hispanic,56,17.1
2020,2180,Portland SD 1J,902,Woodlawn,black,105,32.1
2020,2180,Portland SD 1J,902,Woodlawn,multi,32,9.8
2020,2180,Portland SD 1J,903,Woodmere,all,273,100
2020,2180,Portland SD 1J,903,Woodmere,combined_underserved,197,72.2
2020,2180,Portland SD 1J,903,Woodmere,direct_cert,105,38.5
2020,2180,Portland SD 1J,903,Woodmere,lep,57,20.9
2020,2180,Portland SD 1J,903,Woodmere,swd,64,23.4
2020,2180,Portland SD 1J,903,Woodmere,historically_underserved,106,38.8
2020,2180,Portland SD 1J,903,Woodmere,hispanic,40,14.7
2020,2180,Portland SD 1J,903,Woodmere,black,29,10.6
2020,2180,Portland SD 1J,903,Woodmere,multi,26,9.5
2020,2180,Portland SD 1J,904,Woodstock,all,543,100
2020,2180,Portland SD 1J,904,Woodstock,combined_underserved,191,35.2
2020,2180,Portland SD 1J,904,Woodstock,direct_cert,68,12.5
2020,2180,Portland SD 1J,904,Woodstock,lep,82,15.1
2020,2180,Portland SD 1J,904,Woodstock,swd,54,9.9
2020,2180,Portland SD 1J,904,Woodstock,historically_underserved,47,8.7
2020,2180,Portland SD 1J,904,Woodstock,hispanic,29,5.3
2020,2180,Portland SD 1J,904,Woodstock,black,2,0.4
2020,2180,Portland SD 1J,904,Woodstock,multi,15,2.8
2020,2180,Portland SD 1J,831,Beaumont,all,573,100
2020,2180,Portland SD 1J,831,Beaumont,combined_underserved,287,50.1
2020,2180,Portland SD 1J,831,Beaumont,direct_cert,123,21.5
2020,2180,Portland SD 1J,831,Beaumont,lep,62,10.8
2020,2180,Portland SD 1J,831,Beaumont,swd,87,15.2
2020,2180,Portland SD 1J,831,Beaumont,historically_underserved,231,40.3
2020,2180,Portland SD 1J,831,Beaumont,hispanic,135,23.6
2020,2180,Portland SD 1J,831,Beaumont,black,59,10.3
2020,2180,Portland SD 1J,831,Beaumont,multi,35,6.1
2020,2180,Portland SD 1J,1363,da Vinci,all,450,100
2020,2180,Portland SD 1J,1363,da Vinci,combined_underserved,196,43.6
2020,2180,Portland SD 1J,1363,da Vinci,direct_cert,59,13.1
2020,2180,Portland SD 1J,1363,da Vinci,lep,4,0.9
2020,2180,Portland SD 1J,1363,da Vinci,swd,71,15.8
2020,2180,Portland SD 1J,1363,da Vinci,historically_underserved,113,25.1
2020,2180,Portland SD 1J,1363,da Vinci,hispanic,40,8.9
2020,2180,Portland SD 1J,1363,da Vinci,black,28,6.2
2020,2180,Portland SD 1J,1363,da Vinci,multi,42,9.3
2020,2180,Portland SD 1J,849,George,all,438,100
2020,2180,Portland SD 1J,849,George,combined_underserved,383,87.4
2020,2180,Portland SD 1J,849,George,direct_cert,221,50.5
2020,2180,Portland SD 1J,849,George,lep,86,19.6
2020,2180,Portland SD 1J,849,George,swd,90,20.5
2020,2180,Portland SD 1J,849,George,historically_underserved,334,76.3
2020,2180,Portland SD 1J,849,George,hispanic,178,40.6
2020,2180,Portland SD 1J,849,George,black,92,21
2020,2180,Portland SD 1J,849,George,multi,49,11.2
2020,2180,Portland SD 1J,852,Gray,all,566,100
2020,2180,Portland SD 1J,852,Gray,combined_underserved,183,32.3
2020,2180,Portland SD 1J,852,Gray,direct_cert,53,9.4
2020,2180,Portland SD 1J,852,Gray,lep,10,1.8
2020,2180,Portland SD 1J,852,Gray,swd,84,14.8
2020,2180,Portland SD 1J,852,Gray,historically_underserved,108,19.1
2020,2180,Portland SD 1J,852,Gray,hispanic,57,10.1
2020,2180,Portland SD 1J,852,Gray,black,9,1.6
2020,2180,Portland SD 1J,852,Gray,multi,39,6.9
2020,2180,Portland SD 1J,894,Harriet Tubman,all,430,100
2020,2180,Portland SD 1J,894,Harriet Tubman,combined_underserved,312,72.6
2020,2180,Portland SD 1J,894,Harriet Tubman,direct_cert,149,34.7
2020,2180,Portland SD 1J,894,Harriet Tubman,lep,25,5.8
2020,2180,Portland SD 1J,894,Harriet Tubman,swd,68,15.8
2020,2180,Portland SD 1J,894,Harriet Tubman,historically_underserved,289,67.2
2020,2180,Portland SD 1J,894,Harriet Tubman,hispanic,67,15.6
2020,2180,Portland SD 1J,894,Harriet Tubman,black,162,37.7
2020,2180,Portland SD 1J,894,Harriet Tubman,multi,53,12.3
2020,2180,Portland SD 1J,858,Hosford,all,651,100
2020,2180,Portland SD 1J,858,Hosford,combined_underserved,234,35.9
2020,2180,Portland SD 1J,858,Hosford,direct_cert,93,14.3
2020,2180,Portland SD 1J,858,Hosford,lep,16,2.5
2020,2180,Portland SD 1J,858,Hosford,swd,101,15.5
2020,2180,Portland SD 1J,858,Hosford,historically_underserved,120,18.4
2020,2180,Portland SD 1J,858,Hosford,hispanic,64,9.8
2020,2180,Portland SD 1J,858,Hosford,black,18,2.8
2020,2180,Portland SD 1J,858,Hosford,multi,32,4.9
2020,2180,Portland SD 1J,1277,Jackson,all,793,100
2020,2180,Portland SD 1J,1277,Jackson,combined_underserved,297,37.5
2020,2180,Portland SD 1J,1277,Jackson,direct_cert,99,12.5
2020,2180,Portland SD 1J,1277,Jackson,lep,18,2.3
2020,2180,Portland SD 1J,1277,Jackson,swd,135,17
2020,2180,Portland SD 1J,1277,Jackson,historically_underserved,170,21.4
2020,2180,Portland SD 1J,1277,Jackson,hispanic,69,8.7
2020,2180,Portland SD 1J,1277,Jackson,black,49,6.2
2020,2180,Portland SD 1J,1277,Jackson,multi,47,5.9
2020,2180,Portland SD 1J,1243,Lane,all,432,100
2020,2180,Portland SD 1J,1243,Lane,combined_underserved,310,71.8
2020,2180,Portland SD 1J,1243,Lane,direct_cert,181,41.9
2020,2180,Portland SD 1J,1243,Lane,lep,57,13.2
2020,2180,Portland SD 1J,1243,Lane,swd,79,18.3
2020,2180,Portland SD 1J,1243,Lane,historically_underserved,189,43.8
2020,2180,Portland SD 1J,1243,Lane,hispanic,104,24.1
2020,2180,Portland SD 1J,1243,Lane,black,41,9.5
2020,2180,Portland SD 1J,1243,Lane,multi,28,6.5
2020,2180,Portland SD 1J,877,Mt Tabor,all,724,100
2020,2180,Portland SD 1J,877,Mt Tabor,combined_underserved,215,29.7
2020,2180,Portland SD 1J,877,Mt Tabor,direct_cert,52,7.2
2020,2180,Portland SD 1J,877,Mt Tabor,lep,33,4.6
2020,2180,Portland SD 1J,877,Mt Tabor,swd,89,12.3
2020,2180,Portland SD 1J,877,Mt Tabor,historically_underserved,123,17
2020,2180,Portland SD 1J,877,Mt Tabor,hispanic,78,10.8
2020,2180,Portland SD 1J,877,Mt Tabor,black,13,1.8
2020,2180,Portland SD 1J,877,Mt Tabor,multi,30,4.1
2020,2180,Portland SD 1J,878,Ockley Green,all,487,100
2020,2180,Portland SD 1J,878,Ockley Green,combined_underserved,340,69.8
2020,2180,Portland SD 1J,878,Ockley Green,direct_cert,147,30.2
2020,2180,Portland SD 1J,878,Ockley Green,lep,36,7.4
2020,2180,Portland SD 1J,878,Ockley Green,swd,83,17
2020,2180,Portland SD 1J,878,Ockley Green,historically_underserved,287,58.9
2020,2180,Portland SD 1J,878,Ockley Green,hispanic,119,24.4
2020,2180,Portland SD 1J,878,Ockley Green,black,114,23.4
2020,2180,Portland SD 1J,878,Ockley Green,multi,42,8.6
2020,2180,Portland SD 1J,885,Roseway Heights,all,614,100
2020,2180,Portland SD 1J,885,Roseway Heights,combined_underserved,386,62.9
2020,2180,Portland SD 1J,885,Roseway Heights,direct_cert,204,33.2
2020,2180,Portland SD 1J,885,Roseway Heights,lep,78,12.7
2020,2180,Portland SD 1J,885,Roseway Heights,swd,91,14.8
2020,2180,Portland SD 1J,885,Roseway Heights,historically_underserved,287,46.7
2020,2180,Portland SD 1J,885,Roseway Heights,hispanic,138,22.5
2020,2180,Portland SD 1J,885,Roseway Heights,black,76,12.4
2020,2180,Portland SD 1J,885,Roseway Heights,multi,61,9.9
2020,2180,Portland SD 1J,888,Sellwood,all,588,100
2020,2180,Portland SD 1J,888,Sellwood,combined_underserved,184,31.3
2020,2180,Portland SD 1J,888,Sellwood,direct_cert,50,8.5
2020,2180,Portland SD 1J,888,Sellwood,lep,6,1
2020,2180,Portland SD 1J,888,Sellwood,swd,93,15.8
2020,2180,Portland SD 1J,888,Sellwood,historically_underserved,82,13.9
2020,2180,Portland SD 1J,888,Sellwood,hispanic,40,6.8
2020,2180,Portland SD 1J,888,Sellwood,black,6,1
2020,2180,Portland SD 1J,888,Sellwood,multi,33,5.6
2020,2180,Portland SD 1J,898,West Sylvan,all,833,100
2020,2180,Portland SD 1J,898,West Sylvan,combined_underserved,207,24.8
2020,2180,Portland SD 1J,898,West Sylvan,direct_cert,42,5
2020,2180,Portland SD 1J,898,West Sylvan,lep,16,1.9
2020,2180,Portland SD 1J,898,West Sylvan,swd,59,7.1
2020,2180,Portland SD 1J,898,West Sylvan,historically_underserved,127,15.2
2020,2180,Portland SD 1J,898,West Sylvan,hispanic,76,9.1
2020,2180,Portland SD 1J,898,West Sylvan,black,20,2.4
2020,2180,Portland SD 1J,898,West Sylvan,multi,27,3.2
2020,2180,Portland SD 1J,906,Benson,all,1055,100
2020,2180,Portland SD 1J,906,Benson,combined_underserved,634,60.1
2020,2180,Portland SD 1J,906,Benson,direct_cert,210,19.9
2020,2180,Portland SD 1J,906,Benson,lep,54,5.1
2020,2180,Portland SD 1J,906,Benson,swd,182,17.3
2020,2180,Portland SD 1J,906,Benson,historically_underserved,483,45.8
2020,2180,Portland SD 1J,906,Benson,hispanic,276,26.2
2020,2180,Portland SD 1J,906,Benson,black,132,12.5
2020,2180,Portland SD 1J,906,Benson,multi,60,5.7
2020,2180,Portland SD 1J,909,Cleveland,all,1560,100
2020,2180,Portland SD 1J,909,Cleveland,combined_underserved,461,29.6
2020,2180,Portland SD 1J,909,Cleveland,direct_cert,152,9.7
2020,2180,Portland SD 1J,909,Cleveland,lep,23,1.5
2020,2180,Portland SD 1J,909,Cleveland,swd,178,11.4
2020,2180,Portland SD 1J,909,Cleveland,historically_underserved,248,15.9
2020,2180,Portland SD 1J,909,Cleveland,hispanic,132,8.5
2020,2180,Portland SD 1J,909,Cleveland,black,32,2.1
2020,2180,Portland SD 1J,909,Cleveland,multi,72,4.6
2020,2180,Portland SD 1J,911,Franklin,all,1936,100
2020,2180,Portland SD 1J,911,Franklin,combined_underserved,896,46.3
2020,2180,Portland SD 1J,911,Franklin,direct_cert,367,19
2020,2180,Portland SD 1J,911,Franklin,lep,103,5.3
2020,2180,Portland SD 1J,911,Franklin,swd,257,13.3
2020,2180,Portland SD 1J,911,Franklin,historically_underserved,575,29.7
2020,2180,Portland SD 1J,911,Franklin,hispanic,363,18.8
2020,2180,Portland SD 1J,911,Franklin,black,88,4.5
2020,2180,Portland SD 1J,911,Franklin,multi,102,5.3
2020,2180,Portland SD 1J,912,Grant,all,1813,100
2020,2180,Portland SD 1J,912,Grant,combined_underserved,471,26
2020,2180,Portland SD 1J,912,Grant,direct_cert,118,6.5
2020,2180,Portland SD 1J,912,Grant,lep,8,0.4
2020,2180,Portland SD 1J,912,Grant,swd,137,7.6
2020,2180,Portland SD 1J,912,Grant,historically_underserved,360,19.9
2020,2180,Portland SD 1J,912,Grant,hispanic,139,7.7
2020,2180,Portland SD 1J,912,Grant,black,107,5.9
2020,2180,Portland SD 1J,912,Grant,multi,94,5.2
2020,2180,Portland SD 1J,913,Jefferson,all,641,100
2020,2180,Portland SD 1J,913,Jefferson,combined_underserved,458,71.5
2020,2180,Portland SD 1J,913,Jefferson,direct_cert,185,28.9
2020,2180,Portland SD 1J,913,Jefferson,lep,33,5.1
2020,2180,Portland SD 1J,913,Jefferson,swd,81,12.6
2020,2180,Portland SD 1J,913,Jefferson,historically_underserved,414,64.6
2020,2180,Portland SD 1J,913,Jefferson,hispanic,126,19.7
2020,2180,Portland SD 1J,913,Jefferson,black,204,31.8
2020,2180,Portland SD 1J,913,Jefferson,multi,72,11.2
2020,2180,Portland SD 1J,914,Lincoln,all,1588,100
2020,2180,Portland SD 1J,914,Lincoln,combined_underserved,335,21.1
2020,2180,Portland SD 1J,914,Lincoln,direct_cert,61,3.8
2020,2180,Portland SD 1J,914,Lincoln,lep,33,2.1
2020,2180,Portland SD 1J,914,Lincoln,swd,80,5
2020,2180,Portland SD 1J,914,Lincoln,historically_underserved,230,14.5
2020,2180,Portland SD 1J,914,Lincoln,hispanic,154,9.7
2020,2180,Portland SD 1J,914,Lincoln,black,19,1.2
2020,2180,Portland SD 1J,914,Lincoln,multi,49,3.1
2020,2180,Portland SD 1J,915,Madison,all,1079,100
2020,2180,Portland SD 1J,915,Madison,combined_underserved,704,65.2
2020,2180,Portland SD 1J,915,Madison,direct_cert,348,32.3
2020,2180,Portland SD 1J,915,Madison,lep,148,13.7
2020,2180,Portland SD 1J,915,Madison,swd,163,15.1
2020,2180,Portland SD 1J,915,Madison,historically_underserved,530,49.1
2020,2180,Portland SD 1J,915,Madison,hispanic,271,25.1
2020,2180,Portland SD 1J,915,Madison,black,152,14.1
2020,2180,Portland SD 1J,915,Madison,multi,78,7.2
2020,2180,Portland SD 1J,918,Roosevelt,all,1195,100
2020,2180,Portland SD 1J,918,Roosevelt,combined_underserved,907,75.9
2020,2180,Portland SD 1J,918,Roosevelt,direct_cert,421,35.2
2020,2180,Portland SD 1J,918,Roosevelt,lep,189,15.8
2020,2180,Portland SD 1J,918,Roosevelt,swd,217,18.2
2020,2180,Portland SD 1J,918,Roosevelt,historically_underserved,761,63.7
2020,2180,Portland SD 1J,918,Roosevelt,hispanic,424,35.5
2020,2180,Portland SD 1J,918,Roosevelt,black,207,17.3
2020,2180,Portland SD 1J,918,Roosevelt,multi,81,6.8
2020,2180,Portland SD 1J,922,Wilson,all,1558,100
2020,2180,Portland SD 1J,922,Wilson,combined_underserved,459,29.5
2020,2180,Portland SD 1J,922,Wilson,direct_cert,161,10.3
2020,2180,Portland SD 1J,922,Wilson,lep,28,1.8
2020,2180,Portland SD 1J,922,Wilson,swd,153,9.8
2020,2180,Portland SD 1J,922,Wilson,historically_underserved,302,19.4
2020,2180,Portland SD 1J,922,Wilson,hispanic,136,8.7
2020,2180,Portland SD 1J,922,Wilson,black,71,4.6
2020,2180,Portland SD 1J,922,Wilson,multi,80,5.1
2020,2180,Portland SD 1J,NA,ACCESS,all,300,100
2020,2180,Portland SD 1J,NA,ACCESS,combined_underserved,96,32
2020,2180,Portland SD 1J,NA,ACCESS,direct_cert,15,5
2020,2180,Portland SD 1J,NA,ACCESS,lep,NA,NA
2020,2180,Portland SD 1J,NA,ACCESS,swd,61,20.3
2020,2180,Portland SD 1J,NA,ACCESS,historically_underserved,36,12
2020,2180,Portland SD 1J,NA,ACCESS,hispanic,17,5.7
2020,2180,Portland SD 1J,NA,ACCESS,black,8,2.7
2020,2180,Portland SD 1J,NA,ACCESS,multi,11,3.7
2020,2180,Portland SD 1J,4507,Alliance,all,214,100
2020,2180,Portland SD 1J,4507,Alliance,combined_underserved,153,71.5
2020,2180,Portland SD 1J,4507,Alliance,direct_cert,57,26.6
2020,2180,Portland SD 1J,4507,Alliance,lep,4,1.9
2020,2180,Portland SD 1J,4507,Alliance,swd,56,26.2
2020,2180,Portland SD 1J,4507,Alliance,historically_underserved,114,53.3
2020,2180,Portland SD 1J,4507,Alliance,hispanic,59,27.6
2020,2180,Portland SD 1J,4507,Alliance,black,32,15
2020,2180,Portland SD 1J,4507,Alliance,multi,22,10.3
2020,2180,Portland SD 1J,NA,Head Start Early Childhood Ed,all,683,100
2020,2180,Portland SD 1J,NA,Head Start Early Childhood Ed,combined_underserved,582,85.2
2020,2180,Portland SD 1J,NA,Head Start Early Childhood Ed,direct_cert,406,59.4
2020,2180,Portland SD 1J,NA,Head Start Early Childhood Ed,lep,NA,NA
2020,2180,Portland SD 1J,NA,Head Start Early Childhood Ed,swd,NA,NA
2020,2180,Portland SD 1J,NA,Head Start Early Childhood Ed,historically_underserved,455,66.6
2020,2180,Portland SD 1J,NA,Head Start Early Childhood Ed,hispanic,255,37.3
2020,2180,Portland SD 1J,NA,Head Start Early Childhood Ed,black,102,14.9
2020,2180,Portland SD 1J,NA,Head Start Early Childhood Ed,multi,82,12
2020,2180,Portland SD 1J,916,Metro. Learning Center,all,390,100
2020,2180,Portland SD 1J,916,Metro. Learning Center,combined_underserved,162,41.5
2020,2180,Portland SD 1J,916,Metro. Learning Center,direct_cert,32,8.2
2020,2180,Portland SD 1J,916,Metro. Learning Center,lep,1,0.3
2020,2180,Portland SD 1J,916,Metro. Learning Center,swd,97,24.9
2020,2180,Portland SD 1J,916,Metro. Learning Center,historically_underserved,67,17.2
2020,2180,Portland SD 1J,916,Metro. Learning Center,hispanic,40,10.3
2020,2180,Portland SD 1J,916,Metro. Learning Center,black,7,1.8
2020,2180,Portland SD 1J,916,Metro. Learning Center,multi,18,4.6
2020,2180,Portland SD 1J,NA,Portland International Scholars Academy,all,26,100
2020,2180,Portland SD 1J,NA,Portland International Scholars Academy,combined_underserved,26,100
2020,2180,Portland SD 1J,NA,Portland International Scholars Academy,direct_cert,14,53.8
2020,2180,Portland SD 1J,NA,Portland International Scholars Academy,lep,26,100
2020,2180,Portland SD 1J,NA,Portland International Scholars Academy,swd,NA,NA
2020,2180,Portland SD 1J,NA,Portland International Scholars Academy,historically_underserved,22,84.6
2020,2180,Portland SD 1J,NA,Portland International Scholars Academy,hispanic,18,69.2
2020,2180,Portland SD 1J,NA,Portland International Scholars Academy,black,4,15.4
2020,2180,Portland SD 1J,NA,Portland International Scholars Academy,multi,NA,NA
2020,2180,Portland SD 1J,NA,Reconnection Center,all,19,100
2020,2180,Portland SD 1J,NA,Reconnection Center,combined_underserved,12,63.2
2020,2180,Portland SD 1J,NA,Reconnection Center,direct_cert,6,31.6
2020,2180,Portland SD 1J,NA,Reconnection Center,lep,NA,NA
2020,2180,Portland SD 1J,NA,Reconnection Center,swd,6,31.6
2020,2180,Portland SD 1J,NA,Reconnection Center,historically_underserved,8,42.1
2020,2180,Portland SD 1J,NA,Reconnection Center,hispanic,5,26.3
2020,2180,Portland SD 1J,NA,Reconnection Center,black,3,15.8
2020,2180,Portland SD 1J,NA,Reconnection Center,multi,NA,NA
2020,2180,Portland SD 1J,NA,Depaul Center,all,9,100
2020,2180,Portland SD 1J,NA,Depaul Center,combined_underserved,8,88.9
2020,2180,Portland SD 1J,NA,Depaul Center,direct_cert,5,55.6
2020,2180,Portland SD 1J,NA,Depaul Center,lep,NA,NA
2020,2180,Portland SD 1J,NA,Depaul Center,swd,1,11.1
2020,2180,Portland SD 1J,NA,Depaul Center,historically_underserved,5,55.6
2020,2180,Portland SD 1J,NA,Depaul Center,hispanic,4,44.4
2020,2180,Portland SD 1J,NA,Depaul Center,black,1,11.1
2020,2180,Portland SD 1J,NA,Depaul Center,multi,NA,NA
2020,2180,Portland SD 1J,1803,Mt Scott Learning Center,all,142,100
2020,2180,Portland SD 1J,1803,Mt Scott Learning Center,combined_underserved,108,76.1
2020,2180,Portland SD 1J,1803,Mt Scott Learning Center,direct_cert,59,41.5
2020,2180,Portland SD 1J,1803,Mt Scott Learning Center,lep,2,1.4
2020,2180,Portland SD 1J,1803,Mt Scott Learning Center,swd,54,38
2020,2180,Portland SD 1J,1803,Mt Scott Learning Center,historically_underserved,46,32.4
2020,2180,Portland SD 1J,1803,Mt Scott Learning Center,hispanic,27,19
2020,2180,Portland SD 1J,1803,Mt Scott Learning Center,black,4,2.8
2020,2180,Portland SD 1J,1803,Mt Scott Learning Center,multi,14,9.9
2020,2180,Portland SD 1J,4587,NAYA Early College Academy,all,62,100
2020,2180,Portland SD 1J,4587,NAYA Early College Academy,combined_underserved,60,96.8
2020,2180,Portland SD 1J,4587,NAYA Early College Academy,direct_cert,35,56.5
2020,2180,Portland SD 1J,4587,NAYA Early College Academy,lep,3,4.8
2020,2180,Portland SD 1J,4587,NAYA Early College Academy,swd,17,27.4
2020,2180,Portland SD 1J,4587,NAYA Early College Academy,historically_underserved,55,88.7
2020,2180,Portland SD 1J,4587,NAYA Early College Academy,hispanic,24,38.7
2020,2180,Portland SD 1J,4587,NAYA Early College Academy,black,6,9.7
2020,2180,Portland SD 1J,4587,NAYA Early College Academy,multi,10,16.1
2020,2180,Portland SD 1J,NA,PCC,all,412,100
2020,2180,Portland SD 1J,NA,PCC,combined_underserved,228,55.3
2020,2180,Portland SD 1J,NA,PCC,direct_cert,71,17.2
2020,2180,Portland SD 1J,NA,PCC,lep,52,12.6
2020,2180,Portland SD 1J,NA,PCC,swd,38,9.2
2020,2180,Portland SD 1J,NA,PCC,historically_underserved,151,36.7
2020,2180,Portland SD 1J,NA,PCC,hispanic,89,21.6
2020,2180,Portland SD 1J,NA,PCC,black,29,7
2020,2180,Portland SD 1J,NA,PCC,multi,27,6.6
2020,2180,Portland SD 1J,5877,Rosemary Anderson,all,313,100
2020,2180,Portland SD 1J,5877,Rosemary Anderson,combined_underserved,281,89.8
2020,2180,Portland SD 1J,5877,Rosemary Anderson,direct_cert,165,52.7
2020,2180,Portland SD 1J,5877,Rosemary Anderson,lep,14,4.5
2020,2180,Portland SD 1J,5877,Rosemary Anderson,swd,88,28.1
2020,2180,Portland SD 1J,5877,Rosemary Anderson,historically_underserved,245,78.3
2020,2180,Portland SD 1J,5877,Rosemary Anderson,hispanic,87,27.8
2020,2180,Portland SD 1J,5877,Rosemary Anderson,black,119,38
2020,2180,Portland SD 1J,5877,Rosemary Anderson,multi,35,11.2
2020,2180,Portland SD 1J,NA,SE Works,all,18,100
2020,2180,Portland SD 1J,NA,SE Works,combined_underserved,12,66.7
2020,2180,Portland SD 1J,NA,SE Works,direct_cert,3,16.7
2020,2180,Portland SD 1J,NA,SE Works,lep,NA,NA
2020,2180,Portland SD 1J,NA,SE Works,swd,4,22.2
2020,2180,Portland SD 1J,NA,SE Works,historically_underserved,10,55.6
2020,2180,Portland SD 1J,NA,SE Works,hispanic,2,11.1
2020,2180,Portland SD 1J,NA,SE Works,black,3,16.7
2020,2180,Portland SD 1J,NA,SE Works,multi,4,22.2
2020,2180,Portland SD 1J,NA,Youth Builders,all,12,100
2020,2180,Portland SD 1J,NA,Youth Builders,combined_underserved,7,58.3
2020,2180,Portland SD 1J,NA,Youth Builders,direct_cert,4,33.3
2020,2180,Portland SD 1J,NA,Youth Builders,lep,1,8.3
2020,2180,Portland SD 1J,NA,Youth Builders,swd,1,8.3
2020,2180,Portland SD 1J,NA,Youth Builders,historically_underserved,6,50
2020,2180,Portland SD 1J,NA,Youth Builders,hispanic,3,25
2020,2180,Portland SD 1J,NA,Youth Builders,black,NA,NA
2020,2180,Portland SD 1J,NA,Youth Builders,multi,3,25
2020,2180,Portland SD 1J,NA,Youth Progress Association,all,5,100
2020,2180,Portland SD 1J,NA,Youth Progress Association,combined_underserved,5,100
2020,2180,Portland SD 1J,NA,Youth Progress Association,direct_cert,5,100
2020,2180,Portland SD 1J,NA,Youth Progress Association,lep,NA,NA
2020,2180,Portland SD 1J,NA,Youth Progress Association,swd,2,40
2020,2180,Portland SD 1J,NA,Youth Progress Association,historically_underserved,1,20
2020,2180,Portland SD 1J,NA,Youth Progress Association,hispanic,1,20
2020,2180,Portland SD 1J,NA,Youth Progress Association,black,NA,NA
2020,2180,Portland SD 1J,NA,Youth Progress Association,multi,NA,NA
2020,2180,Portland SD 1J,NA,CTC Northeast,all,72,100
2020,2180,Portland SD 1J,NA,CTC Northeast,combined_underserved,69,95.8
2020,2180,Portland SD 1J,NA,CTC Northeast,direct_cert,8,11.1
2020,2180,Portland SD 1J,NA,CTC Northeast,lep,NA,NA
2020,2180,Portland SD 1J,NA,CTC Northeast,swd,66,91.7
2020,2180,Portland SD 1J,NA,CTC Northeast,historically_underserved,34,47.2
2020,2180,Portland SD 1J,NA,CTC Northeast,hispanic,17,23.6
2020,2180,Portland SD 1J,NA,CTC Northeast,black,13,18.1
2020,2180,Portland SD 1J,NA,CTC Northeast,multi,4,5.6
2020,2180,Portland SD 1J,NA,CTC Southeast,all,70,100
2020,2180,Portland SD 1J,NA,CTC Southeast,combined_underserved,69,98.6
2020,2180,Portland SD 1J,NA,CTC Southeast,direct_cert,12,17.1
2020,2180,Portland SD 1J,NA,CTC Southeast,lep,1,1.4
2020,2180,Portland SD 1J,NA,CTC Southeast,swd,68,97.1
2020,2180,Portland SD 1J,NA,CTC Southeast,historically_underserved,20,28.6
2020,2180,Portland SD 1J,NA,CTC Southeast,hispanic,8,11.4
2020,2180,Portland SD 1J,NA,CTC Southeast,black,7,10
2020,2180,Portland SD 1J,NA,CTC Southeast,multi,4,5.7
2020,2180,Portland SD 1J,NA,DART Programs,all,119,100
2020,2180,Portland SD 1J,NA,DART Programs,combined_underserved,104,87.4
2020,2180,Portland SD 1J,NA,DART Programs,direct_cert,68,57.1
2020,2180,Portland SD 1J,NA,DART Programs,lep,NA,NA
2020,2180,Portland SD 1J,NA,DART Programs,swd,52,43.7
2020,2180,Portland SD 1J,NA,DART Programs,historically_underserved,45,37.8
2020,2180,Portland SD 1J,NA,DART Programs,hispanic,24,20.2
2020,2180,Portland SD 1J,NA,DART Programs,black,6,5
2020,2180,Portland SD 1J,NA,DART Programs,multi,11,9.2
2020,2180,Portland SD 1J,NA,Park Academy,all,1,100
2020,2180,Portland SD 1J,NA,Park Academy,combined_underserved,1,100
2020,2180,Portland SD 1J,NA,Park Academy,direct_cert,NA,NA
2020,2180,Portland SD 1J,NA,Park Academy,lep,NA,NA
2020,2180,Portland SD 1J,NA,Park Academy,swd,1,100
2020,2180,Portland SD 1J,NA,Park Academy,historically_underserved,NA,NA
2020,2180,Portland SD 1J,NA,Park Academy,hispanic,NA,NA
2020,2180,Portland SD 1J,NA,Park Academy,black,NA,NA
2020,2180,Portland SD 1J,NA,Park Academy,multi,NA,NA
2020,2180,Portland SD 1J,NA,PPS Pioneer Programs,all,107,100
2020,2180,Portland SD 1J,NA,PPS Pioneer Programs,combined_underserved,105,98.1
2020,2180,Portland SD 1J,NA,PPS Pioneer Programs,direct_cert,51,47.7
2020,2180,Portland SD 1J,NA,PPS Pioneer Programs,lep,2,1.9
2020,2180,Portland SD 1J,NA,PPS Pioneer Programs,swd,103,96.3
2020,2180,Portland SD 1J,NA,PPS Pioneer Programs,historically_underserved,49,45.8
2020,2180,Portland SD 1J,NA,PPS Pioneer Programs,hispanic,10,9.3
2020,2180,Portland SD 1J,NA,PPS Pioneer Programs,black,20,18.7
2020,2180,Portland SD 1J,NA,PPS Pioneer Programs,multi,19,17.8
2020,2180,Portland SD 1J,NA,Providence Hospital,all,7,100
2020,2180,Portland SD 1J,NA,Providence Hospital,combined_underserved,7,100
2020,2180,Portland SD 1J,NA,Providence Hospital,direct_cert,NA,NA
2020,2180,Portland SD 1J,NA,Providence Hospital,lep,NA,NA
2020,2180,Portland SD 1J,NA,Providence Hospital,swd,6,85.7
2020,2180,Portland SD 1J,NA,Providence Hospital,historically_underserved,1,14.3
2020,2180,Portland SD 1J,NA,Providence Hospital,hispanic,1,14.3
2020,2180,Portland SD 1J,NA,Providence Hospital,black,NA,NA
2020,2180,Portland SD 1J,NA,Providence Hospital,multi,NA,NA
2020,2180,Portland SD 1J,NA,Serendipity,all,9,100
2020,2180,Portland SD 1J,NA,Serendipity,combined_underserved,9,100
2020,2180,Portland SD 1J,NA,Serendipity,direct_cert,6,66.7
2020,2180,Portland SD 1J,NA,Serendipity,lep,NA,NA
2020,2180,Portland SD 1J,NA,Serendipity,swd,8,88.9
2020,2180,Portland SD 1J,NA,Serendipity,historically_underserved,4,44.4
2020,2180,Portland SD 1J,NA,Serendipity,hispanic,2,22.2
2020,2180,Portland SD 1J,NA,Serendipity,black,NA,NA
2020,2180,Portland SD 1J,NA,Serendipity,multi,2,22.2
2020,2180,Portland SD 1J,NA,Special Education Instruction,all,110,100
2020,2180,Portland SD 1J,NA,Special Education Instruction,combined_underserved,92,83.6
2020,2180,Portland SD 1J,NA,Special Education Instruction,direct_cert,11,10
2020,2180,Portland SD 1J,NA,Special Education Instruction,lep,1,0.9
2020,2180,Portland SD 1J,NA,Special Education Instruction,swd,86,78.2
2020,2180,Portland SD 1J,NA,Special Education Instruction,historically_underserved,34,30.9
2020,2180,Portland SD 1J,NA,Special Education Instruction,hispanic,19,17.3
2020,2180,Portland SD 1J,NA,Special Education Instruction,black,6,5.5
2020,2180,Portland SD 1J,NA,Special Education Instruction,multi,7,6.4
2020,2180,Portland SD 1J,NA,Victory Academy - SPED,all,1,100
2020,2180,Portland SD 1J,NA,Victory Academy - SPED,combined_underserved,1,100
2020,2180,Portland SD 1J,NA,Victory Academy - SPED,direct_cert,NA,NA
2020,2180,Portland SD 1J,NA,Victory Academy - SPED,lep,NA,NA
2020,2180,Portland SD 1J,NA,Victory Academy - SPED,swd,1,100
2020,2180,Portland SD 1J,NA,Victory Academy - SPED,historically_underserved,NA,NA
2020,2180,Portland SD 1J,NA,Victory Academy - SPED,hispanic,NA,NA
2020,2180,Portland SD 1J,NA,Victory Academy - SPED,black,NA,NA
2020,2180,Portland SD 1J,NA,Victory Academy - SPED,multi,NA,NA
2020,2180,Portland SD 1J,NA,Arthur Academy,all,177,100
2020,2180,Portland SD 1J,NA,Arthur Academy,combined_underserved,82,46.3
2020,2180,Portland SD 1J,NA,Arthur Academy,direct_cert,39,22
2020,2180,Portland SD 1J,NA,Arthur Academy,lep,9,5.1
2020,2180,Portland SD 1J,NA,Arthur Academy,swd,17,9.6
2020,2180,Portland SD 1J,NA,Arthur Academy,historically_underserved,36,20.3
2020,2180,Portland SD 1J,NA,Arthur Academy,hispanic,9,5.1
2020,2180,Portland SD 1J,NA,Arthur Academy,black,10,5.6
2020,2180,Portland SD 1J,NA,Arthur Academy,multi,17,9.6
2020,2180,Portland SD 1J,3451,Cm2 Opal School,all,89,100
2020,2180,Portland SD 1J,3451,Cm2 Opal School,combined_underserved,25,28.1
2020,2180,Portland SD 1J,3451,Cm2 Opal School,direct_cert,2,2.2
2020,2180,Portland SD 1J,3451,Cm2 Opal School,lep,2,2.2
2020,2180,Portland SD 1J,3451,Cm2 Opal School,swd,13,14.6
2020,2180,Portland SD 1J,3451,Cm2 Opal School,historically_underserved,15,16.9
2020,2180,Portland SD 1J,3451,Cm2 Opal School,hispanic,9,10.1
2020,2180,Portland SD 1J,3451,Cm2 Opal School,black,1,1.1
2020,2180,Portland SD 1J,3451,Cm2 Opal School,multi,5,5.6
2020,2180,Portland SD 1J,3991,Emerson School,all,143,100
2020,2180,Portland SD 1J,3991,Emerson School,combined_underserved,47,32.9
2020,2180,Portland SD 1J,3991,Emerson School,direct_cert,5,3.5
2020,2180,Portland SD 1J,3991,Emerson School,lep,1,0.7
2020,2180,Portland SD 1J,3991,Emerson School,swd,17,11.9
2020,2180,Portland SD 1J,3991,Emerson School,historically_underserved,29,20.3
2020,2180,Portland SD 1J,3991,Emerson School,hispanic,13,9.1
2020,2180,Portland SD 1J,3991,Emerson School,black,2,1.4
2020,2180,Portland SD 1J,3991,Emerson School,multi,14,9.8
2020,2180,Portland SD 1J,5218,Kairos PDX,all,219,100
2020,2180,Portland SD 1J,5218,Kairos PDX,combined_underserved,173,79
2020,2180,Portland SD 1J,5218,Kairos PDX,direct_cert,60,27.4
2020,2180,Portland SD 1J,5218,Kairos PDX,lep,6,2.7
2020,2180,Portland SD 1J,5218,Kairos PDX,swd,27,12.3
2020,2180,Portland SD 1J,5218,Kairos PDX,historically_underserved,162,74
2020,2180,Portland SD 1J,5218,Kairos PDX,hispanic,27,12.3
2020,2180,Portland SD 1J,5218,Kairos PDX,black,102,46.6
2020,2180,Portland SD 1J,5218,Kairos PDX,multi,26,11.9
2020,2180,Portland SD 1J,5060,Le Monde,all,367,100
2020,2180,Portland SD 1J,5060,Le Monde,combined_underserved,86,23.4
2020,2180,Portland SD 1J,5060,Le Monde,direct_cert,9,2.5
2020,2180,Portland SD 1J,5060,Le Monde,lep,1,0.3
2020,2180,Portland SD 1J,5060,Le Monde,swd,31,8.4
2020,2180,Portland SD 1J,5060,Le Monde,historically_underserved,55,15
2020,2180,Portland SD 1J,5060,Le Monde,hispanic,14,3.8
2020,2180,Portland SD 1J,5060,Le Monde,black,13,3.5
2020,2180,Portland SD 1J,5060,Le Monde,multi,24,6.5
2020,2180,Portland SD 1J,4534,Portland Village School,all,390,100
2020,2180,Portland SD 1J,4534,Portland Village School,combined_underserved,160,41
2020,2180,Portland SD 1J,4534,Portland Village School,direct_cert,54,13.8
2020,2180,Portland SD 1J,4534,Portland Village School,lep,7,1.8
2020,2180,Portland SD 1J,4534,Portland Village School,swd,68,17.4
2020,2180,Portland SD 1J,4534,Portland Village School,historically_underserved,74,19
2020,2180,Portland SD 1J,4534,Portland Village School,hispanic,53,13.6
2020,2180,Portland SD 1J,4534,Portland Village School,black,3,0.8
2020,2180,Portland SD 1J,4534,Portland Village School,multi,17,4.4
2021,2180,Portland SD 1J,822,Abernethy,all,451,100
2021,2180,Portland SD 1J,822,Abernethy,combined_underserved,130,28.8
2021,2180,Portland SD 1J,822,Abernethy,direct_cert,39,8.6
2021,2180,Portland SD 1J,822,Abernethy,lep,5,1.1
2021,2180,Portland SD 1J,822,Abernethy,swd,63,14
2021,2180,Portland SD 1J,822,Abernethy,historically_underserved,47,10.4
2021,2180,Portland SD 1J,822,Abernethy,hispanic,29,6.4
2021,2180,Portland SD 1J,822,Abernethy,black,4,0.9
2021,2180,Portland SD 1J,822,Abernethy,multi,13,2.9
2021,2180,Portland SD 1J,823,Ainsworth,all,594,100
2021,2180,Portland SD 1J,823,Ainsworth,combined_underserved,225,37.9
2021,2180,Portland SD 1J,823,Ainsworth,direct_cert,41,6.9
2021,2180,Portland SD 1J,823,Ainsworth,lep,55,9.3
2021,2180,Portland SD 1J,823,Ainsworth,swd,68,11.4
2021,2180,Portland SD 1J,823,Ainsworth,historically_underserved,134,22.6
2021,2180,Portland SD 1J,823,Ainsworth,hispanic,113,19
2021,2180,Portland SD 1J,823,Ainsworth,black,3,0.5
2021,2180,Portland SD 1J,823,Ainsworth,multi,13,2.2
2021,2180,Portland SD 1J,824,Alameda,all,623,100
2021,2180,Portland SD 1J,824,Alameda,combined_underserved,140,22.5
2021,2180,Portland SD 1J,824,Alameda,direct_cert,29,4.7
2021,2180,Portland SD 1J,824,Alameda,lep,3,0.5
2021,2180,Portland SD 1J,824,Alameda,swd,76,12.2
2021,2180,Portland SD 1J,824,Alameda,historically_underserved,65,10.4
2021,2180,Portland SD 1J,824,Alameda,hispanic,39,6.3
2021,2180,Portland SD 1J,824,Alameda,black,4,0.6
2021,2180,Portland SD 1J,824,Alameda,multi,22,3.5
2021,2180,Portland SD 1J,826,Arleta,all,485,100
2021,2180,Portland SD 1J,826,Arleta,combined_underserved,261,53.8
2021,2180,Portland SD 1J,826,Arleta,direct_cert,143,29.5
2021,2180,Portland SD 1J,826,Arleta,lep,41,8.5
2021,2180,Portland SD 1J,826,Arleta,swd,95,19.6
2021,2180,Portland SD 1J,826,Arleta,historically_underserved,129,26.6
2021,2180,Portland SD 1J,826,Arleta,hispanic,73,15.1
2021,2180,Portland SD 1J,826,Arleta,black,16,3.3
2021,2180,Portland SD 1J,826,Arleta,multi,35,7.2
2021,2180,Portland SD 1J,827,Astor,all,394,100
2021,2180,Portland SD 1J,827,Astor,combined_underserved,203,51.5
2021,2180,Portland SD 1J,827,Astor,direct_cert,86,21.8
2021,2180,Portland SD 1J,827,Astor,lep,16,4.1
2021,2180,Portland SD 1J,827,Astor,swd,77,19.5
2021,2180,Portland SD 1J,827,Astor,historically_underserved,143,36.3
2021,2180,Portland SD 1J,827,Astor,hispanic,73,18.5
2021,2180,Portland SD 1J,827,Astor,black,19,4.8
2021,2180,Portland SD 1J,827,Astor,multi,47,11.9
2021,2180,Portland SD 1J,828,Atkinson,all,390,100
2021,2180,Portland SD 1J,828,Atkinson,combined_underserved,198,50.8
2021,2180,Portland SD 1J,828,Atkinson,direct_cert,70,17.9
2021,2180,Portland SD 1J,828,Atkinson,lep,41,10.5
2021,2180,Portland SD 1J,828,Atkinson,swd,76,19.5
2021,2180,Portland SD 1J,828,Atkinson,historically_underserved,120,30.8
2021,2180,Portland SD 1J,828,Atkinson,hispanic,103,26.4
2021,2180,Portland SD 1J,828,Atkinson,black,8,2.1
2021,2180,Portland SD 1J,828,Atkinson,multi,7,1.8
2021,2180,Portland SD 1J,830,Beach,all,382,100
2021,2180,Portland SD 1J,830,Beach,combined_underserved,210,55
2021,2180,Portland SD 1J,830,Beach,direct_cert,94,24.6
2021,2180,Portland SD 1J,830,Beach,lep,52,13.6
2021,2180,Portland SD 1J,830,Beach,swd,54,14.1
2021,2180,Portland SD 1J,830,Beach,historically_underserved,172,45
2021,2180,Portland SD 1J,830,Beach,hispanic,110,28.8
2021,2180,Portland SD 1J,830,Beach,black,37,9.7
2021,2180,Portland SD 1J,830,Beach,multi,25,6.5
2021,2180,Portland SD 1J,857,Beverly Cleary,all,692,100
2021,2180,Portland SD 1J,857,Beverly Cleary,combined_underserved,183,26.4
2021,2180,Portland SD 1J,857,Beverly Cleary,direct_cert,35,5.1
2021,2180,Portland SD 1J,857,Beverly Cleary,lep,9,1.3
2021,2180,Portland SD 1J,857,Beverly Cleary,swd,93,13.4
2021,2180,Portland SD 1J,857,Beverly Cleary,historically_underserved,93,13.4
2021,2180,Portland SD 1J,857,Beverly Cleary,hispanic,51,7.4
2021,2180,Portland SD 1J,857,Beverly Cleary,black,10,1.4
2021,2180,Portland SD 1J,857,Beverly Cleary,multi,28,4
2021,2180,Portland SD 1J,833,Boise-Eliot/Humboldt,all,334,100
2021,2180,Portland SD 1J,833,Boise-Eliot/Humboldt,combined_underserved,285,85.3
2021,2180,Portland SD 1J,833,Boise-Eliot/Humboldt,direct_cert,185,55.4
2021,2180,Portland SD 1J,833,Boise-Eliot/Humboldt,lep,12,3.6
2021,2180,Portland SD 1J,833,Boise-Eliot/Humboldt,swd,54,16.2
2021,2180,Portland SD 1J,833,Boise-Eliot/Humboldt,historically_underserved,249,74.6
2021,2180,Portland SD 1J,833,Boise-Eliot/Humboldt,hispanic,51,15.3
2021,2180,Portland SD 1J,833,Boise-Eliot/Humboldt,black,148,44.3
2021,2180,Portland SD 1J,833,Boise-Eliot/Humboldt,multi,44,13.2
2021,2180,Portland SD 1J,834,Bridger,all,514,100
2021,2180,Portland SD 1J,834,Bridger,combined_underserved,329,64
2021,2180,Portland SD 1J,834,Bridger,direct_cert,126,24.5
2021,2180,Portland SD 1J,834,Bridger,lep,79,15.4
2021,2180,Portland SD 1J,834,Bridger,swd,71,13.8
2021,2180,Portland SD 1J,834,Bridger,historically_underserved,258,50.2
2021,2180,Portland SD 1J,834,Bridger,hispanic,192,37.4
2021,2180,Portland SD 1J,834,Bridger,black,29,5.6
2021,2180,Portland SD 1J,834,Bridger,multi,28,5.4
2021,2180,Portland SD 1J,835,Bridlemile,all,437,100
2021,2180,Portland SD 1J,835,Bridlemile,combined_underserved,151,34.6
2021,2180,Portland SD 1J,835,Bridlemile,direct_cert,39,8.9
2021,2180,Portland SD 1J,835,Bridlemile,lep,23,5.3
2021,2180,Portland SD 1J,835,Bridlemile,swd,72,16.5
2021,2180,Portland SD 1J,835,Bridlemile,historically_underserved,73,16.7
2021,2180,Portland SD 1J,835,Bridlemile,hispanic,42,9.6
2021,2180,Portland SD 1J,835,Bridlemile,black,6,1.4
2021,2180,Portland SD 1J,835,Bridlemile,multi,21,4.8
2021,2180,Portland SD 1J,837,Buckman,all,446,100
2021,2180,Portland SD 1J,837,Buckman,combined_underserved,206,46.2
2021,2180,Portland SD 1J,837,Buckman,direct_cert,98,22
2021,2180,Portland SD 1J,837,Buckman,lep,11,2.5
2021,2180,Portland SD 1J,837,Buckman,swd,82,18.4
2021,2180,Portland SD 1J,837,Buckman,historically_underserved,117,26.2
2021,2180,Portland SD 1J,837,Buckman,hispanic,60,13.5
2021,2180,Portland SD 1J,837,Buckman,black,17,3.8
2021,2180,Portland SD 1J,837,Buckman,multi,38,8.5
2021,2180,Portland SD 1J,838,Capitol Hill,all,346,100
2021,2180,Portland SD 1J,838,Capitol Hill,combined_underserved,107,30.9
2021,2180,Portland SD 1J,838,Capitol Hill,direct_cert,44,12.7
2021,2180,Portland SD 1J,838,Capitol Hill,lep,12,3.5
2021,2180,Portland SD 1J,838,Capitol Hill,swd,25,7.2
2021,2180,Portland SD 1J,838,Capitol Hill,historically_underserved,59,17.1
2021,2180,Portland SD 1J,838,Capitol Hill,hispanic,34,9.8
2021,2180,Portland SD 1J,838,Capitol Hill,black,9,2.6
2021,2180,Portland SD 1J,838,Capitol Hill,multi,13,3.8
2021,2180,Portland SD 1J,841,César Chávez,all,544,100
2021,2180,Portland SD 1J,841,César Chávez,combined_underserved,467,85.8
2021,2180,Portland SD 1J,841,César Chávez,direct_cert,257,47.2
2021,2180,Portland SD 1J,841,César Chávez,lep,193,35.5
2021,2180,Portland SD 1J,841,César Chávez,swd,69,12.7
2021,2180,Portland SD 1J,841,César Chávez,historically_underserved,420,77.2
2021,2180,Portland SD 1J,841,César Chávez,hispanic,286,52.6
2021,2180,Portland SD 1J,841,César Chávez,black,85,15.6
2021,2180,Portland SD 1J,841,César Chávez,multi,32,5.9
2021,2180,Portland SD 1J,839,Chapman,all,375,100
2021,2180,Portland SD 1J,839,Chapman,combined_underserved,194,51.7
2021,2180,Portland SD 1J,839,Chapman,direct_cert,104,27.7
2021,2180,Portland SD 1J,839,Chapman,lep,23,6.1
2021,2180,Portland SD 1J,839,Chapman,swd,39,10.4
2021,2180,Portland SD 1J,839,Chapman,historically_underserved,116,30.9
2021,2180,Portland SD 1J,839,Chapman,hispanic,54,14.4
2021,2180,Portland SD 1J,839,Chapman,black,26,6.9
2021,2180,Portland SD 1J,839,Chapman,multi,29,7.7
2021,2180,Portland SD 1J,840,Chief Joseph,all,305,100
2021,2180,Portland SD 1J,840,Chief Joseph,combined_underserved,130,42.6
2021,2180,Portland SD 1J,840,Chief Joseph,direct_cert,58,19
2021,2180,Portland SD 1J,840,Chief Joseph,lep,22,7.2
2021,2180,Portland SD 1J,840,Chief Joseph,swd,42,13.8
2021,2180,Portland SD 1J,840,Chief Joseph,historically_underserved,78,25.6
2021,2180,Portland SD 1J,840,Chief Joseph,hispanic,29,9.5
2021,2180,Portland SD 1J,840,Chief Joseph,black,13,4.3
2021,2180,Portland SD 1J,840,Chief Joseph,multi,27,8.9
2021,2180,Portland SD 1J,4640,Creative Science,all,450,100
2021,2180,Portland SD 1J,4640,Creative Science,combined_underserved,188,41.8
2021,2180,Portland SD 1J,4640,Creative Science,direct_cert,65,14.4
2021,2180,Portland SD 1J,4640,Creative Science,lep,24,5.3
2021,2180,Portland SD 1J,4640,Creative Science,swd,92,20.4
2021,2180,Portland SD 1J,4640,Creative Science,historically_underserved,75,16.7
2021,2180,Portland SD 1J,4640,Creative Science,hispanic,35,7.8
2021,2180,Portland SD 1J,4640,Creative Science,black,12,2.7
2021,2180,Portland SD 1J,4640,Creative Science,multi,23,5.1
2021,2180,Portland SD 1J,843,Creston,all,385,100
2021,2180,Portland SD 1J,843,Creston,combined_underserved,212,55.1
2021,2180,Portland SD 1J,843,Creston,direct_cert,102,26.5
2021,2180,Portland SD 1J,843,Creston,lep,35,9.1
2021,2180,Portland SD 1J,843,Creston,swd,92,23.9
2021,2180,Portland SD 1J,843,Creston,historically_underserved,118,30.6
2021,2180,Portland SD 1J,843,Creston,hispanic,76,19.7
2021,2180,Portland SD 1J,843,Creston,black,15,3.9
2021,2180,Portland SD 1J,843,Creston,multi,23,6
2021,2180,Portland SD 1J,844,Duniway,all,468,100
2021,2180,Portland SD 1J,844,Duniway,combined_underserved,132,28.2
2021,2180,Portland SD 1J,844,Duniway,direct_cert,27,5.8
2021,2180,Portland SD 1J,844,Duniway,lep,12,2.6
2021,2180,Portland SD 1J,844,Duniway,swd,69,14.7
2021,2180,Portland SD 1J,844,Duniway,historically_underserved,45,9.6
2021,2180,Portland SD 1J,844,Duniway,hispanic,30,6.4
2021,2180,Portland SD 1J,844,Duniway,black,2,0.4
2021,2180,Portland SD 1J,844,Duniway,multi,13,2.8
2021,2180,Portland SD 1J,847,Faubion,all,740,100
2021,2180,Portland SD 1J,847,Faubion,combined_underserved,617,83.4
2021,2180,Portland SD 1J,847,Faubion,direct_cert,330,44.6
2021,2180,Portland SD 1J,847,Faubion,lep,101,13.6
2021,2180,Portland SD 1J,847,Faubion,swd,123,16.6
2021,2180,Portland SD 1J,847,Faubion,historically_underserved,530,71.6
2021,2180,Portland SD 1J,847,Faubion,hispanic,219,29.6
2021,2180,Portland SD 1J,847,Faubion,black,206,27.8
2021,2180,Portland SD 1J,847,Faubion,multi,78,10.5
2021,2180,Portland SD 1J,2413,Forest Park,all,348,100
2021,2180,Portland SD 1J,2413,Forest Park,combined_underserved,86,24.7
2021,2180,Portland SD 1J,2413,Forest Park,direct_cert,1,0.3
2021,2180,Portland SD 1J,2413,Forest Park,lep,27,7.8
2021,2180,Portland SD 1J,2413,Forest Park,swd,38,10.9
2021,2180,Portland SD 1J,2413,Forest Park,historically_underserved,32,9.2
2021,2180,Portland SD 1J,2413,Forest Park,hispanic,16,4.6
2021,2180,Portland SD 1J,2413,Forest Park,black,6,1.7
2021,2180,Portland SD 1J,2413,Forest Park,multi,9,2.6
2021,2180,Portland SD 1J,850,Glencoe,all,395,100
2021,2180,Portland SD 1J,850,Glencoe,combined_underserved,164,41.5
2021,2180,Portland SD 1J,850,Glencoe,direct_cert,45,11.4
2021,2180,Portland SD 1J,850,Glencoe,lep,13,3.3
2021,2180,Portland SD 1J,850,Glencoe,swd,73,18.5
2021,2180,Portland SD 1J,850,Glencoe,historically_underserved,80,20.3
2021,2180,Portland SD 1J,850,Glencoe,hispanic,42,10.6
2021,2180,Portland SD 1J,850,Glencoe,black,12,3
2021,2180,Portland SD 1J,850,Glencoe,multi,26,6.6
2021,2180,Portland SD 1J,854,Grout,all,350,100
2021,2180,Portland SD 1J,854,Grout,combined_underserved,195,55.7
2021,2180,Portland SD 1J,854,Grout,direct_cert,114,32.6
2021,2180,Portland SD 1J,854,Grout,lep,47,13.4
2021,2180,Portland SD 1J,854,Grout,swd,69,19.7
2021,2180,Portland SD 1J,854,Grout,historically_underserved,88,25.1
2021,2180,Portland SD 1J,854,Grout,hispanic,31,8.9
2021,2180,Portland SD 1J,854,Grout,black,34,9.7
2021,2180,Portland SD 1J,854,Grout,multi,20,5.7
2021,2180,Portland SD 1J,842,Harrison Park,all,601,100
2021,2180,Portland SD 1J,842,Harrison Park,combined_underserved,486,80.9
2021,2180,Portland SD 1J,842,Harrison Park,direct_cert,271,45.1
2021,2180,Portland SD 1J,842,Harrison Park,lep,197,32.8
2021,2180,Portland SD 1J,842,Harrison Park,swd,104,17.3
2021,2180,Portland SD 1J,842,Harrison Park,historically_underserved,308,51.2
2021,2180,Portland SD 1J,842,Harrison Park,hispanic,99,16.5
2021,2180,Portland SD 1J,842,Harrison Park,black,133,22.1
2021,2180,Portland SD 1J,842,Harrison Park,multi,48,8
2021,2180,Portland SD 1J,855,Hayhurst,all,380,100
2021,2180,Portland SD 1J,855,Hayhurst,combined_underserved,153,40.3
2021,2180,Portland SD 1J,855,Hayhurst,direct_cert,77,20.3
2021,2180,Portland SD 1J,855,Hayhurst,lep,20,5.3
2021,2180,Portland SD 1J,855,Hayhurst,swd,72,18.9
2021,2180,Portland SD 1J,855,Hayhurst,historically_underserved,81,21.3
2021,2180,Portland SD 1J,855,Hayhurst,hispanic,33,8.7
2021,2180,Portland SD 1J,855,Hayhurst,black,18,4.7
2021,2180,Portland SD 1J,855,Hayhurst,multi,29,7.6
2021,2180,Portland SD 1J,861,Irvington,all,320,100
2021,2180,Portland SD 1J,861,Irvington,combined_underserved,147,45.9
2021,2180,Portland SD 1J,861,Irvington,direct_cert,64,20
2021,2180,Portland SD 1J,861,Irvington,lep,12,3.8
2021,2180,Portland SD 1J,861,Irvington,swd,58,18.1
2021,2180,Portland SD 1J,861,Irvington,historically_underserved,95,29.7
2021,2180,Portland SD 1J,861,Irvington,hispanic,32,10
2021,2180,Portland SD 1J,861,Irvington,black,39,12.2
2021,2180,Portland SD 1J,861,Irvington,multi,23,7.2
2021,2180,Portland SD 1J,862,James John,all,316,100
2021,2180,Portland SD 1J,862,James John,combined_underserved,217,68.7
2021,2180,Portland SD 1J,862,James John,direct_cert,115,36.4
2021,2180,Portland SD 1J,862,James John,lep,73,23.1
2021,2180,Portland SD 1J,862,James John,swd,74,23.4
2021,2180,Portland SD 1J,862,James John,historically_underserved,168,53.2
2021,2180,Portland SD 1J,862,James John,hispanic,121,38.3
2021,2180,Portland SD 1J,862,James John,black,17,5.4
2021,2180,Portland SD 1J,862,James John,multi,25,7.9
2021,2180,Portland SD 1J,864,Kelly,all,419,100
2021,2180,Portland SD 1J,864,Kelly,combined_underserved,352,84
2021,2180,Portland SD 1J,864,Kelly,direct_cert,195,46.5
2021,2180,Portland SD 1J,864,Kelly,lep,183,43.7
2021,2180,Portland SD 1J,864,Kelly,swd,65,15.5
2021,2180,Portland SD 1J,864,Kelly,historically_underserved,143,34.1
2021,2180,Portland SD 1J,864,Kelly,hispanic,67,16
2021,2180,Portland SD 1J,864,Kelly,black,31,7.4
2021,2180,Portland SD 1J,864,Kelly,multi,29,6.9
2021,2180,Portland SD 1J,868,Laurelhurst,all,688,100
2021,2180,Portland SD 1J,868,Laurelhurst,combined_underserved,170,24.7
2021,2180,Portland SD 1J,868,Laurelhurst,direct_cert,46,6.7
2021,2180,Portland SD 1J,868,Laurelhurst,lep,3,0.4
2021,2180,Portland SD 1J,868,Laurelhurst,swd,71,10.3
2021,2180,Portland SD 1J,868,Laurelhurst,historically_underserved,94,13.7
2021,2180,Portland SD 1J,868,Laurelhurst,hispanic,48,7
2021,2180,Portland SD 1J,868,Laurelhurst,black,13,1.9
2021,2180,Portland SD 1J,868,Laurelhurst,multi,31,4.5
2021,2180,Portland SD 1J,869,Lee,all,262,100
2021,2180,Portland SD 1J,869,Lee,combined_underserved,194,74
2021,2180,Portland SD 1J,869,Lee,direct_cert,107,40.8
2021,2180,Portland SD 1J,869,Lee,lep,66,25.2
2021,2180,Portland SD 1J,869,Lee,swd,43,16.4
2021,2180,Portland SD 1J,869,Lee,historically_underserved,115,43.9
2021,2180,Portland SD 1J,869,Lee,hispanic,49,18.7
2021,2180,Portland SD 1J,869,Lee,black,39,14.9
2021,2180,Portland SD 1J,869,Lee,multi,24,9.2
2021,2180,Portland SD 1J,870,Lent,all,476,100
2021,2180,Portland SD 1J,870,Lent,combined_underserved,406,85.3
2021,2180,Portland SD 1J,870,Lent,direct_cert,224,47.1
2021,2180,Portland SD 1J,870,Lent,lep,132,27.7
2021,2180,Portland SD 1J,870,Lent,swd,84,17.6
2021,2180,Portland SD 1J,870,Lent,historically_underserved,311,65.3
2021,2180,Portland SD 1J,870,Lent,hispanic,239,50.2
2021,2180,Portland SD 1J,870,Lent,black,42,8.8
2021,2180,Portland SD 1J,870,Lent,multi,18,3.8
2021,2180,Portland SD 1J,871,Lewis,all,368,100
2021,2180,Portland SD 1J,871,Lewis,combined_underserved,136,37
2021,2180,Portland SD 1J,871,Lewis,direct_cert,57,15.5
2021,2180,Portland SD 1J,871,Lewis,lep,7,1.9
2021,2180,Portland SD 1J,871,Lewis,swd,60,16.3
2021,2180,Portland SD 1J,871,Lewis,historically_underserved,54,14.7
2021,2180,Portland SD 1J,871,Lewis,hispanic,34,9.2
2021,2180,Portland SD 1J,871,Lewis,black,3,0.8
2021,2180,Portland SD 1J,871,Lewis,multi,16,4.3
2021,2180,Portland SD 1J,872,Llewellyn,all,460,100
2021,2180,Portland SD 1J,872,Llewellyn,combined_underserved,160,34.8
2021,2180,Portland SD 1J,872,Llewellyn,direct_cert,34,7.4
2021,2180,Portland SD 1J,872,Llewellyn,lep,5,1.1
2021,2180,Portland SD 1J,872,Llewellyn,swd,87,18.9
2021,2180,Portland SD 1J,872,Llewellyn,historically_underserved,75,16.3
2021,2180,Portland SD 1J,872,Llewellyn,hispanic,48,10.4
2021,2180,Portland SD 1J,872,Llewellyn,black,2,0.4
2021,2180,Portland SD 1J,872,Llewellyn,multi,24,5.2
2021,2180,Portland SD 1J,873,Maplewood,all,347,100
2021,2180,Portland SD 1J,873,Maplewood,combined_underserved,103,29.7
2021,2180,Portland SD 1J,873,Maplewood,direct_cert,38,11
2021,2180,Portland SD 1J,873,Maplewood,lep,9,2.6
2021,2180,Portland SD 1J,873,Maplewood,swd,40,11.5
2021,2180,Portland SD 1J,873,Maplewood,historically_underserved,45,13
2021,2180,Portland SD 1J,873,Maplewood,hispanic,22,6.3
2021,2180,Portland SD 1J,873,Maplewood,black,6,1.7
2021,2180,Portland SD 1J,873,Maplewood,multi,15,4.3
2021,2180,Portland SD 1J,1278,Markham,all,416,100
2021,2180,Portland SD 1J,1278,Markham,combined_underserved,233,56
2021,2180,Portland SD 1J,1278,Markham,direct_cert,132,31.7
2021,2180,Portland SD 1J,1278,Markham,lep,66,15.9
2021,2180,Portland SD 1J,1278,Markham,swd,62,14.9
2021,2180,Portland SD 1J,1278,Markham,historically_underserved,160,38.5
2021,2180,Portland SD 1J,1278,Markham,hispanic,43,10.3
2021,2180,Portland SD 1J,1278,Markham,black,72,17.3
2021,2180,Portland SD 1J,1278,Markham,multi,34,8.2
2021,2180,Portland SD 1J,875,Marysville,all,402,100
2021,2180,Portland SD 1J,875,Marysville,combined_underserved,290,72.1
2021,2180,Portland SD 1J,875,Marysville,direct_cert,191,47.5
2021,2180,Portland SD 1J,875,Marysville,lep,51,12.7
2021,2180,Portland SD 1J,875,Marysville,swd,83,20.6
2021,2180,Portland SD 1J,875,Marysville,historically_underserved,173,43
2021,2180,Portland SD 1J,875,Marysville,hispanic,82,20.4
2021,2180,Portland SD 1J,875,Marysville,black,36,9
2021,2180,Portland SD 1J,875,Marysville,multi,36,9
2021,2180,Portland SD 1J,866,MLK Jr,all,324,100
2021,2180,Portland SD 1J,866,MLK Jr,combined_underserved,232,71.6
2021,2180,Portland SD 1J,866,MLK Jr,direct_cert,148,45.7
2021,2180,Portland SD 1J,866,MLK Jr,lep,52,16
2021,2180,Portland SD 1J,866,MLK Jr,swd,41,12.7
2021,2180,Portland SD 1J,866,MLK Jr,historically_underserved,197,60.8
2021,2180,Portland SD 1J,866,MLK Jr,hispanic,70,21.6
2021,2180,Portland SD 1J,866,MLK Jr,black,100,30.9
2021,2180,Portland SD 1J,866,MLK Jr,multi,18,5.6
2021,2180,Portland SD 1J,NA,Odyssey,all,244,100
2021,2180,Portland SD 1J,NA,Odyssey,combined_underserved,44,18
2021,2180,Portland SD 1J,NA,Odyssey,direct_cert,7,2.9
2021,2180,Portland SD 1J,NA,Odyssey,lep,2,0.8
2021,2180,Portland SD 1J,NA,Odyssey,swd,19,7.8
2021,2180,Portland SD 1J,NA,Odyssey,historically_underserved,24,9.8
2021,2180,Portland SD 1J,NA,Odyssey,hispanic,15,6.1
2021,2180,Portland SD 1J,NA,Odyssey,black,2,0.8
2021,2180,Portland SD 1J,NA,Odyssey,multi,7,2.9
2021,2180,Portland SD 1J,879,Peninsula,all,237,100
2021,2180,Portland SD 1J,879,Peninsula,combined_underserved,155,65.4
2021,2180,Portland SD 1J,879,Peninsula,direct_cert,64,27
2021,2180,Portland SD 1J,879,Peninsula,lep,15,6.3
2021,2180,Portland SD 1J,879,Peninsula,swd,70,29.5
2021,2180,Portland SD 1J,879,Peninsula,historically_underserved,105,44.3
2021,2180,Portland SD 1J,879,Peninsula,hispanic,46,19.4
2021,2180,Portland SD 1J,879,Peninsula,black,28,11.8
2021,2180,Portland SD 1J,879,Peninsula,multi,30,12.7
2021,2180,Portland SD 1J,883,Richmond,all,600,100
2021,2180,Portland SD 1J,883,Richmond,combined_underserved,157,26.2
2021,2180,Portland SD 1J,883,Richmond,direct_cert,28,4.7
2021,2180,Portland SD 1J,883,Richmond,lep,55,9.2
2021,2180,Portland SD 1J,883,Richmond,swd,43,7.2
2021,2180,Portland SD 1J,883,Richmond,historically_underserved,58,9.7
2021,2180,Portland SD 1J,883,Richmond,hispanic,26,4.3
2021,2180,Portland SD 1J,883,Richmond,black,6,1
2021,2180,Portland SD 1J,883,Richmond,multi,26,4.3
2021,2180,Portland SD 1J,1299,Rieke,all,329,100
2021,2180,Portland SD 1J,1299,Rieke,combined_underserved,100,30.4
2021,2180,Portland SD 1J,1299,Rieke,direct_cert,21,6.4
2021,2180,Portland SD 1J,1299,Rieke,lep,6,1.8
2021,2180,Portland SD 1J,1299,Rieke,swd,47,14.3
2021,2180,Portland SD 1J,1299,Rieke,historically_underserved,50,15.2
2021,2180,Portland SD 1J,1299,Rieke,hispanic,25,7.6
2021,2180,Portland SD 1J,1299,Rieke,black,12,3.6
2021,2180,Portland SD 1J,1299,Rieke,multi,12,3.6
2021,2180,Portland SD 1J,884,Rigler,all,268,100
2021,2180,Portland SD 1J,884,Rigler,combined_underserved,229,85.4
2021,2180,Portland SD 1J,884,Rigler,direct_cert,125,46.6
2021,2180,Portland SD 1J,884,Rigler,lep,127,47.4
2021,2180,Portland SD 1J,884,Rigler,swd,38,14.2
2021,2180,Portland SD 1J,884,Rigler,historically_underserved,217,81
2021,2180,Portland SD 1J,884,Rigler,hispanic,190,70.9
2021,2180,Portland SD 1J,884,Rigler,black,18,6.7
2021,2180,Portland SD 1J,884,Rigler,multi,6,2.2
2021,2180,Portland SD 1J,829,Rosa Parks,all,266,100
2021,2180,Portland SD 1J,829,Rosa Parks,combined_underserved,258,97
2021,2180,Portland SD 1J,829,Rosa Parks,direct_cert,173,65
2021,2180,Portland SD 1J,829,Rosa Parks,lep,76,28.6
2021,2180,Portland SD 1J,829,Rosa Parks,swd,43,16.2
2021,2180,Portland SD 1J,829,Rosa Parks,historically_underserved,229,86.1
2021,2180,Portland SD 1J,829,Rosa Parks,hispanic,75,28.2
2021,2180,Portland SD 1J,829,Rosa Parks,black,109,41
2021,2180,Portland SD 1J,829,Rosa Parks,multi,32,12
2021,2180,Portland SD 1J,5427,Rose City Park,all,529,100
2021,2180,Portland SD 1J,5427,Rose City Park,combined_underserved,253,47.8
2021,2180,Portland SD 1J,5427,Rose City Park,direct_cert,94,17.8
2021,2180,Portland SD 1J,5427,Rose City Park,lep,94,17.8
2021,2180,Portland SD 1J,5427,Rose City Park,swd,72,13.6
2021,2180,Portland SD 1J,5427,Rose City Park,historically_underserved,86,16.3
2021,2180,Portland SD 1J,5427,Rose City Park,hispanic,40,7.6
2021,2180,Portland SD 1J,5427,Rose City Park,black,12,2.3
2021,2180,Portland SD 1J,5427,Rose City Park,multi,30,5.7
2021,2180,Portland SD 1J,886,Sabin,all,360,100
2021,2180,Portland SD 1J,886,Sabin,combined_underserved,152,42.2
2021,2180,Portland SD 1J,886,Sabin,direct_cert,68,18.9
2021,2180,Portland SD 1J,886,Sabin,lep,10,2.8
2021,2180,Portland SD 1J,886,Sabin,swd,55,15.3
2021,2180,Portland SD 1J,886,Sabin,historically_underserved,104,28.9
2021,2180,Portland SD 1J,886,Sabin,hispanic,24,6.7
2021,2180,Portland SD 1J,886,Sabin,black,59,16.4
2021,2180,Portland SD 1J,886,Sabin,multi,20,5.6
2021,2180,Portland SD 1J,887,Scott,all,460,100
2021,2180,Portland SD 1J,887,Scott,combined_underserved,341,74.1
2021,2180,Portland SD 1J,887,Scott,direct_cert,220,47.8
2021,2180,Portland SD 1J,887,Scott,lep,133,28.9
2021,2180,Portland SD 1J,887,Scott,swd,86,18.7
2021,2180,Portland SD 1J,887,Scott,historically_underserved,279,60.7
2021,2180,Portland SD 1J,887,Scott,hispanic,171,37.2
2021,2180,Portland SD 1J,887,Scott,black,68,14.8
2021,2180,Portland SD 1J,887,Scott,multi,27,5.9
2021,2180,Portland SD 1J,889,Sitton,all,337,100
2021,2180,Portland SD 1J,889,Sitton,combined_underserved,282,83.7
2021,2180,Portland SD 1J,889,Sitton,direct_cert,167,49.6
2021,2180,Portland SD 1J,889,Sitton,lep,90,26.7
2021,2180,Portland SD 1J,889,Sitton,swd,65,19.3
2021,2180,Portland SD 1J,889,Sitton,historically_underserved,230,68.2
2021,2180,Portland SD 1J,889,Sitton,hispanic,143,42.4
2021,2180,Portland SD 1J,889,Sitton,black,36,10.7
2021,2180,Portland SD 1J,889,Sitton,multi,39,11.6
2021,2180,Portland SD 1J,890,Skyline,all,181,100
2021,2180,Portland SD 1J,890,Skyline,combined_underserved,57,31.5
2021,2180,Portland SD 1J,890,Skyline,direct_cert,14,7.7
2021,2180,Portland SD 1J,890,Skyline,lep,NA,NA
2021,2180,Portland SD 1J,890,Skyline,swd,29,16
2021,2180,Portland SD 1J,890,Skyline,historically_underserved,22,12.2
2021,2180,Portland SD 1J,890,Skyline,hispanic,17,9.4
2021,2180,Portland SD 1J,890,Skyline,black,NA,NA
2021,2180,Portland SD 1J,890,Skyline,multi,4,2.2
2021,2180,Portland SD 1J,892,Stephenson,all,322,100
2021,2180,Portland SD 1J,892,Stephenson,combined_underserved,105,32.6
2021,2180,Portland SD 1J,892,Stephenson,direct_cert,30,9.3
2021,2180,Portland SD 1J,892,Stephenson,lep,11,3.4
2021,2180,Portland SD 1J,892,Stephenson,swd,52,16.1
2021,2180,Portland SD 1J,892,Stephenson,historically_underserved,47,14.6
2021,2180,Portland SD 1J,892,Stephenson,hispanic,26,8.1
2021,2180,Portland SD 1J,892,Stephenson,black,5,1.6
2021,2180,Portland SD 1J,892,Stephenson,multi,16,5
2021,2180,Portland SD 1J,893,Sunnyside Environmental,all,522,100
2021,2180,Portland SD 1J,893,Sunnyside Environmental,combined_underserved,236,45.2
2021,2180,Portland SD 1J,893,Sunnyside Environmental,direct_cert,89,17
2021,2180,Portland SD 1J,893,Sunnyside Environmental,lep,4,0.8
2021,2180,Portland SD 1J,893,Sunnyside Environmental,swd,97,18.6
2021,2180,Portland SD 1J,893,Sunnyside Environmental,historically_underserved,107,20.5
2021,2180,Portland SD 1J,893,Sunnyside Environmental,hispanic,59,11.3
2021,2180,Portland SD 1J,893,Sunnyside Environmental,black,9,1.7
2021,2180,Portland SD 1J,893,Sunnyside Environmental,multi,37,7.1
2021,2180,Portland SD 1J,895,Vernon,all,569,100
2021,2180,Portland SD 1J,895,Vernon,combined_underserved,281,49.4
2021,2180,Portland SD 1J,895,Vernon,direct_cert,144,25.3
2021,2180,Portland SD 1J,895,Vernon,lep,29,5.1
2021,2180,Portland SD 1J,895,Vernon,swd,68,12
2021,2180,Portland SD 1J,895,Vernon,historically_underserved,217,38.1
2021,2180,Portland SD 1J,895,Vernon,hispanic,75,13.2
2021,2180,Portland SD 1J,895,Vernon,black,97,17
2021,2180,Portland SD 1J,895,Vernon,multi,43,7.6
2021,2180,Portland SD 1J,896,Vestal,all,228,100
2021,2180,Portland SD 1J,896,Vestal,combined_underserved,160,70.2
2021,2180,Portland SD 1J,896,Vestal,direct_cert,102,44.7
2021,2180,Portland SD 1J,896,Vestal,lep,25,11
2021,2180,Portland SD 1J,896,Vestal,swd,47,20.6
2021,2180,Portland SD 1J,896,Vestal,historically_underserved,97,42.5
2021,2180,Portland SD 1J,896,Vestal,hispanic,29,12.7
2021,2180,Portland SD 1J,896,Vestal,black,37,16.2
2021,2180,Portland SD 1J,896,Vestal,multi,26,11.4
2021,2180,Portland SD 1J,900,Whitman,all,185,100
2021,2180,Portland SD 1J,900,Whitman,combined_underserved,136,73.5
2021,2180,Portland SD 1J,900,Whitman,direct_cert,85,45.9
2021,2180,Portland SD 1J,900,Whitman,lep,35,18.9
2021,2180,Portland SD 1J,900,Whitman,swd,33,17.8
2021,2180,Portland SD 1J,900,Whitman,historically_underserved,85,45.9
2021,2180,Portland SD 1J,900,Whitman,hispanic,52,28.1
2021,2180,Portland SD 1J,900,Whitman,black,16,8.6
2021,2180,Portland SD 1J,900,Whitman,multi,16,8.6
2021,2180,Portland SD 1J,1364,Winterhaven,all,291,100
2021,2180,Portland SD 1J,1364,Winterhaven,combined_underserved,71,24.4
2021,2180,Portland SD 1J,1364,Winterhaven,direct_cert,26,8.9
2021,2180,Portland SD 1J,1364,Winterhaven,lep,2,0.7
2021,2180,Portland SD 1J,1364,Winterhaven,swd,27,9.3
2021,2180,Portland SD 1J,1364,Winterhaven,historically_underserved,23,7.9
2021,2180,Portland SD 1J,1364,Winterhaven,hispanic,11,3.8
2021,2180,Portland SD 1J,1364,Winterhaven,black,3,1
2021,2180,Portland SD 1J,1364,Winterhaven,multi,9,3.1
2021,2180,Portland SD 1J,902,Woodlawn,all,315,100
2021,2180,Portland SD 1J,902,Woodlawn,combined_underserved,235,74.6
2021,2180,Portland SD 1J,902,Woodlawn,direct_cert,115,36.5
2021,2180,Portland SD 1J,902,Woodlawn,lep,25,7.9
2021,2180,Portland SD 1J,902,Woodlawn,swd,73,23.2
2021,2180,Portland SD 1J,902,Woodlawn,historically_underserved,188,59.7
2021,2180,Portland SD 1J,902,Woodlawn,hispanic,54,17.1
2021,2180,Portland SD 1J,902,Woodlawn,black,93,29.5
2021,2180,Portland SD 1J,902,Woodlawn,multi,35,11.1
2021,2180,Portland SD 1J,903,Woodmere,all,269,100
2021,2180,Portland SD 1J,903,Woodmere,combined_underserved,208,77.3
2021,2180,Portland SD 1J,903,Woodmere,direct_cert,135,50.2
2021,2180,Portland SD 1J,903,Woodmere,lep,64,23.8
2021,2180,Portland SD 1J,903,Woodmere,swd,68,25.3
2021,2180,Portland SD 1J,903,Woodmere,historically_underserved,117,43.5
2021,2180,Portland SD 1J,903,Woodmere,hispanic,48,17.8
2021,2180,Portland SD 1J,903,Woodmere,black,28,10.4
2021,2180,Portland SD 1J,903,Woodmere,multi,30,11.2
2021,2180,Portland SD 1J,904,Woodstock,all,526,100
2021,2180,Portland SD 1J,904,Woodstock,combined_underserved,201,38.2
2021,2180,Portland SD 1J,904,Woodstock,direct_cert,73,13.9
2021,2180,Portland SD 1J,904,Woodstock,lep,80,15.2
2021,2180,Portland SD 1J,904,Woodstock,swd,51,9.7
2021,2180,Portland SD 1J,904,Woodstock,historically_underserved,51,9.7
2021,2180,Portland SD 1J,904,Woodstock,hispanic,29,5.5
2021,2180,Portland SD 1J,904,Woodstock,black,2,0.4
2021,2180,Portland SD 1J,904,Woodstock,multi,18,3.4
2021,2180,Portland SD 1J,831,Beaumont,all,518,100
2021,2180,Portland SD 1J,831,Beaumont,combined_underserved,252,48.6
2021,2180,Portland SD 1J,831,Beaumont,direct_cert,102,19.7
2021,2180,Portland SD 1J,831,Beaumont,lep,66,12.7
2021,2180,Portland SD 1J,831,Beaumont,swd,84,16.2
2021,2180,Portland SD 1J,831,Beaumont,historically_underserved,205,39.6
2021,2180,Portland SD 1J,831,Beaumont,hispanic,133,25.7
2021,2180,Portland SD 1J,831,Beaumont,black,39,7.5
2021,2180,Portland SD 1J,831,Beaumont,multi,31,6
2021,2180,Portland SD 1J,1363,da Vinci,all,443,100
2021,2180,Portland SD 1J,1363,da Vinci,combined_underserved,200,45.1
2021,2180,Portland SD 1J,1363,da Vinci,direct_cert,69,15.6
2021,2180,Portland SD 1J,1363,da Vinci,lep,2,0.5
2021,2180,Portland SD 1J,1363,da Vinci,swd,76,17.2
2021,2180,Portland SD 1J,1363,da Vinci,historically_underserved,122,27.5
2021,2180,Portland SD 1J,1363,da Vinci,hispanic,42,9.5
2021,2180,Portland SD 1J,1363,da Vinci,black,31,7
2021,2180,Portland SD 1J,1363,da Vinci,multi,48,10.8
2021,2180,Portland SD 1J,849,George,all,432,100
2021,2180,Portland SD 1J,849,George,combined_underserved,385,89.1
2021,2180,Portland SD 1J,849,George,direct_cert,245,56.7
2021,2180,Portland SD 1J,849,George,lep,81,18.8
2021,2180,Portland SD 1J,849,George,swd,101,23.4
2021,2180,Portland SD 1J,849,George,historically_underserved,336,77.8
2021,2180,Portland SD 1J,849,George,hispanic,179,41.4
2021,2180,Portland SD 1J,849,George,black,98,22.7
2021,2180,Portland SD 1J,849,George,multi,46,10.6
2021,2180,Portland SD 1J,852,Gray,all,509,100
2021,2180,Portland SD 1J,852,Gray,combined_underserved,165,32.4
2021,2180,Portland SD 1J,852,Gray,direct_cert,48,9.4
2021,2180,Portland SD 1J,852,Gray,lep,11,2.2
2021,2180,Portland SD 1J,852,Gray,swd,76,14.9
2021,2180,Portland SD 1J,852,Gray,historically_underserved,91,17.9
2021,2180,Portland SD 1J,852,Gray,hispanic,44,8.6
2021,2180,Portland SD 1J,852,Gray,black,17,3.3
2021,2180,Portland SD 1J,852,Gray,multi,28,5.5
2021,2180,Portland SD 1J,894,Harriet Tubman,all,443,100
2021,2180,Portland SD 1J,894,Harriet Tubman,combined_underserved,311,70.2
2021,2180,Portland SD 1J,894,Harriet Tubman,direct_cert,156,35.2
2021,2180,Portland SD 1J,894,Harriet Tubman,lep,26,5.9
2021,2180,Portland SD 1J,894,Harriet Tubman,swd,66,14.9
2021,2180,Portland SD 1J,894,Harriet Tubman,historically_underserved,275,62.1
2021,2180,Portland SD 1J,894,Harriet Tubman,hispanic,65,14.7
2021,2180,Portland SD 1J,894,Harriet Tubman,black,157,35.4
2021,2180,Portland SD 1J,894,Harriet Tubman,multi,48,10.8
2021,2180,Portland SD 1J,858,Hosford,all,676,100
2021,2180,Portland SD 1J,858,Hosford,combined_underserved,280,41.4
2021,2180,Portland SD 1J,858,Hosford,direct_cert,138,20.4
2021,2180,Portland SD 1J,858,Hosford,lep,29,4.3
2021,2180,Portland SD 1J,858,Hosford,swd,123,18.2
2021,2180,Portland SD 1J,858,Hosford,historically_underserved,134,19.8
2021,2180,Portland SD 1J,858,Hosford,hispanic,69,10.2
2021,2180,Portland SD 1J,858,Hosford,black,27,4
2021,2180,Portland SD 1J,858,Hosford,multi,34,5
2021,2180,Portland SD 1J,1277,Jackson,all,803,100
2021,2180,Portland SD 1J,1277,Jackson,combined_underserved,319,39.7
2021,2180,Portland SD 1J,1277,Jackson,direct_cert,121,15.1
2021,2180,Portland SD 1J,1277,Jackson,lep,18,2.2
2021,2180,Portland SD 1J,1277,Jackson,swd,120,14.9
2021,2180,Portland SD 1J,1277,Jackson,historically_underserved,190,23.7
2021,2180,Portland SD 1J,1277,Jackson,hispanic,75,9.3
2021,2180,Portland SD 1J,1277,Jackson,black,57,7.1
2021,2180,Portland SD 1J,1277,Jackson,multi,50,6.2
2021,2180,Portland SD 1J,1243,Lane,all,416,100
2021,2180,Portland SD 1J,1243,Lane,combined_underserved,307,73.8
2021,2180,Portland SD 1J,1243,Lane,direct_cert,186,44.7
2021,2180,Portland SD 1J,1243,Lane,lep,70,16.8
2021,2180,Portland SD 1J,1243,Lane,swd,87,20.9
2021,2180,Portland SD 1J,1243,Lane,historically_underserved,177,42.5
2021,2180,Portland SD 1J,1243,Lane,hispanic,93,22.4
2021,2180,Portland SD 1J,1243,Lane,black,49,11.8
2021,2180,Portland SD 1J,1243,Lane,multi,22,5.3
2021,2180,Portland SD 1J,877,Mt Tabor,all,721,100
2021,2180,Portland SD 1J,877,Mt Tabor,combined_underserved,234,32.5
2021,2180,Portland SD 1J,877,Mt Tabor,direct_cert,69,9.6
2021,2180,Portland SD 1J,877,Mt Tabor,lep,28,3.9
2021,2180,Portland SD 1J,877,Mt Tabor,swd,94,13
2021,2180,Portland SD 1J,877,Mt Tabor,historically_underserved,127,17.6
2021,2180,Portland SD 1J,877,Mt Tabor,hispanic,82,11.4
2021,2180,Portland SD 1J,877,Mt Tabor,black,8,1.1
2021,2180,Portland SD 1J,877,Mt Tabor,multi,33,4.6
2021,2180,Portland SD 1J,878,Ockley Green,all,487,100
2021,2180,Portland SD 1J,878,Ockley Green,combined_underserved,334,68.6
2021,2180,Portland SD 1J,878,Ockley Green,direct_cert,148,30.4
2021,2180,Portland SD 1J,878,Ockley Green,lep,28,5.7
2021,2180,Portland SD 1J,878,Ockley Green,swd,86,17.7
2021,2180,Portland SD 1J,878,Ockley Green,historically_underserved,272,55.9
2021,2180,Portland SD 1J,878,Ockley Green,hispanic,112,23
2021,2180,Portland SD 1J,878,Ockley Green,black,112,23
2021,2180,Portland SD 1J,878,Ockley Green,multi,38,7.8
2021,2180,Portland SD 1J,885,Roseway Heights,all,617,100
2021,2180,Portland SD 1J,885,Roseway Heights,combined_underserved,400,64.8
2021,2180,Portland SD 1J,885,Roseway Heights,direct_cert,225,36.5
2021,2180,Portland SD 1J,885,Roseway Heights,lep,88,14.3
2021,2180,Portland SD 1J,885,Roseway Heights,swd,100,16.2
2021,2180,Portland SD 1J,885,Roseway Heights,historically_underserved,285,46.2
2021,2180,Portland SD 1J,885,Roseway Heights,hispanic,141,22.9
2021,2180,Portland SD 1J,885,Roseway Heights,black,79,12.8
2021,2180,Portland SD 1J,885,Roseway Heights,multi,54,8.8
2021,2180,Portland SD 1J,888,Sellwood,all,549,100
2021,2180,Portland SD 1J,888,Sellwood,combined_underserved,170,31
2021,2180,Portland SD 1J,888,Sellwood,direct_cert,51,9.3
2021,2180,Portland SD 1J,888,Sellwood,lep,1,0.2
2021,2180,Portland SD 1J,888,Sellwood,swd,84,15.3
2021,2180,Portland SD 1J,888,Sellwood,historically_underserved,74,13.5
2021,2180,Portland SD 1J,888,Sellwood,hispanic,39,7.1
2021,2180,Portland SD 1J,888,Sellwood,black,6,1.1
2021,2180,Portland SD 1J,888,Sellwood,multi,27,4.9
2021,2180,Portland SD 1J,898,West Sylvan,all,802,100
2021,2180,Portland SD 1J,898,West Sylvan,combined_underserved,211,26.3
2021,2180,Portland SD 1J,898,West Sylvan,direct_cert,59,7.4
2021,2180,Portland SD 1J,898,West Sylvan,lep,12,1.5
2021,2180,Portland SD 1J,898,West Sylvan,swd,69,8.6
2021,2180,Portland SD 1J,898,West Sylvan,historically_underserved,126,15.7
2021,2180,Portland SD 1J,898,West Sylvan,hispanic,71,8.9
2021,2180,Portland SD 1J,898,West Sylvan,black,27,3.4
2021,2180,Portland SD 1J,898,West Sylvan,multi,24,3
2021,2180,Portland SD 1J,906,Benson,all,1005,100
2021,2180,Portland SD 1J,906,Benson,combined_underserved,639,63.6
2021,2180,Portland SD 1J,906,Benson,direct_cert,240,23.9
2021,2180,Portland SD 1J,906,Benson,lep,71,7.1
2021,2180,Portland SD 1J,906,Benson,swd,193,19.2
2021,2180,Portland SD 1J,906,Benson,historically_underserved,466,46.4
2021,2180,Portland SD 1J,906,Benson,hispanic,271,27
2021,2180,Portland SD 1J,906,Benson,black,117,11.6
2021,2180,Portland SD 1J,906,Benson,multi,64,6.4
2021,2180,Portland SD 1J,909,Cleveland,all,1581,100
2021,2180,Portland SD 1J,909,Cleveland,combined_underserved,500,31.6
2021,2180,Portland SD 1J,909,Cleveland,direct_cert,190,12
2021,2180,Portland SD 1J,909,Cleveland,lep,23,1.5
2021,2180,Portland SD 1J,909,Cleveland,swd,189,12
2021,2180,Portland SD 1J,909,Cleveland,historically_underserved,267,16.9
2021,2180,Portland SD 1J,909,Cleveland,hispanic,142,9
2021,2180,Portland SD 1J,909,Cleveland,black,39,2.5
2021,2180,Portland SD 1J,909,Cleveland,multi,77,4.9
2021,2180,Portland SD 1J,911,Franklin,all,2010,100
2021,2180,Portland SD 1J,911,Franklin,combined_underserved,974,48.5
2021,2180,Portland SD 1J,911,Franklin,direct_cert,454,22.6
2021,2180,Portland SD 1J,911,Franklin,lep,120,6
2021,2180,Portland SD 1J,911,Franklin,swd,253,12.6
2021,2180,Portland SD 1J,911,Franklin,historically_underserved,620,30.8
2021,2180,Portland SD 1J,911,Franklin,hispanic,389,19.4
2021,2180,Portland SD 1J,911,Franklin,black,88,4.4
2021,2180,Portland SD 1J,911,Franklin,multi,114,5.7
2021,2180,Portland SD 1J,912,Grant,all,1965,100
2021,2180,Portland SD 1J,912,Grant,combined_underserved,525,26.7
2021,2180,Portland SD 1J,912,Grant,direct_cert,176,9
2021,2180,Portland SD 1J,912,Grant,lep,11,0.6
2021,2180,Portland SD 1J,912,Grant,swd,158,8
2021,2180,Portland SD 1J,912,Grant,historically_underserved,381,19.4
2021,2180,Portland SD 1J,912,Grant,hispanic,147,7.5
2021,2180,Portland SD 1J,912,Grant,black,114,5.8
2021,2180,Portland SD 1J,912,Grant,multi,103,5.2
2021,2180,Portland SD 1J,922,Ida B. Wells-Barnett,all,1540,100
2021,2180,Portland SD 1J,922,Ida B. Wells-Barnett,combined_underserved,468,30.4
2021,2180,Portland SD 1J,922,Ida B. Wells-Barnett,direct_cert,164,10.6
2021,2180,Portland SD 1J,922,Ida B. Wells-Barnett,lep,28,1.8
2021,2180,Portland SD 1J,922,Ida B. Wells-Barnett,swd,168,10.9
2021,2180,Portland SD 1J,922,Ida B. Wells-Barnett,historically_underserved,289,18.8
2021,2180,Portland SD 1J,922,Ida B. Wells-Barnett,hispanic,126,8.2
2021,2180,Portland SD 1J,922,Ida B. Wells-Barnett,black,64,4.2
2021,2180,Portland SD 1J,922,Ida B. Wells-Barnett,multi,86,5.6
2021,2180,Portland SD 1J,913,Jefferson,all,620,100
2021,2180,Portland SD 1J,913,Jefferson,combined_underserved,469,75.6
2021,2180,Portland SD 1J,913,Jefferson,direct_cert,217,35
2021,2180,Portland SD 1J,913,Jefferson,lep,40,6.5
2021,2180,Portland SD 1J,913,Jefferson,swd,76,12.3
2021,2180,Portland SD 1J,913,Jefferson,historically_underserved,418,67.4
2021,2180,Portland SD 1J,913,Jefferson,hispanic,135,21.8
2021,2180,Portland SD 1J,913,Jefferson,black,204,32.9
2021,2180,Portland SD 1J,913,Jefferson,multi,71,11.5
2021,2180,Portland SD 1J,915,Leodis V. McDaniel,all,1173,100
2021,2180,Portland SD 1J,915,Leodis V. McDaniel,combined_underserved,766,65.3
2021,2180,Portland SD 1J,915,Leodis V. McDaniel,direct_cert,396,33.8
2021,2180,Portland SD 1J,915,Leodis V. McDaniel,lep,169,14.4
2021,2180,Portland SD 1J,915,Leodis V. McDaniel,swd,170,14.5
2021,2180,Portland SD 1J,915,Leodis V. McDaniel,historically_underserved,593,50.6
2021,2180,Portland SD 1J,915,Leodis V. McDaniel,hispanic,293,25
2021,2180,Portland SD 1J,915,Leodis V. McDaniel,black,169,14.4
2021,2180,Portland SD 1J,915,Leodis V. McDaniel,multi,97,8.3
2021,2180,Portland SD 1J,914,Lincoln,all,1481,100
2021,2180,Portland SD 1J,914,Lincoln,combined_underserved,355,24
2021,2180,Portland SD 1J,914,Lincoln,direct_cert,72,4.9
2021,2180,Portland SD 1J,914,Lincoln,lep,27,1.8
2021,2180,Portland SD 1J,914,Lincoln,swd,80,5.4
2021,2180,Portland SD 1J,914,Lincoln,historically_underserved,251,16.9
2021,2180,Portland SD 1J,914,Lincoln,hispanic,162,10.9
2021,2180,Portland SD 1J,914,Lincoln,black,26,1.8
2021,2180,Portland SD 1J,914,Lincoln,multi,58,3.9
2021,2180,Portland SD 1J,918,Roosevelt,all,1292,100
2021,2180,Portland SD 1J,918,Roosevelt,combined_underserved,976,75.5
2021,2180,Portland SD 1J,918,Roosevelt,direct_cert,460,35.6
2021,2180,Portland SD 1J,918,Roosevelt,lep,218,16.9
2021,2180,Portland SD 1J,918,Roosevelt,swd,233,18
2021,2180,Portland SD 1J,918,Roosevelt,historically_underserved,807,62.5
2021,2180,Portland SD 1J,918,Roosevelt,hispanic,466,36.1
2021,2180,Portland SD 1J,918,Roosevelt,black,202,15.6
2021,2180,Portland SD 1J,918,Roosevelt,multi,89,6.9
2021,2180,Portland SD 1J,NA,ACCESS,all,318,100
2021,2180,Portland SD 1J,NA,ACCESS,combined_underserved,97,30.5
2021,2180,Portland SD 1J,NA,ACCESS,direct_cert,19,6
2021,2180,Portland SD 1J,NA,ACCESS,lep,1,0.3
2021,2180,Portland SD 1J,NA,ACCESS,swd,57,17.9
2021,2180,Portland SD 1J,NA,ACCESS,historically_underserved,37,11.6
2021,2180,Portland SD 1J,NA,ACCESS,hispanic,17,5.3
2021,2180,Portland SD 1J,NA,ACCESS,black,8,2.5
2021,2180,Portland SD 1J,NA,ACCESS,multi,11,3.5
2021,2180,Portland SD 1J,4507,Alliance,all,213,100
2021,2180,Portland SD 1J,4507,Alliance,combined_underserved,160,75.1
2021,2180,Portland SD 1J,4507,Alliance,direct_cert,76,35.7
2021,2180,Portland SD 1J,4507,Alliance,lep,8,3.8
2021,2180,Portland SD 1J,4507,Alliance,swd,60,28.2
2021,2180,Portland SD 1J,4507,Alliance,historically_underserved,106,49.8
2021,2180,Portland SD 1J,4507,Alliance,hispanic,53,24.9
2021,2180,Portland SD 1J,4507,Alliance,black,30,14.1
2021,2180,Portland SD 1J,4507,Alliance,multi,23,10.8
2021,2180,Portland SD 1J,NA,Head Start Early Childhood Ed,all,322,100
2021,2180,Portland SD 1J,NA,Head Start Early Childhood Ed,combined_underserved,272,84.5
2021,2180,Portland SD 1J,NA,Head Start Early Childhood Ed,direct_cert,191,59.3
2021,2180,Portland SD 1J,NA,Head Start Early Childhood Ed,lep,1,0.3
2021,2180,Portland SD 1J,NA,Head Start Early Childhood Ed,swd,NA,NA
2021,2180,Portland SD 1J,NA,Head Start Early Childhood Ed,historically_underserved,219,68
2021,2180,Portland SD 1J,NA,Head Start Early Childhood Ed,hispanic,128,39.8
2021,2180,Portland SD 1J,NA,Head Start Early Childhood Ed,black,52,16.1
2021,2180,Portland SD 1J,NA,Head Start Early Childhood Ed,multi,28,8.7
2021,2180,Portland SD 1J,916,Metro. Learning Center,all,377,100
2021,2180,Portland SD 1J,916,Metro. Learning Center,combined_underserved,169,44.8
2021,2180,Portland SD 1J,916,Metro. Learning Center,direct_cert,50,13.3
2021,2180,Portland SD 1J,916,Metro. Learning Center,lep,2,0.5
2021,2180,Portland SD 1J,916,Metro. Learning Center,swd,90,23.9
2021,2180,Portland SD 1J,916,Metro. Learning Center,historically_underserved,69,18.3
2021,2180,Portland SD 1J,916,Metro. Learning Center,hispanic,41,10.9
2021,2180,Portland SD 1J,916,Metro. Learning Center,black,5,1.3
2021,2180,Portland SD 1J,916,Metro. Learning Center,multi,22,5.8
2021,2180,Portland SD 1J,NA,Portland International Scholars Academy,all,13,100
2021,2180,Portland SD 1J,NA,Portland International Scholars Academy,combined_underserved,13,100
2021,2180,Portland SD 1J,NA,Portland International Scholars Academy,direct_cert,5,38.5
2021,2180,Portland SD 1J,NA,Portland International Scholars Academy,lep,13,100
2021,2180,Portland SD 1J,NA,Portland International Scholars Academy,swd,NA,NA
2021,2180,Portland SD 1J,NA,Portland International Scholars Academy,historically_underserved,13,100
2021,2180,Portland SD 1J,NA,Portland International Scholars Academy,hispanic,11,84.6
2021,2180,Portland SD 1J,NA,Portland International Scholars Academy,black,2,15.4
2021,2180,Portland SD 1J,NA,Portland International Scholars Academy,multi,NA,NA
2021,2180,Portland SD 1J,NA,Depaul Center,all,7,100
2021,2180,Portland SD 1J,NA,Depaul Center,combined_underserved,5,71.4
2021,2180,Portland SD 1J,NA,Depaul Center,direct_cert,2,28.6
2021,2180,Portland SD 1J,NA,Depaul Center,lep,NA,NA
2021,2180,Portland SD 1J,NA,Depaul Center,swd,NA,NA
2021,2180,Portland SD 1J,NA,Depaul Center,historically_underserved,3,42.9
2021,2180,Portland SD 1J,NA,Depaul Center,hispanic,2,28.6
2021,2180,Portland SD 1J,NA,Depaul Center,black,NA,NA
2021,2180,Portland SD 1J,NA,Depaul Center,multi,1,14.3
2021,2180,Portland SD 1J,1803,Mt Scott Learning Center,all,148,100
2021,2180,Portland SD 1J,1803,Mt Scott Learning Center,combined_underserved,118,79.7
2021,2180,Portland SD 1J,1803,Mt Scott Learning Center,direct_cert,67,45.3
2021,2180,Portland SD 1J,1803,Mt Scott Learning Center,lep,4,2.7
2021,2180,Portland SD 1J,1803,Mt Scott Learning Center,swd,57,38.5
2021,2180,Portland SD 1J,1803,Mt Scott Learning Center,historically_underserved,59,39.9
2021,2180,Portland SD 1J,1803,Mt Scott Learning Center,hispanic,33,22.3
2021,2180,Portland SD 1J,1803,Mt Scott Learning Center,black,9,6.1
2021,2180,Portland SD 1J,1803,Mt Scott Learning Center,multi,17,11.5
2021,2180,Portland SD 1J,4587,NAYA Early College Academy,all,53,100
2021,2180,Portland SD 1J,4587,NAYA Early College Academy,combined_underserved,51,96.2
2021,2180,Portland SD 1J,4587,NAYA Early College Academy,direct_cert,28,52.8
2021,2180,Portland SD 1J,4587,NAYA Early College Academy,lep,4,7.5
2021,2180,Portland SD 1J,4587,NAYA Early College Academy,swd,17,32.1
2021,2180,Portland SD 1J,4587,NAYA Early College Academy,historically_underserved,49,92.5
2021,2180,Portland SD 1J,4587,NAYA Early College Academy,hispanic,18,34
2021,2180,Portland SD 1J,4587,NAYA Early College Academy,black,7,13.2
2021,2180,Portland SD 1J,4587,NAYA Early College Academy,multi,12,22.6
2021,2180,Portland SD 1J,NA,PCC,all,364,100
2021,2180,Portland SD 1J,NA,PCC,combined_underserved,216,59.3
2021,2180,Portland SD 1J,NA,PCC,direct_cert,77,21.2
2021,2180,Portland SD 1J,NA,PCC,lep,42,11.5
2021,2180,Portland SD 1J,NA,PCC,swd,46,12.6
2021,2180,Portland SD 1J,NA,PCC,historically_underserved,149,40.9
2021,2180,Portland SD 1J,NA,PCC,hispanic,79,21.7
2021,2180,Portland SD 1J,NA,PCC,black,36,9.9
2021,2180,Portland SD 1J,NA,PCC,multi,27,7.4
2021,2180,Portland SD 1J,5877,Rosemary Anderson,all,290,100
2021,2180,Portland SD 1J,5877,Rosemary Anderson,combined_underserved,266,91.7
2021,2180,Portland SD 1J,5877,Rosemary Anderson,direct_cert,152,52.4
2021,2180,Portland SD 1J,5877,Rosemary Anderson,lep,20,6.9
2021,2180,Portland SD 1J,5877,Rosemary Anderson,swd,89,30.7
2021,2180,Portland SD 1J,5877,Rosemary Anderson,historically_underserved,233,80.3
2021,2180,Portland SD 1J,5877,Rosemary Anderson,hispanic,82,28.3
2021,2180,Portland SD 1J,5877,Rosemary Anderson,black,107,36.9
2021,2180,Portland SD 1J,5877,Rosemary Anderson,multi,37,12.8
2021,2180,Portland SD 1J,NA,Youth Builders,all,3,100
2021,2180,Portland SD 1J,NA,Youth Builders,combined_underserved,3,100
2021,2180,Portland SD 1J,NA,Youth Builders,direct_cert,1,33.3
2021,2180,Portland SD 1J,NA,Youth Builders,lep,NA,NA
2021,2180,Portland SD 1J,NA,Youth Builders,swd,1,33.3
2021,2180,Portland SD 1J,NA,Youth Builders,historically_underserved,2,66.7
2021,2180,Portland SD 1J,NA,Youth Builders,hispanic,1,33.3
2021,2180,Portland SD 1J,NA,Youth Builders,black,1,33.3
2021,2180,Portland SD 1J,NA,Youth Builders,multi,NA,NA
2021,2180,Portland SD 1J,NA,Youth Progress Association,all,7,100
2021,2180,Portland SD 1J,NA,Youth Progress Association,combined_underserved,7,100
2021,2180,Portland SD 1J,NA,Youth Progress Association,direct_cert,6,85.7
2021,2180,Portland SD 1J,NA,Youth Progress Association,lep,NA,NA
2021,2180,Portland SD 1J,NA,Youth Progress Association,swd,4,57.1
2021,2180,Portland SD 1J,NA,Youth Progress Association,historically_underserved,3,42.9
2021,2180,Portland SD 1J,NA,Youth Progress Association,hispanic,3,42.9
2021,2180,Portland SD 1J,NA,Youth Progress Association,black,NA,NA
2021,2180,Portland SD 1J,NA,Youth Progress Association,multi,NA,NA
2021,2180,Portland SD 1J,NA,CTC Northeast,all,96,100
2021,2180,Portland SD 1J,NA,CTC Northeast,combined_underserved,95,99
2021,2180,Portland SD 1J,NA,CTC Northeast,direct_cert,15,15.6
2021,2180,Portland SD 1J,NA,CTC Northeast,lep,6,6.2
2021,2180,Portland SD 1J,NA,CTC Northeast,swd,94,97.9
2021,2180,Portland SD 1J,NA,CTC Northeast,historically_underserved,43,44.8
2021,2180,Portland SD 1J,NA,CTC Northeast,hispanic,17,17.7
2021,2180,Portland SD 1J,NA,CTC Northeast,black,17,17.7
2021,2180,Portland SD 1J,NA,CTC Northeast,multi,9,9.4
2021,2180,Portland SD 1J,NA,CTC Southeast,all,77,100
2021,2180,Portland SD 1J,NA,CTC Southeast,combined_underserved,77,100
2021,2180,Portland SD 1J,NA,CTC Southeast,direct_cert,10,13
2021,2180,Portland SD 1J,NA,CTC Southeast,lep,6,7.8
2021,2180,Portland SD 1J,NA,CTC Southeast,swd,77,100
2021,2180,Portland SD 1J,NA,CTC Southeast,historically_underserved,27,35.1
2021,2180,Portland SD 1J,NA,CTC Southeast,hispanic,10,13
2021,2180,Portland SD 1J,NA,CTC Southeast,black,7,9.1
2021,2180,Portland SD 1J,NA,CTC Southeast,multi,8,10.4
2021,2180,Portland SD 1J,NA,DART Programs,all,101,100
2021,2180,Portland SD 1J,NA,DART Programs,combined_underserved,86,85.1
2021,2180,Portland SD 1J,NA,DART Programs,direct_cert,62,61.4
2021,2180,Portland SD 1J,NA,DART Programs,lep,4,4
2021,2180,Portland SD 1J,NA,DART Programs,swd,36,35.6
2021,2180,Portland SD 1J,NA,DART Programs,historically_underserved,47,46.5
2021,2180,Portland SD 1J,NA,DART Programs,hispanic,25,24.8
2021,2180,Portland SD 1J,NA,DART Programs,black,8,7.9
2021,2180,Portland SD 1J,NA,DART Programs,multi,9,8.9
2021,2180,Portland SD 1J,NA,PPS Pioneer Programs,all,108,100
2021,2180,Portland SD 1J,NA,PPS Pioneer Programs,combined_underserved,107,99.1
2021,2180,Portland SD 1J,NA,PPS Pioneer Programs,direct_cert,57,52.8
2021,2180,Portland SD 1J,NA,PPS Pioneer Programs,lep,1,0.9
2021,2180,Portland SD 1J,NA,PPS Pioneer Programs,swd,105,97.2
2021,2180,Portland SD 1J,NA,PPS Pioneer Programs,historically_underserved,54,50
2021,2180,Portland SD 1J,NA,PPS Pioneer Programs,hispanic,14,13
2021,2180,Portland SD 1J,NA,PPS Pioneer Programs,black,19,17.6
2021,2180,Portland SD 1J,NA,PPS Pioneer Programs,multi,21,19.4
2021,2180,Portland SD 1J,NA,Providence Hospital,all,13,100
2021,2180,Portland SD 1J,NA,Providence Hospital,combined_underserved,13,100
2021,2180,Portland SD 1J,NA,Providence Hospital,direct_cert,1,7.7
2021,2180,Portland SD 1J,NA,Providence Hospital,lep,NA,NA
2021,2180,Portland SD 1J,NA,Providence Hospital,swd,12,92.3
2021,2180,Portland SD 1J,NA,Providence Hospital,historically_underserved,1,7.7
2021,2180,Portland SD 1J,NA,Providence Hospital,hispanic,1,7.7
2021,2180,Portland SD 1J,NA,Providence Hospital,black,NA,NA
2021,2180,Portland SD 1J,NA,Providence Hospital,multi,NA,NA
2021,2180,Portland SD 1J,NA,Serendipity,all,12,100
2021,2180,Portland SD 1J,NA,Serendipity,combined_underserved,11,91.7
2021,2180,Portland SD 1J,NA,Serendipity,direct_cert,7,58.3
2021,2180,Portland SD 1J,NA,Serendipity,lep,1,8.3
2021,2180,Portland SD 1J,NA,Serendipity,swd,10,83.3
2021,2180,Portland SD 1J,NA,Serendipity,historically_underserved,4,33.3
2021,2180,Portland SD 1J,NA,Serendipity,hispanic,2,16.7
2021,2180,Portland SD 1J,NA,Serendipity,black,2,16.7
2021,2180,Portland SD 1J,NA,Serendipity,multi,NA,NA
2021,2180,Portland SD 1J,NA,Victory Academy - SPED,all,1,100
2021,2180,Portland SD 1J,NA,Victory Academy - SPED,combined_underserved,1,100
2021,2180,Portland SD 1J,NA,Victory Academy - SPED,direct_cert,NA,NA
2021,2180,Portland SD 1J,NA,Victory Academy - SPED,lep,NA,NA
2021,2180,Portland SD 1J,NA,Victory Academy - SPED,swd,1,100
2021,2180,Portland SD 1J,NA,Victory Academy - SPED,historically_underserved,NA,NA
2021,2180,Portland SD 1J,NA,Victory Academy - SPED,hispanic,NA,NA
2021,2180,Portland SD 1J,NA,Victory Academy - SPED,black,NA,NA
2021,2180,Portland SD 1J,NA,Victory Academy - SPED,multi,NA,NA
2021,2180,Portland SD 1J,NA,Arthur Academy,all,178,100
2021,2180,Portland SD 1J,NA,Arthur Academy,combined_underserved,84,47.2
2021,2180,Portland SD 1J,NA,Arthur Academy,direct_cert,45,25.3
2021,2180,Portland SD 1J,NA,Arthur Academy,lep,11,6.2
2021,2180,Portland SD 1J,NA,Arthur Academy,swd,14,7.9
2021,2180,Portland SD 1J,NA,Arthur Academy,historically_underserved,43,24.2
2021,2180,Portland SD 1J,NA,Arthur Academy,hispanic,13,7.3
2021,2180,Portland SD 1J,NA,Arthur Academy,black,14,7.9
2021,2180,Portland SD 1J,NA,Arthur Academy,multi,16,9
2021,2180,Portland SD 1J,3451,Cm2 Opal School,all,90,100
2021,2180,Portland SD 1J,3451,Cm2 Opal School,combined_underserved,26,28.9
2021,2180,Portland SD 1J,3451,Cm2 Opal School,direct_cert,3,3.3
2021,2180,Portland SD 1J,3451,Cm2 Opal School,lep,2,2.2
2021,2180,Portland SD 1J,3451,Cm2 Opal School,swd,11,12.2
2021,2180,Portland SD 1J,3451,Cm2 Opal School,historically_underserved,15,16.7
2021,2180,Portland SD 1J,3451,Cm2 Opal School,hispanic,12,13.3
2021,2180,Portland SD 1J,3451,Cm2 Opal School,black,1,1.1
2021,2180,Portland SD 1J,3451,Cm2 Opal School,multi,2,2.2
2021,2180,Portland SD 1J,3991,Emerson School,all,138,100
2021,2180,Portland SD 1J,3991,Emerson School,combined_underserved,50,36.2
2021,2180,Portland SD 1J,3991,Emerson School,direct_cert,8,5.8
2021,2180,Portland SD 1J,3991,Emerson School,lep,1,0.7
2021,2180,Portland SD 1J,3991,Emerson School,swd,16,11.6
2021,2180,Portland SD 1J,3991,Emerson School,historically_underserved,33,23.9
2021,2180,Portland SD 1J,3991,Emerson School,hispanic,12,8.7
2021,2180,Portland SD 1J,3991,Emerson School,black,2,1.4
2021,2180,Portland SD 1J,3991,Emerson School,multi,19,13.8
2021,2180,Portland SD 1J,5218,Kairos PDX,all,222,100
2021,2180,Portland SD 1J,5218,Kairos PDX,combined_underserved,180,81.1
2021,2180,Portland SD 1J,5218,Kairos PDX,direct_cert,65,29.3
2021,2180,Portland SD 1J,5218,Kairos PDX,lep,4,1.8
2021,2180,Portland SD 1J,5218,Kairos PDX,swd,30,13.5
2021,2180,Portland SD 1J,5218,Kairos PDX,historically_underserved,163,73.4
2021,2180,Portland SD 1J,5218,Kairos PDX,hispanic,20,9
2021,2180,Portland SD 1J,5218,Kairos PDX,black,101,45.5
2021,2180,Portland SD 1J,5218,Kairos PDX,multi,35,15.8
2021,2180,Portland SD 1J,5060,Le Monde,all,391,100
2021,2180,Portland SD 1J,5060,Le Monde,combined_underserved,98,25.1
2021,2180,Portland SD 1J,5060,Le Monde,direct_cert,14,3.6
2021,2180,Portland SD 1J,5060,Le Monde,lep,1,0.3
2021,2180,Portland SD 1J,5060,Le Monde,swd,42,10.7
2021,2180,Portland SD 1J,5060,Le Monde,historically_underserved,57,14.6
2021,2180,Portland SD 1J,5060,Le Monde,hispanic,17,4.3
2021,2180,Portland SD 1J,5060,Le Monde,black,14,3.6
2021,2180,Portland SD 1J,5060,Le Monde,multi,23,5.9
2021,2180,Portland SD 1J,4534,Portland Village School,all,424,100
2021,2180,Portland SD 1J,4534,Portland Village School,combined_underserved,195,46
2021,2180,Portland SD 1J,4534,Portland Village School,direct_cert,81,19.1
2021,2180,Portland SD 1J,4534,Portland Village School,lep,8,1.9
2021,2180,Portland SD 1J,4534,Portland Village School,swd,74,17.5
2021,2180,Portland SD 1J,4534,Portland Village School,historically_underserved,86,20.3
2021,2180,Portland SD 1J,4534,Portland Village School,hispanic,55,13
2021,2180,Portland SD 1J,4534,Portland Village School,black,7,1.7
2021,2180,Portland SD 1J,4534,Portland Village School,multi,20,4.7
2022,2180,Portland SD 1J,822,Abernethy,all,374,100
2022,2180,Portland SD 1J,822,Abernethy,combined_underserved,115,30.7
2022,2180,Portland SD 1J,822,Abernethy,direct_cert,30,8
2022,2180,Portland SD 1J,822,Abernethy,lep,7,1.9
2022,2180,Portland SD 1J,822,Abernethy,swd,55,14.7
2022,2180,Portland SD 1J,822,Abernethy,historically_underserved,43,11.5
2022,2180,Portland SD 1J,822,Abernethy,hispanic,28,7.5
2022,2180,Portland SD 1J,822,Abernethy,black,4,1.1
2022,2180,Portland SD 1J,822,Abernethy,multi,10,2.7
2022,2180,Portland SD 1J,823,Ainsworth,all,553,100
2022,2180,Portland SD 1J,823,Ainsworth,combined_underserved,205,37.1
2022,2180,Portland SD 1J,823,Ainsworth,direct_cert,29,5.2
2022,2180,Portland SD 1J,823,Ainsworth,lep,51,9.2
2022,2180,Portland SD 1J,823,Ainsworth,swd,51,9.2
2022,2180,Portland SD 1J,823,Ainsworth,historically_underserved,140,25.3
2022,2180,Portland SD 1J,823,Ainsworth,hispanic,114,20.6
2022,2180,Portland SD 1J,823,Ainsworth,black,6,1.1
2022,2180,Portland SD 1J,823,Ainsworth,multi,18,3.3
2022,2180,Portland SD 1J,824,Alameda,all,525,100
2022,2180,Portland SD 1J,824,Alameda,combined_underserved,124,23.6
2022,2180,Portland SD 1J,824,Alameda,direct_cert,15,2.9
2022,2180,Portland SD 1J,824,Alameda,lep,6,1.1
2022,2180,Portland SD 1J,824,Alameda,swd,72,13.7
2022,2180,Portland SD 1J,824,Alameda,historically_underserved,54,10.3
2022,2180,Portland SD 1J,824,Alameda,hispanic,40,7.6
2022,2180,Portland SD 1J,824,Alameda,black,1,0.2
2022,2180,Portland SD 1J,824,Alameda,multi,13,2.5
2022,2180,Portland SD 1J,826,Arleta,all,269,100
2022,2180,Portland SD 1J,826,Arleta,combined_underserved,143,53.2
2022,2180,Portland SD 1J,826,Arleta,direct_cert,77,28.6
2022,2180,Portland SD 1J,826,Arleta,lep,26,9.7
2022,2180,Portland SD 1J,826,Arleta,swd,47,17.5
2022,2180,Portland SD 1J,826,Arleta,historically_underserved,66,24.5
2022,2180,Portland SD 1J,826,Arleta,hispanic,32,11.9
2022,2180,Portland SD 1J,826,Arleta,black,11,4.1
2022,2180,Portland SD 1J,826,Arleta,multi,20,7.4
2022,2180,Portland SD 1J,827,Astor,all,393,100
2022,2180,Portland SD 1J,827,Astor,combined_underserved,193,49.1
2022,2180,Portland SD 1J,827,Astor,direct_cert,82,20.9
2022,2180,Portland SD 1J,827,Astor,lep,14,3.6
2022,2180,Portland SD 1J,827,Astor,swd,83,21.1
2022,2180,Portland SD 1J,827,Astor,historically_underserved,132,33.6
2022,2180,Portland SD 1J,827,Astor,hispanic,65,16.5
2022,2180,Portland SD 1J,827,Astor,black,14,3.6
2022,2180,Portland SD 1J,827,Astor,multi,49,12.5
2022,2180,Portland SD 1J,828,Atkinson,all,342,100
2022,2180,Portland SD 1J,828,Atkinson,combined_underserved,154,45
2022,2180,Portland SD 1J,828,Atkinson,direct_cert,43,12.6
2022,2180,Portland SD 1J,828,Atkinson,lep,38,11.1
2022,2180,Portland SD 1J,828,Atkinson,swd,56,16.4
2022,2180,Portland SD 1J,828,Atkinson,historically_underserved,103,30.1
2022,2180,Portland SD 1J,828,Atkinson,hispanic,92,26.9
2022,2180,Portland SD 1J,828,Atkinson,black,4,1.2
2022,2180,Portland SD 1J,828,Atkinson,multi,6,1.8
2022,2180,Portland SD 1J,830,Beach,all,351,100
2022,2180,Portland SD 1J,830,Beach,combined_underserved,181,51.6
2022,2180,Portland SD 1J,830,Beach,direct_cert,78,22.2
2022,2180,Portland SD 1J,830,Beach,lep,44,12.5
2022,2180,Portland SD 1J,830,Beach,swd,41,11.7
2022,2180,Portland SD 1J,830,Beach,historically_underserved,149,42.5
2022,2180,Portland SD 1J,830,Beach,hispanic,99,28.2
2022,2180,Portland SD 1J,830,Beach,black,26,7.4
2022,2180,Portland SD 1J,830,Beach,multi,24,6.8
2022,2180,Portland SD 1J,857,Beverly Cleary,all,657,100
2022,2180,Portland SD 1J,857,Beverly Cleary,combined_underserved,182,27.7
2022,2180,Portland SD 1J,857,Beverly Cleary,direct_cert,31,4.7
2022,2180,Portland SD 1J,857,Beverly Cleary,lep,11,1.7
2022,2180,Portland SD 1J,857,Beverly Cleary,swd,83,12.6
2022,2180,Portland SD 1J,857,Beverly Cleary,historically_underserved,100,15.2
2022,2180,Portland SD 1J,857,Beverly Cleary,hispanic,50,7.6
2022,2180,Portland SD 1J,857,Beverly Cleary,black,14,2.1
2022,2180,Portland SD 1J,857,Beverly Cleary,multi,32,4.9
2022,2180,Portland SD 1J,833,Boise-Eliot/Humboldt,all,340,100
2022,2180,Portland SD 1J,833,Boise-Eliot/Humboldt,combined_underserved,284,83.5
2022,2180,Portland SD 1J,833,Boise-Eliot/Humboldt,direct_cert,190,55.9
2022,2180,Portland SD 1J,833,Boise-Eliot/Humboldt,lep,14,4.1
2022,2180,Portland SD 1J,833,Boise-Eliot/Humboldt,swd,56,16.5
2022,2180,Portland SD 1J,833,Boise-Eliot/Humboldt,historically_underserved,247,72.6
2022,2180,Portland SD 1J,833,Boise-Eliot/Humboldt,hispanic,56,16.5
2022,2180,Portland SD 1J,833,Boise-Eliot/Humboldt,black,144,42.4
2022,2180,Portland SD 1J,833,Boise-Eliot/Humboldt,multi,44,12.9
2022,2180,Portland SD 1J,834,Bridger,all,337,100
2022,2180,Portland SD 1J,834,Bridger,combined_underserved,213,63.2
2022,2180,Portland SD 1J,834,Bridger,direct_cert,91,27
2022,2180,Portland SD 1J,834,Bridger,lep,57,16.9
2022,2180,Portland SD 1J,834,Bridger,swd,42,12.5
2022,2180,Portland SD 1J,834,Bridger,historically_underserved,167,49.6
2022,2180,Portland SD 1J,834,Bridger,hispanic,116,34.4
2022,2180,Portland SD 1J,834,Bridger,black,22,6.5
2022,2180,Portland SD 1J,834,Bridger,multi,21,6.2
2022,2180,Portland SD 1J,835,Bridlemile,all,435,100
2022,2180,Portland SD 1J,835,Bridlemile,combined_underserved,154,35.4
2022,2180,Portland SD 1J,835,Bridlemile,direct_cert,41,9.4
2022,2180,Portland SD 1J,835,Bridlemile,lep,24,5.5
2022,2180,Portland SD 1J,835,Bridlemile,swd,73,16.8
2022,2180,Portland SD 1J,835,Bridlemile,historically_underserved,68,15.6
2022,2180,Portland SD 1J,835,Bridlemile,hispanic,32,7.4
2022,2180,Portland SD 1J,835,Bridlemile,black,10,2.3
2022,2180,Portland SD 1J,835,Bridlemile,multi,22,5.1
2022,2180,Portland SD 1J,837,Buckman,all,400,100
2022,2180,Portland SD 1J,837,Buckman,combined_underserved,185,46.2
2022,2180,Portland SD 1J,837,Buckman,direct_cert,79,19.8
2022,2180,Portland SD 1J,837,Buckman,lep,8,2
2022,2180,Portland SD 1J,837,Buckman,swd,82,20.5
2022,2180,Portland SD 1J,837,Buckman,historically_underserved,106,26.5
2022,2180,Portland SD 1J,837,Buckman,hispanic,52,13
2022,2180,Portland SD 1J,837,Buckman,black,22,5.5
2022,2180,Portland SD 1J,837,Buckman,multi,30,7.5
2022,2180,Portland SD 1J,838,Capitol Hill,all,324,100
2022,2180,Portland SD 1J,838,Capitol Hill,combined_underserved,95,29.3
2022,2180,Portland SD 1J,838,Capitol Hill,direct_cert,31,9.6
2022,2180,Portland SD 1J,838,Capitol Hill,lep,14,4.3
2022,2180,Portland SD 1J,838,Capitol Hill,swd,26,8
2022,2180,Portland SD 1J,838,Capitol Hill,historically_underserved,58,17.9
2022,2180,Portland SD 1J,838,Capitol Hill,hispanic,21,6.5
2022,2180,Portland SD 1J,838,Capitol Hill,black,12,3.7
2022,2180,Portland SD 1J,838,Capitol Hill,multi,23,7.1
2022,2180,Portland SD 1J,841,César Chávez,all,485,100
2022,2180,Portland SD 1J,841,César Chávez,combined_underserved,423,87.2
2022,2180,Portland SD 1J,841,César Chávez,direct_cert,223,46
2022,2180,Portland SD 1J,841,César Chávez,lep,189,39
2022,2180,Portland SD 1J,841,César Chávez,swd,65,13.4
2022,2180,Portland SD 1J,841,César Chávez,historically_underserved,385,79.4
2022,2180,Portland SD 1J,841,César Chávez,hispanic,282,58.1
2022,2180,Portland SD 1J,841,César Chávez,black,63,13
2022,2180,Portland SD 1J,841,César Chávez,multi,30,6.2
2022,2180,Portland SD 1J,839,Chapman,all,341,100
2022,2180,Portland SD 1J,839,Chapman,combined_underserved,187,54.8
2022,2180,Portland SD 1J,839,Chapman,direct_cert,113,33.1
2022,2180,Portland SD 1J,839,Chapman,lep,27,7.9
2022,2180,Portland SD 1J,839,Chapman,swd,35,10.3
2022,2180,Portland SD 1J,839,Chapman,historically_underserved,108,31.7
2022,2180,Portland SD 1J,839,Chapman,hispanic,55,16.1
2022,2180,Portland SD 1J,839,Chapman,black,26,7.6
2022,2180,Portland SD 1J,839,Chapman,multi,23,6.7
2022,2180,Portland SD 1J,840,Chief Joseph,all,269,100
2022,2180,Portland SD 1J,840,Chief Joseph,combined_underserved,110,40.9
2022,2180,Portland SD 1J,840,Chief Joseph,direct_cert,47,17.5
2022,2180,Portland SD 1J,840,Chief Joseph,lep,18,6.7
2022,2180,Portland SD 1J,840,Chief Joseph,swd,31,11.5
2022,2180,Portland SD 1J,840,Chief Joseph,historically_underserved,71,26.4
2022,2180,Portland SD 1J,840,Chief Joseph,hispanic,27,10
2022,2180,Portland SD 1J,840,Chief Joseph,black,15,5.6
2022,2180,Portland SD 1J,840,Chief Joseph,multi,22,8.2
2022,2180,Portland SD 1J,4640,Creative Science,all,419,100
2022,2180,Portland SD 1J,4640,Creative Science,combined_underserved,175,41.8
2022,2180,Portland SD 1J,4640,Creative Science,direct_cert,52,12.4
2022,2180,Portland SD 1J,4640,Creative Science,lep,15,3.6
2022,2180,Portland SD 1J,4640,Creative Science,swd,90,21.5
2022,2180,Portland SD 1J,4640,Creative Science,historically_underserved,80,19.1
2022,2180,Portland SD 1J,4640,Creative Science,hispanic,36,8.6
2022,2180,Portland SD 1J,4640,Creative Science,black,15,3.6
2022,2180,Portland SD 1J,4640,Creative Science,multi,24,5.7
2022,2180,Portland SD 1J,843,Creston,all,250,100
2022,2180,Portland SD 1J,843,Creston,combined_underserved,122,48.8
2022,2180,Portland SD 1J,843,Creston,direct_cert,65,26
2022,2180,Portland SD 1J,843,Creston,lep,16,6.4
2022,2180,Portland SD 1J,843,Creston,swd,55,22
2022,2180,Portland SD 1J,843,Creston,historically_underserved,62,24.8
2022,2180,Portland SD 1J,843,Creston,hispanic,37,14.8
2022,2180,Portland SD 1J,843,Creston,black,8,3.2
2022,2180,Portland SD 1J,843,Creston,multi,15,6
2022,2180,Portland SD 1J,844,Duniway,all,436,100
2022,2180,Portland SD 1J,844,Duniway,combined_underserved,125,28.7
2022,2180,Portland SD 1J,844,Duniway,direct_cert,23,5.3
2022,2180,Portland SD 1J,844,Duniway,lep,6,1.4
2022,2180,Portland SD 1J,844,Duniway,swd,73,16.7
2022,2180,Portland SD 1J,844,Duniway,historically_underserved,41,9.4
2022,2180,Portland SD 1J,844,Duniway,hispanic,26,6
2022,2180,Portland SD 1J,844,Duniway,black,1,0.2
2022,2180,Portland SD 1J,844,Duniway,multi,14,3.2
2022,2180,Portland SD 1J,847,Faubion,all,703,100
2022,2180,Portland SD 1J,847,Faubion,combined_underserved,564,80.2
2022,2180,Portland SD 1J,847,Faubion,direct_cert,315,44.8
2022,2180,Portland SD 1J,847,Faubion,lep,98,13.9
2022,2180,Portland SD 1J,847,Faubion,swd,87,12.4
2022,2180,Portland SD 1J,847,Faubion,historically_underserved,501,71.3
2022,2180,Portland SD 1J,847,Faubion,hispanic,192,27.3
2022,2180,Portland SD 1J,847,Faubion,black,203,28.9
2022,2180,Portland SD 1J,847,Faubion,multi,81,11.5
2022,2180,Portland SD 1J,2413,Forest Park,all,333,100
2022,2180,Portland SD 1J,2413,Forest Park,combined_underserved,93,27.9
2022,2180,Portland SD 1J,2413,Forest Park,direct_cert,6,1.8
2022,2180,Portland SD 1J,2413,Forest Park,lep,31,9.3
2022,2180,Portland SD 1J,2413,Forest Park,swd,31,9.3
2022,2180,Portland SD 1J,2413,Forest Park,historically_underserved,36,10.8
2022,2180,Portland SD 1J,2413,Forest Park,hispanic,25,7.5
2022,2180,Portland SD 1J,2413,Forest Park,black,4,1.2
2022,2180,Portland SD 1J,2413,Forest Park,multi,7,2.1
2022,2180,Portland SD 1J,850,Glencoe,all,373,100
2022,2180,Portland SD 1J,850,Glencoe,combined_underserved,145,38.9
2022,2180,Portland SD 1J,850,Glencoe,direct_cert,40,10.7
2022,2180,Portland SD 1J,850,Glencoe,lep,12,3.2
2022,2180,Portland SD 1J,850,Glencoe,swd,69,18.5
2022,2180,Portland SD 1J,850,Glencoe,historically_underserved,67,18
2022,2180,Portland SD 1J,850,Glencoe,hispanic,37,9.9
2022,2180,Portland SD 1J,850,Glencoe,black,11,2.9
2022,2180,Portland SD 1J,850,Glencoe,multi,19,5.1
2022,2180,Portland SD 1J,854,Grout,all,340,100
2022,2180,Portland SD 1J,854,Grout,combined_underserved,186,54.7
2022,2180,Portland SD 1J,854,Grout,direct_cert,115,33.8
2022,2180,Portland SD 1J,854,Grout,lep,38,11.2
2022,2180,Portland SD 1J,854,Grout,swd,67,19.7
2022,2180,Portland SD 1J,854,Grout,historically_underserved,87,25.6
2022,2180,Portland SD 1J,854,Grout,hispanic,31,9.1
2022,2180,Portland SD 1J,854,Grout,black,23,6.8
2022,2180,Portland SD 1J,854,Grout,multi,28,8.2
2022,2180,Portland SD 1J,842,Harrison Park,all,529,100
2022,2180,Portland SD 1J,842,Harrison Park,combined_underserved,431,81.5
2022,2180,Portland SD 1J,842,Harrison Park,direct_cert,252,47.6
2022,2180,Portland SD 1J,842,Harrison Park,lep,173,32.7
2022,2180,Portland SD 1J,842,Harrison Park,swd,84,15.9
2022,2180,Portland SD 1J,842,Harrison Park,historically_underserved,284,53.7
2022,2180,Portland SD 1J,842,Harrison Park,hispanic,70,13.2
2022,2180,Portland SD 1J,842,Harrison Park,black,128,24.2
2022,2180,Portland SD 1J,842,Harrison Park,multi,61,11.5
2022,2180,Portland SD 1J,855,Hayhurst,all,351,100
2022,2180,Portland SD 1J,855,Hayhurst,combined_underserved,132,37.6
2022,2180,Portland SD 1J,855,Hayhurst,direct_cert,66,18.8
2022,2180,Portland SD 1J,855,Hayhurst,lep,15,4.3
2022,2180,Portland SD 1J,855,Hayhurst,swd,50,14.2
2022,2180,Portland SD 1J,855,Hayhurst,historically_underserved,73,20.8
2022,2180,Portland SD 1J,855,Hayhurst,hispanic,31,8.8
2022,2180,Portland SD 1J,855,Hayhurst,black,15,4.3
2022,2180,Portland SD 1J,855,Hayhurst,multi,24,6.8
2022,2180,Portland SD 1J,861,Irvington,all,248,100
2022,2180,Portland SD 1J,861,Irvington,combined_underserved,114,46
2022,2180,Portland SD 1J,861,Irvington,direct_cert,42,16.9
2022,2180,Portland SD 1J,861,Irvington,lep,10,4
2022,2180,Portland SD 1J,861,Irvington,swd,42,16.9
2022,2180,Portland SD 1J,861,Irvington,historically_underserved,75,30.2
2022,2180,Portland SD 1J,861,Irvington,hispanic,24,9.7
2022,2180,Portland SD 1J,861,Irvington,black,33,13.3
2022,2180,Portland SD 1J,861,Irvington,multi,18,7.3
2022,2180,Portland SD 1J,862,James John,all,332,100
2022,2180,Portland SD 1J,862,James John,combined_underserved,239,72
2022,2180,Portland SD 1J,862,James John,direct_cert,127,38.3
2022,2180,Portland SD 1J,862,James John,lep,80,24.1
2022,2180,Portland SD 1J,862,James John,swd,73,22
2022,2180,Portland SD 1J,862,James John,historically_underserved,193,58.1
2022,2180,Portland SD 1J,862,James John,hispanic,135,40.7
2022,2180,Portland SD 1J,862,James John,black,26,7.8
2022,2180,Portland SD 1J,862,James John,multi,27,8.1
2022,2180,Portland SD 1J,864,Kelly,all,372,100
2022,2180,Portland SD 1J,864,Kelly,combined_underserved,329,88.4
2022,2180,Portland SD 1J,864,Kelly,direct_cert,169,45.4
2022,2180,Portland SD 1J,864,Kelly,lep,171,46
2022,2180,Portland SD 1J,864,Kelly,swd,61,16.4
2022,2180,Portland SD 1J,864,Kelly,historically_underserved,151,40.6
2022,2180,Portland SD 1J,864,Kelly,hispanic,65,17.5
2022,2180,Portland SD 1J,864,Kelly,black,40,10.8
2022,2180,Portland SD 1J,864,Kelly,multi,29,7.8
2022,2180,Portland SD 1J,868,Laurelhurst,all,649,100
2022,2180,Portland SD 1J,868,Laurelhurst,combined_underserved,152,23.4
2022,2180,Portland SD 1J,868,Laurelhurst,direct_cert,43,6.6
2022,2180,Portland SD 1J,868,Laurelhurst,lep,3,0.5
2022,2180,Portland SD 1J,868,Laurelhurst,swd,71,10.9
2022,2180,Portland SD 1J,868,Laurelhurst,historically_underserved,75,11.6
2022,2180,Portland SD 1J,868,Laurelhurst,hispanic,39,6
2022,2180,Portland SD 1J,868,Laurelhurst,black,9,1.4
2022,2180,Portland SD 1J,868,Laurelhurst,multi,26,4
2022,2180,Portland SD 1J,869,Lee,all,236,100
2022,2180,Portland SD 1J,869,Lee,combined_underserved,171,72.5
2022,2180,Portland SD 1J,869,Lee,direct_cert,79,33.5
2022,2180,Portland SD 1J,869,Lee,lep,61,25.8
2022,2180,Portland SD 1J,869,Lee,swd,37,15.7
2022,2180,Portland SD 1J,869,Lee,historically_underserved,106,44.9
2022,2180,Portland SD 1J,869,Lee,hispanic,46,19.5
2022,2180,Portland SD 1J,869,Lee,black,35,14.8
2022,2180,Portland SD 1J,869,Lee,multi,20,8.5
2022,2180,Portland SD 1J,870,Lent,all,277,100
2022,2180,Portland SD 1J,870,Lent,combined_underserved,228,82.3
2022,2180,Portland SD 1J,870,Lent,direct_cert,140,50.5
2022,2180,Portland SD 1J,870,Lent,lep,109,39.4
2022,2180,Portland SD 1J,870,Lent,swd,42,15.2
2022,2180,Portland SD 1J,870,Lent,historically_underserved,167,60.3
2022,2180,Portland SD 1J,870,Lent,hispanic,131,47.3
2022,2180,Portland SD 1J,870,Lent,black,23,8.3
2022,2180,Portland SD 1J,870,Lent,multi,10,3.6
2022,2180,Portland SD 1J,871,Lewis,all,337,100
2022,2180,Portland SD 1J,871,Lewis,combined_underserved,134,39.8
2022,2180,Portland SD 1J,871,Lewis,direct_cert,53,15.7
2022,2180,Portland SD 1J,871,Lewis,lep,7,2.1
2022,2180,Portland SD 1J,871,Lewis,swd,63,18.7
2022,2180,Portland SD 1J,871,Lewis,historically_underserved,55,16.3
2022,2180,Portland SD 1J,871,Lewis,hispanic,30,8.9
2022,2180,Portland SD 1J,871,Lewis,black,4,1.2
2022,2180,Portland SD 1J,871,Lewis,multi,21,6.2
2022,2180,Portland SD 1J,872,Llewellyn,all,395,100
2022,2180,Portland SD 1J,872,Llewellyn,combined_underserved,137,34.7
2022,2180,Portland SD 1J,872,Llewellyn,direct_cert,32,8.1
2022,2180,Portland SD 1J,872,Llewellyn,lep,6,1.5
2022,2180,Portland SD 1J,872,Llewellyn,swd,70,17.7
2022,2180,Portland SD 1J,872,Llewellyn,historically_underserved,75,19
2022,2180,Portland SD 1J,872,Llewellyn,hispanic,47,11.9
2022,2180,Portland SD 1J,872,Llewellyn,black,4,1
2022,2180,Portland SD 1J,872,Llewellyn,multi,24,6.1
2022,2180,Portland SD 1J,873,Maplewood,all,291,100
2022,2180,Portland SD 1J,873,Maplewood,combined_underserved,82,28.2
2022,2180,Portland SD 1J,873,Maplewood,direct_cert,33,11.3
2022,2180,Portland SD 1J,873,Maplewood,lep,7,2.4
2022,2180,Portland SD 1J,873,Maplewood,swd,28,9.6
2022,2180,Portland SD 1J,873,Maplewood,historically_underserved,43,14.8
2022,2180,Portland SD 1J,873,Maplewood,hispanic,26,8.9
2022,2180,Portland SD 1J,873,Maplewood,black,5,1.7
2022,2180,Portland SD 1J,873,Maplewood,multi,11,3.8
2022,2180,Portland SD 1J,1278,Markham,all,424,100
2022,2180,Portland SD 1J,1278,Markham,combined_underserved,229,54
2022,2180,Portland SD 1J,1278,Markham,direct_cert,120,28.3
2022,2180,Portland SD 1J,1278,Markham,lep,70,16.5
2022,2180,Portland SD 1J,1278,Markham,swd,64,15.1
2022,2180,Portland SD 1J,1278,Markham,historically_underserved,149,35.1
2022,2180,Portland SD 1J,1278,Markham,hispanic,37,8.7
2022,2180,Portland SD 1J,1278,Markham,black,76,17.9
2022,2180,Portland SD 1J,1278,Markham,multi,26,6.1
2022,2180,Portland SD 1J,875,Marysville,all,248,100
2022,2180,Portland SD 1J,875,Marysville,combined_underserved,173,69.8
2022,2180,Portland SD 1J,875,Marysville,direct_cert,122,49.2
2022,2180,Portland SD 1J,875,Marysville,lep,37,14.9
2022,2180,Portland SD 1J,875,Marysville,swd,49,19.8
2022,2180,Portland SD 1J,875,Marysville,historically_underserved,99,39.9
2022,2180,Portland SD 1J,875,Marysville,hispanic,57,23
2022,2180,Portland SD 1J,875,Marysville,black,10,4
2022,2180,Portland SD 1J,875,Marysville,multi,24,9.7
2022,2180,Portland SD 1J,866,MLK Jr,all,315,100
2022,2180,Portland SD 1J,866,MLK Jr,combined_underserved,219,69.5
2022,2180,Portland SD 1J,866,MLK Jr,direct_cert,140,44.4
2022,2180,Portland SD 1J,866,MLK Jr,lep,43,13.7
2022,2180,Portland SD 1J,866,MLK Jr,swd,31,9.8
2022,2180,Portland SD 1J,866,MLK Jr,historically_underserved,188,59.7
2022,2180,Portland SD 1J,866,MLK Jr,hispanic,56,17.8
2022,2180,Portland SD 1J,866,MLK Jr,black,96,30.5
2022,2180,Portland SD 1J,866,MLK Jr,multi,29,9.2
2022,2180,Portland SD 1J,NA,Odyssey,all,219,100
2022,2180,Portland SD 1J,NA,Odyssey,combined_underserved,41,18.7
2022,2180,Portland SD 1J,NA,Odyssey,direct_cert,3,1.4
2022,2180,Portland SD 1J,NA,Odyssey,lep,2,0.9
2022,2180,Portland SD 1J,NA,Odyssey,swd,22,10
2022,2180,Portland SD 1J,NA,Odyssey,historically_underserved,20,9.1
2022,2180,Portland SD 1J,NA,Odyssey,hispanic,10,4.6
2022,2180,Portland SD 1J,NA,Odyssey,black,2,0.9
2022,2180,Portland SD 1J,NA,Odyssey,multi,8,3.7
2022,2180,Portland SD 1J,879,Peninsula,all,201,100
2022,2180,Portland SD 1J,879,Peninsula,combined_underserved,128,63.7
2022,2180,Portland SD 1J,879,Peninsula,direct_cert,54,26.9
2022,2180,Portland SD 1J,879,Peninsula,lep,11,5.5
2022,2180,Portland SD 1J,879,Peninsula,swd,54,26.9
2022,2180,Portland SD 1J,879,Peninsula,historically_underserved,77,38.3
2022,2180,Portland SD 1J,879,Peninsula,hispanic,32,15.9
2022,2180,Portland SD 1J,879,Peninsula,black,23,11.4
2022,2180,Portland SD 1J,879,Peninsula,multi,19,9.5
2022,2180,Portland SD 1J,883,Richmond,all,551,100
2022,2180,Portland SD 1J,883,Richmond,combined_underserved,144,26.1
2022,2180,Portland SD 1J,883,Richmond,direct_cert,21,3.8
2022,2180,Portland SD 1J,883,Richmond,lep,50,9.1
2022,2180,Portland SD 1J,883,Richmond,swd,40,7.3
2022,2180,Portland SD 1J,883,Richmond,historically_underserved,57,10.3
2022,2180,Portland SD 1J,883,Richmond,hispanic,27,4.9
2022,2180,Portland SD 1J,883,Richmond,black,6,1.1
2022,2180,Portland SD 1J,883,Richmond,multi,24,4.4
2022,2180,Portland SD 1J,1299,Rieke,all,313,100
2022,2180,Portland SD 1J,1299,Rieke,combined_underserved,86,27.5
2022,2180,Portland SD 1J,1299,Rieke,direct_cert,22,7
2022,2180,Portland SD 1J,1299,Rieke,lep,4,1.3
2022,2180,Portland SD 1J,1299,Rieke,swd,35,11.2
2022,2180,Portland SD 1J,1299,Rieke,historically_underserved,50,16
2022,2180,Portland SD 1J,1299,Rieke,hispanic,25,8
2022,2180,Portland SD 1J,1299,Rieke,black,12,3.8
2022,2180,Portland SD 1J,1299,Rieke,multi,12,3.8
2022,2180,Portland SD 1J,884,Rigler,all,237,100
2022,2180,Portland SD 1J,884,Rigler,combined_underserved,189,79.7
2022,2180,Portland SD 1J,884,Rigler,direct_cert,96,40.5
2022,2180,Portland SD 1J,884,Rigler,lep,110,46.4
2022,2180,Portland SD 1J,884,Rigler,swd,27,11.4
2022,2180,Portland SD 1J,884,Rigler,historically_underserved,180,75.9
2022,2180,Portland SD 1J,884,Rigler,hispanic,162,68.4
2022,2180,Portland SD 1J,884,Rigler,black,10,4.2
2022,2180,Portland SD 1J,884,Rigler,multi,6,2.5
2022,2180,Portland SD 1J,829,Rosa Parks,all,214,100
2022,2180,Portland SD 1J,829,Rosa Parks,combined_underserved,211,98.6
2022,2180,Portland SD 1J,829,Rosa Parks,direct_cert,154,72
2022,2180,Portland SD 1J,829,Rosa Parks,lep,72,33.6
2022,2180,Portland SD 1J,829,Rosa Parks,swd,29,13.6
2022,2180,Portland SD 1J,829,Rosa Parks,historically_underserved,187,87.4
2022,2180,Portland SD 1J,829,Rosa Parks,hispanic,70,32.7
2022,2180,Portland SD 1J,829,Rosa Parks,black,82,38.3
2022,2180,Portland SD 1J,829,Rosa Parks,multi,27,12.6
2022,2180,Portland SD 1J,5427,Rose City Park,all,464,100
2022,2180,Portland SD 1J,5427,Rose City Park,combined_underserved,225,48.5
2022,2180,Portland SD 1J,5427,Rose City Park,direct_cert,77,16.6
2022,2180,Portland SD 1J,5427,Rose City Park,lep,91,19.6
2022,2180,Portland SD 1J,5427,Rose City Park,swd,62,13.4
2022,2180,Portland SD 1J,5427,Rose City Park,historically_underserved,86,18.5
2022,2180,Portland SD 1J,5427,Rose City Park,hispanic,36,7.8
2022,2180,Portland SD 1J,5427,Rose City Park,black,18,3.9
2022,2180,Portland SD 1J,5427,Rose City Park,multi,27,5.8
2022,2180,Portland SD 1J,886,Sabin,all,340,100
2022,2180,Portland SD 1J,886,Sabin,combined_underserved,127,37.4
2022,2180,Portland SD 1J,886,Sabin,direct_cert,59,17.4
2022,2180,Portland SD 1J,886,Sabin,lep,7,2.1
2022,2180,Portland SD 1J,886,Sabin,swd,43,12.6
2022,2180,Portland SD 1J,886,Sabin,historically_underserved,96,28.2
2022,2180,Portland SD 1J,886,Sabin,hispanic,27,7.9
2022,2180,Portland SD 1J,886,Sabin,black,48,14.1
2022,2180,Portland SD 1J,886,Sabin,multi,19,5.6
2022,2180,Portland SD 1J,887,Scott,all,429,100
2022,2180,Portland SD 1J,887,Scott,combined_underserved,312,72.7
2022,2180,Portland SD 1J,887,Scott,direct_cert,208,48.5
2022,2180,Portland SD 1J,887,Scott,lep,132,30.8
2022,2180,Portland SD 1J,887,Scott,swd,74,17.2
2022,2180,Portland SD 1J,887,Scott,historically_underserved,258,60.1
2022,2180,Portland SD 1J,887,Scott,hispanic,163,38
2022,2180,Portland SD 1J,887,Scott,black,63,14.7
2022,2180,Portland SD 1J,887,Scott,multi,20,4.7
2022,2180,Portland SD 1J,889,Sitton,all,307,100
2022,2180,Portland SD 1J,889,Sitton,combined_underserved,255,83.1
2022,2180,Portland SD 1J,889,Sitton,direct_cert,165,53.7
2022,2180,Portland SD 1J,889,Sitton,lep,95,30.9
2022,2180,Portland SD 1J,889,Sitton,swd,62,20.2
2022,2180,Portland SD 1J,889,Sitton,historically_underserved,213,69.4
2022,2180,Portland SD 1J,889,Sitton,hispanic,133,43.3
2022,2180,Portland SD 1J,889,Sitton,black,37,12.1
2022,2180,Portland SD 1J,889,Sitton,multi,35,11.4
2022,2180,Portland SD 1J,890,Skyline,all,205,100
2022,2180,Portland SD 1J,890,Skyline,combined_underserved,63,30.7
2022,2180,Portland SD 1J,890,Skyline,direct_cert,17,8.3
2022,2180,Portland SD 1J,890,Skyline,lep,NA,NA
2022,2180,Portland SD 1J,890,Skyline,swd,26,12.7
2022,2180,Portland SD 1J,890,Skyline,historically_underserved,31,15.1
2022,2180,Portland SD 1J,890,Skyline,hispanic,26,12.7
2022,2180,Portland SD 1J,890,Skyline,black,NA,NA
2022,2180,Portland SD 1J,890,Skyline,multi,5,2.4
2022,2180,Portland SD 1J,892,Stephenson,all,320,100
2022,2180,Portland SD 1J,892,Stephenson,combined_underserved,98,30.6
2022,2180,Portland SD 1J,892,Stephenson,direct_cert,23,7.2
2022,2180,Portland SD 1J,892,Stephenson,lep,14,4.4
2022,2180,Portland SD 1J,892,Stephenson,swd,37,11.6
2022,2180,Portland SD 1J,892,Stephenson,historically_underserved,54,16.9
2022,2180,Portland SD 1J,892,Stephenson,hispanic,33,10.3
2022,2180,Portland SD 1J,892,Stephenson,black,6,1.9
2022,2180,Portland SD 1J,892,Stephenson,multi,13,4.1
2022,2180,Portland SD 1J,893,Sunnyside Environmental,all,469,100
2022,2180,Portland SD 1J,893,Sunnyside Environmental,combined_underserved,199,42.4
2022,2180,Portland SD 1J,893,Sunnyside Environmental,direct_cert,66,14.1
2022,2180,Portland SD 1J,893,Sunnyside Environmental,lep,5,1.1
2022,2180,Portland SD 1J,893,Sunnyside Environmental,swd,82,17.5
2022,2180,Portland SD 1J,893,Sunnyside Environmental,historically_underserved,100,21.3
2022,2180,Portland SD 1J,893,Sunnyside Environmental,hispanic,53,11.3
2022,2180,Portland SD 1J,893,Sunnyside Environmental,black,9,1.9
2022,2180,Portland SD 1J,893,Sunnyside Environmental,multi,36,7.7
2022,2180,Portland SD 1J,895,Vernon,all,517,100
2022,2180,Portland SD 1J,895,Vernon,combined_underserved,255,49.3
2022,2180,Portland SD 1J,895,Vernon,direct_cert,120,23.2
2022,2180,Portland SD 1J,895,Vernon,lep,29,5.6
2022,2180,Portland SD 1J,895,Vernon,swd,66,12.8
2022,2180,Portland SD 1J,895,Vernon,historically_underserved,192,37.1
2022,2180,Portland SD 1J,895,Vernon,hispanic,73,14.1
2022,2180,Portland SD 1J,895,Vernon,black,74,14.3
2022,2180,Portland SD 1J,895,Vernon,multi,44,8.5
2022,2180,Portland SD 1J,896,Vestal,all,207,100
2022,2180,Portland SD 1J,896,Vestal,combined_underserved,144,69.6
2022,2180,Portland SD 1J,896,Vestal,direct_cert,92,44.4
2022,2180,Portland SD 1J,896,Vestal,lep,22,10.6
2022,2180,Portland SD 1J,896,Vestal,swd,43,20.8
2022,2180,Portland SD 1J,896,Vestal,historically_underserved,90,43.5
2022,2180,Portland SD 1J,896,Vestal,hispanic,30,14.5
2022,2180,Portland SD 1J,896,Vestal,black,24,11.6
2022,2180,Portland SD 1J,896,Vestal,multi,30,14.5
2022,2180,Portland SD 1J,900,Whitman,all,152,100
2022,2180,Portland SD 1J,900,Whitman,combined_underserved,114,75
2022,2180,Portland SD 1J,900,Whitman,direct_cert,63,41.4
2022,2180,Portland SD 1J,900,Whitman,lep,35,23
2022,2180,Portland SD 1J,900,Whitman,swd,25,16.4
2022,2180,Portland SD 1J,900,Whitman,historically_underserved,72,47.4
2022,2180,Portland SD 1J,900,Whitman,hispanic,45,29.6
2022,2180,Portland SD 1J,900,Whitman,black,14,9.2
2022,2180,Portland SD 1J,900,Whitman,multi,10,6.6
2022,2180,Portland SD 1J,1364,Winterhaven,all,292,100
2022,2180,Portland SD 1J,1364,Winterhaven,combined_underserved,64,21.9
2022,2180,Portland SD 1J,1364,Winterhaven,direct_cert,22,7.5
2022,2180,Portland SD 1J,1364,Winterhaven,lep,1,0.3
2022,2180,Portland SD 1J,1364,Winterhaven,swd,22,7.5
2022,2180,Portland SD 1J,1364,Winterhaven,historically_underserved,24,8.2
2022,2180,Portland SD 1J,1364,Winterhaven,hispanic,13,4.5
2022,2180,Portland SD 1J,1364,Winterhaven,black,4,1.4
2022,2180,Portland SD 1J,1364,Winterhaven,multi,7,2.4
2022,2180,Portland SD 1J,902,Woodlawn,all,283,100
2022,2180,Portland SD 1J,902,Woodlawn,combined_underserved,206,72.8
2022,2180,Portland SD 1J,902,Woodlawn,direct_cert,88,31.1
2022,2180,Portland SD 1J,902,Woodlawn,lep,29,10.2
2022,2180,Portland SD 1J,902,Woodlawn,swd,69,24.4
2022,2180,Portland SD 1J,902,Woodlawn,historically_underserved,161,56.9
2022,2180,Portland SD 1J,902,Woodlawn,hispanic,54,19.1
2022,2180,Portland SD 1J,902,Woodlawn,black,76,26.9
2022,2180,Portland SD 1J,902,Woodlawn,multi,28,9.9
2022,2180,Portland SD 1J,903,Woodmere,all,253,100
2022,2180,Portland SD 1J,903,Woodmere,combined_underserved,189,74.7
2022,2180,Portland SD 1J,903,Woodmere,direct_cert,114,45.1
2022,2180,Portland SD 1J,903,Woodmere,lep,55,21.7
2022,2180,Portland SD 1J,903,Woodmere,swd,59,23.3
2022,2180,Portland SD 1J,903,Woodmere,historically_underserved,108,42.7
2022,2180,Portland SD 1J,903,Woodmere,hispanic,47,18.6
2022,2180,Portland SD 1J,903,Woodmere,black,29,11.5
2022,2180,Portland SD 1J,903,Woodmere,multi,25,9.9
2022,2180,Portland SD 1J,904,Woodstock,all,479,100
2022,2180,Portland SD 1J,904,Woodstock,combined_underserved,175,36.5
2022,2180,Portland SD 1J,904,Woodstock,direct_cert,66,13.8
2022,2180,Portland SD 1J,904,Woodstock,lep,78,16.3
2022,2180,Portland SD 1J,904,Woodstock,swd,48,10
2022,2180,Portland SD 1J,904,Woodstock,historically_underserved,36,7.5
2022,2180,Portland SD 1J,904,Woodstock,hispanic,20,4.2
2022,2180,Portland SD 1J,904,Woodstock,black,2,0.4
2022,2180,Portland SD 1J,904,Woodstock,multi,13,2.7
2022,2180,Portland SD 1J,831,Beaumont,all,467,100
2022,2180,Portland SD 1J,831,Beaumont,combined_underserved,218,46.7
2022,2180,Portland SD 1J,831,Beaumont,direct_cert,93,19.9
2022,2180,Portland SD 1J,831,Beaumont,lep,64,13.7
2022,2180,Portland SD 1J,831,Beaumont,swd,75,16.1
2022,2180,Portland SD 1J,831,Beaumont,historically_underserved,181,38.8
2022,2180,Portland SD 1J,831,Beaumont,hispanic,125,26.8
2022,2180,Portland SD 1J,831,Beaumont,black,29,6.2
2022,2180,Portland SD 1J,831,Beaumont,multi,26,5.6
2022,2180,Portland SD 1J,1363,da Vinci,all,415,100
2022,2180,Portland SD 1J,1363,da Vinci,combined_underserved,190,45.8
2022,2180,Portland SD 1J,1363,da Vinci,direct_cert,64,15.4
2022,2180,Portland SD 1J,1363,da Vinci,lep,3,0.7
2022,2180,Portland SD 1J,1363,da Vinci,swd,68,16.4
2022,2180,Portland SD 1J,1363,da Vinci,historically_underserved,116,28
2022,2180,Portland SD 1J,1363,da Vinci,hispanic,48,11.6
2022,2180,Portland SD 1J,1363,da Vinci,black,26,6.3
2022,2180,Portland SD 1J,1363,da Vinci,multi,41,9.9
2022,2180,Portland SD 1J,849,George,all,385,100
2022,2180,Portland SD 1J,849,George,combined_underserved,331,86
2022,2180,Portland SD 1J,849,George,direct_cert,211,54.8
2022,2180,Portland SD 1J,849,George,lep,85,22.1
2022,2180,Portland SD 1J,849,George,swd,80,20.8
2022,2180,Portland SD 1J,849,George,historically_underserved,295,76.6
2022,2180,Portland SD 1J,849,George,hispanic,158,41
2022,2180,Portland SD 1J,849,George,black,79,20.5
2022,2180,Portland SD 1J,849,George,multi,46,11.9
2022,2180,Portland SD 1J,852,Gray,all,478,100
2022,2180,Portland SD 1J,852,Gray,combined_underserved,150,31.4
2022,2180,Portland SD 1J,852,Gray,direct_cert,43,9
2022,2180,Portland SD 1J,852,Gray,lep,9,1.9
2022,2180,Portland SD 1J,852,Gray,swd,73,15.3
2022,2180,Portland SD 1J,852,Gray,historically_underserved,73,15.3
2022,2180,Portland SD 1J,852,Gray,hispanic,38,7.9
2022,2180,Portland SD 1J,852,Gray,black,11,2.3
2022,2180,Portland SD 1J,852,Gray,multi,24,5
2022,2180,Portland SD 1J,894,Harriet Tubman,all,388,100
2022,2180,Portland SD 1J,894,Harriet Tubman,combined_underserved,251,64.7
2022,2180,Portland SD 1J,894,Harriet Tubman,direct_cert,135,34.8
2022,2180,Portland SD 1J,894,Harriet Tubman,lep,25,6.4
2022,2180,Portland SD 1J,894,Harriet Tubman,swd,57,14.7
2022,2180,Portland SD 1J,894,Harriet Tubman,historically_underserved,216,55.7
2022,2180,Portland SD 1J,894,Harriet Tubman,hispanic,51,13.1
2022,2180,Portland SD 1J,894,Harriet Tubman,black,124,32
2022,2180,Portland SD 1J,894,Harriet Tubman,multi,37,9.5
2022,2180,Portland SD 1J,858,Hosford,all,629,100
2022,2180,Portland SD 1J,858,Hosford,combined_underserved,241,38.3
2022,2180,Portland SD 1J,858,Hosford,direct_cert,119,18.9
2022,2180,Portland SD 1J,858,Hosford,lep,35,5.6
2022,2180,Portland SD 1J,858,Hosford,swd,92,14.6
2022,2180,Portland SD 1J,858,Hosford,historically_underserved,117,18.6
2022,2180,Portland SD 1J,858,Hosford,hispanic,53,8.4
2022,2180,Portland SD 1J,858,Hosford,black,30,4.8
2022,2180,Portland SD 1J,858,Hosford,multi,30,4.8
2022,2180,Portland SD 1J,1277,Jackson,all,752,100
2022,2180,Portland SD 1J,1277,Jackson,combined_underserved,290,38.6
2022,2180,Portland SD 1J,1277,Jackson,direct_cert,119,15.8
2022,2180,Portland SD 1J,1277,Jackson,lep,16,2.1
2022,2180,Portland SD 1J,1277,Jackson,swd,112,14.9
2022,2180,Portland SD 1J,1277,Jackson,historically_underserved,174,23.1
2022,2180,Portland SD 1J,1277,Jackson,hispanic,68,9
2022,2180,Portland SD 1J,1277,Jackson,black,51,6.8
2022,2180,Portland SD 1J,1277,Jackson,multi,48,6.4
2022,2180,Portland SD 1J,863,Kellogg,all,684,100
2022,2180,Portland SD 1J,863,Kellogg,combined_underserved,446,65.2
2022,2180,Portland SD 1J,863,Kellogg,direct_cert,218,31.9
2022,2180,Portland SD 1J,863,Kellogg,lep,83,12.1
2022,2180,Portland SD 1J,863,Kellogg,swd,129,18.9
2022,2180,Portland SD 1J,863,Kellogg,historically_underserved,296,43.3
2022,2180,Portland SD 1J,863,Kellogg,hispanic,206,30.1
2022,2180,Portland SD 1J,863,Kellogg,black,39,5.7
2022,2180,Portland SD 1J,863,Kellogg,multi,37,5.4
2022,2180,Portland SD 1J,1243,Lane,all,363,100
2022,2180,Portland SD 1J,1243,Lane,combined_underserved,266,73.3
2022,2180,Portland SD 1J,1243,Lane,direct_cert,154,42.4
2022,2180,Portland SD 1J,1243,Lane,lep,73,20.1
2022,2180,Portland SD 1J,1243,Lane,swd,77,21.2
2022,2180,Portland SD 1J,1243,Lane,historically_underserved,166,45.7
2022,2180,Portland SD 1J,1243,Lane,hispanic,91,25.1
2022,2180,Portland SD 1J,1243,Lane,black,43,11.8
2022,2180,Portland SD 1J,1243,Lane,multi,21,5.8
2022,2180,Portland SD 1J,877,Mt Tabor,all,645,100
2022,2180,Portland SD 1J,877,Mt Tabor,combined_underserved,224,34.7
2022,2180,Portland SD 1J,877,Mt Tabor,direct_cert,62,9.6
2022,2180,Portland SD 1J,877,Mt Tabor,lep,28,4.3
2022,2180,Portland SD 1J,877,Mt Tabor,swd,101,15.7
2022,2180,Portland SD 1J,877,Mt Tabor,historically_underserved,121,18.8
2022,2180,Portland SD 1J,877,Mt Tabor,hispanic,76,11.8
2022,2180,Portland SD 1J,877,Mt Tabor,black,8,1.2
2022,2180,Portland SD 1J,877,Mt Tabor,multi,34,5.3
2022,2180,Portland SD 1J,878,Ockley Green,all,485,100
2022,2180,Portland SD 1J,878,Ockley Green,combined_underserved,329,67.8
2022,2180,Portland SD 1J,878,Ockley Green,direct_cert,150,30.9
2022,2180,Portland SD 1J,878,Ockley Green,lep,37,7.6
2022,2180,Portland SD 1J,878,Ockley Green,swd,73,15.1
2022,2180,Portland SD 1J,878,Ockley Green,historically_underserved,270,55.7
2022,2180,Portland SD 1J,878,Ockley Green,hispanic,114,23.5
2022,2180,Portland SD 1J,878,Ockley Green,black,103,21.2
2022,2180,Portland SD 1J,878,Ockley Green,multi,42,8.7
2022,2180,Portland SD 1J,885,Roseway Heights,all,589,100
2022,2180,Portland SD 1J,885,Roseway Heights,combined_underserved,347,58.9
2022,2180,Portland SD 1J,885,Roseway Heights,direct_cert,198,33.6
2022,2180,Portland SD 1J,885,Roseway Heights,lep,78,13.2
2022,2180,Portland SD 1J,885,Roseway Heights,swd,97,16.5
2022,2180,Portland SD 1J,885,Roseway Heights,historically_underserved,240,40.7
2022,2180,Portland SD 1J,885,Roseway Heights,hispanic,128,21.7
2022,2180,Portland SD 1J,885,Roseway Heights,black,71,12.1
2022,2180,Portland SD 1J,885,Roseway Heights,multi,33,5.6
2022,2180,Portland SD 1J,888,Sellwood,all,553,100
2022,2180,Portland SD 1J,888,Sellwood,combined_underserved,170,30.7
2022,2180,Portland SD 1J,888,Sellwood,direct_cert,42,7.6
2022,2180,Portland SD 1J,888,Sellwood,lep,3,0.5
2022,2180,Portland SD 1J,888,Sellwood,swd,90,16.3
2022,2180,Portland SD 1J,888,Sellwood,historically_underserved,74,13.4
2022,2180,Portland SD 1J,888,Sellwood,hispanic,36,6.5
2022,2180,Portland SD 1J,888,Sellwood,black,8,1.4
2022,2180,Portland SD 1J,888,Sellwood,multi,29,5.2
2022,2180,Portland SD 1J,898,West Sylvan,all,727,100
2022,2180,Portland SD 1J,898,West Sylvan,combined_underserved,236,32.5
2022,2180,Portland SD 1J,898,West Sylvan,direct_cert,72,9.9
2022,2180,Portland SD 1J,898,West Sylvan,lep,15,2.1
2022,2180,Portland SD 1J,898,West Sylvan,swd,79,10.9
2022,2180,Portland SD 1J,898,West Sylvan,historically_underserved,148,20.4
2022,2180,Portland SD 1J,898,West Sylvan,hispanic,77,10.6
2022,2180,Portland SD 1J,898,West Sylvan,black,30,4.1
2022,2180,Portland SD 1J,898,West Sylvan,multi,33,4.5
2022,2180,Portland SD 1J,906,Benson,all,895,100
2022,2180,Portland SD 1J,906,Benson,combined_underserved,579,64.7
2022,2180,Portland SD 1J,906,Benson,direct_cert,209,23.4
2022,2180,Portland SD 1J,906,Benson,lep,63,7
2022,2180,Portland SD 1J,906,Benson,swd,175,19.6
2022,2180,Portland SD 1J,906,Benson,historically_underserved,420,46.9
2022,2180,Portland SD 1J,906,Benson,hispanic,252,28.2
2022,2180,Portland SD 1J,906,Benson,black,101,11.3
2022,2180,Portland SD 1J,906,Benson,multi,57,6.4
2022,2180,Portland SD 1J,909,Cleveland,all,1623,100
2022,2180,Portland SD 1J,909,Cleveland,combined_underserved,512,31.5
2022,2180,Portland SD 1J,909,Cleveland,direct_cert,179,11
2022,2180,Portland SD 1J,909,Cleveland,lep,27,1.7
2022,2180,Portland SD 1J,909,Cleveland,swd,201,12.4
2022,2180,Portland SD 1J,909,Cleveland,historically_underserved,280,17.3
2022,2180,Portland SD 1J,909,Cleveland,hispanic,150,9.2
2022,2180,Portland SD 1J,909,Cleveland,black,41,2.5
2022,2180,Portland SD 1J,909,Cleveland,multi,80,4.9
2022,2180,Portland SD 1J,911,Franklin,all,2014,100
2022,2180,Portland SD 1J,911,Franklin,combined_underserved,973,48.3
2022,2180,Portland SD 1J,911,Franklin,direct_cert,430,21.4
2022,2180,Portland SD 1J,911,Franklin,lep,123,6.1
2022,2180,Portland SD 1J,911,Franklin,swd,252,12.5
2022,2180,Portland SD 1J,911,Franklin,historically_underserved,640,31.8
2022,2180,Portland SD 1J,911,Franklin,hispanic,388,19.3
2022,2180,Portland SD 1J,911,Franklin,black,99,4.9
2022,2180,Portland SD 1J,911,Franklin,multi,127,6.3
2022,2180,Portland SD 1J,912,Grant,all,2126,100
2022,2180,Portland SD 1J,912,Grant,combined_underserved,584,27.5
2022,2180,Portland SD 1J,912,Grant,direct_cert,177,8.3
2022,2180,Portland SD 1J,912,Grant,lep,6,0.3
2022,2180,Portland SD 1J,912,Grant,swd,180,8.5
2022,2180,Portland SD 1J,912,Grant,historically_underserved,401,18.9
2022,2180,Portland SD 1J,912,Grant,hispanic,157,7.4
2022,2180,Portland SD 1J,912,Grant,black,119,5.6
2022,2180,Portland SD 1J,912,Grant,multi,115,5.4
2022,2180,Portland SD 1J,922,Ida B. Wells-Barnett,all,1597,100
2022,2180,Portland SD 1J,922,Ida B. Wells-Barnett,combined_underserved,470,29.4
2022,2180,Portland SD 1J,922,Ida B. Wells-Barnett,direct_cert,148,9.3
2022,2180,Portland SD 1J,922,Ida B. Wells-Barnett,lep,28,1.8
2022,2180,Portland SD 1J,922,Ida B. Wells-Barnett,swd,176,11
2022,2180,Portland SD 1J,922,Ida B. Wells-Barnett,historically_underserved,294,18.4
2022,2180,Portland SD 1J,922,Ida B. Wells-Barnett,hispanic,131,8.2
2022,2180,Portland SD 1J,922,Ida B. Wells-Barnett,black,69,4.3
2022,2180,Portland SD 1J,922,Ida B. Wells-Barnett,multi,86,5.4
2022,2180,Portland SD 1J,913,Jefferson,all,588,100
2022,2180,Portland SD 1J,913,Jefferson,combined_underserved,467,79.4
2022,2180,Portland SD 1J,913,Jefferson,direct_cert,231,39.3
2022,2180,Portland SD 1J,913,Jefferson,lep,43,7.3
2022,2180,Portland SD 1J,913,Jefferson,swd,89,15.1
2022,2180,Portland SD 1J,913,Jefferson,historically_underserved,429,73
2022,2180,Portland SD 1J,913,Jefferson,hispanic,121,20.6
2022,2180,Portland SD 1J,913,Jefferson,black,231,39.3
2022,2180,Portland SD 1J,913,Jefferson,multi,72,12.2
2022,2180,Portland SD 1J,914,Lincoln,all,1462,100
2022,2180,Portland SD 1J,914,Lincoln,combined_underserved,362,24.8
2022,2180,Portland SD 1J,914,Lincoln,direct_cert,76,5.2
2022,2180,Portland SD 1J,914,Lincoln,lep,27,1.8
2022,2180,Portland SD 1J,914,Lincoln,swd,83,5.7
2022,2180,Portland SD 1J,914,Lincoln,historically_underserved,262,17.9
2022,2180,Portland SD 1J,914,Lincoln,hispanic,175,12
2022,2180,Portland SD 1J,914,Lincoln,black,27,1.8
2022,2180,Portland SD 1J,914,Lincoln,multi,57,3.9
2022,2180,Portland SD 1J,915,McDaniel,all,1369,100
2022,2180,Portland SD 1J,915,McDaniel,combined_underserved,878,64.1
2022,2180,Portland SD 1J,915,McDaniel,direct_cert,402,29.4
2022,2180,Portland SD 1J,915,McDaniel,lep,197,14.4
2022,2180,Portland SD 1J,915,McDaniel,swd,202,14.8
2022,2180,Portland SD 1J,915,McDaniel,historically_underserved,678,49.5
2022,2180,Portland SD 1J,915,McDaniel,hispanic,330,24.1
2022,2180,Portland SD 1J,915,McDaniel,black,195,14.2
2022,2180,Portland SD 1J,915,McDaniel,multi,116,8.5
2022,2180,Portland SD 1J,918,Roosevelt,all,1376,100
2022,2180,Portland SD 1J,918,Roosevelt,combined_underserved,1010,73.4
2022,2180,Portland SD 1J,918,Roosevelt,direct_cert,473,34.4
2022,2180,Portland SD 1J,918,Roosevelt,lep,248,18
2022,2180,Portland SD 1J,918,Roosevelt,swd,243,17.7
2022,2180,Portland SD 1J,918,Roosevelt,historically_underserved,872,63.4
2022,2180,Portland SD 1J,918,Roosevelt,hispanic,522,37.9
2022,2180,Portland SD 1J,918,Roosevelt,black,191,13.9
2022,2180,Portland SD 1J,918,Roosevelt,multi,114,8.3
2022,2180,Portland SD 1J,NA,ACCESS,all,314,100
2022,2180,Portland SD 1J,NA,ACCESS,combined_underserved,89,28.3
2022,2180,Portland SD 1J,NA,ACCESS,direct_cert,16,5.1
2022,2180,Portland SD 1J,NA,ACCESS,lep,1,0.3
2022,2180,Portland SD 1J,NA,ACCESS,swd,52,16.6
2022,2180,Portland SD 1J,NA,ACCESS,historically_underserved,32,10.2
2022,2180,Portland SD 1J,NA,ACCESS,hispanic,17,5.4
2022,2180,Portland SD 1J,NA,ACCESS,black,5,1.6
2022,2180,Portland SD 1J,NA,ACCESS,multi,8,2.5
2022,2180,Portland SD 1J,4507,Alliance,all,169,100
2022,2180,Portland SD 1J,4507,Alliance,combined_underserved,114,67.5
2022,2180,Portland SD 1J,4507,Alliance,direct_cert,59,34.9
2022,2180,Portland SD 1J,4507,Alliance,lep,7,4.1
2022,2180,Portland SD 1J,4507,Alliance,swd,43,25.4
2022,2180,Portland SD 1J,4507,Alliance,historically_underserved,77,45.6
2022,2180,Portland SD 1J,4507,Alliance,hispanic,41,24.3
2022,2180,Portland SD 1J,4507,Alliance,black,17,10.1
2022,2180,Portland SD 1J,4507,Alliance,multi,18,10.7
2022,2180,Portland SD 1J,NA,Head Start Early Childhood Ed,all,379,100
2022,2180,Portland SD 1J,NA,Head Start Early Childhood Ed,combined_underserved,315,83.1
2022,2180,Portland SD 1J,NA,Head Start Early Childhood Ed,direct_cert,237,62.5
2022,2180,Portland SD 1J,NA,Head Start Early Childhood Ed,lep,NA,NA
2022,2180,Portland SD 1J,NA,Head Start Early Childhood Ed,swd,NA,NA
2022,2180,Portland SD 1J,NA,Head Start Early Childhood Ed,historically_underserved,248,65.4
2022,2180,Portland SD 1J,NA,Head Start Early Childhood Ed,hispanic,148,39.1
2022,2180,Portland SD 1J,NA,Head Start Early Childhood Ed,black,54,14.2
2022,2180,Portland SD 1J,NA,Head Start Early Childhood Ed,multi,32,8.4
2022,2180,Portland SD 1J,916,Metro. Learning Center,all,341,100
2022,2180,Portland SD 1J,916,Metro. Learning Center,combined_underserved,157,46
2022,2180,Portland SD 1J,916,Metro. Learning Center,direct_cert,34,10
2022,2180,Portland SD 1J,916,Metro. Learning Center,lep,1,0.3
2022,2180,Portland SD 1J,916,Metro. Learning Center,swd,93,27.3
2022,2180,Portland SD 1J,916,Metro. Learning Center,historically_underserved,69,20.2
2022,2180,Portland SD 1J,916,Metro. Learning Center,hispanic,38,11.1
2022,2180,Portland SD 1J,916,Metro. Learning Center,black,3,0.9
2022,2180,Portland SD 1J,916,Metro. Learning Center,multi,27,7.9
2022,2180,Portland SD 1J,NA,Online Learning Academy,all,592,100
2022,2180,Portland SD 1J,NA,Online Learning Academy,combined_underserved,394,66.6
2022,2180,Portland SD 1J,NA,Online Learning Academy,direct_cert,182,30.7
2022,2180,Portland SD 1J,NA,Online Learning Academy,lep,50,8.4
2022,2180,Portland SD 1J,NA,Online Learning Academy,swd,127,21.5
2022,2180,Portland SD 1J,NA,Online Learning Academy,historically_underserved,261,44.1
2022,2180,Portland SD 1J,NA,Online Learning Academy,hispanic,121,20.4
2022,2180,Portland SD 1J,NA,Online Learning Academy,black,91,15.4
2022,2180,Portland SD 1J,NA,Online Learning Academy,multi,46,7.8
2022,2180,Portland SD 1J,NA,Depaul Center,all,11,100
2022,2180,Portland SD 1J,NA,Depaul Center,combined_underserved,10,90.9
2022,2180,Portland SD 1J,NA,Depaul Center,direct_cert,9,81.8
2022,2180,Portland SD 1J,NA,Depaul Center,lep,NA,NA
2022,2180,Portland SD 1J,NA,Depaul Center,swd,1,9.1
2022,2180,Portland SD 1J,NA,Depaul Center,historically_underserved,4,36.4
2022,2180,Portland SD 1J,NA,Depaul Center,hispanic,1,9.1
2022,2180,Portland SD 1J,NA,Depaul Center,black,2,18.2
2022,2180,Portland SD 1J,NA,Depaul Center,multi,1,9.1
2022,2180,Portland SD 1J,1803,Mt Scott Learning Center,all,127,100
2022,2180,Portland SD 1J,1803,Mt Scott Learning Center,combined_underserved,101,79.5
2022,2180,Portland SD 1J,1803,Mt Scott Learning Center,direct_cert,58,45.7
2022,2180,Portland SD 1J,1803,Mt Scott Learning Center,lep,4,3.1
2022,2180,Portland SD 1J,1803,Mt Scott Learning Center,swd,52,40.9
2022,2180,Portland SD 1J,1803,Mt Scott Learning Center,historically_underserved,46,36.2
2022,2180,Portland SD 1J,1803,Mt Scott Learning Center,hispanic,27,21.3
2022,2180,Portland SD 1J,1803,Mt Scott Learning Center,black,9,7.1
2022,2180,Portland SD 1J,1803,Mt Scott Learning Center,multi,10,7.9
2022,2180,Portland SD 1J,4587,NAYA Early College Academy,all,41,100
2022,2180,Portland SD 1J,4587,NAYA Early College Academy,combined_underserved,41,100
2022,2180,Portland SD 1J,4587,NAYA Early College Academy,direct_cert,25,61
2022,2180,Portland SD 1J,4587,NAYA Early College Academy,lep,3,7.3
2022,2180,Portland SD 1J,4587,NAYA Early College Academy,swd,11,26.8
2022,2180,Portland SD 1J,4587,NAYA Early College Academy,historically_underserved,41,100
2022,2180,Portland SD 1J,4587,NAYA Early College Academy,hispanic,16,39
2022,2180,Portland SD 1J,4587,NAYA Early College Academy,black,3,7.3
2022,2180,Portland SD 1J,4587,NAYA Early College Academy,multi,7,17.1
2022,2180,Portland SD 1J,NA,PCC,all,299,100
2022,2180,Portland SD 1J,NA,PCC,combined_underserved,163,54.5
2022,2180,Portland SD 1J,NA,PCC,direct_cert,71,23.7
2022,2180,Portland SD 1J,NA,PCC,lep,32,10.7
2022,2180,Portland SD 1J,NA,PCC,swd,38,12.7
2022,2180,Portland SD 1J,NA,PCC,historically_underserved,101,33.8
2022,2180,Portland SD 1J,NA,PCC,hispanic,68,22.7
2022,2180,Portland SD 1J,NA,PCC,black,16,5.4
2022,2180,Portland SD 1J,NA,PCC,multi,15,5
2022,2180,Portland SD 1J,5877,Rosemary Anderson,all,149,100
2022,2180,Portland SD 1J,5877,Rosemary Anderson,combined_underserved,141,94.6
2022,2180,Portland SD 1J,5877,Rosemary Anderson,direct_cert,101,67.8
2022,2180,Portland SD 1J,5877,Rosemary Anderson,lep,15,10.1
2022,2180,Portland SD 1J,5877,Rosemary Anderson,swd,53,35.6
2022,2180,Portland SD 1J,5877,Rosemary Anderson,historically_underserved,120,80.5
2022,2180,Portland SD 1J,5877,Rosemary Anderson,hispanic,46,30.9
2022,2180,Portland SD 1J,5877,Rosemary Anderson,black,55,36.9
2022,2180,Portland SD 1J,5877,Rosemary Anderson,multi,17,11.4
2022,2180,Portland SD 1J,NA,Youth Builders,all,3,100
2022,2180,Portland SD 1J,NA,Youth Builders,combined_underserved,3,100
2022,2180,Portland SD 1J,NA,Youth Builders,direct_cert,3,100
2022,2180,Portland SD 1J,NA,Youth Builders,lep,NA,NA
2022,2180,Portland SD 1J,NA,Youth Builders,swd,2,66.7
2022,2180,Portland SD 1J,NA,Youth Builders,historically_underserved,1,33.3
2022,2180,Portland SD 1J,NA,Youth Builders,hispanic,NA,NA
2022,2180,Portland SD 1J,NA,Youth Builders,black,1,33.3
2022,2180,Portland SD 1J,NA,Youth Builders,multi,NA,NA
2022,2180,Portland SD 1J,NA,Youth Progress Association,all,7,100
2022,2180,Portland SD 1J,NA,Youth Progress Association,combined_underserved,7,100
2022,2180,Portland SD 1J,NA,Youth Progress Association,direct_cert,7,100
2022,2180,Portland SD 1J,NA,Youth Progress Association,lep,NA,NA
2022,2180,Portland SD 1J,NA,Youth Progress Association,swd,2,28.6
2022,2180,Portland SD 1J,NA,Youth Progress Association,historically_underserved,4,57.1
2022,2180,Portland SD 1J,NA,Youth Progress Association,hispanic,2,28.6
2022,2180,Portland SD 1J,NA,Youth Progress Association,black,1,14.3
2022,2180,Portland SD 1J,NA,Youth Progress Association,multi,1,14.3
2022,2180,Portland SD 1J,NA,CTC Northeast,all,93,100
2022,2180,Portland SD 1J,NA,CTC Northeast,combined_underserved,93,100
2022,2180,Portland SD 1J,NA,CTC Northeast,direct_cert,27,29
2022,2180,Portland SD 1J,NA,CTC Northeast,lep,9,9.7
2022,2180,Portland SD 1J,NA,CTC Northeast,swd,92,98.9
2022,2180,Portland SD 1J,NA,CTC Northeast,historically_underserved,36,38.7
2022,2180,Portland SD 1J,NA,CTC Northeast,hispanic,16,17.2
2022,2180,Portland SD 1J,NA,CTC Northeast,black,13,14
2022,2180,Portland SD 1J,NA,CTC Northeast,multi,6,6.5
2022,2180,Portland SD 1J,NA,CTC Southeast,all,70,100
2022,2180,Portland SD 1J,NA,CTC Southeast,combined_underserved,69,98.6
2022,2180,Portland SD 1J,NA,CTC Southeast,direct_cert,19,27.1
2022,2180,Portland SD 1J,NA,CTC Southeast,lep,7,10
2022,2180,Portland SD 1J,NA,CTC Southeast,swd,69,98.6
2022,2180,Portland SD 1J,NA,CTC Southeast,historically_underserved,25,35.7
2022,2180,Portland SD 1J,NA,CTC Southeast,hispanic,6,8.6
2022,2180,Portland SD 1J,NA,CTC Southeast,black,7,10
2022,2180,Portland SD 1J,NA,CTC Southeast,multi,7,10
2022,2180,Portland SD 1J,NA,DART Programs,all,83,100
2022,2180,Portland SD 1J,NA,DART Programs,combined_underserved,65,78.3
2022,2180,Portland SD 1J,NA,DART Programs,direct_cert,41,49.4
2022,2180,Portland SD 1J,NA,DART Programs,lep,1,1.2
2022,2180,Portland SD 1J,NA,DART Programs,swd,36,43.4
2022,2180,Portland SD 1J,NA,DART Programs,historically_underserved,32,38.6
2022,2180,Portland SD 1J,NA,DART Programs,hispanic,17,20.5
2022,2180,Portland SD 1J,NA,DART Programs,black,3,3.6
2022,2180,Portland SD 1J,NA,DART Programs,multi,9,10.8
2022,2180,Portland SD 1J,NA,PPS Pioneer Programs,all,78,100
2022,2180,Portland SD 1J,NA,PPS Pioneer Programs,combined_underserved,78,100
2022,2180,Portland SD 1J,NA,PPS Pioneer Programs,direct_cert,41,52.6
2022,2180,Portland SD 1J,NA,PPS Pioneer Programs,lep,1,1.3
2022,2180,Portland SD 1J,NA,PPS Pioneer Programs,swd,74,94.9
2022,2180,Portland SD 1J,NA,PPS Pioneer Programs,historically_underserved,37,47.4
2022,2180,Portland SD 1J,NA,PPS Pioneer Programs,hispanic,8,10.3
2022,2180,Portland SD 1J,NA,PPS Pioneer Programs,black,13,16.7
2022,2180,Portland SD 1J,NA,PPS Pioneer Programs,multi,16,20.5
2022,2180,Portland SD 1J,NA,Providence Hospital,all,13,100
2022,2180,Portland SD 1J,NA,Providence Hospital,combined_underserved,13,100
2022,2180,Portland SD 1J,NA,Providence Hospital,direct_cert,1,7.7
2022,2180,Portland SD 1J,NA,Providence Hospital,lep,NA,NA
2022,2180,Portland SD 1J,NA,Providence Hospital,swd,13,100
2022,2180,Portland SD 1J,NA,Providence Hospital,historically_underserved,2,15.4
2022,2180,Portland SD 1J,NA,Providence Hospital,hispanic,1,7.7
2022,2180,Portland SD 1J,NA,Providence Hospital,black,NA,NA
2022,2180,Portland SD 1J,NA,Providence Hospital,multi,1,7.7
2022,2180,Portland SD 1J,NA,Serendipity,all,10,100
2022,2180,Portland SD 1J,NA,Serendipity,combined_underserved,9,90
2022,2180,Portland SD 1J,NA,Serendipity,direct_cert,5,50
2022,2180,Portland SD 1J,NA,Serendipity,lep,NA,NA
2022,2180,Portland SD 1J,NA,Serendipity,swd,8,80
2022,2180,Portland SD 1J,NA,Serendipity,historically_underserved,6,60
2022,2180,Portland SD 1J,NA,Serendipity,hispanic,3,30
2022,2180,Portland SD 1J,NA,Serendipity,black,3,30
2022,2180,Portland SD 1J,NA,Serendipity,multi,NA,NA
2022,2180,Portland SD 1J,NA,Special Education Instruction,all,101,100
2022,2180,Portland SD 1J,NA,Special Education Instruction,combined_underserved,91,90.1
2022,2180,Portland SD 1J,NA,Special Education Instruction,direct_cert,13,12.9
2022,2180,Portland SD 1J,NA,Special Education Instruction,lep,6,5.9
2022,2180,Portland SD 1J,NA,Special Education Instruction,swd,86,85.1
2022,2180,Portland SD 1J,NA,Special Education Instruction,historically_underserved,21,20.8
2022,2180,Portland SD 1J,NA,Special Education Instruction,hispanic,11,10.9
2022,2180,Portland SD 1J,NA,Special Education Instruction,black,5,5
2022,2180,Portland SD 1J,NA,Special Education Instruction,multi,5,5
2022,2180,Portland SD 1J,NA,Teen Parent Services,all,6,100
2022,2180,Portland SD 1J,NA,Teen Parent Services,combined_underserved,5,83.3
2022,2180,Portland SD 1J,NA,Teen Parent Services,direct_cert,3,50
2022,2180,Portland SD 1J,NA,Teen Parent Services,lep,2,33.3
2022,2180,Portland SD 1J,NA,Teen Parent Services,swd,1,16.7
2022,2180,Portland SD 1J,NA,Teen Parent Services,historically_underserved,5,83.3
2022,2180,Portland SD 1J,NA,Teen Parent Services,hispanic,3,50
2022,2180,Portland SD 1J,NA,Teen Parent Services,black,NA,NA
2022,2180,Portland SD 1J,NA,Teen Parent Services,multi,2,33.3
2022,2180,Portland SD 1J,NA,Victory Academy - SPED,all,1,100
2022,2180,Portland SD 1J,NA,Victory Academy - SPED,combined_underserved,1,100
2022,2180,Portland SD 1J,NA,Victory Academy - SPED,direct_cert,NA,NA
2022,2180,Portland SD 1J,NA,Victory Academy - SPED,lep,NA,NA
2022,2180,Portland SD 1J,NA,Victory Academy - SPED,swd,1,100
2022,2180,Portland SD 1J,NA,Victory Academy - SPED,historically_underserved,NA,NA
2022,2180,Portland SD 1J,NA,Victory Academy - SPED,hispanic,NA,NA
2022,2180,Portland SD 1J,NA,Victory Academy - SPED,black,NA,NA
2022,2180,Portland SD 1J,NA,Victory Academy - SPED,multi,NA,NA
2022,2180,Portland SD 1J,NA,Arthur Academy,all,156,100
2022,2180,Portland SD 1J,NA,Arthur Academy,combined_underserved,81,51.9
2022,2180,Portland SD 1J,NA,Arthur Academy,direct_cert,36,23.1
2022,2180,Portland SD 1J,NA,Arthur Academy,lep,20,12.8
2022,2180,Portland SD 1J,NA,Arthur Academy,swd,13,8.3
2022,2180,Portland SD 1J,NA,Arthur Academy,historically_underserved,38,24.4
2022,2180,Portland SD 1J,NA,Arthur Academy,hispanic,9,5.8
2022,2180,Portland SD 1J,NA,Arthur Academy,black,16,10.3
2022,2180,Portland SD 1J,NA,Arthur Academy,multi,11,7.1
2022,2180,Portland SD 1J,3991,Emerson School,all,124,100
2022,2180,Portland SD 1J,3991,Emerson School,combined_underserved,45,36.3
2022,2180,Portland SD 1J,3991,Emerson School,direct_cert,8,6.5
2022,2180,Portland SD 1J,3991,Emerson School,lep,1,0.8
2022,2180,Portland SD 1J,3991,Emerson School,swd,19,15.3
2022,2180,Portland SD 1J,3991,Emerson School,historically_underserved,27,21.8
2022,2180,Portland SD 1J,3991,Emerson School,hispanic,12,9.7
2022,2180,Portland SD 1J,3991,Emerson School,black,2,1.6
2022,2180,Portland SD 1J,3991,Emerson School,multi,13,10.5
2022,2180,Portland SD 1J,5218,Kairos PDX,all,219,100
2022,2180,Portland SD 1J,5218,Kairos PDX,combined_underserved,170,77.6
2022,2180,Portland SD 1J,5218,Kairos PDX,direct_cert,53,24.2
2022,2180,Portland SD 1J,5218,Kairos PDX,lep,5,2.3
2022,2180,Portland SD 1J,5218,Kairos PDX,swd,30,13.7
2022,2180,Portland SD 1J,5218,Kairos PDX,historically_underserved,159,72.6
2022,2180,Portland SD 1J,5218,Kairos PDX,hispanic,18,8.2
2022,2180,Portland SD 1J,5218,Kairos PDX,black,111,50.7
2022,2180,Portland SD 1J,5218,Kairos PDX,multi,29,13.2
2022,2180,Portland SD 1J,5060,Le Monde,all,380,100
2022,2180,Portland SD 1J,5060,Le Monde,combined_underserved,96,25.3
2022,2180,Portland SD 1J,5060,Le Monde,direct_cert,17,4.5
2022,2180,Portland SD 1J,5060,Le Monde,lep,3,0.8
2022,2180,Portland SD 1J,5060,Le Monde,swd,44,11.6
2022,2180,Portland SD 1J,5060,Le Monde,historically_underserved,49,12.9
2022,2180,Portland SD 1J,5060,Le Monde,hispanic,15,3.9
2022,2180,Portland SD 1J,5060,Le Monde,black,10,2.6
2022,2180,Portland SD 1J,5060,Le Monde,multi,22,5.8
2022,2180,Portland SD 1J,4534,Portland Village School,all,416,100
2022,2180,Portland SD 1J,4534,Portland Village School,combined_underserved,174,41.8
2022,2180,Portland SD 1J,4534,Portland Village School,direct_cert,59,14.2
2022,2180,Portland SD 1J,4534,Portland Village School,lep,12,2.9
2022,2180,Portland SD 1J,4534,Portland Village School,swd,71,17.1
2022,2180,Portland SD 1J,4534,Portland Village School,historically_underserved,78,18.8
2022,2180,Portland SD 1J,4534,Portland Village School,hispanic,56,13.5
2022,2180,Portland SD 1J,4534,Portland Village School,black,5,1.2
2022,2180,Portland SD 1J,4534,Portland Village School,multi,14,3.4
2023,2180,Portland SD 1J,822,Abernethy,all,353,100
2023,2180,Portland SD 1J,822,Abernethy,combined_underserved,103,29.2
2023,2180,Portland SD 1J,822,Abernethy,direct_cert,25,7.1
2023,2180,Portland SD 1J,822,Abernethy,lep,2,0.6
2023,2180,Portland SD 1J,822,Abernethy,swd,53,15
2023,2180,Portland SD 1J,822,Abernethy,historically_underserved,42,11.9
2023,2180,Portland SD 1J,822,Abernethy,hispanic,26,7.4
2023,2180,Portland SD 1J,822,Abernethy,black,2,0.6
2023,2180,Portland SD 1J,822,Abernethy,multi,14,4
2023,2180,Portland SD 1J,823,Ainsworth,all,563,100
2023,2180,Portland SD 1J,823,Ainsworth,combined_underserved,216,38.4
2023,2180,Portland SD 1J,823,Ainsworth,direct_cert,34,6
2023,2180,Portland SD 1J,823,Ainsworth,lep,51,9.1
2023,2180,Portland SD 1J,823,Ainsworth,swd,53,9.4
2023,2180,Portland SD 1J,823,Ainsworth,historically_underserved,141,25
2023,2180,Portland SD 1J,823,Ainsworth,hispanic,113,20.1
2023,2180,Portland SD 1J,823,Ainsworth,black,6,1.1
2023,2180,Portland SD 1J,823,Ainsworth,multi,19,3.4
2023,2180,Portland SD 1J,824,Alameda,all,538,100
2023,2180,Portland SD 1J,824,Alameda,combined_underserved,146,27.1
2023,2180,Portland SD 1J,824,Alameda,direct_cert,23,4.3
2023,2180,Portland SD 1J,824,Alameda,lep,4,0.7
2023,2180,Portland SD 1J,824,Alameda,swd,90,16.7
2023,2180,Portland SD 1J,824,Alameda,historically_underserved,66,12.3
2023,2180,Portland SD 1J,824,Alameda,hispanic,39,7.2
2023,2180,Portland SD 1J,824,Alameda,black,6,1.1
2023,2180,Portland SD 1J,824,Alameda,multi,19,3.5
2023,2180,Portland SD 1J,826,Arleta,all,256,100
2023,2180,Portland SD 1J,826,Arleta,combined_underserved,143,55.9
2023,2180,Portland SD 1J,826,Arleta,direct_cert,74,28.9
2023,2180,Portland SD 1J,826,Arleta,lep,19,7.4
2023,2180,Portland SD 1J,826,Arleta,swd,53,20.7
2023,2180,Portland SD 1J,826,Arleta,historically_underserved,66,25.8
2023,2180,Portland SD 1J,826,Arleta,hispanic,28,10.9
2023,2180,Portland SD 1J,826,Arleta,black,11,4.3
2023,2180,Portland SD 1J,826,Arleta,multi,22,8.6
2023,2180,Portland SD 1J,827,Astor,all,368,100
2023,2180,Portland SD 1J,827,Astor,combined_underserved,176,47.8
2023,2180,Portland SD 1J,827,Astor,direct_cert,80,21.7
2023,2180,Portland SD 1J,827,Astor,lep,15,4.1
2023,2180,Portland SD 1J,827,Astor,swd,84,22.8
2023,2180,Portland SD 1J,827,Astor,historically_underserved,124,33.7
2023,2180,Portland SD 1J,827,Astor,hispanic,63,17.1
2023,2180,Portland SD 1J,827,Astor,black,16,4.3
2023,2180,Portland SD 1J,827,Astor,multi,39,10.6
2023,2180,Portland SD 1J,828,Atkinson,all,337,100
2023,2180,Portland SD 1J,828,Atkinson,combined_underserved,170,50.4
2023,2180,Portland SD 1J,828,Atkinson,direct_cert,47,13.9
2023,2180,Portland SD 1J,828,Atkinson,lep,41,12.2
2023,2180,Portland SD 1J,828,Atkinson,swd,61,18.1
2023,2180,Portland SD 1J,828,Atkinson,historically_underserved,117,34.7
2023,2180,Portland SD 1J,828,Atkinson,hispanic,106,31.5
2023,2180,Portland SD 1J,828,Atkinson,black,4,1.2
2023,2180,Portland SD 1J,828,Atkinson,multi,6,1.8
2023,2180,Portland SD 1J,830,Beach,all,346,100
2023,2180,Portland SD 1J,830,Beach,combined_underserved,189,54.6
2023,2180,Portland SD 1J,830,Beach,direct_cert,99,28.6
2023,2180,Portland SD 1J,830,Beach,lep,29,8.4
2023,2180,Portland SD 1J,830,Beach,swd,46,13.3
2023,2180,Portland SD 1J,830,Beach,historically_underserved,142,41
2023,2180,Portland SD 1J,830,Beach,hispanic,80,23.1
2023,2180,Portland SD 1J,830,Beach,black,37,10.7
2023,2180,Portland SD 1J,830,Beach,multi,25,7.2
2023,2180,Portland SD 1J,857,Beverly Cleary,all,604,100
2023,2180,Portland SD 1J,857,Beverly Cleary,combined_underserved,171,28.3
2023,2180,Portland SD 1J,857,Beverly Cleary,direct_cert,28,4.6
2023,2180,Portland SD 1J,857,Beverly Cleary,lep,9,1.5
2023,2180,Portland SD 1J,857,Beverly Cleary,swd,82,13.6
2023,2180,Portland SD 1J,857,Beverly Cleary,historically_underserved,90,14.9
2023,2180,Portland SD 1J,857,Beverly Cleary,hispanic,42,7
2023,2180,Portland SD 1J,857,Beverly Cleary,black,12,2
2023,2180,Portland SD 1J,857,Beverly Cleary,multi,32,5.3
2023,2180,Portland SD 1J,833,Boise-Eliot/Humboldt,all,356,100
2023,2180,Portland SD 1J,833,Boise-Eliot/Humboldt,combined_underserved,305,85.7
2023,2180,Portland SD 1J,833,Boise-Eliot/Humboldt,direct_cert,206,57.9
2023,2180,Portland SD 1J,833,Boise-Eliot/Humboldt,lep,9,2.5
2023,2180,Portland SD 1J,833,Boise-Eliot/Humboldt,swd,68,19.1
2023,2180,Portland SD 1J,833,Boise-Eliot/Humboldt,historically_underserved,267,75
2023,2180,Portland SD 1J,833,Boise-Eliot/Humboldt,hispanic,60,16.9
2023,2180,Portland SD 1J,833,Boise-Eliot/Humboldt,black,149,41.9
2023,2180,Portland SD 1J,833,Boise-Eliot/Humboldt,multi,55,15.4
2023,2180,Portland SD 1J,834,Bridger,all,329,100
2023,2180,Portland SD 1J,834,Bridger,combined_underserved,195,59.3
2023,2180,Portland SD 1J,834,Bridger,direct_cert,85,25.8
2023,2180,Portland SD 1J,834,Bridger,lep,49,14.9
2023,2180,Portland SD 1J,834,Bridger,swd,35,10.6
2023,2180,Portland SD 1J,834,Bridger,historically_underserved,145,44.1
2023,2180,Portland SD 1J,834,Bridger,hispanic,98,29.8
2023,2180,Portland SD 1J,834,Bridger,black,16,4.9
2023,2180,Portland SD 1J,834,Bridger,multi,23,7
2023,2180,Portland SD 1J,835,Bridlemile,all,458,100
2023,2180,Portland SD 1J,835,Bridlemile,combined_underserved,162,35.4
2023,2180,Portland SD 1J,835,Bridlemile,direct_cert,36,7.9
2023,2180,Portland SD 1J,835,Bridlemile,lep,29,6.3
2023,2180,Portland SD 1J,835,Bridlemile,swd,76,16.6
2023,2180,Portland SD 1J,835,Bridlemile,historically_underserved,75,16.4
2023,2180,Portland SD 1J,835,Bridlemile,hispanic,39,8.5
2023,2180,Portland SD 1J,835,Bridlemile,black,11,2.4
2023,2180,Portland SD 1J,835,Bridlemile,multi,21,4.6
2023,2180,Portland SD 1J,837,Buckman,all,395,100
2023,2180,Portland SD 1J,837,Buckman,combined_underserved,196,49.6
2023,2180,Portland SD 1J,837,Buckman,direct_cert,91,23
2023,2180,Portland SD 1J,837,Buckman,lep,13,3.3
2023,2180,Portland SD 1J,837,Buckman,swd,76,19.2
2023,2180,Portland SD 1J,837,Buckman,historically_underserved,100,25.3
2023,2180,Portland SD 1J,837,Buckman,hispanic,52,13.2
2023,2180,Portland SD 1J,837,Buckman,black,13,3.3
2023,2180,Portland SD 1J,837,Buckman,multi,31,7.8
2023,2180,Portland SD 1J,838,Capitol Hill,all,333,100
2023,2180,Portland SD 1J,838,Capitol Hill,combined_underserved,109,32.7
2023,2180,Portland SD 1J,838,Capitol Hill,direct_cert,40,12
2023,2180,Portland SD 1J,838,Capitol Hill,lep,11,3.3
2023,2180,Portland SD 1J,838,Capitol Hill,swd,34,10.2
2023,2180,Portland SD 1J,838,Capitol Hill,historically_underserved,64,19.2
2023,2180,Portland SD 1J,838,Capitol Hill,hispanic,27,8.1
2023,2180,Portland SD 1J,838,Capitol Hill,black,11,3.3
2023,2180,Portland SD 1J,838,Capitol Hill,multi,26,7.8
2023,2180,Portland SD 1J,841,César Chávez,all,467,100
2023,2180,Portland SD 1J,841,César Chávez,combined_underserved,405,86.7
2023,2180,Portland SD 1J,841,César Chávez,direct_cert,217,46.5
2023,2180,Portland SD 1J,841,César Chávez,lep,188,40.3
2023,2180,Portland SD 1J,841,César Chávez,swd,81,17.3
2023,2180,Portland SD 1J,841,César Chávez,historically_underserved,370,79.2
2023,2180,Portland SD 1J,841,César Chávez,hispanic,271,58
2023,2180,Portland SD 1J,841,César Chávez,black,68,14.6
2023,2180,Portland SD 1J,841,César Chávez,multi,22,4.7
2023,2180,Portland SD 1J,839,Chapman,all,350,100
2023,2180,Portland SD 1J,839,Chapman,combined_underserved,208,59.4
2023,2180,Portland SD 1J,839,Chapman,direct_cert,137,39.1
2023,2180,Portland SD 1J,839,Chapman,lep,32,9.1
2023,2180,Portland SD 1J,839,Chapman,swd,35,10
2023,2180,Portland SD 1J,839,Chapman,historically_underserved,120,34.3
2023,2180,Portland SD 1J,839,Chapman,hispanic,61,17.4
2023,2180,Portland SD 1J,839,Chapman,black,21,6
2023,2180,Portland SD 1J,839,Chapman,multi,32,9.1
2023,2180,Portland SD 1J,840,Chief Joseph,all,261,100
2023,2180,Portland SD 1J,840,Chief Joseph,combined_underserved,115,44.1
2023,2180,Portland SD 1J,840,Chief Joseph,direct_cert,55,21.1
2023,2180,Portland SD 1J,840,Chief Joseph,lep,23,8.8
2023,2180,Portland SD 1J,840,Chief Joseph,swd,29,11.1
2023,2180,Portland SD 1J,840,Chief Joseph,historically_underserved,73,28
2023,2180,Portland SD 1J,840,Chief Joseph,hispanic,36,13.8
2023,2180,Portland SD 1J,840,Chief Joseph,black,15,5.7
2023,2180,Portland SD 1J,840,Chief Joseph,multi,16,6.1
2023,2180,Portland SD 1J,4640,Creative Science,all,423,100
2023,2180,Portland SD 1J,4640,Creative Science,combined_underserved,178,42.1
2023,2180,Portland SD 1J,4640,Creative Science,direct_cert,65,15.4
2023,2180,Portland SD 1J,4640,Creative Science,lep,15,3.5
2023,2180,Portland SD 1J,4640,Creative Science,swd,85,20.1
2023,2180,Portland SD 1J,4640,Creative Science,historically_underserved,82,19.4
2023,2180,Portland SD 1J,4640,Creative Science,hispanic,42,9.9
2023,2180,Portland SD 1J,4640,Creative Science,black,9,2.1
2023,2180,Portland SD 1J,4640,Creative Science,multi,24,5.7
2023,2180,Portland SD 1J,843,Creston,all,260,100
2023,2180,Portland SD 1J,843,Creston,combined_underserved,120,46.2
2023,2180,Portland SD 1J,843,Creston,direct_cert,52,20
2023,2180,Portland SD 1J,843,Creston,lep,21,8.1
2023,2180,Portland SD 1J,843,Creston,swd,53,20.4
2023,2180,Portland SD 1J,843,Creston,historically_underserved,62,23.8
2023,2180,Portland SD 1J,843,Creston,hispanic,36,13.8
2023,2180,Portland SD 1J,843,Creston,black,7,2.7
2023,2180,Portland SD 1J,843,Creston,multi,13,5
2023,2180,Portland SD 1J,844,Duniway,all,422,100
2023,2180,Portland SD 1J,844,Duniway,combined_underserved,128,30.3
2023,2180,Portland SD 1J,844,Duniway,direct_cert,27,6.4
2023,2180,Portland SD 1J,844,Duniway,lep,13,3.1
2023,2180,Portland SD 1J,844,Duniway,swd,77,18.2
2023,2180,Portland SD 1J,844,Duniway,historically_underserved,40,9.5
2023,2180,Portland SD 1J,844,Duniway,hispanic,25,5.9
2023,2180,Portland SD 1J,844,Duniway,black,3,0.7
2023,2180,Portland SD 1J,844,Duniway,multi,12,2.8
2023,2180,Portland SD 1J,847,Faubion,all,684,100
2023,2180,Portland SD 1J,847,Faubion,combined_underserved,550,80.4
2023,2180,Portland SD 1J,847,Faubion,direct_cert,305,44.6
2023,2180,Portland SD 1J,847,Faubion,lep,107,15.6
2023,2180,Portland SD 1J,847,Faubion,swd,105,15.4
2023,2180,Portland SD 1J,847,Faubion,historically_underserved,489,71.5
2023,2180,Portland SD 1J,847,Faubion,hispanic,189,27.6
2023,2180,Portland SD 1J,847,Faubion,black,185,27
2023,2180,Portland SD 1J,847,Faubion,multi,93,13.6
2023,2180,Portland SD 1J,2413,Forest Park,all,328,100
2023,2180,Portland SD 1J,2413,Forest Park,combined_underserved,79,24.1
2023,2180,Portland SD 1J,2413,Forest Park,direct_cert,7,2.1
2023,2180,Portland SD 1J,2413,Forest Park,lep,15,4.6
2023,2180,Portland SD 1J,2413,Forest Park,swd,36,11
2023,2180,Portland SD 1J,2413,Forest Park,historically_underserved,30,9.1
2023,2180,Portland SD 1J,2413,Forest Park,hispanic,16,4.9
2023,2180,Portland SD 1J,2413,Forest Park,black,7,2.1
2023,2180,Portland SD 1J,2413,Forest Park,multi,7,2.1
2023,2180,Portland SD 1J,850,Glencoe,all,394,100
2023,2180,Portland SD 1J,850,Glencoe,combined_underserved,168,42.6
2023,2180,Portland SD 1J,850,Glencoe,direct_cert,58,14.7
2023,2180,Portland SD 1J,850,Glencoe,lep,14,3.6
2023,2180,Portland SD 1J,850,Glencoe,swd,74,18.8
2023,2180,Portland SD 1J,850,Glencoe,historically_underserved,84,21.3
2023,2180,Portland SD 1J,850,Glencoe,hispanic,40,10.2
2023,2180,Portland SD 1J,850,Glencoe,black,19,4.8
2023,2180,Portland SD 1J,850,Glencoe,multi,25,6.3
2023,2180,Portland SD 1J,854,Grout,all,316,100
2023,2180,Portland SD 1J,854,Grout,combined_underserved,188,59.5
2023,2180,Portland SD 1J,854,Grout,direct_cert,117,37
2023,2180,Portland SD 1J,854,Grout,lep,54,17.1
2023,2180,Portland SD 1J,854,Grout,swd,68,21.5
2023,2180,Portland SD 1J,854,Grout,historically_underserved,84,26.6
2023,2180,Portland SD 1J,854,Grout,hispanic,39,12.3
2023,2180,Portland SD 1J,854,Grout,black,13,4.1
2023,2180,Portland SD 1J,854,Grout,multi,22,7
2023,2180,Portland SD 1J,842,Harrison Park,all,575,100
2023,2180,Portland SD 1J,842,Harrison Park,combined_underserved,480,83.5
2023,2180,Portland SD 1J,842,Harrison Park,direct_cert,287,49.9
2023,2180,Portland SD 1J,842,Harrison Park,lep,203,35.3
2023,2180,Portland SD 1J,842,Harrison Park,swd,84,14.6
2023,2180,Portland SD 1J,842,Harrison Park,historically_underserved,326,56.7
2023,2180,Portland SD 1J,842,Harrison Park,hispanic,92,16
2023,2180,Portland SD 1J,842,Harrison Park,black,137,23.8
2023,2180,Portland SD 1J,842,Harrison Park,multi,57,9.9
2023,2180,Portland SD 1J,855,Hayhurst,all,350,100
2023,2180,Portland SD 1J,855,Hayhurst,combined_underserved,144,41.1
2023,2180,Portland SD 1J,855,Hayhurst,direct_cert,74,21.1
2023,2180,Portland SD 1J,855,Hayhurst,lep,24,6.9
2023,2180,Portland SD 1J,855,Hayhurst,swd,57,16.3
2023,2180,Portland SD 1J,855,Hayhurst,historically_underserved,82,23.4
2023,2180,Portland SD 1J,855,Hayhurst,hispanic,29,8.3
2023,2180,Portland SD 1J,855,Hayhurst,black,24,6.9
2023,2180,Portland SD 1J,855,Hayhurst,multi,27,7.7
2023,2180,Portland SD 1J,861,Irvington,all,228,100
2023,2180,Portland SD 1J,861,Irvington,combined_underserved,99,43.4
2023,2180,Portland SD 1J,861,Irvington,direct_cert,38,16.7
2023,2180,Portland SD 1J,861,Irvington,lep,9,3.9
2023,2180,Portland SD 1J,861,Irvington,swd,43,18.9
2023,2180,Portland SD 1J,861,Irvington,historically_underserved,60,26.3
2023,2180,Portland SD 1J,861,Irvington,hispanic,27,11.8
2023,2180,Portland SD 1J,861,Irvington,black,16,7
2023,2180,Portland SD 1J,861,Irvington,multi,17,7.5
2023,2180,Portland SD 1J,862,James John,all,337,100
2023,2180,Portland SD 1J,862,James John,combined_underserved,248,73.6
2023,2180,Portland SD 1J,862,James John,direct_cert,131,38.9
2023,2180,Portland SD 1J,862,James John,lep,90,26.7
2023,2180,Portland SD 1J,862,James John,swd,67,19.9
2023,2180,Portland SD 1J,862,James John,historically_underserved,205,60.8
2023,2180,Portland SD 1J,862,James John,hispanic,143,42.4
2023,2180,Portland SD 1J,862,James John,black,30,8.9
2023,2180,Portland SD 1J,862,James John,multi,27,8
2023,2180,Portland SD 1J,864,Kelly,all,356,100
2023,2180,Portland SD 1J,864,Kelly,combined_underserved,314,88.2
2023,2180,Portland SD 1J,864,Kelly,direct_cert,169,47.5
2023,2180,Portland SD 1J,864,Kelly,lep,165,46.3
2023,2180,Portland SD 1J,864,Kelly,swd,53,14.9
2023,2180,Portland SD 1J,864,Kelly,historically_underserved,142,39.9
2023,2180,Portland SD 1J,864,Kelly,hispanic,74,20.8
2023,2180,Portland SD 1J,864,Kelly,black,33,9.3
2023,2180,Portland SD 1J,864,Kelly,multi,22,6.2
2023,2180,Portland SD 1J,868,Laurelhurst,all,674,100
2023,2180,Portland SD 1J,868,Laurelhurst,combined_underserved,165,24.5
2023,2180,Portland SD 1J,868,Laurelhurst,direct_cert,41,6.1
2023,2180,Portland SD 1J,868,Laurelhurst,lep,4,0.6
2023,2180,Portland SD 1J,868,Laurelhurst,swd,80,11.9
2023,2180,Portland SD 1J,868,Laurelhurst,historically_underserved,86,12.8
2023,2180,Portland SD 1J,868,Laurelhurst,hispanic,42,6.2
2023,2180,Portland SD 1J,868,Laurelhurst,black,10,1.5
2023,2180,Portland SD 1J,868,Laurelhurst,multi,33,4.9
2023,2180,Portland SD 1J,869,Lee,all,276,100
2023,2180,Portland SD 1J,869,Lee,combined_underserved,205,74.3
2023,2180,Portland SD 1J,869,Lee,direct_cert,107,38.8
2023,2180,Portland SD 1J,869,Lee,lep,63,22.8
2023,2180,Portland SD 1J,869,Lee,swd,57,20.7
2023,2180,Portland SD 1J,869,Lee,historically_underserved,120,43.5
2023,2180,Portland SD 1J,869,Lee,hispanic,57,20.7
2023,2180,Portland SD 1J,869,Lee,black,32,11.6
2023,2180,Portland SD 1J,869,Lee,multi,22,8
2023,2180,Portland SD 1J,870,Lent,all,284,100
2023,2180,Portland SD 1J,870,Lent,combined_underserved,233,82
2023,2180,Portland SD 1J,870,Lent,direct_cert,142,50
2023,2180,Portland SD 1J,870,Lent,lep,85,29.9
2023,2180,Portland SD 1J,870,Lent,swd,43,15.1
2023,2180,Portland SD 1J,870,Lent,historically_underserved,187,65.8
2023,2180,Portland SD 1J,870,Lent,hispanic,140,49.3
2023,2180,Portland SD 1J,870,Lent,black,29,10.2
2023,2180,Portland SD 1J,870,Lent,multi,16,5.6
2023,2180,Portland SD 1J,871,Lewis,all,320,100
2023,2180,Portland SD 1J,871,Lewis,combined_underserved,125,39.1
2023,2180,Portland SD 1J,871,Lewis,direct_cert,42,13.1
2023,2180,Portland SD 1J,871,Lewis,lep,7,2.2
2023,2180,Portland SD 1J,871,Lewis,swd,65,20.3
2023,2180,Portland SD 1J,871,Lewis,historically_underserved,53,16.6
2023,2180,Portland SD 1J,871,Lewis,hispanic,30,9.4
2023,2180,Portland SD 1J,871,Lewis,black,2,0.6
2023,2180,Portland SD 1J,871,Lewis,multi,21,6.6
2023,2180,Portland SD 1J,872,Llewellyn,all,415,100
2023,2180,Portland SD 1J,872,Llewellyn,combined_underserved,157,37.8
2023,2180,Portland SD 1J,872,Llewellyn,direct_cert,40,9.6
2023,2180,Portland SD 1J,872,Llewellyn,lep,7,1.7
2023,2180,Portland SD 1J,872,Llewellyn,swd,82,19.8
2023,2180,Portland SD 1J,872,Llewellyn,historically_underserved,70,16.9
2023,2180,Portland SD 1J,872,Llewellyn,hispanic,49,11.8
2023,2180,Portland SD 1J,872,Llewellyn,black,2,0.5
2023,2180,Portland SD 1J,872,Llewellyn,multi,18,4.3
2023,2180,Portland SD 1J,873,Maplewood,all,310,100
2023,2180,Portland SD 1J,873,Maplewood,combined_underserved,101,32.6
2023,2180,Portland SD 1J,873,Maplewood,direct_cert,41,13.2
2023,2180,Portland SD 1J,873,Maplewood,lep,12,3.9
2023,2180,Portland SD 1J,873,Maplewood,swd,37,11.9
2023,2180,Portland SD 1J,873,Maplewood,historically_underserved,50,16.1
2023,2180,Portland SD 1J,873,Maplewood,hispanic,36,11.6
2023,2180,Portland SD 1J,873,Maplewood,black,4,1.3
2023,2180,Portland SD 1J,873,Maplewood,multi,10,3.2
2023,2180,Portland SD 1J,1278,Markham,all,426,100
2023,2180,Portland SD 1J,1278,Markham,combined_underserved,240,56.3
2023,2180,Portland SD 1J,1278,Markham,direct_cert,114,26.8
2023,2180,Portland SD 1J,1278,Markham,lep,73,17.1
2023,2180,Portland SD 1J,1278,Markham,swd,73,17.1
2023,2180,Portland SD 1J,1278,Markham,historically_underserved,154,36.2
2023,2180,Portland SD 1J,1278,Markham,hispanic,46,10.8
2023,2180,Portland SD 1J,1278,Markham,black,66,15.5
2023,2180,Portland SD 1J,1278,Markham,multi,32,7.5
2023,2180,Portland SD 1J,875,Marysville,all,313,100
2023,2180,Portland SD 1J,875,Marysville,combined_underserved,206,65.8
2023,2180,Portland SD 1J,875,Marysville,direct_cert,141,45
2023,2180,Portland SD 1J,875,Marysville,lep,40,12.8
2023,2180,Portland SD 1J,875,Marysville,swd,58,18.5
2023,2180,Portland SD 1J,875,Marysville,historically_underserved,134,42.8
2023,2180,Portland SD 1J,875,Marysville,hispanic,65,20.8
2023,2180,Portland SD 1J,875,Marysville,black,22,7
2023,2180,Portland SD 1J,875,Marysville,multi,32,10.2
2023,2180,Portland SD 1J,866,MLK Jr,all,334,100
2023,2180,Portland SD 1J,866,MLK Jr,combined_underserved,220,65.9
2023,2180,Portland SD 1J,866,MLK Jr,direct_cert,139,41.6
2023,2180,Portland SD 1J,866,MLK Jr,lep,42,12.6
2023,2180,Portland SD 1J,866,MLK Jr,swd,33,9.9
2023,2180,Portland SD 1J,866,MLK Jr,historically_underserved,186,55.7
2023,2180,Portland SD 1J,866,MLK Jr,hispanic,66,19.8
2023,2180,Portland SD 1J,866,MLK Jr,black,85,25.4
2023,2180,Portland SD 1J,866,MLK Jr,multi,28,8.4
2023,2180,Portland SD 1J,NA,Odyssey,all,225,100
2023,2180,Portland SD 1J,NA,Odyssey,combined_underserved,48,21.3
2023,2180,Portland SD 1J,NA,Odyssey,direct_cert,5,2.2
2023,2180,Portland SD 1J,NA,Odyssey,lep,2,0.9
2023,2180,Portland SD 1J,NA,Odyssey,swd,28,12.4
2023,2180,Portland SD 1J,NA,Odyssey,historically_underserved,20,8.9
2023,2180,Portland SD 1J,NA,Odyssey,hispanic,12,5.3
2023,2180,Portland SD 1J,NA,Odyssey,black,2,0.9
2023,2180,Portland SD 1J,NA,Odyssey,multi,6,2.7
2023,2180,Portland SD 1J,879,Peninsula,all,225,100
2023,2180,Portland SD 1J,879,Peninsula,combined_underserved,145,64.4
2023,2180,Portland SD 1J,879,Peninsula,direct_cert,70,31.1
2023,2180,Portland SD 1J,879,Peninsula,lep,16,7.1
2023,2180,Portland SD 1J,879,Peninsula,swd,62,27.6
2023,2180,Portland SD 1J,879,Peninsula,historically_underserved,94,41.8
2023,2180,Portland SD 1J,879,Peninsula,hispanic,38,16.9
2023,2180,Portland SD 1J,879,Peninsula,black,24,10.7
2023,2180,Portland SD 1J,879,Peninsula,multi,29,12.9
2023,2180,Portland SD 1J,883,Richmond,all,539,100
2023,2180,Portland SD 1J,883,Richmond,combined_underserved,149,27.6
2023,2180,Portland SD 1J,883,Richmond,direct_cert,20,3.7
2023,2180,Portland SD 1J,883,Richmond,lep,56,10.4
2023,2180,Portland SD 1J,883,Richmond,swd,41,7.6
2023,2180,Portland SD 1J,883,Richmond,historically_underserved,57,10.6
2023,2180,Portland SD 1J,883,Richmond,hispanic,28,5.2
2023,2180,Portland SD 1J,883,Richmond,black,6,1.1
2023,2180,Portland SD 1J,883,Richmond,multi,23,4.3
2023,2180,Portland SD 1J,1299,Rieke,all,300,100
2023,2180,Portland SD 1J,1299,Rieke,combined_underserved,87,29
2023,2180,Portland SD 1J,1299,Rieke,direct_cert,31,10.3
2023,2180,Portland SD 1J,1299,Rieke,lep,3,1
2023,2180,Portland SD 1J,1299,Rieke,swd,29,9.7
2023,2180,Portland SD 1J,1299,Rieke,historically_underserved,50,16.7
2023,2180,Portland SD 1J,1299,Rieke,hispanic,29,9.7
2023,2180,Portland SD 1J,1299,Rieke,black,12,4
2023,2180,Portland SD 1J,1299,Rieke,multi,8,2.7
2023,2180,Portland SD 1J,884,Rigler,all,223,100
2023,2180,Portland SD 1J,884,Rigler,combined_underserved,162,72.6
2023,2180,Portland SD 1J,884,Rigler,direct_cert,83,37.2
2023,2180,Portland SD 1J,884,Rigler,lep,95,42.6
2023,2180,Portland SD 1J,884,Rigler,swd,27,12.1
2023,2180,Portland SD 1J,884,Rigler,historically_underserved,151,67.7
2023,2180,Portland SD 1J,884,Rigler,hispanic,139,62.3
2023,2180,Portland SD 1J,884,Rigler,black,5,2.2
2023,2180,Portland SD 1J,884,Rigler,multi,6,2.7
2023,2180,Portland SD 1J,829,Rosa Parks,all,197,100
2023,2180,Portland SD 1J,829,Rosa Parks,combined_underserved,192,97.5
2023,2180,Portland SD 1J,829,Rosa Parks,direct_cert,148,75.1
2023,2180,Portland SD 1J,829,Rosa Parks,lep,73,37.1
2023,2180,Portland SD 1J,829,Rosa Parks,swd,39,19.8
2023,2180,Portland SD 1J,829,Rosa Parks,historically_underserved,176,89.3
2023,2180,Portland SD 1J,829,Rosa Parks,hispanic,76,38.6
2023,2180,Portland SD 1J,829,Rosa Parks,black,67,34
2023,2180,Portland SD 1J,829,Rosa Parks,multi,26,13.2
2023,2180,Portland SD 1J,5427,Rose City Park,all,468,100
2023,2180,Portland SD 1J,5427,Rose City Park,combined_underserved,220,47
2023,2180,Portland SD 1J,5427,Rose City Park,direct_cert,91,19.4
2023,2180,Portland SD 1J,5427,Rose City Park,lep,90,19.2
2023,2180,Portland SD 1J,5427,Rose City Park,swd,53,11.3
2023,2180,Portland SD 1J,5427,Rose City Park,historically_underserved,90,19.2
2023,2180,Portland SD 1J,5427,Rose City Park,hispanic,36,7.7
2023,2180,Portland SD 1J,5427,Rose City Park,black,15,3.2
2023,2180,Portland SD 1J,5427,Rose City Park,multi,29,6.2
2023,2180,Portland SD 1J,886,Sabin,all,312,100
2023,2180,Portland SD 1J,886,Sabin,combined_underserved,124,39.7
2023,2180,Portland SD 1J,886,Sabin,direct_cert,59,18.9
2023,2180,Portland SD 1J,886,Sabin,lep,6,1.9
2023,2180,Portland SD 1J,886,Sabin,swd,52,16.7
2023,2180,Portland SD 1J,886,Sabin,historically_underserved,98,31.4
2023,2180,Portland SD 1J,886,Sabin,hispanic,28,9
2023,2180,Portland SD 1J,886,Sabin,black,44,14.1
2023,2180,Portland SD 1J,886,Sabin,multi,23,7.4
2023,2180,Portland SD 1J,887,Scott,all,453,100
2023,2180,Portland SD 1J,887,Scott,combined_underserved,330,72.8
2023,2180,Portland SD 1J,887,Scott,direct_cert,200,44.2
2023,2180,Portland SD 1J,887,Scott,lep,134,29.6
2023,2180,Portland SD 1J,887,Scott,swd,84,18.5
2023,2180,Portland SD 1J,887,Scott,historically_underserved,268,59.2
2023,2180,Portland SD 1J,887,Scott,hispanic,167,36.9
2023,2180,Portland SD 1J,887,Scott,black,52,11.5
2023,2180,Portland SD 1J,887,Scott,multi,36,7.9
2023,2180,Portland SD 1J,889,Sitton,all,346,100
2023,2180,Portland SD 1J,889,Sitton,combined_underserved,288,83.2
2023,2180,Portland SD 1J,889,Sitton,direct_cert,181,52.3
2023,2180,Portland SD 1J,889,Sitton,lep,104,30.1
2023,2180,Portland SD 1J,889,Sitton,swd,75,21.7
2023,2180,Portland SD 1J,889,Sitton,historically_underserved,235,67.9
2023,2180,Portland SD 1J,889,Sitton,hispanic,142,41
2023,2180,Portland SD 1J,889,Sitton,black,40,11.6
2023,2180,Portland SD 1J,889,Sitton,multi,48,13.9
2023,2180,Portland SD 1J,890,Skyline,all,215,100
2023,2180,Portland SD 1J,890,Skyline,combined_underserved,69,32.1
2023,2180,Portland SD 1J,890,Skyline,direct_cert,20,9.3
2023,2180,Portland SD 1J,890,Skyline,lep,3,1.4
2023,2180,Portland SD 1J,890,Skyline,swd,27,12.6
2023,2180,Portland SD 1J,890,Skyline,historically_underserved,36,16.7
2023,2180,Portland SD 1J,890,Skyline,hispanic,26,12.1
2023,2180,Portland SD 1J,890,Skyline,black,NA,NA
2023,2180,Portland SD 1J,890,Skyline,multi,8,3.7
2023,2180,Portland SD 1J,892,Stephenson,all,307,100
2023,2180,Portland SD 1J,892,Stephenson,combined_underserved,87,28.3
2023,2180,Portland SD 1J,892,Stephenson,direct_cert,19,6.2
2023,2180,Portland SD 1J,892,Stephenson,lep,10,3.3
2023,2180,Portland SD 1J,892,Stephenson,swd,49,16
2023,2180,Portland SD 1J,892,Stephenson,historically_underserved,39,12.7
2023,2180,Portland SD 1J,892,Stephenson,hispanic,22,7.2
2023,2180,Portland SD 1J,892,Stephenson,black,5,1.6
2023,2180,Portland SD 1J,892,Stephenson,multi,11,3.6
2023,2180,Portland SD 1J,893,Sunnyside Environmental,all,465,100
2023,2180,Portland SD 1J,893,Sunnyside Environmental,combined_underserved,195,41.9
2023,2180,Portland SD 1J,893,Sunnyside Environmental,direct_cert,60,12.9
2023,2180,Portland SD 1J,893,Sunnyside Environmental,lep,5,1.1
2023,2180,Portland SD 1J,893,Sunnyside Environmental,swd,89,19.1
2023,2180,Portland SD 1J,893,Sunnyside Environmental,historically_underserved,94,20.2
2023,2180,Portland SD 1J,893,Sunnyside Environmental,hispanic,51,11
2023,2180,Portland SD 1J,893,Sunnyside Environmental,black,10,2.2
2023,2180,Portland SD 1J,893,Sunnyside Environmental,multi,32,6.9
2023,2180,Portland SD 1J,895,Vernon,all,555,100
2023,2180,Portland SD 1J,895,Vernon,combined_underserved,293,52.8
2023,2180,Portland SD 1J,895,Vernon,direct_cert,147,26.5
2023,2180,Portland SD 1J,895,Vernon,lep,28,5
2023,2180,Portland SD 1J,895,Vernon,swd,77,13.9
2023,2180,Portland SD 1J,895,Vernon,historically_underserved,221,39.8
2023,2180,Portland SD 1J,895,Vernon,hispanic,76,13.7
2023,2180,Portland SD 1J,895,Vernon,black,80,14.4
2023,2180,Portland SD 1J,895,Vernon,multi,56,10.1
2023,2180,Portland SD 1J,896,Vestal,all,232,100
2023,2180,Portland SD 1J,896,Vestal,combined_underserved,166,71.6
2023,2180,Portland SD 1J,896,Vestal,direct_cert,97,41.8
2023,2180,Portland SD 1J,896,Vestal,lep,28,12.1
2023,2180,Portland SD 1J,896,Vestal,swd,56,24.1
2023,2180,Portland SD 1J,896,Vestal,historically_underserved,103,44.4
2023,2180,Portland SD 1J,896,Vestal,hispanic,36,15.5
2023,2180,Portland SD 1J,896,Vestal,black,27,11.6
2023,2180,Portland SD 1J,896,Vestal,multi,35,15.1
2023,2180,Portland SD 1J,900,Whitman,all,153,100
2023,2180,Portland SD 1J,900,Whitman,combined_underserved,120,78.4
2023,2180,Portland SD 1J,900,Whitman,direct_cert,78,51
2023,2180,Portland SD 1J,900,Whitman,lep,24,15.7
2023,2180,Portland SD 1J,900,Whitman,swd,28,18.3
2023,2180,Portland SD 1J,900,Whitman,historically_underserved,87,56.9
2023,2180,Portland SD 1J,900,Whitman,hispanic,45,29.4
2023,2180,Portland SD 1J,900,Whitman,black,11,7.2
2023,2180,Portland SD 1J,900,Whitman,multi,23,15
2023,2180,Portland SD 1J,1364,Winterhaven,all,313,100
2023,2180,Portland SD 1J,1364,Winterhaven,combined_underserved,84,26.8
2023,2180,Portland SD 1J,1364,Winterhaven,direct_cert,33,10.5
2023,2180,Portland SD 1J,1364,Winterhaven,lep,3,1
2023,2180,Portland SD 1J,1364,Winterhaven,swd,28,8.9
2023,2180,Portland SD 1J,1364,Winterhaven,historically_underserved,40,12.8
2023,2180,Portland SD 1J,1364,Winterhaven,hispanic,20,6.4
2023,2180,Portland SD 1J,1364,Winterhaven,black,6,1.9
2023,2180,Portland SD 1J,1364,Winterhaven,multi,14,4.5
2023,2180,Portland SD 1J,902,Woodlawn,all,288,100
2023,2180,Portland SD 1J,902,Woodlawn,combined_underserved,209,72.6
2023,2180,Portland SD 1J,902,Woodlawn,direct_cert,107,37.2
2023,2180,Portland SD 1J,902,Woodlawn,lep,33,11.5
2023,2180,Portland SD 1J,902,Woodlawn,swd,69,24
2023,2180,Portland SD 1J,902,Woodlawn,historically_underserved,172,59.7
2023,2180,Portland SD 1J,902,Woodlawn,hispanic,56,19.4
2023,2180,Portland SD 1J,902,Woodlawn,black,73,25.3
2023,2180,Portland SD 1J,902,Woodlawn,multi,40,13.9
2023,2180,Portland SD 1J,903,Woodmere,all,235,100
2023,2180,Portland SD 1J,903,Woodmere,combined_underserved,178,75.7
2023,2180,Portland SD 1J,903,Woodmere,direct_cert,121,51.5
2023,2180,Portland SD 1J,903,Woodmere,lep,54,23
2023,2180,Portland SD 1J,903,Woodmere,swd,57,24.3
2023,2180,Portland SD 1J,903,Woodmere,historically_underserved,103,43.8
2023,2180,Portland SD 1J,903,Woodmere,hispanic,55,23.4
2023,2180,Portland SD 1J,903,Woodmere,black,24,10.2
2023,2180,Portland SD 1J,903,Woodmere,multi,19,8.1
2023,2180,Portland SD 1J,904,Woodstock,all,491,100
2023,2180,Portland SD 1J,904,Woodstock,combined_underserved,202,41.1
2023,2180,Portland SD 1J,904,Woodstock,direct_cert,65,13.2
2023,2180,Portland SD 1J,904,Woodstock,lep,79,16.1
2023,2180,Portland SD 1J,904,Woodstock,swd,64,13
2023,2180,Portland SD 1J,904,Woodstock,historically_underserved,57,11.6
2023,2180,Portland SD 1J,904,Woodstock,hispanic,39,7.9
2023,2180,Portland SD 1J,904,Woodstock,black,3,0.6
2023,2180,Portland SD 1J,904,Woodstock,multi,13,2.6
2023,2180,Portland SD 1J,831,Beaumont,all,448,100
2023,2180,Portland SD 1J,831,Beaumont,combined_underserved,189,42.2
2023,2180,Portland SD 1J,831,Beaumont,direct_cert,86,19.2
2023,2180,Portland SD 1J,831,Beaumont,lep,65,14.5
2023,2180,Portland SD 1J,831,Beaumont,swd,68,15.2
2023,2180,Portland SD 1J,831,Beaumont,historically_underserved,158,35.3
2023,2180,Portland SD 1J,831,Beaumont,hispanic,123,27.5
2023,2180,Portland SD 1J,831,Beaumont,black,20,4.5
2023,2180,Portland SD 1J,831,Beaumont,multi,14,3.1
2023,2180,Portland SD 1J,1363,da Vinci,all,434,100
2023,2180,Portland SD 1J,1363,da Vinci,combined_underserved,208,47.9
2023,2180,Portland SD 1J,1363,da Vinci,direct_cert,88,20.3
2023,2180,Portland SD 1J,1363,da Vinci,lep,9,2.1
2023,2180,Portland SD 1J,1363,da Vinci,swd,87,20
2023,2180,Portland SD 1J,1363,da Vinci,historically_underserved,116,26.7
2023,2180,Portland SD 1J,1363,da Vinci,hispanic,51,11.8
2023,2180,Portland SD 1J,1363,da Vinci,black,29,6.7
2023,2180,Portland SD 1J,1363,da Vinci,multi,35,8.1
2023,2180,Portland SD 1J,849,George,all,387,100
2023,2180,Portland SD 1J,849,George,combined_underserved,332,85.8
2023,2180,Portland SD 1J,849,George,direct_cert,201,51.9
2023,2180,Portland SD 1J,849,George,lep,102,26.4
2023,2180,Portland SD 1J,849,George,swd,86,22.2
2023,2180,Portland SD 1J,849,George,historically_underserved,299,77.3
2023,2180,Portland SD 1J,849,George,hispanic,177,45.7
2023,2180,Portland SD 1J,849,George,black,82,21.2
2023,2180,Portland SD 1J,849,George,multi,33,8.5
2023,2180,Portland SD 1J,852,Gray,all,483,100
2023,2180,Portland SD 1J,852,Gray,combined_underserved,167,34.6
2023,2180,Portland SD 1J,852,Gray,direct_cert,61,12.6
2023,2180,Portland SD 1J,852,Gray,lep,14,2.9
2023,2180,Portland SD 1J,852,Gray,swd,72,14.9
2023,2180,Portland SD 1J,852,Gray,historically_underserved,82,17
2023,2180,Portland SD 1J,852,Gray,hispanic,38,7.9
2023,2180,Portland SD 1J,852,Gray,black,18,3.7
2023,2180,Portland SD 1J,852,Gray,multi,25,5.2
2023,2180,Portland SD 1J,894,Harriet Tubman,all,361,100
2023,2180,Portland SD 1J,894,Harriet Tubman,combined_underserved,243,67.3
2023,2180,Portland SD 1J,894,Harriet Tubman,direct_cert,127,35.2
2023,2180,Portland SD 1J,894,Harriet Tubman,lep,21,5.8
2023,2180,Portland SD 1J,894,Harriet Tubman,swd,66,18.3
2023,2180,Portland SD 1J,894,Harriet Tubman,historically_underserved,209,57.9
2023,2180,Portland SD 1J,894,Harriet Tubman,hispanic,57,15.8
2023,2180,Portland SD 1J,894,Harriet Tubman,black,122,33.8
2023,2180,Portland SD 1J,894,Harriet Tubman,multi,27,7.5
2023,2180,Portland SD 1J,858,Hosford,all,566,100
2023,2180,Portland SD 1J,858,Hosford,combined_underserved,212,37.5
2023,2180,Portland SD 1J,858,Hosford,direct_cert,103,18.2
2023,2180,Portland SD 1J,858,Hosford,lep,28,4.9
2023,2180,Portland SD 1J,858,Hosford,swd,82,14.5
2023,2180,Portland SD 1J,858,Hosford,historically_underserved,94,16.6
2023,2180,Portland SD 1J,858,Hosford,hispanic,41,7.2
2023,2180,Portland SD 1J,858,Hosford,black,18,3.2
2023,2180,Portland SD 1J,858,Hosford,multi,32,5.7
2023,2180,Portland SD 1J,1277,Jackson,all,793,100
2023,2180,Portland SD 1J,1277,Jackson,combined_underserved,309,39
2023,2180,Portland SD 1J,1277,Jackson,direct_cert,130,16.4
2023,2180,Portland SD 1J,1277,Jackson,lep,25,3.2
2023,2180,Portland SD 1J,1277,Jackson,swd,115,14.5
2023,2180,Portland SD 1J,1277,Jackson,historically_underserved,199,25.1
2023,2180,Portland SD 1J,1277,Jackson,hispanic,81,10.2
2023,2180,Portland SD 1J,1277,Jackson,black,59,7.4
2023,2180,Portland SD 1J,1277,Jackson,multi,50,6.3
2023,2180,Portland SD 1J,863,Kellogg,all,661,100
2023,2180,Portland SD 1J,863,Kellogg,combined_underserved,441,66.7
2023,2180,Portland SD 1J,863,Kellogg,direct_cert,214,32.4
2023,2180,Portland SD 1J,863,Kellogg,lep,105,15.9
2023,2180,Portland SD 1J,863,Kellogg,swd,125,18.9
2023,2180,Portland SD 1J,863,Kellogg,historically_underserved,293,44.3
2023,2180,Portland SD 1J,863,Kellogg,hispanic,205,31
2023,2180,Portland SD 1J,863,Kellogg,black,26,3.9
2023,2180,Portland SD 1J,863,Kellogg,multi,46,7
2023,2180,Portland SD 1J,1243,Lane,all,336,100
2023,2180,Portland SD 1J,1243,Lane,combined_underserved,244,72.6
2023,2180,Portland SD 1J,1243,Lane,direct_cert,139,41.4
2023,2180,Portland SD 1J,1243,Lane,lep,67,19.9
2023,2180,Portland SD 1J,1243,Lane,swd,79,23.5
2023,2180,Portland SD 1J,1243,Lane,historically_underserved,147,43.8
2023,2180,Portland SD 1J,1243,Lane,hispanic,87,25.9
2023,2180,Portland SD 1J,1243,Lane,black,34,10.1
2023,2180,Portland SD 1J,1243,Lane,multi,20,6
2023,2180,Portland SD 1J,877,Mt Tabor,all,607,100
2023,2180,Portland SD 1J,877,Mt Tabor,combined_underserved,204,33.6
2023,2180,Portland SD 1J,877,Mt Tabor,direct_cert,53,8.7
2023,2180,Portland SD 1J,877,Mt Tabor,lep,24,4
2023,2180,Portland SD 1J,877,Mt Tabor,swd,97,16
2023,2180,Portland SD 1J,877,Mt Tabor,historically_underserved,116,19.1
2023,2180,Portland SD 1J,877,Mt Tabor,hispanic,68,11.2
2023,2180,Portland SD 1J,877,Mt Tabor,black,11,1.8
2023,2180,Portland SD 1J,877,Mt Tabor,multi,34,5.6
2023,2180,Portland SD 1J,878,Ockley Green,all,483,100
2023,2180,Portland SD 1J,878,Ockley Green,combined_underserved,305,63.1
2023,2180,Portland SD 1J,878,Ockley Green,direct_cert,142,29.4
2023,2180,Portland SD 1J,878,Ockley Green,lep,35,7.2
2023,2180,Portland SD 1J,878,Ockley Green,swd,62,12.8
2023,2180,Portland SD 1J,878,Ockley Green,historically_underserved,250,51.8
2023,2180,Portland SD 1J,878,Ockley Green,hispanic,106,21.9
2023,2180,Portland SD 1J,878,Ockley Green,black,96,19.9
2023,2180,Portland SD 1J,878,Ockley Green,multi,40,8.3
2023,2180,Portland SD 1J,885,Roseway Heights,all,583,100
2023,2180,Portland SD 1J,885,Roseway Heights,combined_underserved,360,61.7
2023,2180,Portland SD 1J,885,Roseway Heights,direct_cert,201,34.5
2023,2180,Portland SD 1J,885,Roseway Heights,lep,85,14.6
2023,2180,Portland SD 1J,885,Roseway Heights,swd,101,17.3
2023,2180,Portland SD 1J,885,Roseway Heights,historically_underserved,250,42.9
2023,2180,Portland SD 1J,885,Roseway Heights,hispanic,127,21.8
2023,2180,Portland SD 1J,885,Roseway Heights,black,66,11.3
2023,2180,Portland SD 1J,885,Roseway Heights,multi,43,7.4
2023,2180,Portland SD 1J,888,Sellwood,all,563,100
2023,2180,Portland SD 1J,888,Sellwood,combined_underserved,173,30.7
2023,2180,Portland SD 1J,888,Sellwood,direct_cert,50,8.9
2023,2180,Portland SD 1J,888,Sellwood,lep,3,0.5
2023,2180,Portland SD 1J,888,Sellwood,swd,92,16.3
2023,2180,Portland SD 1J,888,Sellwood,historically_underserved,76,13.5
2023,2180,Portland SD 1J,888,Sellwood,hispanic,41,7.3
2023,2180,Portland SD 1J,888,Sellwood,black,6,1.1
2023,2180,Portland SD 1J,888,Sellwood,multi,28,5
2023,2180,Portland SD 1J,898,West Sylvan,all,759,100
2023,2180,Portland SD 1J,898,West Sylvan,combined_underserved,245,32.3
2023,2180,Portland SD 1J,898,West Sylvan,direct_cert,69,9.1
2023,2180,Portland SD 1J,898,West Sylvan,lep,18,2.4
2023,2180,Portland SD 1J,898,West Sylvan,swd,84,11.1
2023,2180,Portland SD 1J,898,West Sylvan,historically_underserved,159,20.9
2023,2180,Portland SD 1J,898,West Sylvan,hispanic,94,12.4
2023,2180,Portland SD 1J,898,West Sylvan,black,22,2.9
2023,2180,Portland SD 1J,898,West Sylvan,multi,38,5
2023,2180,Portland SD 1J,906,Benson,all,827,100
2023,2180,Portland SD 1J,906,Benson,combined_underserved,546,66
2023,2180,Portland SD 1J,906,Benson,direct_cert,185,22.4
2023,2180,Portland SD 1J,906,Benson,lep,49,5.9
2023,2180,Portland SD 1J,906,Benson,swd,187,22.6
2023,2180,Portland SD 1J,906,Benson,historically_underserved,384,46.4
2023,2180,Portland SD 1J,906,Benson,hispanic,224,27.1
2023,2180,Portland SD 1J,906,Benson,black,90,10.9
2023,2180,Portland SD 1J,906,Benson,multi,62,7.5
2023,2180,Portland SD 1J,909,Cleveland,all,1547,100
2023,2180,Portland SD 1J,909,Cleveland,combined_underserved,486,31.4
2023,2180,Portland SD 1J,909,Cleveland,direct_cert,170,11
2023,2180,Portland SD 1J,909,Cleveland,lep,30,1.9
2023,2180,Portland SD 1J,909,Cleveland,swd,183,11.8
2023,2180,Portland SD 1J,909,Cleveland,historically_underserved,260,16.8
2023,2180,Portland SD 1J,909,Cleveland,hispanic,138,8.9
2023,2180,Portland SD 1J,909,Cleveland,black,36,2.3
2023,2180,Portland SD 1J,909,Cleveland,multi,77,5
2023,2180,Portland SD 1J,911,Franklin,all,1968,100
2023,2180,Portland SD 1J,911,Franklin,combined_underserved,991,50.4
2023,2180,Portland SD 1J,911,Franklin,direct_cert,465,23.6
2023,2180,Portland SD 1J,911,Franklin,lep,150,7.6
2023,2180,Portland SD 1J,911,Franklin,swd,264,13.4
2023,2180,Portland SD 1J,911,Franklin,historically_underserved,633,32.2
2023,2180,Portland SD 1J,911,Franklin,hispanic,383,19.5
2023,2180,Portland SD 1J,911,Franklin,black,102,5.2
2023,2180,Portland SD 1J,911,Franklin,multi,117,5.9
2023,2180,Portland SD 1J,912,Grant,all,2159,100
2023,2180,Portland SD 1J,912,Grant,combined_underserved,598,27.7
2023,2180,Portland SD 1J,912,Grant,direct_cert,159,7.4
2023,2180,Portland SD 1J,912,Grant,lep,14,0.6
2023,2180,Portland SD 1J,912,Grant,swd,196,9.1
2023,2180,Portland SD 1J,912,Grant,historically_underserved,403,18.7
2023,2180,Portland SD 1J,912,Grant,hispanic,156,7.2
2023,2180,Portland SD 1J,912,Grant,black,121,5.6
2023,2180,Portland SD 1J,912,Grant,multi,119,5.5
2023,2180,Portland SD 1J,922,Ida B. Wells-Barnett,all,1558,100
2023,2180,Portland SD 1J,922,Ida B. Wells-Barnett,combined_underserved,475,30.5
2023,2180,Portland SD 1J,922,Ida B. Wells-Barnett,direct_cert,157,10.1
2023,2180,Portland SD 1J,922,Ida B. Wells-Barnett,lep,36,2.3
2023,2180,Portland SD 1J,922,Ida B. Wells-Barnett,swd,168,10.8
2023,2180,Portland SD 1J,922,Ida B. Wells-Barnett,historically_underserved,303,19.4
2023,2180,Portland SD 1J,922,Ida B. Wells-Barnett,hispanic,138,8.9
2023,2180,Portland SD 1J,922,Ida B. Wells-Barnett,black,69,4.4
2023,2180,Portland SD 1J,922,Ida B. Wells-Barnett,multi,88,5.6
2023,2180,Portland SD 1J,913,Jefferson,all,607,100
2023,2180,Portland SD 1J,913,Jefferson,combined_underserved,508,83.7
2023,2180,Portland SD 1J,913,Jefferson,direct_cert,263,43.3
2023,2180,Portland SD 1J,913,Jefferson,lep,54,8.9
2023,2180,Portland SD 1J,913,Jefferson,swd,83,13.7
2023,2180,Portland SD 1J,913,Jefferson,historically_underserved,465,76.6
2023,2180,Portland SD 1J,913,Jefferson,hispanic,133,21.9
2023,2180,Portland SD 1J,913,Jefferson,black,257,42.3
2023,2180,Portland SD 1J,913,Jefferson,multi,69,11.4
2023,2180,Portland SD 1J,914,Lincoln,all,1528,100
2023,2180,Portland SD 1J,914,Lincoln,combined_underserved,422,27.6
2023,2180,Portland SD 1J,914,Lincoln,direct_cert,113,7.4
2023,2180,Portland SD 1J,914,Lincoln,lep,25,1.6
2023,2180,Portland SD 1J,914,Lincoln,swd,106,6.9
2023,2180,Portland SD 1J,914,Lincoln,historically_underserved,290,19
2023,2180,Portland SD 1J,914,Lincoln,hispanic,169,11.1
2023,2180,Portland SD 1J,914,Lincoln,black,45,2.9
2023,2180,Portland SD 1J,914,Lincoln,multi,69,4.5
2023,2180,Portland SD 1J,915,McDaniel,all,1443,100
2023,2180,Portland SD 1J,915,McDaniel,combined_underserved,912,63.2
2023,2180,Portland SD 1J,915,McDaniel,direct_cert,405,28.1
2023,2180,Portland SD 1J,915,McDaniel,lep,237,16.4
2023,2180,Portland SD 1J,915,McDaniel,swd,207,14.3
2023,2180,Portland SD 1J,915,McDaniel,historically_underserved,710,49.2
2023,2180,Portland SD 1J,915,McDaniel,hispanic,377,26.1
2023,2180,Portland SD 1J,915,McDaniel,black,179,12.4
2023,2180,Portland SD 1J,915,McDaniel,multi,120,8.3
2023,2180,Portland SD 1J,918,Roosevelt,all,1488,100
2023,2180,Portland SD 1J,918,Roosevelt,combined_underserved,1071,72
2023,2180,Portland SD 1J,918,Roosevelt,direct_cert,476,32
2023,2180,Portland SD 1J,918,Roosevelt,lep,263,17.7
2023,2180,Portland SD 1J,918,Roosevelt,swd,240,16.1
2023,2180,Portland SD 1J,918,Roosevelt,historically_underserved,919,61.8
2023,2180,Portland SD 1J,918,Roosevelt,hispanic,562,37.8
2023,2180,Portland SD 1J,918,Roosevelt,black,182,12.2
2023,2180,Portland SD 1J,918,Roosevelt,multi,138,9.3
2023,2180,Portland SD 1J,NA,ACCESS,all,317,100
2023,2180,Portland SD 1J,NA,ACCESS,combined_underserved,91,28.7
2023,2180,Portland SD 1J,NA,ACCESS,direct_cert,15,4.7
2023,2180,Portland SD 1J,NA,ACCESS,lep,NA,NA
2023,2180,Portland SD 1J,NA,ACCESS,swd,54,17
2023,2180,Portland SD 1J,NA,ACCESS,historically_underserved,32,10.1
2023,2180,Portland SD 1J,NA,ACCESS,hispanic,14,4.4
2023,2180,Portland SD 1J,NA,ACCESS,black,5,1.6
2023,2180,Portland SD 1J,NA,ACCESS,multi,10,3.2
2023,2180,Portland SD 1J,4507,Alliance,all,195,100
2023,2180,Portland SD 1J,4507,Alliance,combined_underserved,138,70.8
2023,2180,Portland SD 1J,4507,Alliance,direct_cert,65,33.3
2023,2180,Portland SD 1J,4507,Alliance,lep,13,6.7
2023,2180,Portland SD 1J,4507,Alliance,swd,62,31.8
2023,2180,Portland SD 1J,4507,Alliance,historically_underserved,98,50.3
2023,2180,Portland SD 1J,4507,Alliance,hispanic,50,25.6
2023,2180,Portland SD 1J,4507,Alliance,black,25,12.8
2023,2180,Portland SD 1J,4507,Alliance,multi,19,9.7
2023,2180,Portland SD 1J,NA,Head Start Early Childhood Ed,all,468,100
2023,2180,Portland SD 1J,NA,Head Start Early Childhood Ed,combined_underserved,393,84
2023,2180,Portland SD 1J,NA,Head Start Early Childhood Ed,direct_cert,307,65.6
2023,2180,Portland SD 1J,NA,Head Start Early Childhood Ed,lep,NA,NA
2023,2180,Portland SD 1J,NA,Head Start Early Childhood Ed,swd,NA,NA
2023,2180,Portland SD 1J,NA,Head Start Early Childhood Ed,historically_underserved,318,67.9
2023,2180,Portland SD 1J,NA,Head Start Early Childhood Ed,hispanic,188,40.2
2023,2180,Portland SD 1J,NA,Head Start Early Childhood Ed,black,71,15.2
2023,2180,Portland SD 1J,NA,Head Start Early Childhood Ed,multi,42,9
2023,2180,Portland SD 1J,916,Metro. Learning Center,all,348,100
2023,2180,Portland SD 1J,916,Metro. Learning Center,combined_underserved,151,43.4
2023,2180,Portland SD 1J,916,Metro. Learning Center,direct_cert,39,11.2
2023,2180,Portland SD 1J,916,Metro. Learning Center,lep,NA,NA
2023,2180,Portland SD 1J,916,Metro. Learning Center,swd,89,25.6
2023,2180,Portland SD 1J,916,Metro. Learning Center,historically_underserved,72,20.7
2023,2180,Portland SD 1J,916,Metro. Learning Center,hispanic,39,11.2
2023,2180,Portland SD 1J,916,Metro. Learning Center,black,9,2.6
2023,2180,Portland SD 1J,916,Metro. Learning Center,multi,23,6.6
2023,2180,Portland SD 1J,NA,Online Learning Academy,all,225,100
2023,2180,Portland SD 1J,NA,Online Learning Academy,combined_underserved,160,71.1
2023,2180,Portland SD 1J,NA,Online Learning Academy,direct_cert,98,43.6
2023,2180,Portland SD 1J,NA,Online Learning Academy,lep,23,10.2
2023,2180,Portland SD 1J,NA,Online Learning Academy,swd,54,24
2023,2180,Portland SD 1J,NA,Online Learning Academy,historically_underserved,107,47.6
2023,2180,Portland SD 1J,NA,Online Learning Academy,hispanic,59,26.2
2023,2180,Portland SD 1J,NA,Online Learning Academy,black,28,12.4
2023,2180,Portland SD 1J,NA,Online Learning Academy,multi,20,8.9
2023,2180,Portland SD 1J,1803,Mt Scott Learning Center,all,132,100
2023,2180,Portland SD 1J,1803,Mt Scott Learning Center,combined_underserved,94,71.2
2023,2180,Portland SD 1J,1803,Mt Scott Learning Center,direct_cert,53,40.2
2023,2180,Portland SD 1J,1803,Mt Scott Learning Center,lep,2,1.5
2023,2180,Portland SD 1J,1803,Mt Scott Learning Center,swd,43,32.6
2023,2180,Portland SD 1J,1803,Mt Scott Learning Center,historically_underserved,56,42.4
2023,2180,Portland SD 1J,1803,Mt Scott Learning Center,hispanic,33,25
2023,2180,Portland SD 1J,1803,Mt Scott Learning Center,black,9,6.8
2023,2180,Portland SD 1J,1803,Mt Scott Learning Center,multi,12,9.1
2023,2180,Portland SD 1J,4587,NAYA Many Nations Academy,all,40,100
2023,2180,Portland SD 1J,4587,NAYA Many Nations Academy,combined_underserved,40,100
2023,2180,Portland SD 1J,4587,NAYA Many Nations Academy,direct_cert,26,65
2023,2180,Portland SD 1J,4587,NAYA Many Nations Academy,lep,7,17.5
2023,2180,Portland SD 1J,4587,NAYA Many Nations Academy,swd,9,22.5
2023,2180,Portland SD 1J,4587,NAYA Many Nations Academy,historically_underserved,40,100
2023,2180,Portland SD 1J,4587,NAYA Many Nations Academy,hispanic,21,52.5
2023,2180,Portland SD 1J,4587,NAYA Many Nations Academy,black,NA,NA
2023,2180,Portland SD 1J,4587,NAYA Many Nations Academy,multi,5,12.5
2023,2180,Portland SD 1J,NA,PCC,all,328,100
2023,2180,Portland SD 1J,NA,PCC,combined_underserved,192,58.5
2023,2180,Portland SD 1J,NA,PCC,direct_cert,90,27.4
2023,2180,Portland SD 1J,NA,PCC,lep,46,14
2023,2180,Portland SD 1J,NA,PCC,swd,34,10.4
2023,2180,Portland SD 1J,NA,PCC,historically_underserved,133,40.5
2023,2180,Portland SD 1J,NA,PCC,hispanic,88,26.8
2023,2180,Portland SD 1J,NA,PCC,black,22,6.7
2023,2180,Portland SD 1J,NA,PCC,multi,20,6.1
2023,2180,Portland SD 1J,5877,Rosemary Anderson,all,174,100
2023,2180,Portland SD 1J,5877,Rosemary Anderson,combined_underserved,164,94.3
2023,2180,Portland SD 1J,5877,Rosemary Anderson,direct_cert,119,68.4
2023,2180,Portland SD 1J,5877,Rosemary Anderson,lep,17,9.8
2023,2180,Portland SD 1J,5877,Rosemary Anderson,swd,68,39.1
2023,2180,Portland SD 1J,5877,Rosemary Anderson,historically_underserved,140,80.5
2023,2180,Portland SD 1J,5877,Rosemary Anderson,hispanic,56,32.2
2023,2180,Portland SD 1J,5877,Rosemary Anderson,black,62,35.6
2023,2180,Portland SD 1J,5877,Rosemary Anderson,multi,19,10.9
2023,2180,Portland SD 1J,NA,Youth Builders,all,5,100
2023,2180,Portland SD 1J,NA,Youth Builders,combined_underserved,4,80
2023,2180,Portland SD 1J,NA,Youth Builders,direct_cert,4,80
2023,2180,Portland SD 1J,NA,Youth Builders,lep,NA,NA
2023,2180,Portland SD 1J,NA,Youth Builders,swd,1,20
2023,2180,Portland SD 1J,NA,Youth Builders,historically_underserved,4,80
2023,2180,Portland SD 1J,NA,Youth Builders,hispanic,2,40
2023,2180,Portland SD 1J,NA,Youth Builders,black,NA,NA
2023,2180,Portland SD 1J,NA,Youth Builders,multi,1,20
2023,2180,Portland SD 1J,NA,Youth Progress Association,all,4,100
2023,2180,Portland SD 1J,NA,Youth Progress Association,combined_underserved,4,100
2023,2180,Portland SD 1J,NA,Youth Progress Association,direct_cert,4,100
2023,2180,Portland SD 1J,NA,Youth Progress Association,lep,NA,NA
2023,2180,Portland SD 1J,NA,Youth Progress Association,swd,NA,NA
2023,2180,Portland SD 1J,NA,Youth Progress Association,historically_underserved,2,50
2023,2180,Portland SD 1J,NA,Youth Progress Association,hispanic,1,25
2023,2180,Portland SD 1J,NA,Youth Progress Association,black,1,25
2023,2180,Portland SD 1J,NA,Youth Progress Association,multi,NA,NA
2023,2180,Portland SD 1J,NA,CTC Northeast,all,77,100
2023,2180,Portland SD 1J,NA,CTC Northeast,combined_underserved,76,98.7
2023,2180,Portland SD 1J,NA,CTC Northeast,direct_cert,25,32.5
2023,2180,Portland SD 1J,NA,CTC Northeast,lep,6,7.8
2023,2180,Portland SD 1J,NA,CTC Northeast,swd,71,92.2
2023,2180,Portland SD 1J,NA,CTC Northeast,historically_underserved,33,42.9
2023,2180,Portland SD 1J,NA,CTC Northeast,hispanic,10,13
2023,2180,Portland SD 1J,NA,CTC Northeast,black,13,16.9
2023,2180,Portland SD 1J,NA,CTC Northeast,multi,9,11.7
2023,2180,Portland SD 1J,NA,CTC Southeast,all,80,100
2023,2180,Portland SD 1J,NA,CTC Southeast,combined_underserved,77,96.2
2023,2180,Portland SD 1J,NA,CTC Southeast,direct_cert,21,26.2
2023,2180,Portland SD 1J,NA,CTC Southeast,lep,10,12.5
2023,2180,Portland SD 1J,NA,CTC Southeast,swd,74,92.5
2023,2180,Portland SD 1J,NA,CTC Southeast,historically_underserved,29,36.2
2023,2180,Portland SD 1J,NA,CTC Southeast,hispanic,15,18.8
2023,2180,Portland SD 1J,NA,CTC Southeast,black,6,7.5
2023,2180,Portland SD 1J,NA,CTC Southeast,multi,5,6.2
2023,2180,Portland SD 1J,NA,DART Programs,all,61,100
2023,2180,Portland SD 1J,NA,DART Programs,combined_underserved,53,86.9
2023,2180,Portland SD 1J,NA,DART Programs,direct_cert,38,62.3
2023,2180,Portland SD 1J,NA,DART Programs,lep,3,4.9
2023,2180,Portland SD 1J,NA,DART Programs,swd,24,39.3
2023,2180,Portland SD 1J,NA,DART Programs,historically_underserved,20,32.8
2023,2180,Portland SD 1J,NA,DART Programs,hispanic,11,18
2023,2180,Portland SD 1J,NA,DART Programs,black,3,4.9
2023,2180,Portland SD 1J,NA,DART Programs,multi,3,4.9
2023,2180,Portland SD 1J,NA,PPS Pioneer Programs,all,86,100
2023,2180,Portland SD 1J,NA,PPS Pioneer Programs,combined_underserved,86,100
2023,2180,Portland SD 1J,NA,PPS Pioneer Programs,direct_cert,44,51.2
2023,2180,Portland SD 1J,NA,PPS Pioneer Programs,lep,3,3.5
2023,2180,Portland SD 1J,NA,PPS Pioneer Programs,swd,85,98.8
2023,2180,Portland SD 1J,NA,PPS Pioneer Programs,historically_underserved,42,48.8
2023,2180,Portland SD 1J,NA,PPS Pioneer Programs,hispanic,10,11.6
2023,2180,Portland SD 1J,NA,PPS Pioneer Programs,black,11,12.8
2023,2180,Portland SD 1J,NA,PPS Pioneer Programs,multi,20,23.3
2023,2180,Portland SD 1J,NA,Providence Hospital,all,9,100
2023,2180,Portland SD 1J,NA,Providence Hospital,combined_underserved,9,100
2023,2180,Portland SD 1J,NA,Providence Hospital,direct_cert,1,11.1
2023,2180,Portland SD 1J,NA,Providence Hospital,lep,NA,NA
2023,2180,Portland SD 1J,NA,Providence Hospital,swd,8,88.9
2023,2180,Portland SD 1J,NA,Providence Hospital,historically_underserved,1,11.1
2023,2180,Portland SD 1J,NA,Providence Hospital,hispanic,NA,NA
2023,2180,Portland SD 1J,NA,Providence Hospital,black,NA,NA
2023,2180,Portland SD 1J,NA,Providence Hospital,multi,1,11.1
2023,2180,Portland SD 1J,NA,Serendipity,all,6,100
2023,2180,Portland SD 1J,NA,Serendipity,combined_underserved,5,83.3
2023,2180,Portland SD 1J,NA,Serendipity,direct_cert,1,16.7
2023,2180,Portland SD 1J,NA,Serendipity,lep,NA,NA
2023,2180,Portland SD 1J,NA,Serendipity,swd,4,66.7
2023,2180,Portland SD 1J,NA,Serendipity,historically_underserved,3,50
2023,2180,Portland SD 1J,NA,Serendipity,hispanic,2,33.3
2023,2180,Portland SD 1J,NA,Serendipity,black,1,16.7
2023,2180,Portland SD 1J,NA,Serendipity,multi,NA,NA
2023,2180,Portland SD 1J,NA,Special Education Instruction,all,135,100
2023,2180,Portland SD 1J,NA,Special Education Instruction,combined_underserved,100,74.1
2023,2180,Portland SD 1J,NA,Special Education Instruction,direct_cert,14,10.4
2023,2180,Portland SD 1J,NA,Special Education Instruction,lep,9,6.7
2023,2180,Portland SD 1J,NA,Special Education Instruction,swd,76,56.3
2023,2180,Portland SD 1J,NA,Special Education Instruction,historically_underserved,44,32.6
2023,2180,Portland SD 1J,NA,Special Education Instruction,hispanic,23,17
2023,2180,Portland SD 1J,NA,Special Education Instruction,black,12,8.9
2023,2180,Portland SD 1J,NA,Special Education Instruction,multi,8,5.9
2023,2180,Portland SD 1J,NA,Teen Parent Services,all,1,100
2023,2180,Portland SD 1J,NA,Teen Parent Services,combined_underserved,1,100
2023,2180,Portland SD 1J,NA,Teen Parent Services,direct_cert,1,100
2023,2180,Portland SD 1J,NA,Teen Parent Services,lep,NA,NA
2023,2180,Portland SD 1J,NA,Teen Parent Services,swd,NA,NA
2023,2180,Portland SD 1J,NA,Teen Parent Services,historically_underserved,1,100
2023,2180,Portland SD 1J,NA,Teen Parent Services,hispanic,1,100
2023,2180,Portland SD 1J,NA,Teen Parent Services,black,NA,NA
2023,2180,Portland SD 1J,NA,Teen Parent Services,multi,NA,NA
2023,2180,Portland SD 1J,NA,Victory Academy - SPED,all,1,100
2023,2180,Portland SD 1J,NA,Victory Academy - SPED,combined_underserved,1,100
2023,2180,Portland SD 1J,NA,Victory Academy - SPED,direct_cert,NA,NA
2023,2180,Portland SD 1J,NA,Victory Academy - SPED,lep,NA,NA
2023,2180,Portland SD 1J,NA,Victory Academy - SPED,swd,1,100
2023,2180,Portland SD 1J,NA,Victory Academy - SPED,historically_underserved,NA,NA
2023,2180,Portland SD 1J,NA,Victory Academy - SPED,hispanic,NA,NA
2023,2180,Portland SD 1J,NA,Victory Academy - SPED,black,NA,NA
2023,2180,Portland SD 1J,NA,Victory Academy - SPED,multi,NA,NA
2023,2180,Portland SD 1J,NA,Arthur Academy,all,150,100
2023,2180,Portland SD 1J,NA,Arthur Academy,combined_underserved,82,54.7
2023,2180,Portland SD 1J,NA,Arthur Academy,direct_cert,32,21.3
2023,2180,Portland SD 1J,NA,Arthur Academy,lep,29,19.3
2023,2180,Portland SD 1J,NA,Arthur Academy,swd,12,8
2023,2180,Portland SD 1J,NA,Arthur Academy,historically_underserved,41,27.3
2023,2180,Portland SD 1J,NA,Arthur Academy,hispanic,15,10
2023,2180,Portland SD 1J,NA,Arthur Academy,black,18,12
2023,2180,Portland SD 1J,NA,Arthur Academy,multi,7,4.7
2023,2180,Portland SD 1J,3991,Emerson School,all,106,100
2023,2180,Portland SD 1J,3991,Emerson School,combined_underserved,34,32.1
2023,2180,Portland SD 1J,3991,Emerson School,direct_cert,13,12.3
2023,2180,Portland SD 1J,3991,Emerson School,lep,1,0.9
2023,2180,Portland SD 1J,3991,Emerson School,swd,15,14.2
2023,2180,Portland SD 1J,3991,Emerson School,historically_underserved,14,13.2
2023,2180,Portland SD 1J,3991,Emerson School,hispanic,8,7.5
2023,2180,Portland SD 1J,3991,Emerson School,black,2,1.9
2023,2180,Portland SD 1J,3991,Emerson School,multi,4,3.8
2023,2180,Portland SD 1J,5218,Kairos PDX,all,247,100
2023,2180,Portland SD 1J,5218,Kairos PDX,combined_underserved,200,81
2023,2180,Portland SD 1J,5218,Kairos PDX,direct_cert,64,25.9
2023,2180,Portland SD 1J,5218,Kairos PDX,lep,1,0.4
2023,2180,Portland SD 1J,5218,Kairos PDX,swd,31,12.6
2023,2180,Portland SD 1J,5218,Kairos PDX,historically_underserved,190,76.9
2023,2180,Portland SD 1J,5218,Kairos PDX,hispanic,26,10.5
2023,2180,Portland SD 1J,5218,Kairos PDX,black,126,51
2023,2180,Portland SD 1J,5218,Kairos PDX,multi,36,14.6
2023,2180,Portland SD 1J,5060,Le Monde,all,381,100
2023,2180,Portland SD 1J,5060,Le Monde,combined_underserved,91,23.9
2023,2180,Portland SD 1J,5060,Le Monde,direct_cert,17,4.5
2023,2180,Portland SD 1J,5060,Le Monde,lep,7,1.8
2023,2180,Portland SD 1J,5060,Le Monde,swd,35,9.2
2023,2180,Portland SD 1J,5060,Le Monde,historically_underserved,52,13.6
2023,2180,Portland SD 1J,5060,Le Monde,hispanic,17,4.5
2023,2180,Portland SD 1J,5060,Le Monde,black,11,2.9
2023,2180,Portland SD 1J,5060,Le Monde,multi,22,5.8
2023,2180,Portland SD 1J,4534,Portland Village School,all,410,100
2023,2180,Portland SD 1J,4534,Portland Village School,combined_underserved,183,44.6
2023,2180,Portland SD 1J,4534,Portland Village School,direct_cert,70,17.1
2023,2180,Portland SD 1J,4534,Portland Village School,lep,13,3.2
2023,2180,Portland SD 1J,4534,Portland Village School,swd,78,19
2023,2180,Portland SD 1J,4534,Portland Village School,historically_underserved,75,18.3
2023,2180,Portland SD 1J,4534,Portland Village School,hispanic,53,12.9
2023,2180,Portland SD 1J,4534,Portland Village School,black,7,1.7
2023,2180,Portland SD 1J,4534,Portland Village School,multi,13,3.2
2024,2180,Portland SD 1J,822,Abernethy,all,330,100
2024,2180,Portland SD 1J,822,Abernethy,combined_underserved,130,39.4
2024,2180,Portland SD 1J,822,Abernethy,direct_cert,45,13.6
2024,2180,Portland SD 1J,822,Abernethy,lep,4,1.2
2024,2180,Portland SD 1J,822,Abernethy,swd,65,19.7
2024,2180,Portland SD 1J,822,Abernethy,historically_underserved,49,14.8
2024,2180,Portland SD 1J,822,Abernethy,hispanic,35,10.6
2024,2180,Portland SD 1J,822,Abernethy,black,2,0.6
2024,2180,Portland SD 1J,822,Abernethy,multi,12,3.6
2024,2180,Portland SD 1J,823,Ainsworth,all,585,100
2024,2180,Portland SD 1J,823,Ainsworth,combined_underserved,265,45.3
2024,2180,Portland SD 1J,823,Ainsworth,direct_cert,65,11.1
2024,2180,Portland SD 1J,823,Ainsworth,lep,67,11.5
2024,2180,Portland SD 1J,823,Ainsworth,swd,53,9.1
2024,2180,Portland SD 1J,823,Ainsworth,historically_underserved,175,29.9
2024,2180,Portland SD 1J,823,Ainsworth,hispanic,136,23.2
2024,2180,Portland SD 1J,823,Ainsworth,black,10,1.7
2024,2180,Portland SD 1J,823,Ainsworth,multi,26,4.4
2024,2180,Portland SD 1J,824,Alameda,all,521,100
2024,2180,Portland SD 1J,824,Alameda,combined_underserved,169,32.4
2024,2180,Portland SD 1J,824,Alameda,direct_cert,42,8.1
2024,2180,Portland SD 1J,824,Alameda,lep,8,1.5
2024,2180,Portland SD 1J,824,Alameda,swd,102,19.6
2024,2180,Portland SD 1J,824,Alameda,historically_underserved,72,13.8
2024,2180,Portland SD 1J,824,Alameda,hispanic,46,8.8
2024,2180,Portland SD 1J,824,Alameda,black,6,1.2
2024,2180,Portland SD 1J,824,Alameda,multi,17,3.3
2024,2180,Portland SD 1J,826,Arleta,all,274,100
2024,2180,Portland SD 1J,826,Arleta,combined_underserved,160,58.4
2024,2180,Portland SD 1J,826,Arleta,direct_cert,95,34.7
2024,2180,Portland SD 1J,826,Arleta,lep,16,5.8
2024,2180,Portland SD 1J,826,Arleta,swd,69,25.2
2024,2180,Portland SD 1J,826,Arleta,historically_underserved,78,28.5
2024,2180,Portland SD 1J,826,Arleta,hispanic,43,15.7
2024,2180,Portland SD 1J,826,Arleta,black,11,4
2024,2180,Portland SD 1J,826,Arleta,multi,21,7.7
2024,2180,Portland SD 1J,827,Astor,all,375,100
2024,2180,Portland SD 1J,827,Astor,combined_underserved,212,56.5
2024,2180,Portland SD 1J,827,Astor,direct_cert,125,33.3
2024,2180,Portland SD 1J,827,Astor,lep,15,4
2024,2180,Portland SD 1J,827,Astor,swd,92,24.5
2024,2180,Portland SD 1J,827,Astor,historically_underserved,142,37.9
2024,2180,Portland SD 1J,827,Astor,hispanic,58,15.5
2024,2180,Portland SD 1J,827,Astor,black,25,6.7
2024,2180,Portland SD 1J,827,Astor,multi,53,14.1
2024,2180,Portland SD 1J,828,Atkinson,all,366,100
2024,2180,Portland SD 1J,828,Atkinson,combined_underserved,209,57.1
2024,2180,Portland SD 1J,828,Atkinson,direct_cert,107,29.2
2024,2180,Portland SD 1J,828,Atkinson,lep,64,17.5
2024,2180,Portland SD 1J,828,Atkinson,swd,71,19.4
2024,2180,Portland SD 1J,828,Atkinson,historically_underserved,138,37.7
2024,2180,Portland SD 1J,828,Atkinson,hispanic,120,32.8
2024,2180,Portland SD 1J,828,Atkinson,black,5,1.4
2024,2180,Portland SD 1J,828,Atkinson,multi,10,2.7
2024,2180,Portland SD 1J,830,Beach,all,325,100
2024,2180,Portland SD 1J,830,Beach,combined_underserved,201,61.8
2024,2180,Portland SD 1J,830,Beach,direct_cert,112,34.5
2024,2180,Portland SD 1J,830,Beach,lep,39,12
2024,2180,Portland SD 1J,830,Beach,swd,52,16
2024,2180,Portland SD 1J,830,Beach,historically_underserved,144,44.3
2024,2180,Portland SD 1J,830,Beach,hispanic,91,28
2024,2180,Portland SD 1J,830,Beach,black,32,9.8
2024,2180,Portland SD 1J,830,Beach,multi,21,6.5
2024,2180,Portland SD 1J,857,Beverly Cleary,all,560,100
2024,2180,Portland SD 1J,857,Beverly Cleary,combined_underserved,163,29.1
2024,2180,Portland SD 1J,857,Beverly Cleary,direct_cert,49,8.8
2024,2180,Portland SD 1J,857,Beverly Cleary,lep,8,1.4
2024,2180,Portland SD 1J,857,Beverly Cleary,swd,76,13.6
2024,2180,Portland SD 1J,857,Beverly Cleary,historically_underserved,81,14.5
2024,2180,Portland SD 1J,857,Beverly Cleary,hispanic,38,6.8
2024,2180,Portland SD 1J,857,Beverly Cleary,black,9,1.6
2024,2180,Portland SD 1J,857,Beverly Cleary,multi,31,5.5
2024,2180,Portland SD 1J,833,Boise-Eliot/Humboldt,all,338,100
2024,2180,Portland SD 1J,833,Boise-Eliot/Humboldt,combined_underserved,296,87.6
2024,2180,Portland SD 1J,833,Boise-Eliot/Humboldt,direct_cert,229,67.8
2024,2180,Portland SD 1J,833,Boise-Eliot/Humboldt,lep,20,5.9
2024,2180,Portland SD 1J,833,Boise-Eliot/Humboldt,swd,73,21.6
2024,2180,Portland SD 1J,833,Boise-Eliot/Humboldt,historically_underserved,255,75.4
2024,2180,Portland SD 1J,833,Boise-Eliot/Humboldt,hispanic,59,17.5
2024,2180,Portland SD 1J,833,Boise-Eliot/Humboldt,black,149,44.1
2024,2180,Portland SD 1J,833,Boise-Eliot/Humboldt,multi,40,11.8
2024,2180,Portland SD 1J,834,Bridger Creative Science,all,515,100
2024,2180,Portland SD 1J,834,Bridger Creative Science,combined_underserved,267,51.8
2024,2180,Portland SD 1J,834,Bridger Creative Science,direct_cert,154,29.9
2024,2180,Portland SD 1J,834,Bridger Creative Science,lep,23,4.5
2024,2180,Portland SD 1J,834,Bridger Creative Science,swd,103,20
2024,2180,Portland SD 1J,834,Bridger Creative Science,historically_underserved,111,21.6
2024,2180,Portland SD 1J,834,Bridger Creative Science,hispanic,47,9.1
2024,2180,Portland SD 1J,834,Bridger Creative Science,black,20,3.9
2024,2180,Portland SD 1J,834,Bridger Creative Science,multi,30,5.8
2024,2180,Portland SD 1J,835,Bridlemile,all,446,100
2024,2180,Portland SD 1J,835,Bridlemile,combined_underserved,171,38.3
2024,2180,Portland SD 1J,835,Bridlemile,direct_cert,66,14.8
2024,2180,Portland SD 1J,835,Bridlemile,lep,23,5.2
2024,2180,Portland SD 1J,835,Bridlemile,swd,85,19.1
2024,2180,Portland SD 1J,835,Bridlemile,historically_underserved,66,14.8
2024,2180,Portland SD 1J,835,Bridlemile,hispanic,40,9
2024,2180,Portland SD 1J,835,Bridlemile,black,10,2.2
2024,2180,Portland SD 1J,835,Bridlemile,multi,16,3.6
2024,2180,Portland SD 1J,837,Buckman,all,371,100
2024,2180,Portland SD 1J,837,Buckman,combined_underserved,200,53.9
2024,2180,Portland SD 1J,837,Buckman,direct_cert,120,32.3
2024,2180,Portland SD 1J,837,Buckman,lep,14,3.8
2024,2180,Portland SD 1J,837,Buckman,swd,80,21.6
2024,2180,Portland SD 1J,837,Buckman,historically_underserved,97,26.1
2024,2180,Portland SD 1J,837,Buckman,hispanic,53,14.3
2024,2180,Portland SD 1J,837,Buckman,black,12,3.2
2024,2180,Portland SD 1J,837,Buckman,multi,30,8.1
2024,2180,Portland SD 1J,838,Capitol Hill,all,361,100
2024,2180,Portland SD 1J,838,Capitol Hill,combined_underserved,135,37.4
2024,2180,Portland SD 1J,838,Capitol Hill,direct_cert,68,18.8
2024,2180,Portland SD 1J,838,Capitol Hill,lep,10,2.8
2024,2180,Portland SD 1J,838,Capitol Hill,swd,37,10.2
2024,2180,Portland SD 1J,838,Capitol Hill,historically_underserved,80,22.2
2024,2180,Portland SD 1J,838,Capitol Hill,hispanic,36,10
2024,2180,Portland SD 1J,838,Capitol Hill,black,10,2.8
2024,2180,Portland SD 1J,838,Capitol Hill,multi,30,8.3
2024,2180,Portland SD 1J,841,César Chávez,all,481,100
2024,2180,Portland SD 1J,841,César Chávez,combined_underserved,420,87.3
2024,2180,Portland SD 1J,841,César Chávez,direct_cert,311,64.7
2024,2180,Portland SD 1J,841,César Chávez,lep,186,38.7
2024,2180,Portland SD 1J,841,César Chávez,swd,87,18.1
2024,2180,Portland SD 1J,841,César Chávez,historically_underserved,381,79.2
2024,2180,Portland SD 1J,841,César Chávez,hispanic,294,61.1
2024,2180,Portland SD 1J,841,César Chávez,black,54,11.2
2024,2180,Portland SD 1J,841,César Chávez,multi,23,4.8
2024,2180,Portland SD 1J,839,Chapman,all,344,100
2024,2180,Portland SD 1J,839,Chapman,combined_underserved,219,63.7
2024,2180,Portland SD 1J,839,Chapman,direct_cert,171,49.7
2024,2180,Portland SD 1J,839,Chapman,lep,40,11.6
2024,2180,Portland SD 1J,839,Chapman,swd,43,12.5
2024,2180,Portland SD 1J,839,Chapman,historically_underserved,121,35.2
2024,2180,Portland SD 1J,839,Chapman,hispanic,54,15.7
2024,2180,Portland SD 1J,839,Chapman,black,26,7.6
2024,2180,Portland SD 1J,839,Chapman,multi,33,9.6
2024,2180,Portland SD 1J,840,Chief Joseph,all,265,100
2024,2180,Portland SD 1J,840,Chief Joseph,combined_underserved,123,46.4
2024,2180,Portland SD 1J,840,Chief Joseph,direct_cert,70,26.4
2024,2180,Portland SD 1J,840,Chief Joseph,lep,22,8.3
2024,2180,Portland SD 1J,840,Chief Joseph,swd,43,16.2
2024,2180,Portland SD 1J,840,Chief Joseph,historically_underserved,65,24.5
2024,2180,Portland SD 1J,840,Chief Joseph,hispanic,33,12.5
2024,2180,Portland SD 1J,840,Chief Joseph,black,13,4.9
2024,2180,Portland SD 1J,840,Chief Joseph,multi,14,5.3
2024,2180,Portland SD 1J,5817,Clark,all,341,100
2024,2180,Portland SD 1J,5817,Clark,combined_underserved,290,85
2024,2180,Portland SD 1J,5817,Clark,direct_cert,220,64.5
2024,2180,Portland SD 1J,5817,Clark,lep,129,37.8
2024,2180,Portland SD 1J,5817,Clark,swd,54,15.8
2024,2180,Portland SD 1J,5817,Clark,historically_underserved,179,52.5
2024,2180,Portland SD 1J,5817,Clark,hispanic,53,15.5
2024,2180,Portland SD 1J,5817,Clark,black,72,21.1
2024,2180,Portland SD 1J,5817,Clark,multi,29,8.5
2024,2180,Portland SD 1J,843,Creston,all,238,100
2024,2180,Portland SD 1J,843,Creston,combined_underserved,126,52.9
2024,2180,Portland SD 1J,843,Creston,direct_cert,66,27.7
2024,2180,Portland SD 1J,843,Creston,lep,29,12.2
2024,2180,Portland SD 1J,843,Creston,swd,58,24.4
2024,2180,Portland SD 1J,843,Creston,historically_underserved,60,25.2
2024,2180,Portland SD 1J,843,Creston,hispanic,33,13.9
2024,2180,Portland SD 1J,843,Creston,black,7,2.9
2024,2180,Portland SD 1J,843,Creston,multi,15,6.3
2024,2180,Portland SD 1J,844,Duniway,all,409,100
2024,2180,Portland SD 1J,844,Duniway,combined_underserved,125,30.6
2024,2180,Portland SD 1J,844,Duniway,direct_cert,35,8.6
2024,2180,Portland SD 1J,844,Duniway,lep,12,2.9
2024,2180,Portland SD 1J,844,Duniway,swd,71,17.4
2024,2180,Portland SD 1J,844,Duniway,historically_underserved,37,9
2024,2180,Portland SD 1J,844,Duniway,hispanic,21,5.1
2024,2180,Portland SD 1J,844,Duniway,black,1,0.2
2024,2180,Portland SD 1J,844,Duniway,multi,15,3.7
2024,2180,Portland SD 1J,847,Faubion,all,643,100
2024,2180,Portland SD 1J,847,Faubion,combined_underserved,524,81.5
2024,2180,Portland SD 1J,847,Faubion,direct_cert,339,52.7
2024,2180,Portland SD 1J,847,Faubion,lep,102,15.9
2024,2180,Portland SD 1J,847,Faubion,swd,89,13.8
2024,2180,Portland SD 1J,847,Faubion,historically_underserved,458,71.2
2024,2180,Portland SD 1J,847,Faubion,hispanic,185,28.8
2024,2180,Portland SD 1J,847,Faubion,black,161,25
2024,2180,Portland SD 1J,847,Faubion,multi,89,13.8
2024,2180,Portland SD 1J,2413,Forest Park,all,321,100
2024,2180,Portland SD 1J,2413,Forest Park,combined_underserved,92,28.7
2024,2180,Portland SD 1J,2413,Forest Park,direct_cert,15,4.7
2024,2180,Portland SD 1J,2413,Forest Park,lep,18,5.6
2024,2180,Portland SD 1J,2413,Forest Park,swd,42,13.1
2024,2180,Portland SD 1J,2413,Forest Park,historically_underserved,33,10.3
2024,2180,Portland SD 1J,2413,Forest Park,hispanic,17,5.3
2024,2180,Portland SD 1J,2413,Forest Park,black,7,2.2
2024,2180,Portland SD 1J,2413,Forest Park,multi,9,2.8
2024,2180,Portland SD 1J,850,Glencoe,all,372,100
2024,2180,Portland SD 1J,850,Glencoe,combined_underserved,156,41.9
2024,2180,Portland SD 1J,850,Glencoe,direct_cert,63,16.9
2024,2180,Portland SD 1J,850,Glencoe,lep,16,4.3
2024,2180,Portland SD 1J,850,Glencoe,swd,69,18.5
2024,2180,Portland SD 1J,850,Glencoe,historically_underserved,65,17.5
2024,2180,Portland SD 1J,850,Glencoe,hispanic,32,8.6
2024,2180,Portland SD 1J,850,Glencoe,black,20,5.4
2024,2180,Portland SD 1J,850,Glencoe,multi,12,3.2
2024,2180,Portland SD 1J,854,Grout,all,302,100
2024,2180,Portland SD 1J,854,Grout,combined_underserved,202,66.9
2024,2180,Portland SD 1J,854,Grout,direct_cert,133,44
2024,2180,Portland SD 1J,854,Grout,lep,62,20.5
2024,2180,Portland SD 1J,854,Grout,swd,65,21.5
2024,2180,Portland SD 1J,854,Grout,historically_underserved,94,31.1
2024,2180,Portland SD 1J,854,Grout,hispanic,54,17.9
2024,2180,Portland SD 1J,854,Grout,black,12,4
2024,2180,Portland SD 1J,854,Grout,multi,21,7
2024,2180,Portland SD 1J,855,Hayhurst,all,335,100
2024,2180,Portland SD 1J,855,Hayhurst,combined_underserved,168,50.1
2024,2180,Portland SD 1J,855,Hayhurst,direct_cert,101,30.1
2024,2180,Portland SD 1J,855,Hayhurst,lep,31,9.3
2024,2180,Portland SD 1J,855,Hayhurst,swd,65,19.4
2024,2180,Portland SD 1J,855,Hayhurst,historically_underserved,90,26.9
2024,2180,Portland SD 1J,855,Hayhurst,hispanic,38,11.3
2024,2180,Portland SD 1J,855,Hayhurst,black,22,6.6
2024,2180,Portland SD 1J,855,Hayhurst,multi,28,8.4
2024,2180,Portland SD 1J,861,Irvington,all,235,100
2024,2180,Portland SD 1J,861,Irvington,combined_underserved,107,45.5
2024,2180,Portland SD 1J,861,Irvington,direct_cert,47,20
2024,2180,Portland SD 1J,861,Irvington,lep,11,4.7
2024,2180,Portland SD 1J,861,Irvington,swd,38,16.2
2024,2180,Portland SD 1J,861,Irvington,historically_underserved,63,26.8
2024,2180,Portland SD 1J,861,Irvington,hispanic,26,11.1
2024,2180,Portland SD 1J,861,Irvington,black,17,7.2
2024,2180,Portland SD 1J,861,Irvington,multi,20,8.5
2024,2180,Portland SD 1J,862,James John,all,348,100
2024,2180,Portland SD 1J,862,James John,combined_underserved,261,75
2024,2180,Portland SD 1J,862,James John,direct_cert,193,55.5
2024,2180,Portland SD 1J,862,James John,lep,94,27
2024,2180,Portland SD 1J,862,James John,swd,71,20.4
2024,2180,Portland SD 1J,862,James John,historically_underserved,210,60.3
2024,2180,Portland SD 1J,862,James John,hispanic,150,43.1
2024,2180,Portland SD 1J,862,James John,black,27,7.8
2024,2180,Portland SD 1J,862,James John,multi,31,8.9
2024,2180,Portland SD 1J,864,Kelly,all,376,100
2024,2180,Portland SD 1J,864,Kelly,combined_underserved,338,89.9
2024,2180,Portland SD 1J,864,Kelly,direct_cert,253,67.3
2024,2180,Portland SD 1J,864,Kelly,lep,188,50
2024,2180,Portland SD 1J,864,Kelly,swd,70,18.6
2024,2180,Portland SD 1J,864,Kelly,historically_underserved,156,41.5
2024,2180,Portland SD 1J,864,Kelly,hispanic,81,21.5
2024,2180,Portland SD 1J,864,Kelly,black,36,9.6
2024,2180,Portland SD 1J,864,Kelly,multi,25,6.6
2024,2180,Portland SD 1J,868,Laurelhurst,all,659,100
2024,2180,Portland SD 1J,868,Laurelhurst,combined_underserved,184,27.9
2024,2180,Portland SD 1J,868,Laurelhurst,direct_cert,57,8.6
2024,2180,Portland SD 1J,868,Laurelhurst,lep,4,0.6
2024,2180,Portland SD 1J,868,Laurelhurst,swd,87,13.2
2024,2180,Portland SD 1J,868,Laurelhurst,historically_underserved,88,13.4
2024,2180,Portland SD 1J,868,Laurelhurst,hispanic,41,6.2
2024,2180,Portland SD 1J,868,Laurelhurst,black,10,1.5
2024,2180,Portland SD 1J,868,Laurelhurst,multi,36,5.5
2024,2180,Portland SD 1J,869,Lee,all,295,100
2024,2180,Portland SD 1J,869,Lee,combined_underserved,211,71.5
2024,2180,Portland SD 1J,869,Lee,direct_cert,135,45.8
2024,2180,Portland SD 1J,869,Lee,lep,49,16.6
2024,2180,Portland SD 1J,869,Lee,swd,71,24.1
2024,2180,Portland SD 1J,869,Lee,historically_underserved,130,44.1
2024,2180,Portland SD 1J,869,Lee,hispanic,56,19
2024,2180,Portland SD 1J,869,Lee,black,38,12.9
2024,2180,Portland SD 1J,869,Lee,multi,24,8.1
2024,2180,Portland SD 1J,870,Lent,all,308,100
2024,2180,Portland SD 1J,870,Lent,combined_underserved,241,78.2
2024,2180,Portland SD 1J,870,Lent,direct_cert,135,43.8
2024,2180,Portland SD 1J,870,Lent,lep,106,34.4
2024,2180,Portland SD 1J,870,Lent,swd,45,14.6
2024,2180,Portland SD 1J,870,Lent,historically_underserved,217,70.5
2024,2180,Portland SD 1J,870,Lent,hispanic,200,64.9
2024,2180,Portland SD 1J,870,Lent,black,7,2.3
2024,2180,Portland SD 1J,870,Lent,multi,10,3.2
2024,2180,Portland SD 1J,871,Lewis,all,298,100
2024,2180,Portland SD 1J,871,Lewis,combined_underserved,143,48
2024,2180,Portland SD 1J,871,Lewis,direct_cert,71,23.8
2024,2180,Portland SD 1J,871,Lewis,lep,9,3
2024,2180,Portland SD 1J,871,Lewis,swd,71,23.8
2024,2180,Portland SD 1J,871,Lewis,historically_underserved,55,18.5
2024,2180,Portland SD 1J,871,Lewis,hispanic,32,10.7
2024,2180,Portland SD 1J,871,Lewis,black,3,1
2024,2180,Portland SD 1J,871,Lewis,multi,20,6.7
2024,2180,Portland SD 1J,872,Llewellyn,all,393,100
2024,2180,Portland SD 1J,872,Llewellyn,combined_underserved,163,41.5
2024,2180,Portland SD 1J,872,Llewellyn,direct_cert,55,14
2024,2180,Portland SD 1J,872,Llewellyn,lep,11,2.8
2024,2180,Portland SD 1J,872,Llewellyn,swd,89,22.6
2024,2180,Portland SD 1J,872,Llewellyn,historically_underserved,68,17.3
2024,2180,Portland SD 1J,872,Llewellyn,hispanic,48,12.2
2024,2180,Portland SD 1J,872,Llewellyn,black,4,1
2024,2180,Portland SD 1J,872,Llewellyn,multi,15,3.8
2024,2180,Portland SD 1J,873,Maplewood,all,301,100
2024,2180,Portland SD 1J,873,Maplewood,combined_underserved,116,38.5
2024,2180,Portland SD 1J,873,Maplewood,direct_cert,57,18.9
2024,2180,Portland SD 1J,873,Maplewood,lep,19,6.3
2024,2180,Portland SD 1J,873,Maplewood,swd,46,15.3
2024,2180,Portland SD 1J,873,Maplewood,historically_underserved,55,18.3
2024,2180,Portland SD 1J,873,Maplewood,hispanic,33,11
2024,2180,Portland SD 1J,873,Maplewood,black,3,1
2024,2180,Portland SD 1J,873,Maplewood,multi,17,5.6
2024,2180,Portland SD 1J,1278,Markham,all,402,100
2024,2180,Portland SD 1J,1278,Markham,combined_underserved,234,58.2
2024,2180,Portland SD 1J,1278,Markham,direct_cert,132,32.8
2024,2180,Portland SD 1J,1278,Markham,lep,73,18.2
2024,2180,Portland SD 1J,1278,Markham,swd,71,17.7
2024,2180,Portland SD 1J,1278,Markham,historically_underserved,148,36.8
2024,2180,Portland SD 1J,1278,Markham,hispanic,51,12.7
2024,2180,Portland SD 1J,1278,Markham,black,66,16.4
2024,2180,Portland SD 1J,1278,Markham,multi,24,6
2024,2180,Portland SD 1J,875,Marysville,all,394,100
2024,2180,Portland SD 1J,875,Marysville,combined_underserved,304,77.2
2024,2180,Portland SD 1J,875,Marysville,direct_cert,247,62.7
2024,2180,Portland SD 1J,875,Marysville,lep,67,17
2024,2180,Portland SD 1J,875,Marysville,swd,56,14.2
2024,2180,Portland SD 1J,875,Marysville,historically_underserved,188,47.7
2024,2180,Portland SD 1J,875,Marysville,hispanic,78,19.8
2024,2180,Portland SD 1J,875,Marysville,black,37,9.4
2024,2180,Portland SD 1J,875,Marysville,multi,50,12.7
2024,2180,Portland SD 1J,866,MLK Jr,all,343,100
2024,2180,Portland SD 1J,866,MLK Jr,combined_underserved,229,66.8
2024,2180,Portland SD 1J,866,MLK Jr,direct_cert,158,46.1
2024,2180,Portland SD 1J,866,MLK Jr,lep,40,11.7
2024,2180,Portland SD 1J,866,MLK Jr,swd,35,10.2
2024,2180,Portland SD 1J,866,MLK Jr,historically_underserved,195,56.9
2024,2180,Portland SD 1J,866,MLK Jr,hispanic,66,19.2
2024,2180,Portland SD 1J,866,MLK Jr,black,97,28.3
2024,2180,Portland SD 1J,866,MLK Jr,multi,30,8.7
2024,2180,Portland SD 1J,NA,Odyssey,all,227,100
2024,2180,Portland SD 1J,NA,Odyssey,combined_underserved,56,24.7
2024,2180,Portland SD 1J,NA,Odyssey,direct_cert,10,4.4
2024,2180,Portland SD 1J,NA,Odyssey,lep,1,0.4
2024,2180,Portland SD 1J,NA,Odyssey,swd,35,15.4
2024,2180,Portland SD 1J,NA,Odyssey,historically_underserved,20,8.8
2024,2180,Portland SD 1J,NA,Odyssey,hispanic,9,4
2024,2180,Portland SD 1J,NA,Odyssey,black,2,0.9
2024,2180,Portland SD 1J,NA,Odyssey,multi,9,4
2024,2180,Portland SD 1J,879,Peninsula,all,234,100
2024,2180,Portland SD 1J,879,Peninsula,combined_underserved,156,66.7
2024,2180,Portland SD 1J,879,Peninsula,direct_cert,84,35.9
2024,2180,Portland SD 1J,879,Peninsula,lep,14,6
2024,2180,Portland SD 1J,879,Peninsula,swd,69,29.5
2024,2180,Portland SD 1J,879,Peninsula,historically_underserved,103,44
2024,2180,Portland SD 1J,879,Peninsula,hispanic,44,18.8
2024,2180,Portland SD 1J,879,Peninsula,black,28,12
2024,2180,Portland SD 1J,879,Peninsula,multi,28,12
2024,2180,Portland SD 1J,883,Richmond,all,537,100
2024,2180,Portland SD 1J,883,Richmond,combined_underserved,164,30.5
2024,2180,Portland SD 1J,883,Richmond,direct_cert,56,10.4
2024,2180,Portland SD 1J,883,Richmond,lep,38,7.1
2024,2180,Portland SD 1J,883,Richmond,swd,56,10.4
2024,2180,Portland SD 1J,883,Richmond,historically_underserved,58,10.8
2024,2180,Portland SD 1J,883,Richmond,hispanic,30,5.6
2024,2180,Portland SD 1J,883,Richmond,black,6,1.1
2024,2180,Portland SD 1J,883,Richmond,multi,22,4.1
2024,2180,Portland SD 1J,1299,Rieke,all,288,100
2024,2180,Portland SD 1J,1299,Rieke,combined_underserved,107,37.2
2024,2180,Portland SD 1J,1299,Rieke,direct_cert,48,16.7
2024,2180,Portland SD 1J,1299,Rieke,lep,4,1.4
2024,2180,Portland SD 1J,1299,Rieke,swd,39,13.5
2024,2180,Portland SD 1J,1299,Rieke,historically_underserved,54,18.8
2024,2180,Portland SD 1J,1299,Rieke,hispanic,29,10.1
2024,2180,Portland SD 1J,1299,Rieke,black,13,4.5
2024,2180,Portland SD 1J,1299,Rieke,multi,12,4.2
2024,2180,Portland SD 1J,884,Rigler,all,255,100
2024,2180,Portland SD 1J,884,Rigler,combined_underserved,189,74.1
2024,2180,Portland SD 1J,884,Rigler,direct_cert,126,49.4
2024,2180,Portland SD 1J,884,Rigler,lep,103,40.4
2024,2180,Portland SD 1J,884,Rigler,swd,41,16.1
2024,2180,Portland SD 1J,884,Rigler,historically_underserved,172,67.5
2024,2180,Portland SD 1J,884,Rigler,hispanic,158,62
2024,2180,Portland SD 1J,884,Rigler,black,8,3.1
2024,2180,Portland SD 1J,884,Rigler,multi,6,2.4
2024,2180,Portland SD 1J,829,Rosa Parks,all,198,100
2024,2180,Portland SD 1J,829,Rosa Parks,combined_underserved,195,98.5
2024,2180,Portland SD 1J,829,Rosa Parks,direct_cert,161,81.3
2024,2180,Portland SD 1J,829,Rosa Parks,lep,60,30.3
2024,2180,Portland SD 1J,829,Rosa Parks,swd,47,23.7
2024,2180,Portland SD 1J,829,Rosa Parks,historically_underserved,174,87.9
2024,2180,Portland SD 1J,829,Rosa Parks,hispanic,79,39.9
2024,2180,Portland SD 1J,829,Rosa Parks,black,63,31.8
2024,2180,Portland SD 1J,829,Rosa Parks,multi,25,12.6
2024,2180,Portland SD 1J,5427,Rose City Park,all,464,100
2024,2180,Portland SD 1J,5427,Rose City Park,combined_underserved,239,51.5
2024,2180,Portland SD 1J,5427,Rose City Park,direct_cert,145,31.2
2024,2180,Portland SD 1J,5427,Rose City Park,lep,97,20.9
2024,2180,Portland SD 1J,5427,Rose City Park,swd,56,12.1
2024,2180,Portland SD 1J,5427,Rose City Park,historically_underserved,77,16.6
2024,2180,Portland SD 1J,5427,Rose City Park,hispanic,27,5.8
2024,2180,Portland SD 1J,5427,Rose City Park,black,17,3.7
2024,2180,Portland SD 1J,5427,Rose City Park,multi,31,6.7
2024,2180,Portland SD 1J,886,Sabin,all,302,100
2024,2180,Portland SD 1J,886,Sabin,combined_underserved,143,47.4
2024,2180,Portland SD 1J,886,Sabin,direct_cert,86,28.5
2024,2180,Portland SD 1J,886,Sabin,lep,9,3
2024,2180,Portland SD 1J,886,Sabin,swd,54,17.9
2024,2180,Portland SD 1J,886,Sabin,historically_underserved,101,33.4
2024,2180,Portland SD 1J,886,Sabin,hispanic,27,8.9
2024,2180,Portland SD 1J,886,Sabin,black,38,12.6
2024,2180,Portland SD 1J,886,Sabin,multi,33,10.9
2024,2180,Portland SD 1J,887,Scott,all,500,100
2024,2180,Portland SD 1J,887,Scott,combined_underserved,368,73.6
2024,2180,Portland SD 1J,887,Scott,direct_cert,280,56
2024,2180,Portland SD 1J,887,Scott,lep,137,27.4
2024,2180,Portland SD 1J,887,Scott,swd,87,17.4
2024,2180,Portland SD 1J,887,Scott,historically_underserved,290,58
2024,2180,Portland SD 1J,887,Scott,hispanic,168,33.6
2024,2180,Portland SD 1J,887,Scott,black,68,13.6
2024,2180,Portland SD 1J,887,Scott,multi,40,8
2024,2180,Portland SD 1J,889,Sitton,all,335,100
2024,2180,Portland SD 1J,889,Sitton,combined_underserved,276,82.4
2024,2180,Portland SD 1J,889,Sitton,direct_cert,213,63.6
2024,2180,Portland SD 1J,889,Sitton,lep,100,29.9
2024,2180,Portland SD 1J,889,Sitton,swd,78,23.3
2024,2180,Portland SD 1J,889,Sitton,historically_underserved,229,68.4
2024,2180,Portland SD 1J,889,Sitton,hispanic,146,43.6
2024,2180,Portland SD 1J,889,Sitton,black,39,11.6
2024,2180,Portland SD 1J,889,Sitton,multi,37,11
2024,2180,Portland SD 1J,890,Skyline,all,218,100
2024,2180,Portland SD 1J,890,Skyline,combined_underserved,86,39.4
2024,2180,Portland SD 1J,890,Skyline,direct_cert,27,12.4
2024,2180,Portland SD 1J,890,Skyline,lep,4,1.8
2024,2180,Portland SD 1J,890,Skyline,swd,41,18.8
2024,2180,Portland SD 1J,890,Skyline,historically_underserved,36,16.5
2024,2180,Portland SD 1J,890,Skyline,hispanic,25,11.5
2024,2180,Portland SD 1J,890,Skyline,black,NA,NA
2024,2180,Portland SD 1J,890,Skyline,multi,9,4.1
2024,2180,Portland SD 1J,892,Stephenson,all,310,100
2024,2180,Portland SD 1J,892,Stephenson,combined_underserved,105,33.9
2024,2180,Portland SD 1J,892,Stephenson,direct_cert,28,9
2024,2180,Portland SD 1J,892,Stephenson,lep,11,3.5
2024,2180,Portland SD 1J,892,Stephenson,swd,64,20.6
2024,2180,Portland SD 1J,892,Stephenson,historically_underserved,42,13.5
2024,2180,Portland SD 1J,892,Stephenson,hispanic,24,7.7
2024,2180,Portland SD 1J,892,Stephenson,black,8,2.6
2024,2180,Portland SD 1J,892,Stephenson,multi,9,2.9
2024,2180,Portland SD 1J,893,Sunnyside Environmental,all,447,100
2024,2180,Portland SD 1J,893,Sunnyside Environmental,combined_underserved,220,49.2
2024,2180,Portland SD 1J,893,Sunnyside Environmental,direct_cert,99,22.1
2024,2180,Portland SD 1J,893,Sunnyside Environmental,lep,6,1.3
2024,2180,Portland SD 1J,893,Sunnyside Environmental,swd,94,21
2024,2180,Portland SD 1J,893,Sunnyside Environmental,historically_underserved,95,21.3
2024,2180,Portland SD 1J,893,Sunnyside Environmental,hispanic,49,11
2024,2180,Portland SD 1J,893,Sunnyside Environmental,black,11,2.5
2024,2180,Portland SD 1J,893,Sunnyside Environmental,multi,34,7.6
2024,2180,Portland SD 1J,895,Vernon,all,578,100
2024,2180,Portland SD 1J,895,Vernon,combined_underserved,323,55.9
2024,2180,Portland SD 1J,895,Vernon,direct_cert,186,32.2
2024,2180,Portland SD 1J,895,Vernon,lep,24,4.2
2024,2180,Portland SD 1J,895,Vernon,swd,76,13.1
2024,2180,Portland SD 1J,895,Vernon,historically_underserved,239,41.3
2024,2180,Portland SD 1J,895,Vernon,hispanic,74,12.8
2024,2180,Portland SD 1J,895,Vernon,black,92,15.9
2024,2180,Portland SD 1J,895,Vernon,multi,67,11.6
2024,2180,Portland SD 1J,896,Vestal,all,264,100
2024,2180,Portland SD 1J,896,Vestal,combined_underserved,187,70.8
2024,2180,Portland SD 1J,896,Vestal,direct_cert,121,45.8
2024,2180,Portland SD 1J,896,Vestal,lep,30,11.4
2024,2180,Portland SD 1J,896,Vestal,swd,55,20.8
2024,2180,Portland SD 1J,896,Vestal,historically_underserved,128,48.5
2024,2180,Portland SD 1J,896,Vestal,hispanic,50,18.9
2024,2180,Portland SD 1J,896,Vestal,black,40,15.2
2024,2180,Portland SD 1J,896,Vestal,multi,32,12.1
2024,2180,Portland SD 1J,900,Whitman,all,180,100
2024,2180,Portland SD 1J,900,Whitman,combined_underserved,143,79.4
2024,2180,Portland SD 1J,900,Whitman,direct_cert,113,62.8
2024,2180,Portland SD 1J,900,Whitman,lep,33,18.3
2024,2180,Portland SD 1J,900,Whitman,swd,40,22.2
2024,2180,Portland SD 1J,900,Whitman,historically_underserved,95,52.8
2024,2180,Portland SD 1J,900,Whitman,hispanic,51,28.3
2024,2180,Portland SD 1J,900,Whitman,black,15,8.3
2024,2180,Portland SD 1J,900,Whitman,multi,20,11.1
2024,2180,Portland SD 1J,1364,Winterhaven,all,316,100
2024,2180,Portland SD 1J,1364,Winterhaven,combined_underserved,91,28.8
2024,2180,Portland SD 1J,1364,Winterhaven,direct_cert,45,14.2
2024,2180,Portland SD 1J,1364,Winterhaven,lep,3,0.9
2024,2180,Portland SD 1J,1364,Winterhaven,swd,26,8.2
2024,2180,Portland SD 1J,1364,Winterhaven,historically_underserved,37,11.7
2024,2180,Portland SD 1J,1364,Winterhaven,hispanic,20,6.3
2024,2180,Portland SD 1J,1364,Winterhaven,black,6,1.9
2024,2180,Portland SD 1J,1364,Winterhaven,multi,10,3.2
2024,2180,Portland SD 1J,902,Woodlawn,all,299,100
2024,2180,Portland SD 1J,902,Woodlawn,combined_underserved,225,75.3
2024,2180,Portland SD 1J,902,Woodlawn,direct_cert,145,48.5
2024,2180,Portland SD 1J,902,Woodlawn,lep,27,9
2024,2180,Portland SD 1J,902,Woodlawn,swd,82,27.4
2024,2180,Portland SD 1J,902,Woodlawn,historically_underserved,179,59.9
2024,2180,Portland SD 1J,902,Woodlawn,hispanic,56,18.7
2024,2180,Portland SD 1J,902,Woodlawn,black,77,25.8
2024,2180,Portland SD 1J,902,Woodlawn,multi,45,15.1
2024,2180,Portland SD 1J,903,Woodmere,all,248,100
2024,2180,Portland SD 1J,903,Woodmere,combined_underserved,203,81.9
2024,2180,Portland SD 1J,903,Woodmere,direct_cert,153,61.7
2024,2180,Portland SD 1J,903,Woodmere,lep,61,24.6
2024,2180,Portland SD 1J,903,Woodmere,swd,71,28.6
2024,2180,Portland SD 1J,903,Woodmere,historically_underserved,109,44
2024,2180,Portland SD 1J,903,Woodmere,hispanic,55,22.2
2024,2180,Portland SD 1J,903,Woodmere,black,28,11.3
2024,2180,Portland SD 1J,903,Woodmere,multi,20,8.1
2024,2180,Portland SD 1J,904,Woodstock,all,451,100
2024,2180,Portland SD 1J,904,Woodstock,combined_underserved,192,42.6
2024,2180,Portland SD 1J,904,Woodstock,direct_cert,107,23.7
2024,2180,Portland SD 1J,904,Woodstock,lep,69,15.3
2024,2180,Portland SD 1J,904,Woodstock,swd,56,12.4
2024,2180,Portland SD 1J,904,Woodstock,historically_underserved,59,13.1
2024,2180,Portland SD 1J,904,Woodstock,hispanic,35,7.8
2024,2180,Portland SD 1J,904,Woodstock,black,5,1.1
2024,2180,Portland SD 1J,904,Woodstock,multi,15,3.3
2024,2180,Portland SD 1J,831,Beaumont,all,434,100
2024,2180,Portland SD 1J,831,Beaumont,combined_underserved,195,44.9
2024,2180,Portland SD 1J,831,Beaumont,direct_cert,108,24.9
2024,2180,Portland SD 1J,831,Beaumont,lep,56,12.9
2024,2180,Portland SD 1J,831,Beaumont,swd,82,18.9
2024,2180,Portland SD 1J,831,Beaumont,historically_underserved,145,33.4
2024,2180,Portland SD 1J,831,Beaumont,hispanic,107,24.7
2024,2180,Portland SD 1J,831,Beaumont,black,18,4.1
2024,2180,Portland SD 1J,831,Beaumont,multi,18,4.1
2024,2180,Portland SD 1J,1363,da Vinci,all,407,100
2024,2180,Portland SD 1J,1363,da Vinci,combined_underserved,210,51.6
2024,2180,Portland SD 1J,1363,da Vinci,direct_cert,113,27.8
2024,2180,Portland SD 1J,1363,da Vinci,lep,10,2.5
2024,2180,Portland SD 1J,1363,da Vinci,swd,83,20.4
2024,2180,Portland SD 1J,1363,da Vinci,historically_underserved,106,26
2024,2180,Portland SD 1J,1363,da Vinci,hispanic,47,11.5
2024,2180,Portland SD 1J,1363,da Vinci,black,23,5.7
2024,2180,Portland SD 1J,1363,da Vinci,multi,33,8.1
2024,2180,Portland SD 1J,849,George,all,367,100
2024,2180,Portland SD 1J,849,George,combined_underserved,318,86.6
2024,2180,Portland SD 1J,849,George,direct_cert,241,65.7
2024,2180,Portland SD 1J,849,George,lep,99,27
2024,2180,Portland SD 1J,849,George,swd,85,23.2
2024,2180,Portland SD 1J,849,George,historically_underserved,278,75.7
2024,2180,Portland SD 1J,849,George,hispanic,162,44.1
2024,2180,Portland SD 1J,849,George,black,69,18.8
2024,2180,Portland SD 1J,849,George,multi,34,9.3
2024,2180,Portland SD 1J,852,Gray,all,472,100
2024,2180,Portland SD 1J,852,Gray,combined_underserved,188,39.8
2024,2180,Portland SD 1J,852,Gray,direct_cert,95,20.1
2024,2180,Portland SD 1J,852,Gray,lep,23,4.9
2024,2180,Portland SD 1J,852,Gray,swd,75,15.9
2024,2180,Portland SD 1J,852,Gray,historically_underserved,83,17.6
2024,2180,Portland SD 1J,852,Gray,hispanic,44,9.3
2024,2180,Portland SD 1J,852,Gray,black,16,3.4
2024,2180,Portland SD 1J,852,Gray,multi,22,4.7
2024,2180,Portland SD 1J,894,Harriet Tubman,all,320,100
2024,2180,Portland SD 1J,894,Harriet Tubman,combined_underserved,203,63.4
2024,2180,Portland SD 1J,894,Harriet Tubman,direct_cert,122,38.1
2024,2180,Portland SD 1J,894,Harriet Tubman,lep,17,5.3
2024,2180,Portland SD 1J,894,Harriet Tubman,swd,57,17.8
2024,2180,Portland SD 1J,894,Harriet Tubman,historically_underserved,176,55
2024,2180,Portland SD 1J,894,Harriet Tubman,hispanic,56,17.5
2024,2180,Portland SD 1J,894,Harriet Tubman,black,89,27.8
2024,2180,Portland SD 1J,894,Harriet Tubman,multi,29,9.1
2024,2180,Portland SD 1J,842,Harrison Park,all,321,100
2024,2180,Portland SD 1J,842,Harrison Park,combined_underserved,230,71.7
2024,2180,Portland SD 1J,842,Harrison Park,direct_cert,180,56.1
2024,2180,Portland SD 1J,842,Harrison Park,lep,62,19.3
2024,2180,Portland SD 1J,842,Harrison Park,swd,49,15.3
2024,2180,Portland SD 1J,842,Harrison Park,historically_underserved,148,46.1
2024,2180,Portland SD 1J,842,Harrison Park,hispanic,54,16.8
2024,2180,Portland SD 1J,842,Harrison Park,black,49,15.3
2024,2180,Portland SD 1J,842,Harrison Park,multi,27,8.4
2024,2180,Portland SD 1J,858,Hosford,all,517,100
2024,2180,Portland SD 1J,858,Hosford,combined_underserved,217,42
2024,2180,Portland SD 1J,858,Hosford,direct_cert,125,24.2
2024,2180,Portland SD 1J,858,Hosford,lep,24,4.6
2024,2180,Portland SD 1J,858,Hosford,swd,77,14.9
2024,2180,Portland SD 1J,858,Hosford,historically_underserved,102,19.7
2024,2180,Portland SD 1J,858,Hosford,hispanic,51,9.9
2024,2180,Portland SD 1J,858,Hosford,black,15,2.9
2024,2180,Portland SD 1J,858,Hosford,multi,30,5.8
2024,2180,Portland SD 1J,1277,Jackson,all,711,100
2024,2180,Portland SD 1J,1277,Jackson,combined_underserved,297,41.8
2024,2180,Portland SD 1J,1277,Jackson,direct_cert,165,23.2
2024,2180,Portland SD 1J,1277,Jackson,lep,20,2.8
2024,2180,Portland SD 1J,1277,Jackson,swd,106,14.9
2024,2180,Portland SD 1J,1277,Jackson,historically_underserved,175,24.6
2024,2180,Portland SD 1J,1277,Jackson,hispanic,77,10.8
2024,2180,Portland SD 1J,1277,Jackson,black,45,6.3
2024,2180,Portland SD 1J,1277,Jackson,multi,44,6.2
2024,2180,Portland SD 1J,863,Kellogg,all,677,100
2024,2180,Portland SD 1J,863,Kellogg,combined_underserved,470,69.4
2024,2180,Portland SD 1J,863,Kellogg,direct_cert,304,44.9
2024,2180,Portland SD 1J,863,Kellogg,lep,116,17.1
2024,2180,Portland SD 1J,863,Kellogg,swd,127,18.8
2024,2180,Portland SD 1J,863,Kellogg,historically_underserved,309,45.6
2024,2180,Portland SD 1J,863,Kellogg,hispanic,229,33.8
2024,2180,Portland SD 1J,863,Kellogg,black,30,4.4
2024,2180,Portland SD 1J,863,Kellogg,multi,41,6.1
2024,2180,Portland SD 1J,1243,Lane,all,391,100
2024,2180,Portland SD 1J,1243,Lane,combined_underserved,316,80.8
2024,2180,Portland SD 1J,1243,Lane,direct_cert,235,60.1
2024,2180,Portland SD 1J,1243,Lane,lep,67,17.1
2024,2180,Portland SD 1J,1243,Lane,swd,97,24.8
2024,2180,Portland SD 1J,1243,Lane,historically_underserved,182,46.5
2024,2180,Portland SD 1J,1243,Lane,hispanic,102,26.1
2024,2180,Portland SD 1J,1243,Lane,black,38,9.7
2024,2180,Portland SD 1J,1243,Lane,multi,28,7.2
2024,2180,Portland SD 1J,877,Mt Tabor,all,503,100
2024,2180,Portland SD 1J,877,Mt Tabor,combined_underserved,165,32.8
2024,2180,Portland SD 1J,877,Mt Tabor,direct_cert,74,14.7
2024,2180,Portland SD 1J,877,Mt Tabor,lep,9,1.8
2024,2180,Portland SD 1J,877,Mt Tabor,swd,72,14.3
2024,2180,Portland SD 1J,877,Mt Tabor,historically_underserved,75,14.9
2024,2180,Portland SD 1J,877,Mt Tabor,hispanic,41,8.2
2024,2180,Portland SD 1J,877,Mt Tabor,black,9,1.8
2024,2180,Portland SD 1J,877,Mt Tabor,multi,24,4.8
2024,2180,Portland SD 1J,878,Ockley Green,all,428,100
2024,2180,Portland SD 1J,878,Ockley Green,combined_underserved,276,64.5
2024,2180,Portland SD 1J,878,Ockley Green,direct_cert,171,40
2024,2180,Portland SD 1J,878,Ockley Green,lep,31,7.2
2024,2180,Portland SD 1J,878,Ockley Green,swd,65,15.2
2024,2180,Portland SD 1J,878,Ockley Green,historically_underserved,211,49.3
2024,2180,Portland SD 1J,878,Ockley Green,hispanic,91,21.3
2024,2180,Portland SD 1J,878,Ockley Green,black,72,16.8
2024,2180,Portland SD 1J,878,Ockley Green,multi,42,9.8
2024,2180,Portland SD 1J,885,Roseway Heights,all,551,100
2024,2180,Portland SD 1J,885,Roseway Heights,combined_underserved,374,67.9
2024,2180,Portland SD 1J,885,Roseway Heights,direct_cert,268,48.6
2024,2180,Portland SD 1J,885,Roseway Heights,lep,99,18
2024,2180,Portland SD 1J,885,Roseway Heights,swd,99,18
2024,2180,Portland SD 1J,885,Roseway Heights,historically_underserved,244,44.3
2024,2180,Portland SD 1J,885,Roseway Heights,hispanic,131,23.8
2024,2180,Portland SD 1J,885,Roseway Heights,black,64,11.6
2024,2180,Portland SD 1J,885,Roseway Heights,multi,34,6.2
2024,2180,Portland SD 1J,888,Sellwood,all,567,100
2024,2180,Portland SD 1J,888,Sellwood,combined_underserved,183,32.3
2024,2180,Portland SD 1J,888,Sellwood,direct_cert,73,12.9
2024,2180,Portland SD 1J,888,Sellwood,lep,5,0.9
2024,2180,Portland SD 1J,888,Sellwood,swd,78,13.8
2024,2180,Portland SD 1J,888,Sellwood,historically_underserved,77,13.6
2024,2180,Portland SD 1J,888,Sellwood,hispanic,42,7.4
2024,2180,Portland SD 1J,888,Sellwood,black,8,1.4
2024,2180,Portland SD 1J,888,Sellwood,multi,26,4.6
2024,2180,Portland SD 1J,898,West Sylvan,all,722,100
2024,2180,Portland SD 1J,898,West Sylvan,combined_underserved,274,38
2024,2180,Portland SD 1J,898,West Sylvan,direct_cert,102,14.1
2024,2180,Portland SD 1J,898,West Sylvan,lep,22,3
2024,2180,Portland SD 1J,898,West Sylvan,swd,77,10.7
2024,2180,Portland SD 1J,898,West Sylvan,historically_underserved,166,23
2024,2180,Portland SD 1J,898,West Sylvan,hispanic,101,14
2024,2180,Portland SD 1J,898,West Sylvan,black,24,3.3
2024,2180,Portland SD 1J,898,West Sylvan,multi,38,5.3
2024,2180,Portland SD 1J,906,Benson,all,818,100
2024,2180,Portland SD 1J,906,Benson,combined_underserved,583,71.3
2024,2180,Portland SD 1J,906,Benson,direct_cert,315,38.5
2024,2180,Portland SD 1J,906,Benson,lep,47,5.7
2024,2180,Portland SD 1J,906,Benson,swd,197,24.1
2024,2180,Portland SD 1J,906,Benson,historically_underserved,393,48
2024,2180,Portland SD 1J,906,Benson,hispanic,223,27.3
2024,2180,Portland SD 1J,906,Benson,black,92,11.2
2024,2180,Portland SD 1J,906,Benson,multi,72,8.8
2024,2180,Portland SD 1J,909,Cleveland,all,1474,100
2024,2180,Portland SD 1J,909,Cleveland,combined_underserved,503,34.1
2024,2180,Portland SD 1J,909,Cleveland,direct_cert,259,17.6
2024,2180,Portland SD 1J,909,Cleveland,lep,37,2.5
2024,2180,Portland SD 1J,909,Cleveland,swd,184,12.5
2024,2180,Portland SD 1J,909,Cleveland,historically_underserved,232,15.7
2024,2180,Portland SD 1J,909,Cleveland,hispanic,124,8.4
2024,2180,Portland SD 1J,909,Cleveland,black,30,2
2024,2180,Portland SD 1J,909,Cleveland,multi,72,4.9
2024,2180,Portland SD 1J,911,Franklin,all,1811,100
2024,2180,Portland SD 1J,911,Franklin,combined_underserved,1000,55.2
2024,2180,Portland SD 1J,911,Franklin,direct_cert,617,34.1
2024,2180,Portland SD 1J,911,Franklin,lep,152,8.4
2024,2180,Portland SD 1J,911,Franklin,swd,260,14.4
2024,2180,Portland SD 1J,911,Franklin,historically_underserved,574,31.7
2024,2180,Portland SD 1J,911,Franklin,hispanic,356,19.7
2024,2180,Portland SD 1J,911,Franklin,black,85,4.7
2024,2180,Portland SD 1J,911,Franklin,multi,101,5.6
2024,2180,Portland SD 1J,912,Grant,all,2178,100
2024,2180,Portland SD 1J,912,Grant,combined_underserved,680,31.2
2024,2180,Portland SD 1J,912,Grant,direct_cert,286,13.1
2024,2180,Portland SD 1J,912,Grant,lep,25,1.1
2024,2180,Portland SD 1J,912,Grant,swd,211,9.7
2024,2180,Portland SD 1J,912,Grant,historically_underserved,439,20.2
2024,2180,Portland SD 1J,912,Grant,hispanic,175,8
2024,2180,Portland SD 1J,912,Grant,black,139,6.4
2024,2180,Portland SD 1J,912,Grant,multi,120,5.5
2024,2180,Portland SD 1J,922,Ida B. Wells-Barnett,all,1652,100
2024,2180,Portland SD 1J,922,Ida B. Wells-Barnett,combined_underserved,585,35.4
2024,2180,Portland SD 1J,922,Ida B. Wells-Barnett,direct_cert,287,17.4
2024,2180,Portland SD 1J,922,Ida B. Wells-Barnett,lep,40,2.4
2024,2180,Portland SD 1J,922,Ida B. Wells-Barnett,swd,197,11.9
2024,2180,Portland SD 1J,922,Ida B. Wells-Barnett,historically_underserved,331,20
2024,2180,Portland SD 1J,922,Ida B. Wells-Barnett,hispanic,164,9.9
2024,2180,Portland SD 1J,922,Ida B. Wells-Barnett,black,74,4.5
2024,2180,Portland SD 1J,922,Ida B. Wells-Barnett,multi,85,5.1
2024,2180,Portland SD 1J,913,Jefferson,all,525,100
2024,2180,Portland SD 1J,913,Jefferson,combined_underserved,450,85.7
2024,2180,Portland SD 1J,913,Jefferson,direct_cert,282,53.7
2024,2180,Portland SD 1J,913,Jefferson,lep,47,9
2024,2180,Portland SD 1J,913,Jefferson,swd,85,16.2
2024,2180,Portland SD 1J,913,Jefferson,historically_underserved,406,77.3
2024,2180,Portland SD 1J,913,Jefferson,hispanic,115,21.9
2024,2180,Portland SD 1J,913,Jefferson,black,229,43.6
2024,2180,Portland SD 1J,913,Jefferson,multi,58,11
2024,2180,Portland SD 1J,914,Lincoln,all,1579,100
2024,2180,Portland SD 1J,914,Lincoln,combined_underserved,480,30.4
2024,2180,Portland SD 1J,914,Lincoln,direct_cert,187,11.8
2024,2180,Portland SD 1J,914,Lincoln,lep,39,2.5
2024,2180,Portland SD 1J,914,Lincoln,swd,129,8.2
2024,2180,Portland SD 1J,914,Lincoln,historically_underserved,298,18.9
2024,2180,Portland SD 1J,914,Lincoln,hispanic,165,10.4
2024,2180,Portland SD 1J,914,Lincoln,black,54,3.4
2024,2180,Portland SD 1J,914,Lincoln,multi,77,4.9
2024,2180,Portland SD 1J,915,McDaniel,all,1650,100
2024,2180,Portland SD 1J,915,McDaniel,combined_underserved,1089,66
2024,2180,Portland SD 1J,915,McDaniel,direct_cert,684,41.5
2024,2180,Portland SD 1J,915,McDaniel,lep,276,16.7
2024,2180,Portland SD 1J,915,McDaniel,swd,234,14.2
2024,2180,Portland SD 1J,915,McDaniel,historically_underserved,789,47.8
2024,2180,Portland SD 1J,915,McDaniel,hispanic,423,25.6
2024,2180,Portland SD 1J,915,McDaniel,black,212,12.8
2024,2180,Portland SD 1J,915,McDaniel,multi,121,7.3
2024,2180,Portland SD 1J,918,Roosevelt,all,1457,100
2024,2180,Portland SD 1J,918,Roosevelt,combined_underserved,1075,73.8
2024,2180,Portland SD 1J,918,Roosevelt,direct_cert,690,47.4
2024,2180,Portland SD 1J,918,Roosevelt,lep,281,19.3
2024,2180,Portland SD 1J,918,Roosevelt,swd,235,16.1
2024,2180,Portland SD 1J,918,Roosevelt,historically_underserved,924,63.4
2024,2180,Portland SD 1J,918,Roosevelt,hispanic,576,39.5
2024,2180,Portland SD 1J,918,Roosevelt,black,184,12.6
2024,2180,Portland SD 1J,918,Roosevelt,multi,133,9.1
2024,2180,Portland SD 1J,NA,ACCESS,all,329,100
2024,2180,Portland SD 1J,NA,ACCESS,combined_underserved,103,31.3
2024,2180,Portland SD 1J,NA,ACCESS,direct_cert,27,8.2
2024,2180,Portland SD 1J,NA,ACCESS,lep,1,0.3
2024,2180,Portland SD 1J,NA,ACCESS,swd,56,17
2024,2180,Portland SD 1J,NA,ACCESS,historically_underserved,33,10
2024,2180,Portland SD 1J,NA,ACCESS,hispanic,15,4.6
2024,2180,Portland SD 1J,NA,ACCESS,black,1,0.3
2024,2180,Portland SD 1J,NA,ACCESS,multi,14,4.3
2024,2180,Portland SD 1J,4507,Alliance,all,193,100
2024,2180,Portland SD 1J,4507,Alliance,combined_underserved,151,78.2
2024,2180,Portland SD 1J,4507,Alliance,direct_cert,93,48.2
2024,2180,Portland SD 1J,4507,Alliance,lep,9,4.7
2024,2180,Portland SD 1J,4507,Alliance,swd,61,31.6
2024,2180,Portland SD 1J,4507,Alliance,historically_underserved,98,50.8
2024,2180,Portland SD 1J,4507,Alliance,hispanic,43,22.3
2024,2180,Portland SD 1J,4507,Alliance,black,26,13.5
2024,2180,Portland SD 1J,4507,Alliance,multi,22,11.4
2024,2180,Portland SD 1J,NA,Head Start Early Childhood Ed,all,494,100
2024,2180,Portland SD 1J,NA,Head Start Early Childhood Ed,combined_underserved,441,89.3
2024,2180,Portland SD 1J,NA,Head Start Early Childhood Ed,direct_cert,392,79.4
2024,2180,Portland SD 1J,NA,Head Start Early Childhood Ed,lep,NA,NA
2024,2180,Portland SD 1J,NA,Head Start Early Childhood Ed,swd,NA,NA
2024,2180,Portland SD 1J,NA,Head Start Early Childhood Ed,historically_underserved,330,66.8
2024,2180,Portland SD 1J,NA,Head Start Early Childhood Ed,hispanic,210,42.5
2024,2180,Portland SD 1J,NA,Head Start Early Childhood Ed,black,71,14.4
2024,2180,Portland SD 1J,NA,Head Start Early Childhood Ed,multi,38,7.7
2024,2180,Portland SD 1J,916,Metro. Learning Center,all,336,100
2024,2180,Portland SD 1J,916,Metro. Learning Center,combined_underserved,175,52.1
2024,2180,Portland SD 1J,916,Metro. Learning Center,direct_cert,72,21.4
2024,2180,Portland SD 1J,916,Metro. Learning Center,lep,1,0.3
2024,2180,Portland SD 1J,916,Metro. Learning Center,swd,94,28
2024,2180,Portland SD 1J,916,Metro. Learning Center,historically_underserved,72,21.4
2024,2180,Portland SD 1J,916,Metro. Learning Center,hispanic,36,10.7
2024,2180,Portland SD 1J,916,Metro. Learning Center,black,10,3
2024,2180,Portland SD 1J,916,Metro. Learning Center,multi,25,7.4
2024,2180,Portland SD 1J,1803,Mt Scott Learning Center,all,130,100
2024,2180,Portland SD 1J,1803,Mt Scott Learning Center,combined_underserved,90,69.2
2024,2180,Portland SD 1J,1803,Mt Scott Learning Center,direct_cert,45,34.6
2024,2180,Portland SD 1J,1803,Mt Scott Learning Center,lep,NA,NA
2024,2180,Portland SD 1J,1803,Mt Scott Learning Center,swd,43,33.1
2024,2180,Portland SD 1J,1803,Mt Scott Learning Center,historically_underserved,43,33.1
2024,2180,Portland SD 1J,1803,Mt Scott Learning Center,hispanic,24,18.5
2024,2180,Portland SD 1J,1803,Mt Scott Learning Center,black,8,6.2
2024,2180,Portland SD 1J,1803,Mt Scott Learning Center,multi,9,6.9
2024,2180,Portland SD 1J,4587,NAYA Many Nations Academy,all,50,100
2024,2180,Portland SD 1J,4587,NAYA Many Nations Academy,combined_underserved,50,100
2024,2180,Portland SD 1J,4587,NAYA Many Nations Academy,direct_cert,32,64
2024,2180,Portland SD 1J,4587,NAYA Many Nations Academy,lep,5,10
2024,2180,Portland SD 1J,4587,NAYA Many Nations Academy,swd,12,24
2024,2180,Portland SD 1J,4587,NAYA Many Nations Academy,historically_underserved,47,94
2024,2180,Portland SD 1J,4587,NAYA Many Nations Academy,hispanic,17,34
2024,2180,Portland SD 1J,4587,NAYA Many Nations Academy,black,3,6
2024,2180,Portland SD 1J,4587,NAYA Many Nations Academy,multi,9,18
2024,2180,Portland SD 1J,NA,PCC,all,319,100
2024,2180,Portland SD 1J,NA,PCC,combined_underserved,194,60.8
2024,2180,Portland SD 1J,NA,PCC,direct_cert,87,27.3
2024,2180,Portland SD 1J,NA,PCC,lep,47,14.7
2024,2180,Portland SD 1J,NA,PCC,swd,34,10.7
2024,2180,Portland SD 1J,NA,PCC,historically_underserved,133,41.7
2024,2180,Portland SD 1J,NA,PCC,hispanic,92,28.8
2024,2180,Portland SD 1J,NA,PCC,black,17,5.3
2024,2180,Portland SD 1J,NA,PCC,multi,20,6.3
2024,2180,Portland SD 1J,5877,Rosemary Anderson,all,247,100
2024,2180,Portland SD 1J,5877,Rosemary Anderson,combined_underserved,230,93.1
2024,2180,Portland SD 1J,5877,Rosemary Anderson,direct_cert,159,64.4
2024,2180,Portland SD 1J,5877,Rosemary Anderson,lep,24,9.7
2024,2180,Portland SD 1J,5877,Rosemary Anderson,swd,83,33.6
2024,2180,Portland SD 1J,5877,Rosemary Anderson,historically_underserved,193,78.1
2024,2180,Portland SD 1J,5877,Rosemary Anderson,hispanic,76,30.8
2024,2180,Portland SD 1J,5877,Rosemary Anderson,black,76,30.8
2024,2180,Portland SD 1J,5877,Rosemary Anderson,multi,36,14.6
2024,2180,Portland SD 1J,NA,Youth Builders,all,7,100
2024,2180,Portland SD 1J,NA,Youth Builders,combined_underserved,5,71.4
2024,2180,Portland SD 1J,NA,Youth Builders,direct_cert,2,28.6
2024,2180,Portland SD 1J,NA,Youth Builders,lep,1,14.3
2024,2180,Portland SD 1J,NA,Youth Builders,swd,3,42.9
2024,2180,Portland SD 1J,NA,Youth Builders,historically_underserved,3,42.9
2024,2180,Portland SD 1J,NA,Youth Builders,hispanic,1,14.3
2024,2180,Portland SD 1J,NA,Youth Builders,black,1,14.3
2024,2180,Portland SD 1J,NA,Youth Builders,multi,1,14.3
2024,2180,Portland SD 1J,NA,Youth Progress Association,all,6,100
2024,2180,Portland SD 1J,NA,Youth Progress Association,combined_underserved,4,66.7
2024,2180,Portland SD 1J,NA,Youth Progress Association,direct_cert,3,50
2024,2180,Portland SD 1J,NA,Youth Progress Association,lep,NA,NA
2024,2180,Portland SD 1J,NA,Youth Progress Association,swd,1,16.7
2024,2180,Portland SD 1J,NA,Youth Progress Association,historically_underserved,2,33.3
2024,2180,Portland SD 1J,NA,Youth Progress Association,hispanic,NA,NA
2024,2180,Portland SD 1J,NA,Youth Progress Association,black,1,16.7
2024,2180,Portland SD 1J,NA,Youth Progress Association,multi,1,16.7
2024,2180,Portland SD 1J,NA,CTC Northeast,all,61,100
2024,2180,Portland SD 1J,NA,CTC Northeast,combined_underserved,61,100
2024,2180,Portland SD 1J,NA,CTC Northeast,direct_cert,47,77
2024,2180,Portland SD 1J,NA,CTC Northeast,lep,8,13.1
2024,2180,Portland SD 1J,NA,CTC Northeast,swd,61,100
2024,2180,Portland SD 1J,NA,CTC Northeast,historically_underserved,30,49.2
2024,2180,Portland SD 1J,NA,CTC Northeast,hispanic,12,19.7
2024,2180,Portland SD 1J,NA,CTC Northeast,black,11,18
2024,2180,Portland SD 1J,NA,CTC Northeast,multi,7,11.5
2024,2180,Portland SD 1J,NA,CTC Southeast,all,81,100
2024,2180,Portland SD 1J,NA,CTC Southeast,combined_underserved,81,100
2024,2180,Portland SD 1J,NA,CTC Southeast,direct_cert,52,64.2
2024,2180,Portland SD 1J,NA,CTC Southeast,lep,4,4.9
2024,2180,Portland SD 1J,NA,CTC Southeast,swd,80,98.8
2024,2180,Portland SD 1J,NA,CTC Southeast,historically_underserved,26,32.1
2024,2180,Portland SD 1J,NA,CTC Southeast,hispanic,13,16
2024,2180,Portland SD 1J,NA,CTC Southeast,black,6,7.4
2024,2180,Portland SD 1J,NA,CTC Southeast,multi,4,4.9
2024,2180,Portland SD 1J,NA,DART Programs,all,80,100
2024,2180,Portland SD 1J,NA,DART Programs,combined_underserved,69,86.2
2024,2180,Portland SD 1J,NA,DART Programs,direct_cert,38,47.5
2024,2180,Portland SD 1J,NA,DART Programs,lep,1,1.2
2024,2180,Portland SD 1J,NA,DART Programs,swd,44,55
2024,2180,Portland SD 1J,NA,DART Programs,historically_underserved,29,36.2
2024,2180,Portland SD 1J,NA,DART Programs,hispanic,14,17.5
2024,2180,Portland SD 1J,NA,DART Programs,black,4,5
2024,2180,Portland SD 1J,NA,DART Programs,multi,9,11.2
2024,2180,Portland SD 1J,NA,PPS Pioneer Programs,all,83,100
2024,2180,Portland SD 1J,NA,PPS Pioneer Programs,combined_underserved,83,100
2024,2180,Portland SD 1J,NA,PPS Pioneer Programs,direct_cert,61,73.5
2024,2180,Portland SD 1J,NA,PPS Pioneer Programs,lep,3,3.6
2024,2180,Portland SD 1J,NA,PPS Pioneer Programs,swd,82,98.8
2024,2180,Portland SD 1J,NA,PPS Pioneer Programs,historically_underserved,32,38.6
2024,2180,Portland SD 1J,NA,PPS Pioneer Programs,hispanic,6,7.2
2024,2180,Portland SD 1J,NA,PPS Pioneer Programs,black,10,12
2024,2180,Portland SD 1J,NA,PPS Pioneer Programs,multi,15,18.1
2024,2180,Portland SD 1J,NA,Providence Hospital,all,9,100
2024,2180,Portland SD 1J,NA,Providence Hospital,combined_underserved,9,100
2024,2180,Portland SD 1J,NA,Providence Hospital,direct_cert,6,66.7
2024,2180,Portland SD 1J,NA,Providence Hospital,lep,NA,NA
2024,2180,Portland SD 1J,NA,Providence Hospital,swd,8,88.9
2024,2180,Portland SD 1J,NA,Providence Hospital,historically_underserved,1,11.1
2024,2180,Portland SD 1J,NA,Providence Hospital,hispanic,NA,NA
2024,2180,Portland SD 1J,NA,Providence Hospital,black,NA,NA
2024,2180,Portland SD 1J,NA,Providence Hospital,multi,1,11.1
2024,2180,Portland SD 1J,NA,Serendipity,all,11,100
2024,2180,Portland SD 1J,NA,Serendipity,combined_underserved,10,90.9
2024,2180,Portland SD 1J,NA,Serendipity,direct_cert,4,36.4
2024,2180,Portland SD 1J,NA,Serendipity,lep,1,9.1
2024,2180,Portland SD 1J,NA,Serendipity,swd,9,81.8
2024,2180,Portland SD 1J,NA,Serendipity,historically_underserved,4,36.4
2024,2180,Portland SD 1J,NA,Serendipity,hispanic,3,27.3
2024,2180,Portland SD 1J,NA,Serendipity,black,NA,NA
2024,2180,Portland SD 1J,NA,Serendipity,multi,1,9.1
2024,2180,Portland SD 1J,NA,Special Education Instruction,all,51,100
2024,2180,Portland SD 1J,NA,Special Education Instruction,combined_underserved,49,96.1
2024,2180,Portland SD 1J,NA,Special Education Instruction,direct_cert,6,11.8
2024,2180,Portland SD 1J,NA,Special Education Instruction,lep,2,3.9
2024,2180,Portland SD 1J,NA,Special Education Instruction,swd,48,94.1
2024,2180,Portland SD 1J,NA,Special Education Instruction,historically_underserved,11,21.6
2024,2180,Portland SD 1J,NA,Special Education Instruction,hispanic,7,13.7
2024,2180,Portland SD 1J,NA,Special Education Instruction,black,1,2
2024,2180,Portland SD 1J,NA,Special Education Instruction,multi,3,5.9
2024,2180,Portland SD 1J,NA,Arthur Academy,all,164,100
2024,2180,Portland SD 1J,NA,Arthur Academy,combined_underserved,105,64
2024,2180,Portland SD 1J,NA,Arthur Academy,direct_cert,65,39.6
2024,2180,Portland SD 1J,NA,Arthur Academy,lep,40,24.4
2024,2180,Portland SD 1J,NA,Arthur Academy,swd,17,10.4
2024,2180,Portland SD 1J,NA,Arthur Academy,historically_underserved,47,28.7
2024,2180,Portland SD 1J,NA,Arthur Academy,hispanic,16,9.8
2024,2180,Portland SD 1J,NA,Arthur Academy,black,23,14
2024,2180,Portland SD 1J,NA,Arthur Academy,multi,6,3.7
2024,2180,Portland SD 1J,3991,Emerson School,all,134,100
2024,2180,Portland SD 1J,3991,Emerson School,combined_underserved,66,49.3
2024,2180,Portland SD 1J,3991,Emerson School,direct_cert,32,23.9
2024,2180,Portland SD 1J,3991,Emerson School,lep,NA,NA
2024,2180,Portland SD 1J,3991,Emerson School,swd,25,18.7
2024,2180,Portland SD 1J,3991,Emerson School,historically_underserved,28,20.9
2024,2180,Portland SD 1J,3991,Emerson School,hispanic,12,9
2024,2180,Portland SD 1J,3991,Emerson School,black,4,3
2024,2180,Portland SD 1J,3991,Emerson School,multi,12,9
2024,2180,Portland SD 1J,5218,Kairos PDX,all,244,100
2024,2180,Portland SD 1J,5218,Kairos PDX,combined_underserved,212,86.9
2024,2180,Portland SD 1J,5218,Kairos PDX,direct_cert,93,38.1
2024,2180,Portland SD 1J,5218,Kairos PDX,lep,2,0.8
2024,2180,Portland SD 1J,5218,Kairos PDX,swd,25,10.2
2024,2180,Portland SD 1J,5218,Kairos PDX,historically_underserved,201,82.4
2024,2180,Portland SD 1J,5218,Kairos PDX,hispanic,25,10.2
2024,2180,Portland SD 1J,5218,Kairos PDX,black,133,54.5
2024,2180,Portland SD 1J,5218,Kairos PDX,multi,40,16.4
2024,2180,Portland SD 1J,5060,Le Monde,all,378,100
2024,2180,Portland SD 1J,5060,Le Monde,combined_underserved,111,29.4
2024,2180,Portland SD 1J,5060,Le Monde,direct_cert,39,10.3
2024,2180,Portland SD 1J,5060,Le Monde,lep,9,2.4
2024,2180,Portland SD 1J,5060,Le Monde,swd,40,10.6
2024,2180,Portland SD 1J,5060,Le Monde,historically_underserved,51,13.5
2024,2180,Portland SD 1J,5060,Le Monde,hispanic,15,4
2024,2180,Portland SD 1J,5060,Le Monde,black,13,3.4
2024,2180,Portland SD 1J,5060,Le Monde,multi,22,5.8
2024,2180,Portland SD 1J,4534,Portland Village School,all,411,100
2024,2180,Portland SD 1J,4534,Portland Village School,combined_underserved,210,51.1
2024,2180,Portland SD 1J,4534,Portland Village School,direct_cert,120,29.2
2024,2180,Portland SD 1J,4534,Portland Village School,lep,10,2.4
2024,2180,Portland SD 1J,4534,Portland Village School,swd,64,15.6
2024,2180,Portland SD 1J,4534,Portland Village School,historically_underserved,90,21.9
2024,2180,Portland SD 1J,4534,Portland Village School,hispanic,61,14.8
2024,2180,Portland SD 1J,4534,Portland Village School,black,11,2.7
2024,2180,Portland SD 1J,4534,Portland Village School,multi,16,3.9
2026,2180,Portland SD 1J,822,Abernethy,all,269,100
2026,2180,Portland SD 1J,822,Abernethy,combined_underserved,89,33.1
2026,2180,Portland SD 1J,822,Abernethy,direct_cert,30,11.2
2026,2180,Portland SD 1J,822,Abernethy,lep,4,1.5
2026,2180,Portland SD 1J,822,Abernethy,swd,39,14.5
2026,2180,Portland SD 1J,822,Abernethy,historically_underserved,40,14.9
2026,2180,Portland SD 1J,822,Abernethy,hispanic,25,9.3
2026,2180,Portland SD 1J,822,Abernethy,black,3,1.1
2026,2180,Portland SD 1J,822,Abernethy,multi,11,4.1
2026,2180,Portland SD 1J,823,Ainsworth,all,560,100
2026,2180,Portland SD 1J,823,Ainsworth,combined_underserved,279,49.8
2026,2180,Portland SD 1J,823,Ainsworth,direct_cert,72,12.9
2026,2180,Portland SD 1J,823,Ainsworth,lep,59,10.5
2026,2180,Portland SD 1J,823,Ainsworth,swd,50,8.9
2026,2180,Portland SD 1J,823,Ainsworth,historically_underserved,202,36.1
2026,2180,Portland SD 1J,823,Ainsworth,hispanic,152,27.1
2026,2180,Portland SD 1J,823,Ainsworth,black,15,2.7
2026,2180,Portland SD 1J,823,Ainsworth,multi,33,5.9
2026,2180,Portland SD 1J,824,Alameda,all,513,100
2026,2180,Portland SD 1J,824,Alameda,combined_underserved,169,32.9
2026,2180,Portland SD 1J,824,Alameda,direct_cert,31,6
2026,2180,Portland SD 1J,824,Alameda,lep,6,1.2
2026,2180,Portland SD 1J,824,Alameda,swd,97,18.9
2026,2180,Portland SD 1J,824,Alameda,historically_underserved,71,13.8
2026,2180,Portland SD 1J,824,Alameda,hispanic,43,8.4
2026,2180,Portland SD 1J,824,Alameda,black,6,1.2
2026,2180,Portland SD 1J,824,Alameda,multi,20,3.9
2026,2180,Portland SD 1J,826,Arleta,all,230,100
2026,2180,Portland SD 1J,826,Arleta,combined_underserved,130,56.5
2026,2180,Portland SD 1J,826,Arleta,direct_cert,57,24.8
2026,2180,Portland SD 1J,826,Arleta,lep,9,3.9
2026,2180,Portland SD 1J,826,Arleta,swd,58,25.2
2026,2180,Portland SD 1J,826,Arleta,historically_underserved,68,29.6
2026,2180,Portland SD 1J,826,Arleta,hispanic,34,14.8
2026,2180,Portland SD 1J,826,Arleta,black,5,2.2
2026,2180,Portland SD 1J,826,Arleta,multi,27,11.7
2026,2180,Portland SD 1J,827,Astor,all,400,100
2026,2180,Portland SD 1J,827,Astor,combined_underserved,226,56.5
2026,2180,Portland SD 1J,827,Astor,direct_cert,119,29.8
2026,2180,Portland SD 1J,827,Astor,lep,11,2.8
2026,2180,Portland SD 1J,827,Astor,swd,97,24.2
2026,2180,Portland SD 1J,827,Astor,historically_underserved,146,36.5
2026,2180,Portland SD 1J,827,Astor,hispanic,60,15
2026,2180,Portland SD 1J,827,Astor,black,28,7
2026,2180,Portland SD 1J,827,Astor,multi,45,11.2
2026,2180,Portland SD 1J,828,Atkinson,all,366,100
2026,2180,Portland SD 1J,828,Atkinson,combined_underserved,218,59.6
2026,2180,Portland SD 1J,828,Atkinson,direct_cert,118,32.2
2026,2180,Portland SD 1J,828,Atkinson,lep,78,21.3
2026,2180,Portland SD 1J,828,Atkinson,swd,73,19.9
2026,2180,Portland SD 1J,828,Atkinson,historically_underserved,161,44
2026,2180,Portland SD 1J,828,Atkinson,hispanic,139,38
2026,2180,Portland SD 1J,828,Atkinson,black,4,1.1
2026,2180,Portland SD 1J,828,Atkinson,multi,16,4.4
2026,2180,Portland SD 1J,830,Beach,all,288,100
2026,2180,Portland SD 1J,830,Beach,combined_underserved,190,66
2026,2180,Portland SD 1J,830,Beach,direct_cert,100,34.7
2026,2180,Portland SD 1J,830,Beach,lep,36,12.5
2026,2180,Portland SD 1J,830,Beach,swd,41,14.2
2026,2180,Portland SD 1J,830,Beach,historically_underserved,139,48.3
2026,2180,Portland SD 1J,830,Beach,hispanic,87,30.2
2026,2180,Portland SD 1J,830,Beach,black,32,11.1
2026,2180,Portland SD 1J,830,Beach,multi,20,6.9
2026,2180,Portland SD 1J,857,Beverly Cleary,all,480,100
2026,2180,Portland SD 1J,857,Beverly Cleary,combined_underserved,157,32.7
2026,2180,Portland SD 1J,857,Beverly Cleary,direct_cert,54,11.2
2026,2180,Portland SD 1J,857,Beverly Cleary,lep,18,3.8
2026,2180,Portland SD 1J,857,Beverly Cleary,swd,67,14
2026,2180,Portland SD 1J,857,Beverly Cleary,historically_underserved,76,15.8
2026,2180,Portland SD 1J,857,Beverly Cleary,hispanic,35,7.3
2026,2180,Portland SD 1J,857,Beverly Cleary,black,11,2.3
2026,2180,Portland SD 1J,857,Beverly Cleary,multi,30,6.2
2026,2180,Portland SD 1J,833,Boise-Eliot/Humboldt,all,294,100
2026,2180,Portland SD 1J,833,Boise-Eliot/Humboldt,combined_underserved,255,86.7
2026,2180,Portland SD 1J,833,Boise-Eliot/Humboldt,direct_cert,184,62.6
2026,2180,Portland SD 1J,833,Boise-Eliot/Humboldt,lep,23,7.8
2026,2180,Portland SD 1J,833,Boise-Eliot/Humboldt,swd,83,28.2
2026,2180,Portland SD 1J,833,Boise-Eliot/Humboldt,historically_underserved,218,74.1
2026,2180,Portland SD 1J,833,Boise-Eliot/Humboldt,hispanic,59,20.1
2026,2180,Portland SD 1J,833,Boise-Eliot/Humboldt,black,121,41.2
2026,2180,Portland SD 1J,833,Boise-Eliot/Humboldt,multi,36,12.2
2026,2180,Portland SD 1J,834,Bridger Creative Science,all,446,100
2026,2180,Portland SD 1J,834,Bridger Creative Science,combined_underserved,227,50.9
2026,2180,Portland SD 1J,834,Bridger Creative Science,direct_cert,121,27.1
2026,2180,Portland SD 1J,834,Bridger Creative Science,lep,19,4.3
2026,2180,Portland SD 1J,834,Bridger Creative Science,swd,97,21.7
2026,2180,Portland SD 1J,834,Bridger Creative Science,historically_underserved,93,20.9
2026,2180,Portland SD 1J,834,Bridger Creative Science,hispanic,42,9.4
2026,2180,Portland SD 1J,834,Bridger Creative Science,black,15,3.4
2026,2180,Portland SD 1J,834,Bridger Creative Science,multi,29,6.5
2026,2180,Portland SD 1J,835,Bridlemile,all,423,100
2026,2180,Portland SD 1J,835,Bridlemile,combined_underserved,167,39.5
2026,2180,Portland SD 1J,835,Bridlemile,direct_cert,57,13.5
2026,2180,Portland SD 1J,835,Bridlemile,lep,9,2.1
2026,2180,Portland SD 1J,835,Bridlemile,swd,92,21.7
2026,2180,Portland SD 1J,835,Bridlemile,historically_underserved,71,16.8
2026,2180,Portland SD 1J,835,Bridlemile,hispanic,40,9.5
2026,2180,Portland SD 1J,835,Bridlemile,black,14,3.3
2026,2180,Portland SD 1J,835,Bridlemile,multi,15,3.5
2026,2180,Portland SD 1J,837,Buckman,all,283,100
2026,2180,Portland SD 1J,837,Buckman,combined_underserved,171,60.4
2026,2180,Portland SD 1J,837,Buckman,direct_cert,103,36.4
2026,2180,Portland SD 1J,837,Buckman,lep,20,7.1
2026,2180,Portland SD 1J,837,Buckman,swd,73,25.8
2026,2180,Portland SD 1J,837,Buckman,historically_underserved,84,29.7
2026,2180,Portland SD 1J,837,Buckman,hispanic,38,13.4
2026,2180,Portland SD 1J,837,Buckman,black,13,4.6
2026,2180,Portland SD 1J,837,Buckman,multi,28,9.9
2026,2180,Portland SD 1J,838,Capitol Hill,all,325,100
2026,2180,Portland SD 1J,838,Capitol Hill,combined_underserved,128,39.4
2026,2180,Portland SD 1J,838,Capitol Hill,direct_cert,61,18.8
2026,2180,Portland SD 1J,838,Capitol Hill,lep,NA,NA
2026,2180,Portland SD 1J,838,Capitol Hill,swd,44,13.5
2026,2180,Portland SD 1J,838,Capitol Hill,historically_underserved,76,23.4
2026,2180,Portland SD 1J,838,Capitol Hill,hispanic,39,12
2026,2180,Portland SD 1J,838,Capitol Hill,black,8,2.5
2026,2180,Portland SD 1J,838,Capitol Hill,multi,29,8.9
2026,2180,Portland SD 1J,841,César Chávez,all,443,100
2026,2180,Portland SD 1J,841,César Chávez,combined_underserved,395,89.2
2026,2180,Portland SD 1J,841,César Chávez,direct_cert,291,65.7
2026,2180,Portland SD 1J,841,César Chávez,lep,158,35.7
2026,2180,Portland SD 1J,841,César Chávez,swd,93,21
2026,2180,Portland SD 1J,841,César Chávez,historically_underserved,361,81.5
2026,2180,Portland SD 1J,841,César Chávez,hispanic,284,64.1
2026,2180,Portland SD 1J,841,César Chávez,black,52,11.7
2026,2180,Portland SD 1J,841,César Chávez,multi,19,4.3
2026,2180,Portland SD 1J,839,Chapman,all,330,100
2026,2180,Portland SD 1J,839,Chapman,combined_underserved,233,70.6
2026,2180,Portland SD 1J,839,Chapman,direct_cert,173,52.4
2026,2180,Portland SD 1J,839,Chapman,lep,29,8.8
2026,2180,Portland SD 1J,839,Chapman,swd,59,17.9
2026,2180,Portland SD 1J,839,Chapman,historically_underserved,136,41.2
2026,2180,Portland SD 1J,839,Chapman,hispanic,59,17.9
2026,2180,Portland SD 1J,839,Chapman,black,31,9.4
2026,2180,Portland SD 1J,839,Chapman,multi,36,10.9
2026,2180,Portland SD 1J,840,Chief Joseph,all,242,100
2026,2180,Portland SD 1J,840,Chief Joseph,combined_underserved,95,39.3
2026,2180,Portland SD 1J,840,Chief Joseph,direct_cert,54,22.3
2026,2180,Portland SD 1J,840,Chief Joseph,lep,8,3.3
2026,2180,Portland SD 1J,840,Chief Joseph,swd,35,14.5
2026,2180,Portland SD 1J,840,Chief Joseph,historically_underserved,58,24
2026,2180,Portland SD 1J,840,Chief Joseph,hispanic,30,12.4
2026,2180,Portland SD 1J,840,Chief Joseph,black,13,5.4
2026,2180,Portland SD 1J,840,Chief Joseph,multi,12,5
2026,2180,Portland SD 1J,5817,Clark,all,364,100
2026,2180,Portland SD 1J,5817,Clark,combined_underserved,319,87.6
2026,2180,Portland SD 1J,5817,Clark,direct_cert,247,67.9
2026,2180,Portland SD 1J,5817,Clark,lep,155,42.6
2026,2180,Portland SD 1J,5817,Clark,swd,50,13.7
2026,2180,Portland SD 1J,5817,Clark,historically_underserved,189,51.9
2026,2180,Portland SD 1J,5817,Clark,hispanic,58,15.9
2026,2180,Portland SD 1J,5817,Clark,black,63,17.3
2026,2180,Portland SD 1J,5817,Clark,multi,34,9.3
2026,2180,Portland SD 1J,843,Creston,all,213,100
2026,2180,Portland SD 1J,843,Creston,combined_underserved,115,54
2026,2180,Portland SD 1J,843,Creston,direct_cert,51,23.9
2026,2180,Portland SD 1J,843,Creston,lep,29,13.6
2026,2180,Portland SD 1J,843,Creston,swd,66,31
2026,2180,Portland SD 1J,843,Creston,historically_underserved,47,22.1
2026,2180,Portland SD 1J,843,Creston,hispanic,32,15
2026,2180,Portland SD 1J,843,Creston,black,5,2.3
2026,2180,Portland SD 1J,843,Creston,multi,8,3.8
2026,2180,Portland SD 1J,844,Duniway,all,362,100
2026,2180,Portland SD 1J,844,Duniway,combined_underserved,105,29
2026,2180,Portland SD 1J,844,Duniway,direct_cert,30,8.3
2026,2180,Portland SD 1J,844,Duniway,lep,5,1.4
2026,2180,Portland SD 1J,844,Duniway,swd,60,16.6
2026,2180,Portland SD 1J,844,Duniway,historically_underserved,42,11.6
2026,2180,Portland SD 1J,844,Duniway,hispanic,20,5.5
2026,2180,Portland SD 1J,844,Duniway,black,NA,NA
2026,2180,Portland SD 1J,844,Duniway,multi,18,5
2026,2180,Portland SD 1J,847,Faubion,all,600,100
2026,2180,Portland SD 1J,847,Faubion,combined_underserved,496,82.7
2026,2180,Portland SD 1J,847,Faubion,direct_cert,338,56.3
2026,2180,Portland SD 1J,847,Faubion,lep,110,18.3
2026,2180,Portland SD 1J,847,Faubion,swd,113,18.8
2026,2180,Portland SD 1J,847,Faubion,historically_underserved,422,70.3
2026,2180,Portland SD 1J,847,Faubion,hispanic,176,29.3
2026,2180,Portland SD 1J,847,Faubion,black,136,22.7
2026,2180,Portland SD 1J,847,Faubion,multi,82,13.7
2026,2180,Portland SD 1J,2413,Forest Park,all,264,100
2026,2180,Portland SD 1J,2413,Forest Park,combined_underserved,78,29.5
2026,2180,Portland SD 1J,2413,Forest Park,direct_cert,17,6.4
2026,2180,Portland SD 1J,2413,Forest Park,lep,3,1.1
2026,2180,Portland SD 1J,2413,Forest Park,swd,27,10.2
2026,2180,Portland SD 1J,2413,Forest Park,historically_underserved,44,16.7
2026,2180,Portland SD 1J,2413,Forest Park,hispanic,21,8
2026,2180,Portland SD 1J,2413,Forest Park,black,9,3.4
2026,2180,Portland SD 1J,2413,Forest Park,multi,12,4.5
2026,2180,Portland SD 1J,850,Glencoe,all,339,100
2026,2180,Portland SD 1J,850,Glencoe,combined_underserved,140,41.3
2026,2180,Portland SD 1J,850,Glencoe,direct_cert,59,17.4
2026,2180,Portland SD 1J,850,Glencoe,lep,11,3.2
2026,2180,Portland SD 1J,850,Glencoe,swd,56,16.5
2026,2180,Portland SD 1J,850,Glencoe,historically_underserved,67,19.8
2026,2180,Portland SD 1J,850,Glencoe,hispanic,37,10.9
2026,2180,Portland SD 1J,850,Glencoe,black,17,5
2026,2180,Portland SD 1J,850,Glencoe,multi,13,3.8
2026,2180,Portland SD 1J,854,Grout,all,327,100
2026,2180,Portland SD 1J,854,Grout,combined_underserved,233,71.3
2026,2180,Portland SD 1J,854,Grout,direct_cert,167,51.1
2026,2180,Portland SD 1J,854,Grout,lep,79,24.2
2026,2180,Portland SD 1J,854,Grout,swd,76,23.2
2026,2180,Portland SD 1J,854,Grout,historically_underserved,120,36.7
2026,2180,Portland SD 1J,854,Grout,hispanic,56,17.1
2026,2180,Portland SD 1J,854,Grout,black,19,5.8
2026,2180,Portland SD 1J,854,Grout,multi,34,10.4
2026,2180,Portland SD 1J,855,Hayhurst,all,290,100
2026,2180,Portland SD 1J,855,Hayhurst,combined_underserved,154,53.1
2026,2180,Portland SD 1J,855,Hayhurst,direct_cert,76,26.2
2026,2180,Portland SD 1J,855,Hayhurst,lep,25,8.6
2026,2180,Portland SD 1J,855,Hayhurst,swd,72,24.8
2026,2180,Portland SD 1J,855,Hayhurst,historically_underserved,83,28.6
2026,2180,Portland SD 1J,855,Hayhurst,hispanic,37,12.8
2026,2180,Portland SD 1J,855,Hayhurst,black,17,5.9
2026,2180,Portland SD 1J,855,Hayhurst,multi,25,8.6
2026,2180,Portland SD 1J,861,Irvington,all,259,100
2026,2180,Portland SD 1J,861,Irvington,combined_underserved,126,48.6
2026,2180,Portland SD 1J,861,Irvington,direct_cert,54,20.8
2026,2180,Portland SD 1J,861,Irvington,lep,12,4.6
2026,2180,Portland SD 1J,861,Irvington,swd,58,22.4
2026,2180,Portland SD 1J,861,Irvington,historically_underserved,83,32
2026,2180,Portland SD 1J,861,Irvington,hispanic,33,12.7
2026,2180,Portland SD 1J,861,Irvington,black,23,8.9
2026,2180,Portland SD 1J,861,Irvington,multi,26,10
2026,2180,Portland SD 1J,862,James John,all,365,100
2026,2180,Portland SD 1J,862,James John,combined_underserved,283,77.5
2026,2180,Portland SD 1J,862,James John,direct_cert,199,54.5
2026,2180,Portland SD 1J,862,James John,lep,97,26.6
2026,2180,Portland SD 1J,862,James John,swd,70,19.2
2026,2180,Portland SD 1J,862,James John,historically_underserved,233,63.8
2026,2180,Portland SD 1J,862,James John,hispanic,174,47.7
2026,2180,Portland SD 1J,862,James John,black,28,7.7
2026,2180,Portland SD 1J,862,James John,multi,27,7.4
2026,2180,Portland SD 1J,864,Kelly,all,411,100
2026,2180,Portland SD 1J,864,Kelly,combined_underserved,367,89.3
2026,2180,Portland SD 1J,864,Kelly,direct_cert,278,67.6
2026,2180,Portland SD 1J,864,Kelly,lep,191,46.5
2026,2180,Portland SD 1J,864,Kelly,swd,56,13.6
2026,2180,Portland SD 1J,864,Kelly,historically_underserved,174,42.3
2026,2180,Portland SD 1J,864,Kelly,hispanic,94,22.9
2026,2180,Portland SD 1J,864,Kelly,black,45,10.9
2026,2180,Portland SD 1J,864,Kelly,multi,26,6.3
2026,2180,Portland SD 1J,868,Laurelhurst,all,610,100
2026,2180,Portland SD 1J,868,Laurelhurst,combined_underserved,195,32
2026,2180,Portland SD 1J,868,Laurelhurst,direct_cert,76,12.5
2026,2180,Portland SD 1J,868,Laurelhurst,lep,10,1.6
2026,2180,Portland SD 1J,868,Laurelhurst,swd,92,15.1
2026,2180,Portland SD 1J,868,Laurelhurst,historically_underserved,95,15.6
2026,2180,Portland SD 1J,868,Laurelhurst,hispanic,40,6.6
2026,2180,Portland SD 1J,868,Laurelhurst,black,13,2.1
2026,2180,Portland SD 1J,868,Laurelhurst,multi,39,6.4
2026,2180,Portland SD 1J,869,Lee,all,251,100
2026,2180,Portland SD 1J,869,Lee,combined_underserved,184,73.3
2026,2180,Portland SD 1J,869,Lee,direct_cert,114,45.4
2026,2180,Portland SD 1J,869,Lee,lep,27,10.8
2026,2180,Portland SD 1J,869,Lee,swd,85,33.9
2026,2180,Portland SD 1J,869,Lee,historically_underserved,111,44.2
2026,2180,Portland SD 1J,869,Lee,hispanic,47,18.7
2026,2180,Portland SD 1J,869,Lee,black,34,13.5
2026,2180,Portland SD 1J,869,Lee,multi,19,7.6
2026,2180,Portland SD 1J,870,Lent,all,256,100
2026,2180,Portland SD 1J,870,Lent,combined_underserved,204,79.7
2026,2180,Portland SD 1J,870,Lent,direct_cert,120,46.9
2026,2180,Portland SD 1J,870,Lent,lep,106,41.4
2026,2180,Portland SD 1J,870,Lent,swd,53,20.7
2026,2180,Portland SD 1J,870,Lent,historically_underserved,184,71.9
2026,2180,Portland SD 1J,870,Lent,hispanic,175,68.4
2026,2180,Portland SD 1J,870,Lent,black,4,1.6
2026,2180,Portland SD 1J,870,Lent,multi,5,2
2026,2180,Portland SD 1J,871,Lewis,all,259,100
2026,2180,Portland SD 1J,871,Lewis,combined_underserved,117,45.2
2026,2180,Portland SD 1J,871,Lewis,direct_cert,57,22
2026,2180,Portland SD 1J,871,Lewis,lep,5,1.9
2026,2180,Portland SD 1J,871,Lewis,swd,60,23.2
2026,2180,Portland SD 1J,871,Lewis,historically_underserved,56,21.6
2026,2180,Portland SD 1J,871,Lewis,hispanic,32,12.4
2026,2180,Portland SD 1J,871,Lewis,black,4,1.5
2026,2180,Portland SD 1J,871,Lewis,multi,20,7.7
2026,2180,Portland SD 1J,872,Llewellyn,all,345,100
2026,2180,Portland SD 1J,872,Llewellyn,combined_underserved,142,41.2
2026,2180,Portland SD 1J,872,Llewellyn,direct_cert,46,13.3
2026,2180,Portland SD 1J,872,Llewellyn,lep,5,1.4
2026,2180,Portland SD 1J,872,Llewellyn,swd,87,25.2
2026,2180,Portland SD 1J,872,Llewellyn,historically_underserved,52,15.1
2026,2180,Portland SD 1J,872,Llewellyn,hispanic,34,9.9
2026,2180,Portland SD 1J,872,Llewellyn,black,6,1.7
2026,2180,Portland SD 1J,872,Llewellyn,multi,10,2.9
2026,2180,Portland SD 1J,873,Maplewood,all,287,100
2026,2180,Portland SD 1J,873,Maplewood,combined_underserved,117,40.8
2026,2180,Portland SD 1J,873,Maplewood,direct_cert,56,19.5
2026,2180,Portland SD 1J,873,Maplewood,lep,11,3.8
2026,2180,Portland SD 1J,873,Maplewood,swd,46,16
2026,2180,Portland SD 1J,873,Maplewood,historically_underserved,60,20.9
2026,2180,Portland SD 1J,873,Maplewood,hispanic,32,11.1
2026,2180,Portland SD 1J,873,Maplewood,black,5,1.7
2026,2180,Portland SD 1J,873,Maplewood,multi,21,7.3
2026,2180,Portland SD 1J,1278,Markham,all,339,100
2026,2180,Portland SD 1J,1278,Markham,combined_underserved,208,61.4
2026,2180,Portland SD 1J,1278,Markham,direct_cert,130,38.3
2026,2180,Portland SD 1J,1278,Markham,lep,52,15.3
2026,2180,Portland SD 1J,1278,Markham,swd,47,13.9
2026,2180,Portland SD 1J,1278,Markham,historically_underserved,136,40.1
2026,2180,Portland SD 1J,1278,Markham,hispanic,50,14.7
2026,2180,Portland SD 1J,1278,Markham,black,58,17.1
2026,2180,Portland SD 1J,1278,Markham,multi,19,5.6
2026,2180,Portland SD 1J,875,Marysville,all,307,100
2026,2180,Portland SD 1J,875,Marysville,combined_underserved,238,77.5
2026,2180,Portland SD 1J,875,Marysville,direct_cert,179,58.3
2026,2180,Portland SD 1J,875,Marysville,lep,43,14
2026,2180,Portland SD 1J,875,Marysville,swd,68,22.1
2026,2180,Portland SD 1J,875,Marysville,historically_underserved,155,50.5
2026,2180,Portland SD 1J,875,Marysville,hispanic,64,20.8
2026,2180,Portland SD 1J,875,Marysville,black,37,12.1
2026,2180,Portland SD 1J,875,Marysville,multi,33,10.7
2026,2180,Portland SD 1J,866,MLK Jr,all,319,100
2026,2180,Portland SD 1J,866,MLK Jr,combined_underserved,234,73.4
2026,2180,Portland SD 1J,866,MLK Jr,direct_cert,163,51.1
2026,2180,Portland SD 1J,866,MLK Jr,lep,34,10.7
2026,2180,Portland SD 1J,866,MLK Jr,swd,60,18.8
2026,2180,Portland SD 1J,866,MLK Jr,historically_underserved,201,63
2026,2180,Portland SD 1J,866,MLK Jr,hispanic,62,19.4
2026,2180,Portland SD 1J,866,MLK Jr,black,100,31.3
2026,2180,Portland SD 1J,866,MLK Jr,multi,37,11.6
2026,2180,Portland SD 1J,NA,Odyssey,all,217,100
2026,2180,Portland SD 1J,NA,Odyssey,combined_underserved,70,32.3
2026,2180,Portland SD 1J,NA,Odyssey,direct_cert,17,7.8
2026,2180,Portland SD 1J,NA,Odyssey,lep,3,1.4
2026,2180,Portland SD 1J,NA,Odyssey,swd,39,18
2026,2180,Portland SD 1J,NA,Odyssey,historically_underserved,27,12.4
2026,2180,Portland SD 1J,NA,Odyssey,hispanic,13,6
2026,2180,Portland SD 1J,NA,Odyssey,black,3,1.4
2026,2180,Portland SD 1J,NA,Odyssey,multi,10,4.6
2026,2180,Portland SD 1J,879,Peninsula,all,239,100
2026,2180,Portland SD 1J,879,Peninsula,combined_underserved,156,65.3
2026,2180,Portland SD 1J,879,Peninsula,direct_cert,91,38.1
2026,2180,Portland SD 1J,879,Peninsula,lep,14,5.9
2026,2180,Portland SD 1J,879,Peninsula,swd,72,30.1
2026,2180,Portland SD 1J,879,Peninsula,historically_underserved,115,48.1
2026,2180,Portland SD 1J,879,Peninsula,hispanic,47,19.7
2026,2180,Portland SD 1J,879,Peninsula,black,32,13.4
2026,2180,Portland SD 1J,879,Peninsula,multi,31,13
2026,2180,Portland SD 1J,883,Richmond,all,512,100
2026,2180,Portland SD 1J,883,Richmond,combined_underserved,143,27.9
2026,2180,Portland SD 1J,883,Richmond,direct_cert,34,6.6
2026,2180,Portland SD 1J,883,Richmond,lep,36,7
2026,2180,Portland SD 1J,883,Richmond,swd,56,10.9
2026,2180,Portland SD 1J,883,Richmond,historically_underserved,53,10.4
2026,2180,Portland SD 1J,883,Richmond,hispanic,35,6.8
2026,2180,Portland SD 1J,883,Richmond,black,5,1
2026,2180,Portland SD 1J,883,Richmond,multi,13,2.5
2026,2180,Portland SD 1J,1299,Rieke,all,264,100
2026,2180,Portland SD 1J,1299,Rieke,combined_underserved,96,36.4
2026,2180,Portland SD 1J,1299,Rieke,direct_cert,40,15.2
2026,2180,Portland SD 1J,1299,Rieke,lep,6,2.3
2026,2180,Portland SD 1J,1299,Rieke,swd,37,14
2026,2180,Portland SD 1J,1299,Rieke,historically_underserved,50,18.9
2026,2180,Portland SD 1J,1299,Rieke,hispanic,23,8.7
2026,2180,Portland SD 1J,1299,Rieke,black,8,3
2026,2180,Portland SD 1J,1299,Rieke,multi,17,6.4
2026,2180,Portland SD 1J,884,Rigler,all,289,100
2026,2180,Portland SD 1J,884,Rigler,combined_underserved,219,75.8
2026,2180,Portland SD 1J,884,Rigler,direct_cert,156,54
2026,2180,Portland SD 1J,884,Rigler,lep,144,49.8
2026,2180,Portland SD 1J,884,Rigler,swd,43,14.9
2026,2180,Portland SD 1J,884,Rigler,historically_underserved,193,66.8
2026,2180,Portland SD 1J,884,Rigler,hispanic,178,61.6
2026,2180,Portland SD 1J,884,Rigler,black,9,3.1
2026,2180,Portland SD 1J,884,Rigler,multi,6,2.1
2026,2180,Portland SD 1J,829,Rosa Parks,all,160,100
2026,2180,Portland SD 1J,829,Rosa Parks,combined_underserved,154,96.2
2026,2180,Portland SD 1J,829,Rosa Parks,direct_cert,127,79.4
2026,2180,Portland SD 1J,829,Rosa Parks,lep,57,35.6
2026,2180,Portland SD 1J,829,Rosa Parks,swd,46,28.7
2026,2180,Portland SD 1J,829,Rosa Parks,historically_underserved,131,81.9
2026,2180,Portland SD 1J,829,Rosa Parks,hispanic,57,35.6
2026,2180,Portland SD 1J,829,Rosa Parks,black,57,35.6
2026,2180,Portland SD 1J,829,Rosa Parks,multi,15,9.4
2026,2180,Portland SD 1J,5427,Rose City Park,all,417,100
2026,2180,Portland SD 1J,5427,Rose City Park,combined_underserved,226,54.2
2026,2180,Portland SD 1J,5427,Rose City Park,direct_cert,137,32.9
2026,2180,Portland SD 1J,5427,Rose City Park,lep,90,21.6
2026,2180,Portland SD 1J,5427,Rose City Park,swd,56,13.4
2026,2180,Portland SD 1J,5427,Rose City Park,historically_underserved,70,16.8
2026,2180,Portland SD 1J,5427,Rose City Park,hispanic,33,7.9
2026,2180,Portland SD 1J,5427,Rose City Park,black,9,2.2
2026,2180,Portland SD 1J,5427,Rose City Park,multi,21,5
2026,2180,Portland SD 1J,886,Sabin,all,269,100
2026,2180,Portland SD 1J,886,Sabin,combined_underserved,138,51.3
2026,2180,Portland SD 1J,886,Sabin,direct_cert,76,28.3
2026,2180,Portland SD 1J,886,Sabin,lep,12,4.5
2026,2180,Portland SD 1J,886,Sabin,swd,61,22.7
2026,2180,Portland SD 1J,886,Sabin,historically_underserved,82,30.5
2026,2180,Portland SD 1J,886,Sabin,hispanic,25,9.3
2026,2180,Portland SD 1J,886,Sabin,black,28,10.4
2026,2180,Portland SD 1J,886,Sabin,multi,23,8.6
2026,2180,Portland SD 1J,887,Scott,all,476,100
2026,2180,Portland SD 1J,887,Scott,combined_underserved,354,74.4
2026,2180,Portland SD 1J,887,Scott,direct_cert,247,51.9
2026,2180,Portland SD 1J,887,Scott,lep,113,23.7
2026,2180,Portland SD 1J,887,Scott,swd,96,20.2
2026,2180,Portland SD 1J,887,Scott,historically_underserved,268,56.3
2026,2180,Portland SD 1J,887,Scott,hispanic,156,32.8
2026,2180,Portland SD 1J,887,Scott,black,49,10.3
2026,2180,Portland SD 1J,887,Scott,multi,35,7.4
2026,2180,Portland SD 1J,889,Sitton,all,345,100
2026,2180,Portland SD 1J,889,Sitton,combined_underserved,276,80
2026,2180,Portland SD 1J,889,Sitton,direct_cert,207,60
2026,2180,Portland SD 1J,889,Sitton,lep,108,31.3
2026,2180,Portland SD 1J,889,Sitton,swd,81,23.5
2026,2180,Portland SD 1J,889,Sitton,historically_underserved,217,62.9
2026,2180,Portland SD 1J,889,Sitton,hispanic,136,39.4
2026,2180,Portland SD 1J,889,Sitton,black,40,11.6
2026,2180,Portland SD 1J,889,Sitton,multi,35,10.1
2026,2180,Portland SD 1J,890,Skyline,all,207,100
2026,2180,Portland SD 1J,890,Skyline,combined_underserved,80,38.6
2026,2180,Portland SD 1J,890,Skyline,direct_cert,28,13.5
2026,2180,Portland SD 1J,890,Skyline,lep,7,3.4
2026,2180,Portland SD 1J,890,Skyline,swd,36,17.4
2026,2180,Portland SD 1J,890,Skyline,historically_underserved,42,20.3
2026,2180,Portland SD 1J,890,Skyline,hispanic,28,13.5
2026,2180,Portland SD 1J,890,Skyline,black,5,2.4
2026,2180,Portland SD 1J,890,Skyline,multi,8,3.9
2026,2180,Portland SD 1J,892,Stephenson,all,281,100
2026,2180,Portland SD 1J,892,Stephenson,combined_underserved,101,35.9
2026,2180,Portland SD 1J,892,Stephenson,direct_cert,28,10
2026,2180,Portland SD 1J,892,Stephenson,lep,11,3.9
2026,2180,Portland SD 1J,892,Stephenson,swd,50,17.8
2026,2180,Portland SD 1J,892,Stephenson,historically_underserved,47,16.7
2026,2180,Portland SD 1J,892,Stephenson,hispanic,27,9.6
2026,2180,Portland SD 1J,892,Stephenson,black,8,2.8
2026,2180,Portland SD 1J,892,Stephenson,multi,11,3.9
2026,2180,Portland SD 1J,893,Sunnyside Environmental,all,485,100
2026,2180,Portland SD 1J,893,Sunnyside Environmental,combined_underserved,229,47.2
2026,2180,Portland SD 1J,893,Sunnyside Environmental,direct_cert,92,19
2026,2180,Portland SD 1J,893,Sunnyside Environmental,lep,7,1.4
2026,2180,Portland SD 1J,893,Sunnyside Environmental,swd,114,23.5
2026,2180,Portland SD 1J,893,Sunnyside Environmental,historically_underserved,86,17.7
2026,2180,Portland SD 1J,893,Sunnyside Environmental,hispanic,51,10.5
2026,2180,Portland SD 1J,893,Sunnyside Environmental,black,7,1.4
2026,2180,Portland SD 1J,893,Sunnyside Environmental,multi,27,5.6
2026,2180,Portland SD 1J,895,Vernon,all,541,100
2026,2180,Portland SD 1J,895,Vernon,combined_underserved,296,54.7
2026,2180,Portland SD 1J,895,Vernon,direct_cert,151,27.9
2026,2180,Portland SD 1J,895,Vernon,lep,25,4.6
2026,2180,Portland SD 1J,895,Vernon,swd,64,11.8
2026,2180,Portland SD 1J,895,Vernon,historically_underserved,214,39.6
2026,2180,Portland SD 1J,895,Vernon,hispanic,67,12.4
2026,2180,Portland SD 1J,895,Vernon,black,76,14
2026,2180,Portland SD 1J,895,Vernon,multi,67,12.4
2026,2180,Portland SD 1J,896,Vestal,all,283,100
2026,2180,Portland SD 1J,896,Vestal,combined_underserved,202,71.4
2026,2180,Portland SD 1J,896,Vestal,direct_cert,124,43.8
2026,2180,Portland SD 1J,896,Vestal,lep,54,19.1
2026,2180,Portland SD 1J,896,Vestal,swd,69,24.4
2026,2180,Portland SD 1J,896,Vestal,historically_underserved,131,46.3
2026,2180,Portland SD 1J,896,Vestal,hispanic,54,19.1
2026,2180,Portland SD 1J,896,Vestal,black,37,13.1
2026,2180,Portland SD 1J,896,Vestal,multi,34,12
2026,2180,Portland SD 1J,900,Whitman,all,194,100
2026,2180,Portland SD 1J,900,Whitman,combined_underserved,161,83
2026,2180,Portland SD 1J,900,Whitman,direct_cert,125,64.4
2026,2180,Portland SD 1J,900,Whitman,lep,35,18
2026,2180,Portland SD 1J,900,Whitman,swd,55,28.4
2026,2180,Portland SD 1J,900,Whitman,historically_underserved,98,50.5
2026,2180,Portland SD 1J,900,Whitman,hispanic,46,23.7
2026,2180,Portland SD 1J,900,Whitman,black,22,11.3
2026,2180,Portland SD 1J,900,Whitman,multi,20,10.3
2026,2180,Portland SD 1J,1364,Winterhaven,all,316,100
2026,2180,Portland SD 1J,1364,Winterhaven,combined_underserved,102,32.3
2026,2180,Portland SD 1J,1364,Winterhaven,direct_cert,57,18
2026,2180,Portland SD 1J,1364,Winterhaven,lep,1,0.3
2026,2180,Portland SD 1J,1364,Winterhaven,swd,22,7
2026,2180,Portland SD 1J,1364,Winterhaven,historically_underserved,45,14.2
2026,2180,Portland SD 1J,1364,Winterhaven,hispanic,27,8.5
2026,2180,Portland SD 1J,1364,Winterhaven,black,4,1.3
2026,2180,Portland SD 1J,1364,Winterhaven,multi,13,4.1
2026,2180,Portland SD 1J,902,Woodlawn,all,323,100
2026,2180,Portland SD 1J,902,Woodlawn,combined_underserved,236,73.1
2026,2180,Portland SD 1J,902,Woodlawn,direct_cert,144,44.6
2026,2180,Portland SD 1J,902,Woodlawn,lep,29,9
2026,2180,Portland SD 1J,902,Woodlawn,swd,82,25.4
2026,2180,Portland SD 1J,902,Woodlawn,historically_underserved,193,59.8
2026,2180,Portland SD 1J,902,Woodlawn,hispanic,75,23.2
2026,2180,Portland SD 1J,902,Woodlawn,black,83,25.7
2026,2180,Portland SD 1J,902,Woodlawn,multi,33,10.2
2026,2180,Portland SD 1J,903,Woodmere,all,227,100
2026,2180,Portland SD 1J,903,Woodmere,combined_underserved,191,84.1
2026,2180,Portland SD 1J,903,Woodmere,direct_cert,134,59
2026,2180,Portland SD 1J,903,Woodmere,lep,57,25.1
2026,2180,Portland SD 1J,903,Woodmere,swd,69,30.4
2026,2180,Portland SD 1J,903,Woodmere,historically_underserved,118,52
2026,2180,Portland SD 1J,903,Woodmere,hispanic,57,25.1
2026,2180,Portland SD 1J,903,Woodmere,black,23,10.1
2026,2180,Portland SD 1J,903,Woodmere,multi,35,15.4
2026,2180,Portland SD 1J,904,Woodstock,all,367,100
2026,2180,Portland SD 1J,904,Woodstock,combined_underserved,167,45.5
2026,2180,Portland SD 1J,904,Woodstock,direct_cert,88,24
2026,2180,Portland SD 1J,904,Woodstock,lep,44,12
2026,2180,Portland SD 1J,904,Woodstock,swd,58,15.8
2026,2180,Portland SD 1J,904,Woodstock,historically_underserved,58,15.8
2026,2180,Portland SD 1J,904,Woodstock,hispanic,33,9
2026,2180,Portland SD 1J,904,Woodstock,black,10,2.7
2026,2180,Portland SD 1J,904,Woodstock,multi,15,4.1
2026,2180,Portland SD 1J,831,Beaumont,all,416,100
2026,2180,Portland SD 1J,831,Beaumont,combined_underserved,192,46.2
2026,2180,Portland SD 1J,831,Beaumont,direct_cert,98,23.6
2026,2180,Portland SD 1J,831,Beaumont,lep,48,11.5
2026,2180,Portland SD 1J,831,Beaumont,swd,83,20
2026,2180,Portland SD 1J,831,Beaumont,historically_underserved,137,32.9
2026,2180,Portland SD 1J,831,Beaumont,hispanic,99,23.8
2026,2180,Portland SD 1J,831,Beaumont,black,16,3.8
2026,2180,Portland SD 1J,831,Beaumont,multi,21,5
2026,2180,Portland SD 1J,1363,da Vinci,all,429,100
2026,2180,Portland SD 1J,1363,da Vinci,combined_underserved,228,53.1
2026,2180,Portland SD 1J,1363,da Vinci,direct_cert,132,30.8
2026,2180,Portland SD 1J,1363,da Vinci,lep,9,2.1
2026,2180,Portland SD 1J,1363,da Vinci,swd,67,15.6
2026,2180,Portland SD 1J,1363,da Vinci,historically_underserved,133,31
2026,2180,Portland SD 1J,1363,da Vinci,hispanic,74,17.2
2026,2180,Portland SD 1J,1363,da Vinci,black,21,4.9
2026,2180,Portland SD 1J,1363,da Vinci,multi,35,8.2
2026,2180,Portland SD 1J,849,George,all,358,100
2026,2180,Portland SD 1J,849,George,combined_underserved,325,90.8
2026,2180,Portland SD 1J,849,George,direct_cert,253,70.7
2026,2180,Portland SD 1J,849,George,lep,109,30.4
2026,2180,Portland SD 1J,849,George,swd,96,26.8
2026,2180,Portland SD 1J,849,George,historically_underserved,275,76.8
2026,2180,Portland SD 1J,849,George,hispanic,167,46.6
2026,2180,Portland SD 1J,849,George,black,59,16.5
2026,2180,Portland SD 1J,849,George,multi,45,12.6
2026,2180,Portland SD 1J,852,Gray,all,432,100
2026,2180,Portland SD 1J,852,Gray,combined_underserved,173,40
2026,2180,Portland SD 1J,852,Gray,direct_cert,89,20.6
2026,2180,Portland SD 1J,852,Gray,lep,24,5.6
2026,2180,Portland SD 1J,852,Gray,swd,64,14.8
2026,2180,Portland SD 1J,852,Gray,historically_underserved,92,21.3
2026,2180,Portland SD 1J,852,Gray,hispanic,48,11.1
2026,2180,Portland SD 1J,852,Gray,black,17,3.9
2026,2180,Portland SD 1J,852,Gray,multi,23,5.3
2026,2180,Portland SD 1J,894,Harriet Tubman,all,402,100
2026,2180,Portland SD 1J,894,Harriet Tubman,combined_underserved,244,60.7
2026,2180,Portland SD 1J,894,Harriet Tubman,direct_cert,151,37.6
2026,2180,Portland SD 1J,894,Harriet Tubman,lep,19,4.7
2026,2180,Portland SD 1J,894,Harriet Tubman,swd,56,13.9
2026,2180,Portland SD 1J,894,Harriet Tubman,historically_underserved,203,50.5
2026,2180,Portland SD 1J,894,Harriet Tubman,hispanic,63,15.7
2026,2180,Portland SD 1J,894,Harriet Tubman,black,101,25.1
2026,2180,Portland SD 1J,894,Harriet Tubman,multi,36,9
2026,2180,Portland SD 1J,842,Harrison Park,all,419,100
2026,2180,Portland SD 1J,842,Harrison Park,combined_underserved,265,63.2
2026,2180,Portland SD 1J,842,Harrison Park,direct_cert,194,46.3
2026,2180,Portland SD 1J,842,Harrison Park,lep,76,18.1
2026,2180,Portland SD 1J,842,Harrison Park,swd,45,10.7
2026,2180,Portland SD 1J,842,Harrison Park,historically_underserved,153,36.5
2026,2180,Portland SD 1J,842,Harrison Park,hispanic,61,14.6
2026,2180,Portland SD 1J,842,Harrison Park,black,53,12.6
2026,2180,Portland SD 1J,842,Harrison Park,multi,24,5.7
2026,2180,Portland SD 1J,858,Hosford,all,528,100
2026,2180,Portland SD 1J,858,Hosford,combined_underserved,221,41.9
2026,2180,Portland SD 1J,858,Hosford,direct_cert,136,25.8
2026,2180,Portland SD 1J,858,Hosford,lep,37,7
2026,2180,Portland SD 1J,858,Hosford,swd,83,15.7
2026,2180,Portland SD 1J,858,Hosford,historically_underserved,105,19.9
2026,2180,Portland SD 1J,858,Hosford,hispanic,56,10.6
2026,2180,Portland SD 1J,858,Hosford,black,14,2.7
2026,2180,Portland SD 1J,858,Hosford,multi,29,5.5
2026,2180,Portland SD 1J,1277,Jackson,all,689,100
2026,2180,Portland SD 1J,1277,Jackson,combined_underserved,291,42.2
2026,2180,Portland SD 1J,1277,Jackson,direct_cert,152,22.1
2026,2180,Portland SD 1J,1277,Jackson,lep,41,6
2026,2180,Portland SD 1J,1277,Jackson,swd,99,14.4
2026,2180,Portland SD 1J,1277,Jackson,historically_underserved,179,26
2026,2180,Portland SD 1J,1277,Jackson,hispanic,78,11.3
2026,2180,Portland SD 1J,1277,Jackson,black,38,5.5
2026,2180,Portland SD 1J,1277,Jackson,multi,53,7.7
2026,2180,Portland SD 1J,863,Kellogg,all,531,100
2026,2180,Portland SD 1J,863,Kellogg,combined_underserved,368,69.3
2026,2180,Portland SD 1J,863,Kellogg,direct_cert,235,44.3
2026,2180,Portland SD 1J,863,Kellogg,lep,90,16.9
2026,2180,Portland SD 1J,863,Kellogg,swd,99,18.6
2026,2180,Portland SD 1J,863,Kellogg,historically_underserved,249,46.9
2026,2180,Portland SD 1J,863,Kellogg,hispanic,183,34.5
2026,2180,Portland SD 1J,863,Kellogg,black,23,4.3
2026,2180,Portland SD 1J,863,Kellogg,multi,35,6.6
2026,2180,Portland SD 1J,1243,Lane,all,447,100
2026,2180,Portland SD 1J,1243,Lane,combined_underserved,352,78.7
2026,2180,Portland SD 1J,1243,Lane,direct_cert,257,57.5
2026,2180,Portland SD 1J,1243,Lane,lep,83,18.6
2026,2180,Portland SD 1J,1243,Lane,swd,115,25.7
2026,2180,Portland SD 1J,1243,Lane,historically_underserved,208,46.5
2026,2180,Portland SD 1J,1243,Lane,hispanic,108,24.2
2026,2180,Portland SD 1J,1243,Lane,black,58,13
2026,2180,Portland SD 1J,1243,Lane,multi,33,7.4
2026,2180,Portland SD 1J,877,Mt Tabor,all,430,100
2026,2180,Portland SD 1J,877,Mt Tabor,combined_underserved,140,32.6
2026,2180,Portland SD 1J,877,Mt Tabor,direct_cert,70,16.3
2026,2180,Portland SD 1J,877,Mt Tabor,lep,10,2.3
2026,2180,Portland SD 1J,877,Mt Tabor,swd,52,12.1
2026,2180,Portland SD 1J,877,Mt Tabor,historically_underserved,69,16
2026,2180,Portland SD 1J,877,Mt Tabor,hispanic,47,10.9
2026,2180,Portland SD 1J,877,Mt Tabor,black,9,2.1
2026,2180,Portland SD 1J,877,Mt Tabor,multi,13,3
2026,2180,Portland SD 1J,878,Ockley Green,all,460,100
2026,2180,Portland SD 1J,878,Ockley Green,combined_underserved,279,60.7
2026,2180,Portland SD 1J,878,Ockley Green,direct_cert,165,35.9
2026,2180,Portland SD 1J,878,Ockley Green,lep,35,7.6
2026,2180,Portland SD 1J,878,Ockley Green,swd,70,15.2
2026,2180,Portland SD 1J,878,Ockley Green,historically_underserved,222,48.3
2026,2180,Portland SD 1J,878,Ockley Green,hispanic,83,18
2026,2180,Portland SD 1J,878,Ockley Green,black,79,17.2
2026,2180,Portland SD 1J,878,Ockley Green,multi,50,10.9
2026,2180,Portland SD 1J,885,Roseway Heights,all,572,100
2026,2180,Portland SD 1J,885,Roseway Heights,combined_underserved,353,61.7
2026,2180,Portland SD 1J,885,Roseway Heights,direct_cert,251,43.9
2026,2180,Portland SD 1J,885,Roseway Heights,lep,95,16.6
2026,2180,Portland SD 1J,885,Roseway Heights,swd,93,16.3
2026,2180,Portland SD 1J,885,Roseway Heights,historically_underserved,238,41.6
2026,2180,Portland SD 1J,885,Roseway Heights,hispanic,119,20.8
2026,2180,Portland SD 1J,885,Roseway Heights,black,57,10
2026,2180,Portland SD 1J,885,Roseway Heights,multi,47,8.2
2026,2180,Portland SD 1J,888,Sellwood,all,564,100
2026,2180,Portland SD 1J,888,Sellwood,combined_underserved,186,33
2026,2180,Portland SD 1J,888,Sellwood,direct_cert,72,12.8
2026,2180,Portland SD 1J,888,Sellwood,lep,12,2.1
2026,2180,Portland SD 1J,888,Sellwood,swd,83,14.7
2026,2180,Portland SD 1J,888,Sellwood,historically_underserved,75,13.3
2026,2180,Portland SD 1J,888,Sellwood,hispanic,45,8
2026,2180,Portland SD 1J,888,Sellwood,black,4,0.7
2026,2180,Portland SD 1J,888,Sellwood,multi,26,4.6
2026,2180,Portland SD 1J,898,West Sylvan,all,683,100
2026,2180,Portland SD 1J,898,West Sylvan,combined_underserved,274,40.1
2026,2180,Portland SD 1J,898,West Sylvan,direct_cert,110,16.1
2026,2180,Portland SD 1J,898,West Sylvan,lep,36,5.3
2026,2180,Portland SD 1J,898,West Sylvan,swd,85,12.4
2026,2180,Portland SD 1J,898,West Sylvan,historically_underserved,167,24.5
2026,2180,Portland SD 1J,898,West Sylvan,hispanic,88,12.9
2026,2180,Portland SD 1J,898,West Sylvan,black,31,4.5
2026,2180,Portland SD 1J,898,West Sylvan,multi,43,6.3
2026,2180,Portland SD 1J,906,Benson,all,1025,100
2026,2180,Portland SD 1J,906,Benson,combined_underserved,667,65.1
2026,2180,Portland SD 1J,906,Benson,direct_cert,329,32.1
2026,2180,Portland SD 1J,906,Benson,lep,71,6.9
2026,2180,Portland SD 1J,906,Benson,swd,238,23.2
2026,2180,Portland SD 1J,906,Benson,historically_underserved,456,44.5
2026,2180,Portland SD 1J,906,Benson,hispanic,265,25.9
2026,2180,Portland SD 1J,906,Benson,black,104,10.1
2026,2180,Portland SD 1J,906,Benson,multi,80,7.8
2026,2180,Portland SD 1J,909,Cleveland,all,1451,100
2026,2180,Portland SD 1J,909,Cleveland,combined_underserved,514,35.4
2026,2180,Portland SD 1J,909,Cleveland,direct_cert,258,17.8
2026,2180,Portland SD 1J,909,Cleveland,lep,44,3
2026,2180,Portland SD 1J,909,Cleveland,swd,199,13.7
2026,2180,Portland SD 1J,909,Cleveland,historically_underserved,229,15.8
2026,2180,Portland SD 1J,909,Cleveland,hispanic,116,8
2026,2180,Portland SD 1J,909,Cleveland,black,46,3.2
2026,2180,Portland SD 1J,909,Cleveland,multi,61,4.2
2026,2180,Portland SD 1J,911,Franklin,all,1780,100
2026,2180,Portland SD 1J,911,Franklin,combined_underserved,970,54.5
2026,2180,Portland SD 1J,911,Franklin,direct_cert,583,32.8
2026,2180,Portland SD 1J,911,Franklin,lep,183,10.3
2026,2180,Portland SD 1J,911,Franklin,swd,264,14.8
2026,2180,Portland SD 1J,911,Franklin,historically_underserved,560,31.5
2026,2180,Portland SD 1J,911,Franklin,hispanic,352,19.8
2026,2180,Portland SD 1J,911,Franklin,black,76,4.3
2026,2180,Portland SD 1J,911,Franklin,multi,103,5.8
2026,2180,Portland SD 1J,912,Grant,all,2074,100
2026,2180,Portland SD 1J,912,Grant,combined_underserved,638,30.8
2026,2180,Portland SD 1J,912,Grant,direct_cert,275,13.3
2026,2180,Portland SD 1J,912,Grant,lep,31,1.5
2026,2180,Portland SD 1J,912,Grant,swd,205,9.9
2026,2180,Portland SD 1J,912,Grant,historically_underserved,415,20
2026,2180,Portland SD 1J,912,Grant,hispanic,178,8.6
2026,2180,Portland SD 1J,912,Grant,black,125,6
2026,2180,Portland SD 1J,912,Grant,multi,105,5.1
2026,2180,Portland SD 1J,922,Ida B. Wells-Barnett,all,1574,100
2026,2180,Portland SD 1J,922,Ida B. Wells-Barnett,combined_underserved,558,35.5
2026,2180,Portland SD 1J,922,Ida B. Wells-Barnett,direct_cert,271,17.2
2026,2180,Portland SD 1J,922,Ida B. Wells-Barnett,lep,48,3
2026,2180,Portland SD 1J,922,Ida B. Wells-Barnett,swd,193,12.3
2026,2180,Portland SD 1J,922,Ida B. Wells-Barnett,historically_underserved,313,19.9
2026,2180,Portland SD 1J,922,Ida B. Wells-Barnett,hispanic,143,9.1
2026,2180,Portland SD 1J,922,Ida B. Wells-Barnett,black,75,4.8
2026,2180,Portland SD 1J,922,Ida B. Wells-Barnett,multi,86,5.5
2026,2180,Portland SD 1J,913,Jefferson,all,391,100
2026,2180,Portland SD 1J,913,Jefferson,combined_underserved,334,85.4
2026,2180,Portland SD 1J,913,Jefferson,direct_cert,217,55.5
2026,2180,Portland SD 1J,913,Jefferson,lep,31,7.9
2026,2180,Portland SD 1J,913,Jefferson,swd,55,14.1
2026,2180,Portland SD 1J,913,Jefferson,historically_underserved,306,78.3
2026,2180,Portland SD 1J,913,Jefferson,hispanic,79,20.2
2026,2180,Portland SD 1J,913,Jefferson,black,175,44.8
2026,2180,Portland SD 1J,913,Jefferson,multi,47,12
2026,2180,Portland SD 1J,914,Lincoln,all,1647,100
2026,2180,Portland SD 1J,914,Lincoln,combined_underserved,547,33.2
2026,2180,Portland SD 1J,914,Lincoln,direct_cert,190,11.5
2026,2180,Portland SD 1J,914,Lincoln,lep,44,2.7
2026,2180,Portland SD 1J,914,Lincoln,swd,156,9.5
2026,2180,Portland SD 1J,914,Lincoln,historically_underserved,356,21.6
2026,2180,Portland SD 1J,914,Lincoln,hispanic,182,11.1
2026,2180,Portland SD 1J,914,Lincoln,black,81,4.9
2026,2180,Portland SD 1J,914,Lincoln,multi,87,5.3
2026,2180,Portland SD 1J,915,McDaniel,all,1629,100
2026,2180,Portland SD 1J,915,McDaniel,combined_underserved,1088,66.8
2026,2180,Portland SD 1J,915,McDaniel,direct_cert,682,41.9
2026,2180,Portland SD 1J,915,McDaniel,lep,326,20
2026,2180,Portland SD 1J,915,McDaniel,swd,228,14
2026,2180,Portland SD 1J,915,McDaniel,historically_underserved,794,48.7
2026,2180,Portland SD 1J,915,McDaniel,hispanic,448,27.5
2026,2180,Portland SD 1J,915,McDaniel,black,204,12.5
2026,2180,Portland SD 1J,915,McDaniel,multi,102,6.3
2026,2180,Portland SD 1J,918,Roosevelt,all,1419,100
2026,2180,Portland SD 1J,918,Roosevelt,combined_underserved,989,69.7
2026,2180,Portland SD 1J,918,Roosevelt,direct_cert,635,44.7
2026,2180,Portland SD 1J,918,Roosevelt,lep,255,18
2026,2180,Portland SD 1J,918,Roosevelt,swd,229,16.1
2026,2180,Portland SD 1J,918,Roosevelt,historically_underserved,820,57.8
2026,2180,Portland SD 1J,918,Roosevelt,hispanic,509,35.9
2026,2180,Portland SD 1J,918,Roosevelt,black,172,12.1
2026,2180,Portland SD 1J,918,Roosevelt,multi,114,8
2026,2180,Portland SD 1J,NA,ACCESS,all,324,100
2026,2180,Portland SD 1J,NA,ACCESS,combined_underserved,99,30.6
2026,2180,Portland SD 1J,NA,ACCESS,direct_cert,40,12.3
2026,2180,Portland SD 1J,NA,ACCESS,lep,1,0.3
2026,2180,Portland SD 1J,NA,ACCESS,swd,40,12.3
2026,2180,Portland SD 1J,NA,ACCESS,historically_underserved,40,12.3
2026,2180,Portland SD 1J,NA,ACCESS,hispanic,25,7.7
2026,2180,Portland SD 1J,NA,ACCESS,black,2,0.6
2026,2180,Portland SD 1J,NA,ACCESS,multi,11,3.4
2026,2180,Portland SD 1J,4507,Alliance,all,217,100
2026,2180,Portland SD 1J,4507,Alliance,combined_underserved,157,72.4
2026,2180,Portland SD 1J,4507,Alliance,direct_cert,83,38.2
2026,2180,Portland SD 1J,4507,Alliance,lep,12,5.5
2026,2180,Portland SD 1J,4507,Alliance,swd,74,34.1
2026,2180,Portland SD 1J,4507,Alliance,historically_underserved,99,45.6
2026,2180,Portland SD 1J,4507,Alliance,hispanic,53,24.4
2026,2180,Portland SD 1J,4507,Alliance,black,21,9.7
2026,2180,Portland SD 1J,4507,Alliance,multi,24,11.1
2026,2180,Portland SD 1J,NA,Head Start Early Childhood Ed,all,857,100
2026,2180,Portland SD 1J,NA,Head Start Early Childhood Ed,combined_underserved,705,82.3
2026,2180,Portland SD 1J,NA,Head Start Early Childhood Ed,direct_cert,545,63.6
2026,2180,Portland SD 1J,NA,Head Start Early Childhood Ed,lep,NA,NA
2026,2180,Portland SD 1J,NA,Head Start Early Childhood Ed,swd,NA,NA
2026,2180,Portland SD 1J,NA,Head Start Early Childhood Ed,historically_underserved,574,67
2026,2180,Portland SD 1J,NA,Head Start Early Childhood Ed,hispanic,327,38.2
2026,2180,Portland SD 1J,NA,Head Start Early Childhood Ed,black,156,18.2
2026,2180,Portland SD 1J,NA,Head Start Early Childhood Ed,multi,62,7.2
2026,2180,Portland SD 1J,916,Metro. Learning Center,all,275,100
2026,2180,Portland SD 1J,916,Metro. Learning Center,combined_underserved,146,53.1
2026,2180,Portland SD 1J,916,Metro. Learning Center,direct_cert,58,21.1
2026,2180,Portland SD 1J,916,Metro. Learning Center,lep,3,1.1
2026,2180,Portland SD 1J,916,Metro. Learning Center,swd,85,30.9
2026,2180,Portland SD 1J,916,Metro. Learning Center,historically_underserved,59,21.5
2026,2180,Portland SD 1J,916,Metro. Learning Center,hispanic,31,11.3
2026,2180,Portland SD 1J,916,Metro. Learning Center,black,4,1.5
2026,2180,Portland SD 1J,916,Metro. Learning Center,multi,24,8.7
2026,2180,Portland SD 1J,1803,Mt Scott Learning Center,all,84,100
2026,2180,Portland SD 1J,1803,Mt Scott Learning Center,combined_underserved,70,83.3
2026,2180,Portland SD 1J,1803,Mt Scott Learning Center,direct_cert,41,48.8
2026,2180,Portland SD 1J,1803,Mt Scott Learning Center,lep,1,1.2
2026,2180,Portland SD 1J,1803,Mt Scott Learning Center,swd,40,47.6
2026,2180,Portland SD 1J,1803,Mt Scott Learning Center,historically_underserved,23,27.4
2026,2180,Portland SD 1J,1803,Mt Scott Learning Center,hispanic,13,15.5
2026,2180,Portland SD 1J,1803,Mt Scott Learning Center,black,4,4.8
2026,2180,Portland SD 1J,1803,Mt Scott Learning Center,multi,6,7.1
2026,2180,Portland SD 1J,4587,NAYA Many Nations Academy,all,55,100
2026,2180,Portland SD 1J,4587,NAYA Many Nations Academy,combined_underserved,55,100
2026,2180,Portland SD 1J,4587,NAYA Many Nations Academy,direct_cert,45,81.8
2026,2180,Portland SD 1J,4587,NAYA Many Nations Academy,lep,3,5.5
2026,2180,Portland SD 1J,4587,NAYA Many Nations Academy,swd,8,14.5
2026,2180,Portland SD 1J,4587,NAYA Many Nations Academy,historically_underserved,50,90.9
2026,2180,Portland SD 1J,4587,NAYA Many Nations Academy,hispanic,15,27.3
2026,2180,Portland SD 1J,4587,NAYA Many Nations Academy,black,5,9.1
2026,2180,Portland SD 1J,4587,NAYA Many Nations Academy,multi,9,16.4
2026,2180,Portland SD 1J,NA,PCC,all,399,100
2026,2180,Portland SD 1J,NA,PCC,combined_underserved,264,66.2
2026,2180,Portland SD 1J,NA,PCC,direct_cert,180,45.1
2026,2180,Portland SD 1J,NA,PCC,lep,58,14.5
2026,2180,Portland SD 1J,NA,PCC,swd,52,13
2026,2180,Portland SD 1J,NA,PCC,historically_underserved,164,41.1
2026,2180,Portland SD 1J,NA,PCC,hispanic,99,24.8
2026,2180,Portland SD 1J,NA,PCC,black,24,6
2026,2180,Portland SD 1J,NA,PCC,multi,37,9.3
2026,2180,Portland SD 1J,5877,Rosemary Anderson,all,193,100
2026,2180,Portland SD 1J,5877,Rosemary Anderson,combined_underserved,185,95.9
2026,2180,Portland SD 1J,5877,Rosemary Anderson,direct_cert,150,77.7
2026,2180,Portland SD 1J,5877,Rosemary Anderson,lep,22,11.4
2026,2180,Portland SD 1J,5877,Rosemary Anderson,swd,57,29.5
2026,2180,Portland SD 1J,5877,Rosemary Anderson,historically_underserved,158,81.9
2026,2180,Portland SD 1J,5877,Rosemary Anderson,hispanic,57,29.5
2026,2180,Portland SD 1J,5877,Rosemary Anderson,black,72,37.3
2026,2180,Portland SD 1J,5877,Rosemary Anderson,multi,25,13
2026,2180,Portland SD 1J,NA,Youth Builders,all,6,100
2026,2180,Portland SD 1J,NA,Youth Builders,combined_underserved,5,83.3
2026,2180,Portland SD 1J,NA,Youth Builders,direct_cert,4,66.7
2026,2180,Portland SD 1J,NA,Youth Builders,lep,NA,NA
2026,2180,Portland SD 1J,NA,Youth Builders,swd,NA,NA
2026,2180,Portland SD 1J,NA,Youth Builders,historically_underserved,3,50
2026,2180,Portland SD 1J,NA,Youth Builders,hispanic,1,16.7
2026,2180,Portland SD 1J,NA,Youth Builders,black,2,33.3
2026,2180,Portland SD 1J,NA,Youth Builders,multi,NA,NA
2026,2180,Portland SD 1J,NA,Youth Progress Association,all,3,100
2026,2180,Portland SD 1J,NA,Youth Progress Association,combined_underserved,3,100
2026,2180,Portland SD 1J,NA,Youth Progress Association,direct_cert,1,33.3
2026,2180,Portland SD 1J,NA,Youth Progress Association,lep,NA,NA
2026,2180,Portland SD 1J,NA,Youth Progress Association,swd,2,66.7
2026,2180,Portland SD 1J,NA,Youth Progress Association,historically_underserved,2,66.7
2026,2180,Portland SD 1J,NA,Youth Progress Association,hispanic,2,66.7
2026,2180,Portland SD 1J,NA,Youth Progress Association,black,NA,NA
2026,2180,Portland SD 1J,NA,Youth Progress Association,multi,NA,NA
2026,2180,Portland SD 1J,NA,CTC Northeast,all,41,100
2026,2180,Portland SD 1J,NA,CTC Northeast,combined_underserved,41,100
2026,2180,Portland SD 1J,NA,CTC Northeast,direct_cert,33,80.5
2026,2180,Portland SD 1J,NA,CTC Northeast,lep,5,12.2
2026,2180,Portland SD 1J,NA,CTC Northeast,swd,38,92.7
2026,2180,Portland SD 1J,NA,CTC Northeast,historically_underserved,19,46.3
2026,2180,Portland SD 1J,NA,CTC Northeast,hispanic,8,19.5
2026,2180,Portland SD 1J,NA,CTC Northeast,black,8,19.5
2026,2180,Portland SD 1J,NA,CTC Northeast,multi,3,7.3
2026,2180,Portland SD 1J,NA,CTC Southeast,all,88,100
2026,2180,Portland SD 1J,NA,CTC Southeast,combined_underserved,88,100
2026,2180,Portland SD 1J,NA,CTC Southeast,direct_cert,62,70.5
2026,2180,Portland SD 1J,NA,CTC Southeast,lep,7,8
2026,2180,Portland SD 1J,NA,CTC Southeast,swd,87,98.9
2026,2180,Portland SD 1J,NA,CTC Southeast,historically_underserved,35,39.8
2026,2180,Portland SD 1J,NA,CTC Southeast,hispanic,20,22.7
2026,2180,Portland SD 1J,NA,CTC Southeast,black,4,4.5
2026,2180,Portland SD 1J,NA,CTC Southeast,multi,8,9.1
2026,2180,Portland SD 1J,NA,DART Programs,all,82,100
2026,2180,Portland SD 1J,NA,DART Programs,combined_underserved,70,85.4
2026,2180,Portland SD 1J,NA,DART Programs,direct_cert,36,43.9
2026,2180,Portland SD 1J,NA,DART Programs,lep,1,1.2
2026,2180,Portland SD 1J,NA,DART Programs,swd,46,56.1
2026,2180,Portland SD 1J,NA,DART Programs,historically_underserved,25,30.5
2026,2180,Portland SD 1J,NA,DART Programs,hispanic,12,14.6
2026,2180,Portland SD 1J,NA,DART Programs,black,2,2.4
2026,2180,Portland SD 1J,NA,DART Programs,multi,6,7.3
2026,2180,Portland SD 1J,NA,PPS Pioneer Programs,all,63,100
2026,2180,Portland SD 1J,NA,PPS Pioneer Programs,combined_underserved,63,100
2026,2180,Portland SD 1J,NA,PPS Pioneer Programs,direct_cert,51,81
2026,2180,Portland SD 1J,NA,PPS Pioneer Programs,lep,1,1.6
2026,2180,Portland SD 1J,NA,PPS Pioneer Programs,swd,60,95.2
2026,2180,Portland SD 1J,NA,PPS Pioneer Programs,historically_underserved,28,44.4
2026,2180,Portland SD 1J,NA,PPS Pioneer Programs,hispanic,6,9.5
2026,2180,Portland SD 1J,NA,PPS Pioneer Programs,black,9,14.3
2026,2180,Portland SD 1J,NA,PPS Pioneer Programs,multi,11,17.5
2026,2180,Portland SD 1J,NA,Providence Hospital,all,13,100
2026,2180,Portland SD 1J,NA,Providence Hospital,combined_underserved,13,100
2026,2180,Portland SD 1J,NA,Providence Hospital,direct_cert,9,69.2
2026,2180,Portland SD 1J,NA,Providence Hospital,lep,NA,NA
2026,2180,Portland SD 1J,NA,Providence Hospital,swd,13,100
2026,2180,Portland SD 1J,NA,Providence Hospital,historically_underserved,4,30.8
2026,2180,Portland SD 1J,NA,Providence Hospital,hispanic,1,7.7
2026,2180,Portland SD 1J,NA,Providence Hospital,black,2,15.4
2026,2180,Portland SD 1J,NA,Providence Hospital,multi,1,7.7
2026,2180,Portland SD 1J,NA,Serendipity,all,4,100
2026,2180,Portland SD 1J,NA,Serendipity,combined_underserved,4,100
2026,2180,Portland SD 1J,NA,Serendipity,direct_cert,1,25
2026,2180,Portland SD 1J,NA,Serendipity,lep,NA,NA
2026,2180,Portland SD 1J,NA,Serendipity,swd,4,100
2026,2180,Portland SD 1J,NA,Serendipity,historically_underserved,1,25
2026,2180,Portland SD 1J,NA,Serendipity,hispanic,NA,NA
2026,2180,Portland SD 1J,NA,Serendipity,black,1,25
2026,2180,Portland SD 1J,NA,Serendipity,multi,NA,NA
2026,2180,Portland SD 1J,NA,Special Education Instruction,all,51,100
2026,2180,Portland SD 1J,NA,Special Education Instruction,combined_underserved,47,92.2
2026,2180,Portland SD 1J,NA,Special Education Instruction,direct_cert,8,15.7
2026,2180,Portland SD 1J,NA,Special Education Instruction,lep,NA,NA
2026,2180,Portland SD 1J,NA,Special Education Instruction,swd,44,86.3
2026,2180,Portland SD 1J,NA,Special Education Instruction,historically_underserved,12,23.5
2026,2180,Portland SD 1J,NA,Special Education Instruction,hispanic,7,13.7
2026,2180,Portland SD 1J,NA,Special Education Instruction,black,2,3.9
2026,2180,Portland SD 1J,NA,Special Education Instruction,multi,3,5.9
2026,2180,Portland SD 1J,NA,Arthur Academy,all,167,100
2026,2180,Portland SD 1J,NA,Arthur Academy,combined_underserved,93,55.7
2026,2180,Portland SD 1J,NA,Arthur Academy,direct_cert,49,29.3
2026,2180,Portland SD 1J,NA,Arthur Academy,lep,30,18
2026,2180,Portland SD 1J,NA,Arthur Academy,swd,18,10.8
2026,2180,Portland SD 1J,NA,Arthur Academy,historically_underserved,48,28.7
2026,2180,Portland SD 1J,NA,Arthur Academy,hispanic,16,9.6
2026,2180,Portland SD 1J,NA,Arthur Academy,black,25,15
2026,2180,Portland SD 1J,NA,Arthur Academy,multi,6,3.6
2026,2180,Portland SD 1J,3991,Emerson School,all,139,100
2026,2180,Portland SD 1J,3991,Emerson School,combined_underserved,73,52.5
2026,2180,Portland SD 1J,3991,Emerson School,direct_cert,38,27.3
2026,2180,Portland SD 1J,3991,Emerson School,lep,4,2.9
2026,2180,Portland SD 1J,3991,Emerson School,swd,33,23.7
2026,2180,Portland SD 1J,3991,Emerson School,historically_underserved,36,25.9
2026,2180,Portland SD 1J,3991,Emerson School,hispanic,20,14.4
2026,2180,Portland SD 1J,3991,Emerson School,black,5,3.6
2026,2180,Portland SD 1J,3991,Emerson School,multi,9,6.5
2026,2180,Portland SD 1J,5218,Kairos PDX,all,178,100
2026,2180,Portland SD 1J,5218,Kairos PDX,combined_underserved,171,96.1
2026,2180,Portland SD 1J,5218,Kairos PDX,direct_cert,94,52.8
2026,2180,Portland SD 1J,5218,Kairos PDX,lep,3,1.7
2026,2180,Portland SD 1J,5218,Kairos PDX,swd,28,15.7
2026,2180,Portland SD 1J,5218,Kairos PDX,historically_underserved,167,93.8
2026,2180,Portland SD 1J,5218,Kairos PDX,hispanic,18,10.1
2026,2180,Portland SD 1J,5218,Kairos PDX,black,116,65.2
2026,2180,Portland SD 1J,5218,Kairos PDX,multi,31,17.4
2026,2180,Portland SD 1J,5060,Le Monde,all,385,100
2026,2180,Portland SD 1J,5060,Le Monde,combined_underserved,115,29.9
2026,2180,Portland SD 1J,5060,Le Monde,direct_cert,35,9.1
2026,2180,Portland SD 1J,5060,Le Monde,lep,5,1.3
2026,2180,Portland SD 1J,5060,Le Monde,swd,45,11.7
2026,2180,Portland SD 1J,5060,Le Monde,historically_underserved,53,13.8
2026,2180,Portland SD 1J,5060,Le Monde,hispanic,22,5.7
2026,2180,Portland SD 1J,5060,Le Monde,black,9,2.3
2026,2180,Portland SD 1J,5060,Le Monde,multi,21,5.5
2026,2180,Portland SD 1J,4534,Portland Village School,all,434,100
2026,2180,Portland SD 1J,4534,Portland Village School,combined_underserved,235,54.1
2026,2180,Portland SD 1J,4534,Portland Village School,direct_cert,124,28.6
2026,2180,Portland SD 1J,4534,Portland Village School,lep,13,3
2026,2180,Portland SD 1J,4534,Portland Village School,swd,81,18.7
2026,2180,Portland SD 1J,4534,Portland Village School,historically_underserved,102,23.5
2026,2180,Portland SD 1J,4534,Portland Village School,hispanic,60,13.8
2026,2180,Portland SD 1J,4534,Portland Village School,black,9,2.1
2026,2180,Portland SD 1J,4534,Portland Village School,multi,31,7.1
2025,2180,Portland SD 1J,822,Abernethy,all,284,100
2025,2180,Portland SD 1J,822,Abernethy,combined_underserved,81,28.5
2025,2180,Portland SD 1J,822,Abernethy,direct_cert,31,10.9
2025,2180,Portland SD 1J,822,Abernethy,lep,4,1.4
2025,2180,Portland SD 1J,822,Abernethy,swd,37,13
2025,2180,Portland SD 1J,822,Abernethy,historically_underserved,34,12
2025,2180,Portland SD 1J,822,Abernethy,hispanic,24,8.5
2025,2180,Portland SD 1J,822,Abernethy,black,4,1.4
2025,2180,Portland SD 1J,822,Abernethy,multi,6,2.1
2025,2180,Portland SD 1J,823,Ainsworth,all,584,100
2025,2180,Portland SD 1J,823,Ainsworth,combined_underserved,274,46.9
2025,2180,Portland SD 1J,823,Ainsworth,direct_cert,59,10.1
2025,2180,Portland SD 1J,823,Ainsworth,lep,64,11
2025,2180,Portland SD 1J,823,Ainsworth,swd,52,8.9
2025,2180,Portland SD 1J,823,Ainsworth,historically_underserved,194,33.2
2025,2180,Portland SD 1J,823,Ainsworth,hispanic,153,26.2
2025,2180,Portland SD 1J,823,Ainsworth,black,12,2.1
2025,2180,Portland SD 1J,823,Ainsworth,multi,26,4.5
2025,2180,Portland SD 1J,824,Alameda,all,496,100
2025,2180,Portland SD 1J,824,Alameda,combined_underserved,153,30.8
2025,2180,Portland SD 1J,824,Alameda,direct_cert,28,5.6
2025,2180,Portland SD 1J,824,Alameda,lep,10,2
2025,2180,Portland SD 1J,824,Alameda,swd,90,18.1
2025,2180,Portland SD 1J,824,Alameda,historically_underserved,73,14.7
2025,2180,Portland SD 1J,824,Alameda,hispanic,44,8.9
2025,2180,Portland SD 1J,824,Alameda,black,7,1.4
2025,2180,Portland SD 1J,824,Alameda,multi,18,3.6
2025,2180,Portland SD 1J,826,Arleta,all,252,100
2025,2180,Portland SD 1J,826,Arleta,combined_underserved,147,58.3
2025,2180,Portland SD 1J,826,Arleta,direct_cert,87,34.5
2025,2180,Portland SD 1J,826,Arleta,lep,7,2.8
2025,2180,Portland SD 1J,826,Arleta,swd,61,24.2
2025,2180,Portland SD 1J,826,Arleta,historically_underserved,77,30.6
2025,2180,Portland SD 1J,826,Arleta,hispanic,35,13.9
2025,2180,Portland SD 1J,826,Arleta,black,12,4.8
2025,2180,Portland SD 1J,826,Arleta,multi,27,10.7
2025,2180,Portland SD 1J,827,Astor,all,408,100
2025,2180,Portland SD 1J,827,Astor,combined_underserved,219,53.7
2025,2180,Portland SD 1J,827,Astor,direct_cert,118,28.9
2025,2180,Portland SD 1J,827,Astor,lep,15,3.7
2025,2180,Portland SD 1J,827,Astor,swd,94,23
2025,2180,Portland SD 1J,827,Astor,historically_underserved,150,36.8
2025,2180,Portland SD 1J,827,Astor,hispanic,63,15.4
2025,2180,Portland SD 1J,827,Astor,black,29,7.1
2025,2180,Portland SD 1J,827,Astor,multi,51,12.5
2025,2180,Portland SD 1J,828,Atkinson,all,373,100
2025,2180,Portland SD 1J,828,Atkinson,combined_underserved,227,60.9
2025,2180,Portland SD 1J,828,Atkinson,direct_cert,128,34.3
2025,2180,Portland SD 1J,828,Atkinson,lep,82,22
2025,2180,Portland SD 1J,828,Atkinson,swd,78,20.9
2025,2180,Portland SD 1J,828,Atkinson,historically_underserved,168,45
2025,2180,Portland SD 1J,828,Atkinson,hispanic,148,39.7
2025,2180,Portland SD 1J,828,Atkinson,black,6,1.6
2025,2180,Portland SD 1J,828,Atkinson,multi,12,3.2
2025,2180,Portland SD 1J,830,Beach,all,295,100
2025,2180,Portland SD 1J,830,Beach,combined_underserved,181,61.4
2025,2180,Portland SD 1J,830,Beach,direct_cert,95,32.2
2025,2180,Portland SD 1J,830,Beach,lep,34,11.5
2025,2180,Portland SD 1J,830,Beach,swd,45,15.3
2025,2180,Portland SD 1J,830,Beach,historically_underserved,138,46.8
2025,2180,Portland SD 1J,830,Beach,hispanic,91,30.8
2025,2180,Portland SD 1J,830,Beach,black,28,9.5
2025,2180,Portland SD 1J,830,Beach,multi,19,6.4
2025,2180,Portland SD 1J,857,Beverly Cleary,all,535,100
2025,2180,Portland SD 1J,857,Beverly Cleary,combined_underserved,161,30.1
2025,2180,Portland SD 1J,857,Beverly Cleary,direct_cert,54,10.1
2025,2180,Portland SD 1J,857,Beverly Cleary,lep,9,1.7
2025,2180,Portland SD 1J,857,Beverly Cleary,swd,71,13.3
2025,2180,Portland SD 1J,857,Beverly Cleary,historically_underserved,86,16.1
2025,2180,Portland SD 1J,857,Beverly Cleary,hispanic,40,7.5
2025,2180,Portland SD 1J,857,Beverly Cleary,black,8,1.5
2025,2180,Portland SD 1J,857,Beverly Cleary,multi,35,6.5
2025,2180,Portland SD 1J,833,Boise-Eliot/Humboldt,all,315,100
2025,2180,Portland SD 1J,833,Boise-Eliot/Humboldt,combined_underserved,275,87.3
2025,2180,Portland SD 1J,833,Boise-Eliot/Humboldt,direct_cert,205,65.1
2025,2180,Portland SD 1J,833,Boise-Eliot/Humboldt,lep,16,5.1
2025,2180,Portland SD 1J,833,Boise-Eliot/Humboldt,swd,87,27.6
2025,2180,Portland SD 1J,833,Boise-Eliot/Humboldt,historically_underserved,238,75.6
2025,2180,Portland SD 1J,833,Boise-Eliot/Humboldt,hispanic,57,18.1
2025,2180,Portland SD 1J,833,Boise-Eliot/Humboldt,black,140,44.4
2025,2180,Portland SD 1J,833,Boise-Eliot/Humboldt,multi,38,12.1
2025,2180,Portland SD 1J,834,Bridger Creative Science,all,474,100
2025,2180,Portland SD 1J,834,Bridger Creative Science,combined_underserved,233,49.2
2025,2180,Portland SD 1J,834,Bridger Creative Science,direct_cert,131,27.6
2025,2180,Portland SD 1J,834,Bridger Creative Science,lep,24,5.1
2025,2180,Portland SD 1J,834,Bridger Creative Science,swd,94,19.8
2025,2180,Portland SD 1J,834,Bridger Creative Science,historically_underserved,94,19.8
2025,2180,Portland SD 1J,834,Bridger Creative Science,hispanic,39,8.2
2025,2180,Portland SD 1J,834,Bridger Creative Science,black,14,3
2025,2180,Portland SD 1J,834,Bridger Creative Science,multi,30,6.3
2025,2180,Portland SD 1J,835,Bridlemile,all,419,100
2025,2180,Portland SD 1J,835,Bridlemile,combined_underserved,167,39.9
2025,2180,Portland SD 1J,835,Bridlemile,direct_cert,61,14.6
2025,2180,Portland SD 1J,835,Bridlemile,lep,15,3.6
2025,2180,Portland SD 1J,835,Bridlemile,swd,87,20.8
2025,2180,Portland SD 1J,835,Bridlemile,historically_underserved,70,16.7
2025,2180,Portland SD 1J,835,Bridlemile,hispanic,42,10
2025,2180,Portland SD 1J,835,Bridlemile,black,12,2.9
2025,2180,Portland SD 1J,835,Bridlemile,multi,15,3.6
2025,2180,Portland SD 1J,837,Buckman,all,308,100
2025,2180,Portland SD 1J,837,Buckman,combined_underserved,182,59.1
2025,2180,Portland SD 1J,837,Buckman,direct_cert,108,35.1
2025,2180,Portland SD 1J,837,Buckman,lep,15,4.9
2025,2180,Portland SD 1J,837,Buckman,swd,77,25
2025,2180,Portland SD 1J,837,Buckman,historically_underserved,100,32.5
2025,2180,Portland SD 1J,837,Buckman,hispanic,52,16.9
2025,2180,Portland SD 1J,837,Buckman,black,11,3.6
2025,2180,Portland SD 1J,837,Buckman,multi,33,10.7
2025,2180,Portland SD 1J,838,Capitol Hill,all,318,100
2025,2180,Portland SD 1J,838,Capitol Hill,combined_underserved,121,38.1
2025,2180,Portland SD 1J,838,Capitol Hill,direct_cert,56,17.6
2025,2180,Portland SD 1J,838,Capitol Hill,lep,6,1.9
2025,2180,Portland SD 1J,838,Capitol Hill,swd,46,14.5
2025,2180,Portland SD 1J,838,Capitol Hill,historically_underserved,67,21.1
2025,2180,Portland SD 1J,838,Capitol Hill,hispanic,34,10.7
2025,2180,Portland SD 1J,838,Capitol Hill,black,8,2.5
2025,2180,Portland SD 1J,838,Capitol Hill,multi,24,7.5
2025,2180,Portland SD 1J,841,César Chávez,all,454,100
2025,2180,Portland SD 1J,841,César Chávez,combined_underserved,402,88.5
2025,2180,Portland SD 1J,841,César Chávez,direct_cert,303,66.7
2025,2180,Portland SD 1J,841,César Chávez,lep,173,38.1
2025,2180,Portland SD 1J,841,César Chávez,swd,92,20.3
2025,2180,Portland SD 1J,841,César Chávez,historically_underserved,365,80.4
2025,2180,Portland SD 1J,841,César Chávez,hispanic,287,63.2
2025,2180,Portland SD 1J,841,César Chávez,black,49,10.8
2025,2180,Portland SD 1J,841,César Chávez,multi,20,4.4
2025,2180,Portland SD 1J,839,Chapman,all,349,100
2025,2180,Portland SD 1J,839,Chapman,combined_underserved,229,65.6
2025,2180,Portland SD 1J,839,Chapman,direct_cert,176,50.4
2025,2180,Portland SD 1J,839,Chapman,lep,35,10
2025,2180,Portland SD 1J,839,Chapman,swd,47,13.5
2025,2180,Portland SD 1J,839,Chapman,historically_underserved,128,36.7
2025,2180,Portland SD 1J,839,Chapman,hispanic,53,15.2
2025,2180,Portland SD 1J,839,Chapman,black,29,8.3
2025,2180,Portland SD 1J,839,Chapman,multi,37,10.6
2025,2180,Portland SD 1J,840,Chief Joseph,all,275,100
2025,2180,Portland SD 1J,840,Chief Joseph,combined_underserved,112,40.7
2025,2180,Portland SD 1J,840,Chief Joseph,direct_cert,59,21.5
2025,2180,Portland SD 1J,840,Chief Joseph,lep,17,6.2
2025,2180,Portland SD 1J,840,Chief Joseph,swd,47,17.1
2025,2180,Portland SD 1J,840,Chief Joseph,historically_underserved,64,23.3
2025,2180,Portland SD 1J,840,Chief Joseph,hispanic,35,12.7
2025,2180,Portland SD 1J,840,Chief Joseph,black,10,3.6
2025,2180,Portland SD 1J,840,Chief Joseph,multi,13,4.7
2025,2180,Portland SD 1J,5817,Clark,all,331,100
2025,2180,Portland SD 1J,5817,Clark,combined_underserved,284,85.8
2025,2180,Portland SD 1J,5817,Clark,direct_cert,217,65.6
2025,2180,Portland SD 1J,5817,Clark,lep,125,37.8
2025,2180,Portland SD 1J,5817,Clark,swd,55,16.6
2025,2180,Portland SD 1J,5817,Clark,historically_underserved,173,52.3
2025,2180,Portland SD 1J,5817,Clark,hispanic,50,15.1
2025,2180,Portland SD 1J,5817,Clark,black,67,20.2
2025,2180,Portland SD 1J,5817,Clark,multi,30,9.1
2025,2180,Portland SD 1J,843,Creston,all,241,100
2025,2180,Portland SD 1J,843,Creston,combined_underserved,134,55.6
2025,2180,Portland SD 1J,843,Creston,direct_cert,69,28.6
2025,2180,Portland SD 1J,843,Creston,lep,35,14.5
2025,2180,Portland SD 1J,843,Creston,swd,70,29
2025,2180,Portland SD 1J,843,Creston,historically_underserved,60,24.9
2025,2180,Portland SD 1J,843,Creston,hispanic,35,14.5
2025,2180,Portland SD 1J,843,Creston,black,7,2.9
2025,2180,Portland SD 1J,843,Creston,multi,13,5.4
2025,2180,Portland SD 1J,844,Duniway,all,387,100
2025,2180,Portland SD 1J,844,Duniway,combined_underserved,115,29.7
2025,2180,Portland SD 1J,844,Duniway,direct_cert,35,9
2025,2180,Portland SD 1J,844,Duniway,lep,15,3.9
2025,2180,Portland SD 1J,844,Duniway,swd,68,17.6
2025,2180,Portland SD 1J,844,Duniway,historically_underserved,36,9.3
2025,2180,Portland SD 1J,844,Duniway,hispanic,20,5.2
2025,2180,Portland SD 1J,844,Duniway,black,NA,NA
2025,2180,Portland SD 1J,844,Duniway,multi,14,3.6
2025,2180,Portland SD 1J,847,Faubion,all,589,100
2025,2180,Portland SD 1J,847,Faubion,combined_underserved,486,82.5
2025,2180,Portland SD 1J,847,Faubion,direct_cert,328,55.7
2025,2180,Portland SD 1J,847,Faubion,lep,115,19.5
2025,2180,Portland SD 1J,847,Faubion,swd,93,15.8
2025,2180,Portland SD 1J,847,Faubion,historically_underserved,413,70.1
2025,2180,Portland SD 1J,847,Faubion,hispanic,179,30.4
2025,2180,Portland SD 1J,847,Faubion,black,138,23.4
2025,2180,Portland SD 1J,847,Faubion,multi,76,12.9
2025,2180,Portland SD 1J,2413,Forest Park,all,303,100
2025,2180,Portland SD 1J,2413,Forest Park,combined_underserved,87,28.7
2025,2180,Portland SD 1J,2413,Forest Park,direct_cert,16,5.3
2025,2180,Portland SD 1J,2413,Forest Park,lep,11,3.6
2025,2180,Portland SD 1J,2413,Forest Park,swd,34,11.2
2025,2180,Portland SD 1J,2413,Forest Park,historically_underserved,37,12.2
2025,2180,Portland SD 1J,2413,Forest Park,hispanic,20,6.6
2025,2180,Portland SD 1J,2413,Forest Park,black,6,2
2025,2180,Portland SD 1J,2413,Forest Park,multi,11,3.6
2025,2180,Portland SD 1J,850,Glencoe,all,356,100
2025,2180,Portland SD 1J,850,Glencoe,combined_underserved,139,39
2025,2180,Portland SD 1J,850,Glencoe,direct_cert,52,14.6
2025,2180,Portland SD 1J,850,Glencoe,lep,12,3.4
2025,2180,Portland SD 1J,850,Glencoe,swd,55,15.4
2025,2180,Portland SD 1J,850,Glencoe,historically_underserved,72,20.2
2025,2180,Portland SD 1J,850,Glencoe,hispanic,41,11.5
2025,2180,Portland SD 1J,850,Glencoe,black,17,4.8
2025,2180,Portland SD 1J,850,Glencoe,multi,13,3.7
2025,2180,Portland SD 1J,854,Grout,all,294,100
2025,2180,Portland SD 1J,854,Grout,combined_underserved,206,70.1
2025,2180,Portland SD 1J,854,Grout,direct_cert,139,47.3
2025,2180,Portland SD 1J,854,Grout,lep,58,19.7
2025,2180,Portland SD 1J,854,Grout,swd,68,23.1
2025,2180,Portland SD 1J,854,Grout,historically_underserved,103,35
2025,2180,Portland SD 1J,854,Grout,hispanic,52,17.7
2025,2180,Portland SD 1J,854,Grout,black,14,4.8
2025,2180,Portland SD 1J,854,Grout,multi,31,10.5
2025,2180,Portland SD 1J,855,Hayhurst,all,314,100
2025,2180,Portland SD 1J,855,Hayhurst,combined_underserved,161,51.3
2025,2180,Portland SD 1J,855,Hayhurst,direct_cert,99,31.5
2025,2180,Portland SD 1J,855,Hayhurst,lep,33,10.5
2025,2180,Portland SD 1J,855,Hayhurst,swd,56,17.8
2025,2180,Portland SD 1J,855,Hayhurst,historically_underserved,87,27.7
2025,2180,Portland SD 1J,855,Hayhurst,hispanic,38,12.1
2025,2180,Portland SD 1J,855,Hayhurst,black,17,5.4
2025,2180,Portland SD 1J,855,Hayhurst,multi,27,8.6
2025,2180,Portland SD 1J,861,Irvington,all,249,100
2025,2180,Portland SD 1J,861,Irvington,combined_underserved,111,44.6
2025,2180,Portland SD 1J,861,Irvington,direct_cert,46,18.5
2025,2180,Portland SD 1J,861,Irvington,lep,13,5.2
2025,2180,Portland SD 1J,861,Irvington,swd,56,22.5
2025,2180,Portland SD 1J,861,Irvington,historically_underserved,71,28.5
2025,2180,Portland SD 1J,861,Irvington,hispanic,30,12
2025,2180,Portland SD 1J,861,Irvington,black,17,6.8
2025,2180,Portland SD 1J,861,Irvington,multi,24,9.6
2025,2180,Portland SD 1J,862,James John,all,367,100
2025,2180,Portland SD 1J,862,James John,combined_underserved,287,78.2
2025,2180,Portland SD 1J,862,James John,direct_cert,205,55.9
2025,2180,Portland SD 1J,862,James John,lep,112,30.5
2025,2180,Portland SD 1J,862,James John,swd,70,19.1
2025,2180,Portland SD 1J,862,James John,historically_underserved,237,64.6
2025,2180,Portland SD 1J,862,James John,hispanic,177,48.2
2025,2180,Portland SD 1J,862,James John,black,28,7.6
2025,2180,Portland SD 1J,862,James John,multi,31,8.4
2025,2180,Portland SD 1J,864,Kelly,all,385,100
2025,2180,Portland SD 1J,864,Kelly,combined_underserved,349,90.6
2025,2180,Portland SD 1J,864,Kelly,direct_cert,260,67.5
2025,2180,Portland SD 1J,864,Kelly,lep,185,48.1
2025,2180,Portland SD 1J,864,Kelly,swd,59,15.3
2025,2180,Portland SD 1J,864,Kelly,historically_underserved,166,43.1
2025,2180,Portland SD 1J,864,Kelly,hispanic,85,22.1
2025,2180,Portland SD 1J,864,Kelly,black,48,12.5
2025,2180,Portland SD 1J,864,Kelly,multi,24,6.2
2025,2180,Portland SD 1J,868,Laurelhurst,all,656,100
2025,2180,Portland SD 1J,868,Laurelhurst,combined_underserved,217,33.1
2025,2180,Portland SD 1J,868,Laurelhurst,direct_cert,87,13.3
2025,2180,Portland SD 1J,868,Laurelhurst,lep,10,1.5
2025,2180,Portland SD 1J,868,Laurelhurst,swd,100,15.2
2025,2180,Portland SD 1J,868,Laurelhurst,historically_underserved,103,15.7
2025,2180,Portland SD 1J,868,Laurelhurst,hispanic,39,5.9
2025,2180,Portland SD 1J,868,Laurelhurst,black,20,3
2025,2180,Portland SD 1J,868,Laurelhurst,multi,41,6.2
2025,2180,Portland SD 1J,869,Lee,all,257,100
2025,2180,Portland SD 1J,869,Lee,combined_underserved,190,73.9
2025,2180,Portland SD 1J,869,Lee,direct_cert,122,47.5
2025,2180,Portland SD 1J,869,Lee,lep,37,14.4
2025,2180,Portland SD 1J,869,Lee,swd,77,30
2025,2180,Portland SD 1J,869,Lee,historically_underserved,111,43.2
2025,2180,Portland SD 1J,869,Lee,hispanic,47,18.3
2025,2180,Portland SD 1J,869,Lee,black,35,13.6
2025,2180,Portland SD 1J,869,Lee,multi,19,7.4
2025,2180,Portland SD 1J,870,Lent,all,256,100
2025,2180,Portland SD 1J,870,Lent,combined_underserved,203,79.3
2025,2180,Portland SD 1J,870,Lent,direct_cert,126,49.2
2025,2180,Portland SD 1J,870,Lent,lep,113,44.1
2025,2180,Portland SD 1J,870,Lent,swd,46,18
2025,2180,Portland SD 1J,870,Lent,historically_underserved,186,72.7
2025,2180,Portland SD 1J,870,Lent,hispanic,172,67.2
2025,2180,Portland SD 1J,870,Lent,black,4,1.6
2025,2180,Portland SD 1J,870,Lent,multi,10,3.9
2025,2180,Portland SD 1J,871,Lewis,all,264,100
2025,2180,Portland SD 1J,871,Lewis,combined_underserved,129,48.9
2025,2180,Portland SD 1J,871,Lewis,direct_cert,60,22.7
2025,2180,Portland SD 1J,871,Lewis,lep,9,3.4
2025,2180,Portland SD 1J,871,Lewis,swd,64,24.2
2025,2180,Portland SD 1J,871,Lewis,historically_underserved,57,21.6
2025,2180,Portland SD 1J,871,Lewis,hispanic,34,12.9
2025,2180,Portland SD 1J,871,Lewis,black,4,1.5
2025,2180,Portland SD 1J,871,Lewis,multi,19,7.2
2025,2180,Portland SD 1J,872,Llewellyn,all,373,100
2025,2180,Portland SD 1J,872,Llewellyn,combined_underserved,156,41.8
2025,2180,Portland SD 1J,872,Llewellyn,direct_cert,52,13.9
2025,2180,Portland SD 1J,872,Llewellyn,lep,5,1.3
2025,2180,Portland SD 1J,872,Llewellyn,swd,87,23.3
2025,2180,Portland SD 1J,872,Llewellyn,historically_underserved,61,16.4
2025,2180,Portland SD 1J,872,Llewellyn,hispanic,41,11
2025,2180,Portland SD 1J,872,Llewellyn,black,5,1.3
2025,2180,Portland SD 1J,872,Llewellyn,multi,12,3.2
2025,2180,Portland SD 1J,873,Maplewood,all,295,100
2025,2180,Portland SD 1J,873,Maplewood,combined_underserved,123,41.7
2025,2180,Portland SD 1J,873,Maplewood,direct_cert,65,22
2025,2180,Portland SD 1J,873,Maplewood,lep,16,5.4
2025,2180,Portland SD 1J,873,Maplewood,swd,43,14.6
2025,2180,Portland SD 1J,873,Maplewood,historically_underserved,57,19.3
2025,2180,Portland SD 1J,873,Maplewood,hispanic,37,12.5
2025,2180,Portland SD 1J,873,Maplewood,black,4,1.4
2025,2180,Portland SD 1J,873,Maplewood,multi,14,4.7
2025,2180,Portland SD 1J,1278,Markham,all,341,100
2025,2180,Portland SD 1J,1278,Markham,combined_underserved,197,57.8
2025,2180,Portland SD 1J,1278,Markham,direct_cert,114,33.4
2025,2180,Portland SD 1J,1278,Markham,lep,54,15.8
2025,2180,Portland SD 1J,1278,Markham,swd,38,11.1
2025,2180,Portland SD 1J,1278,Markham,historically_underserved,135,39.6
2025,2180,Portland SD 1J,1278,Markham,hispanic,56,16.4
2025,2180,Portland SD 1J,1278,Markham,black,56,16.4
2025,2180,Portland SD 1J,1278,Markham,multi,15,4.4
2025,2180,Portland SD 1J,875,Marysville,all,320,100
2025,2180,Portland SD 1J,875,Marysville,combined_underserved,244,76.2
2025,2180,Portland SD 1J,875,Marysville,direct_cert,193,60.3
2025,2180,Portland SD 1J,875,Marysville,lep,40,12.5
2025,2180,Portland SD 1J,875,Marysville,swd,64,20
2025,2180,Portland SD 1J,875,Marysville,historically_underserved,145,45.3
2025,2180,Portland SD 1J,875,Marysville,hispanic,61,19.1
2025,2180,Portland SD 1J,875,Marysville,black,37,11.6
2025,2180,Portland SD 1J,875,Marysville,multi,33,10.3
2025,2180,Portland SD 1J,866,MLK Jr,all,312,100
2025,2180,Portland SD 1J,866,MLK Jr,combined_underserved,225,72.1
2025,2180,Portland SD 1J,866,MLK Jr,direct_cert,161,51.6
2025,2180,Portland SD 1J,866,MLK Jr,lep,38,12.2
2025,2180,Portland SD 1J,866,MLK Jr,swd,46,14.7
2025,2180,Portland SD 1J,866,MLK Jr,historically_underserved,195,62.5
2025,2180,Portland SD 1J,866,MLK Jr,hispanic,65,20.8
2025,2180,Portland SD 1J,866,MLK Jr,black,97,31.1
2025,2180,Portland SD 1J,866,MLK Jr,multi,32,10.3
2025,2180,Portland SD 1J,NA,Odyssey,all,211,100
2025,2180,Portland SD 1J,NA,Odyssey,combined_underserved,65,30.8
2025,2180,Portland SD 1J,NA,Odyssey,direct_cert,10,4.7
2025,2180,Portland SD 1J,NA,Odyssey,lep,1,0.5
2025,2180,Portland SD 1J,NA,Odyssey,swd,41,19.4
2025,2180,Portland SD 1J,NA,Odyssey,historically_underserved,24,11.4
2025,2180,Portland SD 1J,NA,Odyssey,hispanic,8,3.8
2025,2180,Portland SD 1J,NA,Odyssey,black,4,1.9
2025,2180,Portland SD 1J,NA,Odyssey,multi,12,5.7
2025,2180,Portland SD 1J,879,Peninsula,all,235,100
2025,2180,Portland SD 1J,879,Peninsula,combined_underserved,148,63
2025,2180,Portland SD 1J,879,Peninsula,direct_cert,84,35.7
2025,2180,Portland SD 1J,879,Peninsula,lep,12,5.1
2025,2180,Portland SD 1J,879,Peninsula,swd,56,23.8
2025,2180,Portland SD 1J,879,Peninsula,historically_underserved,107,45.5
2025,2180,Portland SD 1J,879,Peninsula,hispanic,46,19.6
2025,2180,Portland SD 1J,879,Peninsula,black,32,13.6
2025,2180,Portland SD 1J,879,Peninsula,multi,25,10.6
2025,2180,Portland SD 1J,883,Richmond,all,530,100
2025,2180,Portland SD 1J,883,Richmond,combined_underserved,170,32.1
2025,2180,Portland SD 1J,883,Richmond,direct_cert,54,10.2
2025,2180,Portland SD 1J,883,Richmond,lep,45,8.5
2025,2180,Portland SD 1J,883,Richmond,swd,53,10
2025,2180,Portland SD 1J,883,Richmond,historically_underserved,60,11.3
2025,2180,Portland SD 1J,883,Richmond,hispanic,34,6.4
2025,2180,Portland SD 1J,883,Richmond,black,6,1.1
2025,2180,Portland SD 1J,883,Richmond,multi,20,3.8
2025,2180,Portland SD 1J,1299,Rieke,all,278,100
2025,2180,Portland SD 1J,1299,Rieke,combined_underserved,107,38.5
2025,2180,Portland SD 1J,1299,Rieke,direct_cert,50,18
2025,2180,Portland SD 1J,1299,Rieke,lep,10,3.6
2025,2180,Portland SD 1J,1299,Rieke,swd,37,13.3
2025,2180,Portland SD 1J,1299,Rieke,historically_underserved,52,18.7
2025,2180,Portland SD 1J,1299,Rieke,hispanic,26,9.4
2025,2180,Portland SD 1J,1299,Rieke,black,10,3.6
2025,2180,Portland SD 1J,1299,Rieke,multi,15,5.4
2025,2180,Portland SD 1J,884,Rigler,all,301,100
2025,2180,Portland SD 1J,884,Rigler,combined_underserved,230,76.4
2025,2180,Portland SD 1J,884,Rigler,direct_cert,159,52.8
2025,2180,Portland SD 1J,884,Rigler,lep,147,48.8
2025,2180,Portland SD 1J,884,Rigler,swd,40,13.3
2025,2180,Portland SD 1J,884,Rigler,historically_underserved,207,68.8
2025,2180,Portland SD 1J,884,Rigler,hispanic,191,63.5
2025,2180,Portland SD 1J,884,Rigler,black,12,4
2025,2180,Portland SD 1J,884,Rigler,multi,4,1.3
2025,2180,Portland SD 1J,829,Rosa Parks,all,172,100
2025,2180,Portland SD 1J,829,Rosa Parks,combined_underserved,167,97.1
2025,2180,Portland SD 1J,829,Rosa Parks,direct_cert,145,84.3
2025,2180,Portland SD 1J,829,Rosa Parks,lep,56,32.6
2025,2180,Portland SD 1J,829,Rosa Parks,swd,46,26.7
2025,2180,Portland SD 1J,829,Rosa Parks,historically_underserved,146,84.9
2025,2180,Portland SD 1J,829,Rosa Parks,hispanic,63,36.6
2025,2180,Portland SD 1J,829,Rosa Parks,black,64,37.2
2025,2180,Portland SD 1J,829,Rosa Parks,multi,13,7.6
2025,2180,Portland SD 1J,5427,Rose City Park,all,446,100
2025,2180,Portland SD 1J,5427,Rose City Park,combined_underserved,240,53.8
2025,2180,Portland SD 1J,5427,Rose City Park,direct_cert,144,32.3
2025,2180,Portland SD 1J,5427,Rose City Park,lep,95,21.3
2025,2180,Portland SD 1J,5427,Rose City Park,swd,57,12.8
2025,2180,Portland SD 1J,5427,Rose City Park,historically_underserved,73,16.4
2025,2180,Portland SD 1J,5427,Rose City Park,hispanic,27,6.1
2025,2180,Portland SD 1J,5427,Rose City Park,black,17,3.8
2025,2180,Portland SD 1J,5427,Rose City Park,multi,28,6.3
2025,2180,Portland SD 1J,886,Sabin,all,293,100
2025,2180,Portland SD 1J,886,Sabin,combined_underserved,141,48.1
2025,2180,Portland SD 1J,886,Sabin,direct_cert,90,30.7
2025,2180,Portland SD 1J,886,Sabin,lep,12,4.1
2025,2180,Portland SD 1J,886,Sabin,swd,59,20.1
2025,2180,Portland SD 1J,886,Sabin,historically_underserved,99,33.8
2025,2180,Portland SD 1J,886,Sabin,hispanic,24,8.2
2025,2180,Portland SD 1J,886,Sabin,black,44,15
2025,2180,Portland SD 1J,886,Sabin,multi,26,8.9
2025,2180,Portland SD 1J,887,Scott,all,494,100
2025,2180,Portland SD 1J,887,Scott,combined_underserved,364,73.7
2025,2180,Portland SD 1J,887,Scott,direct_cert,267,54
2025,2180,Portland SD 1J,887,Scott,lep,126,25.5
2025,2180,Portland SD 1J,887,Scott,swd,89,18
2025,2180,Portland SD 1J,887,Scott,historically_underserved,291,58.9
2025,2180,Portland SD 1J,887,Scott,hispanic,186,37.7
2025,2180,Portland SD 1J,887,Scott,black,53,10.7
2025,2180,Portland SD 1J,887,Scott,multi,38,7.7
2025,2180,Portland SD 1J,889,Sitton,all,339,100
2025,2180,Portland SD 1J,889,Sitton,combined_underserved,280,82.6
2025,2180,Portland SD 1J,889,Sitton,direct_cert,211,62.2
2025,2180,Portland SD 1J,889,Sitton,lep,112,33
2025,2180,Portland SD 1J,889,Sitton,swd,71,20.9
2025,2180,Portland SD 1J,889,Sitton,historically_underserved,225,66.4
2025,2180,Portland SD 1J,889,Sitton,hispanic,148,43.7
2025,2180,Portland SD 1J,889,Sitton,black,39,11.5
2025,2180,Portland SD 1J,889,Sitton,multi,34,10
2025,2180,Portland SD 1J,890,Skyline,all,226,100
2025,2180,Portland SD 1J,890,Skyline,combined_underserved,91,40.3
2025,2180,Portland SD 1J,890,Skyline,direct_cert,28,12.4
2025,2180,Portland SD 1J,890,Skyline,lep,6,2.7
2025,2180,Portland SD 1J,890,Skyline,swd,42,18.6
2025,2180,Portland SD 1J,890,Skyline,historically_underserved,43,19
2025,2180,Portland SD 1J,890,Skyline,hispanic,26,11.5
2025,2180,Portland SD 1J,890,Skyline,black,5,2.2
2025,2180,Portland SD 1J,890,Skyline,multi,11,4.9
2025,2180,Portland SD 1J,892,Stephenson,all,285,100
2025,2180,Portland SD 1J,892,Stephenson,combined_underserved,98,34.4
2025,2180,Portland SD 1J,892,Stephenson,direct_cert,27,9.5
2025,2180,Portland SD 1J,892,Stephenson,lep,9,3.2
2025,2180,Portland SD 1J,892,Stephenson,swd,50,17.5
2025,2180,Portland SD 1J,892,Stephenson,historically_underserved,44,15.4
2025,2180,Portland SD 1J,892,Stephenson,hispanic,22,7.7
2025,2180,Portland SD 1J,892,Stephenson,black,6,2.1
2025,2180,Portland SD 1J,892,Stephenson,multi,15,5.3
2025,2180,Portland SD 1J,893,Sunnyside Environmental,all,461,100
2025,2180,Portland SD 1J,893,Sunnyside Environmental,combined_underserved,229,49.7
2025,2180,Portland SD 1J,893,Sunnyside Environmental,direct_cert,106,23
2025,2180,Portland SD 1J,893,Sunnyside Environmental,lep,8,1.7
2025,2180,Portland SD 1J,893,Sunnyside Environmental,swd,100,21.7
2025,2180,Portland SD 1J,893,Sunnyside Environmental,historically_underserved,94,20.4
2025,2180,Portland SD 1J,893,Sunnyside Environmental,hispanic,53,11.5
2025,2180,Portland SD 1J,893,Sunnyside Environmental,black,9,2
2025,2180,Portland SD 1J,893,Sunnyside Environmental,multi,31,6.7
2025,2180,Portland SD 1J,895,Vernon,all,563,100
2025,2180,Portland SD 1J,895,Vernon,combined_underserved,320,56.8
2025,2180,Portland SD 1J,895,Vernon,direct_cert,174,30.9
2025,2180,Portland SD 1J,895,Vernon,lep,28,5
2025,2180,Portland SD 1J,895,Vernon,swd,80,14.2
2025,2180,Portland SD 1J,895,Vernon,historically_underserved,228,40.5
2025,2180,Portland SD 1J,895,Vernon,hispanic,65,11.5
2025,2180,Portland SD 1J,895,Vernon,black,88,15.6
2025,2180,Portland SD 1J,895,Vernon,multi,69,12.3
2025,2180,Portland SD 1J,896,Vestal,all,257,100
2025,2180,Portland SD 1J,896,Vestal,combined_underserved,189,73.5
2025,2180,Portland SD 1J,896,Vestal,direct_cert,115,44.7
2025,2180,Portland SD 1J,896,Vestal,lep,39,15.2
2025,2180,Portland SD 1J,896,Vestal,swd,68,26.5
2025,2180,Portland SD 1J,896,Vestal,historically_underserved,110,42.8
2025,2180,Portland SD 1J,896,Vestal,hispanic,50,19.5
2025,2180,Portland SD 1J,896,Vestal,black,26,10.1
2025,2180,Portland SD 1J,896,Vestal,multi,29,11.3
2025,2180,Portland SD 1J,900,Whitman,all,198,100
2025,2180,Portland SD 1J,900,Whitman,combined_underserved,160,80.8
2025,2180,Portland SD 1J,900,Whitman,direct_cert,128,64.6
2025,2180,Portland SD 1J,900,Whitman,lep,42,21.2
2025,2180,Portland SD 1J,900,Whitman,swd,53,26.8
2025,2180,Portland SD 1J,900,Whitman,historically_underserved,110,55.6
2025,2180,Portland SD 1J,900,Whitman,hispanic,53,26.8
2025,2180,Portland SD 1J,900,Whitman,black,21,10.6
2025,2180,Portland SD 1J,900,Whitman,multi,22,11.1
2025,2180,Portland SD 1J,1364,Winterhaven,all,322,100
2025,2180,Portland SD 1J,1364,Winterhaven,combined_underserved,93,28.9
2025,2180,Portland SD 1J,1364,Winterhaven,direct_cert,49,15.2
2025,2180,Portland SD 1J,1364,Winterhaven,lep,3,0.9
2025,2180,Portland SD 1J,1364,Winterhaven,swd,22,6.8
2025,2180,Portland SD 1J,1364,Winterhaven,historically_underserved,40,12.4
2025,2180,Portland SD 1J,1364,Winterhaven,hispanic,24,7.5
2025,2180,Portland SD 1J,1364,Winterhaven,black,5,1.6
2025,2180,Portland SD 1J,1364,Winterhaven,multi,10,3.1
2025,2180,Portland SD 1J,902,Woodlawn,all,306,100
2025,2180,Portland SD 1J,902,Woodlawn,combined_underserved,226,73.9
2025,2180,Portland SD 1J,902,Woodlawn,direct_cert,150,49
2025,2180,Portland SD 1J,902,Woodlawn,lep,31,10.1
2025,2180,Portland SD 1J,902,Woodlawn,swd,80,26.1
2025,2180,Portland SD 1J,902,Woodlawn,historically_underserved,186,60.8
2025,2180,Portland SD 1J,902,Woodlawn,hispanic,70,22.9
2025,2180,Portland SD 1J,902,Woodlawn,black,78,25.5
2025,2180,Portland SD 1J,902,Woodlawn,multi,36,11.8
2025,2180,Portland SD 1J,903,Woodmere,all,242,100
2025,2180,Portland SD 1J,903,Woodmere,combined_underserved,202,83.5
2025,2180,Portland SD 1J,903,Woodmere,direct_cert,151,62.4
2025,2180,Portland SD 1J,903,Woodmere,lep,58,24
2025,2180,Portland SD 1J,903,Woodmere,swd,79,32.6
2025,2180,Portland SD 1J,903,Woodmere,historically_underserved,121,50
2025,2180,Portland SD 1J,903,Woodmere,hispanic,60,24.8
2025,2180,Portland SD 1J,903,Woodmere,black,25,10.3
2025,2180,Portland SD 1J,903,Woodmere,multi,33,13.6
2025,2180,Portland SD 1J,904,Woodstock,all,394,100
2025,2180,Portland SD 1J,904,Woodstock,combined_underserved,171,43.4
2025,2180,Portland SD 1J,904,Woodstock,direct_cert,89,22.6
2025,2180,Portland SD 1J,904,Woodstock,lep,51,12.9
2025,2180,Portland SD 1J,904,Woodstock,swd,53,13.5
2025,2180,Portland SD 1J,904,Woodstock,historically_underserved,54,13.7
2025,2180,Portland SD 1J,904,Woodstock,hispanic,34,8.6
2025,2180,Portland SD 1J,904,Woodstock,black,5,1.3
2025,2180,Portland SD 1J,904,Woodstock,multi,13,3.3
2025,2180,Portland SD 1J,831,Beaumont,all,435,100
2025,2180,Portland SD 1J,831,Beaumont,combined_underserved,196,45.1
2025,2180,Portland SD 1J,831,Beaumont,direct_cert,104,23.9
2025,2180,Portland SD 1J,831,Beaumont,lep,56,12.9
2025,2180,Portland SD 1J,831,Beaumont,swd,74,17
2025,2180,Portland SD 1J,831,Beaumont,historically_underserved,142,32.6
2025,2180,Portland SD 1J,831,Beaumont,hispanic,114,26.2
2025,2180,Portland SD 1J,831,Beaumont,black,10,2.3
2025,2180,Portland SD 1J,831,Beaumont,multi,16,3.7
2025,2180,Portland SD 1J,1363,da Vinci,all,427,100
2025,2180,Portland SD 1J,1363,da Vinci,combined_underserved,235,55
2025,2180,Portland SD 1J,1363,da Vinci,direct_cert,131,30.7
2025,2180,Portland SD 1J,1363,da Vinci,lep,12,2.8
2025,2180,Portland SD 1J,1363,da Vinci,swd,84,19.7
2025,2180,Portland SD 1J,1363,da Vinci,historically_underserved,128,30
2025,2180,Portland SD 1J,1363,da Vinci,hispanic,59,13.8
2025,2180,Portland SD 1J,1363,da Vinci,black,28,6.6
2025,2180,Portland SD 1J,1363,da Vinci,multi,36,8.4
2025,2180,Portland SD 1J,849,George,all,404,100
2025,2180,Portland SD 1J,849,George,combined_underserved,357,88.4
2025,2180,Portland SD 1J,849,George,direct_cert,285,70.5
2025,2180,Portland SD 1J,849,George,lep,101,25
2025,2180,Portland SD 1J,849,George,swd,107,26.5
2025,2180,Portland SD 1J,849,George,historically_underserved,302,74.8
2025,2180,Portland SD 1J,849,George,hispanic,173,42.8
2025,2180,Portland SD 1J,849,George,black,81,20
2025,2180,Portland SD 1J,849,George,multi,40,9.9
2025,2180,Portland SD 1J,852,Gray,all,438,100
2025,2180,Portland SD 1J,852,Gray,combined_underserved,183,41.8
2025,2180,Portland SD 1J,852,Gray,direct_cert,89,20.3
2025,2180,Portland SD 1J,852,Gray,lep,21,4.8
2025,2180,Portland SD 1J,852,Gray,swd,79,18
2025,2180,Portland SD 1J,852,Gray,historically_underserved,85,19.4
2025,2180,Portland SD 1J,852,Gray,hispanic,47,10.7
2025,2180,Portland SD 1J,852,Gray,black,16,3.7
2025,2180,Portland SD 1J,852,Gray,multi,21,4.8
2025,2180,Portland SD 1J,894,Harriet Tubman,all,328,100
2025,2180,Portland SD 1J,894,Harriet Tubman,combined_underserved,199,60.7
2025,2180,Portland SD 1J,894,Harriet Tubman,direct_cert,134,40.9
2025,2180,Portland SD 1J,894,Harriet Tubman,lep,19,5.8
2025,2180,Portland SD 1J,894,Harriet Tubman,swd,47,14.3
2025,2180,Portland SD 1J,894,Harriet Tubman,historically_underserved,167,50.9
2025,2180,Portland SD 1J,894,Harriet Tubman,hispanic,60,18.3
2025,2180,Portland SD 1J,894,Harriet Tubman,black,76,23.2
2025,2180,Portland SD 1J,894,Harriet Tubman,multi,30,9.1
2025,2180,Portland SD 1J,842,Harrison Park,all,372,100
2025,2180,Portland SD 1J,842,Harrison Park,combined_underserved,251,67.5
2025,2180,Portland SD 1J,842,Harrison Park,direct_cert,194,52.2
2025,2180,Portland SD 1J,842,Harrison Park,lep,65,17.5
2025,2180,Portland SD 1J,842,Harrison Park,swd,45,12.1
2025,2180,Portland SD 1J,842,Harrison Park,historically_underserved,144,38.7
2025,2180,Portland SD 1J,842,Harrison Park,hispanic,53,14.2
2025,2180,Portland SD 1J,842,Harrison Park,black,49,13.2
2025,2180,Portland SD 1J,842,Harrison Park,multi,28,7.5
2025,2180,Portland SD 1J,858,Hosford,all,537,100
2025,2180,Portland SD 1J,858,Hosford,combined_underserved,235,43.8
2025,2180,Portland SD 1J,858,Hosford,direct_cert,142,26.4
2025,2180,Portland SD 1J,858,Hosford,lep,28,5.2
2025,2180,Portland SD 1J,858,Hosford,swd,87,16.2
2025,2180,Portland SD 1J,858,Hosford,historically_underserved,113,21
2025,2180,Portland SD 1J,858,Hosford,hispanic,53,9.9
2025,2180,Portland SD 1J,858,Hosford,black,20,3.7
2025,2180,Portland SD 1J,858,Hosford,multi,31,5.8
2025,2180,Portland SD 1J,1277,Jackson,all,715,100
2025,2180,Portland SD 1J,1277,Jackson,combined_underserved,298,41.7
2025,2180,Portland SD 1J,1277,Jackson,direct_cert,162,22.7
2025,2180,Portland SD 1J,1277,Jackson,lep,37,5.2
2025,2180,Portland SD 1J,1277,Jackson,swd,113,15.8
2025,2180,Portland SD 1J,1277,Jackson,historically_underserved,178,24.9
2025,2180,Portland SD 1J,1277,Jackson,hispanic,78,10.9
2025,2180,Portland SD 1J,1277,Jackson,black,51,7.1
2025,2180,Portland SD 1J,1277,Jackson,multi,41,5.7
2025,2180,Portland SD 1J,863,Kellogg,all,594,100
2025,2180,Portland SD 1J,863,Kellogg,combined_underserved,418,70.4
2025,2180,Portland SD 1J,863,Kellogg,direct_cert,275,46.3
2025,2180,Portland SD 1J,863,Kellogg,lep,100,16.8
2025,2180,Portland SD 1J,863,Kellogg,swd,122,20.5
2025,2180,Portland SD 1J,863,Kellogg,historically_underserved,281,47.3
2025,2180,Portland SD 1J,863,Kellogg,hispanic,210,35.4
2025,2180,Portland SD 1J,863,Kellogg,black,23,3.9
2025,2180,Portland SD 1J,863,Kellogg,multi,41,6.9
2025,2180,Portland SD 1J,1243,Lane,all,418,100
2025,2180,Portland SD 1J,1243,Lane,combined_underserved,339,81.1
2025,2180,Portland SD 1J,1243,Lane,direct_cert,248,59.3
2025,2180,Portland SD 1J,1243,Lane,lep,86,20.6
2025,2180,Portland SD 1J,1243,Lane,swd,109,26.1
2025,2180,Portland SD 1J,1243,Lane,historically_underserved,189,45.2
2025,2180,Portland SD 1J,1243,Lane,hispanic,117,28
2025,2180,Portland SD 1J,1243,Lane,black,39,9.3
2025,2180,Portland SD 1J,1243,Lane,multi,24,5.7
2025,2180,Portland SD 1J,877,Mt Tabor,all,467,100
2025,2180,Portland SD 1J,877,Mt Tabor,combined_underserved,157,33.6
2025,2180,Portland SD 1J,877,Mt Tabor,direct_cert,74,15.8
2025,2180,Portland SD 1J,877,Mt Tabor,lep,8,1.7
2025,2180,Portland SD 1J,877,Mt Tabor,swd,66,14.1
2025,2180,Portland SD 1J,877,Mt Tabor,historically_underserved,66,14.1
2025,2180,Portland SD 1J,877,Mt Tabor,hispanic,41,8.8
2025,2180,Portland SD 1J,877,Mt Tabor,black,9,1.9
2025,2180,Portland SD 1J,877,Mt Tabor,multi,15,3.2
2025,2180,Portland SD 1J,878,Ockley Green,all,410,100
2025,2180,Portland SD 1J,878,Ockley Green,combined_underserved,246,60
2025,2180,Portland SD 1J,878,Ockley Green,direct_cert,143,34.9
2025,2180,Portland SD 1J,878,Ockley Green,lep,31,7.6
2025,2180,Portland SD 1J,878,Ockley Green,swd,65,15.9
2025,2180,Portland SD 1J,878,Ockley Green,historically_underserved,189,46.1
2025,2180,Portland SD 1J,878,Ockley Green,hispanic,76,18.5
2025,2180,Portland SD 1J,878,Ockley Green,black,62,15.1
2025,2180,Portland SD 1J,878,Ockley Green,multi,46,11.2
2025,2180,Portland SD 1J,885,Roseway Heights,all,565,100
2025,2180,Portland SD 1J,885,Roseway Heights,combined_underserved,375,66.4
2025,2180,Portland SD 1J,885,Roseway Heights,direct_cert,281,49.7
2025,2180,Portland SD 1J,885,Roseway Heights,lep,102,18.1
2025,2180,Portland SD 1J,885,Roseway Heights,swd,94,16.6
2025,2180,Portland SD 1J,885,Roseway Heights,historically_underserved,260,46
2025,2180,Portland SD 1J,885,Roseway Heights,hispanic,142,25.1
2025,2180,Portland SD 1J,885,Roseway Heights,black,60,10.6
2025,2180,Portland SD 1J,885,Roseway Heights,multi,47,8.3
2025,2180,Portland SD 1J,888,Sellwood,all,576,100
2025,2180,Portland SD 1J,888,Sellwood,combined_underserved,188,32.6
2025,2180,Portland SD 1J,888,Sellwood,direct_cert,77,13.4
2025,2180,Portland SD 1J,888,Sellwood,lep,10,1.7
2025,2180,Portland SD 1J,888,Sellwood,swd,79,13.7
2025,2180,Portland SD 1J,888,Sellwood,historically_underserved,81,14.1
2025,2180,Portland SD 1J,888,Sellwood,hispanic,49,8.5
2025,2180,Portland SD 1J,888,Sellwood,black,7,1.2
2025,2180,Portland SD 1J,888,Sellwood,multi,25,4.3
2025,2180,Portland SD 1J,898,West Sylvan,all,670,100
2025,2180,Portland SD 1J,898,West Sylvan,combined_underserved,257,38.4
2025,2180,Portland SD 1J,898,West Sylvan,direct_cert,104,15.5
2025,2180,Portland SD 1J,898,West Sylvan,lep,29,4.3
2025,2180,Portland SD 1J,898,West Sylvan,swd,79,11.8
2025,2180,Portland SD 1J,898,West Sylvan,historically_underserved,142,21.2
2025,2180,Portland SD 1J,898,West Sylvan,hispanic,80,11.9
2025,2180,Portland SD 1J,898,West Sylvan,black,24,3.6
2025,2180,Portland SD 1J,898,West Sylvan,multi,35,5.2
2025,2180,Portland SD 1J,906,Benson,all,896,100
2025,2180,Portland SD 1J,906,Benson,combined_underserved,616,68.8
2025,2180,Portland SD 1J,906,Benson,direct_cert,330,36.8
2025,2180,Portland SD 1J,906,Benson,lep,58,6.5
2025,2180,Portland SD 1J,906,Benson,swd,226,25.2
2025,2180,Portland SD 1J,906,Benson,historically_underserved,408,45.5
2025,2180,Portland SD 1J,906,Benson,hispanic,236,26.3
2025,2180,Portland SD 1J,906,Benson,black,88,9.8
2025,2180,Portland SD 1J,906,Benson,multi,76,8.5
2025,2180,Portland SD 1J,909,Cleveland,all,1422,100
2025,2180,Portland SD 1J,909,Cleveland,combined_underserved,477,33.5
2025,2180,Portland SD 1J,909,Cleveland,direct_cert,224,15.8
2025,2180,Portland SD 1J,909,Cleveland,lep,40,2.8
2025,2180,Portland SD 1J,909,Cleveland,swd,195,13.7
2025,2180,Portland SD 1J,909,Cleveland,historically_underserved,232,16.3
2025,2180,Portland SD 1J,909,Cleveland,hispanic,127,8.9
2025,2180,Portland SD 1J,909,Cleveland,black,42,3
2025,2180,Portland SD 1J,909,Cleveland,multi,57,4
2025,2180,Portland SD 1J,911,Franklin,all,1809,100
2025,2180,Portland SD 1J,911,Franklin,combined_underserved,994,54.9
2025,2180,Portland SD 1J,911,Franklin,direct_cert,606,33.5
2025,2180,Portland SD 1J,911,Franklin,lep,184,10.2
2025,2180,Portland SD 1J,911,Franklin,swd,263,14.5
2025,2180,Portland SD 1J,911,Franklin,historically_underserved,582,32.2
2025,2180,Portland SD 1J,911,Franklin,hispanic,367,20.3
2025,2180,Portland SD 1J,911,Franklin,black,82,4.5
2025,2180,Portland SD 1J,911,Franklin,multi,108,6
2025,2180,Portland SD 1J,912,Grant,all,2149,100
2025,2180,Portland SD 1J,912,Grant,combined_underserved,668,31.1
2025,2180,Portland SD 1J,912,Grant,direct_cert,290,13.5
2025,2180,Portland SD 1J,912,Grant,lep,33,1.5
2025,2180,Portland SD 1J,912,Grant,swd,214,10
2025,2180,Portland SD 1J,912,Grant,historically_underserved,428,19.9
2025,2180,Portland SD 1J,912,Grant,hispanic,178,8.3
2025,2180,Portland SD 1J,912,Grant,black,138,6.4
2025,2180,Portland SD 1J,912,Grant,multi,107,5
2025,2180,Portland SD 1J,922,Ida B. Wells-Barnett,all,1650,100
2025,2180,Portland SD 1J,922,Ida B. Wells-Barnett,combined_underserved,561,34
2025,2180,Portland SD 1J,922,Ida B. Wells-Barnett,direct_cert,273,16.5
2025,2180,Portland SD 1J,922,Ida B. Wells-Barnett,lep,53,3.2
2025,2180,Portland SD 1J,922,Ida B. Wells-Barnett,swd,184,11.2
2025,2180,Portland SD 1J,922,Ida B. Wells-Barnett,historically_underserved,321,19.5
2025,2180,Portland SD 1J,922,Ida B. Wells-Barnett,hispanic,156,9.5
2025,2180,Portland SD 1J,922,Ida B. Wells-Barnett,black,66,4
2025,2180,Portland SD 1J,922,Ida B. Wells-Barnett,multi,90,5.5
2025,2180,Portland SD 1J,913,Jefferson,all,459,100
2025,2180,Portland SD 1J,913,Jefferson,combined_underserved,396,86.3
2025,2180,Portland SD 1J,913,Jefferson,direct_cert,259,56.4
2025,2180,Portland SD 1J,913,Jefferson,lep,47,10.2
2025,2180,Portland SD 1J,913,Jefferson,swd,72,15.7
2025,2180,Portland SD 1J,913,Jefferson,historically_underserved,373,81.3
2025,2180,Portland SD 1J,913,Jefferson,hispanic,98,21.4
2025,2180,Portland SD 1J,913,Jefferson,black,215,46.8
2025,2180,Portland SD 1J,913,Jefferson,multi,55,12
2025,2180,Portland SD 1J,914,Lincoln,all,1615,100
2025,2180,Portland SD 1J,914,Lincoln,combined_underserved,534,33.1
2025,2180,Portland SD 1J,914,Lincoln,direct_cert,201,12.4
2025,2180,Portland SD 1J,914,Lincoln,lep,51,3.2
2025,2180,Portland SD 1J,914,Lincoln,swd,142,8.8
2025,2180,Portland SD 1J,914,Lincoln,historically_underserved,338,20.9
2025,2180,Portland SD 1J,914,Lincoln,hispanic,185,11.5
2025,2180,Portland SD 1J,914,Lincoln,black,64,4
2025,2180,Portland SD 1J,914,Lincoln,multi,83,5.1
2025,2180,Portland SD 1J,915,McDaniel,all,1686,100
2025,2180,Portland SD 1J,915,McDaniel,combined_underserved,1113,66
2025,2180,Portland SD 1J,915,McDaniel,direct_cert,743,44.1
2025,2180,Portland SD 1J,915,McDaniel,lep,327,19.4
2025,2180,Portland SD 1J,915,McDaniel,swd,243,14.4
2025,2180,Portland SD 1J,915,McDaniel,historically_underserved,816,48.4
2025,2180,Portland SD 1J,915,McDaniel,hispanic,479,28.4
2025,2180,Portland SD 1J,915,McDaniel,black,207,12.3
2025,2180,Portland SD 1J,915,McDaniel,multi,101,6
2025,2180,Portland SD 1J,918,Roosevelt,all,1452,100
2025,2180,Portland SD 1J,918,Roosevelt,combined_underserved,1042,71.8
2025,2180,Portland SD 1J,918,Roosevelt,direct_cert,683,47
2025,2180,Portland SD 1J,918,Roosevelt,lep,261,18
2025,2180,Portland SD 1J,918,Roosevelt,swd,227,15.6
2025,2180,Portland SD 1J,918,Roosevelt,historically_underserved,885,61
2025,2180,Portland SD 1J,918,Roosevelt,hispanic,541,37.3
2025,2180,Portland SD 1J,918,Roosevelt,black,192,13.2
2025,2180,Portland SD 1J,918,Roosevelt,multi,123,8.5
2025,2180,Portland SD 1J,NA,ACCESS,all,323,100
2025,2180,Portland SD 1J,NA,ACCESS,combined_underserved,107,33.1
2025,2180,Portland SD 1J,NA,ACCESS,direct_cert,34,10.5
2025,2180,Portland SD 1J,NA,ACCESS,lep,NA,NA
2025,2180,Portland SD 1J,NA,ACCESS,swd,54,16.7
2025,2180,Portland SD 1J,NA,ACCESS,historically_underserved,33,10.2
2025,2180,Portland SD 1J,NA,ACCESS,hispanic,16,5
2025,2180,Portland SD 1J,NA,ACCESS,black,1,0.3
2025,2180,Portland SD 1J,NA,ACCESS,multi,13,4
2025,2180,Portland SD 1J,4507,Alliance,all,201,100
2025,2180,Portland SD 1J,4507,Alliance,combined_underserved,154,76.6
2025,2180,Portland SD 1J,4507,Alliance,direct_cert,86,42.8
2025,2180,Portland SD 1J,4507,Alliance,lep,8,4
2025,2180,Portland SD 1J,4507,Alliance,swd,80,39.8
2025,2180,Portland SD 1J,4507,Alliance,historically_underserved,91,45.3
2025,2180,Portland SD 1J,4507,Alliance,hispanic,50,24.9
2025,2180,Portland SD 1J,4507,Alliance,black,16,8
2025,2180,Portland SD 1J,4507,Alliance,multi,20,10
2025,2180,Portland SD 1J,NA,Head Start Early Childhood Ed,all,711,100
2025,2180,Portland SD 1J,NA,Head Start Early Childhood Ed,combined_underserved,600,84.4
2025,2180,Portland SD 1J,NA,Head Start Early Childhood Ed,direct_cert,470,66.1
2025,2180,Portland SD 1J,NA,Head Start Early Childhood Ed,lep,NA,NA
2025,2180,Portland SD 1J,NA,Head Start Early Childhood Ed,swd,NA,NA
2025,2180,Portland SD 1J,NA,Head Start Early Childhood Ed,historically_underserved,483,67.9
2025,2180,Portland SD 1J,NA,Head Start Early Childhood Ed,hispanic,291,40.9
2025,2180,Portland SD 1J,NA,Head Start Early Childhood Ed,black,117,16.5
2025,2180,Portland SD 1J,NA,Head Start Early Childhood Ed,multi,45,6.3
2025,2180,Portland SD 1J,916,Metro. Learning Center,all,319,100
2025,2180,Portland SD 1J,916,Metro. Learning Center,combined_underserved,164,51.4
2025,2180,Portland SD 1J,916,Metro. Learning Center,direct_cert,58,18.2
2025,2180,Portland SD 1J,916,Metro. Learning Center,lep,3,0.9
2025,2180,Portland SD 1J,916,Metro. Learning Center,swd,102,32
2025,2180,Portland SD 1J,916,Metro. Learning Center,historically_underserved,64,20.1
2025,2180,Portland SD 1J,916,Metro. Learning Center,hispanic,38,11.9
2025,2180,Portland SD 1J,916,Metro. Learning Center,black,4,1.3
2025,2180,Portland SD 1J,916,Metro. Learning Center,multi,22,6.9
2025,2180,Portland SD 1J,1803,Mt Scott Learning Center,all,100,100
2025,2180,Portland SD 1J,1803,Mt Scott Learning Center,combined_underserved,78,78
2025,2180,Portland SD 1J,1803,Mt Scott Learning Center,direct_cert,44,44
2025,2180,Portland SD 1J,1803,Mt Scott Learning Center,lep,2,2
2025,2180,Portland SD 1J,1803,Mt Scott Learning Center,swd,42,42
2025,2180,Portland SD 1J,1803,Mt Scott Learning Center,historically_underserved,33,33
2025,2180,Portland SD 1J,1803,Mt Scott Learning Center,hispanic,20,20
2025,2180,Portland SD 1J,1803,Mt Scott Learning Center,black,3,3
2025,2180,Portland SD 1J,1803,Mt Scott Learning Center,multi,10,10
2025,2180,Portland SD 1J,4587,NAYA Many Nations Academy,all,50,100
2025,2180,Portland SD 1J,4587,NAYA Many Nations Academy,combined_underserved,49,98
2025,2180,Portland SD 1J,4587,NAYA Many Nations Academy,direct_cert,26,52
2025,2180,Portland SD 1J,4587,NAYA Many Nations Academy,lep,2,4
2025,2180,Portland SD 1J,4587,NAYA Many Nations Academy,swd,11,22
2025,2180,Portland SD 1J,4587,NAYA Many Nations Academy,historically_underserved,47,94
2025,2180,Portland SD 1J,4587,NAYA Many Nations Academy,hispanic,9,18
2025,2180,Portland SD 1J,4587,NAYA Many Nations Academy,black,5,10
2025,2180,Portland SD 1J,4587,NAYA Many Nations Academy,multi,12,24
2025,2180,Portland SD 1J,NA,PCC,all,386,100
2025,2180,Portland SD 1J,NA,PCC,combined_underserved,248,64.2
2025,2180,Portland SD 1J,NA,PCC,direct_cert,122,31.6
2025,2180,Portland SD 1J,NA,PCC,lep,65,16.8
2025,2180,Portland SD 1J,NA,PCC,swd,42,10.9
2025,2180,Portland SD 1J,NA,PCC,historically_underserved,172,44.6
2025,2180,Portland SD 1J,NA,PCC,hispanic,111,28.8
2025,2180,Portland SD 1J,NA,PCC,black,31,8
2025,2180,Portland SD 1J,NA,PCC,multi,26,6.7
2025,2180,Portland SD 1J,5877,Rosemary Anderson,all,245,100
2025,2180,Portland SD 1J,5877,Rosemary Anderson,combined_underserved,230,93.9
2025,2180,Portland SD 1J,5877,Rosemary Anderson,direct_cert,139,56.7
2025,2180,Portland SD 1J,5877,Rosemary Anderson,lep,26,10.6
2025,2180,Portland SD 1J,5877,Rosemary Anderson,swd,77,31.4
2025,2180,Portland SD 1J,5877,Rosemary Anderson,historically_underserved,203,82.9
2025,2180,Portland SD 1J,5877,Rosemary Anderson,hispanic,76,31
2025,2180,Portland SD 1J,5877,Rosemary Anderson,black,85,34.7
2025,2180,Portland SD 1J,5877,Rosemary Anderson,multi,36,14.7
2025,2180,Portland SD 1J,NA,Youth Builders,all,9,100
2025,2180,Portland SD 1J,NA,Youth Builders,combined_underserved,5,55.6
2025,2180,Portland SD 1J,NA,Youth Builders,direct_cert,2,22.2
2025,2180,Portland SD 1J,NA,Youth Builders,lep,NA,NA
2025,2180,Portland SD 1J,NA,Youth Builders,swd,1,11.1
2025,2180,Portland SD 1J,NA,Youth Builders,historically_underserved,4,44.4
2025,2180,Portland SD 1J,NA,Youth Builders,hispanic,2,22.2
2025,2180,Portland SD 1J,NA,Youth Builders,black,1,11.1
2025,2180,Portland SD 1J,NA,Youth Builders,multi,1,11.1
2025,2180,Portland SD 1J,NA,Youth Progress Association,all,4,100
2025,2180,Portland SD 1J,NA,Youth Progress Association,combined_underserved,1,25
2025,2180,Portland SD 1J,NA,Youth Progress Association,direct_cert,NA,NA
2025,2180,Portland SD 1J,NA,Youth Progress Association,lep,NA,NA
2025,2180,Portland SD 1J,NA,Youth Progress Association,swd,1,25
2025,2180,Portland SD 1J,NA,Youth Progress Association,historically_underserved,NA,NA
2025,2180,Portland SD 1J,NA,Youth Progress Association,hispanic,NA,NA
2025,2180,Portland SD 1J,NA,Youth Progress Association,black,NA,NA
2025,2180,Portland SD 1J,NA,Youth Progress Association,multi,NA,NA
2025,2180,Portland SD 1J,NA,CTC Northeast,all,48,100
2025,2180,Portland SD 1J,NA,CTC Northeast,combined_underserved,48,100
2025,2180,Portland SD 1J,NA,CTC Northeast,direct_cert,41,85.4
2025,2180,Portland SD 1J,NA,CTC Northeast,lep,4,8.3
2025,2180,Portland SD 1J,NA,CTC Northeast,swd,47,97.9
2025,2180,Portland SD 1J,NA,CTC Northeast,historically_underserved,28,58.3
2025,2180,Portland SD 1J,NA,CTC Northeast,hispanic,8,16.7
2025,2180,Portland SD 1J,NA,CTC Northeast,black,12,25
2025,2180,Portland SD 1J,NA,CTC Northeast,multi,6,12.5
2025,2180,Portland SD 1J,NA,CTC Southeast,all,92,100
2025,2180,Portland SD 1J,NA,CTC Southeast,combined_underserved,91,98.9
2025,2180,Portland SD 1J,NA,CTC Southeast,direct_cert,57,62
2025,2180,Portland SD 1J,NA,CTC Southeast,lep,5,5.4
2025,2180,Portland SD 1J,NA,CTC Southeast,swd,90,97.8
2025,2180,Portland SD 1J,NA,CTC Southeast,historically_underserved,26,28.3
2025,2180,Portland SD 1J,NA,CTC Southeast,hispanic,12,13
2025,2180,Portland SD 1J,NA,CTC Southeast,black,8,8.7
2025,2180,Portland SD 1J,NA,CTC Southeast,multi,6,6.5
2025,2180,Portland SD 1J,NA,DART Programs,all,69,100
2025,2180,Portland SD 1J,NA,DART Programs,combined_underserved,53,76.8
2025,2180,Portland SD 1J,NA,DART Programs,direct_cert,12,17.4
2025,2180,Portland SD 1J,NA,DART Programs,lep,NA,NA
2025,2180,Portland SD 1J,NA,DART Programs,swd,38,55.1
2025,2180,Portland SD 1J,NA,DART Programs,historically_underserved,30,43.5
2025,2180,Portland SD 1J,NA,DART Programs,hispanic,19,27.5
2025,2180,Portland SD 1J,NA,DART Programs,black,3,4.3
2025,2180,Portland SD 1J,NA,DART Programs,multi,6,8.7
2025,2180,Portland SD 1J,NA,PPS Pioneer Programs,all,74,100
2025,2180,Portland SD 1J,NA,PPS Pioneer Programs,combined_underserved,74,100
2025,2180,Portland SD 1J,NA,PPS Pioneer Programs,direct_cert,48,64.9
2025,2180,Portland SD 1J,NA,PPS Pioneer Programs,lep,2,2.7
2025,2180,Portland SD 1J,NA,PPS Pioneer Programs,swd,72,97.3
2025,2180,Portland SD 1J,NA,PPS Pioneer Programs,historically_underserved,31,41.9
2025,2180,Portland SD 1J,NA,PPS Pioneer Programs,hispanic,8,10.8
2025,2180,Portland SD 1J,NA,PPS Pioneer Programs,black,8,10.8
2025,2180,Portland SD 1J,NA,PPS Pioneer Programs,multi,13,17.6
2025,2180,Portland SD 1J,NA,Providence Hospital,all,12,100
2025,2180,Portland SD 1J,NA,Providence Hospital,combined_underserved,11,91.7
2025,2180,Portland SD 1J,NA,Providence Hospital,direct_cert,1,8.3
2025,2180,Portland SD 1J,NA,Providence Hospital,lep,NA,NA
2025,2180,Portland SD 1J,NA,Providence Hospital,swd,11,91.7
2025,2180,Portland SD 1J,NA,Providence Hospital,historically_underserved,3,25
2025,2180,Portland SD 1J,NA,Providence Hospital,hispanic,NA,NA
2025,2180,Portland SD 1J,NA,Providence Hospital,black,2,16.7
2025,2180,Portland SD 1J,NA,Providence Hospital,multi,1,8.3
2025,2180,Portland SD 1J,NA,Serendipity,all,10,100
2025,2180,Portland SD 1J,NA,Serendipity,combined_underserved,10,100
2025,2180,Portland SD 1J,NA,Serendipity,direct_cert,2,20
2025,2180,Portland SD 1J,NA,Serendipity,lep,1,10
2025,2180,Portland SD 1J,NA,Serendipity,swd,9,90
2025,2180,Portland SD 1J,NA,Serendipity,historically_underserved,5,50
2025,2180,Portland SD 1J,NA,Serendipity,hispanic,2,20
2025,2180,Portland SD 1J,NA,Serendipity,black,2,20
2025,2180,Portland SD 1J,NA,Serendipity,multi,1,10
2025,2180,Portland SD 1J,NA,Special Education Instruction,all,51,100
2025,2180,Portland SD 1J,NA,Special Education Instruction,combined_underserved,49,96.1
2025,2180,Portland SD 1J,NA,Special Education Instruction,direct_cert,7,13.7
2025,2180,Portland SD 1J,NA,Special Education Instruction,lep,1,2
2025,2180,Portland SD 1J,NA,Special Education Instruction,swd,48,94.1
2025,2180,Portland SD 1J,NA,Special Education Instruction,historically_underserved,11,21.6
2025,2180,Portland SD 1J,NA,Special Education Instruction,hispanic,5,9.8
2025,2180,Portland SD 1J,NA,Special Education Instruction,black,2,3.9
2025,2180,Portland SD 1J,NA,Special Education Instruction,multi,2,3.9
2025,2180,Portland SD 1J,NA,Arthur Academy,all,166,100
2025,2180,Portland SD 1J,NA,Arthur Academy,combined_underserved,101,60.8
2025,2180,Portland SD 1J,NA,Arthur Academy,direct_cert,57,34.3
2025,2180,Portland SD 1J,NA,Arthur Academy,lep,36,21.7
2025,2180,Portland SD 1J,NA,Arthur Academy,swd,22,13.3
2025,2180,Portland SD 1J,NA,Arthur Academy,historically_underserved,43,25.9
2025,2180,Portland SD 1J,NA,Arthur Academy,hispanic,17,10.2
2025,2180,Portland SD 1J,NA,Arthur Academy,black,20,12
2025,2180,Portland SD 1J,NA,Arthur Academy,multi,5,3
2025,2180,Portland SD 1J,3991,Emerson School,all,130,100
2025,2180,Portland SD 1J,3991,Emerson School,combined_underserved,69,53.1
2025,2180,Portland SD 1J,3991,Emerson School,direct_cert,31,23.8
2025,2180,Portland SD 1J,3991,Emerson School,lep,5,3.8
2025,2180,Portland SD 1J,3991,Emerson School,swd,29,22.3
2025,2180,Portland SD 1J,3991,Emerson School,historically_underserved,33,25.4
2025,2180,Portland SD 1J,3991,Emerson School,hispanic,20,15.4
2025,2180,Portland SD 1J,3991,Emerson School,black,4,3.1
2025,2180,Portland SD 1J,3991,Emerson School,multi,9,6.9
2025,2180,Portland SD 1J,5218,Kairos PDX,all,226,100
2025,2180,Portland SD 1J,5218,Kairos PDX,combined_underserved,214,94.7
2025,2180,Portland SD 1J,5218,Kairos PDX,direct_cert,93,41.2
2025,2180,Portland SD 1J,5218,Kairos PDX,lep,5,2.2
2025,2180,Portland SD 1J,5218,Kairos PDX,swd,25,11.1
2025,2180,Portland SD 1J,5218,Kairos PDX,historically_underserved,207,91.6
2025,2180,Portland SD 1J,5218,Kairos PDX,hispanic,26,11.5
2025,2180,Portland SD 1J,5218,Kairos PDX,black,137,60.6
2025,2180,Portland SD 1J,5218,Kairos PDX,multi,41,18.1
2025,2180,Portland SD 1J,5060,Le Monde,all,376,100
2025,2180,Portland SD 1J,5060,Le Monde,combined_underserved,108,28.7
2025,2180,Portland SD 1J,5060,Le Monde,direct_cert,37,9.8
2025,2180,Portland SD 1J,5060,Le Monde,lep,2,0.5
2025,2180,Portland SD 1J,5060,Le Monde,swd,36,9.6
2025,2180,Portland SD 1J,5060,Le Monde,historically_underserved,54,14.4
2025,2180,Portland SD 1J,5060,Le Monde,hispanic,21,5.6
2025,2180,Portland SD 1J,5060,Le Monde,black,11,2.9
2025,2180,Portland SD 1J,5060,Le Monde,multi,21,5.6
2025,2180,Portland SD 1J,4534,Portland Village School,all,408,100
2025,2180,Portland SD 1J,4534,Portland Village School,combined_underserved,201,49.3
2025,2180,Portland SD 1J,4534,Portland Village School,direct_cert,100,24.5
2025,2180,Portland SD 1J,4534,Portland Village School,lep,15,3.7
2025,2180,Portland SD 1J,4534,Portland Village School,swd,65,15.9
2025,2180,Portland SD 1J,4534,Portland Village School,historically_underserved,82,20.1
2025,2180,Portland SD 1J,4534,Portland Village School,hispanic,50,12.3
2025,2180,Portland SD 1J,4534,Portland Village School,black,8,2
2025,2180,Portland SD 1J,4534,Portland Village School,multi,22,5.4
