SchoolYear,Institution_ID,Institution_Name,FundCd,FundDesc,SrcCd,SourceDesc,ActualRevAmt
2018-19,1894,Baker SD 5J,100,General Fund,1110,Ad valorem taxes levied by district,4674235.75
2018-19,1894,Baker SD 5J,100,General Fund,1312,Tuition from Other Districts within the State,84000
2018-19,1894,Baker SD 5J,100,General Fund,1320,Adult/Continuing Education Tuition,404564.95
2018-19,1894,Baker SD 5J,100,General Fund,1500,Earnings on Investments,142253.17
2018-19,1894,Baker SD 5J,100,General Fund,1910,Rentals,3000
2018-19,1894,Baker SD 5J,100,General Fund,1920,Contributions and Donations From Private Sources,1428
2018-19,1894,Baker SD 5J,500,Enterprise Funds,5400,Resources - Beginning Fund Balance,-17935
2018-19,1894,Baker SD 5J,700,Trust and Agency Funds,1500,Earnings on Investments,14353.84
2018-19,1894,Baker SD 5J,700,Trust and Agency Funds,1920,Contributions and Donations From Private Sources,30175
2018-19,1894,Baker SD 5J,700,Trust and Agency Funds,1990,Miscellaneous,313456.48
2018-19,1894,Baker SD 5J,700,Trust and Agency Funds,2200,Restricted Revenue,2500
2018-19,1894,Baker SD 5J,700,Trust and Agency Funds,5400,Resources - Beginning Fund Balance,557678.16
2018-19,1894,Baker SD 5J,300,Debt Service Funds,5400,Resources - Beginning Fund Balance,433091.81
2018-19,1894,Baker SD 5J,400,Capital Projects Funds,1500,Earnings on Investments,46072.08
2018-19,1894,Baker SD 5J,400,Capital Projects Funds,5200,Interfund Transfers,1200000
2018-19,1894,Baker SD 5J,400,Capital Projects Funds,5400,Resources - Beginning Fund Balance,1741708.09
2018-19,1894,Baker SD 5J,500,Enterprise Funds,1311,Tuition from Individuals,40000
2018-19,1894,Baker SD 5J,500,Enterprise Funds,1990,Miscellaneous,15951.08
2018-19,1894,Baker SD 5J,200,Special Revenue Funds,5100,Long Term Debt Financing Sources,199716
2018-19,1894,Baker SD 5J,200,Special Revenue Funds,5200,Interfund Transfers,1300
2018-19,1894,Baker SD 5J,200,Special Revenue Funds,5400,Resources - Beginning Fund Balance,1230546.67
2018-19,1894,Baker SD 5J,300,Debt Service Funds,1500,Earnings on Investments,16523.37
2018-19,1894,Baker SD 5J,300,Debt Service Funds,1970,Services Provided Other Funds,782154.64
2018-19,1894,Baker SD 5J,300,Debt Service Funds,5200,Interfund Transfers,217800
2018-19,1894,Baker SD 5J,200,Special Revenue Funds,3101,State School Fund --General Support,330019
2018-19,1894,Baker SD 5J,200,Special Revenue Funds,3102,State School Fund--School Lunch Match,4957.24
2018-19,1894,Baker SD 5J,200,Special Revenue Funds,3222,State School Fund (SSF) Transportation Equipment,124000
2018-19,1894,Baker SD 5J,200,Special Revenue Funds,3299,Other Restricted Grants-In-Aid,1954918.41
2018-19,1894,Baker SD 5J,200,Special Revenue Funds,4500,Restricted Revenue From Federal Government Through the State,1834495.69
2018-19,1894,Baker SD 5J,200,Special Revenue Funds,4900,Revenue for/on Behalf of the District,38422.68
2018-19,1894,Baker SD 5J,200,Special Revenue Funds,1700,Extra-Curricular Activities,357360.19
2018-19,1894,Baker SD 5J,200,Special Revenue Funds,1910,Rentals,2536.04
2018-19,1894,Baker SD 5J,200,Special Revenue Funds,1920,Contributions and Donations From Private Sources,35050
2018-19,1894,Baker SD 5J,200,Special Revenue Funds,1940,Services Provided Other Local Education Agencies,390789.1
2018-19,1894,Baker SD 5J,200,Special Revenue Funds,1990,Miscellaneous,127001.94
2018-19,1894,Baker SD 5J,200,Special Revenue Funds,2200,Restricted Revenue,599915.02
2018-19,1894,Baker SD 5J,100,General Fund,3299,Other Restricted Grants-In-Aid,10371.53
2018-19,1894,Baker SD 5J,100,General Fund,4801,Federal Forest Fees,143303.32
2018-19,1894,Baker SD 5J,100,General Fund,5400,Resources - Beginning Fund Balance,3716618.64
2018-19,1894,Baker SD 5J,200,Special Revenue Funds,1320,Adult/Continuing Education Tuition,4615.83
2018-19,1894,Baker SD 5J,200,Special Revenue Funds,1500,Earnings on Investments,27899.18
2018-19,1894,Baker SD 5J,200,Special Revenue Funds,1600,Food Service,104286.51
2018-19,1894,Baker SD 5J,100,General Fund,1940,Services Provided Other Local Education Agencies,6903.93
2018-19,1894,Baker SD 5J,100,General Fund,1980,Fees Charged to Grants,45933.46
2018-19,1894,Baker SD 5J,100,General Fund,1990,Miscellaneous,115234.8
2018-19,1894,Baker SD 5J,100,General Fund,2200,Restricted Revenue,1492892.79
2018-19,1894,Baker SD 5J,100,General Fund,3101,State School Fund --General Support,29672545.55
2018-19,1894,Baker SD 5J,100,General Fund,3103,Common School Fund,172295.8
2018-19,1895,Huntington SD 16J,100,General Fund,5400,Resources - Beginning Fund Balance,1043558
2018-19,1895,Huntington SD 16J,200,Special Revenue Funds,5400,Resources - Beginning Fund Balance,52816
2018-19,1895,Huntington SD 16J,400,Capital Projects Funds,5400,Resources - Beginning Fund Balance,26119
2018-19,1895,Huntington SD 16J,600,Internal Service Funds,5400,Resources - Beginning Fund Balance,16942
2018-19,1895,Huntington SD 16J,200,Special Revenue Funds,4300,Restricted Revenue Direct From the Federal Government,6055.49
2018-19,1895,Huntington SD 16J,200,Special Revenue Funds,4500,Restricted Revenue From Federal Government Through the State,78560.89
2018-19,1895,Huntington SD 16J,200,Special Revenue Funds,5200,Interfund Transfers,60970.65
2018-19,1895,Huntington SD 16J,600,Internal Service Funds,1500,Earnings on Investments,847.35
2018-19,1895,Huntington SD 16J,100,General Fund,5200,Interfund Transfers,1119.26
2018-19,1895,Huntington SD 16J,200,Special Revenue Funds,1500,Earnings on Investments,12.44
2018-19,1895,Huntington SD 16J,200,Special Revenue Funds,1700,Extra-Curricular Activities,39369.29
2018-19,1895,Huntington SD 16J,200,Special Revenue Funds,1910,Rentals,3900
2018-19,1895,Huntington SD 16J,200,Special Revenue Funds,1990,Miscellaneous,44785
2018-19,1895,Huntington SD 16J,200,Special Revenue Funds,3299,Other Restricted Grants-In-Aid,55473.89
2018-19,1895,Huntington SD 16J,100,General Fund,1500,Earnings on Investments,40877.92
2018-19,1895,Huntington SD 16J,100,General Fund,1990,Miscellaneous,39760.97
2018-19,1895,Huntington SD 16J,100,General Fund,3101,State School Fund --General Support,856136.87
2018-19,1895,Huntington SD 16J,100,General Fund,3103,Common School Fund,6522.78
2018-19,1895,Huntington SD 16J,100,General Fund,3299,Other Restricted Grants-In-Aid,731.06
2018-19,1895,Huntington SD 16J,100,General Fund,4801,Federal Forest Fees,10116.51
2018-19,1895,Huntington SD 16J,100,General Fund,1110,Ad valorem taxes levied by district,1009443.81
2018-19,1896,Burnt River SD 30J,100,General Fund,1110,Ad valorem taxes levied by district,276927
2018-19,1896,Burnt River SD 30J,100,General Fund,1500,Earnings on Investments,20905
2018-19,1896,Burnt River SD 30J,100,General Fund,1700,Extra-Curricular Activities,105
2018-19,1896,Burnt River SD 30J,100,General Fund,1910,Rentals,4792
2018-19,1896,Burnt River SD 30J,100,General Fund,1990,Miscellaneous,9981
2018-19,1896,Burnt River SD 30J,100,General Fund,2800,Revenue in Lieu of Taxes,1092
2018-19,1896,Burnt River SD 30J,200,Special Revenue Funds,5200,Interfund Transfers,30770
2018-19,1896,Burnt River SD 30J,200,Special Revenue Funds,5400,Resources - Beginning Fund Balance,50794
2018-19,1896,Burnt River SD 30J,600,Internal Service Funds,1500,Earnings on Investments,724
2018-19,1896,Burnt River SD 30J,600,Internal Service Funds,5400,Resources - Beginning Fund Balance,27907
2018-19,1896,Burnt River SD 30J,200,Special Revenue Funds,1600,Food Service,7253
2018-19,1896,Burnt River SD 30J,200,Special Revenue Funds,1920,Contributions and Donations From Private Sources,43000
2018-19,1896,Burnt River SD 30J,200,Special Revenue Funds,1990,Miscellaneous,24471
2018-19,1896,Burnt River SD 30J,200,Special Revenue Funds,3102,State School Fund--School Lunch Match,150
2018-19,1896,Burnt River SD 30J,200,Special Revenue Funds,4500,Restricted Revenue From Federal Government Through the State,53486
2018-19,1896,Burnt River SD 30J,200,Special Revenue Funds,4900,Revenue for/on Behalf of the District,1284
2018-19,1896,Burnt River SD 30J,100,General Fund,3101,State School Fund --General Support,1173517
2018-19,1896,Burnt River SD 30J,100,General Fund,3103,Common School Fund,2725
2018-19,1896,Burnt River SD 30J,100,General Fund,3299,Other Restricted Grants-In-Aid,40785
2018-19,1896,Burnt River SD 30J,100,General Fund,4801,Federal Forest Fees,3222
2018-19,1896,Burnt River SD 30J,100,General Fund,5400,Resources - Beginning Fund Balance,766098
2018-19,1896,Burnt River SD 30J,200,Special Revenue Funds,1500,Earnings on Investments,581
2018-19,1897,Pine Eagle SD 61,200,Special Revenue Funds,3299,Other Restricted Grants-In-Aid,51911.24
2018-19,1897,Pine Eagle SD 61,200,Special Revenue Funds,5200,Interfund Transfers,143869.12
2018-19,1897,Pine Eagle SD 61,200,Special Revenue Funds,5400,Resources - Beginning Fund Balance,328151.34
2018-19,1897,Pine Eagle SD 61,200,Special Revenue Funds,1700,Extra-Curricular Activities,136764
2018-19,1897,Pine Eagle SD 61,200,Special Revenue Funds,1990,Miscellaneous,44397
2018-19,1897,Pine Eagle SD 61,200,Special Revenue Funds,4500,Restricted Revenue From Federal Government Through the State,225824
2018-19,1897,Pine Eagle SD 61,100,General Fund,4801,Federal Forest Fees,20470.84
2018-19,1897,Pine Eagle SD 61,100,General Fund,5400,Resources - Beginning Fund Balance,1170992.9
2018-19,1897,Pine Eagle SD 61,200,Special Revenue Funds,1500,Earnings on Investments,10.73
2018-19,1897,Pine Eagle SD 61,200,Special Revenue Funds,1600,Food Service,32620.2
2018-19,1897,Pine Eagle SD 61,200,Special Revenue Funds,1920,Contributions and Donations From Private Sources,2930
2018-19,1897,Pine Eagle SD 61,200,Special Revenue Funds,2200,Restricted Revenue,12302.83
2018-19,1897,Pine Eagle SD 61,100,General Fund,1500,Earnings on Investments,42688.82
2018-19,1897,Pine Eagle SD 61,100,General Fund,1990,Miscellaneous,34282.18
2018-19,1897,Pine Eagle SD 61,100,General Fund,2200,Restricted Revenue,108873.19
2018-19,1897,Pine Eagle SD 61,100,General Fund,3101,State School Fund --General Support,2308883.91
2018-19,1897,Pine Eagle SD 61,100,General Fund,3103,Common School Fund,17972.32
2018-19,1897,Pine Eagle SD 61,100,General Fund,3299,Other Restricted Grants-In-Aid,200
2018-19,1897,Pine Eagle SD 61,100,General Fund,1110,Ad valorem taxes levied by district,869543.3
2018-19,1898,Monroe SD 1J,300,Debt Service Funds,5200,Interfund Transfers,74644.88
2018-19,1898,Monroe SD 1J,300,Debt Service Funds,5400,Resources - Beginning Fund Balance,254468.34
2018-19,1898,Monroe SD 1J,400,Capital Projects Funds,1130,Construction Excise Tax,21670.9
2018-19,1898,Monroe SD 1J,400,Capital Projects Funds,1990,Miscellaneous,250
2018-19,1898,Monroe SD 1J,400,Capital Projects Funds,3299,Other Restricted Grants-In-Aid,4875451
2018-19,1898,Monroe SD 1J,400,Capital Projects Funds,5400,Resources - Beginning Fund Balance,4716484.77
2018-19,1898,Monroe SD 1J,200,Special Revenue Funds,4700,Grants-In-Aid From Federal Government Through Other Intermed,6331.87
2018-19,1898,Monroe SD 1J,200,Special Revenue Funds,5200,Interfund Transfers,140411.88
2018-19,1898,Monroe SD 1J,200,Special Revenue Funds,5400,Resources - Beginning Fund Balance,82032.28
2018-19,1898,Monroe SD 1J,300,Debt Service Funds,1120,Local option ad valorem taxes levied by district,645585.13
2018-19,1898,Monroe SD 1J,300,Debt Service Funds,1500,Earnings on Investments,30.26
2018-19,1898,Monroe SD 1J,300,Debt Service Funds,1970,Services Provided Other Funds,151102.93
2018-19,1898,Monroe SD 1J,200,Special Revenue Funds,1920,Contributions and Donations From Private Sources,10718.33
2018-19,1898,Monroe SD 1J,200,Special Revenue Funds,1990,Miscellaneous,35557.55
2018-19,1898,Monroe SD 1J,200,Special Revenue Funds,2200,Restricted Revenue,4160.46
2018-19,1898,Monroe SD 1J,200,Special Revenue Funds,3299,Other Restricted Grants-In-Aid,226690.67
2018-19,1898,Monroe SD 1J,200,Special Revenue Funds,4300,Restricted Revenue Direct From the Federal Government,55996.22
2018-19,1898,Monroe SD 1J,200,Special Revenue Funds,4500,Restricted Revenue From Federal Government Through the State,353288.48
2018-19,1898,Monroe SD 1J,100,General Fund,4200,Unrestricted Revenue From Federal Government Through State,9737.93
2018-19,1898,Monroe SD 1J,100,General Fund,4500,Restricted Revenue From Federal Government Through the State,369.6
2018-19,1898,Monroe SD 1J,100,General Fund,4899,Other Federal Revenue in Lieu of Taxes,1416.99
2018-19,1898,Monroe SD 1J,100,General Fund,5400,Resources - Beginning Fund Balance,674060.68
2018-19,1898,Monroe SD 1J,200,Special Revenue Funds,1600,Food Service,43464.18
2018-19,1898,Monroe SD 1J,200,Special Revenue Funds,1700,Extra-Curricular Activities,102216.14
2018-19,1898,Monroe SD 1J,100,General Fund,2101,County School Funds,17190.33
2018-19,1898,Monroe SD 1J,100,General Fund,2200,Restricted Revenue,12275.05
2018-19,1898,Monroe SD 1J,100,General Fund,3101,State School Fund --General Support,3542669.91
2018-19,1898,Monroe SD 1J,100,General Fund,3103,Common School Fund,64050.2
2018-19,1898,Monroe SD 1J,100,General Fund,3199,Other Unrestricted Grants-In-Aid,25388.31
2018-19,1898,Monroe SD 1J,100,General Fund,3299,Other Restricted Grants-In-Aid,93625.16
2018-19,1898,Monroe SD 1J,100,General Fund,1110,Ad valorem taxes levied by district,1279190.83
2018-19,1898,Monroe SD 1J,100,General Fund,1500,Earnings on Investments,161079.82
2018-19,1898,Monroe SD 1J,100,General Fund,1700,Extra-Curricular Activities,8906
2018-19,1898,Monroe SD 1J,100,General Fund,1800,Community Services Activities,450
2018-19,1898,Monroe SD 1J,100,General Fund,1980,Fees Charged to Grants,53.7
2018-19,1898,Monroe SD 1J,100,General Fund,1990,Miscellaneous,54965.31
2018-19,1899,Alsea SD 7J,400,Capital Projects Funds,5200,Interfund Transfers,2500
2018-19,1899,Alsea SD 7J,400,Capital Projects Funds,5400,Resources - Beginning Fund Balance,52411.93
2018-19,1899,Alsea SD 7J,200,Special Revenue Funds,4100,Unrestricted Revenue Direct From the Federal Government,14629.43
2018-19,1899,Alsea SD 7J,200,Special Revenue Funds,4500,Restricted Revenue From Federal Government Through the State,160651.43
2018-19,1899,Alsea SD 7J,200,Special Revenue Funds,4900,Revenue for/on Behalf of the District,4081.78
2018-19,1899,Alsea SD 7J,200,Special Revenue Funds,5200,Interfund Transfers,55067.53
2018-19,1899,Alsea SD 7J,200,Special Revenue Funds,5400,Resources - Beginning Fund Balance,48502.87
2018-19,1899,Alsea SD 7J,400,Capital Projects Funds,5100,Long Term Debt Financing Sources,82020
2018-19,1899,Alsea SD 7J,200,Special Revenue Funds,1700,Extra-Curricular Activities,27771.41
2018-19,1899,Alsea SD 7J,200,Special Revenue Funds,1920,Contributions and Donations From Private Sources,120
2018-19,1899,Alsea SD 7J,200,Special Revenue Funds,1990,Miscellaneous,1000
2018-19,1899,Alsea SD 7J,200,Special Revenue Funds,2199,Other Intermediate Sources,6490.05
2018-19,1899,Alsea SD 7J,200,Special Revenue Funds,3199,Other Unrestricted Grants-In-Aid,17392.78
2018-19,1899,Alsea SD 7J,200,Special Revenue Funds,3299,Other Restricted Grants-In-Aid,54718.96
2018-19,1899,Alsea SD 7J,100,General Fund,3299,Other Restricted Grants-In-Aid,18553.75
2018-19,1899,Alsea SD 7J,100,General Fund,5100,Long Term Debt Financing Sources,333476
2018-19,1899,Alsea SD 7J,100,General Fund,5300,Sale of or Compensation for Loss of Fixed Assets,2100
2018-19,1899,Alsea SD 7J,100,General Fund,5400,Resources - Beginning Fund Balance,505892.11
2018-19,1899,Alsea SD 7J,200,Special Revenue Funds,1500,Earnings on Investments,7.87
2018-19,1899,Alsea SD 7J,200,Special Revenue Funds,1600,Food Service,3945.35
2018-19,1899,Alsea SD 7J,100,General Fund,1920,Contributions and Donations From Private Sources,790
2018-19,1899,Alsea SD 7J,100,General Fund,1940,Services Provided Other Local Education Agencies,93886.83
2018-19,1899,Alsea SD 7J,100,General Fund,1990,Miscellaneous,20872.31
2018-19,1899,Alsea SD 7J,100,General Fund,2101,County School Funds,7271.79
2018-19,1899,Alsea SD 7J,100,General Fund,3101,State School Fund --General Support,3361243.77
2018-19,1899,Alsea SD 7J,100,General Fund,3103,Common School Fund,27565.36
2018-19,1899,Alsea SD 7J,100,General Fund,1110,Ad valorem taxes levied by district,421284
2018-19,1899,Alsea SD 7J,100,General Fund,1190,Penalties and interest on taxes,3669.53
2018-19,1899,Alsea SD 7J,100,General Fund,1500,Earnings on Investments,25517.45
2018-19,1899,Alsea SD 7J,100,General Fund,1700,Extra-Curricular Activities,420
2018-19,1900,Philomath SD 17J,100,General Fund,1110,Ad valorem taxes levied by district,3564748.97
2018-19,1900,Philomath SD 17J,100,General Fund,1120,Local option ad valorem taxes levied by district,850938.82
2018-19,1900,Philomath SD 17J,100,General Fund,1190,Penalties and interest on taxes,9250.21
2018-19,1900,Philomath SD 17J,100,General Fund,1330,Summer School Tuition,150
2018-19,1900,Philomath SD 17J,100,General Fund,1500,Earnings on Investments,269366.96
2018-19,1900,Philomath SD 17J,100,General Fund,1700,Extra-Curricular Activities,89339.5
2018-19,1900,Philomath SD 17J,700,Trust and Agency Funds,1990,Miscellaneous,268633.34
2018-19,1900,Philomath SD 17J,700,Trust and Agency Funds,5200,Interfund Transfers,65000
2018-19,1900,Philomath SD 17J,700,Trust and Agency Funds,5400,Resources - Beginning Fund Balance,876808.66
2018-19,1900,Philomath SD 17J,400,Capital Projects Funds,1990,Miscellaneous,6531.83
2018-19,1900,Philomath SD 17J,400,Capital Projects Funds,2200,Restricted Revenue,51556.25
2018-19,1900,Philomath SD 17J,400,Capital Projects Funds,5200,Interfund Transfers,111000
2018-19,1900,Philomath SD 17J,400,Capital Projects Funds,5300,Sale of or Compensation for Loss of Fixed Assets,45666.6
2018-19,1900,Philomath SD 17J,400,Capital Projects Funds,5400,Resources - Beginning Fund Balance,361363.5
2018-19,1900,Philomath SD 17J,600,Internal Service Funds,5400,Resources - Beginning Fund Balance,20379.29
2018-19,1900,Philomath SD 17J,300,Debt Service Funds,1190,Penalties and interest on taxes,3029.76
2018-19,1900,Philomath SD 17J,300,Debt Service Funds,1500,Earnings on Investments,1044972.12
2018-19,1900,Philomath SD 17J,300,Debt Service Funds,1970,Services Provided Other Funds,721334.07
2018-19,1900,Philomath SD 17J,300,Debt Service Funds,5400,Resources - Beginning Fund Balance,1839052.43
2018-19,1900,Philomath SD 17J,400,Capital Projects Funds,1500,Earnings on Investments,6453.48
2018-19,1900,Philomath SD 17J,400,Capital Projects Funds,1920,Contributions and Donations From Private Sources,440625
2018-19,1900,Philomath SD 17J,200,Special Revenue Funds,4500,Restricted Revenue From Federal Government Through the State,727700.52
2018-19,1900,Philomath SD 17J,200,Special Revenue Funds,4700,Grants-In-Aid From Federal Government Through Other Intermed,18432.17
2018-19,1900,Philomath SD 17J,200,Special Revenue Funds,4900,Revenue for/on Behalf of the District,28124.25
2018-19,1900,Philomath SD 17J,200,Special Revenue Funds,5200,Interfund Transfers,60000
2018-19,1900,Philomath SD 17J,200,Special Revenue Funds,5400,Resources - Beginning Fund Balance,666606.07
2018-19,1900,Philomath SD 17J,300,Debt Service Funds,1110,Ad valorem taxes levied by district,2047308.29
2018-19,1900,Philomath SD 17J,200,Special Revenue Funds,1920,Contributions and Donations From Private Sources,365451.78
2018-19,1900,Philomath SD 17J,200,Special Revenue Funds,1990,Miscellaneous,465741.9
2018-19,1900,Philomath SD 17J,200,Special Revenue Funds,2200,Restricted Revenue,7191.83
2018-19,1900,Philomath SD 17J,200,Special Revenue Funds,3199,Other Unrestricted Grants-In-Aid,54789.64
2018-19,1900,Philomath SD 17J,200,Special Revenue Funds,3204,Driver Education,15891.2
2018-19,1900,Philomath SD 17J,200,Special Revenue Funds,3299,Other Restricted Grants-In-Aid,630697.73
2018-19,1900,Philomath SD 17J,100,General Fund,4200,Unrestricted Revenue From Federal Government Through State,70839.58
2018-19,1900,Philomath SD 17J,100,General Fund,4500,Restricted Revenue From Federal Government Through the State,8045.56
2018-19,1900,Philomath SD 17J,100,General Fund,5400,Resources - Beginning Fund Balance,3093356.21
2018-19,1900,Philomath SD 17J,200,Special Revenue Funds,1500,Earnings on Investments,4841.08
2018-19,1900,Philomath SD 17J,200,Special Revenue Funds,1700,Extra-Curricular Activities,176646.88
2018-19,1900,Philomath SD 17J,200,Special Revenue Funds,1800,Community Services Activities,34920.5
2018-19,1900,Philomath SD 17J,100,General Fund,2199,Other Intermediate Sources,109304.88
2018-19,1900,Philomath SD 17J,100,General Fund,2200,Restricted Revenue,1938
2018-19,1900,Philomath SD 17J,100,General Fund,3101,State School Fund --General Support,11211743.83
2018-19,1900,Philomath SD 17J,100,General Fund,3103,Common School Fund,231751.82
2018-19,1900,Philomath SD 17J,100,General Fund,3104,State Managed County Timber,702590.32
2018-19,1900,Philomath SD 17J,100,General Fund,3299,Other Restricted Grants-In-Aid,155212.95
2018-19,1900,Philomath SD 17J,100,General Fund,1910,Rentals,20650
2018-19,1900,Philomath SD 17J,100,General Fund,1920,Contributions and Donations From Private Sources,14225
2018-19,1900,Philomath SD 17J,100,General Fund,1940,Services Provided Other Local Education Agencies,115211.29
2018-19,1900,Philomath SD 17J,100,General Fund,1980,Fees Charged to Grants,3962.92
2018-19,1900,Philomath SD 17J,100,General Fund,1990,Miscellaneous,82743.2
2018-19,1900,Philomath SD 17J,100,General Fund,2101,County School Funds,70059.29
2018-19,1901,Corvallis SD 509J,100,General Fund,1110,Ad valorem taxes levied by district,29158432.24
2018-19,1901,Corvallis SD 509J,100,General Fund,1120,Local option ad valorem taxes levied by district,7233191.84
2018-19,1901,Corvallis SD 509J,100,General Fund,1311,Tuition from Individuals,19294.78
2018-19,1901,Corvallis SD 509J,100,General Fund,1500,Earnings on Investments,1265853.18
2018-19,1901,Corvallis SD 509J,100,General Fund,1910,Rentals,68700.16
2018-19,1901,Corvallis SD 509J,100,General Fund,1960,Recovery of Prior Years' Expenditure,11087.27
2018-19,1901,Corvallis SD 509J,600,Internal Service Funds,5400,Resources - Beginning Fund Balance,6046380.08
2018-19,1901,Corvallis SD 509J,700,Trust and Agency Funds,1500,Earnings on Investments,3951.38
2018-19,1901,Corvallis SD 509J,700,Trust and Agency Funds,1920,Contributions and Donations From Private Sources,420490.1
2018-19,1901,Corvallis SD 509J,700,Trust and Agency Funds,5400,Resources - Beginning Fund Balance,227187.38
2018-19,1901,Corvallis SD 509J,300,Debt Service Funds,1970,Services Provided Other Funds,2113634.41
2018-19,1901,Corvallis SD 509J,300,Debt Service Funds,5400,Resources - Beginning Fund Balance,653534.82
2018-19,1901,Corvallis SD 509J,400,Capital Projects Funds,1500,Earnings on Investments,5258879
2018-19,1901,Corvallis SD 509J,400,Capital Projects Funds,5100,Long Term Debt Financing Sources,188698545.15
2018-19,1901,Corvallis SD 509J,600,Internal Service Funds,1970,Services Provided Other Funds,13829739.13
2018-19,1901,Corvallis SD 509J,600,Internal Service Funds,1990,Miscellaneous,8124.03
2018-19,1901,Corvallis SD 509J,200,Special Revenue Funds,4200,Unrestricted Revenue From Federal Government Through State,1535206.03
2018-19,1901,Corvallis SD 509J,200,Special Revenue Funds,4500,Restricted Revenue From Federal Government Through the State,2787976.66
2018-19,1901,Corvallis SD 509J,200,Special Revenue Funds,4900,Revenue for/on Behalf of the District,122233.79
2018-19,1901,Corvallis SD 509J,200,Special Revenue Funds,5400,Resources - Beginning Fund Balance,3353307.55
2018-19,1901,Corvallis SD 509J,300,Debt Service Funds,1110,Ad valorem taxes levied by district,12748271.6
2018-19,1901,Corvallis SD 509J,300,Debt Service Funds,1500,Earnings on Investments,243541.17
2018-19,1901,Corvallis SD 509J,200,Special Revenue Funds,1910,Rentals,35966.51
2018-19,1901,Corvallis SD 509J,200,Special Revenue Funds,1920,Contributions and Donations From Private Sources,432465.78
2018-19,1901,Corvallis SD 509J,200,Special Revenue Funds,1990,Miscellaneous,1165057.02
2018-19,1901,Corvallis SD 509J,200,Special Revenue Funds,2200,Restricted Revenue,301010.44
2018-19,1901,Corvallis SD 509J,200,Special Revenue Funds,3102,State School Fund--School Lunch Match,15904.54
2018-19,1901,Corvallis SD 509J,200,Special Revenue Funds,3299,Other Restricted Grants-In-Aid,2419689.95
2018-19,1901,Corvallis SD 509J,100,General Fund,5400,Resources - Beginning Fund Balance,14680682.06
2018-19,1901,Corvallis SD 509J,200,Special Revenue Funds,1130,Construction Excise Tax,1096017.63
2018-19,1901,Corvallis SD 509J,200,Special Revenue Funds,1500,Earnings on Investments,64781.87
2018-19,1901,Corvallis SD 509J,200,Special Revenue Funds,1600,Food Service,1300642.1
2018-19,1901,Corvallis SD 509J,200,Special Revenue Funds,1700,Extra-Curricular Activities,1091878.76
2018-19,1901,Corvallis SD 509J,200,Special Revenue Funds,1800,Community Services Activities,47911.15
2018-19,1901,Corvallis SD 509J,100,General Fund,3103,Common School Fund,1029035.02
2018-19,1901,Corvallis SD 509J,100,General Fund,3199,Other Unrestricted Grants-In-Aid,275210.36
2018-19,1901,Corvallis SD 509J,100,General Fund,4200,Unrestricted Revenue From Federal Government Through State,123853.17
2018-19,1901,Corvallis SD 509J,100,General Fund,4801,Federal Forest Fees,4395.95
2018-19,1901,Corvallis SD 509J,100,General Fund,4899,Other Federal Revenue in Lieu of Taxes,15955.27
2018-19,1901,Corvallis SD 509J,100,General Fund,5100,Long Term Debt Financing Sources,1013855
2018-19,1901,Corvallis SD 509J,100,General Fund,1980,Fees Charged to Grants,165728.54
2018-19,1901,Corvallis SD 509J,100,General Fund,1990,Miscellaneous,238793.97
2018-19,1901,Corvallis SD 509J,100,General Fund,2101,County School Funds,325089.23
2018-19,1901,Corvallis SD 509J,100,General Fund,2102,General Education Service District Funds,193966.51
2018-19,1901,Corvallis SD 509J,100,General Fund,2200,Restricted Revenue,252080.29
2018-19,1901,Corvallis SD 509J,100,General Fund,3101,State School Fund --General Support,35580285.98
2018-19,1902,Clackamas ESD,100,General Fund,1312,Tuition from Other Districts within the State,1061437
2018-19,1902,Clackamas ESD,100,General Fund,1940,Services Provided Other Local Education Agencies,700
2018-19,1902,Clackamas ESD,100,General Fund,1980,Fees Charged to Grants,477109
2018-19,1902,Clackamas ESD,100,General Fund,5400,Resources - Beginning Fund Balance,7382253
2018-19,1902,Clackamas ESD,200,Special Revenue Funds,1312,Tuition from Other Districts within the State,4458738
2018-19,1902,Clackamas ESD,200,Special Revenue Funds,1940,Services Provided Other Local Education Agencies,939895
2018-19,1902,Clackamas ESD,300,Debt Service Funds,1500,Earnings on Investments,21283
2018-19,1902,Clackamas ESD,400,Capital Projects Funds,5200,Interfund Transfers,250000
2018-19,1902,Clackamas ESD,200,Special Revenue Funds,1920,Contributions and Donations From Private Sources,6511
2018-19,1902,Clackamas ESD,200,Special Revenue Funds,1990,Miscellaneous,721373
2018-19,1902,Clackamas ESD,200,Special Revenue Funds,2200,Restricted Revenue,67122
2018-19,1902,Clackamas ESD,200,Special Revenue Funds,3299,Other Restricted Grants-In-Aid,14033092
2018-19,1902,Clackamas ESD,200,Special Revenue Funds,4500,Restricted Revenue From Federal Government Through the State,3317151
2018-19,1902,Clackamas ESD,200,Special Revenue Funds,5400,Resources - Beginning Fund Balance,1497705
2018-19,1902,Clackamas ESD,100,General Fund,1190,Penalties and interest on taxes,46340
2018-19,1902,Clackamas ESD,100,General Fund,1500,Earnings on Investments,305166
2018-19,1902,Clackamas ESD,100,General Fund,1910,Rentals,1200
2018-19,1902,Clackamas ESD,100,General Fund,1920,Contributions and Donations From Private Sources,1335
2018-19,1902,Clackamas ESD,100,General Fund,1990,Miscellaneous,7970
2018-19,1902,Clackamas ESD,100,General Fund,3101,State School Fund --General Support,9569996
2018-19,1902,Clackamas ESD,600,Internal Service Funds,1990,Miscellaneous,138376
2018-19,1902,Clackamas ESD,600,Internal Service Funds,5400,Resources - Beginning Fund Balance,377826
2018-19,1902,Clackamas ESD,700,Trust and Agency Funds,1920,Contributions and Donations From Private Sources,8338
2018-19,1902,Clackamas ESD,700,Trust and Agency Funds,1990,Miscellaneous,71
2018-19,1902,Clackamas ESD,700,Trust and Agency Funds,5400,Resources - Beginning Fund Balance,175248
2018-19,1902,Clackamas ESD,100,General Fund,1110,Ad valorem taxes levied by district,17033680
2018-19,1902,Clackamas ESD,500,Enterprise Funds,1940,Services Provided Other Local Education Agencies,1500552
2018-19,1902,Clackamas ESD,500,Enterprise Funds,1970,Services Provided Other Funds,73520
2018-19,1902,Clackamas ESD,500,Enterprise Funds,1990,Miscellaneous,229367
2018-19,1902,Clackamas ESD,500,Enterprise Funds,5400,Resources - Beginning Fund Balance,1344941
2018-19,1902,Clackamas ESD,600,Internal Service Funds,1910,Rentals,555887
2018-19,1902,Clackamas ESD,600,Internal Service Funds,1970,Services Provided Other Funds,410614
2018-19,1902,Clackamas ESD,200,Special Revenue Funds,1970,Services Provided Other Funds,210
2018-19,1902,Clackamas ESD,200,Special Revenue Funds,4700,Grants-In-Aid From Federal Government Through Other Intermed,814758
2018-19,1902,Clackamas ESD,300,Debt Service Funds,1970,Services Provided Other Funds,1602128
2018-19,1902,Clackamas ESD,300,Debt Service Funds,5400,Resources - Beginning Fund Balance,373023
2018-19,1902,Clackamas ESD,400,Capital Projects Funds,1990,Miscellaneous,7
2018-19,1902,Clackamas ESD,400,Capital Projects Funds,5400,Resources - Beginning Fund Balance,287134
2018-19,1922,West Linn-Wilsonville SD 3J,700,Trust and Agency Funds,1700,Extra-Curricular Activities,2820161
2018-19,1922,West Linn-Wilsonville SD 3J,700,Trust and Agency Funds,5400,Resources - Beginning Fund Balance,1181635.78
2018-19,1922,West Linn-Wilsonville SD 3J,300,Debt Service Funds,5400,Resources - Beginning Fund Balance,1170821.4
2018-19,1922,West Linn-Wilsonville SD 3J,400,Capital Projects Funds,1130,Construction Excise Tax,632075.53
2018-19,1922,West Linn-Wilsonville SD 3J,400,Capital Projects Funds,1500,Earnings on Investments,196562.25
2018-19,1922,West Linn-Wilsonville SD 3J,400,Capital Projects Funds,1990,Miscellaneous,40002.1
2018-19,1922,West Linn-Wilsonville SD 3J,400,Capital Projects Funds,5400,Resources - Beginning Fund Balance,16163670.55
2018-19,1922,West Linn-Wilsonville SD 3J,700,Trust and Agency Funds,1500,Earnings on Investments,6486.45
2018-19,1922,West Linn-Wilsonville SD 3J,200,Special Revenue Funds,5300,Sale of or Compensation for Loss of Fixed Assets,339145
2018-19,1922,West Linn-Wilsonville SD 3J,200,Special Revenue Funds,5400,Resources - Beginning Fund Balance,1823535.59
2018-19,1922,West Linn-Wilsonville SD 3J,300,Debt Service Funds,1110,Ad valorem taxes levied by district,23584112.64
2018-19,1922,West Linn-Wilsonville SD 3J,300,Debt Service Funds,1190,Penalties and interest on taxes,99884.68
2018-19,1922,West Linn-Wilsonville SD 3J,300,Debt Service Funds,1500,Earnings on Investments,50280.78
2018-19,1922,West Linn-Wilsonville SD 3J,300,Debt Service Funds,1970,Services Provided Other Funds,4697491.9
2018-19,1922,West Linn-Wilsonville SD 3J,200,Special Revenue Funds,3102,State School Fund--School Lunch Match,19360.97
2018-19,1922,West Linn-Wilsonville SD 3J,200,Special Revenue Funds,3199,Other Unrestricted Grants-In-Aid,573299.81
2018-19,1922,West Linn-Wilsonville SD 3J,200,Special Revenue Funds,3299,Other Restricted Grants-In-Aid,2321817.84
2018-19,1922,West Linn-Wilsonville SD 3J,200,Special Revenue Funds,4500,Restricted Revenue From Federal Government Through the State,2877456.44
2018-19,1922,West Linn-Wilsonville SD 3J,200,Special Revenue Funds,4700,Grants-In-Aid From Federal Government Through Other Intermed,152090.51
2018-19,1922,West Linn-Wilsonville SD 3J,200,Special Revenue Funds,4900,Revenue for/on Behalf of the District,165462.79
2018-19,1922,West Linn-Wilsonville SD 3J,200,Special Revenue Funds,1700,Extra-Curricular Activities,156872.9
2018-19,1922,West Linn-Wilsonville SD 3J,200,Special Revenue Funds,1910,Rentals,306089.76
2018-19,1922,West Linn-Wilsonville SD 3J,200,Special Revenue Funds,1920,Contributions and Donations From Private Sources,18533.88
2018-19,1922,West Linn-Wilsonville SD 3J,200,Special Revenue Funds,1990,Miscellaneous,-40829.09
2018-19,1922,West Linn-Wilsonville SD 3J,200,Special Revenue Funds,2199,Other Intermediate Sources,646698.86
2018-19,1922,West Linn-Wilsonville SD 3J,200,Special Revenue Funds,2200,Restricted Revenue,143288.1
2018-19,1922,West Linn-Wilsonville SD 3J,100,General Fund,3199,Other Unrestricted Grants-In-Aid,407249.16
2018-19,1922,West Linn-Wilsonville SD 3J,100,General Fund,3299,Other Restricted Grants-In-Aid,122232
2018-19,1922,West Linn-Wilsonville SD 3J,100,General Fund,4801,Federal Forest Fees,37939.77
2018-19,1922,West Linn-Wilsonville SD 3J,100,General Fund,5400,Resources - Beginning Fund Balance,9569812.59
2018-19,1922,West Linn-Wilsonville SD 3J,200,Special Revenue Funds,1500,Earnings on Investments,528.68
2018-19,1922,West Linn-Wilsonville SD 3J,200,Special Revenue Funds,1600,Food Service,987691.57
2018-19,1922,West Linn-Wilsonville SD 3J,100,General Fund,1960,Recovery of Prior Years' Expenditure,-72108.92
2018-19,1922,West Linn-Wilsonville SD 3J,100,General Fund,1990,Miscellaneous,334887.7
2018-19,1922,West Linn-Wilsonville SD 3J,100,General Fund,2101,County School Funds,1368.2
2018-19,1922,West Linn-Wilsonville SD 3J,100,General Fund,2102,General Education Service District Funds,1750778
2018-19,1922,West Linn-Wilsonville SD 3J,100,General Fund,3101,State School Fund --General Support,55916303.56
2018-19,1922,West Linn-Wilsonville SD 3J,100,General Fund,3103,Common School Fund,1098073.21
2018-19,1922,West Linn-Wilsonville SD 3J,100,General Fund,1190,Penalties and interest on taxes,100829.88
2018-19,1922,West Linn-Wilsonville SD 3J,100,General Fund,1311,Tuition from Individuals,331609.36
2018-19,1922,West Linn-Wilsonville SD 3J,100,General Fund,1500,Earnings on Investments,1037174.46
2018-19,1922,West Linn-Wilsonville SD 3J,100,General Fund,1700,Extra-Curricular Activities,686506.22
2018-19,1922,West Linn-Wilsonville SD 3J,100,General Fund,1910,Rentals,140941.77
2018-19,1922,West Linn-Wilsonville SD 3J,100,General Fund,1920,Contributions and Donations From Private Sources,17640.09
2018-19,1922,West Linn-Wilsonville SD 3J,100,General Fund,1110,Ad valorem taxes levied by district,36729325.53
2018-19,1922,West Linn-Wilsonville SD 3J,100,General Fund,1120,Local option ad valorem taxes levied by district,8853424.71
2018-19,1923,Lake Oswego SD 7J,100,General Fund,1110,Ad valorem taxes levied by district,35823576.52
2018-19,1923,Lake Oswego SD 7J,100,General Fund,1120,Local option ad valorem taxes levied by district,10969489
2018-19,1923,Lake Oswego SD 7J,100,General Fund,1311,Tuition from Individuals,138844.86
2018-19,1923,Lake Oswego SD 7J,100,General Fund,1500,Earnings on Investments,1103272.12
2018-19,1923,Lake Oswego SD 7J,100,General Fund,1700,Extra-Curricular Activities,715491.01
2018-19,1923,Lake Oswego SD 7J,100,General Fund,1910,Rentals,191658.06
2018-19,1923,Lake Oswego SD 7J,400,Capital Projects Funds,1500,Earnings on Investments,2763970.11
2018-19,1923,Lake Oswego SD 7J,400,Capital Projects Funds,1930,Rental or Lease Payments from Private Contractors,160000
2018-19,1923,Lake Oswego SD 7J,400,Capital Projects Funds,1960,Recovery of Prior Years' Expenditure,339416.47
2018-19,1923,Lake Oswego SD 7J,400,Capital Projects Funds,1990,Miscellaneous,136741.31
2018-19,1923,Lake Oswego SD 7J,400,Capital Projects Funds,5100,Long Term Debt Financing Sources,15000000
2018-19,1923,Lake Oswego SD 7J,200,Special Revenue Funds,4500,Restricted Revenue From Federal Government Through the State,2108163.72
2018-19,1923,Lake Oswego SD 7J,200,Special Revenue Funds,4900,Revenue for/on Behalf of the District,103838.72
2018-19,1923,Lake Oswego SD 7J,200,Special Revenue Funds,5200,Interfund Transfers,277905.45
2018-19,1923,Lake Oswego SD 7J,300,Debt Service Funds,1110,Ad valorem taxes levied by district,16378525.81
2018-19,1923,Lake Oswego SD 7J,300,Debt Service Funds,1500,Earnings on Investments,195760.88
2018-19,1923,Lake Oswego SD 7J,400,Capital Projects Funds,1130,Construction Excise Tax,336161.32
2018-19,1923,Lake Oswego SD 7J,200,Special Revenue Funds,1600,Food Service,1312891.87
2018-19,1923,Lake Oswego SD 7J,200,Special Revenue Funds,1800,Community Services Activities,2745048.58
2018-19,1923,Lake Oswego SD 7J,200,Special Revenue Funds,1920,Contributions and Donations From Private Sources,1231856.45
2018-19,1923,Lake Oswego SD 7J,200,Special Revenue Funds,2200,Restricted Revenue,133488
2018-19,1923,Lake Oswego SD 7J,200,Special Revenue Funds,3102,State School Fund--School Lunch Match,13422.27
2018-19,1923,Lake Oswego SD 7J,200,Special Revenue Funds,3299,Other Restricted Grants-In-Aid,1487970.98
2018-19,1923,Lake Oswego SD 7J,100,General Fund,2102,General Education Service District Funds,1130008.53
2018-19,1923,Lake Oswego SD 7J,100,General Fund,3101,State School Fund --General Support,30881391.26
2018-19,1923,Lake Oswego SD 7J,100,General Fund,3103,Common School Fund,785807.14
2018-19,1923,Lake Oswego SD 7J,100,General Fund,4801,Federal Forest Fees,26385.02
2018-19,1923,Lake Oswego SD 7J,100,General Fund,5300,Sale of or Compensation for Loss of Fixed Assets,25008
2018-19,1923,Lake Oswego SD 7J,200,Special Revenue Funds,1500,Earnings on Investments,436
2018-19,1923,Lake Oswego SD 7J,100,General Fund,1930,Rental or Lease Payments from Private Contractors,79884.98
2018-19,1923,Lake Oswego SD 7J,100,General Fund,1950,Textbook Sales and Rentals,12212.6
2018-19,1923,Lake Oswego SD 7J,100,General Fund,1960,Recovery of Prior Years' Expenditure,456901.37
2018-19,1923,Lake Oswego SD 7J,100,General Fund,1980,Fees Charged to Grants,62869.41
2018-19,1923,Lake Oswego SD 7J,100,General Fund,1990,Miscellaneous,46856.9
2018-19,1923,Lake Oswego SD 7J,100,General Fund,2101,County School Funds,1787.07
2018-19,1924,North Clackamas SD 12,100,General Fund,1110,Ad valorem taxes levied by district,68056100.74
2018-19,1924,North Clackamas SD 12,100,General Fund,1190,Penalties and interest on taxes,183694.06
2018-19,1924,North Clackamas SD 12,100,General Fund,1311,Tuition from Individuals,14850
2018-19,1924,North Clackamas SD 12,100,General Fund,1500,Earnings on Investments,1468147.46
2018-19,1924,North Clackamas SD 12,100,General Fund,1700,Extra-Curricular Activities,198156.27
2018-19,1924,North Clackamas SD 12,100,General Fund,1910,Rentals,52416.54
2018-19,1924,North Clackamas SD 12,700,Trust and Agency Funds,3101,State School Fund --General Support,8406317.48
2018-19,1924,North Clackamas SD 12,700,Trust and Agency Funds,5400,Resources - Beginning Fund Balance,92146
2018-19,1924,North Clackamas SD 12,100,General Fund,1413,Transportation fees from Other District Outside the State,5269.65
2018-19,1924,North Clackamas SD 12,600,Internal Service Funds,1970,Services Provided Other Funds,35456569.29
2018-19,1924,North Clackamas SD 12,600,Internal Service Funds,1990,Miscellaneous,146425.47
2018-19,1924,North Clackamas SD 12,600,Internal Service Funds,5200,Interfund Transfers,1020000
2018-19,1924,North Clackamas SD 12,600,Internal Service Funds,5400,Resources - Beginning Fund Balance,5740274
2018-19,1924,North Clackamas SD 12,700,Trust and Agency Funds,1500,Earnings on Investments,6250.36
2018-19,1924,North Clackamas SD 12,700,Trust and Agency Funds,1920,Contributions and Donations From Private Sources,47109.2
2018-19,1924,North Clackamas SD 12,400,Capital Projects Funds,5400,Resources - Beginning Fund Balance,278931223
2018-19,1924,North Clackamas SD 12,500,Enterprise Funds,1800,Community Services Activities,1620014.55
2018-19,1924,North Clackamas SD 12,500,Enterprise Funds,1910,Rentals,280613.99
2018-19,1924,North Clackamas SD 12,500,Enterprise Funds,5400,Resources - Beginning Fund Balance,680857
2018-19,1924,North Clackamas SD 12,600,Internal Service Funds,1500,Earnings on Investments,193623.23
2018-19,1924,North Clackamas SD 12,600,Internal Service Funds,1960,Recovery of Prior Years' Expenditure,484321.86
2018-19,1924,North Clackamas SD 12,400,Capital Projects Funds,1130,Construction Excise Tax,1104638.82
2018-19,1924,North Clackamas SD 12,400,Capital Projects Funds,1500,Earnings on Investments,7999724.93
2018-19,1924,North Clackamas SD 12,400,Capital Projects Funds,1990,Miscellaneous,4034304.75
2018-19,1924,North Clackamas SD 12,400,Capital Projects Funds,3299,Other Restricted Grants-In-Aid,123063
2018-19,1924,North Clackamas SD 12,400,Capital Projects Funds,5100,Long Term Debt Financing Sources,126443546.16
2018-19,1924,North Clackamas SD 12,400,Capital Projects Funds,5200,Interfund Transfers,196000
2018-19,1924,North Clackamas SD 12,300,Debt Service Funds,1110,Ad valorem taxes levied by district,33442207.3
2018-19,1924,North Clackamas SD 12,300,Debt Service Funds,1190,Penalties and interest on taxes,91962.75
2018-19,1924,North Clackamas SD 12,300,Debt Service Funds,1500,Earnings on Investments,619914.47
2018-19,1924,North Clackamas SD 12,300,Debt Service Funds,1970,Services Provided Other Funds,11626724.36
2018-19,1924,North Clackamas SD 12,300,Debt Service Funds,5200,Interfund Transfers,2103920
2018-19,1924,North Clackamas SD 12,300,Debt Service Funds,5400,Resources - Beginning Fund Balance,6316305
2018-19,1924,North Clackamas SD 12,200,Special Revenue Funds,4500,Restricted Revenue From Federal Government Through the State,9517239.01
2018-19,1924,North Clackamas SD 12,200,Special Revenue Funds,4900,Revenue for/on Behalf of the District,391091.05
2018-19,1924,North Clackamas SD 12,200,Special Revenue Funds,5100,Long Term Debt Financing Sources,1852380
2018-19,1924,North Clackamas SD 12,200,Special Revenue Funds,5200,Interfund Transfers,1314556
2018-19,1924,North Clackamas SD 12,200,Special Revenue Funds,5300,Sale of or Compensation for Loss of Fixed Assets,13500
2018-19,1924,North Clackamas SD 12,200,Special Revenue Funds,5400,Resources - Beginning Fund Balance,5372766
2018-19,1924,North Clackamas SD 12,200,Special Revenue Funds,1700,Extra-Curricular Activities,4221770.77
2018-19,1924,North Clackamas SD 12,200,Special Revenue Funds,1990,Miscellaneous,1029023.56
2018-19,1924,North Clackamas SD 12,200,Special Revenue Funds,2200,Restricted Revenue,33970
2018-19,1924,North Clackamas SD 12,200,Special Revenue Funds,3102,State School Fund--School Lunch Match,52732.16
2018-19,1924,North Clackamas SD 12,200,Special Revenue Funds,3222,State School Fund (SSF) Transportation Equipment,1303947.85
2018-19,1924,North Clackamas SD 12,200,Special Revenue Funds,3299,Other Restricted Grants-In-Aid,6540862.73
2018-19,1924,North Clackamas SD 12,100,General Fund,4500,Restricted Revenue From Federal Government Through the State,12427.33
2018-19,1924,North Clackamas SD 12,100,General Fund,4801,Federal Forest Fees,67173.27
2018-19,1924,North Clackamas SD 12,100,General Fund,5200,Interfund Transfers,2400000
2018-19,1924,North Clackamas SD 12,100,General Fund,5400,Resources - Beginning Fund Balance,16923253
2018-19,1924,North Clackamas SD 12,200,Special Revenue Funds,1311,Tuition from Individuals,9700
2018-19,1924,North Clackamas SD 12,200,Special Revenue Funds,1600,Food Service,2327796.18
2018-19,1924,North Clackamas SD 12,100,General Fund,2199,Other Intermediate Sources,731909.63
2018-19,1924,North Clackamas SD 12,100,General Fund,3101,State School Fund --General Support,104027385.7
2018-19,1924,North Clackamas SD 12,100,General Fund,3103,Common School Fund,1766655.38
2018-19,1924,North Clackamas SD 12,100,General Fund,3199,Other Unrestricted Grants-In-Aid,1161556.86
2018-19,1924,North Clackamas SD 12,100,General Fund,3299,Other Restricted Grants-In-Aid,538851.37
2018-19,1924,North Clackamas SD 12,100,General Fund,4200,Unrestricted Revenue From Federal Government Through State,11852.65
2018-19,1924,North Clackamas SD 12,100,General Fund,1920,Contributions and Donations From Private Sources,149414.44
2018-19,1924,North Clackamas SD 12,100,General Fund,1970,Services Provided Other Funds,2303524.67
2018-19,1924,North Clackamas SD 12,100,General Fund,1980,Fees Charged to Grants,514248.65
2018-19,1924,North Clackamas SD 12,100,General Fund,1990,Miscellaneous,828954.96
2018-19,1924,North Clackamas SD 12,100,General Fund,2101,County School Funds,140014.64
2018-19,1924,North Clackamas SD 12,100,General Fund,2102,General Education Service District Funds,1645500
2018-19,1925,Molalla River SD 35,400,Capital Projects Funds,5400,Resources - Beginning Fund Balance,1001549.17
2018-19,1925,Molalla River SD 35,600,Internal Service Funds,1990,Miscellaneous,14884.2
2018-19,1925,Molalla River SD 35,600,Internal Service Funds,5400,Resources - Beginning Fund Balance,222954.87
2018-19,1925,Molalla River SD 35,700,Trust and Agency Funds,1500,Earnings on Investments,10215.51
2018-19,1925,Molalla River SD 35,700,Trust and Agency Funds,1920,Contributions and Donations From Private Sources,1867.95
2018-19,1925,Molalla River SD 35,700,Trust and Agency Funds,5400,Resources - Beginning Fund Balance,325170.97
2018-19,1925,Molalla River SD 35,400,Capital Projects Funds,1130,Construction Excise Tax,376628.32
2018-19,1925,Molalla River SD 35,400,Capital Projects Funds,1910,Rentals,41004
2018-19,1925,Molalla River SD 35,400,Capital Projects Funds,3299,Other Restricted Grants-In-Aid,25000
2018-19,1925,Molalla River SD 35,400,Capital Projects Funds,5200,Interfund Transfers,446394
2018-19,1925,Molalla River SD 35,300,Debt Service Funds,5400,Resources - Beginning Fund Balance,1111270.03
2018-19,1925,Molalla River SD 35,200,Special Revenue Funds,4500,Restricted Revenue From Federal Government Through the State,1541982.91
2018-19,1925,Molalla River SD 35,200,Special Revenue Funds,4900,Revenue for/on Behalf of the District,56575.35
2018-19,1925,Molalla River SD 35,200,Special Revenue Funds,5200,Interfund Transfers,554801.27
2018-19,1925,Molalla River SD 35,200,Special Revenue Funds,5400,Resources - Beginning Fund Balance,469727.02
2018-19,1925,Molalla River SD 35,300,Debt Service Funds,1500,Earnings on Investments,28525.05
2018-19,1925,Molalla River SD 35,300,Debt Service Funds,1970,Services Provided Other Funds,2120749.61
2018-19,1925,Molalla River SD 35,200,Special Revenue Funds,1600,Food Service,234927.37
2018-19,1925,Molalla River SD 35,200,Special Revenue Funds,1700,Extra-Curricular Activities,231688.92
2018-19,1925,Molalla River SD 35,200,Special Revenue Funds,1920,Contributions and Donations From Private Sources,270412
2018-19,1925,Molalla River SD 35,200,Special Revenue Funds,1990,Miscellaneous,347714.33
2018-19,1925,Molalla River SD 35,200,Special Revenue Funds,3102,State School Fund--School Lunch Match,8072.07
2018-19,1925,Molalla River SD 35,200,Special Revenue Funds,3299,Other Restricted Grants-In-Aid,574531.34
2018-19,1925,Molalla River SD 35,100,General Fund,3299,Other Restricted Grants-In-Aid,3757.18
2018-19,1925,Molalla River SD 35,100,General Fund,4500,Restricted Revenue From Federal Government Through the State,50620.3
2018-19,1925,Molalla River SD 35,100,General Fund,4801,Federal Forest Fees,10468.9
2018-19,1925,Molalla River SD 35,100,General Fund,4900,Revenue for/on Behalf of the District,8796
2018-19,1925,Molalla River SD 35,100,General Fund,5400,Resources - Beginning Fund Balance,3918672.4
2018-19,1925,Molalla River SD 35,200,Special Revenue Funds,1500,Earnings on Investments,2509.84
2018-19,1925,Molalla River SD 35,100,General Fund,2101,County School Funds,22155.9
2018-19,1925,Molalla River SD 35,100,General Fund,2102,General Education Service District Funds,370972.8
2018-19,1925,Molalla River SD 35,100,General Fund,2200,Restricted Revenue,8938
2018-19,1925,Molalla River SD 35,100,General Fund,3101,State School Fund --General Support,18126663.19
2018-19,1925,Molalla River SD 35,100,General Fund,3103,Common School Fund,279555.4
2018-19,1925,Molalla River SD 35,100,General Fund,3104,State Managed County Timber,107327.89
2018-19,1925,Molalla River SD 35,100,General Fund,1700,Extra-Curricular Activities,3855
2018-19,1925,Molalla River SD 35,100,General Fund,1910,Rentals,24695.18
2018-19,1925,Molalla River SD 35,100,General Fund,1920,Contributions and Donations From Private Sources,39199.4
2018-19,1925,Molalla River SD 35,100,General Fund,1960,Recovery of Prior Years' Expenditure,4173.62
2018-19,1925,Molalla River SD 35,100,General Fund,1980,Fees Charged to Grants,67191.36
2018-19,1925,Molalla River SD 35,100,General Fund,1990,Miscellaneous,56241.89
2018-19,1925,Molalla River SD 35,100,General Fund,1110,Ad valorem taxes levied by district,8585520.53
2018-19,1925,Molalla River SD 35,100,General Fund,1190,Penalties and interest on taxes,25906.03
2018-19,1925,Molalla River SD 35,100,General Fund,1330,Summer School Tuition,1988.43
2018-19,1925,Molalla River SD 35,100,General Fund,1500,Earnings on Investments,270996.08
2018-19,1926,Oregon Trail SD 46,200,Special Revenue Funds,5400,Resources - Beginning Fund Balance,1595958.32
2018-19,1926,Oregon Trail SD 46,100,General Fund,1110,Ad valorem taxes levied by district,15426080.94
2018-19,1926,Oregon Trail SD 46,100,General Fund,1312,Tuition from Other Districts within the State,28295
2018-19,1926,Oregon Trail SD 46,100,General Fund,1330,Summer School Tuition,19015
2018-19,1926,Oregon Trail SD 46,100,General Fund,1500,Earnings on Investments,482210.81
2018-19,1926,Oregon Trail SD 46,100,General Fund,1700,Extra-Curricular Activities,205809.58
2018-19,1926,Oregon Trail SD 46,100,General Fund,5400,Resources - Beginning Fund Balance,9304353.96
2018-19,1926,Oregon Trail SD 46,700,Trust and Agency Funds,1700,Extra-Curricular Activities,635495
2018-19,1926,Oregon Trail SD 46,700,Trust and Agency Funds,1500,Earnings on Investments,9845.51
2018-19,1926,Oregon Trail SD 46,700,Trust and Agency Funds,1920,Contributions and Donations From Private Sources,38250
2018-19,1926,Oregon Trail SD 46,700,Trust and Agency Funds,1970,Services Provided Other Funds,332327.76
2018-19,1926,Oregon Trail SD 46,300,Debt Service Funds,5400,Resources - Beginning Fund Balance,194212
2018-19,1926,Oregon Trail SD 46,600,Internal Service Funds,5400,Resources - Beginning Fund Balance,455298.29
2018-19,1926,Oregon Trail SD 46,700,Trust and Agency Funds,5400,Resources - Beginning Fund Balance,804540.63
2018-19,1926,Oregon Trail SD 46,300,Debt Service Funds,1500,Earnings on Investments,79940.77
2018-19,1926,Oregon Trail SD 46,600,Internal Service Funds,1500,Earnings on Investments,7908.72
2018-19,1926,Oregon Trail SD 46,600,Internal Service Funds,1970,Services Provided Other Funds,566478.41
2018-19,1926,Oregon Trail SD 46,600,Internal Service Funds,1990,Miscellaneous,309587.01
2018-19,1926,Oregon Trail SD 46,600,Internal Service Funds,5100,Long Term Debt Financing Sources,34589.16
2018-19,1926,Oregon Trail SD 46,600,Internal Service Funds,5200,Interfund Transfers,30000
2018-19,1926,Oregon Trail SD 46,200,Special Revenue Funds,3299,Other Restricted Grants-In-Aid,780361.2
2018-19,1926,Oregon Trail SD 46,200,Special Revenue Funds,4500,Restricted Revenue From Federal Government Through the State,2165966.71
2018-19,1926,Oregon Trail SD 46,200,Special Revenue Funds,4700,Grants-In-Aid From Federal Government Through Other Intermed,1133.87
2018-19,1926,Oregon Trail SD 46,200,Special Revenue Funds,4900,Revenue for/on Behalf of the District,98492.27
2018-19,1926,Oregon Trail SD 46,200,Special Revenue Funds,5200,Interfund Transfers,779999.92
2018-19,1926,Oregon Trail SD 46,300,Debt Service Funds,1110,Ad valorem taxes levied by district,7333958.47
2018-19,1926,Oregon Trail SD 46,200,Special Revenue Funds,1910,Rentals,115085.08
2018-19,1926,Oregon Trail SD 46,200,Special Revenue Funds,1920,Contributions and Donations From Private Sources,175203.06
2018-19,1926,Oregon Trail SD 46,200,Special Revenue Funds,1940,Services Provided Other Local Education Agencies,8615.13
2018-19,1926,Oregon Trail SD 46,200,Special Revenue Funds,1990,Miscellaneous,223604.47
2018-19,1926,Oregon Trail SD 46,200,Special Revenue Funds,2200,Restricted Revenue,377295.31
2018-19,1926,Oregon Trail SD 46,200,Special Revenue Funds,3102,State School Fund--School Lunch Match,14367.04
2018-19,1926,Oregon Trail SD 46,100,General Fund,3103,Common School Fund,488195.9
2018-19,1926,Oregon Trail SD 46,100,General Fund,4500,Restricted Revenue From Federal Government Through the State,555.95
2018-19,1926,Oregon Trail SD 46,100,General Fund,4801,Federal Forest Fees,16939.62
2018-19,1926,Oregon Trail SD 46,200,Special Revenue Funds,1130,Construction Excise Tax,382929.58
2018-19,1926,Oregon Trail SD 46,200,Special Revenue Funds,1600,Food Service,538858.62
2018-19,1926,Oregon Trail SD 46,200,Special Revenue Funds,1700,Extra-Curricular Activities,151353.34
2018-19,1926,Oregon Trail SD 46,100,General Fund,1910,Rentals,85073.9
2018-19,1926,Oregon Trail SD 46,100,General Fund,1940,Services Provided Other Local Education Agencies,21183.55
2018-19,1926,Oregon Trail SD 46,100,General Fund,1980,Fees Charged to Grants,84402.22
2018-19,1926,Oregon Trail SD 46,100,General Fund,1990,Miscellaneous,114901.48
2018-19,1926,Oregon Trail SD 46,100,General Fund,2199,Other Intermediate Sources,732743.09
2018-19,1926,Oregon Trail SD 46,100,General Fund,3101,State School Fund --General Support,27551387.41
2018-19,1927,Colton SD 53,100,General Fund,1412,Transportation fees from Other Districts within the State,3305.53
2018-19,1927,Colton SD 53,100,General Fund,1110,Ad valorem taxes levied by district,1888115.38
2018-19,1927,Colton SD 53,100,General Fund,1190,Penalties and interest on taxes,5101.32
2018-19,1927,Colton SD 53,100,General Fund,1500,Earnings on Investments,82834.44
2018-19,1927,Colton SD 53,100,General Fund,1700,Extra-Curricular Activities,45883.65
2018-19,1927,Colton SD 53,100,General Fund,1910,Rentals,3625
2018-19,1927,Colton SD 53,400,Capital Projects Funds,5400,Resources - Beginning Fund Balance,1324.78
2018-19,1927,Colton SD 53,100,General Fund,5400,Resources - Beginning Fund Balance,2130398
2018-19,1927,Colton SD 53,200,Special Revenue Funds,5400,Resources - Beginning Fund Balance,126833
2018-19,1927,Colton SD 53,200,Special Revenue Funds,5200,Interfund Transfers,43687
2018-19,1927,Colton SD 53,300,Debt Service Funds,1110,Ad valorem taxes levied by district,167464.74
2018-19,1927,Colton SD 53,300,Debt Service Funds,1190,Penalties and interest on taxes,203.16
2018-19,1927,Colton SD 53,300,Debt Service Funds,1500,Earnings on Investments,27.69
2018-19,1927,Colton SD 53,400,Capital Projects Funds,5200,Interfund Transfers,55000
2018-19,1927,Colton SD 53,300,Debt Service Funds,5400,Resources - Beginning Fund Balance,23484.66
2018-19,1927,Colton SD 53,200,Special Revenue Funds,2200,Restricted Revenue,14400
2018-19,1927,Colton SD 53,200,Special Revenue Funds,3102,State School Fund--School Lunch Match,1626.57
2018-19,1927,Colton SD 53,200,Special Revenue Funds,3199,Other Unrestricted Grants-In-Aid,130887.34
2018-19,1927,Colton SD 53,200,Special Revenue Funds,3299,Other Restricted Grants-In-Aid,187844.86
2018-19,1927,Colton SD 53,200,Special Revenue Funds,4500,Restricted Revenue From Federal Government Through the State,376223.1
2018-19,1927,Colton SD 53,200,Special Revenue Funds,4900,Revenue for/on Behalf of the District,11857.51
2018-19,1927,Colton SD 53,100,General Fund,4801,Federal Forest Fees,2392.71
2018-19,1927,Colton SD 53,100,General Fund,5300,Sale of or Compensation for Loss of Fixed Assets,2045
2018-19,1927,Colton SD 53,200,Special Revenue Funds,1600,Food Service,42095.58
2018-19,1927,Colton SD 53,200,Special Revenue Funds,1700,Extra-Curricular Activities,129998.45
2018-19,1927,Colton SD 53,200,Special Revenue Funds,1920,Contributions and Donations From Private Sources,23287.68
2018-19,1927,Colton SD 53,200,Special Revenue Funds,1990,Miscellaneous,2647.48
2018-19,1927,Colton SD 53,100,General Fund,1920,Contributions and Donations From Private Sources,2657.63
2018-19,1927,Colton SD 53,100,General Fund,1990,Miscellaneous,7888.92
2018-19,1927,Colton SD 53,100,General Fund,2102,General Education Service District Funds,99446
2018-19,1927,Colton SD 53,100,General Fund,2200,Restricted Revenue,50947.45
2018-19,1927,Colton SD 53,100,General Fund,3101,State School Fund --General Support,4731177.89
2018-19,1927,Colton SD 53,100,General Fund,3103,Common School Fund,67915.54
2018-19,1928,Oregon City SD 62,200,Special Revenue Funds,3299,Other Restricted Grants-In-Aid,1209837.47
2018-19,1928,Oregon City SD 62,400,Capital Projects Funds,5400,Resources - Beginning Fund Balance,3125156.81
2018-19,1928,Oregon City SD 62,300,Debt Service Funds,5400,Resources - Beginning Fund Balance,1107567.19
2018-19,1928,Oregon City SD 62,600,Internal Service Funds,5400,Resources - Beginning Fund Balance,509970.07
2018-19,1928,Oregon City SD 62,700,Trust and Agency Funds,5400,Resources - Beginning Fund Balance,219838.54
2018-19,1928,Oregon City SD 62,200,Special Revenue Funds,5400,Resources - Beginning Fund Balance,3092441.45
2018-19,1928,Oregon City SD 62,200,Special Revenue Funds,3101,State School Fund --General Support,330445.04
2018-19,1928,Oregon City SD 62,700,Trust and Agency Funds,1920,Contributions and Donations From Private Sources,1244
2018-19,1928,Oregon City SD 62,700,Trust and Agency Funds,3101,State School Fund --General Support,3350097.58
2018-19,1928,Oregon City SD 62,700,Trust and Agency Funds,3299,Other Restricted Grants-In-Aid,148502.47
2018-19,1928,Oregon City SD 62,700,Trust and Agency Funds,4500,Restricted Revenue From Federal Government Through the State,400916.26
2018-19,1928,Oregon City SD 62,700,Trust and Agency Funds,4700,Grants-In-Aid From Federal Government Through Other Intermed,218027.79
2018-19,1928,Oregon City SD 62,100,General Fund,5400,Resources - Beginning Fund Balance,3913934.46
2018-19,1928,Oregon City SD 62,600,Internal Service Funds,1500,Earnings on Investments,11483.94
2018-19,1928,Oregon City SD 62,600,Internal Service Funds,1960,Recovery of Prior Years' Expenditure,62064.97
2018-19,1928,Oregon City SD 62,600,Internal Service Funds,1970,Services Provided Other Funds,632959.9
2018-19,1928,Oregon City SD 62,600,Internal Service Funds,1990,Miscellaneous,12474.92
2018-19,1928,Oregon City SD 62,700,Trust and Agency Funds,1500,Earnings on Investments,4260.59
2018-19,1928,Oregon City SD 62,700,Trust and Agency Funds,1700,Extra-Curricular Activities,17883.84
2018-19,1928,Oregon City SD 62,400,Capital Projects Funds,1960,Recovery of Prior Years' Expenditure,110996.19
2018-19,1928,Oregon City SD 62,400,Capital Projects Funds,1990,Miscellaneous,161929.17
2018-19,1928,Oregon City SD 62,400,Capital Projects Funds,3222,State School Fund (SSF) Transportation Equipment,829354
2018-19,1928,Oregon City SD 62,400,Capital Projects Funds,3299,Other Restricted Grants-In-Aid,7990
2018-19,1928,Oregon City SD 62,400,Capital Projects Funds,5100,Long Term Debt Financing Sources,166513875.25
2018-19,1928,Oregon City SD 62,400,Capital Projects Funds,5300,Sale of or Compensation for Loss of Fixed Assets,444119
2018-19,1928,Oregon City SD 62,300,Debt Service Funds,5100,Long Term Debt Financing Sources,9519656.25
2018-19,1928,Oregon City SD 62,400,Capital Projects Funds,1130,Construction Excise Tax,336014.77
2018-19,1928,Oregon City SD 62,400,Capital Projects Funds,1500,Earnings on Investments,3022485.64
2018-19,1928,Oregon City SD 62,400,Capital Projects Funds,1700,Extra-Curricular Activities,67283.34
2018-19,1928,Oregon City SD 62,400,Capital Projects Funds,1910,Rentals,17316.75
2018-19,1928,Oregon City SD 62,400,Capital Projects Funds,1920,Contributions and Donations From Private Sources,14380.68
2018-19,1928,Oregon City SD 62,200,Special Revenue Funds,4900,Revenue for/on Behalf of the District,152675.32
2018-19,1928,Oregon City SD 62,200,Special Revenue Funds,5200,Interfund Transfers,200000
2018-19,1928,Oregon City SD 62,300,Debt Service Funds,1110,Ad valorem taxes levied by district,5847138.61
2018-19,1928,Oregon City SD 62,300,Debt Service Funds,1190,Penalties and interest on taxes,20892.2
2018-19,1928,Oregon City SD 62,300,Debt Service Funds,1500,Earnings on Investments,198328.72
2018-19,1928,Oregon City SD 62,300,Debt Service Funds,1970,Services Provided Other Funds,4126582.26
2018-19,1928,Oregon City SD 62,200,Special Revenue Funds,2200,Restricted Revenue,91564.89
2018-19,1928,Oregon City SD 62,200,Special Revenue Funds,3102,State School Fund--School Lunch Match,20996.68
2018-19,1928,Oregon City SD 62,200,Special Revenue Funds,3199,Other Unrestricted Grants-In-Aid,6721.37
2018-19,1928,Oregon City SD 62,200,Special Revenue Funds,3222,State School Fund (SSF) Transportation Equipment,437332.85
2018-19,1928,Oregon City SD 62,200,Special Revenue Funds,4500,Restricted Revenue From Federal Government Through the State,4362453.16
2018-19,1928,Oregon City SD 62,200,Special Revenue Funds,4700,Grants-In-Aid From Federal Government Through Other Intermed,170894.88
2018-19,1928,Oregon City SD 62,200,Special Revenue Funds,1910,Rentals,19807.83
2018-19,1928,Oregon City SD 62,200,Special Revenue Funds,1920,Contributions and Donations From Private Sources,22077.11
2018-19,1928,Oregon City SD 62,200,Special Revenue Funds,1960,Recovery of Prior Years' Expenditure,190.21
2018-19,1928,Oregon City SD 62,200,Special Revenue Funds,1970,Services Provided Other Funds,32923.08
2018-19,1928,Oregon City SD 62,200,Special Revenue Funds,1990,Miscellaneous,38495.7
2018-19,1928,Oregon City SD 62,200,Special Revenue Funds,2102,General Education Service District Funds,695748.95
2018-19,1928,Oregon City SD 62,100,General Fund,4500,Restricted Revenue From Federal Government Through the State,2863.71
2018-19,1928,Oregon City SD 62,100,General Fund,4801,Federal Forest Fees,31204.8
2018-19,1928,Oregon City SD 62,200,Special Revenue Funds,1500,Earnings on Investments,6328.49
2018-19,1928,Oregon City SD 62,200,Special Revenue Funds,1600,Food Service,784004.7
2018-19,1928,Oregon City SD 62,200,Special Revenue Funds,1700,Extra-Curricular Activities,2531945.13
2018-19,1928,Oregon City SD 62,200,Special Revenue Funds,1800,Community Services Activities,1325347.47
2018-19,1928,Oregon City SD 62,100,General Fund,1980,Fees Charged to Grants,37044.63
2018-19,1928,Oregon City SD 62,100,General Fund,1990,Miscellaneous,107550.92
2018-19,1928,Oregon City SD 62,100,General Fund,2102,General Education Service District Funds,963643
2018-19,1928,Oregon City SD 62,100,General Fund,3101,State School Fund --General Support,50067166.59
2018-19,1928,Oregon City SD 62,100,General Fund,3103,Common School Fund,885728.37
2018-19,1928,Oregon City SD 62,100,General Fund,3199,Other Unrestricted Grants-In-Aid,899794.2
2018-19,1928,Oregon City SD 62,100,General Fund,1700,Extra-Curricular Activities,211165.72
2018-19,1928,Oregon City SD 62,100,General Fund,1800,Community Services Activities,606366.7
2018-19,1928,Oregon City SD 62,100,General Fund,1910,Rentals,338517.8
2018-19,1928,Oregon City SD 62,100,General Fund,1920,Contributions and Donations From Private Sources,611.4
2018-19,1928,Oregon City SD 62,100,General Fund,1940,Services Provided Other Local Education Agencies,30766
2018-19,1928,Oregon City SD 62,100,General Fund,1960,Recovery of Prior Years' Expenditure,5533.81
2018-19,1928,Oregon City SD 62,100,General Fund,1110,Ad valorem taxes levied by district,27368296.61
2018-19,1928,Oregon City SD 62,100,General Fund,1190,Penalties and interest on taxes,65056.66
2018-19,1928,Oregon City SD 62,100,General Fund,1411,Transportation fees from Individuals,113487.52
2018-19,1928,Oregon City SD 62,100,General Fund,1500,Earnings on Investments,554483.01
2018-19,1929,Canby SD 86,100,General Fund,1110,Ad valorem taxes levied by district,14986383.62
2018-19,1929,Canby SD 86,100,General Fund,1190,Penalties and interest on taxes,41122.02
2018-19,1929,Canby SD 86,100,General Fund,1411,Transportation fees from Individuals,10571.28
2018-19,1929,Canby SD 86,100,General Fund,1500,Earnings on Investments,219814.22
2018-19,1929,Canby SD 86,100,General Fund,1700,Extra-Curricular Activities,159956.69
2018-19,1929,Canby SD 86,100,General Fund,1910,Rentals,21550.03
2018-19,1929,Canby SD 86,700,Trust and Agency Funds,1500,Earnings on Investments,8486.56
2018-19,1929,Canby SD 86,700,Trust and Agency Funds,1920,Contributions and Donations From Private Sources,53815.33
2018-19,1929,Canby SD 86,700,Trust and Agency Funds,5400,Resources - Beginning Fund Balance,303951.92
2018-19,1929,Canby SD 86,600,Internal Service Funds,1500,Earnings on Investments,38.95
2018-19,1929,Canby SD 86,600,Internal Service Funds,1910,Rentals,76425
2018-19,1929,Canby SD 86,600,Internal Service Funds,1970,Services Provided Other Funds,158161.56
2018-19,1929,Canby SD 86,600,Internal Service Funds,1990,Miscellaneous,196809.67
2018-19,1929,Canby SD 86,600,Internal Service Funds,5200,Interfund Transfers,50000
2018-19,1929,Canby SD 86,600,Internal Service Funds,5400,Resources - Beginning Fund Balance,306437.49
2018-19,1929,Canby SD 86,300,Debt Service Funds,1500,Earnings on Investments,172045.89
2018-19,1929,Canby SD 86,300,Debt Service Funds,1970,Services Provided Other Funds,3667837.72
2018-19,1929,Canby SD 86,300,Debt Service Funds,1990,Miscellaneous,3868.89
2018-19,1929,Canby SD 86,300,Debt Service Funds,5400,Resources - Beginning Fund Balance,1730829.39
2018-19,1929,Canby SD 86,400,Capital Projects Funds,1500,Earnings on Investments,9132.8
2018-19,1929,Canby SD 86,400,Capital Projects Funds,5400,Resources - Beginning Fund Balance,300563.3
2018-19,1929,Canby SD 86,200,Special Revenue Funds,4500,Restricted Revenue From Federal Government Through the State,3184853.38
2018-19,1929,Canby SD 86,200,Special Revenue Funds,4900,Revenue for/on Behalf of the District,104839.22
2018-19,1929,Canby SD 86,200,Special Revenue Funds,5200,Interfund Transfers,25000
2018-19,1929,Canby SD 86,200,Special Revenue Funds,5400,Resources - Beginning Fund Balance,3338228.3
2018-19,1929,Canby SD 86,300,Debt Service Funds,1110,Ad valorem taxes levied by district,7030690.04
2018-19,1929,Canby SD 86,300,Debt Service Funds,1190,Penalties and interest on taxes,19292.98
2018-19,1929,Canby SD 86,200,Special Revenue Funds,1980,Fees Charged to Grants,59189.76
2018-19,1929,Canby SD 86,200,Special Revenue Funds,1990,Miscellaneous,430662.76
2018-19,1929,Canby SD 86,200,Special Revenue Funds,2199,Other Intermediate Sources,21422.4
2018-19,1929,Canby SD 86,200,Special Revenue Funds,3102,State School Fund--School Lunch Match,25612.64
2018-19,1929,Canby SD 86,200,Special Revenue Funds,3204,Driver Education,23884.92
2018-19,1929,Canby SD 86,200,Special Revenue Funds,3299,Other Restricted Grants-In-Aid,1277678.06
2018-19,1929,Canby SD 86,200,Special Revenue Funds,1500,Earnings on Investments,41696.85
2018-19,1929,Canby SD 86,200,Special Revenue Funds,1600,Food Service,328446.81
2018-19,1929,Canby SD 86,200,Special Revenue Funds,1700,Extra-Curricular Activities,1340877.05
2018-19,1929,Canby SD 86,200,Special Revenue Funds,1800,Community Services Activities,160
2018-19,1929,Canby SD 86,200,Special Revenue Funds,1910,Rentals,12337
2018-19,1929,Canby SD 86,200,Special Revenue Funds,1920,Contributions and Donations From Private Sources,72713.27
2018-19,1929,Canby SD 86,100,General Fund,4500,Restricted Revenue From Federal Government Through the State,11726.45
2018-19,1929,Canby SD 86,100,General Fund,4801,Federal Forest Fees,18208.08
2018-19,1929,Canby SD 86,100,General Fund,5400,Resources - Beginning Fund Balance,4096963.09
2018-19,1929,Canby SD 86,200,Special Revenue Funds,1130,Construction Excise Tax,412173.94
2018-19,1929,Canby SD 86,200,Special Revenue Funds,1330,Summer School Tuition,5250
2018-19,1929,Canby SD 86,200,Special Revenue Funds,1411,Transportation fees from Individuals,5572.17
2018-19,1929,Canby SD 86,100,General Fund,1920,Contributions and Donations From Private Sources,193
2018-19,1929,Canby SD 86,100,General Fund,1990,Miscellaneous,7211.58
2018-19,1929,Canby SD 86,100,General Fund,2101,County School Funds,37952.55
2018-19,1929,Canby SD 86,100,General Fund,2102,General Education Service District Funds,708161.34
2018-19,1929,Canby SD 86,100,General Fund,3101,State School Fund --General Support,32332389.94
2018-19,1929,Canby SD 86,100,General Fund,3103,Common School Fund,478871.96
2018-19,1930,Estacada SD 108,100,General Fund,1110,Ad valorem taxes levied by district,6346205.03
2018-19,1930,Estacada SD 108,100,General Fund,1411,Transportation fees from Individuals,8863.48
2018-19,1930,Estacada SD 108,100,General Fund,1412,Transportation fees from Other Districts within the State,3928.29
2018-19,1930,Estacada SD 108,100,General Fund,1500,Earnings on Investments,261691.52
2018-19,1930,Estacada SD 108,100,General Fund,1910,Rentals,62171.17
2018-19,1930,Estacada SD 108,100,General Fund,1920,Contributions and Donations From Private Sources,524.58
2018-19,1930,Estacada SD 108,400,Capital Projects Funds,1500,Earnings on Investments,71707.45
2018-19,1930,Estacada SD 108,400,Capital Projects Funds,3299,Other Restricted Grants-In-Aid,97476
2018-19,1930,Estacada SD 108,400,Capital Projects Funds,5200,Interfund Transfers,1000000
2018-19,1930,Estacada SD 108,400,Capital Projects Funds,5300,Sale of or Compensation for Loss of Fixed Assets,76733
2018-19,1930,Estacada SD 108,200,Special Revenue Funds,5400,Resources - Beginning Fund Balance,1914001.64
2018-19,1930,Estacada SD 108,300,Debt Service Funds,5400,Resources - Beginning Fund Balance,401632.91
2018-19,1930,Estacada SD 108,300,Debt Service Funds,1110,Ad valorem taxes levied by district,2415843.7
2018-19,1930,Estacada SD 108,300,Debt Service Funds,1500,Earnings on Investments,19960.41
2018-19,1930,Estacada SD 108,300,Debt Service Funds,1970,Services Provided Other Funds,1106324.49
2018-19,1930,Estacada SD 108,300,Debt Service Funds,1990,Miscellaneous,60959.8
2018-19,1930,Estacada SD 108,300,Debt Service Funds,5200,Interfund Transfers,33706.83
2018-19,1930,Estacada SD 108,400,Capital Projects Funds,1130,Construction Excise Tax,276224.16
2018-19,1930,Estacada SD 108,200,Special Revenue Funds,3102,State School Fund--School Lunch Match,6079.05
2018-19,1930,Estacada SD 108,200,Special Revenue Funds,3299,Other Restricted Grants-In-Aid,736072.85
2018-19,1930,Estacada SD 108,200,Special Revenue Funds,4500,Restricted Revenue From Federal Government Through the State,1430038.78
2018-19,1930,Estacada SD 108,200,Special Revenue Funds,4900,Revenue for/on Behalf of the District,44239.26
2018-19,1930,Estacada SD 108,200,Special Revenue Funds,5200,Interfund Transfers,750455.62
2018-19,1930,Estacada SD 108,200,Special Revenue Funds,5300,Sale of or Compensation for Loss of Fixed Assets,2470.5
2018-19,1930,Estacada SD 108,200,Special Revenue Funds,1600,Food Service,182811.76
2018-19,1930,Estacada SD 108,200,Special Revenue Funds,1700,Extra-Curricular Activities,370373.28
2018-19,1930,Estacada SD 108,200,Special Revenue Funds,1910,Rentals,4506.16
2018-19,1930,Estacada SD 108,200,Special Revenue Funds,1920,Contributions and Donations From Private Sources,16458
2018-19,1930,Estacada SD 108,200,Special Revenue Funds,1990,Miscellaneous,115466.45
2018-19,1930,Estacada SD 108,200,Special Revenue Funds,2200,Restricted Revenue,17997.09
2018-19,1930,Estacada SD 108,100,General Fund,3299,Other Restricted Grants-In-Aid,1233.76
2018-19,1930,Estacada SD 108,100,General Fund,4801,Federal Forest Fees,8457.48
2018-19,1930,Estacada SD 108,200,Special Revenue Funds,1412,Transportation fees from Other Districts within the State,-165.7
2018-19,1930,Estacada SD 108,200,Special Revenue Funds,1500,Earnings on Investments,-30
2018-19,1930,Estacada SD 108,100,General Fund,5400,Resources - Beginning Fund Balance,3178134.4
2018-19,1930,Estacada SD 108,400,Capital Projects Funds,5400,Resources - Beginning Fund Balance,2521654.07
2018-19,1930,Estacada SD 108,100,General Fund,1990,Miscellaneous,56335.81
2018-19,1930,Estacada SD 108,100,General Fund,2101,County School Funds,17628.6
2018-19,1930,Estacada SD 108,100,General Fund,2102,General Education Service District Funds,259934.5
2018-19,1930,Estacada SD 108,100,General Fund,2199,Other Intermediate Sources,540.71
2018-19,1930,Estacada SD 108,100,General Fund,3101,State School Fund --General Support,21989753.94
2018-19,1930,Estacada SD 108,100,General Fund,3103,Common School Fund,222431.42
2018-19,1931,Gladstone SD 115,700,Trust and Agency Funds,1700,Extra-Curricular Activities,6964
2018-19,1931,Gladstone SD 115,700,Trust and Agency Funds,1800,Community Services Activities,834
2018-19,1931,Gladstone SD 115,700,Trust and Agency Funds,1990,Miscellaneous,1000
2018-19,1931,Gladstone SD 115,700,Trust and Agency Funds,5400,Resources - Beginning Fund Balance,33179
2018-19,1931,Gladstone SD 115,400,Capital Projects Funds,1130,Construction Excise Tax,40845
2018-19,1931,Gladstone SD 115,400,Capital Projects Funds,1500,Earnings on Investments,57261
2018-19,1931,Gladstone SD 115,400,Capital Projects Funds,1910,Rentals,5100
2018-19,1931,Gladstone SD 115,400,Capital Projects Funds,1920,Contributions and Donations From Private Sources,9710
2018-19,1931,Gladstone SD 115,400,Capital Projects Funds,1990,Miscellaneous,39545
2018-19,1931,Gladstone SD 115,400,Capital Projects Funds,5400,Resources - Beginning Fund Balance,1637276
2018-19,1931,Gladstone SD 115,300,Debt Service Funds,1110,Ad valorem taxes levied by district,4195503
2018-19,1931,Gladstone SD 115,300,Debt Service Funds,1190,Penalties and interest on taxes,11589
2018-19,1931,Gladstone SD 115,300,Debt Service Funds,1500,Earnings on Investments,0
2018-19,1931,Gladstone SD 115,300,Debt Service Funds,1970,Services Provided Other Funds,1713951
2018-19,1931,Gladstone SD 115,300,Debt Service Funds,5100,Long Term Debt Financing Sources,0
2018-19,1931,Gladstone SD 115,300,Debt Service Funds,5400,Resources - Beginning Fund Balance,828478
2018-19,1931,Gladstone SD 115,200,Special Revenue Funds,3299,Other Restricted Grants-In-Aid,527637
2018-19,1931,Gladstone SD 115,200,Special Revenue Funds,4500,Restricted Revenue From Federal Government Through the State,1331032
2018-19,1931,Gladstone SD 115,200,Special Revenue Funds,4700,Grants-In-Aid From Federal Government Through Other Intermed,0
2018-19,1931,Gladstone SD 115,200,Special Revenue Funds,4900,Revenue for/on Behalf of the District,59936
2018-19,1931,Gladstone SD 115,200,Special Revenue Funds,5200,Interfund Transfers,42309
2018-19,1931,Gladstone SD 115,200,Special Revenue Funds,5400,Resources - Beginning Fund Balance,1086250
2018-19,1931,Gladstone SD 115,200,Special Revenue Funds,1990,Miscellaneous,37847
2018-19,1931,Gladstone SD 115,200,Special Revenue Funds,2199,Other Intermediate Sources,0
2018-19,1931,Gladstone SD 115,200,Special Revenue Funds,2200,Restricted Revenue,65458
2018-19,1931,Gladstone SD 115,200,Special Revenue Funds,3102,State School Fund--School Lunch Match,7424
2018-19,1931,Gladstone SD 115,200,Special Revenue Funds,3199,Other Unrestricted Grants-In-Aid,0
2018-19,1931,Gladstone SD 115,200,Special Revenue Funds,3204,Driver Education,23040
2018-19,1931,Gladstone SD 115,200,Special Revenue Funds,1600,Food Service,263191
2018-19,1931,Gladstone SD 115,200,Special Revenue Funds,1700,Extra-Curricular Activities,608626
2018-19,1931,Gladstone SD 115,200,Special Revenue Funds,1800,Community Services Activities,182615
2018-19,1931,Gladstone SD 115,200,Special Revenue Funds,1910,Rentals,4479
2018-19,1931,Gladstone SD 115,200,Special Revenue Funds,1920,Contributions and Donations From Private Sources,248484
2018-19,1931,Gladstone SD 115,200,Special Revenue Funds,1940,Services Provided Other Local Education Agencies,74518
2018-19,1931,Gladstone SD 115,100,General Fund,4801,Federal Forest Fees,8064
2018-19,1931,Gladstone SD 115,100,General Fund,5300,Sale of or Compensation for Loss of Fixed Assets,5500
2018-19,1931,Gladstone SD 115,100,General Fund,5400,Resources - Beginning Fund Balance,2632605
2018-19,1931,Gladstone SD 115,200,Special Revenue Funds,1200,Revenue From Local Governmental Units Other Than Districts,0
2018-19,1931,Gladstone SD 115,200,Special Revenue Funds,1320,Adult/Continuing Education Tuition,184089
2018-19,1931,Gladstone SD 115,200,Special Revenue Funds,1500,Earnings on Investments,37191
2018-19,1931,Gladstone SD 115,100,General Fund,2102,General Education Service District Funds,365816
2018-19,1931,Gladstone SD 115,100,General Fund,2200,Restricted Revenue,0
2018-19,1931,Gladstone SD 115,100,General Fund,3101,State School Fund --General Support,15574628
2018-19,1931,Gladstone SD 115,100,General Fund,3103,Common School Fund,212072
2018-19,1931,Gladstone SD 115,100,General Fund,3199,Other Unrestricted Grants-In-Aid,96058
2018-19,1931,Gladstone SD 115,100,General Fund,4500,Restricted Revenue From Federal Government Through the State,0
2018-19,1931,Gladstone SD 115,100,General Fund,1700,Extra-Curricular Activities,77617
2018-19,1931,Gladstone SD 115,100,General Fund,1910,Rentals,148840
2018-19,1931,Gladstone SD 115,100,General Fund,1940,Services Provided Other Local Education Agencies,0
2018-19,1931,Gladstone SD 115,100,General Fund,1960,Recovery of Prior Years' Expenditure,0
2018-19,1931,Gladstone SD 115,100,General Fund,1990,Miscellaneous,66704
2018-19,1931,Gladstone SD 115,100,General Fund,2101,County School Funds,16808
2018-19,1931,Gladstone SD 115,100,General Fund,1110,Ad valorem taxes levied by district,4233709
2018-19,1931,Gladstone SD 115,100,General Fund,1190,Penalties and interest on taxes,20834
2018-19,1931,Gladstone SD 115,100,General Fund,1500,Earnings on Investments,163743
2018-19,1933,Astoria SD 1,400,Capital Projects Funds,5100,Long Term Debt Financing Sources,79442970.1
2018-19,1933,Astoria SD 1,400,Capital Projects Funds,5400,Resources - Beginning Fund Balance,1921.03
2018-19,1933,Astoria SD 1,300,Debt Service Funds,1110,Ad valorem taxes levied by district,2227571.85
2018-19,1933,Astoria SD 1,300,Debt Service Funds,1190,Penalties and interest on taxes,6566.05
2018-19,1933,Astoria SD 1,300,Debt Service Funds,1500,Earnings on Investments,24788.53
2018-19,1933,Astoria SD 1,300,Debt Service Funds,1970,Services Provided Other Funds,1735863.78
2018-19,1933,Astoria SD 1,300,Debt Service Funds,5400,Resources - Beginning Fund Balance,99499.21
2018-19,1933,Astoria SD 1,400,Capital Projects Funds,1500,Earnings on Investments,901284.63
2018-19,1933,Astoria SD 1,200,Special Revenue Funds,1990,Miscellaneous,188488.84
2018-19,1933,Astoria SD 1,200,Special Revenue Funds,3299,Other Restricted Grants-In-Aid,374748.66
2018-19,1933,Astoria SD 1,200,Special Revenue Funds,4500,Restricted Revenue From Federal Government Through the State,1175136.5
2018-19,1933,Astoria SD 1,200,Special Revenue Funds,4900,Revenue for/on Behalf of the District,45146.6
2018-19,1933,Astoria SD 1,200,Special Revenue Funds,5200,Interfund Transfers,304000
2018-19,1933,Astoria SD 1,200,Special Revenue Funds,5400,Resources - Beginning Fund Balance,379872.28
2018-19,1933,Astoria SD 1,200,Special Revenue Funds,1500,Earnings on Investments,9.2
2018-19,1933,Astoria SD 1,200,Special Revenue Funds,1600,Food Service,148873.05
2018-19,1933,Astoria SD 1,200,Special Revenue Funds,1700,Extra-Curricular Activities,684700.68
2018-19,1933,Astoria SD 1,200,Special Revenue Funds,1920,Contributions and Donations From Private Sources,148299.75
2018-19,1933,Astoria SD 1,200,Special Revenue Funds,1940,Services Provided Other Local Education Agencies,403289.38
2018-19,1933,Astoria SD 1,200,Special Revenue Funds,1960,Recovery of Prior Years' Expenditure,73.89
2018-19,1933,Astoria SD 1,100,General Fund,3103,Common School Fund,189440.84
2018-19,1933,Astoria SD 1,100,General Fund,3104,State Managed County Timber,493984.77
2018-19,1933,Astoria SD 1,100,General Fund,4802,Impact Aid to School Districts for Operation,67535.01
2018-19,1933,Astoria SD 1,100,General Fund,4899,Other Federal Revenue in Lieu of Taxes,3770.65
2018-19,1933,Astoria SD 1,100,General Fund,5400,Resources - Beginning Fund Balance,2299288.17
2018-19,1933,Astoria SD 1,200,Special Revenue Funds,1130,Construction Excise Tax,46827.36
2018-19,1933,Astoria SD 1,100,General Fund,1500,Earnings on Investments,255573.47
2018-19,1933,Astoria SD 1,100,General Fund,1940,Services Provided Other Local Education Agencies,257551.02
2018-19,1933,Astoria SD 1,100,General Fund,1960,Recovery of Prior Years' Expenditure,13144.34
2018-19,1933,Astoria SD 1,100,General Fund,1990,Miscellaneous,118467.23
2018-19,1933,Astoria SD 1,100,General Fund,2101,County School Funds,1942733.41
2018-19,1933,Astoria SD 1,100,General Fund,3101,State School Fund --General Support,10410511.97
2018-19,1933,Astoria SD 1,100,General Fund,1110,Ad valorem taxes levied by district,5884779.04
2018-19,1933,Astoria SD 1,100,General Fund,1190,Penalties and interest on taxes,6168.3
2018-19,1933,Astoria SD 1,100,General Fund,1311,Tuition from Individuals,12000
2018-19,1934,Jewell SD 8,100,General Fund,1110,Ad valorem taxes levied by district,524838.2
2018-19,1934,Jewell SD 8,100,General Fund,1190,Penalties and interest on taxes,267.14
2018-19,1934,Jewell SD 8,100,General Fund,1312,Tuition from Other Districts within the State,42010
2018-19,1934,Jewell SD 8,100,General Fund,1500,Earnings on Investments,61197.81
2018-19,1934,Jewell SD 8,100,General Fund,1700,Extra-Curricular Activities,6424.13
2018-19,1934,Jewell SD 8,100,General Fund,1910,Rentals,1590
2018-19,1934,Jewell SD 8,400,Capital Projects Funds,5200,Interfund Transfers,1000000
2018-19,1934,Jewell SD 8,400,Capital Projects Funds,5400,Resources - Beginning Fund Balance,23663.52
2018-19,1934,Jewell SD 8,200,Special Revenue Funds,3299,Other Restricted Grants-In-Aid,145289.05
2018-19,1934,Jewell SD 8,200,Special Revenue Funds,4500,Restricted Revenue From Federal Government Through the State,197725.09
2018-19,1934,Jewell SD 8,200,Special Revenue Funds,4700,Grants-In-Aid From Federal Government Through Other Intermed,18960.85
2018-19,1934,Jewell SD 8,200,Special Revenue Funds,4900,Revenue for/on Behalf of the District,7433.06
2018-19,1934,Jewell SD 8,200,Special Revenue Funds,5200,Interfund Transfers,221496.57
2018-19,1934,Jewell SD 8,200,Special Revenue Funds,5400,Resources - Beginning Fund Balance,17203576.77
2018-19,1934,Jewell SD 8,200,Special Revenue Funds,1500,Earnings on Investments,377850.58
2018-19,1934,Jewell SD 8,200,Special Revenue Funds,1600,Food Service,24888.4
2018-19,1934,Jewell SD 8,200,Special Revenue Funds,1700,Extra-Curricular Activities,37233.27
2018-19,1934,Jewell SD 8,200,Special Revenue Funds,1910,Rentals,31944
2018-19,1934,Jewell SD 8,200,Special Revenue Funds,1920,Contributions and Donations From Private Sources,8250
2018-19,1934,Jewell SD 8,200,Special Revenue Funds,1960,Recovery of Prior Years' Expenditure,1268
2018-19,1934,Jewell SD 8,100,General Fund,3104,State Managed County Timber,3603363.14
2018-19,1934,Jewell SD 8,100,General Fund,3199,Other Unrestricted Grants-In-Aid,10278.67
2018-19,1934,Jewell SD 8,100,General Fund,3299,Other Restricted Grants-In-Aid,17650.91
2018-19,1934,Jewell SD 8,100,General Fund,5200,Interfund Transfers,812754.75
2018-19,1934,Jewell SD 8,100,General Fund,5300,Sale of or Compensation for Loss of Fixed Assets,500
2018-19,1934,Jewell SD 8,100,General Fund,5400,Resources - Beginning Fund Balance,747813.94
2018-19,1934,Jewell SD 8,100,General Fund,1920,Contributions and Donations From Private Sources,3500
2018-19,1934,Jewell SD 8,100,General Fund,1960,Recovery of Prior Years' Expenditure,1535.36
2018-19,1934,Jewell SD 8,100,General Fund,1990,Miscellaneous,30128.84
2018-19,1934,Jewell SD 8,100,General Fund,2101,County School Funds,113043.14
2018-19,1934,Jewell SD 8,100,General Fund,2102,General Education Service District Funds,6132.78
2018-19,1934,Jewell SD 8,100,General Fund,3103,Common School Fund,15078.74
2018-19,1935,Seaside SD 10,100,General Fund,1700,Extra-Curricular Activities,26356.87
2018-19,1935,Seaside SD 10,100,General Fund,1910,Rentals,61592.49
2018-19,1935,Seaside SD 10,100,General Fund,1990,Miscellaneous,158153.23
2018-19,1935,Seaside SD 10,100,General Fund,2101,County School Funds,1351482.06
2018-19,1935,Seaside SD 10,100,General Fund,2102,General Education Service District Funds,82304.03
2018-19,1935,Seaside SD 10,100,General Fund,3103,Common School Fund,156265.03
2018-19,1935,Seaside SD 10,400,Capital Projects Funds,5200,Interfund Transfers,319434.42
2018-19,1935,Seaside SD 10,400,Capital Projects Funds,5400,Resources - Beginning Fund Balance,106025171
2018-19,1935,Seaside SD 10,100,General Fund,1110,Ad valorem taxes levied by district,15037336.64
2018-19,1935,Seaside SD 10,100,General Fund,1120,Local option ad valorem taxes levied by district,1349905.48
2018-19,1935,Seaside SD 10,100,General Fund,1500,Earnings on Investments,211831.11
2018-19,1935,Seaside SD 10,200,Special Revenue Funds,5400,Resources - Beginning Fund Balance,496822.82
2018-19,1935,Seaside SD 10,300,Debt Service Funds,1110,Ad valorem taxes levied by district,4696564.25
2018-19,1935,Seaside SD 10,300,Debt Service Funds,1500,Earnings on Investments,34562.37
2018-19,1935,Seaside SD 10,300,Debt Service Funds,5400,Resources - Beginning Fund Balance,179968.88
2018-19,1935,Seaside SD 10,400,Capital Projects Funds,1500,Earnings on Investments,2380527.65
2018-19,1935,Seaside SD 10,400,Capital Projects Funds,3299,Other Restricted Grants-In-Aid,14660
2018-19,1935,Seaside SD 10,200,Special Revenue Funds,1920,Contributions and Donations From Private Sources,2075
2018-19,1935,Seaside SD 10,200,Special Revenue Funds,1990,Miscellaneous,353774.36
2018-19,1935,Seaside SD 10,200,Special Revenue Funds,3299,Other Restricted Grants-In-Aid,222610.03
2018-19,1935,Seaside SD 10,200,Special Revenue Funds,4500,Restricted Revenue From Federal Government Through the State,1101768.36
2018-19,1935,Seaside SD 10,200,Special Revenue Funds,4900,Revenue for/on Behalf of the District,162652.18
2018-19,1935,Seaside SD 10,200,Special Revenue Funds,5200,Interfund Transfers,81703.21
2018-19,1935,Seaside SD 10,100,General Fund,3104,State Managed County Timber,87761.65
2018-19,1935,Seaside SD 10,100,General Fund,4500,Restricted Revenue From Federal Government Through the State,6063.14
2018-19,1935,Seaside SD 10,100,General Fund,5400,Resources - Beginning Fund Balance,3741482
2018-19,1935,Seaside SD 10,200,Special Revenue Funds,1500,Earnings on Investments,213.12
2018-19,1935,Seaside SD 10,200,Special Revenue Funds,1600,Food Service,37852.91
2018-19,1935,Seaside SD 10,200,Special Revenue Funds,1700,Extra-Curricular Activities,401321.02
2018-19,1936,Warrenton-Hammond SD 30,100,General Fund,1311,Tuition from Individuals,258367.73
2018-19,1936,Warrenton-Hammond SD 30,100,General Fund,1500,Earnings on Investments,114248.16
2018-19,1936,Warrenton-Hammond SD 30,100,General Fund,1700,Extra-Curricular Activities,30039.6
2018-19,1936,Warrenton-Hammond SD 30,100,General Fund,2101,County School Funds,850447.79
2018-19,1936,Warrenton-Hammond SD 30,100,General Fund,3101,State School Fund --General Support,5058589.46
2018-19,1936,Warrenton-Hammond SD 30,100,General Fund,3103,Common School Fund,99568.42
2018-19,1936,Warrenton-Hammond SD 30,100,General Fund,1990,Miscellaneous,11274.05
2018-19,1936,Warrenton-Hammond SD 30,300,Debt Service Funds,5200,Interfund Transfers,235950
2018-19,1936,Warrenton-Hammond SD 30,400,Capital Projects Funds,5100,Long Term Debt Financing Sources,42383443.5
2018-19,1936,Warrenton-Hammond SD 30,300,Debt Service Funds,1990,Miscellaneous,-70579
2018-19,1936,Warrenton-Hammond SD 30,100,General Fund,1110,Ad valorem taxes levied by district,2844820.1
2018-19,1936,Warrenton-Hammond SD 30,400,Capital Projects Funds,1910,Rentals,22935
2018-19,1936,Warrenton-Hammond SD 30,400,Capital Projects Funds,1990,Miscellaneous,1602.15
2018-19,1936,Warrenton-Hammond SD 30,400,Capital Projects Funds,5400,Resources - Beginning Fund Balance,596723.56
2018-19,1936,Warrenton-Hammond SD 30,200,Special Revenue Funds,5400,Resources - Beginning Fund Balance,251802.66
2018-19,1936,Warrenton-Hammond SD 30,300,Debt Service Funds,1110,Ad valorem taxes levied by district,439117.6
2018-19,1936,Warrenton-Hammond SD 30,300,Debt Service Funds,1500,Earnings on Investments,8788.95
2018-19,1936,Warrenton-Hammond SD 30,300,Debt Service Funds,1970,Services Provided Other Funds,346465.3
2018-19,1936,Warrenton-Hammond SD 30,300,Debt Service Funds,5400,Resources - Beginning Fund Balance,746809.38
2018-19,1936,Warrenton-Hammond SD 30,400,Capital Projects Funds,1500,Earnings on Investments,409275.59
2018-19,1936,Warrenton-Hammond SD 30,200,Special Revenue Funds,1990,Miscellaneous,245383.94
2018-19,1936,Warrenton-Hammond SD 30,200,Special Revenue Funds,2900,Revenue for/on Behalf of the District,885918.71
2018-19,1936,Warrenton-Hammond SD 30,200,Special Revenue Funds,3102,State School Fund--School Lunch Match,14815.81
2018-19,1936,Warrenton-Hammond SD 30,200,Special Revenue Funds,4500,Restricted Revenue From Federal Government Through the State,759392.09
2018-19,1936,Warrenton-Hammond SD 30,200,Special Revenue Funds,4900,Revenue for/on Behalf of the District,26969.18
2018-19,1936,Warrenton-Hammond SD 30,200,Special Revenue Funds,5200,Interfund Transfers,70000
2018-19,1936,Warrenton-Hammond SD 30,100,General Fund,3104,State Managed County Timber,1227820.73
2018-19,1936,Warrenton-Hammond SD 30,100,General Fund,3199,Other Unrestricted Grants-In-Aid,49287.6
2018-19,1936,Warrenton-Hammond SD 30,100,General Fund,5400,Resources - Beginning Fund Balance,1076632.82
2018-19,1936,Warrenton-Hammond SD 30,200,Special Revenue Funds,1500,Earnings on Investments,0.8
2018-19,1936,Warrenton-Hammond SD 30,200,Special Revenue Funds,1600,Food Service,54008.93
2018-19,1936,Warrenton-Hammond SD 30,200,Special Revenue Funds,1920,Contributions and Donations From Private Sources,47104.74
2018-19,1944,Scappoose SD 1J,100,General Fund,1110,Ad valorem taxes levied by district,8907694.27
2018-19,1944,Scappoose SD 1J,100,General Fund,1312,Tuition from Other Districts within the State,3100
2018-19,1944,Scappoose SD 1J,100,General Fund,1500,Earnings on Investments,121133.34
2018-19,1944,Scappoose SD 1J,100,General Fund,1700,Extra-Curricular Activities,113349.5
2018-19,1944,Scappoose SD 1J,100,General Fund,1910,Rentals,33016
2018-19,1944,Scappoose SD 1J,100,General Fund,1940,Services Provided Other Local Education Agencies,83516.42
2018-19,1944,Scappoose SD 1J,400,Capital Projects Funds,1500,Earnings on Investments,9410.65
2018-19,1944,Scappoose SD 1J,400,Capital Projects Funds,2199,Other Intermediate Sources,119984.59
2018-19,1944,Scappoose SD 1J,400,Capital Projects Funds,5400,Resources - Beginning Fund Balance,365835.8
2018-19,1944,Scappoose SD 1J,200,Special Revenue Funds,4900,Revenue for/on Behalf of the District,50678.76
2018-19,1944,Scappoose SD 1J,200,Special Revenue Funds,5200,Interfund Transfers,349059.59
2018-19,1944,Scappoose SD 1J,200,Special Revenue Funds,5400,Resources - Beginning Fund Balance,660874
2018-19,1944,Scappoose SD 1J,300,Debt Service Funds,1110,Ad valorem taxes levied by district,2557067.83
2018-19,1944,Scappoose SD 1J,300,Debt Service Funds,1500,Earnings on Investments,30562.89
2018-19,1944,Scappoose SD 1J,300,Debt Service Funds,5400,Resources - Beginning Fund Balance,430920.28
2018-19,1944,Scappoose SD 1J,200,Special Revenue Funds,2199,Other Intermediate Sources,8205.38
2018-19,1944,Scappoose SD 1J,200,Special Revenue Funds,3199,Other Unrestricted Grants-In-Aid,5612.74
2018-19,1944,Scappoose SD 1J,200,Special Revenue Funds,3102,State School Fund--School Lunch Match,8884
2018-19,1944,Scappoose SD 1J,200,Special Revenue Funds,3299,Other Restricted Grants-In-Aid,878754.57
2018-19,1944,Scappoose SD 1J,200,Special Revenue Funds,3204,Driver Education,18174.84
2018-19,1944,Scappoose SD 1J,200,Special Revenue Funds,4500,Restricted Revenue From Federal Government Through the State,1036100
2018-19,1944,Scappoose SD 1J,200,Special Revenue Funds,1500,Earnings on Investments,26143.65
2018-19,1944,Scappoose SD 1J,200,Special Revenue Funds,1600,Food Service,211756.25
2018-19,1944,Scappoose SD 1J,200,Special Revenue Funds,1700,Extra-Curricular Activities,5575
2018-19,1944,Scappoose SD 1J,200,Special Revenue Funds,1910,Rentals,56329.77
2018-19,1944,Scappoose SD 1J,200,Special Revenue Funds,1990,Miscellaneous,23471.42
2018-19,1944,Scappoose SD 1J,200,Special Revenue Funds,2102,General Education Service District Funds,113663.67
2018-19,1944,Scappoose SD 1J,100,General Fund,3103,Common School Fund,242750.76
2018-19,1944,Scappoose SD 1J,100,General Fund,3104,State Managed County Timber,448721.27
2018-19,1944,Scappoose SD 1J,100,General Fund,3199,Other Unrestricted Grants-In-Aid,14048
2018-19,1944,Scappoose SD 1J,100,General Fund,3299,Other Restricted Grants-In-Aid,4962.23
2018-19,1944,Scappoose SD 1J,100,General Fund,4500,Restricted Revenue From Federal Government Through the State,13639.14
2018-19,1944,Scappoose SD 1J,100,General Fund,5400,Resources - Beginning Fund Balance,1808043.16
2018-19,1944,Scappoose SD 1J,100,General Fund,1960,Recovery of Prior Years' Expenditure,90226.32
2018-19,1944,Scappoose SD 1J,100,General Fund,1990,Miscellaneous,6886.04
2018-19,1944,Scappoose SD 1J,100,General Fund,2101,County School Funds,248909.6
2018-19,1944,Scappoose SD 1J,100,General Fund,2105,Natural Gas; Oil; And Mineral Receipts,20007.25
2018-19,1944,Scappoose SD 1J,100,General Fund,2800,Revenue in Lieu of Taxes,397357.05
2018-19,1944,Scappoose SD 1J,100,General Fund,3101,State School Fund --General Support,13527541.07
2018-19,1945,Clatskanie SD 6J,200,Special Revenue Funds,1990,Miscellaneous,10291.44
2018-19,1945,Clatskanie SD 6J,200,Special Revenue Funds,2200,Restricted Revenue,4016
2018-19,1945,Clatskanie SD 6J,200,Special Revenue Funds,3102,State School Fund--School Lunch Match,3133.25
2018-19,1945,Clatskanie SD 6J,200,Special Revenue Funds,3299,Other Restricted Grants-In-Aid,254689.36
2018-19,1945,Clatskanie SD 6J,200,Special Revenue Funds,4300,Restricted Revenue Direct From the Federal Government,3878.38
2018-19,1945,Clatskanie SD 6J,200,Special Revenue Funds,4500,Restricted Revenue From Federal Government Through the State,487151.51
2018-19,1945,Clatskanie SD 6J,200,Special Revenue Funds,1700,Extra-Curricular Activities,107685.64
2018-19,1945,Clatskanie SD 6J,200,Special Revenue Funds,1920,Contributions and Donations From Private Sources,448744.61
2018-19,1945,Clatskanie SD 6J,200,Special Revenue Funds,1960,Recovery of Prior Years' Expenditure,8804.72
2018-19,1945,Clatskanie SD 6J,200,Special Revenue Funds,1970,Services Provided Other Funds,1330
2018-19,1945,Clatskanie SD 6J,100,General Fund,3104,State Managed County Timber,63039.12
2018-19,1945,Clatskanie SD 6J,100,General Fund,3199,Other Unrestricted Grants-In-Aid,44155
2018-19,1945,Clatskanie SD 6J,100,General Fund,3299,Other Restricted Grants-In-Aid,57251.87
2018-19,1945,Clatskanie SD 6J,100,General Fund,4500,Restricted Revenue From Federal Government Through the State,36626.62
2018-19,1945,Clatskanie SD 6J,100,General Fund,5400,Resources - Beginning Fund Balance,300659.46
2018-19,1945,Clatskanie SD 6J,200,Special Revenue Funds,1600,Food Service,84798.37
2018-19,1945,Clatskanie SD 6J,100,General Fund,1960,Recovery of Prior Years' Expenditure,-759.06
2018-19,1945,Clatskanie SD 6J,100,General Fund,1990,Miscellaneous,63831.23
2018-19,1945,Clatskanie SD 6J,100,General Fund,2101,County School Funds,74547.6
2018-19,1945,Clatskanie SD 6J,100,General Fund,2105,Natural Gas; Oil; And Mineral Receipts,5826.51
2018-19,1945,Clatskanie SD 6J,100,General Fund,3101,State School Fund --General Support,4279760.77
2018-19,1945,Clatskanie SD 6J,100,General Fund,3103,Common School Fund,71756.52
2018-19,1945,Clatskanie SD 6J,100,General Fund,1110,Ad valorem taxes levied by district,3530072.8
2018-19,1945,Clatskanie SD 6J,100,General Fund,1190,Penalties and interest on taxes,1802.15
2018-19,1945,Clatskanie SD 6J,100,General Fund,1411,Transportation fees from Individuals,48945.94
2018-19,1945,Clatskanie SD 6J,100,General Fund,1500,Earnings on Investments,66293.78
2018-19,1945,Clatskanie SD 6J,100,General Fund,1700,Extra-Curricular Activities,39704
2018-19,1945,Clatskanie SD 6J,100,General Fund,1920,Contributions and Donations From Private Sources,6650
2018-19,1945,Clatskanie SD 6J,300,Debt Service Funds,1500,Earnings on Investments,47.02
2018-19,1945,Clatskanie SD 6J,300,Debt Service Funds,5400,Resources - Beginning Fund Balance,201626.96
2018-19,1945,Clatskanie SD 6J,400,Capital Projects Funds,5300,Sale of or Compensation for Loss of Fixed Assets,50000
2018-19,1945,Clatskanie SD 6J,400,Capital Projects Funds,5400,Resources - Beginning Fund Balance,38182
2018-19,1945,Clatskanie SD 6J,700,Trust and Agency Funds,1500,Earnings on Investments,1208.92
2018-19,1945,Clatskanie SD 6J,700,Trust and Agency Funds,5400,Resources - Beginning Fund Balance,50262.03
2018-19,1945,Clatskanie SD 6J,200,Special Revenue Funds,4900,Revenue for/on Behalf of the District,26005.96
2018-19,1945,Clatskanie SD 6J,200,Special Revenue Funds,5100,Long Term Debt Financing Sources,222892
2018-19,1945,Clatskanie SD 6J,200,Special Revenue Funds,5200,Interfund Transfers,171777.1
2018-19,1945,Clatskanie SD 6J,200,Special Revenue Funds,5400,Resources - Beginning Fund Balance,241331.81
2018-19,1945,Clatskanie SD 6J,300,Debt Service Funds,1110,Ad valorem taxes levied by district,651284.83
2018-19,1945,Clatskanie SD 6J,300,Debt Service Funds,1190,Penalties and interest on taxes,328.09
2018-19,1946,Rainier SD 13,100,General Fund,1110,Ad valorem taxes levied by district,3777609.53
2018-19,1946,Rainier SD 13,100,General Fund,1190,Penalties and interest on taxes,1782.23
2018-19,1946,Rainier SD 13,100,General Fund,1200,Revenue From Local Governmental Units Other Than Districts,3600
2018-19,1946,Rainier SD 13,100,General Fund,1411,Transportation fees from Individuals,542.95
2018-19,1946,Rainier SD 13,100,General Fund,1500,Earnings on Investments,43980.75
2018-19,1946,Rainier SD 13,100,General Fund,1700,Extra-Curricular Activities,46036.52
2018-19,1946,Rainier SD 13,700,Trust and Agency Funds,5400,Resources - Beginning Fund Balance,207641.9
2018-19,1946,Rainier SD 13,400,Capital Projects Funds,5400,Resources - Beginning Fund Balance,41594.57
2018-19,1946,Rainier SD 13,700,Trust and Agency Funds,1312,Tuition from Other Districts within the State,270099.97
2018-19,1946,Rainier SD 13,700,Trust and Agency Funds,1500,Earnings on Investments,2251.06
2018-19,1946,Rainier SD 13,700,Trust and Agency Funds,1920,Contributions and Donations From Private Sources,17500
2018-19,1946,Rainier SD 13,700,Trust and Agency Funds,1960,Recovery of Prior Years' Expenditure,2000
2018-19,1946,Rainier SD 13,700,Trust and Agency Funds,1990,Miscellaneous,903.09
2018-19,1946,Rainier SD 13,300,Debt Service Funds,1500,Earnings on Investments,16608.48
2018-19,1946,Rainier SD 13,300,Debt Service Funds,1970,Services Provided Other Funds,644028.17
2018-19,1946,Rainier SD 13,300,Debt Service Funds,4900,Revenue for/on Behalf of the District,26029.5
2018-19,1946,Rainier SD 13,300,Debt Service Funds,5200,Interfund Transfers,55500
2018-19,1946,Rainier SD 13,300,Debt Service Funds,5400,Resources - Beginning Fund Balance,429311.41
2018-19,1946,Rainier SD 13,400,Capital Projects Funds,1920,Contributions and Donations From Private Sources,14500
2018-19,1946,Rainier SD 13,200,Special Revenue Funds,3299,Other Restricted Grants-In-Aid,2582455.83
2018-19,1946,Rainier SD 13,200,Special Revenue Funds,4300,Restricted Revenue Direct From the Federal Government,3853.1
2018-19,1946,Rainier SD 13,200,Special Revenue Funds,4500,Restricted Revenue From Federal Government Through the State,796765.89
2018-19,1946,Rainier SD 13,200,Special Revenue Funds,4900,Revenue for/on Behalf of the District,46731.85
2018-19,1946,Rainier SD 13,200,Special Revenue Funds,5200,Interfund Transfers,155000
2018-19,1946,Rainier SD 13,200,Special Revenue Funds,5400,Resources - Beginning Fund Balance,405595.86
2018-19,1946,Rainier SD 13,200,Special Revenue Funds,1800,Community Services Activities,46444.28
2018-19,1946,Rainier SD 13,200,Special Revenue Funds,1920,Contributions and Donations From Private Sources,42287
2018-19,1946,Rainier SD 13,200,Special Revenue Funds,1960,Recovery of Prior Years' Expenditure,142.26
2018-19,1946,Rainier SD 13,200,Special Revenue Funds,1990,Miscellaneous,83849.99
2018-19,1946,Rainier SD 13,200,Special Revenue Funds,2200,Restricted Revenue,315511.53
2018-19,1946,Rainier SD 13,200,Special Revenue Funds,3102,State School Fund--School Lunch Match,3645.97
2018-19,1946,Rainier SD 13,200,Special Revenue Funds,1200,Revenue From Local Governmental Units Other Than Districts,54500
2018-19,1946,Rainier SD 13,200,Special Revenue Funds,1311,Tuition from Individuals,18276.88
2018-19,1946,Rainier SD 13,200,Special Revenue Funds,1411,Transportation fees from Individuals,7000
2018-19,1946,Rainier SD 13,200,Special Revenue Funds,1500,Earnings on Investments,2284.45
2018-19,1946,Rainier SD 13,200,Special Revenue Funds,1600,Food Service,104839.54
2018-19,1946,Rainier SD 13,200,Special Revenue Funds,1700,Extra-Curricular Activities,275911.76
2018-19,1946,Rainier SD 13,100,General Fund,3104,State Managed County Timber,182751.79
2018-19,1946,Rainier SD 13,100,General Fund,3199,Other Unrestricted Grants-In-Aid,46720.56
2018-19,1946,Rainier SD 13,100,General Fund,3299,Other Restricted Grants-In-Aid,9910.59
2018-19,1946,Rainier SD 13,100,General Fund,4500,Restricted Revenue From Federal Government Through the State,1069.59
2018-19,1946,Rainier SD 13,100,General Fund,5200,Interfund Transfers,182000
2018-19,1946,Rainier SD 13,100,General Fund,5400,Resources - Beginning Fund Balance,522921.69
2018-19,1946,Rainier SD 13,100,General Fund,2101,County School Funds,92439.02
2018-19,1946,Rainier SD 13,100,General Fund,2102,General Education Service District Funds,15000
2018-19,1946,Rainier SD 13,100,General Fund,2105,Natural Gas; Oil; And Mineral Receipts,8148.36
2018-19,1946,Rainier SD 13,100,General Fund,2199,Other Intermediate Sources,1350
2018-19,1946,Rainier SD 13,100,General Fund,3101,State School Fund --General Support,5023712.92
2018-19,1946,Rainier SD 13,100,General Fund,3103,Common School Fund,92950.54
2018-19,1946,Rainier SD 13,100,General Fund,1910,Rentals,150
2018-19,1946,Rainier SD 13,100,General Fund,1920,Contributions and Donations From Private Sources,297.28
2018-19,1946,Rainier SD 13,100,General Fund,1930,Rental or Lease Payments from Private Contractors,39000
2018-19,1946,Rainier SD 13,100,General Fund,1960,Recovery of Prior Years' Expenditure,17984.06
2018-19,1946,Rainier SD 13,100,General Fund,1980,Fees Charged to Grants,19617.5
2018-19,1946,Rainier SD 13,100,General Fund,1990,Miscellaneous,33469.13
2018-19,1947,Vernonia SD 47J,100,General Fund,1110,Ad valorem taxes levied by district,2492582.22
2018-19,1947,Vernonia SD 47J,100,General Fund,1190,Penalties and interest on taxes,1670.88
2018-19,1947,Vernonia SD 47J,100,General Fund,1500,Earnings on Investments,29418.46
2018-19,1947,Vernonia SD 47J,100,General Fund,1700,Extra-Curricular Activities,21550.3
2018-19,1947,Vernonia SD 47J,100,General Fund,1910,Rentals,9095.77
2018-19,1947,Vernonia SD 47J,100,General Fund,1920,Contributions and Donations From Private Sources,16329.96
2018-19,1947,Vernonia SD 47J,400,Capital Projects Funds,1500,Earnings on Investments,51375.4
2018-19,1947,Vernonia SD 47J,400,Capital Projects Funds,1960,Recovery of Prior Years' Expenditure,2600
2018-19,1947,Vernonia SD 47J,400,Capital Projects Funds,3299,Other Restricted Grants-In-Aid,258282.76
2018-19,1947,Vernonia SD 47J,400,Capital Projects Funds,5400,Resources - Beginning Fund Balance,2192697.19
2018-19,1947,Vernonia SD 47J,200,Special Revenue Funds,5200,Interfund Transfers,99548.56
2018-19,1947,Vernonia SD 47J,200,Special Revenue Funds,5400,Resources - Beginning Fund Balance,124854
2018-19,1947,Vernonia SD 47J,300,Debt Service Funds,1110,Ad valorem taxes levied by district,986925.9
2018-19,1947,Vernonia SD 47J,300,Debt Service Funds,1190,Penalties and interest on taxes,615.36
2018-19,1947,Vernonia SD 47J,300,Debt Service Funds,5200,Interfund Transfers,100077
2018-19,1947,Vernonia SD 47J,300,Debt Service Funds,5400,Resources - Beginning Fund Balance,28456.5
2018-19,1947,Vernonia SD 47J,200,Special Revenue Funds,2200,Restricted Revenue,2838
2018-19,1947,Vernonia SD 47J,200,Special Revenue Funds,3102,State School Fund--School Lunch Match,2179.89
2018-19,1947,Vernonia SD 47J,200,Special Revenue Funds,3299,Other Restricted Grants-In-Aid,171324.28
2018-19,1947,Vernonia SD 47J,200,Special Revenue Funds,4300,Restricted Revenue Direct From the Federal Government,36914.33
2018-19,1947,Vernonia SD 47J,200,Special Revenue Funds,4500,Restricted Revenue From Federal Government Through the State,458849.76
2018-19,1947,Vernonia SD 47J,200,Special Revenue Funds,4900,Revenue for/on Behalf of the District,24438.8
2018-19,1947,Vernonia SD 47J,200,Special Revenue Funds,1500,Earnings on Investments,3.03
2018-19,1947,Vernonia SD 47J,200,Special Revenue Funds,1600,Food Service,60901.21
2018-19,1947,Vernonia SD 47J,200,Special Revenue Funds,1700,Extra-Curricular Activities,172622.07
2018-19,1947,Vernonia SD 47J,200,Special Revenue Funds,1920,Contributions and Donations From Private Sources,35093.82
2018-19,1947,Vernonia SD 47J,200,Special Revenue Funds,1990,Miscellaneous,16606.31
2018-19,1947,Vernonia SD 47J,200,Special Revenue Funds,2102,General Education Service District Funds,19500
2018-19,1947,Vernonia SD 47J,100,General Fund,3101,State School Fund --General Support,2586360.51
2018-19,1947,Vernonia SD 47J,100,General Fund,3103,Common School Fund,54495.84
2018-19,1947,Vernonia SD 47J,100,General Fund,3104,State Managed County Timber,1459399.05
2018-19,1947,Vernonia SD 47J,100,General Fund,3199,Other Unrestricted Grants-In-Aid,34068.28
2018-19,1947,Vernonia SD 47J,100,General Fund,3299,Other Restricted Grants-In-Aid,42157.29
2018-19,1947,Vernonia SD 47J,100,General Fund,5400,Resources - Beginning Fund Balance,573101.11
2018-19,1947,Vernonia SD 47J,100,General Fund,1960,Recovery of Prior Years' Expenditure,13047.31
2018-19,1947,Vernonia SD 47J,100,General Fund,1990,Miscellaneous,117272.8
2018-19,1947,Vernonia SD 47J,100,General Fund,2101,County School Funds,55367.3
2018-19,1947,Vernonia SD 47J,100,General Fund,2102,General Education Service District Funds,10500
2018-19,1947,Vernonia SD 47J,100,General Fund,2105,Natural Gas; Oil; And Mineral Receipts,7400.56
2018-19,1947,Vernonia SD 47J,100,General Fund,2200,Restricted Revenue,3586
2018-19,1948,St Helens SD 502,400,Capital Projects Funds,5200,Interfund Transfers,50000
2018-19,1948,St Helens SD 502,100,General Fund,1110,Ad valorem taxes levied by district,9095950.31
2018-19,1948,St Helens SD 502,100,General Fund,1190,Penalties and interest on taxes,5390.63
2018-19,1948,St Helens SD 502,100,General Fund,1311,Tuition from Individuals,570
2018-19,1948,St Helens SD 502,100,General Fund,1500,Earnings on Investments,262352.56
2018-19,1948,St Helens SD 502,100,General Fund,1700,Extra-Curricular Activities,27216.56
2018-19,1948,St Helens SD 502,400,Capital Projects Funds,2200,Restricted Revenue,2688
2018-19,1948,St Helens SD 502,400,Capital Projects Funds,3299,Other Restricted Grants-In-Aid,4000000
2018-19,1948,St Helens SD 502,400,Capital Projects Funds,5400,Resources - Beginning Fund Balance,44981245.49
2018-19,1948,St Helens SD 502,300,Debt Service Funds,1970,Services Provided Other Funds,2429897.8
2018-19,1948,St Helens SD 502,300,Debt Service Funds,5200,Interfund Transfers,190249.56
2018-19,1948,St Helens SD 502,300,Debt Service Funds,5400,Resources - Beginning Fund Balance,290566.1
2018-19,1948,St Helens SD 502,400,Capital Projects Funds,1130,Construction Excise Tax,113541.19
2018-19,1948,St Helens SD 502,400,Capital Projects Funds,1500,Earnings on Investments,930062.1
2018-19,1948,St Helens SD 502,400,Capital Projects Funds,1910,Rentals,9288.4
2018-19,1948,St Helens SD 502,200,Special Revenue Funds,4500,Restricted Revenue From Federal Government Through the State,1977544.73
2018-19,1948,St Helens SD 502,200,Special Revenue Funds,4900,Revenue for/on Behalf of the District,75453.66
2018-19,1948,St Helens SD 502,200,Special Revenue Funds,5200,Interfund Transfers,220467.59
2018-19,1948,St Helens SD 502,200,Special Revenue Funds,5400,Resources - Beginning Fund Balance,552859.12
2018-19,1948,St Helens SD 502,300,Debt Service Funds,1110,Ad valorem taxes levied by district,2451466.83
2018-19,1948,St Helens SD 502,300,Debt Service Funds,1190,Penalties and interest on taxes,1154.4
2018-19,1948,St Helens SD 502,200,Special Revenue Funds,1960,Recovery of Prior Years' Expenditure,43696.86
2018-19,1948,St Helens SD 502,200,Special Revenue Funds,1990,Miscellaneous,72966.16
2018-19,1948,St Helens SD 502,200,Special Revenue Funds,2200,Restricted Revenue,88968.87
2018-19,1948,St Helens SD 502,200,Special Revenue Funds,3102,State School Fund--School Lunch Match,9152.2
2018-19,1948,St Helens SD 502,200,Special Revenue Funds,3299,Other Restricted Grants-In-Aid,860138.07
2018-19,1948,St Helens SD 502,200,Special Revenue Funds,4300,Restricted Revenue Direct From the Federal Government,24134.71
2018-19,1948,St Helens SD 502,200,Special Revenue Funds,1500,Earnings on Investments,165.26
2018-19,1948,St Helens SD 502,200,Special Revenue Funds,1600,Food Service,215180.91
2018-19,1948,St Helens SD 502,200,Special Revenue Funds,1700,Extra-Curricular Activities,365567.64
2018-19,1948,St Helens SD 502,200,Special Revenue Funds,1800,Community Services Activities,151751.43
2018-19,1948,St Helens SD 502,200,Special Revenue Funds,1920,Contributions and Donations From Private Sources,86323
2018-19,1948,St Helens SD 502,200,Special Revenue Funds,1950,Textbook Sales and Rentals,1014.94
2018-19,1948,St Helens SD 502,100,General Fund,3299,Other Restricted Grants-In-Aid,17996.24
2018-19,1948,St Helens SD 502,100,General Fund,4200,Unrestricted Revenue From Federal Government Through State,27372.9
2018-19,1948,St Helens SD 502,100,General Fund,4500,Restricted Revenue From Federal Government Through the State,735
2018-19,1948,St Helens SD 502,100,General Fund,5300,Sale of or Compensation for Loss of Fixed Assets,2
2018-19,1948,St Helens SD 502,100,General Fund,5400,Resources - Beginning Fund Balance,5023226.11
2018-19,1948,St Helens SD 502,200,Special Revenue Funds,1311,Tuition from Individuals,73887.22
2018-19,1948,St Helens SD 502,100,General Fund,2105,Natural Gas; Oil; And Mineral Receipts,24916.87
2018-19,1948,St Helens SD 502,100,General Fund,2200,Restricted Revenue,27984.23
2018-19,1948,St Helens SD 502,100,General Fund,3101,State School Fund --General Support,18703344.54
2018-19,1948,St Helens SD 502,100,General Fund,3103,Common School Fund,297330.16
2018-19,1948,St Helens SD 502,100,General Fund,3104,State Managed County Timber,440004.55
2018-19,1948,St Helens SD 502,100,General Fund,3199,Other Unrestricted Grants-In-Aid,206010
2018-19,1948,St Helens SD 502,100,General Fund,1910,Rentals,5000
2018-19,1948,St Helens SD 502,100,General Fund,1920,Contributions and Donations From Private Sources,2500
2018-19,1948,St Helens SD 502,100,General Fund,1960,Recovery of Prior Years' Expenditure,268188.46
2018-19,1948,St Helens SD 502,100,General Fund,1990,Miscellaneous,117674.41
2018-19,1948,St Helens SD 502,100,General Fund,2101,County School Funds,297162.14
2018-19,1948,St Helens SD 502,100,General Fund,2102,General Education Service District Funds,40000
2018-19,1949,South Coast ESD,100,General Fund,1110,Ad valorem taxes levied by district,3800403.03
2018-19,1949,South Coast ESD,100,General Fund,1500,Earnings on Investments,57387.43
2018-19,1949,South Coast ESD,100,General Fund,1910,Rentals,10000
2018-19,1949,South Coast ESD,100,General Fund,1940,Services Provided Other Local Education Agencies,1816120.91
2018-19,1949,South Coast ESD,100,General Fund,1970,Services Provided Other Funds,816493.14
2018-19,1949,South Coast ESD,100,General Fund,1990,Miscellaneous,453658.09
2018-19,1949,South Coast ESD,500,Enterprise Funds,5400,Resources - Beginning Fund Balance,152209
2018-19,1949,South Coast ESD,600,Internal Service Funds,1970,Services Provided Other Funds,7001.51
2018-19,1949,South Coast ESD,600,Internal Service Funds,5400,Resources - Beginning Fund Balance,50567.89
2018-19,1949,South Coast ESD,700,Trust and Agency Funds,1500,Earnings on Investments,1884.32
2018-19,1949,South Coast ESD,700,Trust and Agency Funds,5200,Interfund Transfers,5426246.5
2018-19,1949,South Coast ESD,700,Trust and Agency Funds,5400,Resources - Beginning Fund Balance,512419.89
2018-19,1949,South Coast ESD,300,Debt Service Funds,5200,Interfund Transfers,10000
2018-19,1949,South Coast ESD,400,Capital Projects Funds,5100,Long Term Debt Financing Sources,548865.99
2018-19,1949,South Coast ESD,400,Capital Projects Funds,5300,Sale of or Compensation for Loss of Fixed Assets,161099.47
2018-19,1949,South Coast ESD,400,Capital Projects Funds,5400,Resources - Beginning Fund Balance,35001
2018-19,1949,South Coast ESD,500,Enterprise Funds,1940,Services Provided Other Local Education Agencies,233107.87
2018-19,1949,South Coast ESD,500,Enterprise Funds,1990,Miscellaneous,5400
2018-19,1949,South Coast ESD,200,Special Revenue Funds,1990,Miscellaneous,131118.86
2018-19,1949,South Coast ESD,200,Special Revenue Funds,2200,Restricted Revenue,2788800.8
2018-19,1949,South Coast ESD,200,Special Revenue Funds,3299,Other Restricted Grants-In-Aid,307814.59
2018-19,1949,South Coast ESD,200,Special Revenue Funds,4500,Restricted Revenue From Federal Government Through the State,749693.43
2018-19,1949,South Coast ESD,200,Special Revenue Funds,5200,Interfund Transfers,50000
2018-19,1949,South Coast ESD,200,Special Revenue Funds,5400,Resources - Beginning Fund Balance,862663.3
2018-19,1949,South Coast ESD,100,General Fund,3101,State School Fund --General Support,2165015.03
2018-19,1949,South Coast ESD,100,General Fund,3104,State Managed County Timber,3184.81
2018-19,1949,South Coast ESD,100,General Fund,3299,Other Restricted Grants-In-Aid,500
2018-19,1949,South Coast ESD,100,General Fund,5200,Interfund Transfers,5034119.79
2018-19,1949,South Coast ESD,100,General Fund,5400,Resources - Beginning Fund Balance,1508694.74
2018-19,1949,South Coast ESD,200,Special Revenue Funds,1940,Services Provided Other Local Education Agencies,15750
2018-19,1964,Coquille SD 8,100,General Fund,1110,Ad valorem taxes levied by district,2226978.16
2018-19,1964,Coquille SD 8,100,General Fund,1500,Earnings on Investments,222497.41
2018-19,1964,Coquille SD 8,100,General Fund,1700,Extra-Curricular Activities,7215.76
2018-19,1964,Coquille SD 8,100,General Fund,1800,Community Services Activities,113240.59
2018-19,1964,Coquille SD 8,100,General Fund,1910,Rentals,12000
2018-19,1964,Coquille SD 8,100,General Fund,1940,Services Provided Other Local Education Agencies,5600
2018-19,1964,Coquille SD 8,400,Capital Projects Funds,1920,Contributions and Donations From Private Sources,5000
2018-19,1964,Coquille SD 8,400,Capital Projects Funds,1990,Miscellaneous,28255.14
2018-19,1964,Coquille SD 8,400,Capital Projects Funds,5100,Long Term Debt Financing Sources,425000
2018-19,1964,Coquille SD 8,400,Capital Projects Funds,5400,Resources - Beginning Fund Balance,4954453.7
2018-19,1964,Coquille SD 8,700,Trust and Agency Funds,1500,Earnings on Investments,199.86
2018-19,1964,Coquille SD 8,700,Trust and Agency Funds,5400,Resources - Beginning Fund Balance,7583.66
2018-19,1964,Coquille SD 8,200,Special Revenue Funds,4900,Revenue for/on Behalf of the District,29343.2
2018-19,1964,Coquille SD 8,200,Special Revenue Funds,5200,Interfund Transfers,223553.72
2018-19,1964,Coquille SD 8,200,Special Revenue Funds,5400,Resources - Beginning Fund Balance,683255.62
2018-19,1964,Coquille SD 8,300,Debt Service Funds,1110,Ad valorem taxes levied by district,370780.13
2018-19,1964,Coquille SD 8,300,Debt Service Funds,1500,Earnings on Investments,43.21
2018-19,1964,Coquille SD 8,300,Debt Service Funds,5400,Resources - Beginning Fund Balance,141826.65
2018-19,1964,Coquille SD 8,200,Special Revenue Funds,2200,Restricted Revenue,31048.67
2018-19,1964,Coquille SD 8,200,Special Revenue Funds,3101,State School Fund --General Support,129283.5
2018-19,1964,Coquille SD 8,200,Special Revenue Funds,3199,Other Unrestricted Grants-In-Aid,254.35
2018-19,1964,Coquille SD 8,200,Special Revenue Funds,3299,Other Restricted Grants-In-Aid,421385.07
2018-19,1964,Coquille SD 8,200,Special Revenue Funds,4300,Restricted Revenue Direct From the Federal Government,25162
2018-19,1964,Coquille SD 8,200,Special Revenue Funds,4500,Restricted Revenue From Federal Government Through the State,1221492.71
2018-19,1964,Coquille SD 8,200,Special Revenue Funds,1500,Earnings on Investments,2939.79
2018-19,1964,Coquille SD 8,200,Special Revenue Funds,1600,Food Service,5021.68
2018-19,1964,Coquille SD 8,200,Special Revenue Funds,1700,Extra-Curricular Activities,149478.53
2018-19,1964,Coquille SD 8,200,Special Revenue Funds,1920,Contributions and Donations From Private Sources,157246.04
2018-19,1964,Coquille SD 8,200,Special Revenue Funds,1940,Services Provided Other Local Education Agencies,48172.53
2018-19,1964,Coquille SD 8,200,Special Revenue Funds,1990,Miscellaneous,23158.83
2018-19,1964,Coquille SD 8,100,General Fund,3900,Revenue for/on Behalf of the District,6880.78
2018-19,1964,Coquille SD 8,100,General Fund,4500,Restricted Revenue From Federal Government Through the State,240
2018-19,1964,Coquille SD 8,100,General Fund,4801,Federal Forest Fees,6436.23
2018-19,1964,Coquille SD 8,100,General Fund,4900,Revenue for/on Behalf of the District,44467.06
2018-19,1964,Coquille SD 8,100,General Fund,5200,Interfund Transfers,110377
2018-19,1964,Coquille SD 8,100,General Fund,5400,Resources - Beginning Fund Balance,1357780.88
2018-19,1964,Coquille SD 8,100,General Fund,1990,Miscellaneous,43167.83
2018-19,1964,Coquille SD 8,100,General Fund,2101,County School Funds,14231.92
2018-19,1964,Coquille SD 8,100,General Fund,3101,State School Fund --General Support,9932108.54
2018-19,1964,Coquille SD 8,100,General Fund,3103,Common School Fund,106459.06
2018-19,1964,Coquille SD 8,100,General Fund,3199,Other Unrestricted Grants-In-Aid,120564.66
2018-19,1964,Coquille SD 8,100,General Fund,3299,Other Restricted Grants-In-Aid,1440
2018-19,1965,Coos Bay SD 9,100,General Fund,1110,Ad valorem taxes levied by district,8427579.45
2018-19,1965,Coos Bay SD 9,100,General Fund,1500,Earnings on Investments,284279.21
2018-19,1965,Coos Bay SD 9,100,General Fund,1700,Extra-Curricular Activities,5956.72
2018-19,1965,Coos Bay SD 9,100,General Fund,1910,Rentals,254430
2018-19,1965,Coos Bay SD 9,100,General Fund,1920,Contributions and Donations From Private Sources,1600
2018-19,1965,Coos Bay SD 9,100,General Fund,1930,Rental or Lease Payments from Private Contractors,21758.76
2018-19,1965,Coos Bay SD 9,400,Capital Projects Funds,5200,Interfund Transfers,1138000
2018-19,1965,Coos Bay SD 9,400,Capital Projects Funds,5400,Resources - Beginning Fund Balance,47483680.27
2018-19,1965,Coos Bay SD 9,300,Debt Service Funds,5400,Resources - Beginning Fund Balance,93096.45
2018-19,1965,Coos Bay SD 9,400,Capital Projects Funds,1110,Ad valorem taxes levied by district,1052.08
2018-19,1965,Coos Bay SD 9,400,Capital Projects Funds,1500,Earnings on Investments,881013.9
2018-19,1965,Coos Bay SD 9,400,Capital Projects Funds,1920,Contributions and Donations From Private Sources,1531.85
2018-19,1965,Coos Bay SD 9,400,Capital Projects Funds,1990,Miscellaneous,77816.44
2018-19,1965,Coos Bay SD 9,400,Capital Projects Funds,3299,Other Restricted Grants-In-Aid,1459791.05
2018-19,1965,Coos Bay SD 9,200,Special Revenue Funds,3299,Other Restricted Grants-In-Aid,1262821.48
2018-19,1965,Coos Bay SD 9,200,Special Revenue Funds,4500,Restricted Revenue From Federal Government Through the State,3895664.46
2018-19,1965,Coos Bay SD 9,200,Special Revenue Funds,5400,Resources - Beginning Fund Balance,1133322.34
2018-19,1965,Coos Bay SD 9,300,Debt Service Funds,1110,Ad valorem taxes levied by district,3038389.17
2018-19,1965,Coos Bay SD 9,300,Debt Service Funds,1500,Earnings on Investments,16331.07
2018-19,1965,Coos Bay SD 9,300,Debt Service Funds,1970,Services Provided Other Funds,1297386.33
2018-19,1965,Coos Bay SD 9,200,Special Revenue Funds,1700,Extra-Curricular Activities,655915.19
2018-19,1965,Coos Bay SD 9,200,Special Revenue Funds,1920,Contributions and Donations From Private Sources,232539.96
2018-19,1965,Coos Bay SD 9,200,Special Revenue Funds,1990,Miscellaneous,298276.86
2018-19,1965,Coos Bay SD 9,200,Special Revenue Funds,2199,Other Intermediate Sources,28765.85
2018-19,1965,Coos Bay SD 9,200,Special Revenue Funds,3101,State School Fund --General Support,495156.86
2018-19,1965,Coos Bay SD 9,200,Special Revenue Funds,3102,State School Fund--School Lunch Match,12159.83
2018-19,1965,Coos Bay SD 9,100,General Fund,3299,Other Restricted Grants-In-Aid,16652.95
2018-19,1965,Coos Bay SD 9,100,General Fund,4200,Unrestricted Revenue From Federal Government Through State,18200.33
2018-19,1965,Coos Bay SD 9,100,General Fund,4500,Restricted Revenue From Federal Government Through the State,24429.28
2018-19,1965,Coos Bay SD 9,100,General Fund,5400,Resources - Beginning Fund Balance,5340453.32
2018-19,1965,Coos Bay SD 9,200,Special Revenue Funds,1500,Earnings on Investments,9490.11
2018-19,1965,Coos Bay SD 9,200,Special Revenue Funds,1600,Food Service,53119.72
2018-19,1965,Coos Bay SD 9,100,General Fund,1980,Fees Charged to Grants,124562.79
2018-19,1965,Coos Bay SD 9,100,General Fund,1990,Miscellaneous,113481.73
2018-19,1965,Coos Bay SD 9,100,General Fund,2101,County School Funds,46326.68
2018-19,1965,Coos Bay SD 9,100,General Fund,2199,Other Intermediate Sources,3472.64
2018-19,1965,Coos Bay SD 9,100,General Fund,3101,State School Fund --General Support,23529445.35
2018-19,1965,Coos Bay SD 9,100,General Fund,3103,Common School Fund,453744.11
2018-19,1966,North Bend SD 13,100,General Fund,1110,Ad valorem taxes levied by district,5482913.91
2018-19,1966,North Bend SD 13,100,General Fund,1500,Earnings on Investments,265046.45
2018-19,1966,North Bend SD 13,100,General Fund,1910,Rentals,667.5
2018-19,1966,North Bend SD 13,100,General Fund,1920,Contributions and Donations From Private Sources,26517.88
2018-19,1966,North Bend SD 13,100,General Fund,1960,Recovery of Prior Years' Expenditure,43450.8
2018-19,1966,North Bend SD 13,100,General Fund,1980,Fees Charged to Grants,80421.58
2018-19,1966,North Bend SD 13,300,Debt Service Funds,5400,Resources - Beginning Fund Balance,45718.81
2018-19,1966,North Bend SD 13,400,Capital Projects Funds,1500,Earnings on Investments,74455.1
2018-19,1966,North Bend SD 13,400,Capital Projects Funds,1910,Rentals,10233.54
2018-19,1966,North Bend SD 13,400,Capital Projects Funds,1990,Miscellaneous,5509.92
2018-19,1966,North Bend SD 13,400,Capital Projects Funds,5200,Interfund Transfers,1060000
2018-19,1966,North Bend SD 13,400,Capital Projects Funds,5400,Resources - Beginning Fund Balance,2689848.24
2018-19,1966,North Bend SD 13,200,Special Revenue Funds,5200,Interfund Transfers,140000
2018-19,1966,North Bend SD 13,200,Special Revenue Funds,5400,Resources - Beginning Fund Balance,4460398.79
2018-19,1966,North Bend SD 13,300,Debt Service Funds,1110,Ad valorem taxes levied by district,1221011.88
2018-19,1966,North Bend SD 13,300,Debt Service Funds,1500,Earnings on Investments,1337.98
2018-19,1966,North Bend SD 13,300,Debt Service Funds,4900,Revenue for/on Behalf of the District,28881.84
2018-19,1966,North Bend SD 13,300,Debt Service Funds,5200,Interfund Transfers,71426
2018-19,1966,North Bend SD 13,200,Special Revenue Funds,1990,Miscellaneous,930919.42
2018-19,1966,North Bend SD 13,200,Special Revenue Funds,3102,State School Fund--School Lunch Match,8170.69
2018-19,1966,North Bend SD 13,200,Special Revenue Funds,3299,Other Restricted Grants-In-Aid,3150264.59
2018-19,1966,North Bend SD 13,200,Special Revenue Funds,4300,Restricted Revenue Direct From the Federal Government,21435
2018-19,1966,North Bend SD 13,200,Special Revenue Funds,4500,Restricted Revenue From Federal Government Through the State,2424262.25
2018-19,1966,North Bend SD 13,200,Special Revenue Funds,4900,Revenue for/on Behalf of the District,80754.01
2018-19,1966,North Bend SD 13,100,General Fund,4801,Federal Forest Fees,16341.5
2018-19,1966,North Bend SD 13,100,General Fund,5400,Resources - Beginning Fund Balance,4045311.52
2018-19,1966,North Bend SD 13,200,Special Revenue Funds,1500,Earnings on Investments,89495.98
2018-19,1966,North Bend SD 13,200,Special Revenue Funds,1600,Food Service,410724.19
2018-19,1966,North Bend SD 13,200,Special Revenue Funds,1700,Extra-Curricular Activities,425.27
2018-19,1966,North Bend SD 13,200,Special Revenue Funds,1920,Contributions and Donations From Private Sources,695
2018-19,1966,North Bend SD 13,100,General Fund,1990,Miscellaneous,665787.51
2018-19,1966,North Bend SD 13,100,General Fund,2101,County School Funds,36157.52
2018-19,1966,North Bend SD 13,100,General Fund,3101,State School Fund --General Support,34010960.14
2018-19,1966,North Bend SD 13,100,General Fund,3103,Common School Fund,246455.9
2018-19,1966,North Bend SD 13,100,General Fund,3299,Other Restricted Grants-In-Aid,5000
2018-19,1966,North Bend SD 13,100,General Fund,4500,Restricted Revenue From Federal Government Through the State,2469.07
2018-19,1967,Powers SD 31,200,Special Revenue Funds,3299,Other Restricted Grants-In-Aid,100397.72
2018-19,1967,Powers SD 31,200,Special Revenue Funds,4300,Restricted Revenue Direct From the Federal Government,38409.53
2018-19,1967,Powers SD 31,200,Special Revenue Funds,4500,Restricted Revenue From Federal Government Through the State,102392.91
2018-19,1967,Powers SD 31,100,General Fund,5400,Resources - Beginning Fund Balance,1117611
2018-19,1967,Powers SD 31,200,Special Revenue Funds,5400,Resources - Beginning Fund Balance,53760
2018-19,1967,Powers SD 31,100,General Fund,4500,Restricted Revenue From Federal Government Through the State,944.05
2018-19,1967,Powers SD 31,100,General Fund,4801,Federal Forest Fees,744.47
2018-19,1967,Powers SD 31,200,Special Revenue Funds,1500,Earnings on Investments,236.99
2018-19,1967,Powers SD 31,200,Special Revenue Funds,1700,Extra-Curricular Activities,47034.48
2018-19,1967,Powers SD 31,200,Special Revenue Funds,1920,Contributions and Donations From Private Sources,8089.98
2018-19,1967,Powers SD 31,200,Special Revenue Funds,1990,Miscellaneous,16283.71
2018-19,1967,Powers SD 31,100,General Fund,1920,Contributions and Donations From Private Sources,6076.73
2018-19,1967,Powers SD 31,100,General Fund,1990,Miscellaneous,4940.95
2018-19,1967,Powers SD 31,100,General Fund,2101,County School Funds,1646.71
2018-19,1967,Powers SD 31,100,General Fund,3101,State School Fund --General Support,1721230.94
2018-19,1967,Powers SD 31,100,General Fund,3103,Common School Fund,10906.33
2018-19,1967,Powers SD 31,100,General Fund,3299,Other Restricted Grants-In-Aid,4922.52
2018-19,1967,Powers SD 31,100,General Fund,1110,Ad valorem taxes levied by district,249456.82
2018-19,1967,Powers SD 31,100,General Fund,1500,Earnings on Investments,33581.18
2018-19,1968,Myrtle Point SD 41,700,Trust and Agency Funds,5400,Resources - Beginning Fund Balance,596108
2018-19,1968,Myrtle Point SD 41,400,Capital Projects Funds,5400,Resources - Beginning Fund Balance,359000
2018-19,1968,Myrtle Point SD 41,400,Capital Projects Funds,1990,Miscellaneous,11718.3
2018-19,1968,Myrtle Point SD 41,400,Capital Projects Funds,5200,Interfund Transfers,95000
2018-19,1968,Myrtle Point SD 41,700,Trust and Agency Funds,1500,Earnings on Investments,14906.26
2018-19,1968,Myrtle Point SD 41,700,Trust and Agency Funds,1920,Contributions and Donations From Private Sources,11980
2018-19,1968,Myrtle Point SD 41,300,Debt Service Funds,5400,Resources - Beginning Fund Balance,296264.75
2018-19,1968,Myrtle Point SD 41,100,General Fund,5400,Resources - Beginning Fund Balance,684518.71
2018-19,1968,Myrtle Point SD 41,200,Special Revenue Funds,4500,Restricted Revenue From Federal Government Through the State,987172.29
2018-19,1968,Myrtle Point SD 41,200,Special Revenue Funds,4900,Revenue for/on Behalf of the District,25980.13
2018-19,1968,Myrtle Point SD 41,200,Special Revenue Funds,5200,Interfund Transfers,85000
2018-19,1968,Myrtle Point SD 41,200,Special Revenue Funds,5400,Resources - Beginning Fund Balance,318003.06
2018-19,1968,Myrtle Point SD 41,300,Debt Service Funds,1110,Ad valorem taxes levied by district,93960.78
2018-19,1968,Myrtle Point SD 41,300,Debt Service Funds,4900,Revenue for/on Behalf of the District,62861.36
2018-19,1968,Myrtle Point SD 41,200,Special Revenue Funds,1970,Services Provided Other Funds,122814.28
2018-19,1968,Myrtle Point SD 41,200,Special Revenue Funds,1990,Miscellaneous,939.21
2018-19,1968,Myrtle Point SD 41,200,Special Revenue Funds,2200,Restricted Revenue,7547.14
2018-19,1968,Myrtle Point SD 41,200,Special Revenue Funds,3102,State School Fund--School Lunch Match,2999.27
2018-19,1968,Myrtle Point SD 41,200,Special Revenue Funds,3299,Other Restricted Grants-In-Aid,338071.1
2018-19,1968,Myrtle Point SD 41,200,Special Revenue Funds,4300,Restricted Revenue Direct From the Federal Government,30987
2018-19,1968,Myrtle Point SD 41,100,General Fund,5100,Long Term Debt Financing Sources,102567
2018-19,1968,Myrtle Point SD 41,100,General Fund,5300,Sale of or Compensation for Loss of Fixed Assets,453150
2018-19,1968,Myrtle Point SD 41,200,Special Revenue Funds,1500,Earnings on Investments,389.17
2018-19,1968,Myrtle Point SD 41,200,Special Revenue Funds,1600,Food Service,1035.62
2018-19,1968,Myrtle Point SD 41,200,Special Revenue Funds,1700,Extra-Curricular Activities,88463.32
2018-19,1968,Myrtle Point SD 41,200,Special Revenue Funds,1920,Contributions and Donations From Private Sources,145582.27
2018-19,1968,Myrtle Point SD 41,100,General Fund,2200,Restricted Revenue,14225.71
2018-19,1968,Myrtle Point SD 41,100,General Fund,3101,State School Fund --General Support,4519171.14
2018-19,1968,Myrtle Point SD 41,100,General Fund,3103,Common School Fund,50040.66
2018-19,1968,Myrtle Point SD 41,100,General Fund,3299,Other Restricted Grants-In-Aid,480
2018-19,1968,Myrtle Point SD 41,100,General Fund,4801,Federal Forest Fees,2934.23
2018-19,1968,Myrtle Point SD 41,100,General Fund,4900,Revenue for/on Behalf of the District,21691.26
2018-19,1968,Myrtle Point SD 41,100,General Fund,1110,Ad valorem taxes levied by district,1789532.26
2018-19,1968,Myrtle Point SD 41,100,General Fund,1500,Earnings on Investments,62193.01
2018-19,1968,Myrtle Point SD 41,100,General Fund,1700,Extra-Curricular Activities,11970
2018-19,1968,Myrtle Point SD 41,100,General Fund,1920,Contributions and Donations From Private Sources,5493.87
2018-19,1968,Myrtle Point SD 41,100,General Fund,1990,Miscellaneous,69497.15
2018-19,1968,Myrtle Point SD 41,100,General Fund,2101,County School Funds,8852.09
2018-19,1969,Bandon SD 54,100,General Fund,1110,Ad valorem taxes levied by district,3825881.11
2018-19,1969,Bandon SD 54,100,General Fund,1500,Earnings on Investments,96276.4
2018-19,1969,Bandon SD 54,100,General Fund,1700,Extra-Curricular Activities,30583
2018-19,1969,Bandon SD 54,100,General Fund,1910,Rentals,18320
2018-19,1969,Bandon SD 54,100,General Fund,1920,Contributions and Donations From Private Sources,1000
2018-19,1969,Bandon SD 54,100,General Fund,1960,Recovery of Prior Years' Expenditure,97204.72
2018-19,1969,Bandon SD 54,400,Capital Projects Funds,3299,Other Restricted Grants-In-Aid,1083262.66
2018-19,1969,Bandon SD 54,200,Special Revenue Funds,5400,Resources - Beginning Fund Balance,466877.63
2018-19,1969,Bandon SD 54,300,Debt Service Funds,5400,Resources - Beginning Fund Balance,661122.26
2018-19,1969,Bandon SD 54,400,Capital Projects Funds,5400,Resources - Beginning Fund Balance,388431.29
2018-19,1969,Bandon SD 54,100,General Fund,5400,Resources - Beginning Fund Balance,2100255.84
2018-19,1969,Bandon SD 54,200,Special Revenue Funds,4500,Restricted Revenue From Federal Government Through the State,755058.05
2018-19,1969,Bandon SD 54,200,Special Revenue Funds,4900,Revenue for/on Behalf of the District,26971.95
2018-19,1969,Bandon SD 54,200,Special Revenue Funds,5200,Interfund Transfers,12980.6
2018-19,1969,Bandon SD 54,300,Debt Service Funds,1110,Ad valorem taxes levied by district,122906.92
2018-19,1969,Bandon SD 54,300,Debt Service Funds,1500,Earnings on Investments,17942.82
2018-19,1969,Bandon SD 54,300,Debt Service Funds,4900,Revenue for/on Behalf of the District,44271.26
2018-19,1969,Bandon SD 54,200,Special Revenue Funds,1700,Extra-Curricular Activities,208624.62
2018-19,1969,Bandon SD 54,200,Special Revenue Funds,1920,Contributions and Donations From Private Sources,211843
2018-19,1969,Bandon SD 54,200,Special Revenue Funds,1990,Miscellaneous,20801.86
2018-19,1969,Bandon SD 54,200,Special Revenue Funds,3102,State School Fund--School Lunch Match,5000
2018-19,1969,Bandon SD 54,200,Special Revenue Funds,3222,State School Fund (SSF) Transportation Equipment,65000
2018-19,1969,Bandon SD 54,200,Special Revenue Funds,3299,Other Restricted Grants-In-Aid,187221.59
2018-19,1969,Bandon SD 54,100,General Fund,3204,Driver Education,4626.04
2018-19,1969,Bandon SD 54,100,General Fund,3299,Other Restricted Grants-In-Aid,66016
2018-19,1969,Bandon SD 54,100,General Fund,4500,Restricted Revenue From Federal Government Through the State,24887.66
2018-19,1969,Bandon SD 54,100,General Fund,4801,Federal Forest Fees,4492.65
2018-19,1969,Bandon SD 54,100,General Fund,5100,Long Term Debt Financing Sources,38754
2018-19,1969,Bandon SD 54,200,Special Revenue Funds,1600,Food Service,52364.37
2018-19,1969,Bandon SD 54,100,General Fund,1980,Fees Charged to Grants,12426.16
2018-19,1969,Bandon SD 54,100,General Fund,1990,Miscellaneous,30850.37
2018-19,1969,Bandon SD 54,100,General Fund,2101,County School Funds,9995.27
2018-19,1969,Bandon SD 54,100,General Fund,3101,State School Fund --General Support,3399830.85
2018-19,1969,Bandon SD 54,100,General Fund,3103,Common School Fund,62711.7
2018-19,1969,Bandon SD 54,100,General Fund,3199,Other Unrestricted Grants-In-Aid,125805.86
2018-19,1970,Crook County SD,100,General Fund,1110,Ad valorem taxes levied by district,10392021.44
2018-19,1970,Crook County SD,100,General Fund,1190,Penalties and interest on taxes,2996.26
2018-19,1970,Crook County SD,100,General Fund,1411,Transportation fees from Individuals,2098.05
2018-19,1970,Crook County SD,100,General Fund,1412,Transportation fees from Other Districts within the State,3268.94
2018-19,1970,Crook County SD,100,General Fund,1500,Earnings on Investments,367972.09
2018-19,1970,Crook County SD,100,General Fund,1700,Extra-Curricular Activities,100985.3
2018-19,1970,Crook County SD,300,Debt Service Funds,1190,Penalties and interest on taxes,559.29
2018-19,1970,Crook County SD,300,Debt Service Funds,1500,Earnings on Investments,49997.12
2018-19,1970,Crook County SD,300,Debt Service Funds,5200,Interfund Transfers,2320509
2018-19,1970,Crook County SD,300,Debt Service Funds,5400,Resources - Beginning Fund Balance,462453.73
2018-19,1970,Crook County SD,400,Capital Projects Funds,1500,Earnings on Investments,32.68
2018-19,1970,Crook County SD,400,Capital Projects Funds,5400,Resources - Beginning Fund Balance,906.18
2018-19,1970,Crook County SD,200,Special Revenue Funds,4500,Restricted Revenue From Federal Government Through the State,2458847.25
2018-19,1970,Crook County SD,200,Special Revenue Funds,4700,Grants-In-Aid From Federal Government Through Other Intermed,63420.38
2018-19,1970,Crook County SD,200,Special Revenue Funds,4900,Revenue for/on Behalf of the District,89016.26
2018-19,1970,Crook County SD,200,Special Revenue Funds,5200,Interfund Transfers,1045226.13
2018-19,1970,Crook County SD,200,Special Revenue Funds,5400,Resources - Beginning Fund Balance,7059604.56
2018-19,1970,Crook County SD,300,Debt Service Funds,1110,Ad valorem taxes levied by district,1916927.83
2018-19,1970,Crook County SD,200,Special Revenue Funds,2102,General Education Service District Funds,100542.89
2018-19,1970,Crook County SD,200,Special Revenue Funds,2200,Restricted Revenue,19526.24
2018-19,1970,Crook County SD,200,Special Revenue Funds,3102,State School Fund--School Lunch Match,9935.07
2018-19,1970,Crook County SD,200,Special Revenue Funds,3222,State School Fund (SSF) Transportation Equipment,45243.8
2018-19,1970,Crook County SD,200,Special Revenue Funds,3299,Other Restricted Grants-In-Aid,828013.65
2018-19,1970,Crook County SD,200,Special Revenue Funds,4300,Restricted Revenue Direct From the Federal Government,108110.52
2018-19,1970,Crook County SD,200,Special Revenue Funds,1600,Food Service,161916.99
2018-19,1970,Crook County SD,200,Special Revenue Funds,1700,Extra-Curricular Activities,566128.17
2018-19,1970,Crook County SD,200,Special Revenue Funds,1910,Rentals,16954.52
2018-19,1970,Crook County SD,200,Special Revenue Funds,1920,Contributions and Donations From Private Sources,399966.24
2018-19,1970,Crook County SD,200,Special Revenue Funds,1960,Recovery of Prior Years' Expenditure,1043
2018-19,1970,Crook County SD,200,Special Revenue Funds,1990,Miscellaneous,265779.03
2018-19,1970,Crook County SD,100,General Fund,3103,Common School Fund,284821.02
2018-19,1970,Crook County SD,100,General Fund,4500,Restricted Revenue From Federal Government Through the State,4292.98
2018-19,1970,Crook County SD,100,General Fund,4801,Federal Forest Fees,303097.09
2018-19,1970,Crook County SD,100,General Fund,5200,Interfund Transfers,4549.59
2018-19,1970,Crook County SD,100,General Fund,5400,Resources - Beginning Fund Balance,3238958.5
2018-19,1970,Crook County SD,200,Special Revenue Funds,1330,Summer School Tuition,-200
2018-19,1970,Crook County SD,100,General Fund,1910,Rentals,14895.48
2018-19,1970,Crook County SD,100,General Fund,1940,Services Provided Other Local Education Agencies,5844
2018-19,1970,Crook County SD,100,General Fund,1960,Recovery of Prior Years' Expenditure,3498.99
2018-19,1970,Crook County SD,100,General Fund,1980,Fees Charged to Grants,2415.56
2018-19,1970,Crook County SD,100,General Fund,1990,Miscellaneous,2613873.21
2018-19,1970,Crook County SD,100,General Fund,3101,State School Fund --General Support,17558992.61
2018-19,1972,Central Curry SD 1,300,Debt Service Funds,1110,Ad valorem taxes levied by district,357680.65
2018-19,1972,Central Curry SD 1,300,Debt Service Funds,1500,Earnings on Investments,5320.66
2018-19,1972,Central Curry SD 1,300,Debt Service Funds,5400,Resources - Beginning Fund Balance,38588.83
2018-19,1972,Central Curry SD 1,400,Capital Projects Funds,3299,Other Restricted Grants-In-Aid,1336925
2018-19,1972,Central Curry SD 1,200,Special Revenue Funds,1920,Contributions and Donations From Private Sources,77119.29
2018-19,1972,Central Curry SD 1,200,Special Revenue Funds,1990,Miscellaneous,80564.91
2018-19,1972,Central Curry SD 1,200,Special Revenue Funds,3299,Other Restricted Grants-In-Aid,124725.29
2018-19,1972,Central Curry SD 1,200,Special Revenue Funds,4300,Restricted Revenue Direct From the Federal Government,2492.8
2018-19,1972,Central Curry SD 1,200,Special Revenue Funds,4500,Restricted Revenue From Federal Government Through the State,239316.79
2018-19,1972,Central Curry SD 1,200,Special Revenue Funds,5400,Resources - Beginning Fund Balance,223863.8
2018-19,1972,Central Curry SD 1,100,General Fund,4801,Federal Forest Fees,81991.26
2018-19,1972,Central Curry SD 1,100,General Fund,4900,Revenue for/on Behalf of the District,17089.95
2018-19,1972,Central Curry SD 1,100,General Fund,5100,Long Term Debt Financing Sources,99945
2018-19,1972,Central Curry SD 1,100,General Fund,5400,Resources - Beginning Fund Balance,1071339.58
2018-19,1972,Central Curry SD 1,200,Special Revenue Funds,1500,Earnings on Investments,50.26
2018-19,1972,Central Curry SD 1,200,Special Revenue Funds,1700,Extra-Curricular Activities,111540.13
2018-19,1972,Central Curry SD 1,100,General Fund,1990,Miscellaneous,94901.3
2018-19,1972,Central Curry SD 1,100,General Fund,3101,State School Fund --General Support,2209306.26
2018-19,1972,Central Curry SD 1,100,General Fund,3102,State School Fund--School Lunch Match,2102.32
2018-19,1972,Central Curry SD 1,100,General Fund,3103,Common School Fund,44201.76
2018-19,1972,Central Curry SD 1,100,General Fund,3299,Other Restricted Grants-In-Aid,3707.35
2018-19,1972,Central Curry SD 1,100,General Fund,4500,Restricted Revenue From Federal Government Through the State,160735.66
2018-19,1972,Central Curry SD 1,100,General Fund,1110,Ad valorem taxes levied by district,3158773.73
2018-19,1972,Central Curry SD 1,100,General Fund,1500,Earnings on Investments,33183.94
2018-19,1972,Central Curry SD 1,100,General Fund,1600,Food Service,50331.58
2018-19,1972,Central Curry SD 1,100,General Fund,1700,Extra-Curricular Activities,9706.33
2018-19,1972,Central Curry SD 1,100,General Fund,1910,Rentals,2687
2018-19,1972,Central Curry SD 1,100,General Fund,1920,Contributions and Donations From Private Sources,4000
2018-19,1973,Port Orford-Langlois SD 2CJ,200,Special Revenue Funds,5400,Resources - Beginning Fund Balance,178224
2018-19,1973,Port Orford-Langlois SD 2CJ,400,Capital Projects Funds,3299,Other Restricted Grants-In-Aid,135417
2018-19,1973,Port Orford-Langlois SD 2CJ,400,Capital Projects Funds,5200,Interfund Transfers,61599
2018-19,1973,Port Orford-Langlois SD 2CJ,200,Special Revenue Funds,3102,State School Fund--School Lunch Match,1188
2018-19,1973,Port Orford-Langlois SD 2CJ,200,Special Revenue Funds,3222,State School Fund (SSF) Transportation Equipment,44059
2018-19,1973,Port Orford-Langlois SD 2CJ,200,Special Revenue Funds,3299,Other Restricted Grants-In-Aid,154334
2018-19,1973,Port Orford-Langlois SD 2CJ,200,Special Revenue Funds,4500,Restricted Revenue From Federal Government Through the State,593702
2018-19,1973,Port Orford-Langlois SD 2CJ,200,Special Revenue Funds,5200,Interfund Transfers,58401
2018-19,1973,Port Orford-Langlois SD 2CJ,200,Special Revenue Funds,5300,Sale of or Compensation for Loss of Fixed Assets,2073
2018-19,1973,Port Orford-Langlois SD 2CJ,200,Special Revenue Funds,1500,Earnings on Investments,1501
2018-19,1973,Port Orford-Langlois SD 2CJ,200,Special Revenue Funds,1600,Food Service,23867
2018-19,1973,Port Orford-Langlois SD 2CJ,200,Special Revenue Funds,1700,Extra-Curricular Activities,57417
2018-19,1973,Port Orford-Langlois SD 2CJ,200,Special Revenue Funds,1920,Contributions and Donations From Private Sources,139595
2018-19,1973,Port Orford-Langlois SD 2CJ,200,Special Revenue Funds,1990,Miscellaneous,14
2018-19,1973,Port Orford-Langlois SD 2CJ,200,Special Revenue Funds,2200,Restricted Revenue,9492
2018-19,1973,Port Orford-Langlois SD 2CJ,100,General Fund,2101,County School Funds,288
2018-19,1973,Port Orford-Langlois SD 2CJ,100,General Fund,3101,State School Fund --General Support,1351061
2018-19,1973,Port Orford-Langlois SD 2CJ,100,General Fund,3103,Common School Fund,20393
2018-19,1973,Port Orford-Langlois SD 2CJ,100,General Fund,3299,Other Restricted Grants-In-Aid,1803
2018-19,1973,Port Orford-Langlois SD 2CJ,100,General Fund,4801,Federal Forest Fees,37779
2018-19,1973,Port Orford-Langlois SD 2CJ,100,General Fund,5400,Resources - Beginning Fund Balance,777158
2018-19,1973,Port Orford-Langlois SD 2CJ,100,General Fund,1110,Ad valorem taxes levied by district,1778448
2018-19,1973,Port Orford-Langlois SD 2CJ,100,General Fund,1190,Penalties and interest on taxes,1889
2018-19,1973,Port Orford-Langlois SD 2CJ,100,General Fund,1500,Earnings on Investments,33289
2018-19,1973,Port Orford-Langlois SD 2CJ,100,General Fund,1700,Extra-Curricular Activities,840
2018-19,1973,Port Orford-Langlois SD 2CJ,100,General Fund,1990,Miscellaneous,27196
2018-19,1974,Brookings-Harbor SD 17C,200,Special Revenue Funds,5200,Interfund Transfers,1012000
2018-19,1974,Brookings-Harbor SD 17C,400,Capital Projects Funds,5400,Resources - Beginning Fund Balance,320143.99
2018-19,1974,Brookings-Harbor SD 17C,300,Debt Service Funds,1500,Earnings on Investments,43202.05
2018-19,1974,Brookings-Harbor SD 17C,300,Debt Service Funds,5400,Resources - Beginning Fund Balance,1309915.99
2018-19,1974,Brookings-Harbor SD 17C,400,Capital Projects Funds,1500,Earnings on Investments,38967.74
2018-19,1974,Brookings-Harbor SD 17C,400,Capital Projects Funds,1970,Services Provided Other Funds,6277
2018-19,1974,Brookings-Harbor SD 17C,400,Capital Projects Funds,3299,Other Restricted Grants-In-Aid,1946138
2018-19,1974,Brookings-Harbor SD 17C,400,Capital Projects Funds,5200,Interfund Transfers,45000
2018-19,1974,Brookings-Harbor SD 17C,200,Special Revenue Funds,4500,Restricted Revenue From Federal Government Through the State,1389348.72
2018-19,1974,Brookings-Harbor SD 17C,200,Special Revenue Funds,4700,Grants-In-Aid From Federal Government Through Other Intermed,8443.23
2018-19,1974,Brookings-Harbor SD 17C,200,Special Revenue Funds,4900,Revenue for/on Behalf of the District,35255.72
2018-19,1974,Brookings-Harbor SD 17C,200,Special Revenue Funds,5100,Long Term Debt Financing Sources,119491
2018-19,1974,Brookings-Harbor SD 17C,200,Special Revenue Funds,5400,Resources - Beginning Fund Balance,3708177.67
2018-19,1974,Brookings-Harbor SD 17C,300,Debt Service Funds,1110,Ad valorem taxes levied by district,1362857.73
2018-19,1974,Brookings-Harbor SD 17C,200,Special Revenue Funds,1600,Food Service,41845.3
2018-19,1974,Brookings-Harbor SD 17C,200,Special Revenue Funds,1920,Contributions and Donations From Private Sources,15000
2018-19,1974,Brookings-Harbor SD 17C,200,Special Revenue Funds,1990,Miscellaneous,306365.89
2018-19,1974,Brookings-Harbor SD 17C,200,Special Revenue Funds,2200,Restricted Revenue,561.56
2018-19,1974,Brookings-Harbor SD 17C,200,Special Revenue Funds,3299,Other Restricted Grants-In-Aid,372497.1
2018-19,1974,Brookings-Harbor SD 17C,200,Special Revenue Funds,4300,Restricted Revenue Direct From the Federal Government,67868.66
2018-19,1974,Brookings-Harbor SD 17C,100,General Fund,3101,State School Fund --General Support,8978513.61
2018-19,1974,Brookings-Harbor SD 17C,100,General Fund,3103,Common School Fund,146988
2018-19,1974,Brookings-Harbor SD 17C,100,General Fund,4801,Federal Forest Fees,272532.6
2018-19,1974,Brookings-Harbor SD 17C,100,General Fund,5100,Long Term Debt Financing Sources,25156.22
2018-19,1974,Brookings-Harbor SD 17C,100,General Fund,5400,Resources - Beginning Fund Balance,2576009.72
2018-19,1974,Brookings-Harbor SD 17C,200,Special Revenue Funds,1500,Earnings on Investments,123427.77
2018-19,1974,Brookings-Harbor SD 17C,100,General Fund,1411,Transportation fees from Individuals,5540.75
2018-19,1974,Brookings-Harbor SD 17C,100,General Fund,1500,Earnings on Investments,89755.11
2018-19,1974,Brookings-Harbor SD 17C,100,General Fund,1960,Recovery of Prior Years' Expenditure,4160.29
2018-19,1974,Brookings-Harbor SD 17C,100,General Fund,1990,Miscellaneous,39215.74
2018-19,1974,Brookings-Harbor SD 17C,100,General Fund,2101,County School Funds,129217.27
2018-19,1974,Brookings-Harbor SD 17C,100,General Fund,2102,General Education Service District Funds,422136.55
2018-19,1974,Brookings-Harbor SD 17C,100,General Fund,1110,Ad valorem taxes levied by district,5848036.05
2018-19,1974,Brookings-Harbor SD 17C,100,General Fund,1313,Tuition from Other Districts outside the State,41213.11
2018-19,1975,High Desert ESD,100,General Fund,1110,Ad valorem taxes levied by district,2484250.25
2018-19,1975,High Desert ESD,100,General Fund,1500,Earnings on Investments,113282.99
2018-19,1975,High Desert ESD,100,General Fund,1970,Services Provided Other Funds,471428.49
2018-19,1975,High Desert ESD,100,General Fund,1980,Fees Charged to Grants,1226907.47
2018-19,1975,High Desert ESD,100,General Fund,1990,Miscellaneous,26819.44
2018-19,1975,High Desert ESD,100,General Fund,3101,State School Fund --General Support,10245092.65
2018-19,1975,High Desert ESD,700,Trust and Agency Funds,1990,Miscellaneous,1362396.72
2018-19,1975,High Desert ESD,600,Internal Service Funds,1930,Rental or Lease Payments from Private Contractors,13236
2018-19,1975,High Desert ESD,600,Internal Service Funds,1970,Services Provided Other Funds,820441.38
2018-19,1975,High Desert ESD,600,Internal Service Funds,1990,Miscellaneous,11330.94
2018-19,1975,High Desert ESD,600,Internal Service Funds,5200,Interfund Transfers,47829.13
2018-19,1975,High Desert ESD,600,Internal Service Funds,5300,Sale of or Compensation for Loss of Fixed Assets,1000
2018-19,1975,High Desert ESD,600,Internal Service Funds,5400,Resources - Beginning Fund Balance,105914.95
2018-19,1975,High Desert ESD,200,Special Revenue Funds,5200,Interfund Transfers,4644417.49
2018-19,1975,High Desert ESD,200,Special Revenue Funds,5400,Resources - Beginning Fund Balance,4201663.3
2018-19,1975,High Desert ESD,300,Debt Service Funds,1500,Earnings on Investments,15018.83
2018-19,1975,High Desert ESD,300,Debt Service Funds,1970,Services Provided Other Funds,1057600.58
2018-19,1975,High Desert ESD,300,Debt Service Funds,5400,Resources - Beginning Fund Balance,10624.89
2018-19,1975,High Desert ESD,600,Internal Service Funds,1910,Rentals,26160
2018-19,1975,High Desert ESD,200,Special Revenue Funds,3204,Driver Education,219195
2018-19,1975,High Desert ESD,200,Special Revenue Funds,3299,Other Restricted Grants-In-Aid,8167772.45
2018-19,1975,High Desert ESD,200,Special Revenue Funds,4200,Unrestricted Revenue From Federal Government Through State,176356.93
2018-19,1975,High Desert ESD,200,Special Revenue Funds,4300,Restricted Revenue Direct From the Federal Government,75601.45
2018-19,1975,High Desert ESD,200,Special Revenue Funds,4500,Restricted Revenue From Federal Government Through the State,3884575.62
2018-19,1975,High Desert ESD,200,Special Revenue Funds,4700,Grants-In-Aid From Federal Government Through Other Intermed,373366.96
2018-19,1975,High Desert ESD,100,General Fund,5400,Resources - Beginning Fund Balance,2828347.16
2018-19,1975,High Desert ESD,200,Special Revenue Funds,1320,Adult/Continuing Education Tuition,359547.5
2018-19,1975,High Desert ESD,200,Special Revenue Funds,1920,Contributions and Donations From Private Sources,2371477.3
2018-19,1975,High Desert ESD,200,Special Revenue Funds,1940,Services Provided Other Local Education Agencies,7031502.09
2018-19,1975,High Desert ESD,200,Special Revenue Funds,1970,Services Provided Other Funds,200
2018-19,1975,High Desert ESD,200,Special Revenue Funds,1990,Miscellaneous,3353376.41
2018-19,1976,Bend-LaPine Administrative SD 1,100,General Fund,1920,Contributions and Donations From Private Sources,0.64
2018-19,1976,Bend-LaPine Administrative SD 1,700,Trust and Agency Funds,1500,Earnings on Investments,2837.34
2018-19,1976,Bend-LaPine Administrative SD 1,400,Capital Projects Funds,1910,Rentals,8212.76
2018-19,1976,Bend-LaPine Administrative SD 1,700,Trust and Agency Funds,1920,Contributions and Donations From Private Sources,9991
2018-19,1976,Bend-LaPine Administrative SD 1,100,General Fund,1330,Summer School Tuition,19250
2018-19,1976,Bend-LaPine Administrative SD 1,100,General Fund,1960,Recovery of Prior Years' Expenditure,23355.29
2018-19,1976,Bend-LaPine Administrative SD 1,200,Special Revenue Funds,4300,Restricted Revenue Direct From the Federal Government,40683.83
2018-19,1976,Bend-LaPine Administrative SD 1,200,Special Revenue Funds,5400,Resources - Beginning Fund Balance,8163504.79
2018-19,1976,Bend-LaPine Administrative SD 1,100,General Fund,1990,Miscellaneous,2566726.24
2018-19,1976,Bend-LaPine Administrative SD 1,100,General Fund,5400,Resources - Beginning Fund Balance,17071473.3
2018-19,1976,Bend-LaPine Administrative SD 1,200,Special Revenue Funds,1500,Earnings on Investments,89499.27
2018-19,1976,Bend-LaPine Administrative SD 1,200,Special Revenue Funds,1700,Extra-Curricular Activities,3204297.57
2018-19,1976,Bend-LaPine Administrative SD 1,200,Special Revenue Funds,1920,Contributions and Donations From Private Sources,455190.69
2018-19,1976,Bend-LaPine Administrative SD 1,200,Special Revenue Funds,1990,Miscellaneous,1680037.59
2018-19,1976,Bend-LaPine Administrative SD 1,300,Debt Service Funds,1110,Ad valorem taxes levied by district,32546206.29
2018-19,1976,Bend-LaPine Administrative SD 1,100,General Fund,1110,Ad valorem taxes levied by district,80377701.94
2018-19,1976,Bend-LaPine Administrative SD 1,100,General Fund,3101,State School Fund --General Support,84523682.13
2018-19,1976,Bend-LaPine Administrative SD 1,400,Capital Projects Funds,5400,Resources - Beginning Fund Balance,175098243.05
2018-19,1976,Bend-LaPine Administrative SD 1,100,General Fund,1700,Extra-Curricular Activities,470225.65
2018-19,1976,Bend-LaPine Administrative SD 1,100,General Fund,1910,Rentals,432011.9
2018-19,1976,Bend-LaPine Administrative SD 1,100,General Fund,2102,General Education Service District Funds,2405000
2018-19,1976,Bend-LaPine Administrative SD 1,400,Capital Projects Funds,5300,Sale of or Compensation for Loss of Fixed Assets,3512248.16
2018-19,1976,Bend-LaPine Administrative SD 1,400,Capital Projects Funds,1500,Earnings on Investments,3652408.97
2018-19,1976,Bend-LaPine Administrative SD 1,200,Special Revenue Funds,3299,Other Restricted Grants-In-Aid,5197716.05
2018-19,1976,Bend-LaPine Administrative SD 1,300,Debt Service Funds,3101,State School Fund --General Support,8202262.28
2018-19,1976,Bend-LaPine Administrative SD 1,200,Special Revenue Funds,4500,Restricted Revenue From Federal Government Through the State,10577771.47
2018-19,1976,Bend-LaPine Administrative SD 1,200,Special Revenue Funds,2102,General Education Service District Funds,795000
2018-19,1976,Bend-LaPine Administrative SD 1,100,General Fund,1500,Earnings on Investments,1373452.73
2018-19,1976,Bend-LaPine Administrative SD 1,100,General Fund,5100,Long Term Debt Financing Sources,1390000
2018-19,1976,Bend-LaPine Administrative SD 1,100,General Fund,3103,Common School Fund,1916973.58
2018-19,1976,Bend-LaPine Administrative SD 1,200,Special Revenue Funds,1600,Food Service,2320695.65
2018-19,1976,Bend-LaPine Administrative SD 1,300,Debt Service Funds,5400,Resources - Beginning Fund Balance,2385309.54
2018-19,1976,Bend-LaPine Administrative SD 1,100,General Fund,2101,County School Funds,390026.26
2018-19,1976,Bend-LaPine Administrative SD 1,300,Debt Service Funds,1500,Earnings on Investments,441569.72
2018-19,1976,Bend-LaPine Administrative SD 1,100,General Fund,3299,Other Restricted Grants-In-Aid,542838
2018-19,1976,Bend-LaPine Administrative SD 1,100,General Fund,1980,Fees Charged to Grants,660576.99
2018-19,1976,Bend-LaPine Administrative SD 1,100,General Fund,1970,Services Provided Other Funds,684919.94
2018-19,1976,Bend-LaPine Administrative SD 1,100,General Fund,3222,State School Fund (SSF) Transportation Equipment,723899
2018-19,1976,Bend-LaPine Administrative SD 1,100,General Fund,4500,Restricted Revenue From Federal Government Through the State,36122.81
2018-19,1976,Bend-LaPine Administrative SD 1,200,Special Revenue Funds,3102,State School Fund--School Lunch Match,57356.36
2018-19,1976,Bend-LaPine Administrative SD 1,400,Capital Projects Funds,1990,Miscellaneous,67259.8
2018-19,1976,Bend-LaPine Administrative SD 1,100,General Fund,5300,Sale of or Compensation for Loss of Fixed Assets,91270.26
2018-19,1976,Bend-LaPine Administrative SD 1,700,Trust and Agency Funds,5400,Resources - Beginning Fund Balance,105223.84
2018-19,1976,Bend-LaPine Administrative SD 1,100,General Fund,4200,Unrestricted Revenue From Federal Government Through State,214745.36
2018-19,1977,Redmond SD 2J,100,General Fund,1110,Ad valorem taxes levied by district,24288110.81
2018-19,1977,Redmond SD 2J,100,General Fund,1190,Penalties and interest on taxes,8697.26
2018-19,1977,Redmond SD 2J,100,General Fund,1311,Tuition from Individuals,10116
2018-19,1977,Redmond SD 2J,100,General Fund,1411,Transportation fees from Individuals,102237.9
2018-19,1977,Redmond SD 2J,100,General Fund,1412,Transportation fees from Other Districts within the State,63049.84
2018-19,1977,Redmond SD 2J,100,General Fund,1500,Earnings on Investments,535787.68
2018-19,1977,Redmond SD 2J,700,Trust and Agency Funds,1990,Miscellaneous,6030
2018-19,1977,Redmond SD 2J,700,Trust and Agency Funds,5200,Interfund Transfers,1500
2018-19,1977,Redmond SD 2J,700,Trust and Agency Funds,5400,Resources - Beginning Fund Balance,179739.78
2018-19,1977,Redmond SD 2J,600,Internal Service Funds,1970,Services Provided Other Funds,404204.58
2018-19,1977,Redmond SD 2J,600,Internal Service Funds,1990,Miscellaneous,24278.61
2018-19,1977,Redmond SD 2J,600,Internal Service Funds,5200,Interfund Transfers,350000
2018-19,1977,Redmond SD 2J,600,Internal Service Funds,5400,Resources - Beginning Fund Balance,121842.84
2018-19,1977,Redmond SD 2J,700,Trust and Agency Funds,1500,Earnings on Investments,7290.7
2018-19,1977,Redmond SD 2J,700,Trust and Agency Funds,1920,Contributions and Donations From Private Sources,72346.44
2018-19,1977,Redmond SD 2J,300,Debt Service Funds,1500,Earnings on Investments,212185.18
2018-19,1977,Redmond SD 2J,300,Debt Service Funds,1970,Services Provided Other Funds,2617174.6
2018-19,1977,Redmond SD 2J,300,Debt Service Funds,5400,Resources - Beginning Fund Balance,2462102.93
2018-19,1977,Redmond SD 2J,400,Capital Projects Funds,1500,Earnings on Investments,2348.13
2018-19,1977,Redmond SD 2J,400,Capital Projects Funds,5400,Resources - Beginning Fund Balance,138807.7
2018-19,1977,Redmond SD 2J,600,Internal Service Funds,1960,Recovery of Prior Years' Expenditure,105455.91
2018-19,1977,Redmond SD 2J,200,Special Revenue Funds,4900,Revenue for/on Behalf of the District,172465.68
2018-19,1977,Redmond SD 2J,200,Special Revenue Funds,5200,Interfund Transfers,580812.92
2018-19,1977,Redmond SD 2J,200,Special Revenue Funds,5300,Sale of or Compensation for Loss of Fixed Assets,1907491.2
2018-19,1977,Redmond SD 2J,200,Special Revenue Funds,5400,Resources - Beginning Fund Balance,1460890.58
2018-19,1977,Redmond SD 2J,300,Debt Service Funds,1110,Ad valorem taxes levied by district,12126181.14
2018-19,1977,Redmond SD 2J,300,Debt Service Funds,1190,Penalties and interest on taxes,4343.22
2018-19,1977,Redmond SD 2J,200,Special Revenue Funds,2200,Restricted Revenue,5976.89
2018-19,1977,Redmond SD 2J,200,Special Revenue Funds,3102,State School Fund--School Lunch Match,23009.57
2018-19,1977,Redmond SD 2J,200,Special Revenue Funds,3222,State School Fund (SSF) Transportation Equipment,180753
2018-19,1977,Redmond SD 2J,200,Special Revenue Funds,3299,Other Restricted Grants-In-Aid,1541522.67
2018-19,1977,Redmond SD 2J,200,Special Revenue Funds,4500,Restricted Revenue From Federal Government Through the State,5266093.07
2018-19,1977,Redmond SD 2J,200,Special Revenue Funds,4700,Grants-In-Aid From Federal Government Through Other Intermed,4632.25
2018-19,1977,Redmond SD 2J,200,Special Revenue Funds,1700,Extra-Curricular Activities,1233080.93
2018-19,1977,Redmond SD 2J,200,Special Revenue Funds,1910,Rentals,167717.78
2018-19,1977,Redmond SD 2J,200,Special Revenue Funds,1920,Contributions and Donations From Private Sources,456504.38
2018-19,1977,Redmond SD 2J,200,Special Revenue Funds,1940,Services Provided Other Local Education Agencies,42000
2018-19,1977,Redmond SD 2J,200,Special Revenue Funds,1960,Recovery of Prior Years' Expenditure,5035.2
2018-19,1977,Redmond SD 2J,200,Special Revenue Funds,1990,Miscellaneous,694470.44
2018-19,1977,Redmond SD 2J,100,General Fund,4700,Grants-In-Aid From Federal Government Through Other Intermed,12686.07
2018-19,1977,Redmond SD 2J,100,General Fund,5100,Long Term Debt Financing Sources,670080
2018-19,1977,Redmond SD 2J,100,General Fund,5200,Interfund Transfers,3209.73
2018-19,1977,Redmond SD 2J,100,General Fund,5400,Resources - Beginning Fund Balance,8261745.87
2018-19,1977,Redmond SD 2J,200,Special Revenue Funds,1500,Earnings on Investments,51081.31
2018-19,1977,Redmond SD 2J,200,Special Revenue Funds,1600,Food Service,585042.93
2018-19,1977,Redmond SD 2J,100,General Fund,2101,County School Funds,162886.57
2018-19,1977,Redmond SD 2J,100,General Fund,2102,General Education Service District Funds,742007.54
2018-19,1977,Redmond SD 2J,100,General Fund,3101,State School Fund --General Support,46823008.6
2018-19,1977,Redmond SD 2J,100,General Fund,3103,Common School Fund,772731.1
2018-19,1977,Redmond SD 2J,100,General Fund,3299,Other Restricted Grants-In-Aid,17655.01
2018-19,1977,Redmond SD 2J,100,General Fund,4500,Restricted Revenue From Federal Government Through the State,4684.62
2018-19,1977,Redmond SD 2J,100,General Fund,1910,Rentals,13331.75
2018-19,1977,Redmond SD 2J,100,General Fund,1920,Contributions and Donations From Private Sources,9137.49
2018-19,1977,Redmond SD 2J,100,General Fund,1940,Services Provided Other Local Education Agencies,37830.89
2018-19,1977,Redmond SD 2J,100,General Fund,1960,Recovery of Prior Years' Expenditure,6828.74
2018-19,1977,Redmond SD 2J,100,General Fund,1980,Fees Charged to Grants,183079.65
2018-19,1977,Redmond SD 2J,100,General Fund,1990,Miscellaneous,528348.91
2018-19,1978,Sisters SD 6,100,General Fund,1110,Ad valorem taxes levied by district,8326115.91
2018-19,1978,Sisters SD 6,100,General Fund,1120,Local option ad valorem taxes levied by district,1337084.91
2018-19,1978,Sisters SD 6,100,General Fund,1190,Penalties and interest on taxes,3546.71
2018-19,1978,Sisters SD 6,100,General Fund,1312,Tuition from Other Districts within the State,96040.35
2018-19,1978,Sisters SD 6,100,General Fund,1500,Earnings on Investments,193334.27
2018-19,1978,Sisters SD 6,100,General Fund,1910,Rentals,68101.54
2018-19,1978,Sisters SD 6,400,Capital Projects Funds,5400,Resources - Beginning Fund Balance,5721119.3
2018-19,1978,Sisters SD 6,700,Trust and Agency Funds,1920,Contributions and Donations From Private Sources,68215.63
2018-19,1978,Sisters SD 6,700,Trust and Agency Funds,1990,Miscellaneous,10000
2018-19,1978,Sisters SD 6,700,Trust and Agency Funds,5400,Resources - Beginning Fund Balance,76291.15
2018-19,1978,Sisters SD 6,300,Debt Service Funds,1190,Penalties and interest on taxes,1060.56
2018-19,1978,Sisters SD 6,300,Debt Service Funds,1500,Earnings on Investments,9853.63
2018-19,1978,Sisters SD 6,300,Debt Service Funds,1970,Services Provided Other Funds,867048.9
2018-19,1978,Sisters SD 6,300,Debt Service Funds,5400,Resources - Beginning Fund Balance,-1095.08
2018-19,1978,Sisters SD 6,400,Capital Projects Funds,1500,Earnings on Investments,73726.97
2018-19,1978,Sisters SD 6,400,Capital Projects Funds,1990,Miscellaneous,47019
2018-19,1978,Sisters SD 6,200,Special Revenue Funds,3222,State School Fund (SSF) Transportation Equipment,64437.01
2018-19,1978,Sisters SD 6,200,Special Revenue Funds,3299,Other Restricted Grants-In-Aid,333267.31
2018-19,1978,Sisters SD 6,200,Special Revenue Funds,4500,Restricted Revenue From Federal Government Through the State,440048.53
2018-19,1978,Sisters SD 6,200,Special Revenue Funds,5200,Interfund Transfers,89969.02
2018-19,1978,Sisters SD 6,200,Special Revenue Funds,5400,Resources - Beginning Fund Balance,609725.45
2018-19,1978,Sisters SD 6,300,Debt Service Funds,1110,Ad valorem taxes levied by district,2952591.42
2018-19,1978,Sisters SD 6,200,Special Revenue Funds,1700,Extra-Curricular Activities,371691.65
2018-19,1978,Sisters SD 6,200,Special Revenue Funds,1910,Rentals,6710
2018-19,1978,Sisters SD 6,200,Special Revenue Funds,1920,Contributions and Donations From Private Sources,298671.91
2018-19,1978,Sisters SD 6,200,Special Revenue Funds,1990,Miscellaneous,116541.42
2018-19,1978,Sisters SD 6,200,Special Revenue Funds,2102,General Education Service District Funds,16471.54
2018-19,1978,Sisters SD 6,200,Special Revenue Funds,3102,State School Fund--School Lunch Match,2889.98
2018-19,1978,Sisters SD 6,100,General Fund,4801,Federal Forest Fees,665.73
2018-19,1978,Sisters SD 6,100,General Fund,5100,Long Term Debt Financing Sources,1969925.99
2018-19,1978,Sisters SD 6,100,General Fund,5200,Interfund Transfers,10030.98
2018-19,1978,Sisters SD 6,100,General Fund,5300,Sale of or Compensation for Loss of Fixed Assets,200
2018-19,1978,Sisters SD 6,100,General Fund,5400,Resources - Beginning Fund Balance,1212455.59
2018-19,1978,Sisters SD 6,200,Special Revenue Funds,1600,Food Service,54428.6
2018-19,1978,Sisters SD 6,100,General Fund,1920,Contributions and Donations From Private Sources,500
2018-19,1978,Sisters SD 6,100,General Fund,1990,Miscellaneous,27785.41
2018-19,1978,Sisters SD 6,100,General Fund,2101,County School Funds,22174.53
2018-19,1978,Sisters SD 6,100,General Fund,3101,State School Fund --General Support,1283730.05
2018-19,1978,Sisters SD 6,100,General Fund,3103,Common School Fund,111601.92
2018-19,1978,Sisters SD 6,100,General Fund,3106,State School Fund - Accrual,488563.02
2018-19,1980,Douglas ESD,100,General Fund,1110,Ad valorem taxes levied by district,4469996.2
2018-19,1980,Douglas ESD,100,General Fund,1500,Earnings on Investments,72240.42
2018-19,1980,Douglas ESD,100,General Fund,1940,Services Provided Other Local Education Agencies,1418845
2018-19,1980,Douglas ESD,100,General Fund,1960,Recovery of Prior Years' Expenditure,28740.26
2018-19,1980,Douglas ESD,100,General Fund,1980,Fees Charged to Grants,862490.7
2018-19,1980,Douglas ESD,100,General Fund,1990,Miscellaneous,39786.87
2018-19,1980,Douglas ESD,500,Enterprise Funds,1910,Rentals,19200
2018-19,1980,Douglas ESD,500,Enterprise Funds,1940,Services Provided Other Local Education Agencies,257926.55
2018-19,1980,Douglas ESD,500,Enterprise Funds,5400,Resources - Beginning Fund Balance,-18318.04
2018-19,1980,Douglas ESD,600,Internal Service Funds,1970,Services Provided Other Funds,167265
2018-19,1980,Douglas ESD,600,Internal Service Funds,5200,Interfund Transfers,330000
2018-19,1980,Douglas ESD,600,Internal Service Funds,5400,Resources - Beginning Fund Balance,1346285.55
2018-19,1980,Douglas ESD,200,Special Revenue Funds,5200,Interfund Transfers,8701872.33
2018-19,1980,Douglas ESD,200,Special Revenue Funds,5400,Resources - Beginning Fund Balance,3346170.98
2018-19,1980,Douglas ESD,300,Debt Service Funds,1500,Earnings on Investments,5108.99
2018-19,1980,Douglas ESD,300,Debt Service Funds,1970,Services Provided Other Funds,403716.47
2018-19,1980,Douglas ESD,300,Debt Service Funds,5400,Resources - Beginning Fund Balance,1448657.89
2018-19,1980,Douglas ESD,400,Capital Projects Funds,5400,Resources - Beginning Fund Balance,1700000
2018-19,1980,Douglas ESD,200,Special Revenue Funds,1990,Miscellaneous,447923.07
2018-19,1980,Douglas ESD,200,Special Revenue Funds,2199,Other Intermediate Sources,421830
2018-19,1980,Douglas ESD,200,Special Revenue Funds,2200,Restricted Revenue,129921.21
2018-19,1980,Douglas ESD,200,Special Revenue Funds,3299,Other Restricted Grants-In-Aid,3981436.4
2018-19,1980,Douglas ESD,200,Special Revenue Funds,3900,Revenue for/on Behalf of the District,10583408.12
2018-19,1980,Douglas ESD,200,Special Revenue Funds,4500,Restricted Revenue From Federal Government Through the State,2894513.36
2018-19,1980,Douglas ESD,100,General Fund,3101,State School Fund --General Support,1819920.39
2018-19,1980,Douglas ESD,100,General Fund,5400,Resources - Beginning Fund Balance,1546989.17
2018-19,1980,Douglas ESD,200,Special Revenue Funds,1320,Adult/Continuing Education Tuition,97465
2018-19,1980,Douglas ESD,200,Special Revenue Funds,1920,Contributions and Donations From Private Sources,810758.24
2018-19,1980,Douglas ESD,200,Special Revenue Funds,1940,Services Provided Other Local Education Agencies,4063635.18
2018-19,1980,Douglas ESD,200,Special Revenue Funds,1970,Services Provided Other Funds,103955
2018-19,1990,Oakland SD 1,200,Special Revenue Funds,1920,Contributions and Donations From Private Sources,39003.04
2018-19,1990,Oakland SD 1,400,Capital Projects Funds,1990,Miscellaneous,29808.13
2018-19,1990,Oakland SD 1,400,Capital Projects Funds,5200,Interfund Transfers,314500
2018-19,1990,Oakland SD 1,300,Debt Service Funds,5400,Resources - Beginning Fund Balance,12822.25
2018-19,1990,Oakland SD 1,100,General Fund,5400,Resources - Beginning Fund Balance,1203593.76
2018-19,1990,Oakland SD 1,400,Capital Projects Funds,5400,Resources - Beginning Fund Balance,396288.7
2018-19,1990,Oakland SD 1,200,Special Revenue Funds,4900,Revenue for/on Behalf of the District,13456
2018-19,1990,Oakland SD 1,200,Special Revenue Funds,5200,Interfund Transfers,581500
2018-19,1990,Oakland SD 1,200,Special Revenue Funds,5400,Resources - Beginning Fund Balance,1060942.38
2018-19,1990,Oakland SD 1,300,Debt Service Funds,1990,Miscellaneous,13505.68
2018-19,1990,Oakland SD 1,300,Debt Service Funds,5200,Interfund Transfers,40000
2018-19,1990,Oakland SD 1,400,Capital Projects Funds,1500,Earnings on Investments,59.43
2018-19,1990,Oakland SD 1,200,Special Revenue Funds,3101,State School Fund --General Support,1806.1
2018-19,1990,Oakland SD 1,200,Special Revenue Funds,3102,State School Fund--School Lunch Match,1829.21
2018-19,1990,Oakland SD 1,200,Special Revenue Funds,3199,Other Unrestricted Grants-In-Aid,19120.35
2018-19,1990,Oakland SD 1,200,Special Revenue Funds,3299,Other Restricted Grants-In-Aid,127631.3
2018-19,1990,Oakland SD 1,200,Special Revenue Funds,4300,Restricted Revenue Direct From the Federal Government,10000
2018-19,1990,Oakland SD 1,200,Special Revenue Funds,4500,Restricted Revenue From Federal Government Through the State,507127.7
2018-19,1990,Oakland SD 1,200,Special Revenue Funds,1500,Earnings on Investments,28.73
2018-19,1990,Oakland SD 1,200,Special Revenue Funds,1600,Food Service,28740.71
2018-19,1990,Oakland SD 1,200,Special Revenue Funds,1700,Extra-Curricular Activities,217298.25
2018-19,1990,Oakland SD 1,200,Special Revenue Funds,1930,Rental or Lease Payments from Private Contractors,-368.07
2018-19,1990,Oakland SD 1,200,Special Revenue Funds,1970,Services Provided Other Funds,133629.11
2018-19,1990,Oakland SD 1,200,Special Revenue Funds,1990,Miscellaneous,10175.25
2018-19,1990,Oakland SD 1,100,General Fund,1960,Recovery of Prior Years' Expenditure,15923.91
2018-19,1990,Oakland SD 1,100,General Fund,1990,Miscellaneous,90680.03
2018-19,1990,Oakland SD 1,100,General Fund,2101,County School Funds,9014.53
2018-19,1990,Oakland SD 1,100,General Fund,3101,State School Fund --General Support,4677426.96
2018-19,1990,Oakland SD 1,100,General Fund,3103,Common School Fund,59366.33
2018-19,1990,Oakland SD 1,100,General Fund,4801,Federal Forest Fees,62986.3
2018-19,1990,Oakland SD 1,100,General Fund,1110,Ad valorem taxes levied by district,1399870.1
2018-19,1990,Oakland SD 1,100,General Fund,1190,Penalties and interest on taxes,977.78
2018-19,1990,Oakland SD 1,100,General Fund,1312,Tuition from Other Districts within the State,1479.77
2018-19,1990,Oakland SD 1,100,General Fund,1500,Earnings on Investments,90821.07
2018-19,1991,Douglas County SD 4,100,General Fund,1110,Ad valorem taxes levied by district,16038367.74
2018-19,1991,Douglas County SD 4,100,General Fund,1311,Tuition from Individuals,1200
2018-19,1991,Douglas County SD 4,100,General Fund,1500,Earnings on Investments,411805
2018-19,1991,Douglas County SD 4,100,General Fund,1700,Extra-Curricular Activities,206697.04
2018-19,1991,Douglas County SD 4,100,General Fund,1800,Community Services Activities,103856.12
2018-19,1991,Douglas County SD 4,100,General Fund,1910,Rentals,77225
2018-19,1991,Douglas County SD 4,400,Capital Projects Funds,3299,Other Restricted Grants-In-Aid,2639037
2018-19,1991,Douglas County SD 4,400,Capital Projects Funds,5200,Interfund Transfers,880000
2018-19,1991,Douglas County SD 4,400,Capital Projects Funds,5400,Resources - Beginning Fund Balance,1443339.73
2018-19,1991,Douglas County SD 4,300,Debt Service Funds,1110,Ad valorem taxes levied by district,2196813.77
2018-19,1991,Douglas County SD 4,300,Debt Service Funds,1500,Earnings on Investments,117733
2018-19,1991,Douglas County SD 4,300,Debt Service Funds,1970,Services Provided Other Funds,5658951.35
2018-19,1991,Douglas County SD 4,300,Debt Service Funds,5200,Interfund Transfers,227834
2018-19,1991,Douglas County SD 4,300,Debt Service Funds,5400,Resources - Beginning Fund Balance,7297799.68
2018-19,1991,Douglas County SD 4,400,Capital Projects Funds,1990,Miscellaneous,141688.83
2018-19,1991,Douglas County SD 4,200,Special Revenue Funds,3299,Other Restricted Grants-In-Aid,2568498.01
2018-19,1991,Douglas County SD 4,200,Special Revenue Funds,4300,Restricted Revenue Direct From the Federal Government,21668
2018-19,1991,Douglas County SD 4,200,Special Revenue Funds,4500,Restricted Revenue From Federal Government Through the State,5044445.29
2018-19,1991,Douglas County SD 4,200,Special Revenue Funds,4900,Revenue for/on Behalf of the District,185072.72
2018-19,1991,Douglas County SD 4,200,Special Revenue Funds,5200,Interfund Transfers,804000
2018-19,1991,Douglas County SD 4,200,Special Revenue Funds,5400,Resources - Beginning Fund Balance,3393752.8
2018-19,1991,Douglas County SD 4,200,Special Revenue Funds,1920,Contributions and Donations From Private Sources,409028.28
2018-19,1991,Douglas County SD 4,200,Special Revenue Funds,1990,Miscellaneous,146424.7
2018-19,1991,Douglas County SD 4,200,Special Revenue Funds,2102,General Education Service District Funds,314787.68
2018-19,1991,Douglas County SD 4,200,Special Revenue Funds,2200,Restricted Revenue,1490.17
2018-19,1991,Douglas County SD 4,200,Special Revenue Funds,3102,State School Fund--School Lunch Match,23309.05
2018-19,1991,Douglas County SD 4,200,Special Revenue Funds,3204,Driver Education,56205
2018-19,1991,Douglas County SD 4,100,General Fund,4801,Federal Forest Fees,646268.34
2018-19,1991,Douglas County SD 4,100,General Fund,5300,Sale of or Compensation for Loss of Fixed Assets,29174.75
2018-19,1991,Douglas County SD 4,100,General Fund,5400,Resources - Beginning Fund Balance,6057186.2
2018-19,1991,Douglas County SD 4,200,Special Revenue Funds,1600,Food Service,422283.88
2018-19,1991,Douglas County SD 4,200,Special Revenue Funds,1700,Extra-Curricular Activities,1229385.74
2018-19,1991,Douglas County SD 4,200,Special Revenue Funds,1910,Rentals,179147.38
2018-19,1991,Douglas County SD 4,100,General Fund,1980,Fees Charged to Grants,11770.75
2018-19,1991,Douglas County SD 4,100,General Fund,1990,Miscellaneous,276748.25
2018-19,1991,Douglas County SD 4,100,General Fund,2101,County School Funds,86758.37
2018-19,1991,Douglas County SD 4,100,General Fund,2102,General Education Service District Funds,116918.32
2018-19,1991,Douglas County SD 4,100,General Fund,3101,State School Fund --General Support,40223279.12
2018-19,1991,Douglas County SD 4,100,General Fund,3103,Common School Fund,596378.56
2018-19,1992,Glide SD 12,100,General Fund,1110,Ad valorem taxes levied by district,3854207.75
2018-19,1992,Glide SD 12,100,General Fund,1500,Earnings on Investments,126380.75
2018-19,1992,Glide SD 12,100,General Fund,1700,Extra-Curricular Activities,29341.98
2018-19,1992,Glide SD 12,100,General Fund,1910,Rentals,200
2018-19,1992,Glide SD 12,100,General Fund,1960,Recovery of Prior Years' Expenditure,1210.13
2018-19,1992,Glide SD 12,100,General Fund,1990,Miscellaneous,69227.14
2018-19,1992,Glide SD 12,400,Capital Projects Funds,5400,Resources - Beginning Fund Balance,871846.71
2018-19,1992,Glide SD 12,700,Trust and Agency Funds,1920,Contributions and Donations From Private Sources,9167
2018-19,1992,Glide SD 12,700,Trust and Agency Funds,5400,Resources - Beginning Fund Balance,12946.62
2018-19,1992,Glide SD 12,300,Debt Service Funds,1990,Miscellaneous,-13.02
2018-19,1992,Glide SD 12,300,Debt Service Funds,5400,Resources - Beginning Fund Balance,1066090.29
2018-19,1992,Glide SD 12,400,Capital Projects Funds,1920,Contributions and Donations From Private Sources,77
2018-19,1992,Glide SD 12,400,Capital Projects Funds,1990,Miscellaneous,18353.69
2018-19,1992,Glide SD 12,400,Capital Projects Funds,5200,Interfund Transfers,500000
2018-19,1992,Glide SD 12,400,Capital Projects Funds,5300,Sale of or Compensation for Loss of Fixed Assets,22915.92
2018-19,1992,Glide SD 12,200,Special Revenue Funds,4900,Revenue for/on Behalf of the District,22516.36
2018-19,1992,Glide SD 12,200,Special Revenue Funds,5200,Interfund Transfers,280000
2018-19,1992,Glide SD 12,200,Special Revenue Funds,5400,Resources - Beginning Fund Balance,445229
2018-19,1992,Glide SD 12,300,Debt Service Funds,1110,Ad valorem taxes levied by district,863510.14
2018-19,1992,Glide SD 12,300,Debt Service Funds,1500,Earnings on Investments,4282.59
2018-19,1992,Glide SD 12,300,Debt Service Funds,1970,Services Provided Other Funds,292831.15
2018-19,1992,Glide SD 12,200,Special Revenue Funds,1990,Miscellaneous,10287.4
2018-19,1992,Glide SD 12,200,Special Revenue Funds,3102,State School Fund--School Lunch Match,2723.47
2018-19,1992,Glide SD 12,200,Special Revenue Funds,3222,State School Fund (SSF) Transportation Equipment,73515
2018-19,1992,Glide SD 12,200,Special Revenue Funds,3299,Other Restricted Grants-In-Aid,161891.1
2018-19,1992,Glide SD 12,200,Special Revenue Funds,4300,Restricted Revenue Direct From the Federal Government,22930.55
2018-19,1992,Glide SD 12,200,Special Revenue Funds,4500,Restricted Revenue From Federal Government Through the State,678661.72
2018-19,1992,Glide SD 12,100,General Fund,5400,Resources - Beginning Fund Balance,2001632.11
2018-19,1992,Glide SD 12,200,Special Revenue Funds,1500,Earnings on Investments,131.5
2018-19,1992,Glide SD 12,200,Special Revenue Funds,1600,Food Service,50883.7
2018-19,1992,Glide SD 12,200,Special Revenue Funds,1700,Extra-Curricular Activities,107565.25
2018-19,1992,Glide SD 12,200,Special Revenue Funds,1910,Rentals,6300
2018-19,1992,Glide SD 12,200,Special Revenue Funds,1920,Contributions and Donations From Private Sources,39337.96
2018-19,1992,Glide SD 12,100,General Fund,2101,County School Funds,10794.1
2018-19,1992,Glide SD 12,100,General Fund,2102,General Education Service District Funds,69995
2018-19,1992,Glide SD 12,100,General Fund,3101,State School Fund --General Support,3817635.36
2018-19,1992,Glide SD 12,100,General Fund,3103,Common School Fund,74198.84
2018-19,1992,Glide SD 12,100,General Fund,4500,Restricted Revenue From Federal Government Through the State,240
2018-19,1992,Glide SD 12,100,General Fund,4801,Federal Forest Fees,75420.75
2018-19,1993,Douglas County SD 15,400,Capital Projects Funds,5400,Resources - Beginning Fund Balance,273599.63
2018-19,1993,Douglas County SD 15,200,Special Revenue Funds,5400,Resources - Beginning Fund Balance,212736.54
2018-19,1993,Douglas County SD 15,300,Debt Service Funds,1990,Miscellaneous,7280.1
2018-19,1993,Douglas County SD 15,300,Debt Service Funds,4500,Restricted Revenue From Federal Government Through the State,18291
2018-19,1993,Douglas County SD 15,300,Debt Service Funds,5200,Interfund Transfers,50900
2018-19,1993,Douglas County SD 15,300,Debt Service Funds,5400,Resources - Beginning Fund Balance,25491.58
2018-19,1993,Douglas County SD 15,400,Capital Projects Funds,5200,Interfund Transfers,400000
2018-19,1993,Douglas County SD 15,200,Special Revenue Funds,1920,Contributions and Donations From Private Sources,3000
2018-19,1993,Douglas County SD 15,200,Special Revenue Funds,3102,State School Fund--School Lunch Match,924.81
2018-19,1993,Douglas County SD 15,200,Special Revenue Funds,3299,Other Restricted Grants-In-Aid,182401.59
2018-19,1993,Douglas County SD 15,200,Special Revenue Funds,4500,Restricted Revenue From Federal Government Through the State,168695.02
2018-19,1993,Douglas County SD 15,200,Special Revenue Funds,4900,Revenue for/on Behalf of the District,6785.06
2018-19,1993,Douglas County SD 15,200,Special Revenue Funds,5200,Interfund Transfers,215000
2018-19,1993,Douglas County SD 15,100,General Fund,3101,State School Fund --General Support,2576022.64
2018-19,1993,Douglas County SD 15,100,General Fund,3103,Common School Fund,19683.84
2018-19,1993,Douglas County SD 15,100,General Fund,4801,Federal Forest Fees,20008
2018-19,1993,Douglas County SD 15,100,General Fund,5400,Resources - Beginning Fund Balance,1556691.53
2018-19,1993,Douglas County SD 15,200,Special Revenue Funds,1600,Food Service,17487.57
2018-19,1993,Douglas County SD 15,200,Special Revenue Funds,1700,Extra-Curricular Activities,47718.5
2018-19,1993,Douglas County SD 15,100,General Fund,1700,Extra-Curricular Activities,10421.98
2018-19,1993,Douglas County SD 15,100,General Fund,1910,Rentals,10830.5
2018-19,1993,Douglas County SD 15,100,General Fund,1920,Contributions and Donations From Private Sources,500
2018-19,1993,Douglas County SD 15,100,General Fund,1990,Miscellaneous,48050.39
2018-19,1993,Douglas County SD 15,100,General Fund,2101,County School Funds,2863.51
2018-19,1993,Douglas County SD 15,100,General Fund,2102,General Education Service District Funds,34173
2018-19,1993,Douglas County SD 15,100,General Fund,1110,Ad valorem taxes levied by district,470333.62
2018-19,1993,Douglas County SD 15,100,General Fund,1500,Earnings on Investments,56654.77
2018-19,1994,South Umpqua SD 19,400,Capital Projects Funds,5400,Resources - Beginning Fund Balance,1071.44
2018-19,1994,South Umpqua SD 19,200,Special Revenue Funds,5400,Resources - Beginning Fund Balance,119170.08
2018-19,1994,South Umpqua SD 19,300,Debt Service Funds,4900,Revenue for/on Behalf of the District,36808
2018-19,1994,South Umpqua SD 19,300,Debt Service Funds,5200,Interfund Transfers,731138.02
2018-19,1994,South Umpqua SD 19,400,Capital Projects Funds,3299,Other Restricted Grants-In-Aid,1038814.91
2018-19,1994,South Umpqua SD 19,400,Capital Projects Funds,5200,Interfund Transfers,572169.03
2018-19,1994,South Umpqua SD 19,100,General Fund,5400,Resources - Beginning Fund Balance,2917026.31
2018-19,1994,South Umpqua SD 19,300,Debt Service Funds,5400,Resources - Beginning Fund Balance,1910953.31
2018-19,1994,South Umpqua SD 19,200,Special Revenue Funds,3299,Other Restricted Grants-In-Aid,534738.52
2018-19,1994,South Umpqua SD 19,200,Special Revenue Funds,4500,Restricted Revenue From Federal Government Through the State,1921820.76
2018-19,1994,South Umpqua SD 19,200,Special Revenue Funds,4900,Revenue for/on Behalf of the District,65994.65
2018-19,1994,South Umpqua SD 19,200,Special Revenue Funds,5200,Interfund Transfers,6964.85
2018-19,1994,South Umpqua SD 19,300,Debt Service Funds,1500,Earnings on Investments,166883.55
2018-19,1994,South Umpqua SD 19,300,Debt Service Funds,1970,Services Provided Other Funds,1288449.6
2018-19,1994,South Umpqua SD 19,100,General Fund,5300,Sale of or Compensation for Loss of Fixed Assets,100
2018-19,1994,South Umpqua SD 19,200,Special Revenue Funds,1600,Food Service,229747.74
2018-19,1994,South Umpqua SD 19,200,Special Revenue Funds,1700,Extra-Curricular Activities,184759.44
2018-19,1994,South Umpqua SD 19,200,Special Revenue Funds,1960,Recovery of Prior Years' Expenditure,449.2
2018-19,1994,South Umpqua SD 19,200,Special Revenue Funds,1990,Miscellaneous,34369.82
2018-19,1994,South Umpqua SD 19,200,Special Revenue Funds,2200,Restricted Revenue,10737.19
2018-19,1994,South Umpqua SD 19,100,General Fund,2101,County School Funds,22077.57
2018-19,1994,South Umpqua SD 19,100,General Fund,2200,Restricted Revenue,132661
2018-19,1994,South Umpqua SD 19,100,General Fund,3101,State School Fund --General Support,11306143.38
2018-19,1994,South Umpqua SD 19,100,General Fund,3103,Common School Fund,151761.64
2018-19,1994,South Umpqua SD 19,100,General Fund,3299,Other Restricted Grants-In-Aid,45537.47
2018-19,1994,South Umpqua SD 19,100,General Fund,4801,Federal Forest Fees,154260.84
2018-19,1994,South Umpqua SD 19,100,General Fund,1500,Earnings on Investments,389.07
2018-19,1994,South Umpqua SD 19,100,General Fund,1700,Extra-Curricular Activities,40438.35
2018-19,1994,South Umpqua SD 19,100,General Fund,1910,Rentals,27150.24
2018-19,1994,South Umpqua SD 19,100,General Fund,1960,Recovery of Prior Years' Expenditure,71058.71
2018-19,1994,South Umpqua SD 19,100,General Fund,1980,Fees Charged to Grants,30816.23
2018-19,1994,South Umpqua SD 19,100,General Fund,1990,Miscellaneous,28367.22
2018-19,1994,South Umpqua SD 19,100,General Fund,1110,Ad valorem taxes levied by district,3299839.64
2018-19,1994,South Umpqua SD 19,100,General Fund,1190,Penalties and interest on taxes,2302.4
2018-19,1995,Camas Valley SD 21J,100,General Fund,1110,Ad valorem taxes levied by district,269801.23
2018-19,1995,Camas Valley SD 21J,100,General Fund,1500,Earnings on Investments,19163.73
2018-19,1995,Camas Valley SD 21J,100,General Fund,1700,Extra-Curricular Activities,7251.55
2018-19,1995,Camas Valley SD 21J,100,General Fund,1990,Miscellaneous,39687.67
2018-19,1995,Camas Valley SD 21J,100,General Fund,2101,County School Funds,3112.31
2018-19,1995,Camas Valley SD 21J,100,General Fund,2102,General Education Service District Funds,34397
2018-19,1995,Camas Valley SD 21J,700,Trust and Agency Funds,1920,Contributions and Donations From Private Sources,8100
2018-19,1995,Camas Valley SD 21J,700,Trust and Agency Funds,5400,Resources - Beginning Fund Balance,22277.13
2018-19,1995,Camas Valley SD 21J,400,Capital Projects Funds,3299,Other Restricted Grants-In-Aid,15058
2018-19,1995,Camas Valley SD 21J,400,Capital Projects Funds,5200,Interfund Transfers,528000
2018-19,1995,Camas Valley SD 21J,400,Capital Projects Funds,5400,Resources - Beginning Fund Balance,404847.1
2018-19,1995,Camas Valley SD 21J,600,Internal Service Funds,1500,Earnings on Investments,1649.68
2018-19,1995,Camas Valley SD 21J,600,Internal Service Funds,5400,Resources - Beginning Fund Balance,62780.21
2018-19,1995,Camas Valley SD 21J,700,Trust and Agency Funds,1500,Earnings on Investments,443.8
2018-19,1995,Camas Valley SD 21J,200,Special Revenue Funds,4300,Restricted Revenue Direct From the Federal Government,21282.32
2018-19,1995,Camas Valley SD 21J,200,Special Revenue Funds,4500,Restricted Revenue From Federal Government Through the State,199452.36
2018-19,1995,Camas Valley SD 21J,200,Special Revenue Funds,5200,Interfund Transfers,265000
2018-19,1995,Camas Valley SD 21J,200,Special Revenue Funds,5400,Resources - Beginning Fund Balance,398952.42
2018-19,1995,Camas Valley SD 21J,400,Capital Projects Funds,1500,Earnings on Investments,19145.2
2018-19,1995,Camas Valley SD 21J,400,Capital Projects Funds,1920,Contributions and Donations From Private Sources,25000
2018-19,1995,Camas Valley SD 21J,200,Special Revenue Funds,1700,Extra-Curricular Activities,25976.03
2018-19,1995,Camas Valley SD 21J,200,Special Revenue Funds,1920,Contributions and Donations From Private Sources,24474.75
2018-19,1995,Camas Valley SD 21J,200,Special Revenue Funds,2199,Other Intermediate Sources,5861.73
2018-19,1995,Camas Valley SD 21J,200,Special Revenue Funds,3102,State School Fund--School Lunch Match,864.3
2018-19,1995,Camas Valley SD 21J,200,Special Revenue Funds,3222,State School Fund (SSF) Transportation Equipment,26139.4
2018-19,1995,Camas Valley SD 21J,200,Special Revenue Funds,3299,Other Restricted Grants-In-Aid,87778.67
2018-19,1995,Camas Valley SD 21J,100,General Fund,3101,State School Fund --General Support,2626806.04
2018-19,1995,Camas Valley SD 21J,100,General Fund,3103,Common School Fund,20139.81
2018-19,1995,Camas Valley SD 21J,100,General Fund,4801,Federal Forest Fees,21879.92
2018-19,1995,Camas Valley SD 21J,100,General Fund,5400,Resources - Beginning Fund Balance,866826.73
2018-19,1995,Camas Valley SD 21J,200,Special Revenue Funds,1500,Earnings on Investments,11001.22
2018-19,1995,Camas Valley SD 21J,200,Special Revenue Funds,1600,Food Service,13178.9
2018-19,1996,North Douglas SD 22,100,General Fund,1110,Ad valorem taxes levied by district,957153.2
2018-19,1996,North Douglas SD 22,100,General Fund,1312,Tuition from Other Districts within the State,1216.97
2018-19,1996,North Douglas SD 22,100,General Fund,1500,Earnings on Investments,36542.89
2018-19,1996,North Douglas SD 22,100,General Fund,1700,Extra-Curricular Activities,22927.25
2018-19,1996,North Douglas SD 22,100,General Fund,1980,Fees Charged to Grants,11327.8
2018-19,1996,North Douglas SD 22,100,General Fund,1990,Miscellaneous,97433.6
2018-19,1996,North Douglas SD 22,300,Debt Service Funds,5400,Resources - Beginning Fund Balance,6416.33
2018-19,1996,North Douglas SD 22,700,Trust and Agency Funds,5400,Resources - Beginning Fund Balance,859.45
2018-19,1996,North Douglas SD 22,200,Special Revenue Funds,4500,Restricted Revenue From Federal Government Through the State,367426.16
2018-19,1996,North Douglas SD 22,200,Special Revenue Funds,4900,Revenue for/on Behalf of the District,11374
2018-19,1996,North Douglas SD 22,200,Special Revenue Funds,5200,Interfund Transfers,60894
2018-19,1996,North Douglas SD 22,200,Special Revenue Funds,5400,Resources - Beginning Fund Balance,1014050.6
2018-19,1996,North Douglas SD 22,300,Debt Service Funds,1110,Ad valorem taxes levied by district,67160.91
2018-19,1996,North Douglas SD 22,300,Debt Service Funds,1500,Earnings on Investments,749.45
2018-19,1996,North Douglas SD 22,200,Special Revenue Funds,1920,Contributions and Donations From Private Sources,2210
2018-19,1996,North Douglas SD 22,200,Special Revenue Funds,1970,Services Provided Other Funds,982.8
2018-19,1996,North Douglas SD 22,200,Special Revenue Funds,1990,Miscellaneous,4780.68
2018-19,1996,North Douglas SD 22,200,Special Revenue Funds,3102,State School Fund--School Lunch Match,1513.91
2018-19,1996,North Douglas SD 22,200,Special Revenue Funds,3299,Other Restricted Grants-In-Aid,204537.72
2018-19,1996,North Douglas SD 22,200,Special Revenue Funds,4300,Restricted Revenue Direct From the Federal Government,15968
2018-19,1996,North Douglas SD 22,100,General Fund,4801,Federal Forest Fees,34466.56
2018-19,1996,North Douglas SD 22,100,General Fund,5400,Resources - Beginning Fund Balance,1051478.1
2018-19,1996,North Douglas SD 22,200,Special Revenue Funds,1311,Tuition from Individuals,5000
2018-19,1996,North Douglas SD 22,200,Special Revenue Funds,1500,Earnings on Investments,23216.97
2018-19,1996,North Douglas SD 22,200,Special Revenue Funds,1600,Food Service,18560.54
2018-19,1996,North Douglas SD 22,200,Special Revenue Funds,1700,Extra-Curricular Activities,160075.37
2018-19,1996,North Douglas SD 22,100,General Fund,2101,County School Funds,4932.8
2018-19,1996,North Douglas SD 22,100,General Fund,3101,State School Fund --General Support,2569144.75
2018-19,1996,North Douglas SD 22,100,General Fund,3102,State School Fund--School Lunch Match,-1513.91
2018-19,1996,North Douglas SD 22,100,General Fund,3103,Common School Fund,33908.16
2018-19,1996,North Douglas SD 22,100,General Fund,3299,Other Restricted Grants-In-Aid,13158.23
2018-19,1996,North Douglas SD 22,100,General Fund,4500,Restricted Revenue From Federal Government Through the State,10000
2018-19,1997,Yoncalla SD 32,200,Special Revenue Funds,5200,Interfund Transfers,432104.73
2018-19,1997,Yoncalla SD 32,200,Special Revenue Funds,5400,Resources - Beginning Fund Balance,45603.83
2018-19,1997,Yoncalla SD 32,700,Trust and Agency Funds,1920,Contributions and Donations From Private Sources,8165
2018-19,1997,Yoncalla SD 32,700,Trust and Agency Funds,5400,Resources - Beginning Fund Balance,9210.14
2018-19,1997,Yoncalla SD 32,200,Special Revenue Funds,1920,Contributions and Donations From Private Sources,142695.48
2018-19,1997,Yoncalla SD 32,200,Special Revenue Funds,3102,State School Fund--School Lunch Match,851.52
2018-19,1997,Yoncalla SD 32,200,Special Revenue Funds,3299,Other Restricted Grants-In-Aid,2751297.94
2018-19,1997,Yoncalla SD 32,200,Special Revenue Funds,4300,Restricted Revenue Direct From the Federal Government,18173
2018-19,1997,Yoncalla SD 32,200,Special Revenue Funds,4500,Restricted Revenue From Federal Government Through the State,356409.35
2018-19,1997,Yoncalla SD 32,200,Special Revenue Funds,4900,Revenue for/on Behalf of the District,7484.55
2018-19,1997,Yoncalla SD 32,100,General Fund,3103,Common School Fund,23569.28
2018-19,1997,Yoncalla SD 32,100,General Fund,4801,Federal Forest Fees,23851.64
2018-19,1997,Yoncalla SD 32,100,General Fund,5400,Resources - Beginning Fund Balance,1832278.28
2018-19,1997,Yoncalla SD 32,200,Special Revenue Funds,1311,Tuition from Individuals,12970
2018-19,1997,Yoncalla SD 32,200,Special Revenue Funds,1600,Food Service,1931.7
2018-19,1997,Yoncalla SD 32,200,Special Revenue Funds,1700,Extra-Curricular Activities,40679.56
2018-19,1997,Yoncalla SD 32,100,General Fund,1110,Ad valorem taxes levied by district,964326.16
2018-19,1997,Yoncalla SD 32,100,General Fund,1500,Earnings on Investments,40321.01
2018-19,1997,Yoncalla SD 32,100,General Fund,1700,Extra-Curricular Activities,7272.6
2018-19,1997,Yoncalla SD 32,100,General Fund,1990,Miscellaneous,148371.84
2018-19,1997,Yoncalla SD 32,100,General Fund,2101,County School Funds,3421.68
2018-19,1997,Yoncalla SD 32,100,General Fund,3101,State School Fund --General Support,2639052.65
2018-19,1998,Elkton SD 34,100,General Fund,1110,Ad valorem taxes levied by district,791808.4
2018-19,1998,Elkton SD 34,100,General Fund,1500,Earnings on Investments,66153.44
2018-19,1998,Elkton SD 34,100,General Fund,1700,Extra-Curricular Activities,7784.25
2018-19,1998,Elkton SD 34,100,General Fund,1920,Contributions and Donations From Private Sources,5000
2018-19,1998,Elkton SD 34,100,General Fund,1940,Services Provided Other Local Education Agencies,37218
2018-19,1998,Elkton SD 34,100,General Fund,1990,Miscellaneous,42027.69
2018-19,1998,Elkton SD 34,400,Capital Projects Funds,5200,Interfund Transfers,150000
2018-19,1998,Elkton SD 34,400,Capital Projects Funds,5400,Resources - Beginning Fund Balance,645443.18
2018-19,1998,Elkton SD 34,700,Trust and Agency Funds,1500,Earnings on Investments,1038.47
2018-19,1998,Elkton SD 34,700,Trust and Agency Funds,1920,Contributions and Donations From Private Sources,2500
2018-19,1998,Elkton SD 34,700,Trust and Agency Funds,5400,Resources - Beginning Fund Balance,49806.85
2018-19,1998,Elkton SD 34,300,Debt Service Funds,1110,Ad valorem taxes levied by district,165627.13
2018-19,1998,Elkton SD 34,300,Debt Service Funds,1500,Earnings on Investments,915.18
2018-19,1998,Elkton SD 34,300,Debt Service Funds,5400,Resources - Beginning Fund Balance,14143.54
2018-19,1998,Elkton SD 34,400,Capital Projects Funds,1500,Earnings on Investments,18875.92
2018-19,1998,Elkton SD 34,400,Capital Projects Funds,1920,Contributions and Donations From Private Sources,15000
2018-19,1998,Elkton SD 34,400,Capital Projects Funds,1990,Miscellaneous,82007.97
2018-19,1998,Elkton SD 34,200,Special Revenue Funds,3102,State School Fund--School Lunch Match,1038.75
2018-19,1998,Elkton SD 34,200,Special Revenue Funds,3204,Driver Education,2098.7
2018-19,1998,Elkton SD 34,200,Special Revenue Funds,3299,Other Restricted Grants-In-Aid,429197.8
2018-19,1998,Elkton SD 34,200,Special Revenue Funds,4500,Restricted Revenue From Federal Government Through the State,229319.4
2018-19,1998,Elkton SD 34,200,Special Revenue Funds,5200,Interfund Transfers,165000
2018-19,1998,Elkton SD 34,200,Special Revenue Funds,5400,Resources - Beginning Fund Balance,728332.01
2018-19,1998,Elkton SD 34,100,General Fund,5400,Resources - Beginning Fund Balance,2320797.92
2018-19,1998,Elkton SD 34,200,Special Revenue Funds,1311,Tuition from Individuals,2975
2018-19,1998,Elkton SD 34,200,Special Revenue Funds,1500,Earnings on Investments,17654.14
2018-19,1998,Elkton SD 34,200,Special Revenue Funds,1600,Food Service,33556.18
2018-19,1998,Elkton SD 34,200,Special Revenue Funds,1920,Contributions and Donations From Private Sources,99994.83
2018-19,1998,Elkton SD 34,200,Special Revenue Funds,2103,Excess ESD Local Revenue,96997.81
2018-19,1998,Elkton SD 34,100,General Fund,2101,County School Funds,3469.9
2018-19,1998,Elkton SD 34,100,General Fund,3101,State School Fund --General Support,2826736.16
2018-19,1998,Elkton SD 34,100,General Fund,3103,Common School Fund,24114.55
2018-19,1998,Elkton SD 34,100,General Fund,3299,Other Restricted Grants-In-Aid,23652.57
2018-19,1998,Elkton SD 34,100,General Fund,4500,Restricted Revenue From Federal Government Through the State,3963.33
2018-19,1998,Elkton SD 34,100,General Fund,4801,Federal Forest Fees,24672.22
2018-19,1999,Riddle SD 70,100,General Fund,1110,Ad valorem taxes levied by district,1136937.1
2018-19,1999,Riddle SD 70,100,General Fund,1500,Earnings on Investments,23232.91
2018-19,1999,Riddle SD 70,100,General Fund,1700,Extra-Curricular Activities,529
2018-19,1999,Riddle SD 70,100,General Fund,1990,Miscellaneous,91376.65
2018-19,1999,Riddle SD 70,100,General Fund,2101,County School Funds,5781.86
2018-19,1999,Riddle SD 70,100,General Fund,2102,General Education Service District Funds,44893
2018-19,1999,Riddle SD 70,700,Trust and Agency Funds,5400,Resources - Beginning Fund Balance,14014.66
2018-19,1999,Riddle SD 70,400,Capital Projects Funds,3199,Other Unrestricted Grants-In-Aid,26100
2018-19,1999,Riddle SD 70,500,Enterprise Funds,5400,Resources - Beginning Fund Balance,27646.75
2018-19,1999,Riddle SD 70,600,Internal Service Funds,1500,Earnings on Investments,783.88
2018-19,1999,Riddle SD 70,600,Internal Service Funds,1970,Services Provided Other Funds,18553.04
2018-19,1999,Riddle SD 70,600,Internal Service Funds,5400,Resources - Beginning Fund Balance,32186.17
2018-19,1999,Riddle SD 70,700,Trust and Agency Funds,1920,Contributions and Donations From Private Sources,3440
2018-19,1999,Riddle SD 70,700,Trust and Agency Funds,5200,Interfund Transfers,11885
2018-19,1999,Riddle SD 70,200,Special Revenue Funds,5200,Interfund Transfers,27646.75
2018-19,1999,Riddle SD 70,200,Special Revenue Funds,5400,Resources - Beginning Fund Balance,249343.57
2018-19,1999,Riddle SD 70,400,Capital Projects Funds,1990,Miscellaneous,15922.22
2018-19,1999,Riddle SD 70,400,Capital Projects Funds,3299,Other Restricted Grants-In-Aid,2172108.09
2018-19,1999,Riddle SD 70,400,Capital Projects Funds,5200,Interfund Transfers,100000
2018-19,1999,Riddle SD 70,400,Capital Projects Funds,5400,Resources - Beginning Fund Balance,7761.97
2018-19,1999,Riddle SD 70,200,Special Revenue Funds,1700,Extra-Curricular Activities,110438.8
2018-19,1999,Riddle SD 70,200,Special Revenue Funds,1920,Contributions and Donations From Private Sources,11617.42
2018-19,1999,Riddle SD 70,200,Special Revenue Funds,3102,State School Fund--School Lunch Match,1782.43
2018-19,1999,Riddle SD 70,200,Special Revenue Funds,3199,Other Unrestricted Grants-In-Aid,2202.2
2018-19,1999,Riddle SD 70,200,Special Revenue Funds,3299,Other Restricted Grants-In-Aid,142655.35
2018-19,1999,Riddle SD 70,200,Special Revenue Funds,4500,Restricted Revenue From Federal Government Through the State,414977.2
2018-19,1999,Riddle SD 70,100,General Fund,3101,State School Fund --General Support,3219205.57
2018-19,1999,Riddle SD 70,100,General Fund,3103,Common School Fund,40035.18
2018-19,1999,Riddle SD 70,100,General Fund,4801,Federal Forest Fees,43331.43
2018-19,1999,Riddle SD 70,100,General Fund,5400,Resources - Beginning Fund Balance,533196.39
2018-19,1999,Riddle SD 70,200,Special Revenue Funds,1500,Earnings on Investments,71.59
2018-19,1999,Riddle SD 70,200,Special Revenue Funds,1600,Food Service,17311.19
2018-19,2000,Glendale SD 77,100,General Fund,1110,Ad valorem taxes levied by district,976497.35
2018-19,2000,Glendale SD 77,100,General Fund,1500,Earnings on Investments,55714.39
2018-19,2000,Glendale SD 77,100,General Fund,1920,Contributions and Donations From Private Sources,500
2018-19,2000,Glendale SD 77,100,General Fund,1940,Services Provided Other Local Education Agencies,167784.49
2018-19,2000,Glendale SD 77,100,General Fund,1990,Miscellaneous,74684.38
2018-19,2000,Glendale SD 77,100,General Fund,2101,County School Funds,3944.83
2018-19,2000,Glendale SD 77,700,Trust and Agency Funds,2199,Other Intermediate Sources,1303854.6
2018-19,2000,Glendale SD 77,700,Trust and Agency Funds,5400,Resources - Beginning Fund Balance,47648.87
2018-19,2000,Glendale SD 77,300,Debt Service Funds,5200,Interfund Transfers,30000
2018-19,2000,Glendale SD 77,300,Debt Service Funds,5400,Resources - Beginning Fund Balance,11264.58
2018-19,2000,Glendale SD 77,700,Trust and Agency Funds,1500,Earnings on Investments,1207.44
2018-19,2000,Glendale SD 77,700,Trust and Agency Funds,1700,Extra-Curricular Activities,3205.5
2018-19,2000,Glendale SD 77,700,Trust and Agency Funds,1920,Contributions and Donations From Private Sources,500
2018-19,2000,Glendale SD 77,700,Trust and Agency Funds,1990,Miscellaneous,6964.6
2018-19,2000,Glendale SD 77,200,Special Revenue Funds,4700,Grants-In-Aid From Federal Government Through Other Intermed,2529.54
2018-19,2000,Glendale SD 77,200,Special Revenue Funds,4900,Revenue for/on Behalf of the District,10655
2018-19,2000,Glendale SD 77,200,Special Revenue Funds,5200,Interfund Transfers,370000
2018-19,2000,Glendale SD 77,200,Special Revenue Funds,5400,Resources - Beginning Fund Balance,1541778.56
2018-19,2000,Glendale SD 77,300,Debt Service Funds,1110,Ad valorem taxes levied by district,104109.57
2018-19,2000,Glendale SD 77,300,Debt Service Funds,1990,Miscellaneous,8340.13
2018-19,2000,Glendale SD 77,200,Special Revenue Funds,3102,State School Fund--School Lunch Match,1594.61
2018-19,2000,Glendale SD 77,200,Special Revenue Funds,3199,Other Unrestricted Grants-In-Aid,2768.58
2018-19,2000,Glendale SD 77,200,Special Revenue Funds,3222,State School Fund (SSF) Transportation Equipment,33204.8
2018-19,2000,Glendale SD 77,200,Special Revenue Funds,3299,Other Restricted Grants-In-Aid,142913.27
2018-19,2000,Glendale SD 77,200,Special Revenue Funds,4300,Restricted Revenue Direct From the Federal Government,11293
2018-19,2000,Glendale SD 77,200,Special Revenue Funds,4500,Restricted Revenue From Federal Government Through the State,369030.74
2018-19,2000,Glendale SD 77,100,General Fund,5400,Resources - Beginning Fund Balance,1306345.25
2018-19,2000,Glendale SD 77,200,Special Revenue Funds,1500,Earnings on Investments,26289.13
2018-19,2000,Glendale SD 77,200,Special Revenue Funds,1600,Food Service,975.93
2018-19,2000,Glendale SD 77,200,Special Revenue Funds,1700,Extra-Curricular Activities,18755.68
2018-19,2000,Glendale SD 77,200,Special Revenue Funds,1920,Contributions and Donations From Private Sources,13108
2018-19,2000,Glendale SD 77,200,Special Revenue Funds,1990,Miscellaneous,1612.78
2018-19,2000,Glendale SD 77,100,General Fund,2102,General Education Service District Funds,40867
2018-19,2000,Glendale SD 77,100,General Fund,3101,State School Fund --General Support,2765852.95
2018-19,2000,Glendale SD 77,100,General Fund,3103,Common School Fund,27116.82
2018-19,2000,Glendale SD 77,100,General Fund,3104,State Managed County Timber,90653.97
2018-19,2000,Glendale SD 77,100,General Fund,4500,Restricted Revenue From Federal Government Through the State,150
2018-19,2000,Glendale SD 77,100,General Fund,4801,Federal Forest Fees,29385.26
2018-19,2001,Reedsport SD 105,400,Capital Projects Funds,5200,Interfund Transfers,100000
2018-19,2001,Reedsport SD 105,400,Capital Projects Funds,5400,Resources - Beginning Fund Balance,389940.53
2018-19,2001,Reedsport SD 105,700,Trust and Agency Funds,1920,Contributions and Donations From Private Sources,34913.3
2018-19,2001,Reedsport SD 105,700,Trust and Agency Funds,2199,Other Intermediate Sources,3313654.08
2018-19,2001,Reedsport SD 105,700,Trust and Agency Funds,5400,Resources - Beginning Fund Balance,150919.25
2018-19,2001,Reedsport SD 105,300,Debt Service Funds,1500,Earnings on Investments,414.37
2018-19,2001,Reedsport SD 105,300,Debt Service Funds,1970,Services Provided Other Funds,429287.62
2018-19,2001,Reedsport SD 105,300,Debt Service Funds,5100,Long Term Debt Financing Sources,9776.3
2018-19,2001,Reedsport SD 105,300,Debt Service Funds,5400,Resources - Beginning Fund Balance,422552.07
2018-19,2001,Reedsport SD 105,400,Capital Projects Funds,1990,Miscellaneous,83674.71
2018-19,2001,Reedsport SD 105,400,Capital Projects Funds,3299,Other Restricted Grants-In-Aid,2217350
2018-19,2001,Reedsport SD 105,200,Special Revenue Funds,3102,State School Fund--School Lunch Match,3048.32
2018-19,2001,Reedsport SD 105,200,Special Revenue Funds,3299,Other Restricted Grants-In-Aid,316485.14
2018-19,2001,Reedsport SD 105,200,Special Revenue Funds,4500,Restricted Revenue From Federal Government Through the State,1137831.65
2018-19,2001,Reedsport SD 105,200,Special Revenue Funds,5200,Interfund Transfers,60000
2018-19,2001,Reedsport SD 105,200,Special Revenue Funds,5400,Resources - Beginning Fund Balance,1046200.66
2018-19,2001,Reedsport SD 105,300,Debt Service Funds,1110,Ad valorem taxes levied by district,707369.53
2018-19,2001,Reedsport SD 105,100,General Fund,5400,Resources - Beginning Fund Balance,1018685.29
2018-19,2001,Reedsport SD 105,200,Special Revenue Funds,1600,Food Service,3727.52
2018-19,2001,Reedsport SD 105,200,Special Revenue Funds,1700,Extra-Curricular Activities,51249.48
2018-19,2001,Reedsport SD 105,200,Special Revenue Funds,1910,Rentals,8680
2018-19,2001,Reedsport SD 105,200,Special Revenue Funds,1920,Contributions and Donations From Private Sources,43627.23
2018-19,2001,Reedsport SD 105,200,Special Revenue Funds,1990,Miscellaneous,1579.46
2018-19,2001,Reedsport SD 105,100,General Fund,1990,Miscellaneous,66986.32
2018-19,2001,Reedsport SD 105,100,General Fund,2101,County School Funds,9546.47
2018-19,2001,Reedsport SD 105,100,General Fund,3101,State School Fund --General Support,5194247.76
2018-19,2001,Reedsport SD 105,100,General Fund,3103,Common School Fund,66134.26
2018-19,2001,Reedsport SD 105,100,General Fund,3104,State Managed County Timber,40687.16
2018-19,2001,Reedsport SD 105,100,General Fund,4801,Federal Forest Fees,71573.61
2018-19,2001,Reedsport SD 105,100,General Fund,1110,Ad valorem taxes levied by district,1990814.76
2018-19,2001,Reedsport SD 105,100,General Fund,1500,Earnings on Investments,80975.31
2018-19,2001,Reedsport SD 105,100,General Fund,1700,Extra-Curricular Activities,20513.5
2018-19,2001,Reedsport SD 105,100,General Fund,1910,Rentals,14108.43
2018-19,2001,Reedsport SD 105,100,General Fund,1920,Contributions and Donations From Private Sources,2402
2018-19,2001,Reedsport SD 105,100,General Fund,1940,Services Provided Other Local Education Agencies,773730.06
2018-19,2002,Winston-Dillard SD 116,400,Capital Projects Funds,5300,Sale of or Compensation for Loss of Fixed Assets,4693976.73
2018-19,2002,Winston-Dillard SD 116,400,Capital Projects Funds,5400,Resources - Beginning Fund Balance,645438.27
2018-19,2002,Winston-Dillard SD 116,300,Debt Service Funds,1500,Earnings on Investments,20199.38
2018-19,2002,Winston-Dillard SD 116,300,Debt Service Funds,1970,Services Provided Other Funds,1203060
2018-19,2002,Winston-Dillard SD 116,300,Debt Service Funds,4900,Revenue for/on Behalf of the District,19204.54
2018-19,2002,Winston-Dillard SD 116,300,Debt Service Funds,5400,Resources - Beginning Fund Balance,2362589.2
2018-19,2002,Winston-Dillard SD 116,400,Capital Projects Funds,1930,Rental or Lease Payments from Private Contractors,44400
2018-19,2002,Winston-Dillard SD 116,400,Capital Projects Funds,5200,Interfund Transfers,221000
2018-19,2002,Winston-Dillard SD 116,200,Special Revenue Funds,3102,State School Fund--School Lunch Match,4783.19
2018-19,2002,Winston-Dillard SD 116,200,Special Revenue Funds,3299,Other Restricted Grants-In-Aid,534199.31
2018-19,2002,Winston-Dillard SD 116,200,Special Revenue Funds,4500,Restricted Revenue From Federal Government Through the State,1503142.23
2018-19,2002,Winston-Dillard SD 116,200,Special Revenue Funds,4900,Revenue for/on Behalf of the District,42467.9
2018-19,2002,Winston-Dillard SD 116,200,Special Revenue Funds,5400,Resources - Beginning Fund Balance,212317.12
2018-19,2002,Winston-Dillard SD 116,300,Debt Service Funds,1110,Ad valorem taxes levied by district,936402.22
2018-19,2002,Winston-Dillard SD 116,100,General Fund,5400,Resources - Beginning Fund Balance,3709547.48
2018-19,2002,Winston-Dillard SD 116,200,Special Revenue Funds,1500,Earnings on Investments,15.94
2018-19,2002,Winston-Dillard SD 116,200,Special Revenue Funds,1600,Food Service,59648.18
2018-19,2002,Winston-Dillard SD 116,200,Special Revenue Funds,1920,Contributions and Donations From Private Sources,19271.51
2018-19,2002,Winston-Dillard SD 116,200,Special Revenue Funds,1990,Miscellaneous,38734.08
2018-19,2002,Winston-Dillard SD 116,200,Special Revenue Funds,2200,Restricted Revenue,3099.63
2018-19,2002,Winston-Dillard SD 116,100,General Fund,2200,Restricted Revenue,109730
2018-19,2002,Winston-Dillard SD 116,100,General Fund,3101,State School Fund --General Support,10231037.4
2018-19,2002,Winston-Dillard SD 116,100,General Fund,3103,Common School Fund,232029.67
2018-19,2002,Winston-Dillard SD 116,100,General Fund,3199,Other Unrestricted Grants-In-Aid,64496.25
2018-19,2002,Winston-Dillard SD 116,100,General Fund,4801,Federal Forest Fees,150863.98
2018-19,2002,Winston-Dillard SD 116,100,General Fund,5300,Sale of or Compensation for Loss of Fixed Assets,3563.96
2018-19,2002,Winston-Dillard SD 116,100,General Fund,1500,Earnings on Investments,244906.1
2018-19,2002,Winston-Dillard SD 116,100,General Fund,1700,Extra-Curricular Activities,36320.2
2018-19,2002,Winston-Dillard SD 116,100,General Fund,1950,Textbook Sales and Rentals,13
2018-19,2002,Winston-Dillard SD 116,100,General Fund,1960,Recovery of Prior Years' Expenditure,40320
2018-19,2002,Winston-Dillard SD 116,100,General Fund,1990,Miscellaneous,13381.43
2018-19,2002,Winston-Dillard SD 116,100,General Fund,2101,County School Funds,20252.75
2018-19,2002,Winston-Dillard SD 116,100,General Fund,1110,Ad valorem taxes levied by district,2999010.73
2018-19,2002,Winston-Dillard SD 116,100,General Fund,1330,Summer School Tuition,2160
2018-19,2003,Sutherlin SD 130,100,General Fund,1110,Ad valorem taxes levied by district,2833804
2018-19,2003,Sutherlin SD 130,100,General Fund,1190,Penalties and interest on taxes,22425
2018-19,2003,Sutherlin SD 130,100,General Fund,1330,Summer School Tuition,1575
2018-19,2003,Sutherlin SD 130,100,General Fund,1411,Transportation fees from Individuals,2334
2018-19,2003,Sutherlin SD 130,100,General Fund,1500,Earnings on Investments,121883
2018-19,2003,Sutherlin SD 130,100,General Fund,1700,Extra-Curricular Activities,8562
2018-19,2003,Sutherlin SD 130,300,Debt Service Funds,5200,Interfund Transfers,37500
2018-19,2003,Sutherlin SD 130,300,Debt Service Funds,5400,Resources - Beginning Fund Balance,2370069
2018-19,2003,Sutherlin SD 130,400,Capital Projects Funds,5100,Long Term Debt Financing Sources,0
2018-19,2003,Sutherlin SD 130,400,Capital Projects Funds,5200,Interfund Transfers,40000
2018-19,2003,Sutherlin SD 130,400,Capital Projects Funds,5400,Resources - Beginning Fund Balance,236335
2018-19,2003,Sutherlin SD 130,200,Special Revenue Funds,1700,Extra-Curricular Activities,323848
2018-19,2003,Sutherlin SD 130,300,Debt Service Funds,1110,Ad valorem taxes levied by district,21704
2018-19,2003,Sutherlin SD 130,300,Debt Service Funds,1190,Penalties and interest on taxes,3364
2018-19,2003,Sutherlin SD 130,300,Debt Service Funds,1500,Earnings on Investments,11262
2018-19,2003,Sutherlin SD 130,300,Debt Service Funds,1970,Services Provided Other Funds,1550935
2018-19,2003,Sutherlin SD 130,300,Debt Service Funds,1990,Miscellaneous,30505
2018-19,2003,Sutherlin SD 130,200,Special Revenue Funds,5400,Resources - Beginning Fund Balance,389579
2018-19,2003,Sutherlin SD 130,200,Special Revenue Funds,5200,Interfund Transfers,178000
2018-19,2003,Sutherlin SD 130,200,Special Revenue Funds,5100,Long Term Debt Financing Sources,0
2018-19,2003,Sutherlin SD 130,200,Special Revenue Funds,1600,Food Service,78980
2018-19,2003,Sutherlin SD 130,200,Special Revenue Funds,3102,State School Fund--School Lunch Match,7000
2018-19,2003,Sutherlin SD 130,200,Special Revenue Funds,4900,Revenue for/on Behalf of the District,45046
2018-19,2003,Sutherlin SD 130,200,Special Revenue Funds,1920,Contributions and Donations From Private Sources,66666
2018-19,2003,Sutherlin SD 130,200,Special Revenue Funds,1990,Miscellaneous,18
2018-19,2003,Sutherlin SD 130,200,Special Revenue Funds,2200,Restricted Revenue,1677
2018-19,2003,Sutherlin SD 130,200,Special Revenue Funds,3299,Other Restricted Grants-In-Aid,504425
2018-19,2003,Sutherlin SD 130,200,Special Revenue Funds,4500,Restricted Revenue From Federal Government Through the State,1146566
2018-19,2003,Sutherlin SD 130,200,Special Revenue Funds,4700,Grants-In-Aid From Federal Government Through Other Intermed,16452
2018-19,2003,Sutherlin SD 130,100,General Fund,3103,Common School Fund,132701
2018-19,2003,Sutherlin SD 130,100,General Fund,3199,Other Unrestricted Grants-In-Aid,0
2018-19,2003,Sutherlin SD 130,100,General Fund,4200,Unrestricted Revenue From Federal Government Through State,15535
2018-19,2003,Sutherlin SD 130,100,General Fund,4801,Federal Forest Fees,143802
2018-19,2003,Sutherlin SD 130,100,General Fund,5300,Sale of or Compensation for Loss of Fixed Assets,4501
2018-19,2003,Sutherlin SD 130,100,General Fund,5400,Resources - Beginning Fund Balance,2259599
2018-19,2003,Sutherlin SD 130,100,General Fund,1910,Rentals,4800
2018-19,2003,Sutherlin SD 130,100,General Fund,1920,Contributions and Donations From Private Sources,0
2018-19,2003,Sutherlin SD 130,100,General Fund,1990,Miscellaneous,39603
2018-19,2003,Sutherlin SD 130,100,General Fund,2101,County School Funds,19305
2018-19,2003,Sutherlin SD 130,100,General Fund,2102,General Education Service District Funds,108706
2018-19,2003,Sutherlin SD 130,100,General Fund,3101,State School Fund --General Support,10200034
2018-19,2004,North Central ESD,100,General Fund,1110,Ad valorem taxes levied by district,2675817.44
2018-19,2004,North Central ESD,100,General Fund,1190,Penalties and interest on taxes,16686.69
2018-19,2004,North Central ESD,100,General Fund,1500,Earnings on Investments,34723.23
2018-19,2004,North Central ESD,100,General Fund,1910,Rentals,64145.97
2018-19,2004,North Central ESD,100,General Fund,1940,Services Provided Other Local Education Agencies,40402.72
2018-19,2004,North Central ESD,100,General Fund,1980,Fees Charged to Grants,13490.41
2018-19,2004,North Central ESD,200,Special Revenue Funds,4500,Restricted Revenue From Federal Government Through the State,269964.67
2018-19,2004,North Central ESD,200,Special Revenue Funds,4700,Grants-In-Aid From Federal Government Through Other Intermed,4531.37
2018-19,2004,North Central ESD,200,Special Revenue Funds,5400,Resources - Beginning Fund Balance,21636.28
2018-19,2004,North Central ESD,300,Debt Service Funds,5200,Interfund Transfers,39451
2018-19,2004,North Central ESD,300,Debt Service Funds,5400,Resources - Beginning Fund Balance,39487.52
2018-19,2004,North Central ESD,600,Internal Service Funds,5400,Resources - Beginning Fund Balance,152887.83
2018-19,2004,North Central ESD,100,General Fund,1990,Miscellaneous,26225.73
2018-19,2004,North Central ESD,100,General Fund,2199,Other Intermediate Sources,104345
2018-19,2004,North Central ESD,100,General Fund,3299,Other Restricted Grants-In-Aid,2098
2018-19,2004,North Central ESD,100,General Fund,5400,Resources - Beginning Fund Balance,833008.88
2018-19,2004,North Central ESD,200,Special Revenue Funds,1940,Services Provided Other Local Education Agencies,118419.14
2018-19,2004,North Central ESD,200,Special Revenue Funds,3299,Other Restricted Grants-In-Aid,247802.64
2018-19,2005,Arlington SD 3,100,General Fund,1110,Ad valorem taxes levied by district,1867711.15
2018-19,2005,Arlington SD 3,100,General Fund,1500,Earnings on Investments,49609.36
2018-19,2005,Arlington SD 3,100,General Fund,1920,Contributions and Donations From Private Sources,8412.19
2018-19,2005,Arlington SD 3,100,General Fund,1990,Miscellaneous,7319
2018-19,2005,Arlington SD 3,100,General Fund,2103,Excess ESD Local Revenue,144774.85
2018-19,2005,Arlington SD 3,100,General Fund,3101,State School Fund --General Support,905535.5
2018-19,2005,Arlington SD 3,600,Internal Service Funds,5400,Resources - Beginning Fund Balance,17867.97
2018-19,2005,Arlington SD 3,700,Trust and Agency Funds,1500,Earnings on Investments,2238.3
2018-19,2005,Arlington SD 3,700,Trust and Agency Funds,5400,Resources - Beginning Fund Balance,25962.32
2018-19,2005,Arlington SD 3,100,General Fund,1190,Penalties and interest on taxes,11039.96
2018-19,2005,Arlington SD 3,100,General Fund,1200,Revenue From Local Governmental Units Other Than Districts,469564.02
2018-19,2005,Arlington SD 3,200,Special Revenue Funds,3102,State School Fund--School Lunch Match,999.52
2018-19,2005,Arlington SD 3,200,Special Revenue Funds,3299,Other Restricted Grants-In-Aid,6317.61
2018-19,2005,Arlington SD 3,200,Special Revenue Funds,4300,Restricted Revenue Direct From the Federal Government,17879
2018-19,2005,Arlington SD 3,200,Special Revenue Funds,4500,Restricted Revenue From Federal Government Through the State,139178.66
2018-19,2005,Arlington SD 3,200,Special Revenue Funds,5200,Interfund Transfers,50000
2018-19,2005,Arlington SD 3,200,Special Revenue Funds,5400,Resources - Beginning Fund Balance,61037.14
2018-19,2005,Arlington SD 3,200,Special Revenue Funds,1200,Revenue From Local Governmental Units Other Than Districts,10000
2018-19,2005,Arlington SD 3,200,Special Revenue Funds,1320,Adult/Continuing Education Tuition,2691
2018-19,2005,Arlington SD 3,200,Special Revenue Funds,1500,Earnings on Investments,13.48
2018-19,2005,Arlington SD 3,200,Special Revenue Funds,1600,Food Service,1087.95
2018-19,2005,Arlington SD 3,200,Special Revenue Funds,1700,Extra-Curricular Activities,42733.62
2018-19,2005,Arlington SD 3,200,Special Revenue Funds,1990,Miscellaneous,13000
2018-19,2005,Arlington SD 3,100,General Fund,3103,Common School Fund,10742.24
2018-19,2005,Arlington SD 3,100,General Fund,3299,Other Restricted Grants-In-Aid,64687.73
2018-19,2005,Arlington SD 3,100,General Fund,4500,Restricted Revenue From Federal Government Through the State,1131
2018-19,2005,Arlington SD 3,100,General Fund,4700,Grants-In-Aid From Federal Government Through Other Intermed,6909.13
2018-19,2005,Arlington SD 3,100,General Fund,5100,Long Term Debt Financing Sources,331883
2018-19,2005,Arlington SD 3,100,General Fund,5400,Resources - Beginning Fund Balance,1693702.56
2018-19,2006,Condon SD 25J,100,General Fund,1110,Ad valorem taxes levied by district,588622.57
2018-19,2006,Condon SD 25J,100,General Fund,1120,Local option ad valorem taxes levied by district,5618.95
2018-19,2006,Condon SD 25J,100,General Fund,1500,Earnings on Investments,134624.46
2018-19,2006,Condon SD 25J,100,General Fund,1910,Rentals,25
2018-19,2006,Condon SD 25J,100,General Fund,1920,Contributions and Donations From Private Sources,401314
2018-19,2006,Condon SD 25J,100,General Fund,1940,Services Provided Other Local Education Agencies,17467.91
2018-19,2006,Condon SD 25J,300,Debt Service Funds,5400,Resources - Beginning Fund Balance,-17929.58
2018-19,2006,Condon SD 25J,400,Capital Projects Funds,5200,Interfund Transfers,250000
2018-19,2006,Condon SD 25J,400,Capital Projects Funds,5400,Resources - Beginning Fund Balance,750000
2018-19,2006,Condon SD 25J,600,Internal Service Funds,5200,Interfund Transfers,350000
2018-19,2006,Condon SD 25J,600,Internal Service Funds,5400,Resources - Beginning Fund Balance,943024.5
2018-19,2006,Condon SD 25J,200,Special Revenue Funds,3900,Revenue for/on Behalf of the District,414.6
2018-19,2006,Condon SD 25J,200,Special Revenue Funds,4500,Restricted Revenue From Federal Government Through the State,73227.72
2018-19,2006,Condon SD 25J,200,Special Revenue Funds,5200,Interfund Transfers,70000
2018-19,2006,Condon SD 25J,200,Special Revenue Funds,5400,Resources - Beginning Fund Balance,123863.84
2018-19,2006,Condon SD 25J,300,Debt Service Funds,1110,Ad valorem taxes levied by district,198299.03
2018-19,2006,Condon SD 25J,300,Debt Service Funds,1500,Earnings on Investments,1784.04
2018-19,2006,Condon SD 25J,200,Special Revenue Funds,1600,Food Service,24410.23
2018-19,2006,Condon SD 25J,200,Special Revenue Funds,1700,Extra-Curricular Activities,7532
2018-19,2006,Condon SD 25J,200,Special Revenue Funds,1940,Services Provided Other Local Education Agencies,17979.23
2018-19,2006,Condon SD 25J,200,Special Revenue Funds,1990,Miscellaneous,56266.95
2018-19,2006,Condon SD 25J,200,Special Revenue Funds,2200,Restricted Revenue,50000
2018-19,2006,Condon SD 25J,200,Special Revenue Funds,3299,Other Restricted Grants-In-Aid,47614.66
2018-19,2006,Condon SD 25J,100,General Fund,3299,Other Restricted Grants-In-Aid,5428.4
2018-19,2006,Condon SD 25J,100,General Fund,4300,Restricted Revenue Direct From the Federal Government,14841
2018-19,2006,Condon SD 25J,100,General Fund,4500,Restricted Revenue From Federal Government Through the State,13849.74
2018-19,2006,Condon SD 25J,100,General Fund,4900,Revenue for/on Behalf of the District,4300.8
2018-19,2006,Condon SD 25J,100,General Fund,5200,Interfund Transfers,74519.88
2018-19,2006,Condon SD 25J,100,General Fund,5400,Resources - Beginning Fund Balance,2524369.48
2018-19,2006,Condon SD 25J,100,General Fund,1990,Miscellaneous,4878.26
2018-19,2006,Condon SD 25J,100,General Fund,2103,Excess ESD Local Revenue,123653.38
2018-19,2006,Condon SD 25J,100,General Fund,2200,Restricted Revenue,33457.46
2018-19,2006,Condon SD 25J,100,General Fund,2800,Revenue in Lieu of Taxes,70410.15
2018-19,2006,Condon SD 25J,100,General Fund,3101,State School Fund --General Support,1775069.73
2018-19,2006,Condon SD 25J,100,General Fund,3103,Common School Fund,9200.18
2018-19,2007,Grant ESD,100,General Fund,5400,Resources - Beginning Fund Balance,1444047.64
2018-19,2007,Grant ESD,100,General Fund,1110,Ad valorem taxes levied by district,2190818.33
2018-19,2007,Grant ESD,100,General Fund,1500,Earnings on Investments,62051.2
2018-19,2007,Grant ESD,100,General Fund,1910,Rentals,1575
2018-19,2007,Grant ESD,100,General Fund,1940,Services Provided Other Local Education Agencies,51125
2018-19,2007,Grant ESD,100,General Fund,1990,Miscellaneous,13282.56
2018-19,2007,Grant ESD,200,Special Revenue Funds,4500,Restricted Revenue From Federal Government Through the State,205652.47
2018-19,2007,Grant ESD,100,General Fund,2900,Revenue for/on Behalf of the District,54300
2018-19,2007,Grant ESD,200,Special Revenue Funds,1940,Services Provided Other Local Education Agencies,143222.35
2018-19,2007,Grant ESD,200,Special Revenue Funds,1990,Miscellaneous,62306.16
2018-19,2007,Grant ESD,200,Special Revenue Funds,2199,Other Intermediate Sources,50250
2018-19,2007,Grant ESD,200,Special Revenue Funds,3299,Other Restricted Grants-In-Aid,13443.44
2018-19,2007,Grant ESD,200,Special Revenue Funds,5400,Resources - Beginning Fund Balance,334418.9
2018-19,2008,John Day SD 3,100,General Fund,1110,Ad valorem taxes levied by district,600737.74
2018-19,2008,John Day SD 3,100,General Fund,1500,Earnings on Investments,138868.41
2018-19,2008,John Day SD 3,100,General Fund,1910,Rentals,11949.12
2018-19,2008,John Day SD 3,100,General Fund,1920,Contributions and Donations From Private Sources,3568.85
2018-19,2008,John Day SD 3,100,General Fund,1960,Recovery of Prior Years' Expenditure,46885.81
2018-19,2008,John Day SD 3,100,General Fund,2199,Other Intermediate Sources,240857.34
2018-19,2008,John Day SD 3,100,General Fund,5400,Resources - Beginning Fund Balance,3129604
2018-19,2008,John Day SD 3,200,Special Revenue Funds,5400,Resources - Beginning Fund Balance,686044
2018-19,2008,John Day SD 3,200,Special Revenue Funds,1700,Extra-Curricular Activities,319453.36
2018-19,2008,John Day SD 3,200,Special Revenue Funds,4900,Revenue for/on Behalf of the District,19682
2018-19,2008,John Day SD 3,300,Debt Service Funds,4300,Restricted Revenue Direct From the Federal Government,22925
2018-19,2008,John Day SD 3,400,Capital Projects Funds,5400,Resources - Beginning Fund Balance,219001.08
2018-19,2008,John Day SD 3,100,General Fund,4500,Restricted Revenue From Federal Government Through the State,15592.27
2018-19,2008,John Day SD 3,200,Special Revenue Funds,1920,Contributions and Donations From Private Sources,10729.65
2018-19,2008,John Day SD 3,200,Special Revenue Funds,5100,Long Term Debt Financing Sources,250196
2018-19,2008,John Day SD 3,300,Debt Service Funds,5200,Interfund Transfers,129526
2018-19,2008,John Day SD 3,100,General Fund,2102,General Education Service District Funds,279791
2018-19,2008,John Day SD 3,100,General Fund,3101,State School Fund --General Support,5206211.41
2018-19,2008,John Day SD 3,400,Capital Projects Funds,3299,Other Restricted Grants-In-Aid,785143
2018-19,2008,John Day SD 3,400,Capital Projects Funds,5200,Interfund Transfers,884692
2018-19,2008,John Day SD 3,100,General Fund,2103,Excess ESD Local Revenue,557282.17
2018-19,2008,John Day SD 3,200,Special Revenue Funds,3299,Other Restricted Grants-In-Aid,8016.5
2018-19,2008,John Day SD 3,100,General Fund,1990,Miscellaneous,30392.17
2018-19,2008,John Day SD 3,100,General Fund,3103,Common School Fund,51939.02
2018-19,2008,John Day SD 3,200,Special Revenue Funds,4300,Restricted Revenue Direct From the Federal Government,2855.2
2018-19,2008,John Day SD 3,200,Special Revenue Funds,4500,Restricted Revenue From Federal Government Through the State,465971.08
2018-19,2008,John Day SD 3,200,Special Revenue Funds,5200,Interfund Transfers,215000
2018-19,2008,John Day SD 3,300,Debt Service Funds,1500,Earnings on Investments,-6854.86
2018-19,2008,John Day SD 3,300,Debt Service Funds,1970,Services Provided Other Funds,519130.68
2018-19,2008,John Day SD 3,300,Debt Service Funds,5400,Resources - Beginning Fund Balance,1644843.08
2018-19,2008,John Day SD 3,100,General Fund,3199,Other Unrestricted Grants-In-Aid,52610.28
2018-19,2008,John Day SD 3,100,General Fund,3299,Other Restricted Grants-In-Aid,110197.87
2018-19,2008,John Day SD 3,100,General Fund,4801,Federal Forest Fees,432934.64
2018-19,2008,John Day SD 3,200,Special Revenue Funds,1600,Food Service,86084.47
2018-19,2008,John Day SD 3,200,Special Revenue Funds,1990,Miscellaneous,11278.84
2018-19,2008,John Day SD 3,200,Special Revenue Funds,3222,State School Fund (SSF) Transportation Equipment,82192
2018-19,2009,Prairie City SD 4,100,General Fund,5400,Resources - Beginning Fund Balance,992730.64
2018-19,2009,Prairie City SD 4,100,General Fund,1110,Ad valorem taxes levied by district,140502.96
2018-19,2009,Prairie City SD 4,100,General Fund,1500,Earnings on Investments,31140.1
2018-19,2009,Prairie City SD 4,100,General Fund,1700,Extra-Curricular Activities,3359
2018-19,2009,Prairie City SD 4,100,General Fund,1910,Rentals,18945.84
2018-19,2009,Prairie City SD 4,100,General Fund,1980,Fees Charged to Grants,15402
2018-19,2009,Prairie City SD 4,300,Debt Service Funds,5400,Resources - Beginning Fund Balance,38747.3
2018-19,2009,Prairie City SD 4,700,Trust and Agency Funds,5400,Resources - Beginning Fund Balance,27253.82
2018-19,2009,Prairie City SD 4,300,Debt Service Funds,1110,Ad valorem taxes levied by district,333.03
2018-19,2009,Prairie City SD 4,300,Debt Service Funds,1500,Earnings on Investments,155.22
2018-19,2009,Prairie City SD 4,300,Debt Service Funds,1970,Services Provided Other Funds,26136.04
2018-19,2009,Prairie City SD 4,300,Debt Service Funds,5100,Long Term Debt Financing Sources,1050000
2018-19,2009,Prairie City SD 4,700,Trust and Agency Funds,1500,Earnings on Investments,4.87
2018-19,2009,Prairie City SD 4,200,Special Revenue Funds,5400,Resources - Beginning Fund Balance,54009.94
2018-19,2009,Prairie City SD 4,200,Special Revenue Funds,1990,Miscellaneous,87751
2018-19,2009,Prairie City SD 4,200,Special Revenue Funds,2110,Intermediate 'I' Tax,11750
2018-19,2009,Prairie City SD 4,200,Special Revenue Funds,3299,Other Restricted Grants-In-Aid,190275.75
2018-19,2009,Prairie City SD 4,200,Special Revenue Funds,4500,Restricted Revenue From Federal Government Through the State,149406.94
2018-19,2009,Prairie City SD 4,200,Special Revenue Funds,4900,Revenue for/on Behalf of the District,5115.53
2018-19,2009,Prairie City SD 4,200,Special Revenue Funds,5200,Interfund Transfers,24445.46
2018-19,2009,Prairie City SD 4,100,General Fund,3103,Common School Fund,11902.22
2018-19,2009,Prairie City SD 4,100,General Fund,3299,Other Restricted Grants-In-Aid,14357.71
2018-19,2009,Prairie City SD 4,100,General Fund,4500,Restricted Revenue From Federal Government Through the State,180
2018-19,2009,Prairie City SD 4,100,General Fund,4801,Federal Forest Fees,161485.65
2018-19,2009,Prairie City SD 4,200,Special Revenue Funds,1500,Earnings on Investments,13.56
2018-19,2009,Prairie City SD 4,200,Special Revenue Funds,1600,Food Service,16695.64
2018-19,2009,Prairie City SD 4,100,General Fund,1990,Miscellaneous,55691.69
2018-19,2009,Prairie City SD 4,100,General Fund,2101,County School Funds,1330
2018-19,2009,Prairie City SD 4,100,General Fund,2102,General Education Service District Funds,37104.53
2018-19,2009,Prairie City SD 4,100,General Fund,2103,Excess ESD Local Revenue,198763.14
2018-19,2009,Prairie City SD 4,100,General Fund,2110,Intermediate 'I' Tax,64647.16
2018-19,2009,Prairie City SD 4,100,General Fund,3101,State School Fund --General Support,1965310.63
2018-19,2010,Monument SD 8,200,Special Revenue Funds,5400,Resources - Beginning Fund Balance,683918.22
2018-19,2010,Monument SD 8,100,General Fund,1110,Ad valorem taxes levied by district,91721.78
2018-19,2010,Monument SD 8,100,General Fund,1500,Earnings on Investments,36840.04
2018-19,2010,Monument SD 8,100,General Fund,1910,Rentals,600
2018-19,2010,Monument SD 8,100,General Fund,1920,Contributions and Donations From Private Sources,41700
2018-19,2010,Monument SD 8,100,General Fund,1990,Miscellaneous,6750.35
2018-19,2010,Monument SD 8,700,Trust and Agency Funds,1500,Earnings on Investments,2053.29
2018-19,2010,Monument SD 8,700,Trust and Agency Funds,5400,Resources - Beginning Fund Balance,21287.04
2018-19,2010,Monument SD 8,100,General Fund,5400,Resources - Beginning Fund Balance,1304435.32
2018-19,2010,Monument SD 8,200,Special Revenue Funds,4300,Restricted Revenue Direct From the Federal Government,3651.67
2018-19,2010,Monument SD 8,200,Special Revenue Funds,4500,Restricted Revenue From Federal Government Through the State,55979.69
2018-19,2010,Monument SD 8,200,Special Revenue Funds,4900,Revenue for/on Behalf of the District,2276.28
2018-19,2010,Monument SD 8,200,Special Revenue Funds,5200,Interfund Transfers,10224.51
2018-19,2010,Monument SD 8,300,Debt Service Funds,1500,Earnings on Investments,1145030.33
2018-19,2010,Monument SD 8,300,Debt Service Funds,1970,Services Provided Other Funds,38212.42
2018-19,2010,Monument SD 8,200,Special Revenue Funds,1500,Earnings on Investments,17746.33
2018-19,2010,Monument SD 8,200,Special Revenue Funds,1600,Food Service,6691
2018-19,2010,Monument SD 8,200,Special Revenue Funds,1700,Extra-Curricular Activities,33609.01
2018-19,2010,Monument SD 8,200,Special Revenue Funds,1990,Miscellaneous,501.88
2018-19,2010,Monument SD 8,200,Special Revenue Funds,2900,Revenue for/on Behalf of the District,9000
2018-19,2010,Monument SD 8,200,Special Revenue Funds,3299,Other Restricted Grants-In-Aid,24676.61
2018-19,2010,Monument SD 8,100,General Fund,2101,County School Funds,480
2018-19,2010,Monument SD 8,100,General Fund,2103,Excess ESD Local Revenue,95069.49
2018-19,2010,Monument SD 8,100,General Fund,2199,Other Intermediate Sources,20738.14
2018-19,2010,Monument SD 8,100,General Fund,3101,State School Fund --General Support,932250.22
2018-19,2010,Monument SD 8,100,General Fund,3103,Common School Fund,4066.84
2018-19,2010,Monument SD 8,100,General Fund,4801,Federal Forest Fees,75965.79
2018-19,2011,Dayville SD 16J,100,General Fund,1500,Earnings on Investments,16909.2
2018-19,2011,Dayville SD 16J,100,General Fund,1800,Community Services Activities,9511.8
2018-19,2011,Dayville SD 16J,100,General Fund,1960,Recovery of Prior Years' Expenditure,572.2
2018-19,2011,Dayville SD 16J,100,General Fund,1990,Miscellaneous,3682.76
2018-19,2011,Dayville SD 16J,100,General Fund,2101,County School Funds,480
2018-19,2011,Dayville SD 16J,100,General Fund,2103,Excess ESD Local Revenue,14002.76
2018-19,2011,Dayville SD 16J,500,Enterprise Funds,5400,Resources - Beginning Fund Balance,8180.25
2018-19,2011,Dayville SD 16J,100,General Fund,1110,Ad valorem taxes levied by district,71901.14
2018-19,2011,Dayville SD 16J,200,Special Revenue Funds,5200,Interfund Transfers,26982.7
2018-19,2011,Dayville SD 16J,200,Special Revenue Funds,5400,Resources - Beginning Fund Balance,53380.15
2018-19,2011,Dayville SD 16J,400,Capital Projects Funds,3299,Other Restricted Grants-In-Aid,45000
2018-19,2011,Dayville SD 16J,400,Capital Projects Funds,5200,Interfund Transfers,35000
2018-19,2011,Dayville SD 16J,400,Capital Projects Funds,5400,Resources - Beginning Fund Balance,111728.95
2018-19,2011,Dayville SD 16J,500,Enterprise Funds,5200,Interfund Transfers,2000
2018-19,2011,Dayville SD 16J,100,General Fund,4801,Federal Forest Fees,69820.03
2018-19,2011,Dayville SD 16J,100,General Fund,5400,Resources - Beginning Fund Balance,472857.27
2018-19,2011,Dayville SD 16J,200,Special Revenue Funds,1600,Food Service,9481.95
2018-19,2011,Dayville SD 16J,200,Special Revenue Funds,1700,Extra-Curricular Activities,12311.07
2018-19,2011,Dayville SD 16J,200,Special Revenue Funds,2199,Other Intermediate Sources,7000
2018-19,2011,Dayville SD 16J,200,Special Revenue Funds,4500,Restricted Revenue From Federal Government Through the State,70907.39
2018-19,2011,Dayville SD 16J,100,General Fund,2199,Other Intermediate Sources,19515.58
2018-19,2011,Dayville SD 16J,100,General Fund,2900,Revenue for/on Behalf of the District,2224.98
2018-19,2011,Dayville SD 16J,100,General Fund,3101,State School Fund --General Support,864100.3
2018-19,2011,Dayville SD 16J,100,General Fund,3103,Common School Fund,3960.12
2018-19,2011,Dayville SD 16J,100,General Fund,3199,Other Unrestricted Grants-In-Aid,1628.43
2018-19,2011,Dayville SD 16J,100,General Fund,3299,Other Restricted Grants-In-Aid,16053.82
2018-19,2012,Long Creek SD 17,100,General Fund,5300,Sale of or Compensation for Loss of Fixed Assets,10470
2018-19,2012,Long Creek SD 17,100,General Fund,5400,Resources - Beginning Fund Balance,512982.76
2018-19,2012,Long Creek SD 17,200,Special Revenue Funds,1600,Food Service,560
2018-19,2012,Long Creek SD 17,200,Special Revenue Funds,1700,Extra-Curricular Activities,3220.75
2018-19,2012,Long Creek SD 17,200,Special Revenue Funds,1910,Rentals,17502.44
2018-19,2012,Long Creek SD 17,200,Special Revenue Funds,1990,Miscellaneous,1900
2018-19,2012,Long Creek SD 17,100,General Fund,2102,General Education Service District Funds,330
2018-19,2012,Long Creek SD 17,100,General Fund,2103,Excess ESD Local Revenue,54927.53
2018-19,2012,Long Creek SD 17,100,General Fund,3101,State School Fund --General Support,844549.96
2018-19,2012,Long Creek SD 17,100,General Fund,3103,Common School Fund,2501.43
2018-19,2012,Long Creek SD 17,100,General Fund,3299,Other Restricted Grants-In-Aid,1428.52
2018-19,2012,Long Creek SD 17,100,General Fund,4801,Federal Forest Fees,62090.87
2018-19,2012,Long Creek SD 17,200,Special Revenue Funds,5100,Long Term Debt Financing Sources,100000
2018-19,2012,Long Creek SD 17,200,Special Revenue Funds,5200,Interfund Transfers,68573
2018-19,2012,Long Creek SD 17,200,Special Revenue Funds,5400,Resources - Beginning Fund Balance,80073.27
2018-19,2012,Long Creek SD 17,100,General Fund,1110,Ad valorem taxes levied by district,78402.6
2018-19,2012,Long Creek SD 17,100,General Fund,1500,Earnings on Investments,17947.59
2018-19,2012,Long Creek SD 17,100,General Fund,1990,Miscellaneous,14005.25
2018-19,2012,Long Creek SD 17,200,Special Revenue Funds,2199,Other Intermediate Sources,12927.78
2018-19,2012,Long Creek SD 17,200,Special Revenue Funds,2200,Restricted Revenue,10000
2018-19,2012,Long Creek SD 17,200,Special Revenue Funds,4500,Restricted Revenue From Federal Government Through the State,48472.18
2018-19,2012,Long Creek SD 17,200,Special Revenue Funds,4900,Revenue for/on Behalf of the District,1598.79
2018-19,2013,Harney ESD Region XVII,200,Special Revenue Funds,4300,Restricted Revenue Direct From the Federal Government,214489
2018-19,2013,Harney ESD Region XVII,100,General Fund,1110,Ad valorem taxes levied by district,496295.58
2018-19,2013,Harney ESD Region XVII,200,Special Revenue Funds,4500,Restricted Revenue From Federal Government Through the State,60744
2018-19,2013,Harney ESD Region XVII,200,Special Revenue Funds,3199,Other Unrestricted Grants-In-Aid,100000
2018-19,2013,Harney ESD Region XVII,200,Special Revenue Funds,3299,Other Restricted Grants-In-Aid,948063
2018-19,2013,Harney ESD Region XVII,500,Enterprise Funds,1200,Revenue From Local Governmental Units Other Than Districts,0
2018-19,2013,Harney ESD Region XVII,500,Enterprise Funds,1800,Community Services Activities,0
2018-19,2013,Harney ESD Region XVII,500,Enterprise Funds,1940,Services Provided Other Local Education Agencies,0
2018-19,2013,Harney ESD Region XVII,500,Enterprise Funds,1990,Miscellaneous,0
2018-19,2013,Harney ESD Region XVII,500,Enterprise Funds,5300,Sale of or Compensation for Loss of Fixed Assets,0
2018-19,2013,Harney ESD Region XVII,500,Enterprise Funds,5400,Resources - Beginning Fund Balance,494462.87
2018-19,2013,Harney ESD Region XVII,200,Special Revenue Funds,5200,Interfund Transfers,508226.23
2018-19,2013,Harney ESD Region XVII,200,Special Revenue Funds,5400,Resources - Beginning Fund Balance,532601.46
2018-19,2013,Harney ESD Region XVII,300,Debt Service Funds,5400,Resources - Beginning Fund Balance,0
2018-19,2013,Harney ESD Region XVII,400,Capital Projects Funds,1990,Miscellaneous,0
2018-19,2013,Harney ESD Region XVII,400,Capital Projects Funds,5200,Interfund Transfers,35000
2018-19,2013,Harney ESD Region XVII,400,Capital Projects Funds,5400,Resources - Beginning Fund Balance,326191.91
2018-19,2013,Harney ESD Region XVII,100,General Fund,5400,Resources - Beginning Fund Balance,687190.39
2018-19,2013,Harney ESD Region XVII,200,Special Revenue Funds,1311,Tuition from Individuals,7200
2018-19,2013,Harney ESD Region XVII,200,Special Revenue Funds,1800,Community Services Activities,9824.79
2018-19,2013,Harney ESD Region XVII,200,Special Revenue Funds,1940,Services Provided Other Local Education Agencies,275192.29
2018-19,2013,Harney ESD Region XVII,200,Special Revenue Funds,1990,Miscellaneous,115564.93
2018-19,2013,Harney ESD Region XVII,200,Special Revenue Funds,2199,Other Intermediate Sources,140280.32
2018-19,2013,Harney ESD Region XVII,100,General Fund,1940,Services Provided Other Local Education Agencies,201543.58
2018-19,2013,Harney ESD Region XVII,100,General Fund,1970,Services Provided Other Funds,0
2018-19,2013,Harney ESD Region XVII,100,General Fund,1980,Fees Charged to Grants,58095.6
2018-19,2013,Harney ESD Region XVII,100,General Fund,1990,Miscellaneous,45889.61
2018-19,2013,Harney ESD Region XVII,100,General Fund,3101,State School Fund --General Support,842528
2018-19,2013,Harney ESD Region XVII,100,General Fund,5200,Interfund Transfers,0
2018-19,2013,Harney ESD Region XVII,100,General Fund,1500,Earnings on Investments,46059.57
2018-19,2013,Harney ESD Region XVII,100,General Fund,1910,Rentals,1400
2018-19,2014,Harney County SD 3,100,General Fund,1110,Ad valorem taxes levied by district,1729825.43
2018-19,2014,Harney County SD 3,100,General Fund,1500,Earnings on Investments,105110.18
2018-19,2014,Harney County SD 3,100,General Fund,1920,Contributions and Donations From Private Sources,5350
2018-19,2014,Harney County SD 3,100,General Fund,1960,Recovery of Prior Years' Expenditure,4742.47
2018-19,2014,Harney County SD 3,100,General Fund,1980,Fees Charged to Grants,36341.19
2018-19,2014,Harney County SD 3,100,General Fund,1990,Miscellaneous,41294.62
2018-19,2014,Harney County SD 3,400,Capital Projects Funds,5100,Long Term Debt Financing Sources,170000
2018-19,2014,Harney County SD 3,400,Capital Projects Funds,5200,Interfund Transfers,150000
2018-19,2014,Harney County SD 3,400,Capital Projects Funds,5400,Resources - Beginning Fund Balance,341763.09
2018-19,2014,Harney County SD 3,700,Trust and Agency Funds,1600,Food Service,380
2018-19,2014,Harney County SD 3,700,Trust and Agency Funds,5400,Resources - Beginning Fund Balance,1270.04
2018-19,2014,Harney County SD 3,200,Special Revenue Funds,5400,Resources - Beginning Fund Balance,132841.73
2018-19,2014,Harney County SD 3,300,Debt Service Funds,1110,Ad valorem taxes levied by district,209252.72
2018-19,2014,Harney County SD 3,300,Debt Service Funds,1500,Earnings on Investments,10845.91
2018-19,2014,Harney County SD 3,300,Debt Service Funds,1970,Services Provided Other Funds,1066963.73
2018-19,2014,Harney County SD 3,300,Debt Service Funds,5400,Resources - Beginning Fund Balance,80251.06
2018-19,2014,Harney County SD 3,400,Capital Projects Funds,1920,Contributions and Donations From Private Sources,62831.5
2018-19,2014,Harney County SD 3,200,Special Revenue Funds,3222,State School Fund (SSF) Transportation Equipment,63714
2018-19,2014,Harney County SD 3,200,Special Revenue Funds,3299,Other Restricted Grants-In-Aid,742416.74
2018-19,2014,Harney County SD 3,200,Special Revenue Funds,4300,Restricted Revenue Direct From the Federal Government,9552
2018-19,2014,Harney County SD 3,200,Special Revenue Funds,4500,Restricted Revenue From Federal Government Through the State,808828.67
2018-19,2014,Harney County SD 3,200,Special Revenue Funds,4900,Revenue for/on Behalf of the District,11046.59
2018-19,2014,Harney County SD 3,200,Special Revenue Funds,5200,Interfund Transfers,304948.59
2018-19,2014,Harney County SD 3,100,General Fund,5400,Resources - Beginning Fund Balance,2567236.75
2018-19,2014,Harney County SD 3,200,Special Revenue Funds,1600,Food Service,34046.37
2018-19,2014,Harney County SD 3,200,Special Revenue Funds,1700,Extra-Curricular Activities,70452.75
2018-19,2014,Harney County SD 3,200,Special Revenue Funds,1920,Contributions and Donations From Private Sources,550
2018-19,2014,Harney County SD 3,200,Special Revenue Funds,1990,Miscellaneous,46810.43
2018-19,2014,Harney County SD 3,200,Special Revenue Funds,3102,State School Fund--School Lunch Match,6947.4
2018-19,2014,Harney County SD 3,100,General Fund,2101,County School Funds,7838.73
2018-19,2014,Harney County SD 3,100,General Fund,3101,State School Fund --General Support,6880215.02
2018-19,2014,Harney County SD 3,100,General Fund,3103,Common School Fund,78083.92
2018-19,2014,Harney County SD 3,100,General Fund,3299,Other Restricted Grants-In-Aid,31902.62
2018-19,2014,Harney County SD 3,100,General Fund,4700,Grants-In-Aid From Federal Government Through Other Intermed,3619.48
2018-19,2014,Harney County SD 3,100,General Fund,4801,Federal Forest Fees,169035.95
2018-19,2015,Harney County SD 4,100,General Fund,1110,Ad valorem taxes levied by district,220231.85
2018-19,2015,Harney County SD 4,100,General Fund,1190,Penalties and interest on taxes,0
2018-19,2015,Harney County SD 4,100,General Fund,1500,Earnings on Investments,29558.59
2018-19,2015,Harney County SD 4,100,General Fund,1700,Extra-Curricular Activities,0
2018-19,2015,Harney County SD 4,100,General Fund,1990,Miscellaneous,3850.42
2018-19,2015,Harney County SD 4,100,General Fund,2900,Revenue for/on Behalf of the District,892.46
2018-19,2015,Harney County SD 4,700,Trust and Agency Funds,1990,Miscellaneous,5331.68
2018-19,2015,Harney County SD 4,700,Trust and Agency Funds,5400,Resources - Beginning Fund Balance,10296.51
2018-19,2015,Harney County SD 4,200,Special Revenue Funds,4900,Revenue for/on Behalf of the District,3773.42
2018-19,2015,Harney County SD 4,200,Special Revenue Funds,5200,Interfund Transfers,70000
2018-19,2015,Harney County SD 4,200,Special Revenue Funds,5400,Resources - Beginning Fund Balance,125028.19
2018-19,2015,Harney County SD 4,400,Capital Projects Funds,5200,Interfund Transfers,90000
2018-19,2015,Harney County SD 4,400,Capital Projects Funds,5400,Resources - Beginning Fund Balance,102485.83
2018-19,2015,Harney County SD 4,700,Trust and Agency Funds,1500,Earnings on Investments,5.24
2018-19,2015,Harney County SD 4,200,Special Revenue Funds,1600,Food Service,16286.8
2018-19,2015,Harney County SD 4,200,Special Revenue Funds,1910,Rentals,5100
2018-19,2015,Harney County SD 4,200,Special Revenue Funds,3102,State School Fund--School Lunch Match,1306.8
2018-19,2015,Harney County SD 4,200,Special Revenue Funds,3299,Other Restricted Grants-In-Aid,21.6
2018-19,2015,Harney County SD 4,200,Special Revenue Funds,4300,Restricted Revenue Direct From the Federal Government,8378.81
2018-19,2015,Harney County SD 4,200,Special Revenue Funds,4500,Restricted Revenue From Federal Government Through the State,61434.32
2018-19,2015,Harney County SD 4,100,General Fund,3101,State School Fund --General Support,3307765.61
2018-19,2015,Harney County SD 4,100,General Fund,3103,Common School Fund,7822.82
2018-19,2015,Harney County SD 4,100,General Fund,3299,Other Restricted Grants-In-Aid,10000
2018-19,2015,Harney County SD 4,100,General Fund,4100,Unrestricted Revenue Direct From the Federal Government,10011.14
2018-19,2015,Harney County SD 4,100,General Fund,4801,Federal Forest Fees,61663.63
2018-19,2015,Harney County SD 4,100,General Fund,5400,Resources - Beginning Fund Balance,1094669.19
2018-19,2016,Pine Creek SD 5,200,Special Revenue Funds,4500,Restricted Revenue From Federal Government Through the State,13783.42
2018-19,2016,Pine Creek SD 5,200,Special Revenue Funds,5400,Resources - Beginning Fund Balance,-1847.64
2018-19,2016,Pine Creek SD 5,100,General Fund,1990,Miscellaneous,1001
2018-19,2016,Pine Creek SD 5,100,General Fund,3101,State School Fund --General Support,255016.68
2018-19,2016,Pine Creek SD 5,100,General Fund,3103,Common School Fund,526.05
2018-19,2016,Pine Creek SD 5,100,General Fund,3299,Other Restricted Grants-In-Aid,2600
2018-19,2016,Pine Creek SD 5,100,General Fund,4801,Federal Forest Fees,5110.69
2018-19,2016,Pine Creek SD 5,100,General Fund,5400,Resources - Beginning Fund Balance,445582.36
2018-19,2016,Pine Creek SD 5,100,General Fund,1110,Ad valorem taxes levied by district,25405.4
2018-19,2016,Pine Creek SD 5,100,General Fund,1500,Earnings on Investments,13677.82
2018-19,2017,Diamond SD 7,100,General Fund,1500,Earnings on Investments,6700.98
2018-19,2017,Diamond SD 7,100,General Fund,1110,Ad valorem taxes levied by district,33892.36
2018-19,2017,Diamond SD 7,100,General Fund,1990,Miscellaneous,3059.72
2018-19,2017,Diamond SD 7,100,General Fund,5400,Resources - Beginning Fund Balance,222142.53
2018-19,2017,Diamond SD 7,200,Special Revenue Funds,4300,Restricted Revenue Direct From the Federal Government,5983.89
2018-19,2017,Diamond SD 7,400,Capital Projects Funds,5200,Interfund Transfers,50000
2018-19,2017,Diamond SD 7,200,Special Revenue Funds,5200,Interfund Transfers,5000
2018-19,2017,Diamond SD 7,400,Capital Projects Funds,5400,Resources - Beginning Fund Balance,187770
2018-19,2017,Diamond SD 7,100,General Fund,3101,State School Fund --General Support,236751.33
2018-19,2017,Diamond SD 7,100,General Fund,4100,Unrestricted Revenue Direct From the Federal Government,5268.48
2018-19,2017,Diamond SD 7,100,General Fund,3103,Common School Fund,423.38
2018-19,2017,Diamond SD 7,100,General Fund,4801,Federal Forest Fees,4865.05
2018-19,2017,Diamond SD 7,400,Capital Projects Funds,1500,Earnings on Investments,5393.79
2018-19,2018,Suntex SD 10,100,General Fund,1110,Ad valorem taxes levied by district,29254.79
2018-19,2018,Suntex SD 10,100,General Fund,1500,Earnings on Investments,8751.26
2018-19,2018,Suntex SD 10,100,General Fund,1990,Miscellaneous,3409.98
2018-19,2018,Suntex SD 10,100,General Fund,3101,State School Fund --General Support,253837
2018-19,2018,Suntex SD 10,100,General Fund,3103,Common School Fund,903.64
2018-19,2018,Suntex SD 10,100,General Fund,3299,Other Restricted Grants-In-Aid,1162.48
2018-19,2018,Suntex SD 10,400,Capital Projects Funds,1990,Miscellaneous,12.8
2018-19,2018,Suntex SD 10,400,Capital Projects Funds,5400,Resources - Beginning Fund Balance,5798.19
2018-19,2018,Suntex SD 10,100,General Fund,4801,Federal Forest Fees,5784.64
2018-19,2018,Suntex SD 10,100,General Fund,5400,Resources - Beginning Fund Balance,264600.82
2018-19,2018,Suntex SD 10,200,Special Revenue Funds,1990,Miscellaneous,3820.76
2018-19,2018,Suntex SD 10,200,Special Revenue Funds,4500,Restricted Revenue From Federal Government Through the State,17998.31
2018-19,2018,Suntex SD 10,200,Special Revenue Funds,5400,Resources - Beginning Fund Balance,1399.86
2018-19,2018,Suntex SD 10,400,Capital Projects Funds,1500,Earnings on Investments,142.96
2018-19,2019,Drewsey SD 13,100,General Fund,1110,Ad valorem taxes levied by district,40922.17
2018-19,2019,Drewsey SD 13,100,General Fund,1500,Earnings on Investments,5315.29
2018-19,2019,Drewsey SD 13,100,General Fund,1990,Miscellaneous,975
2018-19,2019,Drewsey SD 13,100,General Fund,3101,State School Fund --General Support,251657.89
2018-19,2019,Drewsey SD 13,100,General Fund,3103,Common School Fund,632.85
2018-19,2019,Drewsey SD 13,100,General Fund,4801,Federal Forest Fees,5106.08
2018-19,2019,Drewsey SD 13,100,General Fund,5400,Resources - Beginning Fund Balance,378185.46
2018-19,2019,Drewsey SD 13,200,Special Revenue Funds,1910,Rentals,75
2018-19,2019,Drewsey SD 13,200,Special Revenue Funds,4300,Restricted Revenue Direct From the Federal Government,9541.11
2018-19,2019,Drewsey SD 13,200,Special Revenue Funds,5400,Resources - Beginning Fund Balance,1416.91
2018-19,2019,Drewsey SD 13,400,Capital Projects Funds,1500,Earnings on Investments,1365.3
2018-19,2019,Drewsey SD 13,400,Capital Projects Funds,5400,Resources - Beginning Fund Balance,115556.57
2018-19,2020,Frenchglen SD 16,100,General Fund,4801,Federal Forest Fees,73961.04
2018-19,2020,Frenchglen SD 16,400,Capital Projects Funds,5200,Interfund Transfers,130000
2018-19,2020,Frenchglen SD 16,200,Special Revenue Funds,5400,Resources - Beginning Fund Balance,-11399
2018-19,2020,Frenchglen SD 16,100,General Fund,1500,Earnings on Investments,31750.59
2018-19,2020,Frenchglen SD 16,100,General Fund,1960,Recovery of Prior Years' Expenditure,98031.04
2018-19,2020,Frenchglen SD 16,100,General Fund,1990,Miscellaneous,6876.21
2018-19,2020,Frenchglen SD 16,100,General Fund,4100,Unrestricted Revenue Direct From the Federal Government,15825.7
2018-19,2020,Frenchglen SD 16,100,General Fund,3101,State School Fund --General Support,3743447.34
2018-19,2020,Frenchglen SD 16,100,General Fund,1110,Ad valorem taxes levied by district,7545.32
2018-19,2020,Frenchglen SD 16,100,General Fund,3103,Common School Fund,11353.82
2018-19,2020,Frenchglen SD 16,100,General Fund,3299,Other Restricted Grants-In-Aid,41246.41
2018-19,2020,Frenchglen SD 16,200,Special Revenue Funds,4500,Restricted Revenue From Federal Government Through the State,12023.4
2018-19,2020,Frenchglen SD 16,400,Capital Projects Funds,5400,Resources - Beginning Fund Balance,56347
2018-19,2020,Frenchglen SD 16,400,Capital Projects Funds,1500,Earnings on Investments,4940.09
2018-19,2020,Frenchglen SD 16,100,General Fund,5400,Resources - Beginning Fund Balance,963009.39
2018-19,2021,Double O SD 28,100,General Fund,5400,Resources - Beginning Fund Balance,480716.2
2018-19,2021,Double O SD 28,100,General Fund,1110,Ad valorem taxes levied by district,4226.1
2018-19,2021,Double O SD 28,100,General Fund,1990,Miscellaneous,1160.2
2018-19,2021,Double O SD 28,100,General Fund,3103,Common School Fund,245.75
2018-19,2021,Double O SD 28,100,General Fund,3299,Other Restricted Grants-In-Aid,1284.26
2018-19,2021,Double O SD 28,100,General Fund,4100,Unrestricted Revenue Direct From the Federal Government,9444.9
2018-19,2021,Double O SD 28,200,Special Revenue Funds,5400,Resources - Beginning Fund Balance,2043.33
2018-19,2021,Double O SD 28,200,Special Revenue Funds,1990,Miscellaneous,1142.8
2018-19,2021,Double O SD 28,400,Capital Projects Funds,1500,Earnings on Investments,692.92
2018-19,2021,Double O SD 28,400,Capital Projects Funds,5200,Interfund Transfers,5000
2018-19,2021,Double O SD 28,100,General Fund,4801,Federal Forest Fees,4511.96
2018-19,2021,Double O SD 28,100,General Fund,1500,Earnings on Investments,13307.84
2018-19,2021,Double O SD 28,400,Capital Projects Funds,5400,Resources - Beginning Fund Balance,24896.31
2018-19,2021,Double O SD 28,100,General Fund,3101,State School Fund --General Support,208838.55
2018-19,2021,Double O SD 28,200,Special Revenue Funds,4500,Restricted Revenue From Federal Government Through the State,12904.68
2018-19,2021,Double O SD 28,400,Capital Projects Funds,1990,Miscellaneous,224.5
2018-19,2022,South Harney SD 33,100,General Fund,3103,Common School Fund,1035
2018-19,2022,South Harney SD 33,100,General Fund,4500,Restricted Revenue From Federal Government Through the State,6900
2018-19,2022,South Harney SD 33,400,Capital Projects Funds,1500,Earnings on Investments,817
2018-19,2022,South Harney SD 33,100,General Fund,1110,Ad valorem taxes levied by district,28618
2018-19,2022,South Harney SD 33,100,General Fund,4801,Federal Forest Fees,6366
2018-19,2022,South Harney SD 33,100,General Fund,5400,Resources - Beginning Fund Balance,168166
2018-19,2022,South Harney SD 33,200,Special Revenue Funds,5400,Resources - Beginning Fund Balance,-2400
2018-19,2022,South Harney SD 33,400,Capital Projects Funds,5200,Interfund Transfers,12790
2018-19,2022,South Harney SD 33,100,General Fund,1500,Earnings on Investments,5055
2018-19,2022,South Harney SD 33,100,General Fund,1990,Miscellaneous,9050
2018-19,2022,South Harney SD 33,100,General Fund,3101,State School Fund --General Support,430525
2018-19,2022,South Harney SD 33,200,Special Revenue Funds,4500,Restricted Revenue From Federal Government Through the State,22817
2018-19,2022,South Harney SD 33,200,Special Revenue Funds,1990,Miscellaneous,2400
2018-19,2022,South Harney SD 33,400,Capital Projects Funds,5400,Resources - Beginning Fund Balance,20850
2018-19,2023,Harney County Union High SD 1J,700,Trust and Agency Funds,5400,Resources - Beginning Fund Balance,769257.39
2018-19,2023,Harney County Union High SD 1J,400,Capital Projects Funds,5200,Interfund Transfers,70000
2018-19,2023,Harney County Union High SD 1J,700,Trust and Agency Funds,1500,Earnings on Investments,34989
2018-19,2023,Harney County Union High SD 1J,200,Special Revenue Funds,3299,Other Restricted Grants-In-Aid,67378.32
2018-19,2023,Harney County Union High SD 1J,200,Special Revenue Funds,4100,Unrestricted Revenue Direct From the Federal Government,21394.15
2018-19,2023,Harney County Union High SD 1J,200,Special Revenue Funds,4300,Restricted Revenue Direct From the Federal Government,15763.86
2018-19,2023,Harney County Union High SD 1J,200,Special Revenue Funds,4900,Revenue for/on Behalf of the District,2792.09
2018-19,2023,Harney County Union High SD 1J,200,Special Revenue Funds,5200,Interfund Transfers,12000
2018-19,2023,Harney County Union High SD 1J,700,Trust and Agency Funds,1920,Contributions and Donations From Private Sources,67847.32
2018-19,2023,Harney County Union High SD 1J,100,General Fund,1910,Rentals,10500
2018-19,2023,Harney County Union High SD 1J,100,General Fund,2200,Restricted Revenue,10000
2018-19,2023,Harney County Union High SD 1J,100,General Fund,2900,Revenue for/on Behalf of the District,1968.33
2018-19,2023,Harney County Union High SD 1J,100,General Fund,4100,Unrestricted Revenue Direct From the Federal Government,25280.66
2018-19,2023,Harney County Union High SD 1J,200,Special Revenue Funds,1600,Food Service,58251.8
2018-19,2023,Harney County Union High SD 1J,200,Special Revenue Funds,3102,State School Fund--School Lunch Match,548.4
2018-19,2023,Harney County Union High SD 1J,100,General Fund,5400,Resources - Beginning Fund Balance,760488.55
2018-19,2023,Harney County Union High SD 1J,200,Special Revenue Funds,1990,Miscellaneous,1155.67
2018-19,2023,Harney County Union High SD 1J,200,Special Revenue Funds,4500,Restricted Revenue From Federal Government Through the State,23715.6
2018-19,2023,Harney County Union High SD 1J,200,Special Revenue Funds,5400,Resources - Beginning Fund Balance,171617.99
2018-19,2023,Harney County Union High SD 1J,400,Capital Projects Funds,5400,Resources - Beginning Fund Balance,111291.05
2018-19,2023,Harney County Union High SD 1J,100,General Fund,1700,Extra-Curricular Activities,14162.2
2018-19,2023,Harney County Union High SD 1J,100,General Fund,1110,Ad valorem taxes levied by district,496858.69
2018-19,2023,Harney County Union High SD 1J,100,General Fund,1500,Earnings on Investments,26465.37
2018-19,2023,Harney County Union High SD 1J,100,General Fund,1990,Miscellaneous,28099.57
2018-19,2023,Harney County Union High SD 1J,100,General Fund,3101,State School Fund --General Support,884623.47
2018-19,2023,Harney County Union High SD 1J,100,General Fund,3103,Common School Fund,4735.68
2018-19,2023,Harney County Union High SD 1J,100,General Fund,4801,Federal Forest Fees,20379.41
2018-19,2024,Hood River County SD,100,General Fund,1110,Ad valorem taxes levied by district,11225908.47
2018-19,2024,Hood River County SD,100,General Fund,1120,Local option ad valorem taxes levied by district,2559836.31
2018-19,2024,Hood River County SD,100,General Fund,1320,Adult/Continuing Education Tuition,27900
2018-19,2024,Hood River County SD,100,General Fund,1411,Transportation fees from Individuals,65016.55
2018-19,2024,Hood River County SD,100,General Fund,1500,Earnings on Investments,481492.25
2018-19,2024,Hood River County SD,100,General Fund,1910,Rentals,74949.76
2018-19,2024,Hood River County SD,400,Capital Projects Funds,1990,Miscellaneous,246304.07
2018-19,2024,Hood River County SD,400,Capital Projects Funds,3299,Other Restricted Grants-In-Aid,1089415.5
2018-19,2024,Hood River County SD,400,Capital Projects Funds,5200,Interfund Transfers,91649.81
2018-19,2024,Hood River County SD,400,Capital Projects Funds,5300,Sale of or Compensation for Loss of Fixed Assets,57714.55
2018-19,2024,Hood River County SD,400,Capital Projects Funds,5400,Resources - Beginning Fund Balance,47814310.8
2018-19,2024,Hood River County SD,300,Debt Service Funds,1110,Ad valorem taxes levied by district,4216405.39
2018-19,2024,Hood River County SD,300,Debt Service Funds,1500,Earnings on Investments,183072.33
2018-19,2024,Hood River County SD,300,Debt Service Funds,5400,Resources - Beginning Fund Balance,258623.66
2018-19,2024,Hood River County SD,400,Capital Projects Funds,1130,Construction Excise Tax,312567.39
2018-19,2024,Hood River County SD,400,Capital Projects Funds,1500,Earnings on Investments,888995.86
2018-19,2024,Hood River County SD,400,Capital Projects Funds,1960,Recovery of Prior Years' Expenditure,108144.8
2018-19,2024,Hood River County SD,200,Special Revenue Funds,4300,Restricted Revenue Direct From the Federal Government,481784.79
2018-19,2024,Hood River County SD,200,Special Revenue Funds,4500,Restricted Revenue From Federal Government Through the State,3541763.3
2018-19,2024,Hood River County SD,200,Special Revenue Funds,4700,Grants-In-Aid From Federal Government Through Other Intermed,32979.27
2018-19,2024,Hood River County SD,200,Special Revenue Funds,4900,Revenue for/on Behalf of the District,109274.11
2018-19,2024,Hood River County SD,200,Special Revenue Funds,5200,Interfund Transfers,63458.6
2018-19,2024,Hood River County SD,200,Special Revenue Funds,5400,Resources - Beginning Fund Balance,8193223
2018-19,2024,Hood River County SD,200,Special Revenue Funds,2102,General Education Service District Funds,14400.55
2018-19,2024,Hood River County SD,200,Special Revenue Funds,2200,Restricted Revenue,832311.05
2018-19,2024,Hood River County SD,200,Special Revenue Funds,3102,State School Fund--School Lunch Match,15588.83
2018-19,2024,Hood River County SD,200,Special Revenue Funds,3204,Driver Education,6090
2018-19,2024,Hood River County SD,200,Special Revenue Funds,3222,State School Fund (SSF) Transportation Equipment,194512.54
2018-19,2024,Hood River County SD,200,Special Revenue Funds,3299,Other Restricted Grants-In-Aid,1033148.67
2018-19,2024,Hood River County SD,200,Special Revenue Funds,1600,Food Service,323366.92
2018-19,2024,Hood River County SD,200,Special Revenue Funds,1800,Community Services Activities,18955
2018-19,2024,Hood River County SD,200,Special Revenue Funds,1910,Rentals,474
2018-19,2024,Hood River County SD,200,Special Revenue Funds,1920,Contributions and Donations From Private Sources,217335.71
2018-19,2024,Hood River County SD,200,Special Revenue Funds,1960,Recovery of Prior Years' Expenditure,122757.15
2018-19,2024,Hood River County SD,200,Special Revenue Funds,1990,Miscellaneous,1303146.88
2018-19,2024,Hood River County SD,100,General Fund,3299,Other Restricted Grants-In-Aid,728838
2018-19,2024,Hood River County SD,100,General Fund,4500,Restricted Revenue From Federal Government Through the State,19744
2018-19,2024,Hood River County SD,100,General Fund,4801,Federal Forest Fees,119013.72
2018-19,2024,Hood River County SD,100,General Fund,5200,Interfund Transfers,750000
2018-19,2024,Hood River County SD,100,General Fund,5400,Resources - Beginning Fund Balance,5443335.68
2018-19,2024,Hood River County SD,200,Special Revenue Funds,1320,Adult/Continuing Education Tuition,1074715.29
2018-19,2024,Hood River County SD,100,General Fund,1960,Recovery of Prior Years' Expenditure,155071.75
2018-19,2024,Hood River County SD,100,General Fund,1980,Fees Charged to Grants,201444
2018-19,2024,Hood River County SD,100,General Fund,1990,Miscellaneous,105075.45
2018-19,2024,Hood River County SD,100,General Fund,2102,General Education Service District Funds,2377526
2018-19,2024,Hood River County SD,100,General Fund,3101,State School Fund --General Support,29891986.24
2018-19,2024,Hood River County SD,100,General Fund,3103,Common School Fund,408950.78
2018-19,2025,Southern Oregon ESD,100,General Fund,1200,Revenue From Local Governmental Units Other Than Districts,80.65
2018-19,2025,Southern Oregon ESD,100,General Fund,1940,Services Provided Other Local Education Agencies,81590.47
2018-19,2025,Southern Oregon ESD,200,Special Revenue Funds,1940,Services Provided Other Local Education Agencies,3635523.71
2018-19,2025,Southern Oregon ESD,200,Special Revenue Funds,2900,Revenue for/on Behalf of the District,24986.48
2018-19,2025,Southern Oregon ESD,200,Special Revenue Funds,4500,Restricted Revenue From Federal Government Through the State,5669330.25
2018-19,2025,Southern Oregon ESD,100,General Fund,1960,Recovery of Prior Years' Expenditure,148433.36
2018-19,2025,Southern Oregon ESD,200,Special Revenue Funds,1950,Textbook Sales and Rentals,35386.73
2018-19,2025,Southern Oregon ESD,200,Special Revenue Funds,3299,Other Restricted Grants-In-Aid,2810286.23
2018-19,2025,Southern Oregon ESD,600,Internal Service Funds,1940,Services Provided Other Local Education Agencies,4858656.18
2018-19,2025,Southern Oregon ESD,200,Special Revenue Funds,3900,Revenue for/on Behalf of the District,6454431.31
2018-19,2025,Southern Oregon ESD,200,Special Revenue Funds,4900,Revenue for/on Behalf of the District,1055545.73
2018-19,2025,Southern Oregon ESD,600,Internal Service Funds,1970,Services Provided Other Funds,1148335.48
2018-19,2025,Southern Oregon ESD,600,Internal Service Funds,1990,Miscellaneous,5446.16
2018-19,2025,Southern Oregon ESD,600,Internal Service Funds,5400,Resources - Beginning Fund Balance,641225.27
2018-19,2025,Southern Oregon ESD,100,General Fund,1500,Earnings on Investments,234515.32
2018-19,2025,Southern Oregon ESD,100,General Fund,1110,Ad valorem taxes levied by district,11747659.97
2018-19,2025,Southern Oregon ESD,200,Special Revenue Funds,1700,Extra-Curricular Activities,757.05
2018-19,2025,Southern Oregon ESD,200,Special Revenue Funds,1960,Recovery of Prior Years' Expenditure,574.62
2018-19,2025,Southern Oregon ESD,200,Special Revenue Funds,1980,Fees Charged to Grants,609022.43
2018-19,2025,Southern Oregon ESD,200,Special Revenue Funds,1990,Miscellaneous,1146725.77
2018-19,2025,Southern Oregon ESD,200,Special Revenue Funds,5200,Interfund Transfers,575350.71
2018-19,2025,Southern Oregon ESD,200,Special Revenue Funds,5400,Resources - Beginning Fund Balance,1807656.51
2018-19,2025,Southern Oregon ESD,600,Internal Service Funds,1960,Recovery of Prior Years' Expenditure,4071.82
2018-19,2025,Southern Oregon ESD,100,General Fund,1990,Miscellaneous,17930.26
2018-19,2025,Southern Oregon ESD,100,General Fund,3101,State School Fund --General Support,10611328.26
2018-19,2025,Southern Oregon ESD,100,General Fund,3104,State Managed County Timber,77402.02
2018-19,2025,Southern Oregon ESD,100,General Fund,5400,Resources - Beginning Fund Balance,402576.32
2018-19,2025,Southern Oregon ESD,200,Special Revenue Funds,1311,Tuition from Individuals,17734
2018-19,2025,Southern Oregon ESD,200,Special Revenue Funds,1920,Contributions and Donations From Private Sources,262852.97
2018-19,2039,Phoenix-Talent SD 4,100,General Fund,1110,Ad valorem taxes levied by district,8803582.24
2018-19,2039,Phoenix-Talent SD 4,100,General Fund,1190,Penalties and interest on taxes,3481.65
2018-19,2039,Phoenix-Talent SD 4,100,General Fund,1500,Earnings on Investments,241607.59
2018-19,2039,Phoenix-Talent SD 4,100,General Fund,1700,Extra-Curricular Activities,38210.65
2018-19,2039,Phoenix-Talent SD 4,100,General Fund,1910,Rentals,11435
2018-19,2039,Phoenix-Talent SD 4,100,General Fund,1930,Rental or Lease Payments from Private Contractors,42000
2018-19,2039,Phoenix-Talent SD 4,400,Capital Projects Funds,1960,Recovery of Prior Years' Expenditure,29389.74
2018-19,2039,Phoenix-Talent SD 4,400,Capital Projects Funds,1990,Miscellaneous,16027.72
2018-19,2039,Phoenix-Talent SD 4,400,Capital Projects Funds,3299,Other Restricted Grants-In-Aid,392630.75
2018-19,2039,Phoenix-Talent SD 4,400,Capital Projects Funds,5400,Resources - Beginning Fund Balance,70408605.55
2018-19,2039,Phoenix-Talent SD 4,300,Debt Service Funds,1110,Ad valorem taxes levied by district,2982302
2018-19,2039,Phoenix-Talent SD 4,300,Debt Service Funds,1190,Penalties and interest on taxes,1134.31
2018-19,2039,Phoenix-Talent SD 4,300,Debt Service Funds,1500,Earnings on Investments,32483.19
2018-19,2039,Phoenix-Talent SD 4,300,Debt Service Funds,5400,Resources - Beginning Fund Balance,231241.55
2018-19,2039,Phoenix-Talent SD 4,400,Capital Projects Funds,1500,Earnings on Investments,1788321.41
2018-19,2039,Phoenix-Talent SD 4,400,Capital Projects Funds,1920,Contributions and Donations From Private Sources,7500
2018-19,2039,Phoenix-Talent SD 4,200,Special Revenue Funds,2900,Revenue for/on Behalf of the District,63113.11
2018-19,2039,Phoenix-Talent SD 4,200,Special Revenue Funds,3102,State School Fund--School Lunch Match,11086.12
2018-19,2039,Phoenix-Talent SD 4,200,Special Revenue Funds,3299,Other Restricted Grants-In-Aid,472353.34
2018-19,2039,Phoenix-Talent SD 4,200,Special Revenue Funds,4500,Restricted Revenue From Federal Government Through the State,2645383.13
2018-19,2039,Phoenix-Talent SD 4,200,Special Revenue Funds,4900,Revenue for/on Behalf of the District,85879.02
2018-19,2039,Phoenix-Talent SD 4,200,Special Revenue Funds,5400,Resources - Beginning Fund Balance,2071527.7
2018-19,2039,Phoenix-Talent SD 4,200,Special Revenue Funds,1500,Earnings on Investments,31282.97
2018-19,2039,Phoenix-Talent SD 4,200,Special Revenue Funds,1600,Food Service,137858.02
2018-19,2039,Phoenix-Talent SD 4,200,Special Revenue Funds,1700,Extra-Curricular Activities,527299.21
2018-19,2039,Phoenix-Talent SD 4,200,Special Revenue Funds,1920,Contributions and Donations From Private Sources,29565.8
2018-19,2039,Phoenix-Talent SD 4,200,Special Revenue Funds,1990,Miscellaneous,71185.35
2018-19,2039,Phoenix-Talent SD 4,200,Special Revenue Funds,2199,Other Intermediate Sources,6160.84
2018-19,2039,Phoenix-Talent SD 4,100,General Fund,4500,Restricted Revenue From Federal Government Through the State,1775.51
2018-19,2039,Phoenix-Talent SD 4,100,General Fund,4700,Grants-In-Aid From Federal Government Through Other Intermed,109410.03
2018-19,2039,Phoenix-Talent SD 4,100,General Fund,4801,Federal Forest Fees,28260.9
2018-19,2039,Phoenix-Talent SD 4,100,General Fund,5300,Sale of or Compensation for Loss of Fixed Assets,192829.73
2018-19,2039,Phoenix-Talent SD 4,100,General Fund,5400,Resources - Beginning Fund Balance,4115109.42
2018-19,2039,Phoenix-Talent SD 4,200,Special Revenue Funds,1130,Construction Excise Tax,142689.72
2018-19,2039,Phoenix-Talent SD 4,100,General Fund,1960,Recovery of Prior Years' Expenditure,4981.33
2018-19,2039,Phoenix-Talent SD 4,100,General Fund,1980,Fees Charged to Grants,26773
2018-19,2039,Phoenix-Talent SD 4,100,General Fund,1990,Miscellaneous,57148.35
2018-19,2039,Phoenix-Talent SD 4,100,General Fund,2102,General Education Service District Funds,242378.76
2018-19,2039,Phoenix-Talent SD 4,100,General Fund,3101,State School Fund --General Support,17715876.5
2018-19,2039,Phoenix-Talent SD 4,100,General Fund,3103,Common School Fund,259947.18
2018-19,2041,Ashland SD 5,100,General Fund,1110,Ad valorem taxes levied by district,13677285
2018-19,2041,Ashland SD 5,100,General Fund,1120,Local option ad valorem taxes levied by district,3721350.44
2018-19,2041,Ashland SD 5,100,General Fund,1190,Penalties and interest on taxes,6275
2018-19,2041,Ashland SD 5,100,General Fund,1311,Tuition from Individuals,23081.98
2018-19,2041,Ashland SD 5,100,General Fund,1312,Tuition from Other Districts within the State,183651.56
2018-19,2041,Ashland SD 5,100,General Fund,1330,Summer School Tuition,1940
2018-19,2041,Ashland SD 5,600,Internal Service Funds,1970,Services Provided Other Funds,5986330.8
2018-19,2041,Ashland SD 5,600,Internal Service Funds,1990,Miscellaneous,2911.73
2018-19,2041,Ashland SD 5,600,Internal Service Funds,5400,Resources - Beginning Fund Balance,1210372.64
2018-19,2041,Ashland SD 5,700,Trust and Agency Funds,1920,Contributions and Donations From Private Sources,83516
2018-19,2041,Ashland SD 5,700,Trust and Agency Funds,5200,Interfund Transfers,3000
2018-19,2041,Ashland SD 5,700,Trust and Agency Funds,5400,Resources - Beginning Fund Balance,94208.89
2018-19,2041,Ashland SD 5,400,Capital Projects Funds,1130,Construction Excise Tax,166529
2018-19,2041,Ashland SD 5,400,Capital Projects Funds,1500,Earnings on Investments,-39059.41
2018-19,2041,Ashland SD 5,400,Capital Projects Funds,5100,Long Term Debt Financing Sources,129816689.55
2018-19,2041,Ashland SD 5,400,Capital Projects Funds,5400,Resources - Beginning Fund Balance,930906.82
2018-19,2041,Ashland SD 5,600,Internal Service Funds,1500,Earnings on Investments,22615
2018-19,2041,Ashland SD 5,600,Internal Service Funds,1960,Recovery of Prior Years' Expenditure,137040.2
2018-19,2041,Ashland SD 5,200,Special Revenue Funds,4900,Revenue for/on Behalf of the District,40898.64
2018-19,2041,Ashland SD 5,200,Special Revenue Funds,5200,Interfund Transfers,184678.82
2018-19,2041,Ashland SD 5,200,Special Revenue Funds,5400,Resources - Beginning Fund Balance,300765.73
2018-19,2041,Ashland SD 5,300,Debt Service Funds,1110,Ad valorem taxes levied by district,5301272.75
2018-19,2041,Ashland SD 5,300,Debt Service Funds,1190,Penalties and interest on taxes,2427.96
2018-19,2041,Ashland SD 5,300,Debt Service Funds,5400,Resources - Beginning Fund Balance,942830.45
2018-19,2041,Ashland SD 5,200,Special Revenue Funds,1700,Extra-Curricular Activities,40043.47
2018-19,2041,Ashland SD 5,200,Special Revenue Funds,1920,Contributions and Donations From Private Sources,113672.49
2018-19,2041,Ashland SD 5,200,Special Revenue Funds,1990,Miscellaneous,6623.6
2018-19,2041,Ashland SD 5,200,Special Revenue Funds,3222,State School Fund (SSF) Transportation Equipment,101492
2018-19,2041,Ashland SD 5,200,Special Revenue Funds,3299,Other Restricted Grants-In-Aid,690798.22
2018-19,2041,Ashland SD 5,200,Special Revenue Funds,4500,Restricted Revenue From Federal Government Through the State,1504681.09
2018-19,2041,Ashland SD 5,100,General Fund,3199,Other Unrestricted Grants-In-Aid,54155.43
2018-19,2041,Ashland SD 5,100,General Fund,4801,Federal Forest Fees,31423.97
2018-19,2041,Ashland SD 5,100,General Fund,5200,Interfund Transfers,14855.89
2018-19,2041,Ashland SD 5,100,General Fund,5300,Sale of or Compensation for Loss of Fixed Assets,160000
2018-19,2041,Ashland SD 5,100,General Fund,5400,Resources - Beginning Fund Balance,2948927.47
2018-19,2041,Ashland SD 5,200,Special Revenue Funds,1600,Food Service,186114.9
2018-19,2041,Ashland SD 5,100,General Fund,1960,Recovery of Prior Years' Expenditure,15766
2018-19,2041,Ashland SD 5,100,General Fund,1980,Fees Charged to Grants,50908.41
2018-19,2041,Ashland SD 5,100,General Fund,1990,Miscellaneous,127390
2018-19,2041,Ashland SD 5,100,General Fund,2199,Other Intermediate Sources,521986.4
2018-19,2041,Ashland SD 5,100,General Fund,3101,State School Fund --General Support,12368606.92
2018-19,2041,Ashland SD 5,100,General Fund,3103,Common School Fund,282676.14
2018-19,2041,Ashland SD 5,100,General Fund,1412,Transportation fees from Other Districts within the State,16220.88
2018-19,2041,Ashland SD 5,100,General Fund,1500,Earnings on Investments,302441.78
2018-19,2041,Ashland SD 5,100,General Fund,1700,Extra-Curricular Activities,389375.64
2018-19,2041,Ashland SD 5,100,General Fund,1910,Rentals,171745.3
2018-19,2041,Ashland SD 5,100,General Fund,1920,Contributions and Donations From Private Sources,228451.42
2018-19,2041,Ashland SD 5,100,General Fund,1940,Services Provided Other Local Education Agencies,11045.2
2018-19,2042,Central Point SD 6,100,General Fund,1110,Ad valorem taxes levied by district,11483111.82
2018-19,2042,Central Point SD 6,100,General Fund,1190,Penalties and interest on taxes,4456.36
2018-19,2042,Central Point SD 6,100,General Fund,1411,Transportation fees from Individuals,25839.08
2018-19,2042,Central Point SD 6,100,General Fund,1500,Earnings on Investments,207438.9
2018-19,2042,Central Point SD 6,100,General Fund,1700,Extra-Curricular Activities,79840.42
2018-19,2042,Central Point SD 6,100,General Fund,1910,Rentals,28409.99
2018-19,2042,Central Point SD 6,200,Special Revenue Funds,5400,Resources - Beginning Fund Balance,1716718.09
2018-19,2042,Central Point SD 6,300,Debt Service Funds,1110,Ad valorem taxes levied by district,2963644.16
2018-19,2042,Central Point SD 6,300,Debt Service Funds,1190,Penalties and interest on taxes,1213.27
2018-19,2042,Central Point SD 6,300,Debt Service Funds,1500,Earnings on Investments,48117.93
2018-19,2042,Central Point SD 6,300,Debt Service Funds,5400,Resources - Beginning Fund Balance,137615.38
2018-19,2042,Central Point SD 6,700,Trust and Agency Funds,1920,Contributions and Donations From Private Sources,16500
2018-19,2042,Central Point SD 6,700,Trust and Agency Funds,5400,Resources - Beginning Fund Balance,6650.25
2018-19,2042,Central Point SD 6,200,Special Revenue Funds,3102,State School Fund--School Lunch Match,20928.98
2018-19,2042,Central Point SD 6,200,Special Revenue Funds,3299,Other Restricted Grants-In-Aid,353794.24
2018-19,2042,Central Point SD 6,200,Special Revenue Funds,4300,Restricted Revenue Direct From the Federal Government,1616.12
2018-19,2042,Central Point SD 6,200,Special Revenue Funds,4500,Restricted Revenue From Federal Government Through the State,3469478.31
2018-19,2042,Central Point SD 6,200,Special Revenue Funds,4900,Revenue for/on Behalf of the District,172137.16
2018-19,2042,Central Point SD 6,200,Special Revenue Funds,5100,Long Term Debt Financing Sources,2700000
2018-19,2042,Central Point SD 6,200,Special Revenue Funds,1130,Construction Excise Tax,192849.99
2018-19,2042,Central Point SD 6,200,Special Revenue Funds,1600,Food Service,212149.16
2018-19,2042,Central Point SD 6,200,Special Revenue Funds,1700,Extra-Curricular Activities,876164.79
2018-19,2042,Central Point SD 6,200,Special Revenue Funds,1910,Rentals,49423.57
2018-19,2042,Central Point SD 6,200,Special Revenue Funds,1920,Contributions and Donations From Private Sources,205454.54
2018-19,2042,Central Point SD 6,200,Special Revenue Funds,1990,Miscellaneous,253856.44
2018-19,2042,Central Point SD 6,100,General Fund,2102,General Education Service District Funds,1050437.95
2018-19,2042,Central Point SD 6,100,General Fund,3101,State School Fund --General Support,33887717.38
2018-19,2042,Central Point SD 6,100,General Fund,3103,Common School Fund,460049.44
2018-19,2042,Central Point SD 6,100,General Fund,3299,Other Restricted Grants-In-Aid,146139.69
2018-19,2042,Central Point SD 6,100,General Fund,4801,Federal Forest Fees,51331.4
2018-19,2042,Central Point SD 6,100,General Fund,5400,Resources - Beginning Fund Balance,5433937.9
2018-19,2042,Central Point SD 6,100,General Fund,1920,Contributions and Donations From Private Sources,199
2018-19,2042,Central Point SD 6,100,General Fund,1930,Rental or Lease Payments from Private Contractors,72900
2018-19,2042,Central Point SD 6,100,General Fund,1940,Services Provided Other Local Education Agencies,54750
2018-19,2042,Central Point SD 6,100,General Fund,1960,Recovery of Prior Years' Expenditure,12270.06
2018-19,2042,Central Point SD 6,100,General Fund,1980,Fees Charged to Grants,2185.35
2018-19,2042,Central Point SD 6,100,General Fund,1990,Miscellaneous,206897.83
2018-19,2043,Eagle Point SD 9,100,General Fund,1110,Ad valorem taxes levied by district,10439152.6
2018-19,2043,Eagle Point SD 9,100,General Fund,1190,Penalties and interest on taxes,5737.02
2018-19,2043,Eagle Point SD 9,100,General Fund,1411,Transportation fees from Individuals,4389
2018-19,2043,Eagle Point SD 9,100,General Fund,1412,Transportation fees from Other Districts within the State,53799.47
2018-19,2043,Eagle Point SD 9,100,General Fund,1500,Earnings on Investments,295241.19
2018-19,2043,Eagle Point SD 9,100,General Fund,1700,Extra-Curricular Activities,577421.53
2018-19,2043,Eagle Point SD 9,200,Special Revenue Funds,5200,Interfund Transfers,18053.11
2018-19,2043,Eagle Point SD 9,100,General Fund,1990,Miscellaneous,407811.18
2018-19,2043,Eagle Point SD 9,100,General Fund,5300,Sale of or Compensation for Loss of Fixed Assets,3400
2018-19,2043,Eagle Point SD 9,300,Debt Service Funds,1190,Penalties and interest on taxes,2022.01
2018-19,2043,Eagle Point SD 9,300,Debt Service Funds,1500,Earnings on Investments,51741.45
2018-19,2043,Eagle Point SD 9,700,Trust and Agency Funds,1920,Contributions and Donations From Private Sources,161653.99
2018-19,2043,Eagle Point SD 9,200,Special Revenue Funds,5400,Resources - Beginning Fund Balance,812579
2018-19,2043,Eagle Point SD 9,300,Debt Service Funds,5400,Resources - Beginning Fund Balance,532700
2018-19,2043,Eagle Point SD 9,700,Trust and Agency Funds,5400,Resources - Beginning Fund Balance,93517
2018-19,2043,Eagle Point SD 9,200,Special Revenue Funds,1990,Miscellaneous,256356.6
2018-19,2043,Eagle Point SD 9,200,Special Revenue Funds,3102,State School Fund--School Lunch Match,11409.25
2018-19,2043,Eagle Point SD 9,200,Special Revenue Funds,3299,Other Restricted Grants-In-Aid,1193307.15
2018-19,2043,Eagle Point SD 9,200,Special Revenue Funds,4500,Restricted Revenue From Federal Government Through the State,4128571.96
2018-19,2043,Eagle Point SD 9,200,Special Revenue Funds,4900,Revenue for/on Behalf of the District,138595.71
2018-19,2043,Eagle Point SD 9,300,Debt Service Funds,1110,Ad valorem taxes levied by district,3548857.18
2018-19,2043,Eagle Point SD 9,100,General Fund,5100,Long Term Debt Financing Sources,1497894.5
2018-19,2043,Eagle Point SD 9,100,General Fund,5400,Resources - Beginning Fund Balance,6532996
2018-19,2043,Eagle Point SD 9,200,Special Revenue Funds,1500,Earnings on Investments,294.46
2018-19,2043,Eagle Point SD 9,200,Special Revenue Funds,1600,Food Service,183727.63
2018-19,2043,Eagle Point SD 9,200,Special Revenue Funds,1920,Contributions and Donations From Private Sources,5020.75
2018-19,2043,Eagle Point SD 9,200,Special Revenue Funds,1960,Recovery of Prior Years' Expenditure,32
2018-19,2043,Eagle Point SD 9,100,General Fund,3101,State School Fund --General Support,29033706.99
2018-19,2043,Eagle Point SD 9,100,General Fund,3103,Common School Fund,414141.7
2018-19,2043,Eagle Point SD 9,100,General Fund,3222,State School Fund (SSF) Transportation Equipment,120281.26
2018-19,2043,Eagle Point SD 9,100,General Fund,3299,Other Restricted Grants-In-Aid,158413.44
2018-19,2043,Eagle Point SD 9,100,General Fund,4200,Unrestricted Revenue From Federal Government Through State,148.83
2018-19,2043,Eagle Point SD 9,100,General Fund,4801,Federal Forest Fees,45024.6
2018-19,2043,Eagle Point SD 9,100,General Fund,1910,Rentals,23849.28
2018-19,2043,Eagle Point SD 9,100,General Fund,1920,Contributions and Donations From Private Sources,11312.72
2018-19,2043,Eagle Point SD 9,100,General Fund,1940,Services Provided Other Local Education Agencies,60871.31
2018-19,2043,Eagle Point SD 9,100,General Fund,1960,Recovery of Prior Years' Expenditure,30525.66
2018-19,2043,Eagle Point SD 9,100,General Fund,1980,Fees Charged to Grants,128282.63
2018-19,2043,Eagle Point SD 9,100,General Fund,2199,Other Intermediate Sources,1133358.76
2018-19,2044,Rogue River SD 35,100,General Fund,1960,Recovery of Prior Years' Expenditure,1819
2018-19,2044,Rogue River SD 35,100,General Fund,1990,Miscellaneous,52439.05
2018-19,2044,Rogue River SD 35,100,General Fund,3101,State School Fund --General Support,7010635.6
2018-19,2044,Rogue River SD 35,100,General Fund,3103,Common School Fund,93702.24
2018-19,2044,Rogue River SD 35,100,General Fund,3299,Other Restricted Grants-In-Aid,115779.49
2018-19,2044,Rogue River SD 35,100,General Fund,4801,Federal Forest Fees,10136.15
2018-19,2044,Rogue River SD 35,200,Special Revenue Funds,1600,Food Service,53818.77
2018-19,2044,Rogue River SD 35,200,Special Revenue Funds,1700,Extra-Curricular Activities,165279.89
2018-19,2044,Rogue River SD 35,200,Special Revenue Funds,4900,Revenue for/on Behalf of the District,24398.48
2018-19,2044,Rogue River SD 35,300,Debt Service Funds,1110,Ad valorem taxes levied by district,577078.49
2018-19,2044,Rogue River SD 35,300,Debt Service Funds,1500,Earnings on Investments,9394.54
2018-19,2044,Rogue River SD 35,400,Capital Projects Funds,1500,Earnings on Investments,25777.63
2018-19,2044,Rogue River SD 35,200,Special Revenue Funds,4500,Restricted Revenue From Federal Government Through the State,1206299.45
2018-19,2044,Rogue River SD 35,200,Special Revenue Funds,5200,Interfund Transfers,367500
2018-19,2044,Rogue River SD 35,200,Special Revenue Funds,5400,Resources - Beginning Fund Balance,949970.82
2018-19,2044,Rogue River SD 35,100,General Fund,1110,Ad valorem taxes levied by district,3378606.43
2018-19,2044,Rogue River SD 35,100,General Fund,1500,Earnings on Investments,93735.58
2018-19,2044,Rogue River SD 35,100,General Fund,1700,Extra-Curricular Activities,3416.64
2018-19,2044,Rogue River SD 35,200,Special Revenue Funds,1920,Contributions and Donations From Private Sources,69374.36
2018-19,2044,Rogue River SD 35,200,Special Revenue Funds,1960,Recovery of Prior Years' Expenditure,-990
2018-19,2044,Rogue River SD 35,200,Special Revenue Funds,1990,Miscellaneous,258372.06
2018-19,2044,Rogue River SD 35,200,Special Revenue Funds,3102,State School Fund--School Lunch Match,3278.33
2018-19,2044,Rogue River SD 35,200,Special Revenue Funds,3199,Other Unrestricted Grants-In-Aid,32636.5
2018-19,2044,Rogue River SD 35,200,Special Revenue Funds,3299,Other Restricted Grants-In-Aid,178455.69
2018-19,2044,Rogue River SD 35,100,General Fund,5300,Sale of or Compensation for Loss of Fixed Assets,32060.1
2018-19,2044,Rogue River SD 35,100,General Fund,5400,Resources - Beginning Fund Balance,1444561.88
2018-19,2044,Rogue River SD 35,300,Debt Service Funds,5400,Resources - Beginning Fund Balance,53369.57
2018-19,2044,Rogue River SD 35,400,Capital Projects Funds,5400,Resources - Beginning Fund Balance,2535043.72
2018-19,2044,Rogue River SD 35,200,Special Revenue Funds,1130,Construction Excise Tax,47092.32
2018-19,2044,Rogue River SD 35,200,Special Revenue Funds,1500,Earnings on Investments,3309.35
2018-19,2045,Prospect SD 59,100,General Fund,1110,Ad valorem taxes levied by district,517795.23
2018-19,2045,Prospect SD 59,100,General Fund,1190,Penalties and interest on taxes,203.19
2018-19,2045,Prospect SD 59,100,General Fund,1500,Earnings on Investments,31082.41
2018-19,2045,Prospect SD 59,100,General Fund,1700,Extra-Curricular Activities,4104.6
2018-19,2045,Prospect SD 59,100,General Fund,1920,Contributions and Donations From Private Sources,1190
2018-19,2045,Prospect SD 59,100,General Fund,1960,Recovery of Prior Years' Expenditure,394.28
2018-19,2045,Prospect SD 59,200,Special Revenue Funds,5200,Interfund Transfers,90186.35
2018-19,2045,Prospect SD 59,200,Special Revenue Funds,5400,Resources - Beginning Fund Balance,329205.36
2018-19,2045,Prospect SD 59,700,Trust and Agency Funds,1500,Earnings on Investments,8.71
2018-19,2045,Prospect SD 59,700,Trust and Agency Funds,1920,Contributions and Donations From Private Sources,7210
2018-19,2045,Prospect SD 59,700,Trust and Agency Funds,5400,Resources - Beginning Fund Balance,8404.92
2018-19,2045,Prospect SD 59,200,Special Revenue Funds,2199,Other Intermediate Sources,17723.31
2018-19,2045,Prospect SD 59,200,Special Revenue Funds,3299,Other Restricted Grants-In-Aid,325781.28
2018-19,2045,Prospect SD 59,200,Special Revenue Funds,4300,Restricted Revenue Direct From the Federal Government,40663.98
2018-19,2045,Prospect SD 59,200,Special Revenue Funds,4500,Restricted Revenue From Federal Government Through the State,170618.73
2018-19,2045,Prospect SD 59,200,Special Revenue Funds,4700,Grants-In-Aid From Federal Government Through Other Intermed,40171.18
2018-19,2045,Prospect SD 59,200,Special Revenue Funds,4900,Revenue for/on Behalf of the District,8959.61
2018-19,2045,Prospect SD 59,200,Special Revenue Funds,5100,Long Term Debt Financing Sources,766250
2018-19,2045,Prospect SD 59,200,Special Revenue Funds,1500,Earnings on Investments,10.49
2018-19,2045,Prospect SD 59,200,Special Revenue Funds,1600,Food Service,2614.35
2018-19,2045,Prospect SD 59,200,Special Revenue Funds,1700,Extra-Curricular Activities,28013.13
2018-19,2045,Prospect SD 59,200,Special Revenue Funds,1920,Contributions and Donations From Private Sources,3462.68
2018-19,2045,Prospect SD 59,200,Special Revenue Funds,1990,Miscellaneous,7804.24
2018-19,2045,Prospect SD 59,200,Special Revenue Funds,3102,State School Fund--School Lunch Match,1097.22
2018-19,2045,Prospect SD 59,100,General Fund,1990,Miscellaneous,21919.4
2018-19,2045,Prospect SD 59,100,General Fund,3101,State School Fund --General Support,2659882.03
2018-19,2045,Prospect SD 59,100,General Fund,3103,Common School Fund,22578.19
2018-19,2045,Prospect SD 59,100,General Fund,3299,Other Restricted Grants-In-Aid,2769.76
2018-19,2045,Prospect SD 59,100,General Fund,4801,Federal Forest Fees,2461.11
2018-19,2045,Prospect SD 59,100,General Fund,5400,Resources - Beginning Fund Balance,819929.55
2018-19,2046,Butte Falls SD 91,100,General Fund,1110,Ad valorem taxes levied by district,444274.46
2018-19,2046,Butte Falls SD 91,100,General Fund,1412,Transportation fees from Other Districts within the State,11230.02
2018-19,2046,Butte Falls SD 91,100,General Fund,1500,Earnings on Investments,31567.07
2018-19,2046,Butte Falls SD 91,100,General Fund,1700,Extra-Curricular Activities,9630
2018-19,2046,Butte Falls SD 91,100,General Fund,1910,Rentals,1912.21
2018-19,2046,Butte Falls SD 91,100,General Fund,1920,Contributions and Donations From Private Sources,6360
2018-19,2046,Butte Falls SD 91,200,Special Revenue Funds,5200,Interfund Transfers,205000
2018-19,2046,Butte Falls SD 91,200,Special Revenue Funds,5400,Resources - Beginning Fund Balance,654113.56
2018-19,2046,Butte Falls SD 91,400,Capital Projects Funds,3299,Other Restricted Grants-In-Aid,646902
2018-19,2046,Butte Falls SD 91,400,Capital Projects Funds,5200,Interfund Transfers,52643.44
2018-19,2046,Butte Falls SD 91,400,Capital Projects Funds,5400,Resources - Beginning Fund Balance,-0.02
2018-19,2046,Butte Falls SD 91,200,Special Revenue Funds,1990,Miscellaneous,9299.31
2018-19,2046,Butte Falls SD 91,200,Special Revenue Funds,3102,State School Fund--School Lunch Match,882.35
2018-19,2046,Butte Falls SD 91,200,Special Revenue Funds,3222,State School Fund (SSF) Transportation Equipment,10782.8
2018-19,2046,Butte Falls SD 91,200,Special Revenue Funds,3299,Other Restricted Grants-In-Aid,13662.15
2018-19,2046,Butte Falls SD 91,200,Special Revenue Funds,4500,Restricted Revenue From Federal Government Through the State,112158.59
2018-19,2046,Butte Falls SD 91,200,Special Revenue Funds,4900,Revenue for/on Behalf of the District,8018.93
2018-19,2046,Butte Falls SD 91,100,General Fund,5400,Resources - Beginning Fund Balance,584759.27
2018-19,2046,Butte Falls SD 91,200,Special Revenue Funds,1500,Earnings on Investments,8.03
2018-19,2046,Butte Falls SD 91,200,Special Revenue Funds,1600,Food Service,1499
2018-19,2046,Butte Falls SD 91,200,Special Revenue Funds,1700,Extra-Curricular Activities,30659.97
2018-19,2046,Butte Falls SD 91,200,Special Revenue Funds,1910,Rentals,6500
2018-19,2046,Butte Falls SD 91,200,Special Revenue Funds,1920,Contributions and Donations From Private Sources,29271.77
2018-19,2046,Butte Falls SD 91,100,General Fund,1990,Miscellaneous,11078.96
2018-19,2046,Butte Falls SD 91,100,General Fund,2101,County School Funds,2447.51
2018-19,2046,Butte Falls SD 91,100,General Fund,3101,State School Fund --General Support,2816128.1
2018-19,2046,Butte Falls SD 91,100,General Fund,3103,Common School Fund,20032.67
2018-19,2046,Butte Falls SD 91,100,General Fund,4500,Restricted Revenue From Federal Government Through the State,195
2018-19,2046,Butte Falls SD 91,100,General Fund,5300,Sale of or Compensation for Loss of Fixed Assets,35966.99
2018-19,2047,Pinehurst SD 94,100,General Fund,1110,Ad valorem taxes levied by district,202771
2018-19,2047,Pinehurst SD 94,100,General Fund,1500,Earnings on Investments,8444
2018-19,2047,Pinehurst SD 94,100,General Fund,1920,Contributions and Donations From Private Sources,79
2018-19,2047,Pinehurst SD 94,100,General Fund,1990,Miscellaneous,509
2018-19,2047,Pinehurst SD 94,100,General Fund,3101,State School Fund --General Support,210404
2018-19,2047,Pinehurst SD 94,100,General Fund,3103,Common School Fund,2069
2018-19,2047,Pinehurst SD 94,200,Special Revenue Funds,5400,Resources - Beginning Fund Balance,80380
2018-19,2047,Pinehurst SD 94,400,Capital Projects Funds,1920,Contributions and Donations From Private Sources,10000
2018-19,2047,Pinehurst SD 94,400,Capital Projects Funds,5200,Interfund Transfers,35000
2018-19,2047,Pinehurst SD 94,400,Capital Projects Funds,5400,Resources - Beginning Fund Balance,21975
2018-19,2047,Pinehurst SD 94,100,General Fund,4801,Federal Forest Fees,236
2018-19,2047,Pinehurst SD 94,100,General Fund,5200,Interfund Transfers,500
2018-19,2047,Pinehurst SD 94,100,General Fund,5400,Resources - Beginning Fund Balance,223715
2018-19,2047,Pinehurst SD 94,200,Special Revenue Funds,1920,Contributions and Donations From Private Sources,14793
2018-19,2047,Pinehurst SD 94,200,Special Revenue Funds,1990,Miscellaneous,5478
2018-19,2047,Pinehurst SD 94,200,Special Revenue Funds,4500,Restricted Revenue From Federal Government Through the State,27842
2018-19,2048,Medford SD 549C,100,General Fund,1110,Ad valorem taxes levied by district,37424782.67
2018-19,2048,Medford SD 549C,100,General Fund,1312,Tuition from Other Districts within the State,13707.01
2018-19,2048,Medford SD 549C,100,General Fund,1500,Earnings on Investments,1090378.85
2018-19,2048,Medford SD 549C,100,General Fund,1800,Community Services Activities,41053.55
2018-19,2048,Medford SD 549C,100,General Fund,1910,Rentals,139349.14
2018-19,2048,Medford SD 549C,100,General Fund,1940,Services Provided Other Local Education Agencies,53661.3
2018-19,2048,Medford SD 549C,700,Trust and Agency Funds,1500,Earnings on Investments,12060.79
2018-19,2048,Medford SD 549C,700,Trust and Agency Funds,1700,Extra-Curricular Activities,8472.55
2018-19,2048,Medford SD 549C,700,Trust and Agency Funds,1920,Contributions and Donations From Private Sources,189046.98
2018-19,2048,Medford SD 549C,700,Trust and Agency Funds,1990,Miscellaneous,80
2018-19,2048,Medford SD 549C,700,Trust and Agency Funds,5400,Resources - Beginning Fund Balance,552201.73
2018-19,2048,Medford SD 549C,400,Capital Projects Funds,1990,Miscellaneous,19034.82
2018-19,2048,Medford SD 549C,400,Capital Projects Funds,5400,Resources - Beginning Fund Balance,205619.35
2018-19,2048,Medford SD 549C,600,Internal Service Funds,1970,Services Provided Other Funds,17072171.21
2018-19,2048,Medford SD 549C,600,Internal Service Funds,1990,Miscellaneous,376919.23
2018-19,2048,Medford SD 549C,600,Internal Service Funds,5400,Resources - Beginning Fund Balance,3259112.87
2018-19,2048,Medford SD 549C,700,Trust and Agency Funds,1130,Construction Excise Tax,33815.24
2018-19,2048,Medford SD 549C,200,Special Revenue Funds,5400,Resources - Beginning Fund Balance,6591350.37
2018-19,2048,Medford SD 549C,300,Debt Service Funds,1110,Ad valorem taxes levied by district,12635119.23
2018-19,2048,Medford SD 549C,300,Debt Service Funds,1500,Earnings on Investments,81191.3
2018-19,2048,Medford SD 549C,300,Debt Service Funds,1970,Services Provided Other Funds,3647410.89
2018-19,2048,Medford SD 549C,300,Debt Service Funds,5400,Resources - Beginning Fund Balance,1671763.82
2018-19,2048,Medford SD 549C,400,Capital Projects Funds,1500,Earnings on Investments,14850.9
2018-19,2048,Medford SD 549C,200,Special Revenue Funds,3199,Other Unrestricted Grants-In-Aid,32364.75
2018-19,2048,Medford SD 549C,200,Special Revenue Funds,3299,Other Restricted Grants-In-Aid,5475367.11
2018-19,2048,Medford SD 549C,200,Special Revenue Funds,4500,Restricted Revenue From Federal Government Through the State,11901634.97
2018-19,2048,Medford SD 549C,200,Special Revenue Funds,4700,Grants-In-Aid From Federal Government Through Other Intermed,244076.5
2018-19,2048,Medford SD 549C,200,Special Revenue Funds,4900,Revenue for/on Behalf of the District,412744.99
2018-19,2048,Medford SD 549C,200,Special Revenue Funds,5200,Interfund Transfers,9332152.23
2018-19,2048,Medford SD 549C,200,Special Revenue Funds,1500,Earnings on Investments,-64.41
2018-19,2048,Medford SD 549C,200,Special Revenue Funds,1600,Food Service,636265.91
2018-19,2048,Medford SD 549C,200,Special Revenue Funds,1700,Extra-Curricular Activities,377470.82
2018-19,2048,Medford SD 549C,200,Special Revenue Funds,1920,Contributions and Donations From Private Sources,353767.44
2018-19,2048,Medford SD 549C,200,Special Revenue Funds,1990,Miscellaneous,265244.56
2018-19,2048,Medford SD 549C,200,Special Revenue Funds,3102,State School Fund--School Lunch Match,52277.09
2018-19,2048,Medford SD 549C,100,General Fund,4500,Restricted Revenue From Federal Government Through the State,28914
2018-19,2048,Medford SD 549C,100,General Fund,4801,Federal Forest Fees,153808
2018-19,2048,Medford SD 549C,100,General Fund,5200,Interfund Transfers,1401100
2018-19,2048,Medford SD 549C,100,General Fund,5400,Resources - Beginning Fund Balance,10576322.28
2018-19,2048,Medford SD 549C,200,Special Revenue Funds,1130,Construction Excise Tax,1101610.82
2018-19,2048,Medford SD 549C,200,Special Revenue Funds,1200,Revenue From Local Governmental Units Other Than Districts,-13680
2018-19,2048,Medford SD 549C,100,General Fund,1980,Fees Charged to Grants,624927.24
2018-19,2048,Medford SD 549C,100,General Fund,1990,Miscellaneous,260844.2
2018-19,2048,Medford SD 549C,100,General Fund,2102,General Education Service District Funds,3319106.69
2018-19,2048,Medford SD 549C,100,General Fund,3101,State School Fund --General Support,100338137.48
2018-19,2048,Medford SD 549C,100,General Fund,3103,Common School Fund,1414744.5
2018-19,2048,Medford SD 549C,100,General Fund,3299,Other Restricted Grants-In-Aid,237960.7
2018-19,2049,Jefferson ESD,200,Special Revenue Funds,1920,Contributions and Donations From Private Sources,313.4
2018-19,2049,Jefferson ESD,200,Special Revenue Funds,4500,Restricted Revenue From Federal Government Through the State,2823.09
2018-19,2049,Jefferson ESD,200,Special Revenue Funds,5200,Interfund Transfers,5000
2018-19,2049,Jefferson ESD,200,Special Revenue Funds,5400,Resources - Beginning Fund Balance,5617.11
2018-19,2049,Jefferson ESD,100,General Fund,1110,Ad valorem taxes levied by district,338808.76
2018-19,2049,Jefferson ESD,100,General Fund,1500,Earnings on Investments,29857.47
2018-19,2049,Jefferson ESD,100,General Fund,1940,Services Provided Other Local Education Agencies,160292.48
2018-19,2049,Jefferson ESD,100,General Fund,1990,Miscellaneous,2993.04
2018-19,2049,Jefferson ESD,100,General Fund,3101,State School Fund --General Support,1458872.68
2018-19,2049,Jefferson ESD,100,General Fund,5400,Resources - Beginning Fund Balance,867710.23
2018-19,2050,Culver SD 4,300,Debt Service Funds,5200,Interfund Transfers,122963
2018-19,2050,Culver SD 4,300,Debt Service Funds,5400,Resources - Beginning Fund Balance,129431.71
2018-19,2050,Culver SD 4,400,Capital Projects Funds,1130,Construction Excise Tax,52717.44
2018-19,2050,Culver SD 4,400,Capital Projects Funds,3222,State School Fund (SSF) Transportation Equipment,38856
2018-19,2050,Culver SD 4,400,Capital Projects Funds,5200,Interfund Transfers,23000
2018-19,2050,Culver SD 4,400,Capital Projects Funds,5400,Resources - Beginning Fund Balance,406953
2018-19,2050,Culver SD 4,200,Special Revenue Funds,4500,Restricted Revenue From Federal Government Through the State,675194.44
2018-19,2050,Culver SD 4,200,Special Revenue Funds,4900,Revenue for/on Behalf of the District,21192.61
2018-19,2050,Culver SD 4,200,Special Revenue Funds,5200,Interfund Transfers,182900
2018-19,2050,Culver SD 4,200,Special Revenue Funds,5400,Resources - Beginning Fund Balance,183260.11
2018-19,2050,Culver SD 4,300,Debt Service Funds,1110,Ad valorem taxes levied by district,680777.71
2018-19,2050,Culver SD 4,300,Debt Service Funds,1500,Earnings on Investments,9603.57
2018-19,2050,Culver SD 4,200,Special Revenue Funds,1700,Extra-Curricular Activities,96472.78
2018-19,2050,Culver SD 4,200,Special Revenue Funds,1920,Contributions and Donations From Private Sources,56843.02
2018-19,2050,Culver SD 4,200,Special Revenue Funds,1990,Miscellaneous,9829.07
2018-19,2050,Culver SD 4,200,Special Revenue Funds,3102,State School Fund--School Lunch Match,2765.25
2018-19,2050,Culver SD 4,200,Special Revenue Funds,3299,Other Restricted Grants-In-Aid,202700.14
2018-19,2050,Culver SD 4,200,Special Revenue Funds,4300,Restricted Revenue Direct From the Federal Government,9973.34
2018-19,2050,Culver SD 4,100,General Fund,1990,Miscellaneous,26642.18
2018-19,2050,Culver SD 4,100,General Fund,2101,County School Funds,21897.82
2018-19,2050,Culver SD 4,100,General Fund,3101,State School Fund --General Support,5545307.3
2018-19,2050,Culver SD 4,100,General Fund,3103,Common School Fund,58833.38
2018-19,2050,Culver SD 4,100,General Fund,5400,Resources - Beginning Fund Balance,2760248.77
2018-19,2050,Culver SD 4,200,Special Revenue Funds,1600,Food Service,42949
2018-19,2050,Culver SD 4,100,General Fund,1110,Ad valorem taxes levied by district,1592155.79
2018-19,2050,Culver SD 4,100,General Fund,1312,Tuition from Other Districts within the State,8037
2018-19,2050,Culver SD 4,100,General Fund,1412,Transportation fees from Other Districts within the State,4649.85
2018-19,2050,Culver SD 4,100,General Fund,1500,Earnings on Investments,101299.26
2018-19,2050,Culver SD 4,100,General Fund,1700,Extra-Curricular Activities,37060.87
2018-19,2051,Ashwood SD 8,100,General Fund,5400,Resources - Beginning Fund Balance,412069
2018-19,2051,Ashwood SD 8,100,General Fund,1500,Earnings on Investments,9039
2018-19,2051,Ashwood SD 8,100,General Fund,3103,Common School Fund,482
2018-19,2051,Ashwood SD 8,200,Special Revenue Funds,4500,Restricted Revenue From Federal Government Through the State,23538
2018-19,2051,Ashwood SD 8,100,General Fund,1960,Recovery of Prior Years' Expenditure,1175
2018-19,2051,Ashwood SD 8,100,General Fund,2101,County School Funds,384
2018-19,2051,Ashwood SD 8,100,General Fund,3101,State School Fund --General Support,315187
2018-19,2051,Ashwood SD 8,100,General Fund,4500,Restricted Revenue From Federal Government Through the State,13412
2018-19,2052,Black Butte SD 41,100,General Fund,1110,Ad valorem taxes levied by district,281344.96
2018-19,2052,Black Butte SD 41,100,General Fund,1500,Earnings on Investments,26639.96
2018-19,2052,Black Butte SD 41,100,General Fund,1910,Rentals,14400
2018-19,2052,Black Butte SD 41,100,General Fund,1920,Contributions and Donations From Private Sources,2393.72
2018-19,2052,Black Butte SD 41,100,General Fund,1990,Miscellaneous,2764.65
2018-19,2052,Black Butte SD 41,100,General Fund,2101,County School Funds,583.93
2018-19,2052,Black Butte SD 41,100,General Fund,3101,State School Fund --General Support,203596
2018-19,2052,Black Butte SD 41,100,General Fund,3103,Common School Fund,1569.04
2018-19,2052,Black Butte SD 41,100,General Fund,5400,Resources - Beginning Fund Balance,1216298.21
2018-19,2052,Black Butte SD 41,200,Special Revenue Funds,4300,Restricted Revenue Direct From the Federal Government,18635
2018-19,2053,Jefferson County SD 509J,100,General Fund,4201,Foster Transportation,5170.85
2018-19,2053,Jefferson County SD 509J,100,General Fund,1312,Tuition from Other Districts within the State,35184.31
2018-19,2053,Jefferson County SD 509J,100,General Fund,1411,Transportation fees from Individuals,39230.18
2018-19,2053,Jefferson County SD 509J,100,General Fund,1700,Extra-Curricular Activities,17353.2
2018-19,2053,Jefferson County SD 509J,100,General Fund,1910,Rentals,62320.21
2018-19,2053,Jefferson County SD 509J,100,General Fund,1980,Fees Charged to Grants,189195.69
2018-19,2053,Jefferson County SD 509J,100,General Fund,3101,State School Fund --General Support,27276813.63
2018-19,2053,Jefferson County SD 509J,100,General Fund,5400,Resources - Beginning Fund Balance,13648648.75
2018-19,2053,Jefferson County SD 509J,200,Special Revenue Funds,1920,Contributions and Donations From Private Sources,229287.02
2018-19,2053,Jefferson County SD 509J,200,Special Revenue Funds,4500,Restricted Revenue From Federal Government Through the State,4464630.67
2018-19,2053,Jefferson County SD 509J,200,Special Revenue Funds,5200,Interfund Transfers,99894.06
2018-19,2053,Jefferson County SD 509J,200,Special Revenue Funds,5400,Resources - Beginning Fund Balance,453236.61
2018-19,2053,Jefferson County SD 509J,300,Debt Service Funds,1500,Earnings on Investments,40568.03
2018-19,2053,Jefferson County SD 509J,300,Debt Service Funds,5200,Interfund Transfers,1187996.51
2018-19,2053,Jefferson County SD 509J,300,Debt Service Funds,5400,Resources - Beginning Fund Balance,30735.54
2018-19,2053,Jefferson County SD 509J,100,General Fund,1110,Ad valorem taxes levied by district,4449570.16
2018-19,2053,Jefferson County SD 509J,100,General Fund,1500,Earnings on Investments,512348.3
2018-19,2053,Jefferson County SD 509J,100,General Fund,1990,Miscellaneous,1516146.27
2018-19,2053,Jefferson County SD 509J,200,Special Revenue Funds,3299,Other Restricted Grants-In-Aid,1562276.26
2018-19,2053,Jefferson County SD 509J,200,Special Revenue Funds,4300,Restricted Revenue Direct From the Federal Government,696080.14
2018-19,2053,Jefferson County SD 509J,200,Special Revenue Funds,4700,Grants-In-Aid From Federal Government Through Other Intermed,27360.73
2018-19,2053,Jefferson County SD 509J,200,Special Revenue Funds,4900,Revenue for/on Behalf of the District,153744.13
2018-19,2053,Jefferson County SD 509J,200,Special Revenue Funds,5300,Sale of or Compensation for Loss of Fixed Assets,8029.28
2018-19,2053,Jefferson County SD 509J,300,Debt Service Funds,1110,Ad valorem taxes levied by district,2739184.73
2018-19,2053,Jefferson County SD 509J,100,General Fund,5300,Sale of or Compensation for Loss of Fixed Assets,43970.72
2018-19,2053,Jefferson County SD 509J,200,Special Revenue Funds,1600,Food Service,13744.31
2018-19,2053,Jefferson County SD 509J,200,Special Revenue Funds,1800,Community Services Activities,46857.35
2018-19,2053,Jefferson County SD 509J,200,Special Revenue Funds,1990,Miscellaneous,414384.49
2018-19,2053,Jefferson County SD 509J,200,Special Revenue Funds,2200,Restricted Revenue,2294.5
2018-19,2053,Jefferson County SD 509J,200,Special Revenue Funds,3102,State School Fund--School Lunch Match,17851.38
2018-19,2053,Jefferson County SD 509J,100,General Fund,2101,County School Funds,103655.98
2018-19,2053,Jefferson County SD 509J,100,General Fund,2200,Restricted Revenue,75570.38
2018-19,2053,Jefferson County SD 509J,100,General Fund,3103,Common School Fund,264330.72
2018-19,2053,Jefferson County SD 509J,100,General Fund,4300,Restricted Revenue Direct From the Federal Government,29496.26
2018-19,2053,Jefferson County SD 509J,100,General Fund,4802,Impact Aid to School Districts for Operation,3255142.08
2018-19,2053,Jefferson County SD 509J,100,General Fund,4900,Revenue for/on Behalf of the District,10869.65
2018-19,2054,Grants Pass SD 7,200,Special Revenue Funds,5400,Resources - Beginning Fund Balance,4043753.64
2018-19,2054,Grants Pass SD 7,400,Capital Projects Funds,3199,Other Unrestricted Grants-In-Aid,2391127
2018-19,2054,Grants Pass SD 7,400,Capital Projects Funds,5200,Interfund Transfers,600000
2018-19,2054,Grants Pass SD 7,400,Capital Projects Funds,5400,Resources - Beginning Fund Balance,137023.56
2018-19,2054,Grants Pass SD 7,600,Internal Service Funds,1970,Services Provided Other Funds,51516.34
2018-19,2054,Grants Pass SD 7,600,Internal Service Funds,5400,Resources - Beginning Fund Balance,102514.33
2018-19,2054,Grants Pass SD 7,100,General Fund,5400,Resources - Beginning Fund Balance,3088764.74
2018-19,2054,Grants Pass SD 7,200,Special Revenue Funds,4500,Restricted Revenue From Federal Government Through the State,6523332.76
2018-19,2054,Grants Pass SD 7,400,Capital Projects Funds,1130,Construction Excise Tax,194503.83
2018-19,2054,Grants Pass SD 7,400,Capital Projects Funds,1500,Earnings on Investments,24957.35
2018-19,2054,Grants Pass SD 7,400,Capital Projects Funds,1910,Rentals,10280
2018-19,2054,Grants Pass SD 7,400,Capital Projects Funds,1920,Contributions and Donations From Private Sources,446650
2018-19,2054,Grants Pass SD 7,400,Capital Projects Funds,1990,Miscellaneous,24878.99
2018-19,2054,Grants Pass SD 7,200,Special Revenue Funds,1990,Miscellaneous,159545.17
2018-19,2054,Grants Pass SD 7,200,Special Revenue Funds,2102,General Education Service District Funds,9454.82
2018-19,2054,Grants Pass SD 7,200,Special Revenue Funds,2200,Restricted Revenue,30877.88
2018-19,2054,Grants Pass SD 7,200,Special Revenue Funds,3102,State School Fund--School Lunch Match,31703.97
2018-19,2054,Grants Pass SD 7,200,Special Revenue Funds,3199,Other Unrestricted Grants-In-Aid,40883.07
2018-19,2054,Grants Pass SD 7,200,Special Revenue Funds,3299,Other Restricted Grants-In-Aid,1256987.92
2018-19,2054,Grants Pass SD 7,200,Special Revenue Funds,1320,Adult/Continuing Education Tuition,659.48
2018-19,2054,Grants Pass SD 7,200,Special Revenue Funds,1500,Earnings on Investments,82450.63
2018-19,2054,Grants Pass SD 7,200,Special Revenue Funds,1600,Food Service,85572.2
2018-19,2054,Grants Pass SD 7,200,Special Revenue Funds,1700,Extra-Curricular Activities,886326.53
2018-19,2054,Grants Pass SD 7,200,Special Revenue Funds,1920,Contributions and Donations From Private Sources,208602.81
2018-19,2054,Grants Pass SD 7,200,Special Revenue Funds,1960,Recovery of Prior Years' Expenditure,8837
2018-19,2054,Grants Pass SD 7,100,General Fund,1990,Miscellaneous,1069900.62
2018-19,2054,Grants Pass SD 7,100,General Fund,2102,General Education Service District Funds,1456014.78
2018-19,2054,Grants Pass SD 7,100,General Fund,3101,State School Fund --General Support,43822193.53
2018-19,2054,Grants Pass SD 7,100,General Fund,3103,Common School Fund,620607.14
2018-19,2054,Grants Pass SD 7,100,General Fund,3299,Other Restricted Grants-In-Aid,16466.68
2018-19,2054,Grants Pass SD 7,100,General Fund,4801,Federal Forest Fees,204407.58
2018-19,2054,Grants Pass SD 7,100,General Fund,1500,Earnings on Investments,187016.68
2018-19,2054,Grants Pass SD 7,100,General Fund,1700,Extra-Curricular Activities,437133.68
2018-19,2054,Grants Pass SD 7,100,General Fund,1910,Rentals,22485.93
2018-19,2054,Grants Pass SD 7,100,General Fund,1920,Contributions and Donations From Private Sources,107289.78
2018-19,2054,Grants Pass SD 7,100,General Fund,1930,Rental or Lease Payments from Private Contractors,1560
2018-19,2054,Grants Pass SD 7,100,General Fund,1980,Fees Charged to Grants,94408.77
2018-19,2054,Grants Pass SD 7,100,General Fund,1110,Ad valorem taxes levied by district,14604037.63
2018-19,2054,Grants Pass SD 7,100,General Fund,1200,Revenue From Local Governmental Units Other Than Districts,133.25
2018-19,2055,Three Rivers/Josephine County SD,600,Internal Service Funds,1980,Fees Charged to Grants,329281.43
2018-19,2055,Three Rivers/Josephine County SD,600,Internal Service Funds,1990,Miscellaneous,68489.56
2018-19,2055,Three Rivers/Josephine County SD,600,Internal Service Funds,5400,Resources - Beginning Fund Balance,1198415.67
2018-19,2055,Three Rivers/Josephine County SD,700,Trust and Agency Funds,1500,Earnings on Investments,1101.91
2018-19,2055,Three Rivers/Josephine County SD,700,Trust and Agency Funds,1920,Contributions and Donations From Private Sources,33738
2018-19,2055,Three Rivers/Josephine County SD,700,Trust and Agency Funds,5400,Resources - Beginning Fund Balance,34058.49
2018-19,2055,Three Rivers/Josephine County SD,400,Capital Projects Funds,1500,Earnings on Investments,46741.96
2018-19,2055,Three Rivers/Josephine County SD,400,Capital Projects Funds,1910,Rentals,10400
2018-19,2055,Three Rivers/Josephine County SD,400,Capital Projects Funds,1990,Miscellaneous,235676.57
2018-19,2055,Three Rivers/Josephine County SD,400,Capital Projects Funds,5200,Interfund Transfers,130000
2018-19,2055,Three Rivers/Josephine County SD,400,Capital Projects Funds,5400,Resources - Beginning Fund Balance,1592970.39
2018-19,2055,Three Rivers/Josephine County SD,600,Internal Service Funds,1500,Earnings on Investments,8776.96
2018-19,2055,Three Rivers/Josephine County SD,300,Debt Service Funds,1110,Ad valorem taxes levied by district,2169257.54
2018-19,2055,Three Rivers/Josephine County SD,300,Debt Service Funds,1500,Earnings on Investments,63344.72
2018-19,2055,Three Rivers/Josephine County SD,300,Debt Service Funds,1970,Services Provided Other Funds,2512457.08
2018-19,2055,Three Rivers/Josephine County SD,300,Debt Service Funds,5200,Interfund Transfers,17500
2018-19,2055,Three Rivers/Josephine County SD,300,Debt Service Funds,5400,Resources - Beginning Fund Balance,1266721.06
2018-19,2055,Three Rivers/Josephine County SD,400,Capital Projects Funds,1130,Construction Excise Tax,277627.61
2018-19,2055,Three Rivers/Josephine County SD,200,Special Revenue Funds,2200,Restricted Revenue,63231.91
2018-19,2055,Three Rivers/Josephine County SD,200,Special Revenue Funds,3299,Other Restricted Grants-In-Aid,3383026.38
2018-19,2055,Three Rivers/Josephine County SD,200,Special Revenue Funds,4500,Restricted Revenue From Federal Government Through the State,6837250.83
2018-19,2055,Three Rivers/Josephine County SD,200,Special Revenue Funds,4900,Revenue for/on Behalf of the District,152309.31
2018-19,2055,Three Rivers/Josephine County SD,200,Special Revenue Funds,5200,Interfund Transfers,20890.38
2018-19,2055,Three Rivers/Josephine County SD,200,Special Revenue Funds,5400,Resources - Beginning Fund Balance,1513091.72
2018-19,2055,Three Rivers/Josephine County SD,100,General Fund,5400,Resources - Beginning Fund Balance,3129661.07
2018-19,2055,Three Rivers/Josephine County SD,200,Special Revenue Funds,1500,Earnings on Investments,890.01
2018-19,2055,Three Rivers/Josephine County SD,200,Special Revenue Funds,1600,Food Service,114445.59
2018-19,2055,Three Rivers/Josephine County SD,200,Special Revenue Funds,1700,Extra-Curricular Activities,1476184.32
2018-19,2055,Three Rivers/Josephine County SD,200,Special Revenue Funds,1920,Contributions and Donations From Private Sources,107147.06
2018-19,2055,Three Rivers/Josephine County SD,200,Special Revenue Funds,1990,Miscellaneous,198164.17
2018-19,2055,Three Rivers/Josephine County SD,100,General Fund,3101,State School Fund --General Support,32105455.9
2018-19,2055,Three Rivers/Josephine County SD,100,General Fund,3103,Common School Fund,477303.7
2018-19,2055,Three Rivers/Josephine County SD,100,General Fund,3104,State Managed County Timber,187499.8
2018-19,2055,Three Rivers/Josephine County SD,100,General Fund,3299,Other Restricted Grants-In-Aid,3904
2018-19,2055,Three Rivers/Josephine County SD,100,General Fund,4500,Restricted Revenue From Federal Government Through the State,4860.43
2018-19,2055,Three Rivers/Josephine County SD,100,General Fund,4801,Federal Forest Fees,172025.83
2018-19,2055,Three Rivers/Josephine County SD,100,General Fund,1500,Earnings on Investments,214948.35
2018-19,2055,Three Rivers/Josephine County SD,100,General Fund,1700,Extra-Curricular Activities,36720
2018-19,2055,Three Rivers/Josephine County SD,100,General Fund,1910,Rentals,85188.41
2018-19,2055,Three Rivers/Josephine County SD,100,General Fund,1920,Contributions and Donations From Private Sources,1805.77
2018-19,2055,Three Rivers/Josephine County SD,100,General Fund,1990,Miscellaneous,316306.13
2018-19,2055,Three Rivers/Josephine County SD,100,General Fund,2102,General Education Service District Funds,1062270.98
2018-19,2055,Three Rivers/Josephine County SD,100,General Fund,1110,Ad valorem taxes levied by district,16612735.85
2018-19,2055,Three Rivers/Josephine County SD,100,General Fund,1313,Tuition from Other Districts outside the State,26385.78
2018-19,2056,Klamath Falls City Schools,100,General Fund,1110,Ad valorem taxes levied by district,6127770.59
2018-19,2056,Klamath Falls City Schools,100,General Fund,1120,Local option ad valorem taxes levied by district,16032.88
2018-19,2056,Klamath Falls City Schools,100,General Fund,1130,Construction Excise Tax,119804.6
2018-19,2056,Klamath Falls City Schools,100,General Fund,1200,Revenue From Local Governmental Units Other Than Districts,712.46
2018-19,2056,Klamath Falls City Schools,100,General Fund,1500,Earnings on Investments,337182.72
2018-19,2056,Klamath Falls City Schools,100,General Fund,1910,Rentals,65558.74
2018-19,2056,Klamath Falls City Schools,400,Capital Projects Funds,1500,Earnings on Investments,101081.58
2018-19,2056,Klamath Falls City Schools,400,Capital Projects Funds,3299,Other Restricted Grants-In-Aid,1644802
2018-19,2056,Klamath Falls City Schools,400,Capital Projects Funds,5100,Long Term Debt Financing Sources,3500000
2018-19,2056,Klamath Falls City Schools,400,Capital Projects Funds,5400,Resources - Beginning Fund Balance,2012827.16
2018-19,2056,Klamath Falls City Schools,400,Capital Projects Funds,5200,Interfund Transfers,2000000
2018-19,2056,Klamath Falls City Schools,200,Special Revenue Funds,4900,Revenue for/on Behalf of the District,113237.95
2018-19,2056,Klamath Falls City Schools,200,Special Revenue Funds,5200,Interfund Transfers,187933.22
2018-19,2056,Klamath Falls City Schools,200,Special Revenue Funds,5400,Resources - Beginning Fund Balance,7172477.93
2018-19,2056,Klamath Falls City Schools,300,Debt Service Funds,1110,Ad valorem taxes levied by district,3121640.29
2018-19,2056,Klamath Falls City Schools,300,Debt Service Funds,1500,Earnings on Investments,11.71
2018-19,2056,Klamath Falls City Schools,300,Debt Service Funds,5400,Resources - Beginning Fund Balance,329660.62
2018-19,2056,Klamath Falls City Schools,200,Special Revenue Funds,1990,Miscellaneous,257242.31
2018-19,2056,Klamath Falls City Schools,200,Special Revenue Funds,2900,Revenue for/on Behalf of the District,18960
2018-19,2056,Klamath Falls City Schools,200,Special Revenue Funds,3299,Other Restricted Grants-In-Aid,2857993.92
2018-19,2056,Klamath Falls City Schools,200,Special Revenue Funds,4300,Restricted Revenue Direct From the Federal Government,50065.38
2018-19,2056,Klamath Falls City Schools,200,Special Revenue Funds,4500,Restricted Revenue From Federal Government Through the State,5078844.86
2018-19,2056,Klamath Falls City Schools,200,Special Revenue Funds,4700,Grants-In-Aid From Federal Government Through Other Intermed,287719.56
2018-19,2056,Klamath Falls City Schools,200,Special Revenue Funds,1700,Extra-Curricular Activities,389174.42
2018-19,2056,Klamath Falls City Schools,200,Special Revenue Funds,1800,Community Services Activities,20244.24
2018-19,2056,Klamath Falls City Schools,200,Special Revenue Funds,1910,Rentals,29352.96
2018-19,2056,Klamath Falls City Schools,200,Special Revenue Funds,1920,Contributions and Donations From Private Sources,154570.54
2018-19,2056,Klamath Falls City Schools,200,Special Revenue Funds,1940,Services Provided Other Local Education Agencies,65438.23
2018-19,2056,Klamath Falls City Schools,200,Special Revenue Funds,1960,Recovery of Prior Years' Expenditure,1091.6
2018-19,2056,Klamath Falls City Schools,100,General Fund,5200,Interfund Transfers,675.71
2018-19,2056,Klamath Falls City Schools,100,General Fund,5400,Resources - Beginning Fund Balance,6758600.13
2018-19,2056,Klamath Falls City Schools,200,Special Revenue Funds,1311,Tuition from Individuals,1010
2018-19,2056,Klamath Falls City Schools,200,Special Revenue Funds,1320,Adult/Continuing Education Tuition,125
2018-19,2056,Klamath Falls City Schools,200,Special Revenue Funds,1500,Earnings on Investments,105.03
2018-19,2056,Klamath Falls City Schools,200,Special Revenue Funds,1600,Food Service,87124.54
2018-19,2056,Klamath Falls City Schools,100,General Fund,2900,Revenue for/on Behalf of the District,32670
2018-19,2056,Klamath Falls City Schools,100,General Fund,3101,State School Fund --General Support,23101114.79
2018-19,2056,Klamath Falls City Schools,100,General Fund,3103,Common School Fund,293092.86
2018-19,2056,Klamath Falls City Schools,100,General Fund,3104,State Managed County Timber,205793.13
2018-19,2056,Klamath Falls City Schools,100,General Fund,4500,Restricted Revenue From Federal Government Through the State,66767.48
2018-19,2056,Klamath Falls City Schools,100,General Fund,4801,Federal Forest Fees,388505.72
2018-19,2056,Klamath Falls City Schools,100,General Fund,1920,Contributions and Donations From Private Sources,40
2018-19,2056,Klamath Falls City Schools,100,General Fund,1960,Recovery of Prior Years' Expenditure,144631.96
2018-19,2056,Klamath Falls City Schools,100,General Fund,1980,Fees Charged to Grants,247051.42
2018-19,2056,Klamath Falls City Schools,100,General Fund,1990,Miscellaneous,131227.8
2018-19,2056,Klamath Falls City Schools,100,General Fund,2101,County School Funds,19250.46
2018-19,2056,Klamath Falls City Schools,100,General Fund,2102,General Education Service District Funds,814212.88
2018-19,2057,Klamath County SD,200,Special Revenue Funds,5400,Resources - Beginning Fund Balance,1792034.91
2018-19,2057,Klamath County SD,300,Debt Service Funds,5400,Resources - Beginning Fund Balance,2468008.74
2018-19,2057,Klamath County SD,600,Internal Service Funds,5200,Interfund Transfers,61309
2018-19,2057,Klamath County SD,700,Trust and Agency Funds,1500,Earnings on Investments,2413.15
2018-19,2057,Klamath County SD,700,Trust and Agency Funds,1920,Contributions and Donations From Private Sources,164456
2018-19,2057,Klamath County SD,400,Capital Projects Funds,5400,Resources - Beginning Fund Balance,3574666.08
2018-19,2057,Klamath County SD,100,General Fund,5400,Resources - Beginning Fund Balance,4471593.46
2018-19,2057,Klamath County SD,600,Internal Service Funds,5400,Resources - Beginning Fund Balance,252111.26
2018-19,2057,Klamath County SD,300,Debt Service Funds,5200,Interfund Transfers,461814.9
2018-19,2057,Klamath County SD,400,Capital Projects Funds,1500,Earnings on Investments,78541.65
2018-19,2057,Klamath County SD,400,Capital Projects Funds,1920,Contributions and Donations From Private Sources,208004.73
2018-19,2057,Klamath County SD,400,Capital Projects Funds,3299,Other Restricted Grants-In-Aid,14610
2018-19,2057,Klamath County SD,400,Capital Projects Funds,5200,Interfund Transfers,1090787
2018-19,2057,Klamath County SD,600,Internal Service Funds,1500,Earnings on Investments,732.19
2018-19,2057,Klamath County SD,200,Special Revenue Funds,4300,Restricted Revenue Direct From the Federal Government,98789.23
2018-19,2057,Klamath County SD,200,Special Revenue Funds,4500,Restricted Revenue From Federal Government Through the State,6251219.7
2018-19,2057,Klamath County SD,200,Special Revenue Funds,4900,Revenue for/on Behalf of the District,281958.82
2018-19,2057,Klamath County SD,200,Special Revenue Funds,5200,Interfund Transfers,125289.16
2018-19,2057,Klamath County SD,300,Debt Service Funds,1110,Ad valorem taxes levied by district,2179814.84
2018-19,2057,Klamath County SD,300,Debt Service Funds,1500,Earnings on Investments,130089.92
2018-19,2057,Klamath County SD,200,Special Revenue Funds,1990,Miscellaneous,64207.33
2018-19,2057,Klamath County SD,200,Special Revenue Funds,2200,Restricted Revenue,22006
2018-19,2057,Klamath County SD,200,Special Revenue Funds,3102,State School Fund--School Lunch Match,32682.62
2018-19,2057,Klamath County SD,200,Special Revenue Funds,3222,State School Fund (SSF) Transportation Equipment,475000
2018-19,2057,Klamath County SD,200,Special Revenue Funds,3299,Other Restricted Grants-In-Aid,2378667.05
2018-19,2057,Klamath County SD,200,Special Revenue Funds,3900,Revenue for/on Behalf of the District,203579.43
2018-19,2057,Klamath County SD,200,Special Revenue Funds,1320,Adult/Continuing Education Tuition,154477.06
2018-19,2057,Klamath County SD,200,Special Revenue Funds,1500,Earnings on Investments,6073.78
2018-19,2057,Klamath County SD,200,Special Revenue Funds,1600,Food Service,240510.78
2018-19,2057,Klamath County SD,200,Special Revenue Funds,1700,Extra-Curricular Activities,1711174.57
2018-19,2057,Klamath County SD,200,Special Revenue Funds,1920,Contributions and Donations From Private Sources,291578.46
2018-19,2057,Klamath County SD,200,Special Revenue Funds,1940,Services Provided Other Local Education Agencies,17400
2018-19,2057,Klamath County SD,100,General Fund,4200,Unrestricted Revenue From Federal Government Through State,24649.54
2018-19,2057,Klamath County SD,100,General Fund,4500,Restricted Revenue From Federal Government Through the State,234560.37
2018-19,2057,Klamath County SD,100,General Fund,4801,Federal Forest Fees,946426.24
2018-19,2057,Klamath County SD,100,General Fund,5200,Interfund Transfers,847630.24
2018-19,2057,Klamath County SD,100,General Fund,5300,Sale of or Compensation for Loss of Fixed Assets,51919.5
2018-19,2057,Klamath County SD,200,Special Revenue Funds,1130,Construction Excise Tax,385881.94
2018-19,2057,Klamath County SD,100,General Fund,3101,State School Fund --General Support,48799128.82
2018-19,2057,Klamath County SD,100,General Fund,3103,Common School Fund,642535.3
2018-19,2057,Klamath County SD,100,General Fund,3104,State Managed County Timber,598396.07
2018-19,2057,Klamath County SD,100,General Fund,3199,Other Unrestricted Grants-In-Aid,186332.2
2018-19,2057,Klamath County SD,100,General Fund,3299,Other Restricted Grants-In-Aid,20000
2018-19,2057,Klamath County SD,100,General Fund,4100,Unrestricted Revenue Direct From the Federal Government,40434.27
2018-19,2057,Klamath County SD,100,General Fund,1980,Fees Charged to Grants,155835.15
2018-19,2057,Klamath County SD,100,General Fund,1990,Miscellaneous,547019.56
2018-19,2057,Klamath County SD,100,General Fund,2101,County School Funds,294146.89
2018-19,2057,Klamath County SD,100,General Fund,2102,General Education Service District Funds,98228.52
2018-19,2057,Klamath County SD,100,General Fund,2800,Revenue in Lieu of Taxes,183602.64
2018-19,2057,Klamath County SD,100,General Fund,2900,Revenue for/on Behalf of the District,1868962.54
2018-19,2057,Klamath County SD,100,General Fund,1700,Extra-Curricular Activities,227641.63
2018-19,2057,Klamath County SD,100,General Fund,1800,Community Services Activities,18124.46
2018-19,2057,Klamath County SD,100,General Fund,1910,Rentals,37746.12
2018-19,2057,Klamath County SD,100,General Fund,1920,Contributions and Donations From Private Sources,26893.78
2018-19,2057,Klamath County SD,100,General Fund,1940,Services Provided Other Local Education Agencies,15000
2018-19,2057,Klamath County SD,100,General Fund,1960,Recovery of Prior Years' Expenditure,4067.67
2018-19,2057,Klamath County SD,100,General Fund,1110,Ad valorem taxes levied by district,15551861.58
2018-19,2057,Klamath County SD,100,General Fund,1330,Summer School Tuition,4545
2018-19,2057,Klamath County SD,100,General Fund,1411,Transportation fees from Individuals,12566.26
2018-19,2057,Klamath County SD,100,General Fund,1412,Transportation fees from Other Districts within the State,3473.24
2018-19,2057,Klamath County SD,100,General Fund,1413,Transportation fees from Other District Outside the State,6866.68
2018-19,2057,Klamath County SD,100,General Fund,1500,Earnings on Investments,357992.1
2018-19,2057,Klamath County SD,100,General Fund,1311,Tuition from Individuals,754
2018-19,2058,Lake ESD,100,General Fund,4802,Impact Aid to School Districts for Operation,1076.48
2018-19,2058,Lake ESD,100,General Fund,4700,Grants-In-Aid From Federal Government Through Other Intermed,1228.83
2018-19,2058,Lake ESD,400,Capital Projects Funds,1990,Miscellaneous,75
2018-19,2058,Lake ESD,100,General Fund,1110,Ad valorem taxes levied by district,604063.35
2018-19,2058,Lake ESD,100,General Fund,1190,Penalties and interest on taxes,6582.01
2018-19,2058,Lake ESD,100,General Fund,1500,Earnings on Investments,12088.41
2018-19,2058,Lake ESD,500,Enterprise Funds,5400,Resources - Beginning Fund Balance,17514.89
2018-19,2058,Lake ESD,200,Special Revenue Funds,5400,Resources - Beginning Fund Balance,300603.55
2018-19,2058,Lake ESD,400,Capital Projects Funds,1970,Services Provided Other Funds,11911.24
2018-19,2058,Lake ESD,400,Capital Projects Funds,5200,Interfund Transfers,10000
2018-19,2058,Lake ESD,400,Capital Projects Funds,5400,Resources - Beginning Fund Balance,45163.04
2018-19,2058,Lake ESD,500,Enterprise Funds,1940,Services Provided Other Local Education Agencies,26887.92
2018-19,2058,Lake ESD,500,Enterprise Funds,1990,Miscellaneous,1593.02
2018-19,2058,Lake ESD,100,General Fund,5400,Resources - Beginning Fund Balance,377418.39
2018-19,2058,Lake ESD,200,Special Revenue Funds,1940,Services Provided Other Local Education Agencies,61409.31
2018-19,2058,Lake ESD,200,Special Revenue Funds,1990,Miscellaneous,56223.58
2018-19,2058,Lake ESD,200,Special Revenue Funds,2200,Restricted Revenue,57606.49
2018-19,2058,Lake ESD,200,Special Revenue Funds,3299,Other Restricted Grants-In-Aid,128022.96
2018-19,2058,Lake ESD,200,Special Revenue Funds,4500,Restricted Revenue From Federal Government Through the State,68719.13
2018-19,2058,Lake ESD,100,General Fund,1700,Extra-Curricular Activities,110
2018-19,2058,Lake ESD,100,General Fund,1910,Rentals,59997
2018-19,2058,Lake ESD,100,General Fund,1980,Fees Charged to Grants,6298
2018-19,2058,Lake ESD,100,General Fund,1990,Miscellaneous,14272.93
2018-19,2058,Lake ESD,100,General Fund,3101,State School Fund --General Support,691552
2018-19,2058,Lake ESD,100,General Fund,3299,Other Restricted Grants-In-Aid,691.4
2018-19,2059,Lake County SD 7,100,General Fund,5400,Resources - Beginning Fund Balance,1393328.54
2018-19,2059,Lake County SD 7,200,Special Revenue Funds,5200,Interfund Transfers,397312.78
2018-19,2059,Lake County SD 7,200,Special Revenue Funds,1700,Extra-Curricular Activities,403762
2018-19,2059,Lake County SD 7,400,Capital Projects Funds,3222,State School Fund (SSF) Transportation Equipment,54488
2018-19,2059,Lake County SD 7,200,Special Revenue Funds,5400,Resources - Beginning Fund Balance,-25107.8
2018-19,2059,Lake County SD 7,400,Capital Projects Funds,5400,Resources - Beginning Fund Balance,593374
2018-19,2059,Lake County SD 7,600,Internal Service Funds,5200,Interfund Transfers,6000
2018-19,2059,Lake County SD 7,600,Internal Service Funds,5400,Resources - Beginning Fund Balance,11949
2018-19,2059,Lake County SD 7,700,Trust and Agency Funds,5400,Resources - Beginning Fund Balance,4560
2018-19,2059,Lake County SD 7,400,Capital Projects Funds,1990,Miscellaneous,18198.02
2018-19,2059,Lake County SD 7,100,General Fund,4700,Grants-In-Aid From Federal Government Through Other Intermed,1167.46
2018-19,2059,Lake County SD 7,200,Special Revenue Funds,1920,Contributions and Donations From Private Sources,1308.96
2018-19,2059,Lake County SD 7,200,Special Revenue Funds,3102,State School Fund--School Lunch Match,2926.48
2018-19,2059,Lake County SD 7,200,Special Revenue Funds,4700,Grants-In-Aid From Federal Government Through Other Intermed,3584
2018-19,2059,Lake County SD 7,200,Special Revenue Funds,1500,Earnings on Investments,2552.43
2018-19,2059,Lake County SD 7,200,Special Revenue Funds,1910,Rentals,2500
2018-19,2059,Lake County SD 7,200,Special Revenue Funds,2200,Restricted Revenue,38141.17
2018-19,2059,Lake County SD 7,200,Special Revenue Funds,1940,Services Provided Other Local Education Agencies,33447.7
2018-19,2059,Lake County SD 7,200,Special Revenue Funds,3299,Other Restricted Grants-In-Aid,531870.76
2018-19,2059,Lake County SD 7,400,Capital Projects Funds,1910,Rentals,4550
2018-19,2059,Lake County SD 7,400,Capital Projects Funds,1920,Contributions and Donations From Private Sources,6414.71
2018-19,2059,Lake County SD 7,100,General Fund,4500,Restricted Revenue From Federal Government Through the State,18705.01
2018-19,2059,Lake County SD 7,200,Special Revenue Funds,1600,Food Service,83778.98
2018-19,2059,Lake County SD 7,200,Special Revenue Funds,1990,Miscellaneous,23622.69
2018-19,2059,Lake County SD 7,200,Special Revenue Funds,4500,Restricted Revenue From Federal Government Through the State,521112.12
2018-19,2059,Lake County SD 7,200,Special Revenue Funds,4900,Revenue for/on Behalf of the District,20714
2018-19,2059,Lake County SD 7,100,General Fund,1700,Extra-Curricular Activities,395
2018-19,2059,Lake County SD 7,100,General Fund,3199,Other Unrestricted Grants-In-Aid,65271.1
2018-19,2059,Lake County SD 7,100,General Fund,3299,Other Restricted Grants-In-Aid,31720.53
2018-19,2059,Lake County SD 7,100,General Fund,4801,Federal Forest Fees,383046.39
2018-19,2059,Lake County SD 7,600,Internal Service Funds,1990,Miscellaneous,67190.49
2018-19,2059,Lake County SD 7,100,General Fund,1110,Ad valorem taxes levied by district,2736345.12
2018-19,2059,Lake County SD 7,100,General Fund,1500,Earnings on Investments,72549.26
2018-19,2059,Lake County SD 7,100,General Fund,1960,Recovery of Prior Years' Expenditure,9310.51
2018-19,2059,Lake County SD 7,100,General Fund,1990,Miscellaneous,131433.28
2018-19,2059,Lake County SD 7,100,General Fund,2199,Other Intermediate Sources,96778.11
2018-19,2059,Lake County SD 7,100,General Fund,2200,Restricted Revenue,139013.72
2018-19,2059,Lake County SD 7,100,General Fund,3101,State School Fund --General Support,4972189.9
2018-19,2059,Lake County SD 7,100,General Fund,3103,Common School Fund,56161.61
2018-19,2059,Lake County SD 7,100,General Fund,1190,Penalties and interest on taxes,29405.48
2018-19,2059,Lake County SD 7,100,General Fund,1312,Tuition from Other Districts within the State,70732.56
2018-19,2059,Lake County SD 7,100,General Fund,1313,Tuition from Other Districts outside the State,148870.12
2018-19,2060,Paisley SD 11,400,Capital Projects Funds,5100,Long Term Debt Financing Sources,130565
2018-19,2060,Paisley SD 11,200,Special Revenue Funds,1500,Earnings on Investments,2475
2018-19,2060,Paisley SD 11,300,Debt Service Funds,5200,Interfund Transfers,0
2018-19,2060,Paisley SD 11,200,Special Revenue Funds,1700,Extra-Curricular Activities,36157
2018-19,2060,Paisley SD 11,200,Special Revenue Funds,5200,Interfund Transfers,131047
2018-19,2060,Paisley SD 11,200,Special Revenue Funds,5400,Resources - Beginning Fund Balance,146293
2018-19,2060,Paisley SD 11,200,Special Revenue Funds,1990,Miscellaneous,9809
2018-19,2060,Paisley SD 11,200,Special Revenue Funds,4300,Restricted Revenue Direct From the Federal Government,29121
2018-19,2060,Paisley SD 11,400,Capital Projects Funds,5400,Resources - Beginning Fund Balance,253531
2018-19,2060,Paisley SD 11,100,General Fund,5200,Interfund Transfers,1050
2018-19,2060,Paisley SD 11,100,General Fund,1110,Ad valorem taxes levied by district,367010
2018-19,2060,Paisley SD 11,100,General Fund,1990,Miscellaneous,27886
2018-19,2060,Paisley SD 11,100,General Fund,3103,Common School Fund,10825
2018-19,2060,Paisley SD 11,100,General Fund,3299,Other Restricted Grants-In-Aid,66925
2018-19,2060,Paisley SD 11,100,General Fund,4801,Federal Forest Fees,38782
2018-19,2060,Paisley SD 11,200,Special Revenue Funds,1910,Rentals,17142
2018-19,2060,Paisley SD 11,400,Capital Projects Funds,1920,Contributions and Donations From Private Sources,45000
2018-19,2060,Paisley SD 11,400,Capital Projects Funds,5200,Interfund Transfers,319000
2018-19,2060,Paisley SD 11,100,General Fund,1311,Tuition from Individuals,30000
2018-19,2060,Paisley SD 11,200,Special Revenue Funds,1412,Transportation fees from Other Districts within the State,2706
2018-19,2060,Paisley SD 11,200,Special Revenue Funds,1413,Transportation fees from Other District Outside the State,9000
2018-19,2060,Paisley SD 11,200,Special Revenue Funds,4500,Restricted Revenue From Federal Government Through the State,22794
2018-19,2060,Paisley SD 11,300,Debt Service Funds,5400,Resources - Beginning Fund Balance,1050
2018-19,2060,Paisley SD 11,400,Capital Projects Funds,1500,Earnings on Investments,7358
2018-19,2060,Paisley SD 11,100,General Fund,1190,Penalties and interest on taxes,2585
2018-19,2060,Paisley SD 11,100,General Fund,1500,Earnings on Investments,67647
2018-19,2060,Paisley SD 11,100,General Fund,2200,Restricted Revenue,0
2018-19,2060,Paisley SD 11,100,General Fund,3101,State School Fund --General Support,2448592
2018-19,2060,Paisley SD 11,100,General Fund,5400,Resources - Beginning Fund Balance,2470828
2018-19,2061,North Lake SD 14,100,General Fund,1110,Ad valorem taxes levied by district,894839.24
2018-19,2061,North Lake SD 14,100,General Fund,1190,Penalties and interest on taxes,9246.99
2018-19,2061,North Lake SD 14,100,General Fund,1500,Earnings on Investments,69285.15
2018-19,2061,North Lake SD 14,100,General Fund,1700,Extra-Curricular Activities,4607.75
2018-19,2061,North Lake SD 14,100,General Fund,1990,Miscellaneous,9981.59
2018-19,2061,North Lake SD 14,100,General Fund,2200,Restricted Revenue,110078.53
2018-19,2061,North Lake SD 14,600,Internal Service Funds,5400,Resources - Beginning Fund Balance,69756.61
2018-19,2061,North Lake SD 14,700,Trust and Agency Funds,1500,Earnings on Investments,110.1
2018-19,2061,North Lake SD 14,700,Trust and Agency Funds,1920,Contributions and Donations From Private Sources,6334.17
2018-19,2061,North Lake SD 14,700,Trust and Agency Funds,5400,Resources - Beginning Fund Balance,4174.39
2018-19,2061,North Lake SD 14,300,Debt Service Funds,1190,Penalties and interest on taxes,672.33
2018-19,2061,North Lake SD 14,400,Capital Projects Funds,1500,Earnings on Investments,5911.13
2018-19,2061,North Lake SD 14,400,Capital Projects Funds,3222,State School Fund (SSF) Transportation Equipment,37800
2018-19,2061,North Lake SD 14,400,Capital Projects Funds,5100,Long Term Debt Financing Sources,129401
2018-19,2061,North Lake SD 14,400,Capital Projects Funds,5400,Resources - Beginning Fund Balance,377173.3
2018-19,2061,North Lake SD 14,600,Internal Service Funds,1500,Earnings on Investments,1840.3
2018-19,2061,North Lake SD 14,200,Special Revenue Funds,4500,Restricted Revenue From Federal Government Through the State,272140.92
2018-19,2061,North Lake SD 14,200,Special Revenue Funds,4700,Grants-In-Aid From Federal Government Through Other Intermed,411.68
2018-19,2061,North Lake SD 14,200,Special Revenue Funds,4900,Revenue for/on Behalf of the District,7370.66
2018-19,2061,North Lake SD 14,200,Special Revenue Funds,5200,Interfund Transfers,34000
2018-19,2061,North Lake SD 14,200,Special Revenue Funds,5400,Resources - Beginning Fund Balance,140205.2
2018-19,2061,North Lake SD 14,300,Debt Service Funds,1110,Ad valorem taxes levied by district,676.96
2018-19,2061,North Lake SD 14,200,Special Revenue Funds,1500,Earnings on Investments,22.32
2018-19,2061,North Lake SD 14,200,Special Revenue Funds,1600,Food Service,16906.44
2018-19,2061,North Lake SD 14,200,Special Revenue Funds,1700,Extra-Curricular Activities,111718.89
2018-19,2061,North Lake SD 14,200,Special Revenue Funds,1990,Miscellaneous,2909.56
2018-19,2061,North Lake SD 14,200,Special Revenue Funds,2200,Restricted Revenue,2236.49
2018-19,2061,North Lake SD 14,200,Special Revenue Funds,3299,Other Restricted Grants-In-Aid,117425.48
2018-19,2061,North Lake SD 14,100,General Fund,3101,State School Fund --General Support,2371184.03
2018-19,2061,North Lake SD 14,100,General Fund,3103,Common School Fund,17247.2
2018-19,2061,North Lake SD 14,100,General Fund,3299,Other Restricted Grants-In-Aid,1262.08
2018-19,2061,North Lake SD 14,100,General Fund,4801,Federal Forest Fees,109321.67
2018-19,2061,North Lake SD 14,100,General Fund,5200,Interfund Transfers,165
2018-19,2061,North Lake SD 14,100,General Fund,5400,Resources - Beginning Fund Balance,2106212.7
2018-19,2062,Plush SD 18,100,General Fund,1940,Services Provided Other Local Education Agencies,800
2018-19,2062,Plush SD 18,100,General Fund,3103,Common School Fund,604
2018-19,2062,Plush SD 18,100,General Fund,3299,Other Restricted Grants-In-Aid,2730
2018-19,2062,Plush SD 18,100,General Fund,4100,Unrestricted Revenue Direct From the Federal Government,9116
2018-19,2062,Plush SD 18,100,General Fund,5400,Resources - Beginning Fund Balance,728967
2018-19,2062,Plush SD 18,200,Special Revenue Funds,5400,Resources - Beginning Fund Balance,32834
2018-19,2062,Plush SD 18,100,General Fund,5200,Interfund Transfers,1050
2018-19,2062,Plush SD 18,400,Capital Projects Funds,1500,Earnings on Investments,12916
2018-19,2062,Plush SD 18,200,Special Revenue Funds,4500,Restricted Revenue From Federal Government Through the State,26057
2018-19,2062,Plush SD 18,200,Special Revenue Funds,3222,State School Fund (SSF) Transportation Equipment,5827
2018-19,2062,Plush SD 18,200,Special Revenue Funds,1500,Earnings on Investments,2
2018-19,2062,Plush SD 18,100,General Fund,1312,Tuition from Other Districts within the State,3358
2018-19,2062,Plush SD 18,100,General Fund,1500,Earnings on Investments,17983
2018-19,2062,Plush SD 18,100,General Fund,4801,Federal Forest Fees,4144
2018-19,2062,Plush SD 18,400,Capital Projects Funds,5400,Resources - Beginning Fund Balance,383895
2018-19,2062,Plush SD 18,100,General Fund,1110,Ad valorem taxes levied by district,37222
2018-19,2062,Plush SD 18,100,General Fund,1190,Penalties and interest on taxes,223
2018-19,2062,Plush SD 18,100,General Fund,1910,Rentals,2400
2018-19,2062,Plush SD 18,100,General Fund,1920,Contributions and Donations From Private Sources,2533
2018-19,2062,Plush SD 18,100,General Fund,1990,Miscellaneous,553
2018-19,2062,Plush SD 18,100,General Fund,3101,State School Fund --General Support,301790
2018-19,2063,Adel SD 21,100,General Fund,1110,Ad valorem taxes levied by district,204984.31
2018-19,2063,Adel SD 21,100,General Fund,1190,Penalties and interest on taxes,2115.21
2018-19,2063,Adel SD 21,100,General Fund,1500,Earnings on Investments,10647.67
2018-19,2063,Adel SD 21,100,General Fund,1910,Rentals,1200
2018-19,2063,Adel SD 21,100,General Fund,1990,Miscellaneous,1469.9
2018-19,2063,Adel SD 21,100,General Fund,3101,State School Fund --General Support,99087.37
2018-19,2063,Adel SD 21,400,Capital Projects Funds,1500,Earnings on Investments,2693.7
2018-19,2063,Adel SD 21,400,Capital Projects Funds,5200,Interfund Transfers,54700
2018-19,2063,Adel SD 21,400,Capital Projects Funds,5400,Resources - Beginning Fund Balance,118382.49
2018-19,2063,Adel SD 21,100,General Fund,3103,Common School Fund,626.64
2018-19,2063,Adel SD 21,100,General Fund,3299,Other Restricted Grants-In-Aid,1450.04
2018-19,2063,Adel SD 21,100,General Fund,4801,Federal Forest Fees,3971.94
2018-19,2063,Adel SD 21,100,General Fund,4802,Impact Aid to School Districts for Operation,156.15
2018-19,2063,Adel SD 21,100,General Fund,5400,Resources - Beginning Fund Balance,470870.46
2018-19,2063,Adel SD 21,200,Special Revenue Funds,4500,Restricted Revenue From Federal Government Through the State,21675.06
2018-19,2064,Lane ESD,100,General Fund,1110,Ad valorem taxes levied by district,7374637.63
2018-19,2064,Lane ESD,100,General Fund,1190,Penalties and interest on taxes,24153.75
2018-19,2064,Lane ESD,100,General Fund,1500,Earnings on Investments,165471.76
2018-19,2064,Lane ESD,100,General Fund,1910,Rentals,32340
2018-19,2064,Lane ESD,100,General Fund,1940,Services Provided Other Local Education Agencies,498642.21
2018-19,2064,Lane ESD,100,General Fund,1980,Fees Charged to Grants,257042.03
2018-19,2064,Lane ESD,400,Capital Projects Funds,5200,Interfund Transfers,138000
2018-19,2064,Lane ESD,400,Capital Projects Funds,5400,Resources - Beginning Fund Balance,96411.75
2018-19,2064,Lane ESD,600,Internal Service Funds,1970,Services Provided Other Funds,128000
2018-19,2064,Lane ESD,600,Internal Service Funds,5300,Sale of or Compensation for Loss of Fixed Assets,5801
2018-19,2064,Lane ESD,600,Internal Service Funds,5400,Resources - Beginning Fund Balance,421703.58
2018-19,2064,Lane ESD,200,Special Revenue Funds,5200,Interfund Transfers,76366.45
2018-19,2064,Lane ESD,200,Special Revenue Funds,5400,Resources - Beginning Fund Balance,571337.16
2018-19,2064,Lane ESD,300,Debt Service Funds,1500,Earnings on Investments,9599.72
2018-19,2064,Lane ESD,300,Debt Service Funds,1970,Services Provided Other Funds,736692.75
2018-19,2064,Lane ESD,300,Debt Service Funds,5400,Resources - Beginning Fund Balance,40225.34
2018-19,2064,Lane ESD,400,Capital Projects Funds,1920,Contributions and Donations From Private Sources,101713.23
2018-19,2064,Lane ESD,200,Special Revenue Funds,1990,Miscellaneous,92689.99
2018-19,2064,Lane ESD,200,Special Revenue Funds,3299,Other Restricted Grants-In-Aid,11654610.8
2018-19,2064,Lane ESD,200,Special Revenue Funds,4300,Restricted Revenue Direct From the Federal Government,67710.41
2018-19,2064,Lane ESD,200,Special Revenue Funds,4500,Restricted Revenue From Federal Government Through the State,4748170.95
2018-19,2064,Lane ESD,200,Special Revenue Funds,4700,Grants-In-Aid From Federal Government Through Other Intermed,86504.71
2018-19,2064,Lane ESD,200,Special Revenue Funds,4900,Revenue for/on Behalf of the District,2471.44
2018-19,2064,Lane ESD,100,General Fund,1990,Miscellaneous,393197.71
2018-19,2064,Lane ESD,100,General Fund,3101,State School Fund --General Support,13004671.98
2018-19,2064,Lane ESD,100,General Fund,3104,State Managed County Timber,45609.36
2018-19,2064,Lane ESD,100,General Fund,5400,Resources - Beginning Fund Balance,2162841.34
2018-19,2064,Lane ESD,200,Special Revenue Funds,1920,Contributions and Donations From Private Sources,460316.47
2018-19,2064,Lane ESD,200,Special Revenue Funds,1940,Services Provided Other Local Education Agencies,430753.16
2018-19,2081,Pleasant Hill SD 1,100,General Fund,1110,Ad valorem taxes levied by district,2986954.96
2018-19,2081,Pleasant Hill SD 1,100,General Fund,1190,Penalties and interest on taxes,11216.31
2018-19,2081,Pleasant Hill SD 1,100,General Fund,1411,Transportation fees from Individuals,8543.1
2018-19,2081,Pleasant Hill SD 1,100,General Fund,1500,Earnings on Investments,138452.14
2018-19,2081,Pleasant Hill SD 1,100,General Fund,1700,Extra-Curricular Activities,60377.81
2018-19,2081,Pleasant Hill SD 1,100,General Fund,1910,Rentals,5965.88
2018-19,2081,Pleasant Hill SD 1,300,Debt Service Funds,5400,Resources - Beginning Fund Balance,143586.29
2018-19,2081,Pleasant Hill SD 1,200,Special Revenue Funds,5200,Interfund Transfers,272000
2018-19,2081,Pleasant Hill SD 1,200,Special Revenue Funds,5300,Sale of or Compensation for Loss of Fixed Assets,160.45
2018-19,2081,Pleasant Hill SD 1,200,Special Revenue Funds,5400,Resources - Beginning Fund Balance,1395452.1
2018-19,2081,Pleasant Hill SD 1,300,Debt Service Funds,1110,Ad valorem taxes levied by district,1389094.56
2018-19,2081,Pleasant Hill SD 1,300,Debt Service Funds,1190,Penalties and interest on taxes,4466.39
2018-19,2081,Pleasant Hill SD 1,300,Debt Service Funds,1500,Earnings on Investments,16180.62
2018-19,2081,Pleasant Hill SD 1,200,Special Revenue Funds,1990,Miscellaneous,57343.18
2018-19,2081,Pleasant Hill SD 1,200,Special Revenue Funds,2200,Restricted Revenue,15369.13
2018-19,2081,Pleasant Hill SD 1,200,Special Revenue Funds,3102,State School Fund--School Lunch Match,2987.63
2018-19,2081,Pleasant Hill SD 1,200,Special Revenue Funds,3299,Other Restricted Grants-In-Aid,206167.28
2018-19,2081,Pleasant Hill SD 1,200,Special Revenue Funds,4500,Restricted Revenue From Federal Government Through the State,779876.89
2018-19,2081,Pleasant Hill SD 1,200,Special Revenue Funds,4700,Grants-In-Aid From Federal Government Through Other Intermed,55833.67
2018-19,2081,Pleasant Hill SD 1,100,General Fund,3299,Other Restricted Grants-In-Aid,51461.88
2018-19,2081,Pleasant Hill SD 1,100,General Fund,5400,Resources - Beginning Fund Balance,2219045.71
2018-19,2081,Pleasant Hill SD 1,200,Special Revenue Funds,1500,Earnings on Investments,279.35
2018-19,2081,Pleasant Hill SD 1,200,Special Revenue Funds,1600,Food Service,143745.67
2018-19,2081,Pleasant Hill SD 1,200,Special Revenue Funds,1700,Extra-Curricular Activities,250888.29
2018-19,2081,Pleasant Hill SD 1,200,Special Revenue Funds,1920,Contributions and Donations From Private Sources,61149.92
2018-19,2081,Pleasant Hill SD 1,100,General Fund,1990,Miscellaneous,25038.32
2018-19,2081,Pleasant Hill SD 1,100,General Fund,2101,County School Funds,72537.11
2018-19,2081,Pleasant Hill SD 1,100,General Fund,2200,Restricted Revenue,5255.6
2018-19,2081,Pleasant Hill SD 1,100,General Fund,3101,State School Fund --General Support,6998419.04
2018-19,2081,Pleasant Hill SD 1,100,General Fund,3103,Common School Fund,115355.56
2018-19,2081,Pleasant Hill SD 1,100,General Fund,3199,Other Unrestricted Grants-In-Aid,58500.79
2018-19,2082,Eugene SD 4J,100,General Fund,1110,Ad valorem taxes levied by district,72957891.35
2018-19,2082,Eugene SD 4J,100,General Fund,1120,Local option ad valorem taxes levied by district,17169025.04
2018-19,2082,Eugene SD 4J,100,General Fund,1190,Penalties and interest on taxes,250174
2018-19,2082,Eugene SD 4J,100,General Fund,1200,Revenue From Local Governmental Units Other Than Districts,26583.39
2018-19,2082,Eugene SD 4J,100,General Fund,1312,Tuition from Other Districts within the State,9352
2018-19,2082,Eugene SD 4J,100,General Fund,1500,Earnings on Investments,2121310.85
2018-19,2082,Eugene SD 4J,100,General Fund,5400,Resources - Beginning Fund Balance,30841856.76
2018-19,2082,Eugene SD 4J,200,Special Revenue Funds,5400,Resources - Beginning Fund Balance,10637263.81
2018-19,2082,Eugene SD 4J,300,Debt Service Funds,5400,Resources - Beginning Fund Balance,1753846.58
2018-19,2082,Eugene SD 4J,400,Capital Projects Funds,5400,Resources - Beginning Fund Balance,55384355.13
2018-19,2082,Eugene SD 4J,600,Internal Service Funds,5400,Resources - Beginning Fund Balance,14448806.89
2018-19,2082,Eugene SD 4J,600,Internal Service Funds,1990,Miscellaneous,33254411.98
2018-19,2082,Eugene SD 4J,600,Internal Service Funds,3900,Revenue for/on Behalf of the District,190755.89
2018-19,2082,Eugene SD 4J,600,Internal Service Funds,5200,Interfund Transfers,621500.36
2018-19,2082,Eugene SD 4J,700,Trust and Agency Funds,1920,Contributions and Donations From Private Sources,171144.71
2018-19,2082,Eugene SD 4J,700,Trust and Agency Funds,1990,Miscellaneous,2379.07
2018-19,2082,Eugene SD 4J,700,Trust and Agency Funds,3204,Driver Education,61534.84
2018-19,2082,Eugene SD 4J,400,Capital Projects Funds,1990,Miscellaneous,480228.62
2018-19,2082,Eugene SD 4J,400,Capital Projects Funds,3222,State School Fund (SSF) Transportation Equipment,1216529
2018-19,2082,Eugene SD 4J,400,Capital Projects Funds,5100,Long Term Debt Financing Sources,164225465.1
2018-19,2082,Eugene SD 4J,400,Capital Projects Funds,5200,Interfund Transfers,3291500
2018-19,2082,Eugene SD 4J,400,Capital Projects Funds,5300,Sale of or Compensation for Loss of Fixed Assets,97284.32
2018-19,2082,Eugene SD 4J,600,Internal Service Funds,1500,Earnings on Investments,147495
2018-19,2082,Eugene SD 4J,300,Debt Service Funds,1190,Penalties and interest on taxes,82846
2018-19,2082,Eugene SD 4J,300,Debt Service Funds,1500,Earnings on Investments,344811.29
2018-19,2082,Eugene SD 4J,300,Debt Service Funds,1990,Miscellaneous,5052900.49
2018-19,2082,Eugene SD 4J,300,Debt Service Funds,4900,Revenue for/on Behalf of the District,661290
2018-19,2082,Eugene SD 4J,400,Capital Projects Funds,1200,Revenue From Local Governmental Units Other Than Districts,59000.1
2018-19,2082,Eugene SD 4J,400,Capital Projects Funds,1500,Earnings on Investments,1806600.85
2018-19,2082,Eugene SD 4J,200,Special Revenue Funds,4300,Restricted Revenue Direct From the Federal Government,279814
2018-19,2082,Eugene SD 4J,200,Special Revenue Funds,4500,Restricted Revenue From Federal Government Through the State,12131890.3
2018-19,2082,Eugene SD 4J,200,Special Revenue Funds,4700,Grants-In-Aid From Federal Government Through Other Intermed,101.94
2018-19,2082,Eugene SD 4J,200,Special Revenue Funds,4900,Revenue for/on Behalf of the District,368201.92
2018-19,2082,Eugene SD 4J,200,Special Revenue Funds,5200,Interfund Transfers,1603402
2018-19,2082,Eugene SD 4J,300,Debt Service Funds,1110,Ad valorem taxes levied by district,24076530
2018-19,2082,Eugene SD 4J,200,Special Revenue Funds,2199,Other Intermediate Sources,11799.21
2018-19,2082,Eugene SD 4J,200,Special Revenue Funds,2900,Revenue for/on Behalf of the District,8899.71
2018-19,2082,Eugene SD 4J,200,Special Revenue Funds,3102,State School Fund--School Lunch Match,48158.65
2018-19,2082,Eugene SD 4J,200,Special Revenue Funds,3199,Other Unrestricted Grants-In-Aid,10445.63
2018-19,2082,Eugene SD 4J,200,Special Revenue Funds,3299,Other Restricted Grants-In-Aid,3927821.28
2018-19,2082,Eugene SD 4J,200,Special Revenue Funds,3900,Revenue for/on Behalf of the District,411000.22
2018-19,2082,Eugene SD 4J,200,Special Revenue Funds,1800,Community Services Activities,1498.73
2018-19,2082,Eugene SD 4J,200,Special Revenue Funds,1910,Rentals,49786.47
2018-19,2082,Eugene SD 4J,200,Special Revenue Funds,1920,Contributions and Donations From Private Sources,881061.13
2018-19,2082,Eugene SD 4J,200,Special Revenue Funds,1960,Recovery of Prior Years' Expenditure,11202.27
2018-19,2082,Eugene SD 4J,200,Special Revenue Funds,1990,Miscellaneous,2677603.7
2018-19,2082,Eugene SD 4J,200,Special Revenue Funds,2102,General Education Service District Funds,195000
2018-19,2082,Eugene SD 4J,100,General Fund,4801,Federal Forest Fees,692005.41
2018-19,2082,Eugene SD 4J,100,General Fund,4900,Revenue for/on Behalf of the District,350
2018-19,2082,Eugene SD 4J,100,General Fund,5200,Interfund Transfers,751000
2018-19,2082,Eugene SD 4J,200,Special Revenue Funds,1312,Tuition from Other Districts within the State,240452.79
2018-19,2082,Eugene SD 4J,200,Special Revenue Funds,1600,Food Service,1172743.88
2018-19,2082,Eugene SD 4J,200,Special Revenue Funds,1700,Extra-Curricular Activities,3075600.62
2018-19,2082,Eugene SD 4J,100,General Fund,2101,County School Funds,548096.35
2018-19,2082,Eugene SD 4J,100,General Fund,2102,General Education Service District Funds,2473785
2018-19,2082,Eugene SD 4J,100,General Fund,3101,State School Fund --General Support,86477007.49
2018-19,2082,Eugene SD 4J,100,General Fund,3103,Common School Fund,1971396.66
2018-19,2082,Eugene SD 4J,100,General Fund,3199,Other Unrestricted Grants-In-Aid,1449130.68
2018-19,2082,Eugene SD 4J,100,General Fund,3900,Revenue for/on Behalf of the District,43794.1
2018-19,2082,Eugene SD 4J,100,General Fund,1700,Extra-Curricular Activities,502190.33
2018-19,2082,Eugene SD 4J,100,General Fund,1800,Community Services Activities,118107.18
2018-19,2082,Eugene SD 4J,100,General Fund,1910,Rentals,307970.28
2018-19,2082,Eugene SD 4J,100,General Fund,1960,Recovery of Prior Years' Expenditure,67149.04
2018-19,2082,Eugene SD 4J,100,General Fund,1980,Fees Charged to Grants,459350.37
2018-19,2082,Eugene SD 4J,100,General Fund,1990,Miscellaneous,906948.55
2018-19,2083,Springfield SD 19,300,Debt Service Funds,1110,Ad valorem taxes levied by district,6982633.36
2018-19,2083,Springfield SD 19,100,General Fund,1500,Earnings on Investments,918803.49
2018-19,2083,Springfield SD 19,200,Special Revenue Funds,1500,Earnings on Investments,57178.05
2018-19,2083,Springfield SD 19,400,Capital Projects Funds,1500,Earnings on Investments,105075.89
2018-19,2083,Springfield SD 19,600,Internal Service Funds,1500,Earnings on Investments,82787.51
2018-19,2083,Springfield SD 19,100,General Fund,1110,Ad valorem taxes levied by district,26579916.89
2018-19,2083,Springfield SD 19,400,Capital Projects Funds,5400,Resources - Beginning Fund Balance,6647120.17
2018-19,2083,Springfield SD 19,600,Internal Service Funds,1970,Services Provided Other Funds,20149821.84
2018-19,2083,Springfield SD 19,600,Internal Service Funds,1990,Miscellaneous,313371.09
2018-19,2083,Springfield SD 19,600,Internal Service Funds,5400,Resources - Beginning Fund Balance,2388405.23
2018-19,2083,Springfield SD 19,700,Trust and Agency Funds,1970,Services Provided Other Funds,850000
2018-19,2083,Springfield SD 19,700,Trust and Agency Funds,5400,Resources - Beginning Fund Balance,467357.82
2018-19,2083,Springfield SD 19,400,Capital Projects Funds,1200,Revenue From Local Governmental Units Other Than Districts,5170
2018-19,2083,Springfield SD 19,400,Capital Projects Funds,1910,Rentals,178051.12
2018-19,2083,Springfield SD 19,400,Capital Projects Funds,1970,Services Provided Other Funds,452.5
2018-19,2083,Springfield SD 19,400,Capital Projects Funds,1990,Miscellaneous,9508.34
2018-19,2083,Springfield SD 19,400,Capital Projects Funds,3199,Other Unrestricted Grants-In-Aid,93123
2018-19,2083,Springfield SD 19,400,Capital Projects Funds,5300,Sale of or Compensation for Loss of Fixed Assets,500000
2018-19,2083,Springfield SD 19,200,Special Revenue Funds,5200,Interfund Transfers,2300000
2018-19,2083,Springfield SD 19,200,Special Revenue Funds,5300,Sale of or Compensation for Loss of Fixed Assets,30820
2018-19,2083,Springfield SD 19,200,Special Revenue Funds,5400,Resources - Beginning Fund Balance,6652936.17
2018-19,2083,Springfield SD 19,300,Debt Service Funds,1970,Services Provided Other Funds,5248512.18
2018-19,2083,Springfield SD 19,300,Debt Service Funds,5200,Interfund Transfers,421164
2018-19,2083,Springfield SD 19,300,Debt Service Funds,5400,Resources - Beginning Fund Balance,1155337.34
2018-19,2083,Springfield SD 19,200,Special Revenue Funds,3222,State School Fund (SSF) Transportation Equipment,430986.47
2018-19,2083,Springfield SD 19,200,Special Revenue Funds,3299,Other Restricted Grants-In-Aid,4027866.41
2018-19,2083,Springfield SD 19,200,Special Revenue Funds,4300,Restricted Revenue Direct From the Federal Government,261732.71
2018-19,2083,Springfield SD 19,200,Special Revenue Funds,4500,Restricted Revenue From Federal Government Through the State,10214441.49
2018-19,2083,Springfield SD 19,200,Special Revenue Funds,4700,Grants-In-Aid From Federal Government Through Other Intermed,191343.76
2018-19,2083,Springfield SD 19,200,Special Revenue Funds,4900,Revenue for/on Behalf of the District,308423.66
2018-19,2083,Springfield SD 19,200,Special Revenue Funds,1910,Rentals,156195.22
2018-19,2083,Springfield SD 19,200,Special Revenue Funds,1920,Contributions and Donations From Private Sources,195847.81
2018-19,2083,Springfield SD 19,200,Special Revenue Funds,1960,Recovery of Prior Years' Expenditure,17131.27
2018-19,2083,Springfield SD 19,200,Special Revenue Funds,1980,Fees Charged to Grants,476360.21
2018-19,2083,Springfield SD 19,200,Special Revenue Funds,1990,Miscellaneous,998935.69
2018-19,2083,Springfield SD 19,200,Special Revenue Funds,3102,State School Fund--School Lunch Match,40124.5
2018-19,2083,Springfield SD 19,100,General Fund,5300,Sale of or Compensation for Loss of Fixed Assets,305
2018-19,2083,Springfield SD 19,100,General Fund,5400,Resources - Beginning Fund Balance,10235349.23
2018-19,2083,Springfield SD 19,200,Special Revenue Funds,1200,Revenue From Local Governmental Units Other Than Districts,183401.26
2018-19,2083,Springfield SD 19,200,Special Revenue Funds,1330,Summer School Tuition,2827
2018-19,2083,Springfield SD 19,200,Special Revenue Funds,1700,Extra-Curricular Activities,2347881.05
2018-19,2083,Springfield SD 19,200,Special Revenue Funds,1800,Community Services Activities,88671.54
2018-19,2083,Springfield SD 19,100,General Fund,3103,Common School Fund,1212287.72
2018-19,2083,Springfield SD 19,100,General Fund,3199,Other Unrestricted Grants-In-Aid,128537.5
2018-19,2083,Springfield SD 19,100,General Fund,4201,Foster Transportation,81607.61
2018-19,2083,Springfield SD 19,100,General Fund,4500,Restricted Revenue From Federal Government Through the State,1756.05
2018-19,2083,Springfield SD 19,100,General Fund,4801,Federal Forest Fees,429165.65
2018-19,2083,Springfield SD 19,100,General Fund,4900,Revenue for/on Behalf of the District,12623.81
2018-19,2083,Springfield SD 19,100,General Fund,1910,Rentals,25690.75
2018-19,2083,Springfield SD 19,100,General Fund,1960,Recovery of Prior Years' Expenditure,12549.9
2018-19,2083,Springfield SD 19,100,General Fund,1990,Miscellaneous,142642.95
2018-19,2083,Springfield SD 19,100,General Fund,2101,County School Funds,338802.47
2018-19,2083,Springfield SD 19,100,General Fund,2102,General Education Service District Funds,2342410
2018-19,2083,Springfield SD 19,100,General Fund,3101,State School Fund --General Support,76086480.29
2018-19,2083,Springfield SD 19,200,Special Revenue Funds,1600,Food Service,364476.11
2018-19,2083,Springfield SD 19,300,Debt Service Funds,1500,Earnings on Investments,165024.58
2018-19,2083,Springfield SD 19,100,General Fund,1200,Revenue From Local Governmental Units Other Than Districts,17981.38
2018-19,2083,Springfield SD 19,100,General Fund,1330,Summer School Tuition,9022.7
2018-19,2083,Springfield SD 19,100,General Fund,1411,Transportation fees from Individuals,14037.42
2018-19,2083,Springfield SD 19,100,General Fund,1412,Transportation fees from Other Districts within the State,174.34
2018-19,2084,Fern Ridge SD 28J,100,General Fund,1110,Ad valorem taxes levied by district,4512174.45
2018-19,2084,Fern Ridge SD 28J,100,General Fund,1190,Penalties and interest on taxes,13525.09
2018-19,2084,Fern Ridge SD 28J,100,General Fund,1412,Transportation fees from Other Districts within the State,1417.07
2018-19,2084,Fern Ridge SD 28J,100,General Fund,1500,Earnings on Investments,151508.86
2018-19,2084,Fern Ridge SD 28J,100,General Fund,1700,Extra-Curricular Activities,1562
2018-19,2084,Fern Ridge SD 28J,100,General Fund,1910,Rentals,3922.76
2018-19,2084,Fern Ridge SD 28J,300,Debt Service Funds,1970,Services Provided Other Funds,630763.21
2018-19,2084,Fern Ridge SD 28J,300,Debt Service Funds,1990,Miscellaneous,-6329
2018-19,2084,Fern Ridge SD 28J,300,Debt Service Funds,5400,Resources - Beginning Fund Balance,-19827.73
2018-19,2084,Fern Ridge SD 28J,400,Capital Projects Funds,1500,Earnings on Investments,6678.93
2018-19,2084,Fern Ridge SD 28J,400,Capital Projects Funds,5400,Resources - Beginning Fund Balance,412454.85
2018-19,2084,Fern Ridge SD 28J,200,Special Revenue Funds,4700,Grants-In-Aid From Federal Government Through Other Intermed,76592.16
2018-19,2084,Fern Ridge SD 28J,200,Special Revenue Funds,5200,Interfund Transfers,821674.85
2018-19,2084,Fern Ridge SD 28J,200,Special Revenue Funds,5400,Resources - Beginning Fund Balance,3368138.23
2018-19,2084,Fern Ridge SD 28J,300,Debt Service Funds,1110,Ad valorem taxes levied by district,2018564.11
2018-19,2084,Fern Ridge SD 28J,300,Debt Service Funds,1190,Penalties and interest on taxes,6069.36
2018-19,2084,Fern Ridge SD 28J,300,Debt Service Funds,1500,Earnings on Investments,20877.11
2018-19,2084,Fern Ridge SD 28J,200,Special Revenue Funds,1920,Contributions and Donations From Private Sources,31670.46
2018-19,2084,Fern Ridge SD 28J,200,Special Revenue Funds,1940,Services Provided Other Local Education Agencies,389.45
2018-19,2084,Fern Ridge SD 28J,200,Special Revenue Funds,1990,Miscellaneous,100262.54
2018-19,2084,Fern Ridge SD 28J,200,Special Revenue Funds,3101,State School Fund --General Support,693384.36
2018-19,2084,Fern Ridge SD 28J,200,Special Revenue Funds,3299,Other Restricted Grants-In-Aid,270761.33
2018-19,2084,Fern Ridge SD 28J,200,Special Revenue Funds,4500,Restricted Revenue From Federal Government Through the State,1411586.53
2018-19,2084,Fern Ridge SD 28J,100,General Fund,5400,Resources - Beginning Fund Balance,2554632.41
2018-19,2084,Fern Ridge SD 28J,200,Special Revenue Funds,1130,Construction Excise Tax,57552.34
2018-19,2084,Fern Ridge SD 28J,200,Special Revenue Funds,1411,Transportation fees from Individuals,580.66
2018-19,2084,Fern Ridge SD 28J,200,Special Revenue Funds,1500,Earnings on Investments,67260.37
2018-19,2084,Fern Ridge SD 28J,200,Special Revenue Funds,1600,Food Service,159552.05
2018-19,2084,Fern Ridge SD 28J,200,Special Revenue Funds,1700,Extra-Curricular Activities,369799.68
2018-19,2084,Fern Ridge SD 28J,100,General Fund,2102,General Education Service District Funds,206022
2018-19,2084,Fern Ridge SD 28J,100,General Fund,3101,State School Fund --General Support,7486189.57
2018-19,2084,Fern Ridge SD 28J,100,General Fund,3103,Common School Fund,168121.3
2018-19,2084,Fern Ridge SD 28J,100,General Fund,3104,State Managed County Timber,1491353.51
2018-19,2084,Fern Ridge SD 28J,100,General Fund,4500,Restricted Revenue From Federal Government Through the State,435
2018-19,2084,Fern Ridge SD 28J,100,General Fund,4801,Federal Forest Fees,59078.06
2018-19,2084,Fern Ridge SD 28J,100,General Fund,1930,Rental or Lease Payments from Private Contractors,14483.22
2018-19,2084,Fern Ridge SD 28J,100,General Fund,1940,Services Provided Other Local Education Agencies,13321.92
2018-19,2084,Fern Ridge SD 28J,100,General Fund,1960,Recovery of Prior Years' Expenditure,-2003.05
2018-19,2084,Fern Ridge SD 28J,100,General Fund,1980,Fees Charged to Grants,23827.25
2018-19,2084,Fern Ridge SD 28J,100,General Fund,1990,Miscellaneous,186304.22
2018-19,2084,Fern Ridge SD 28J,100,General Fund,2101,County School Funds,46638.85
2018-19,2085,Mapleton SD 32,400,Capital Projects Funds,3299,Other Restricted Grants-In-Aid,653646
2018-19,2085,Mapleton SD 32,100,General Fund,1110,Ad valorem taxes levied by district,666579.6
2018-19,2085,Mapleton SD 32,100,General Fund,3299,Other Restricted Grants-In-Aid,58892.79
2018-19,2085,Mapleton SD 32,400,Capital Projects Funds,3199,Other Unrestricted Grants-In-Aid,180152.93
2018-19,2085,Mapleton SD 32,400,Capital Projects Funds,4300,Restricted Revenue Direct From the Federal Government,7977
2018-19,2085,Mapleton SD 32,400,Capital Projects Funds,5200,Interfund Transfers,25000
2018-19,2085,Mapleton SD 32,100,General Fund,5400,Resources - Beginning Fund Balance,1389520.46
2018-19,2085,Mapleton SD 32,400,Capital Projects Funds,5400,Resources - Beginning Fund Balance,1527039.25
2018-19,2085,Mapleton SD 32,200,Special Revenue Funds,5400,Resources - Beginning Fund Balance,147612.15
2018-19,2085,Mapleton SD 32,300,Debt Service Funds,5400,Resources - Beginning Fund Balance,11197.25
2018-19,2085,Mapleton SD 32,200,Special Revenue Funds,4500,Restricted Revenue From Federal Government Through the State,270057.24
2018-19,2085,Mapleton SD 32,200,Special Revenue Funds,4900,Revenue for/on Behalf of the District,6225.19
2018-19,2085,Mapleton SD 32,200,Special Revenue Funds,5200,Interfund Transfers,39350.32
2018-19,2085,Mapleton SD 32,300,Debt Service Funds,1110,Ad valorem taxes levied by district,171800.57
2018-19,2085,Mapleton SD 32,300,Debt Service Funds,1190,Penalties and interest on taxes,318.84
2018-19,2085,Mapleton SD 32,400,Capital Projects Funds,1500,Earnings on Investments,5295.62
2018-19,2085,Mapleton SD 32,200,Special Revenue Funds,1920,Contributions and Donations From Private Sources,27734
2018-19,2085,Mapleton SD 32,200,Special Revenue Funds,1990,Miscellaneous,45962.4
2018-19,2085,Mapleton SD 32,200,Special Revenue Funds,2200,Restricted Revenue,28817.56
2018-19,2085,Mapleton SD 32,200,Special Revenue Funds,3102,State School Fund--School Lunch Match,794.87
2018-19,2085,Mapleton SD 32,200,Special Revenue Funds,3222,State School Fund (SSF) Transportation Equipment,42395.46
2018-19,2085,Mapleton SD 32,200,Special Revenue Funds,3299,Other Restricted Grants-In-Aid,34112.62
2018-19,2085,Mapleton SD 32,100,General Fund,2101,County School Funds,10402.66
2018-19,2085,Mapleton SD 32,100,General Fund,3101,State School Fund --General Support,1538425.01
2018-19,2085,Mapleton SD 32,100,General Fund,3103,Common School Fund,16543.32
2018-19,2085,Mapleton SD 32,100,General Fund,3104,State Managed County Timber,419043.38
2018-19,2085,Mapleton SD 32,200,Special Revenue Funds,1500,Earnings on Investments,1664.12
2018-19,2085,Mapleton SD 32,200,Special Revenue Funds,1600,Food Service,869.25
2018-19,2085,Mapleton SD 32,100,General Fund,1190,Penalties and interest on taxes,2428.16
2018-19,2085,Mapleton SD 32,100,General Fund,1500,Earnings on Investments,41342.57
2018-19,2085,Mapleton SD 32,100,General Fund,1910,Rentals,4800
2018-19,2085,Mapleton SD 32,100,General Fund,1920,Contributions and Donations From Private Sources,5374.57
2018-19,2085,Mapleton SD 32,100,General Fund,1990,Miscellaneous,2083.83
2018-19,2086,Creswell SD 40,100,General Fund,1110,Ad valorem taxes levied by district,3356949.2
2018-19,2086,Creswell SD 40,100,General Fund,1500,Earnings on Investments,122560.81
2018-19,2086,Creswell SD 40,100,General Fund,1700,Extra-Curricular Activities,1236.9
2018-19,2086,Creswell SD 40,100,General Fund,1910,Rentals,10162
2018-19,2086,Creswell SD 40,100,General Fund,1920,Contributions and Donations From Private Sources,1855.03
2018-19,2086,Creswell SD 40,100,General Fund,1940,Services Provided Other Local Education Agencies,1155
2018-19,2086,Creswell SD 40,300,Debt Service Funds,1500,Earnings on Investments,37334.96
2018-19,2086,Creswell SD 40,300,Debt Service Funds,1970,Services Provided Other Funds,391505.68
2018-19,2086,Creswell SD 40,300,Debt Service Funds,5400,Resources - Beginning Fund Balance,219227.2
2018-19,2086,Creswell SD 40,200,Special Revenue Funds,1600,Food Service,105768.69
2018-19,2086,Creswell SD 40,200,Special Revenue Funds,1700,Extra-Curricular Activities,273424.38
2018-19,2086,Creswell SD 40,200,Special Revenue Funds,1920,Contributions and Donations From Private Sources,135364.89
2018-19,2086,Creswell SD 40,200,Special Revenue Funds,3299,Other Restricted Grants-In-Aid,453144.64
2018-19,2086,Creswell SD 40,200,Special Revenue Funds,4500,Restricted Revenue From Federal Government Through the State,1049801.68
2018-19,2086,Creswell SD 40,200,Special Revenue Funds,4900,Revenue for/on Behalf of the District,31256.7
2018-19,2086,Creswell SD 40,200,Special Revenue Funds,5200,Interfund Transfers,734862.43
2018-19,2086,Creswell SD 40,200,Special Revenue Funds,5400,Resources - Beginning Fund Balance,1120402.5
2018-19,2086,Creswell SD 40,300,Debt Service Funds,1110,Ad valorem taxes levied by district,1776510
2018-19,2086,Creswell SD 40,100,General Fund,5400,Resources - Beginning Fund Balance,2033926.52
2018-19,2086,Creswell SD 40,200,Special Revenue Funds,1130,Construction Excise Tax,42767.11
2018-19,2086,Creswell SD 40,200,Special Revenue Funds,1500,Earnings on Investments,19531.29
2018-19,2086,Creswell SD 40,200,Special Revenue Funds,1990,Miscellaneous,32912.53
2018-19,2086,Creswell SD 40,200,Special Revenue Funds,3102,State School Fund--School Lunch Match,3965.27
2018-19,2086,Creswell SD 40,200,Special Revenue Funds,3222,State School Fund (SSF) Transportation Equipment,80952.87
2018-19,2086,Creswell SD 40,100,General Fund,1990,Miscellaneous,169862.88
2018-19,2086,Creswell SD 40,100,General Fund,2101,County School Funds,88791.75
2018-19,2086,Creswell SD 40,100,General Fund,2800,Revenue in Lieu of Taxes,2097.43
2018-19,2086,Creswell SD 40,100,General Fund,3101,State School Fund --General Support,9399779.58
2018-19,2086,Creswell SD 40,100,General Fund,3103,Common School Fund,141205.26
2018-19,2086,Creswell SD 40,100,General Fund,3199,Other Unrestricted Grants-In-Aid,270613.5
2018-19,2087,South Lane SD 45J3,100,General Fund,1190,Penalties and interest on taxes,39350.02
2018-19,2087,South Lane SD 45J3,100,General Fund,1330,Summer School Tuition,1400
2018-19,2087,South Lane SD 45J3,100,General Fund,1500,Earnings on Investments,200680.4
2018-19,2087,South Lane SD 45J3,100,General Fund,1920,Contributions and Donations From Private Sources,42.5
2018-19,2087,South Lane SD 45J3,100,General Fund,1980,Fees Charged to Grants,363.12
2018-19,2087,South Lane SD 45J3,100,General Fund,1990,Miscellaneous,213432.47
2018-19,2087,South Lane SD 45J3,100,General Fund,1110,Ad valorem taxes levied by district,7231072.73
2018-19,2087,South Lane SD 45J3,600,Internal Service Funds,1500,Earnings on Investments,24571.84
2018-19,2087,South Lane SD 45J3,600,Internal Service Funds,1970,Services Provided Other Funds,2255635.28
2018-19,2087,South Lane SD 45J3,600,Internal Service Funds,5400,Resources - Beginning Fund Balance,171833.45
2018-19,2087,South Lane SD 45J3,700,Trust and Agency Funds,1500,Earnings on Investments,9220.6
2018-19,2087,South Lane SD 45J3,700,Trust and Agency Funds,5400,Resources - Beginning Fund Balance,354685.66
2018-19,2087,South Lane SD 45J3,100,General Fund,1312,Tuition from Other Districts within the State,940.08
2018-19,2087,South Lane SD 45J3,400,Capital Projects Funds,1920,Contributions and Donations From Private Sources,267896
2018-19,2087,South Lane SD 45J3,400,Capital Projects Funds,1990,Miscellaneous,55211.46
2018-19,2087,South Lane SD 45J3,400,Capital Projects Funds,2200,Restricted Revenue,62945
2018-19,2087,South Lane SD 45J3,400,Capital Projects Funds,3299,Other Restricted Grants-In-Aid,4000000
2018-19,2087,South Lane SD 45J3,400,Capital Projects Funds,5200,Interfund Transfers,281000
2018-19,2087,South Lane SD 45J3,400,Capital Projects Funds,5400,Resources - Beginning Fund Balance,8786631.86
2018-19,2087,South Lane SD 45J3,300,Debt Service Funds,1500,Earnings on Investments,50035.85
2018-19,2087,South Lane SD 45J3,300,Debt Service Funds,5200,Interfund Transfers,202900
2018-19,2087,South Lane SD 45J3,300,Debt Service Funds,5400,Resources - Beginning Fund Balance,837581.14
2018-19,2087,South Lane SD 45J3,400,Capital Projects Funds,1130,Construction Excise Tax,86028.97
2018-19,2087,South Lane SD 45J3,400,Capital Projects Funds,1500,Earnings on Investments,164416.83
2018-19,2087,South Lane SD 45J3,400,Capital Projects Funds,1910,Rentals,49175
2018-19,2087,South Lane SD 45J3,200,Special Revenue Funds,4500,Restricted Revenue From Federal Government Through the State,2803962.02
2018-19,2087,South Lane SD 45J3,200,Special Revenue Funds,4700,Grants-In-Aid From Federal Government Through Other Intermed,930
2018-19,2087,South Lane SD 45J3,200,Special Revenue Funds,4900,Revenue for/on Behalf of the District,103588.75
2018-19,2087,South Lane SD 45J3,200,Special Revenue Funds,5200,Interfund Transfers,1047000
2018-19,2087,South Lane SD 45J3,200,Special Revenue Funds,5400,Resources - Beginning Fund Balance,1992534
2018-19,2087,South Lane SD 45J3,300,Debt Service Funds,1110,Ad valorem taxes levied by district,2739493.19
2018-19,2087,South Lane SD 45J3,200,Special Revenue Funds,1700,Extra-Curricular Activities,815485.7
2018-19,2087,South Lane SD 45J3,200,Special Revenue Funds,1800,Community Services Activities,20837.66
2018-19,2087,South Lane SD 45J3,200,Special Revenue Funds,1920,Contributions and Donations From Private Sources,555346.44
2018-19,2087,South Lane SD 45J3,200,Special Revenue Funds,1990,Miscellaneous,374869.64
2018-19,2087,South Lane SD 45J3,200,Special Revenue Funds,2200,Restricted Revenue,516551.7
2018-19,2087,South Lane SD 45J3,200,Special Revenue Funds,3299,Other Restricted Grants-In-Aid,608411.45
2018-19,2087,South Lane SD 45J3,100,General Fund,4801,Federal Forest Fees,109801.18
2018-19,2087,South Lane SD 45J3,100,General Fund,5100,Long Term Debt Financing Sources,304846
2018-19,2087,South Lane SD 45J3,100,General Fund,5200,Interfund Transfers,5884.5
2018-19,2087,South Lane SD 45J3,100,General Fund,5400,Resources - Beginning Fund Balance,2152335.3
2018-19,2087,South Lane SD 45J3,200,Special Revenue Funds,1500,Earnings on Investments,1725.63
2018-19,2087,South Lane SD 45J3,200,Special Revenue Funds,1600,Food Service,257499.32
2018-19,2087,South Lane SD 45J3,100,General Fund,2101,County School Funds,86681.95
2018-19,2087,South Lane SD 45J3,100,General Fund,2200,Restricted Revenue,235266
2018-19,2087,South Lane SD 45J3,100,General Fund,3101,State School Fund --General Support,21593010.33
2018-19,2087,South Lane SD 45J3,100,General Fund,3103,Common School Fund,308951.06
2018-19,2087,South Lane SD 45J3,100,General Fund,3299,Other Restricted Grants-In-Aid,166302.05
2018-19,2087,South Lane SD 45J3,100,General Fund,4500,Restricted Revenue From Federal Government Through the State,8130.4
2018-19,2088,Bethel SD 52,100,General Fund,1190,Penalties and interest on taxes,52555.53
2018-19,2088,Bethel SD 52,100,General Fund,1200,Revenue From Local Governmental Units Other Than Districts,933.7
2018-19,2088,Bethel SD 52,100,General Fund,1330,Summer School Tuition,1627.74
2018-19,2088,Bethel SD 52,100,General Fund,1500,Earnings on Investments,594559.87
2018-19,2088,Bethel SD 52,100,General Fund,1910,Rentals,142669.69
2018-19,2088,Bethel SD 52,100,General Fund,1920,Contributions and Donations From Private Sources,18598.63
2018-19,2088,Bethel SD 52,400,Capital Projects Funds,5400,Resources - Beginning Fund Balance,1684505
2018-19,2088,Bethel SD 52,700,Trust and Agency Funds,5400,Resources - Beginning Fund Balance,793767
2018-19,2088,Bethel SD 52,100,General Fund,1110,Ad valorem taxes levied by district,16372670.62
2018-19,2088,Bethel SD 52,200,Special Revenue Funds,5400,Resources - Beginning Fund Balance,3974804
2018-19,2088,Bethel SD 52,300,Debt Service Funds,5400,Resources - Beginning Fund Balance,381044
2018-19,2088,Bethel SD 52,600,Internal Service Funds,5400,Resources - Beginning Fund Balance,108188
2018-19,2088,Bethel SD 52,100,General Fund,5400,Resources - Beginning Fund Balance,10175965
2018-19,2088,Bethel SD 52,700,Trust and Agency Funds,1920,Contributions and Donations From Private Sources,3161.11
2018-19,2088,Bethel SD 52,700,Trust and Agency Funds,1990,Miscellaneous,101779.2
2018-19,2088,Bethel SD 52,700,Trust and Agency Funds,5200,Interfund Transfers,192585.17
2018-19,2088,Bethel SD 52,600,Internal Service Funds,1970,Services Provided Other Funds,68811.72
2018-19,2088,Bethel SD 52,600,Internal Service Funds,1990,Miscellaneous,22813.16
2018-19,2088,Bethel SD 52,600,Internal Service Funds,5100,Long Term Debt Financing Sources,64000
2018-19,2088,Bethel SD 52,600,Internal Service Funds,5200,Interfund Transfers,22757.28
2018-19,2088,Bethel SD 52,700,Trust and Agency Funds,1500,Earnings on Investments,20264.71
2018-19,2088,Bethel SD 52,700,Trust and Agency Funds,1800,Community Services Activities,123528.96
2018-19,2088,Bethel SD 52,300,Debt Service Funds,1110,Ad valorem taxes levied by district,5030684.68
2018-19,2088,Bethel SD 52,300,Debt Service Funds,1190,Penalties and interest on taxes,17334.15
2018-19,2088,Bethel SD 52,300,Debt Service Funds,1200,Revenue From Local Governmental Units Other Than Districts,310.83
2018-19,2088,Bethel SD 52,300,Debt Service Funds,1500,Earnings on Investments,58468.17
2018-19,2088,Bethel SD 52,400,Capital Projects Funds,1500,Earnings on Investments,29144.85
2018-19,2088,Bethel SD 52,400,Capital Projects Funds,1990,Miscellaneous,11.06
2018-19,2088,Bethel SD 52,200,Special Revenue Funds,4300,Restricted Revenue Direct From the Federal Government,54250.6
2018-19,2088,Bethel SD 52,200,Special Revenue Funds,4500,Restricted Revenue From Federal Government Through the State,5634286.77
2018-19,2088,Bethel SD 52,200,Special Revenue Funds,4700,Grants-In-Aid From Federal Government Through Other Intermed,183790.14
2018-19,2088,Bethel SD 52,200,Special Revenue Funds,4900,Revenue for/on Behalf of the District,202169.47
2018-19,2088,Bethel SD 52,200,Special Revenue Funds,5200,Interfund Transfers,2512.06
2018-19,2088,Bethel SD 52,200,Special Revenue Funds,5300,Sale of or Compensation for Loss of Fixed Assets,6058.6
2018-19,2088,Bethel SD 52,200,Special Revenue Funds,1990,Miscellaneous,245635.88
2018-19,2088,Bethel SD 52,200,Special Revenue Funds,2200,Restricted Revenue,388138.23
2018-19,2088,Bethel SD 52,200,Special Revenue Funds,2800,Revenue in Lieu of Taxes,226502.68
2018-19,2088,Bethel SD 52,200,Special Revenue Funds,3102,State School Fund--School Lunch Match,24110.97
2018-19,2088,Bethel SD 52,200,Special Revenue Funds,3222,State School Fund (SSF) Transportation Equipment,83409.83
2018-19,2088,Bethel SD 52,200,Special Revenue Funds,3299,Other Restricted Grants-In-Aid,1849941.74
2018-19,2088,Bethel SD 52,200,Special Revenue Funds,1200,Revenue From Local Governmental Units Other Than Districts,26012.72
2018-19,2088,Bethel SD 52,200,Special Revenue Funds,1500,Earnings on Investments,24509.08
2018-19,2088,Bethel SD 52,200,Special Revenue Funds,1600,Food Service,266528.05
2018-19,2088,Bethel SD 52,200,Special Revenue Funds,1700,Extra-Curricular Activities,1241895.49
2018-19,2088,Bethel SD 52,200,Special Revenue Funds,1920,Contributions and Donations From Private Sources,66982.5
2018-19,2088,Bethel SD 52,200,Special Revenue Funds,1960,Recovery of Prior Years' Expenditure,6304.3
2018-19,2088,Bethel SD 52,100,General Fund,4500,Restricted Revenue From Federal Government Through the State,18541.43
2018-19,2088,Bethel SD 52,100,General Fund,4801,Federal Forest Fees,224097.06
2018-19,2088,Bethel SD 52,100,General Fund,5100,Long Term Debt Financing Sources,52000
2018-19,2088,Bethel SD 52,100,General Fund,5200,Interfund Transfers,354999.32
2018-19,2088,Bethel SD 52,100,General Fund,5300,Sale of or Compensation for Loss of Fixed Assets,79090
2018-19,2088,Bethel SD 52,200,Special Revenue Funds,1130,Construction Excise Tax,136926.5
2018-19,2088,Bethel SD 52,100,General Fund,1990,Miscellaneous,171621.17
2018-19,2088,Bethel SD 52,100,General Fund,2101,County School Funds,176912.2
2018-19,2088,Bethel SD 52,100,General Fund,2200,Restricted Revenue,1262205
2018-19,2088,Bethel SD 52,100,General Fund,3101,State School Fund --General Support,38596756.35
2018-19,2088,Bethel SD 52,100,General Fund,3103,Common School Fund,637723.84
2018-19,2088,Bethel SD 52,100,General Fund,3199,Other Unrestricted Grants-In-Aid,351353.59
2018-19,2089,Crow-Applegate-Lorane SD 66,100,General Fund,1110,Ad valorem taxes levied by district,1238175.75
2018-19,2089,Crow-Applegate-Lorane SD 66,100,General Fund,1120,Local option ad valorem taxes levied by district,222171.9
2018-19,2089,Crow-Applegate-Lorane SD 66,100,General Fund,1190,Penalties and interest on taxes,4951.16
2018-19,2089,Crow-Applegate-Lorane SD 66,100,General Fund,1500,Earnings on Investments,24478.69
2018-19,2089,Crow-Applegate-Lorane SD 66,100,General Fund,1700,Extra-Curricular Activities,5109.37
2018-19,2089,Crow-Applegate-Lorane SD 66,100,General Fund,1920,Contributions and Donations From Private Sources,3821.39
2018-19,2089,Crow-Applegate-Lorane SD 66,400,Capital Projects Funds,5400,Resources - Beginning Fund Balance,4135581.93
2018-19,2089,Crow-Applegate-Lorane SD 66,300,Debt Service Funds,1110,Ad valorem taxes levied by district,246637.67
2018-19,2089,Crow-Applegate-Lorane SD 66,300,Debt Service Funds,1500,Earnings on Investments,2215.37
2018-19,2089,Crow-Applegate-Lorane SD 66,300,Debt Service Funds,5400,Resources - Beginning Fund Balance,15037.54
2018-19,2089,Crow-Applegate-Lorane SD 66,400,Capital Projects Funds,1500,Earnings on Investments,82045.58
2018-19,2089,Crow-Applegate-Lorane SD 66,400,Capital Projects Funds,3299,Other Restricted Grants-In-Aid,3508692.27
2018-19,2089,Crow-Applegate-Lorane SD 66,400,Capital Projects Funds,5300,Sale of or Compensation for Loss of Fixed Assets,1150
2018-19,2089,Crow-Applegate-Lorane SD 66,200,Special Revenue Funds,4500,Restricted Revenue From Federal Government Through the State,200239.01
2018-19,2089,Crow-Applegate-Lorane SD 66,200,Special Revenue Funds,4700,Grants-In-Aid From Federal Government Through Other Intermed,26191.65
2018-19,2089,Crow-Applegate-Lorane SD 66,200,Special Revenue Funds,4900,Revenue for/on Behalf of the District,7550.01
2018-19,2089,Crow-Applegate-Lorane SD 66,200,Special Revenue Funds,5200,Interfund Transfers,146427.15
2018-19,2089,Crow-Applegate-Lorane SD 66,200,Special Revenue Funds,5300,Sale of or Compensation for Loss of Fixed Assets,500
2018-19,2089,Crow-Applegate-Lorane SD 66,200,Special Revenue Funds,5400,Resources - Beginning Fund Balance,194892.6
2018-19,2089,Crow-Applegate-Lorane SD 66,200,Special Revenue Funds,1700,Extra-Curricular Activities,53808.19
2018-19,2089,Crow-Applegate-Lorane SD 66,200,Special Revenue Funds,1920,Contributions and Donations From Private Sources,34052.9
2018-19,2089,Crow-Applegate-Lorane SD 66,200,Special Revenue Funds,1990,Miscellaneous,7096.88
2018-19,2089,Crow-Applegate-Lorane SD 66,200,Special Revenue Funds,3222,State School Fund (SSF) Transportation Equipment,28486
2018-19,2089,Crow-Applegate-Lorane SD 66,200,Special Revenue Funds,3299,Other Restricted Grants-In-Aid,64343.72
2018-19,2089,Crow-Applegate-Lorane SD 66,200,Special Revenue Funds,4300,Restricted Revenue Direct From the Federal Government,19307
2018-19,2089,Crow-Applegate-Lorane SD 66,100,General Fund,3199,Other Unrestricted Grants-In-Aid,18273.09
2018-19,2089,Crow-Applegate-Lorane SD 66,100,General Fund,3299,Other Restricted Grants-In-Aid,41364.17
2018-19,2089,Crow-Applegate-Lorane SD 66,100,General Fund,4801,Federal Forest Fees,9320.6
2018-19,2089,Crow-Applegate-Lorane SD 66,100,General Fund,5400,Resources - Beginning Fund Balance,355103.71
2018-19,2089,Crow-Applegate-Lorane SD 66,200,Special Revenue Funds,1500,Earnings on Investments,1349.93
2018-19,2089,Crow-Applegate-Lorane SD 66,200,Special Revenue Funds,1600,Food Service,34880.46
2018-19,2089,Crow-Applegate-Lorane SD 66,100,General Fund,1980,Fees Charged to Grants,6824.94
2018-19,2089,Crow-Applegate-Lorane SD 66,100,General Fund,1990,Miscellaneous,9145.99
2018-19,2089,Crow-Applegate-Lorane SD 66,100,General Fund,2101,County School Funds,7358.09
2018-19,2089,Crow-Applegate-Lorane SD 66,100,General Fund,3101,State School Fund --General Support,2202971.79
2018-19,2089,Crow-Applegate-Lorane SD 66,100,General Fund,3103,Common School Fund,26524.08
2018-19,2089,Crow-Applegate-Lorane SD 66,100,General Fund,3104,State Managed County Timber,15764.11
2018-19,2090,McKenzie SD 68,100,General Fund,1110,Ad valorem taxes levied by district,1800943.9
2018-19,2090,McKenzie SD 68,100,General Fund,1190,Penalties and interest on taxes,3871.04
2018-19,2090,McKenzie SD 68,100,General Fund,1500,Earnings on Investments,16302.71
2018-19,2090,McKenzie SD 68,100,General Fund,1700,Extra-Curricular Activities,125
2018-19,2090,McKenzie SD 68,100,General Fund,1990,Miscellaneous,9997.48
2018-19,2090,McKenzie SD 68,100,General Fund,2101,County School Funds,6375.99
2018-19,2090,McKenzie SD 68,200,Special Revenue Funds,5400,Resources - Beginning Fund Balance,239810.76
2018-19,2090,McKenzie SD 68,400,Capital Projects Funds,1130,Construction Excise Tax,6245.58
2018-19,2090,McKenzie SD 68,400,Capital Projects Funds,1500,Earnings on Investments,2215.21
2018-19,2090,McKenzie SD 68,400,Capital Projects Funds,5200,Interfund Transfers,7000
2018-19,2090,McKenzie SD 68,400,Capital Projects Funds,5400,Resources - Beginning Fund Balance,99379.32
2018-19,2090,McKenzie SD 68,100,General Fund,1312,Tuition from Other Districts within the State,0.48
2018-19,2090,McKenzie SD 68,200,Special Revenue Funds,2200,Restricted Revenue,55434.04
2018-19,2090,McKenzie SD 68,200,Special Revenue Funds,3102,State School Fund--School Lunch Match,1003.38
2018-19,2090,McKenzie SD 68,200,Special Revenue Funds,3299,Other Restricted Grants-In-Aid,97055.15
2018-19,2090,McKenzie SD 68,200,Special Revenue Funds,4500,Restricted Revenue From Federal Government Through the State,513934.31
2018-19,2090,McKenzie SD 68,200,Special Revenue Funds,4700,Grants-In-Aid From Federal Government Through Other Intermed,56351.6
2018-19,2090,McKenzie SD 68,200,Special Revenue Funds,5200,Interfund Transfers,136000
2018-19,2090,McKenzie SD 68,100,General Fund,5400,Resources - Beginning Fund Balance,707740.97
2018-19,2090,McKenzie SD 68,200,Special Revenue Funds,1500,Earnings on Investments,792.35
2018-19,2090,McKenzie SD 68,200,Special Revenue Funds,1600,Food Service,4667.33
2018-19,2090,McKenzie SD 68,200,Special Revenue Funds,1700,Extra-Curricular Activities,101397.4
2018-19,2090,McKenzie SD 68,200,Special Revenue Funds,1920,Contributions and Donations From Private Sources,4767
2018-19,2090,McKenzie SD 68,200,Special Revenue Funds,1990,Miscellaneous,30115.07
2018-19,2090,McKenzie SD 68,100,General Fund,2200,Restricted Revenue,28039.08
2018-19,2090,McKenzie SD 68,100,General Fund,3101,State School Fund --General Support,1094861.57
2018-19,2090,McKenzie SD 68,100,General Fund,3103,Common School Fund,22453.84
2018-19,2090,McKenzie SD 68,100,General Fund,3199,Other Unrestricted Grants-In-Aid,11873.67
2018-19,2090,McKenzie SD 68,100,General Fund,3299,Other Restricted Grants-In-Aid,182.4
2018-19,2090,McKenzie SD 68,100,General Fund,4801,Federal Forest Fees,8076.55
2018-19,2091,Junction City SD 69,100,General Fund,1110,Ad valorem taxes levied by district,5208160.97
2018-19,2091,Junction City SD 69,100,General Fund,1190,Penalties and interest on taxes,20032.38
2018-19,2091,Junction City SD 69,100,General Fund,1500,Earnings on Investments,150746.88
2018-19,2091,Junction City SD 69,100,General Fund,1700,Extra-Curricular Activities,13512.8
2018-19,2091,Junction City SD 69,100,General Fund,1910,Rentals,1136
2018-19,2091,Junction City SD 69,100,General Fund,1990,Miscellaneous,58069.08
2018-19,2091,Junction City SD 69,400,Capital Projects Funds,1960,Recovery of Prior Years' Expenditure,21237.5
2018-19,2091,Junction City SD 69,400,Capital Projects Funds,1990,Miscellaneous,27758
2018-19,2091,Junction City SD 69,400,Capital Projects Funds,3299,Other Restricted Grants-In-Aid,1354280.45
2018-19,2091,Junction City SD 69,400,Capital Projects Funds,5400,Resources - Beginning Fund Balance,7571832.64
2018-19,2091,Junction City SD 69,300,Debt Service Funds,1500,Earnings on Investments,20346.26
2018-19,2091,Junction City SD 69,300,Debt Service Funds,1970,Services Provided Other Funds,458211.24
2018-19,2091,Junction City SD 69,300,Debt Service Funds,4300,Restricted Revenue Direct From the Federal Government,60755.62
2018-19,2091,Junction City SD 69,300,Debt Service Funds,5200,Interfund Transfers,102000
2018-19,2091,Junction City SD 69,300,Debt Service Funds,5400,Resources - Beginning Fund Balance,55385.9
2018-19,2091,Junction City SD 69,400,Capital Projects Funds,1500,Earnings on Investments,75267.6
2018-19,2091,Junction City SD 69,200,Special Revenue Funds,4700,Grants-In-Aid From Federal Government Through Other Intermed,34364.38
2018-19,2091,Junction City SD 69,200,Special Revenue Funds,4900,Revenue for/on Behalf of the District,41467.5
2018-19,2091,Junction City SD 69,200,Special Revenue Funds,5100,Long Term Debt Financing Sources,125000
2018-19,2091,Junction City SD 69,200,Special Revenue Funds,5200,Interfund Transfers,817858.8
2018-19,2091,Junction City SD 69,200,Special Revenue Funds,5400,Resources - Beginning Fund Balance,3284779.66
2018-19,2091,Junction City SD 69,300,Debt Service Funds,1110,Ad valorem taxes levied by district,1797061.58
2018-19,2091,Junction City SD 69,200,Special Revenue Funds,1700,Extra-Curricular Activities,506440.73
2018-19,2091,Junction City SD 69,200,Special Revenue Funds,1800,Community Services Activities,70753
2018-19,2091,Junction City SD 69,200,Special Revenue Funds,1920,Contributions and Donations From Private Sources,148627.77
2018-19,2091,Junction City SD 69,200,Special Revenue Funds,1990,Miscellaneous,224177.13
2018-19,2091,Junction City SD 69,200,Special Revenue Funds,3299,Other Restricted Grants-In-Aid,654746.96
2018-19,2091,Junction City SD 69,200,Special Revenue Funds,4500,Restricted Revenue From Federal Government Through the State,1190940.36
2018-19,2091,Junction City SD 69,100,General Fund,5400,Resources - Beginning Fund Balance,2602419.2
2018-19,2091,Junction City SD 69,200,Special Revenue Funds,1130,Construction Excise Tax,79699.32
2018-19,2091,Junction City SD 69,200,Special Revenue Funds,1312,Tuition from Other Districts within the State,156000
2018-19,2091,Junction City SD 69,200,Special Revenue Funds,1411,Transportation fees from Individuals,7915.01
2018-19,2091,Junction City SD 69,200,Special Revenue Funds,1500,Earnings on Investments,11551.55
2018-19,2091,Junction City SD 69,200,Special Revenue Funds,1600,Food Service,127101.05
2018-19,2091,Junction City SD 69,100,General Fund,2101,County School Funds,119360.33
2018-19,2091,Junction City SD 69,100,General Fund,2102,General Education Service District Funds,110357
2018-19,2091,Junction City SD 69,100,General Fund,3101,State School Fund --General Support,11294053.37
2018-19,2091,Junction City SD 69,100,General Fund,3103,Common School Fund,189818.38
2018-19,2091,Junction City SD 69,100,General Fund,4900,Revenue for/on Behalf of the District,618.34
2018-19,2091,Junction City SD 69,100,General Fund,5100,Long Term Debt Financing Sources,13170000
2018-19,2092,Lowell SD 71,100,General Fund,1110,Ad valorem taxes levied by district,1184236.74
2018-19,2092,Lowell SD 71,100,General Fund,1190,Penalties and interest on taxes,3726.73
2018-19,2092,Lowell SD 71,100,General Fund,1500,Earnings on Investments,64442.38
2018-19,2092,Lowell SD 71,100,General Fund,1910,Rentals,60367.92
2018-19,2092,Lowell SD 71,100,General Fund,1920,Contributions and Donations From Private Sources,7470
2018-19,2092,Lowell SD 71,100,General Fund,1940,Services Provided Other Local Education Agencies,51331.77
2018-19,2092,Lowell SD 71,400,Capital Projects Funds,1500,Earnings on Investments,140864.41
2018-19,2092,Lowell SD 71,400,Capital Projects Funds,3299,Other Restricted Grants-In-Aid,1711691.22
2018-19,2092,Lowell SD 71,400,Capital Projects Funds,5100,Long Term Debt Financing Sources,2007500
2018-19,2092,Lowell SD 71,400,Capital Projects Funds,5200,Interfund Transfers,786000
2018-19,2092,Lowell SD 71,400,Capital Projects Funds,5400,Resources - Beginning Fund Balance,4414684.55
2018-19,2092,Lowell SD 71,500,Enterprise Funds,1940,Services Provided Other Local Education Agencies,64771.24
2018-19,2092,Lowell SD 71,200,Special Revenue Funds,5400,Resources - Beginning Fund Balance,234707.97
2018-19,2092,Lowell SD 71,300,Debt Service Funds,1110,Ad valorem taxes levied by district,249827.95
2018-19,2092,Lowell SD 71,300,Debt Service Funds,1190,Penalties and interest on taxes,116.26
2018-19,2092,Lowell SD 71,300,Debt Service Funds,1500,Earnings on Investments,1550.23
2018-19,2092,Lowell SD 71,300,Debt Service Funds,1910,Rentals,45000
2018-19,2092,Lowell SD 71,300,Debt Service Funds,5200,Interfund Transfers,342287.27
2018-19,2092,Lowell SD 71,200,Special Revenue Funds,4300,Restricted Revenue Direct From the Federal Government,46793.28
2018-19,2092,Lowell SD 71,200,Special Revenue Funds,4500,Restricted Revenue From Federal Government Through the State,560428.94
2018-19,2092,Lowell SD 71,200,Special Revenue Funds,4700,Grants-In-Aid From Federal Government Through Other Intermed,94195.02
2018-19,2092,Lowell SD 71,200,Special Revenue Funds,4900,Revenue for/on Behalf of the District,21365.69
2018-19,2092,Lowell SD 71,200,Special Revenue Funds,5100,Long Term Debt Financing Sources,199397
2018-19,2092,Lowell SD 71,200,Special Revenue Funds,5200,Interfund Transfers,328536.12
2018-19,2092,Lowell SD 71,200,Special Revenue Funds,1700,Extra-Curricular Activities,93343.92
2018-19,2092,Lowell SD 71,200,Special Revenue Funds,1910,Rentals,45112.88
2018-19,2092,Lowell SD 71,200,Special Revenue Funds,1920,Contributions and Donations From Private Sources,59018.95
2018-19,2092,Lowell SD 71,200,Special Revenue Funds,1990,Miscellaneous,32308.18
2018-19,2092,Lowell SD 71,200,Special Revenue Funds,3222,State School Fund (SSF) Transportation Equipment,83282
2018-19,2092,Lowell SD 71,200,Special Revenue Funds,3299,Other Restricted Grants-In-Aid,69461.98
2018-19,2092,Lowell SD 71,100,General Fund,3299,Other Restricted Grants-In-Aid,50413.04
2018-19,2092,Lowell SD 71,100,General Fund,4801,Federal Forest Fees,38927.35
2018-19,2092,Lowell SD 71,100,General Fund,5400,Resources - Beginning Fund Balance,921753.83
2018-19,2092,Lowell SD 71,200,Special Revenue Funds,1130,Construction Excise Tax,23068.87
2018-19,2092,Lowell SD 71,200,Special Revenue Funds,1500,Earnings on Investments,35.73
2018-19,2092,Lowell SD 71,200,Special Revenue Funds,1600,Food Service,10092.1
2018-19,2092,Lowell SD 71,100,General Fund,1980,Fees Charged to Grants,5137.04
2018-19,2092,Lowell SD 71,100,General Fund,1990,Miscellaneous,62178.1
2018-19,2092,Lowell SD 71,100,General Fund,2101,County School Funds,30730.98
2018-19,2092,Lowell SD 71,100,General Fund,3101,State School Fund --General Support,8100349.56
2018-19,2092,Lowell SD 71,100,General Fund,3103,Common School Fund,110777.44
2018-19,2092,Lowell SD 71,100,General Fund,3199,Other Unrestricted Grants-In-Aid,28400.22
2018-19,2093,Oakridge SD 76,100,General Fund,1110,Ad valorem taxes levied by district,1236726.11
2018-19,2093,Oakridge SD 76,100,General Fund,1190,Penalties and interest on taxes,5422.46
2018-19,2093,Oakridge SD 76,100,General Fund,1500,Earnings on Investments,54636.47
2018-19,2093,Oakridge SD 76,100,General Fund,1910,Rentals,6216.9
2018-19,2093,Oakridge SD 76,100,General Fund,1920,Contributions and Donations From Private Sources,10000
2018-19,2093,Oakridge SD 76,100,General Fund,1990,Miscellaneous,26721.75
2018-19,2093,Oakridge SD 76,400,Capital Projects Funds,5400,Resources - Beginning Fund Balance,6480830.69
2018-19,2093,Oakridge SD 76,100,General Fund,3222,State School Fund (SSF) Transportation Equipment,259771
2018-19,2093,Oakridge SD 76,100,General Fund,1312,Tuition from Other Districts within the State,1080.97
2018-19,2093,Oakridge SD 76,300,Debt Service Funds,1190,Penalties and interest on taxes,1050.12
2018-19,2093,Oakridge SD 76,300,Debt Service Funds,5400,Resources - Beginning Fund Balance,57398.68
2018-19,2093,Oakridge SD 76,400,Capital Projects Funds,1130,Construction Excise Tax,4947.65
2018-19,2093,Oakridge SD 76,400,Capital Projects Funds,1500,Earnings on Investments,162239.33
2018-19,2093,Oakridge SD 76,400,Capital Projects Funds,3299,Other Restricted Grants-In-Aid,693008
2018-19,2093,Oakridge SD 76,400,Capital Projects Funds,5200,Interfund Transfers,39446.04
2018-19,2093,Oakridge SD 76,200,Special Revenue Funds,4300,Restricted Revenue Direct From the Federal Government,224923.27
2018-19,2093,Oakridge SD 76,200,Special Revenue Funds,4500,Restricted Revenue From Federal Government Through the State,878778.82
2018-19,2093,Oakridge SD 76,200,Special Revenue Funds,4900,Revenue for/on Behalf of the District,21450.91
2018-19,2093,Oakridge SD 76,200,Special Revenue Funds,5200,Interfund Transfers,10000
2018-19,2093,Oakridge SD 76,200,Special Revenue Funds,5400,Resources - Beginning Fund Balance,428081.7
2018-19,2093,Oakridge SD 76,300,Debt Service Funds,1110,Ad valorem taxes levied by district,283025.61
2018-19,2093,Oakridge SD 76,200,Special Revenue Funds,1600,Food Service,16646.07
2018-19,2093,Oakridge SD 76,200,Special Revenue Funds,1700,Extra-Curricular Activities,50979.89
2018-19,2093,Oakridge SD 76,200,Special Revenue Funds,1920,Contributions and Donations From Private Sources,88164.71
2018-19,2093,Oakridge SD 76,200,Special Revenue Funds,2200,Restricted Revenue,45393.93
2018-19,2093,Oakridge SD 76,200,Special Revenue Funds,3102,State School Fund--School Lunch Match,2406.85
2018-19,2093,Oakridge SD 76,200,Special Revenue Funds,3299,Other Restricted Grants-In-Aid,92446.95
2018-19,2093,Oakridge SD 76,100,General Fund,2101,County School Funds,39820.77
2018-19,2093,Oakridge SD 76,100,General Fund,2102,General Education Service District Funds,105639
2018-19,2093,Oakridge SD 76,100,General Fund,3101,State School Fund --General Support,4800919.29
2018-19,2093,Oakridge SD 76,100,General Fund,3103,Common School Fund,63326.86
2018-19,2093,Oakridge SD 76,100,General Fund,5400,Resources - Beginning Fund Balance,1210008.83
2018-19,2093,Oakridge SD 76,200,Special Revenue Funds,1500,Earnings on Investments,524.94
2018-19,2094,Marcola SD 79J,100,General Fund,1110,Ad valorem taxes levied by district,877514.87
2018-19,2094,Marcola SD 79J,100,General Fund,1190,Penalties and interest on taxes,2955.44
2018-19,2094,Marcola SD 79J,100,General Fund,1500,Earnings on Investments,25206.22
2018-19,2094,Marcola SD 79J,100,General Fund,1920,Contributions and Donations From Private Sources,31177.65
2018-19,2094,Marcola SD 79J,100,General Fund,1980,Fees Charged to Grants,8879.51
2018-19,2094,Marcola SD 79J,100,General Fund,1990,Miscellaneous,19167.54
2018-19,2094,Marcola SD 79J,400,Capital Projects Funds,5300,Sale of or Compensation for Loss of Fixed Assets,62760
2018-19,2094,Marcola SD 79J,400,Capital Projects Funds,5400,Resources - Beginning Fund Balance,206061.72
2018-19,2094,Marcola SD 79J,300,Debt Service Funds,5400,Resources - Beginning Fund Balance,38550.3
2018-19,2094,Marcola SD 79J,400,Capital Projects Funds,1500,Earnings on Investments,3580.45
2018-19,2094,Marcola SD 79J,400,Capital Projects Funds,1990,Miscellaneous,18400
2018-19,2094,Marcola SD 79J,400,Capital Projects Funds,3299,Other Restricted Grants-In-Aid,13647
2018-19,2094,Marcola SD 79J,400,Capital Projects Funds,5100,Long Term Debt Financing Sources,304000
2018-19,2094,Marcola SD 79J,400,Capital Projects Funds,5200,Interfund Transfers,20000
2018-19,2094,Marcola SD 79J,200,Special Revenue Funds,5200,Interfund Transfers,75479.53
2018-19,2094,Marcola SD 79J,200,Special Revenue Funds,5300,Sale of or Compensation for Loss of Fixed Assets,74000
2018-19,2094,Marcola SD 79J,200,Special Revenue Funds,5400,Resources - Beginning Fund Balance,157959.37
2018-19,2094,Marcola SD 79J,300,Debt Service Funds,1110,Ad valorem taxes levied by district,381068.02
2018-19,2094,Marcola SD 79J,300,Debt Service Funds,1190,Penalties and interest on taxes,1035.4
2018-19,2094,Marcola SD 79J,300,Debt Service Funds,1500,Earnings on Investments,3856.03
2018-19,2094,Marcola SD 79J,200,Special Revenue Funds,3222,State School Fund (SSF) Transportation Equipment,20664
2018-19,2094,Marcola SD 79J,200,Special Revenue Funds,3299,Other Restricted Grants-In-Aid,84816.55
2018-19,2094,Marcola SD 79J,200,Special Revenue Funds,4300,Restricted Revenue Direct From the Federal Government,34573.75
2018-19,2094,Marcola SD 79J,200,Special Revenue Funds,4500,Restricted Revenue From Federal Government Through the State,185798.14
2018-19,2094,Marcola SD 79J,200,Special Revenue Funds,4700,Grants-In-Aid From Federal Government Through Other Intermed,97879.15
2018-19,2094,Marcola SD 79J,200,Special Revenue Funds,4900,Revenue for/on Behalf of the District,5140.74
2018-19,2094,Marcola SD 79J,100,General Fund,5400,Resources - Beginning Fund Balance,183646.04
2018-19,2094,Marcola SD 79J,200,Special Revenue Funds,1500,Earnings on Investments,849.47
2018-19,2094,Marcola SD 79J,200,Special Revenue Funds,1600,Food Service,19793.54
2018-19,2094,Marcola SD 79J,200,Special Revenue Funds,1700,Extra-Curricular Activities,85020.53
2018-19,2094,Marcola SD 79J,200,Special Revenue Funds,1920,Contributions and Donations From Private Sources,1474.58
2018-19,2094,Marcola SD 79J,200,Special Revenue Funds,1990,Miscellaneous,5236.68
2018-19,2094,Marcola SD 79J,100,General Fund,2101,County School Funds,10146.55
2018-19,2094,Marcola SD 79J,100,General Fund,3101,State School Fund --General Support,5250434.6
2018-19,2094,Marcola SD 79J,100,General Fund,3103,Common School Fund,36854.74
2018-19,2094,Marcola SD 79J,100,General Fund,3199,Other Unrestricted Grants-In-Aid,24571.86
2018-19,2094,Marcola SD 79J,100,General Fund,3299,Other Restricted Grants-In-Aid,15562.74
2018-19,2094,Marcola SD 79J,100,General Fund,4801,Federal Forest Fees,12852.76
2018-19,2095,Blachly SD 90,100,General Fund,1110,Ad valorem taxes levied by district,302793.27
2018-19,2095,Blachly SD 90,100,General Fund,1190,Penalties and interest on taxes,1018.86
2018-19,2095,Blachly SD 90,100,General Fund,1500,Earnings on Investments,28265.28
2018-19,2095,Blachly SD 90,100,General Fund,1920,Contributions and Donations From Private Sources,2461.84
2018-19,2095,Blachly SD 90,100,General Fund,1960,Recovery of Prior Years' Expenditure,1512.25
2018-19,2095,Blachly SD 90,100,General Fund,1990,Miscellaneous,0.06
2018-19,2095,Blachly SD 90,400,Capital Projects Funds,5400,Resources - Beginning Fund Balance,28181.58
2018-19,2095,Blachly SD 90,600,Internal Service Funds,1970,Services Provided Other Funds,9000
2018-19,2095,Blachly SD 90,600,Internal Service Funds,5400,Resources - Beginning Fund Balance,46500
2018-19,2095,Blachly SD 90,700,Trust and Agency Funds,1500,Earnings on Investments,13997.36
2018-19,2095,Blachly SD 90,700,Trust and Agency Funds,1920,Contributions and Donations From Private Sources,5000
2018-19,2095,Blachly SD 90,700,Trust and Agency Funds,5400,Resources - Beginning Fund Balance,742639.03
2018-19,2095,Blachly SD 90,200,Special Revenue Funds,4700,Grants-In-Aid From Federal Government Through Other Intermed,4847.83
2018-19,2095,Blachly SD 90,200,Special Revenue Funds,4900,Revenue for/on Behalf of the District,7961.03
2018-19,2095,Blachly SD 90,200,Special Revenue Funds,5200,Interfund Transfers,142767
2018-19,2095,Blachly SD 90,200,Special Revenue Funds,5400,Resources - Beginning Fund Balance,333305.48
2018-19,2095,Blachly SD 90,400,Capital Projects Funds,1500,Earnings on Investments,2411.33
2018-19,2095,Blachly SD 90,400,Capital Projects Funds,3299,Other Restricted Grants-In-Aid,383884.74
2018-19,2095,Blachly SD 90,200,Special Revenue Funds,1960,Recovery of Prior Years' Expenditure,60.3
2018-19,2095,Blachly SD 90,200,Special Revenue Funds,1990,Miscellaneous,295.32
2018-19,2095,Blachly SD 90,200,Special Revenue Funds,3222,State School Fund (SSF) Transportation Equipment,36531.2
2018-19,2095,Blachly SD 90,200,Special Revenue Funds,3299,Other Restricted Grants-In-Aid,45344.45
2018-19,2095,Blachly SD 90,200,Special Revenue Funds,4300,Restricted Revenue Direct From the Federal Government,23816.12
2018-19,2095,Blachly SD 90,200,Special Revenue Funds,4500,Restricted Revenue From Federal Government Through the State,175136.01
2018-19,2095,Blachly SD 90,100,General Fund,4801,Federal Forest Fees,8995.64
2018-19,2095,Blachly SD 90,100,General Fund,5400,Resources - Beginning Fund Balance,510401.93
2018-19,2095,Blachly SD 90,200,Special Revenue Funds,1500,Earnings on Investments,946.9
2018-19,2095,Blachly SD 90,200,Special Revenue Funds,1600,Food Service,15873.06
2018-19,2095,Blachly SD 90,200,Special Revenue Funds,1700,Extra-Curricular Activities,21757.3
2018-19,2095,Blachly SD 90,200,Special Revenue Funds,1920,Contributions and Donations From Private Sources,25596.58
2018-19,2095,Blachly SD 90,100,General Fund,2101,County School Funds,7101.56
2018-19,2095,Blachly SD 90,100,General Fund,2200,Restricted Revenue,35990.07
2018-19,2095,Blachly SD 90,100,General Fund,3101,State School Fund --General Support,2669353.31
2018-19,2095,Blachly SD 90,100,General Fund,3103,Common School Fund,25599.32
2018-19,2095,Blachly SD 90,100,General Fund,3104,State Managed County Timber,200000
2018-19,2095,Blachly SD 90,100,General Fund,3299,Other Restricted Grants-In-Aid,12810
2018-19,2096,Siuslaw SD 97J,100,General Fund,5400,Resources - Beginning Fund Balance,4172266
2018-19,2096,Siuslaw SD 97J,200,Special Revenue Funds,5400,Resources - Beginning Fund Balance,1460754
2018-19,2096,Siuslaw SD 97J,300,Debt Service Funds,5400,Resources - Beginning Fund Balance,667863
2018-19,2096,Siuslaw SD 97J,200,Special Revenue Funds,5100,Long Term Debt Financing Sources,181015
2018-19,2096,Siuslaw SD 97J,300,Debt Service Funds,1110,Ad valorem taxes levied by district,1638260.54
2018-19,2096,Siuslaw SD 97J,300,Debt Service Funds,1500,Earnings on Investments,2206.15
2018-19,2096,Siuslaw SD 97J,300,Debt Service Funds,4900,Revenue for/on Behalf of the District,4737.31
2018-19,2096,Siuslaw SD 97J,300,Debt Service Funds,5200,Interfund Transfers,55479.19
2018-19,2096,Siuslaw SD 97J,400,Capital Projects Funds,5400,Resources - Beginning Fund Balance,131
2018-19,2096,Siuslaw SD 97J,200,Special Revenue Funds,1700,Extra-Curricular Activities,402008.14
2018-19,2096,Siuslaw SD 97J,200,Special Revenue Funds,1990,Miscellaneous,1853
2018-19,2096,Siuslaw SD 97J,200,Special Revenue Funds,3101,State School Fund --General Support,184885.94
2018-19,2096,Siuslaw SD 97J,200,Special Revenue Funds,3102,State School Fund--School Lunch Match,5308.09
2018-19,2096,Siuslaw SD 97J,200,Special Revenue Funds,3299,Other Restricted Grants-In-Aid,36853.56
2018-19,2096,Siuslaw SD 97J,200,Special Revenue Funds,4500,Restricted Revenue From Federal Government Through the State,1818274.78
2018-19,2096,Siuslaw SD 97J,100,General Fund,4500,Restricted Revenue From Federal Government Through the State,360
2018-19,2096,Siuslaw SD 97J,100,General Fund,4801,Federal Forest Fees,53900.13
2018-19,2096,Siuslaw SD 97J,200,Special Revenue Funds,1130,Construction Excise Tax,110816.63
2018-19,2096,Siuslaw SD 97J,200,Special Revenue Funds,1411,Transportation fees from Individuals,57487.74
2018-19,2096,Siuslaw SD 97J,200,Special Revenue Funds,1500,Earnings on Investments,18000.96
2018-19,2096,Siuslaw SD 97J,200,Special Revenue Funds,1600,Food Service,82351.67
2018-19,2096,Siuslaw SD 97J,100,General Fund,1990,Miscellaneous,170411.41
2018-19,2096,Siuslaw SD 97J,100,General Fund,2101,County School Funds,42551.17
2018-19,2096,Siuslaw SD 97J,100,General Fund,2900,Revenue for/on Behalf of the District,261.11
2018-19,2096,Siuslaw SD 97J,100,General Fund,3101,State School Fund --General Support,6080039.61
2018-19,2096,Siuslaw SD 97J,100,General Fund,3103,Common School Fund,153567.21
2018-19,2096,Siuslaw SD 97J,100,General Fund,3299,Other Restricted Grants-In-Aid,487864.15
2018-19,2096,Siuslaw SD 97J,100,General Fund,1110,Ad valorem taxes levied by district,7347813.07
2018-19,2096,Siuslaw SD 97J,100,General Fund,1120,Local option ad valorem taxes levied by district,1335082.75
2018-19,2096,Siuslaw SD 97J,100,General Fund,1411,Transportation fees from Individuals,25896.03
2018-19,2096,Siuslaw SD 97J,100,General Fund,1500,Earnings on Investments,224051.44
2018-19,2096,Siuslaw SD 97J,100,General Fund,1910,Rentals,26912.48
2018-19,2096,Siuslaw SD 97J,100,General Fund,1920,Contributions and Donations From Private Sources,216542.28
2018-19,2097,Lincoln County SD,100,General Fund,1110,Ad valorem taxes levied by district,36396448.24
2018-19,2097,Lincoln County SD,100,General Fund,1200,Revenue From Local Governmental Units Other Than Districts,11965.52
2018-19,2097,Lincoln County SD,100,General Fund,1500,Earnings on Investments,529940.16
2018-19,2097,Lincoln County SD,100,General Fund,1910,Rentals,41542
2018-19,2097,Lincoln County SD,100,General Fund,1920,Contributions and Donations From Private Sources,7381
2018-19,2097,Lincoln County SD,100,General Fund,1940,Services Provided Other Local Education Agencies,265153.97
2018-19,2097,Lincoln County SD,400,Capital Projects Funds,5400,Resources - Beginning Fund Balance,1414841.08
2018-19,2097,Lincoln County SD,600,Internal Service Funds,1500,Earnings on Investments,24412.17
2018-19,2097,Lincoln County SD,600,Internal Service Funds,1970,Services Provided Other Funds,1019826.48
2018-19,2097,Lincoln County SD,600,Internal Service Funds,1990,Miscellaneous,39518.32
2018-19,2097,Lincoln County SD,600,Internal Service Funds,5400,Resources - Beginning Fund Balance,1033014.88
2018-19,2097,Lincoln County SD,700,Trust and Agency Funds,1990,Miscellaneous,18922.7
2018-19,2097,Lincoln County SD,300,Debt Service Funds,1970,Services Provided Other Funds,5840813.28
2018-19,2097,Lincoln County SD,300,Debt Service Funds,5400,Resources - Beginning Fund Balance,6798102.94
2018-19,2097,Lincoln County SD,400,Capital Projects Funds,1130,Construction Excise Tax,656150.16
2018-19,2097,Lincoln County SD,400,Capital Projects Funds,1500,Earnings on Investments,26114.93
2018-19,2097,Lincoln County SD,400,Capital Projects Funds,1960,Recovery of Prior Years' Expenditure,10847.25
2018-19,2097,Lincoln County SD,400,Capital Projects Funds,1990,Miscellaneous,7009.57
2018-19,2097,Lincoln County SD,200,Special Revenue Funds,4700,Grants-In-Aid From Federal Government Through Other Intermed,103164.57
2018-19,2097,Lincoln County SD,200,Special Revenue Funds,5200,Interfund Transfers,890700
2018-19,2097,Lincoln County SD,200,Special Revenue Funds,5400,Resources - Beginning Fund Balance,3307896.97
2018-19,2097,Lincoln County SD,300,Debt Service Funds,1110,Ad valorem taxes levied by district,5904018.35
2018-19,2097,Lincoln County SD,300,Debt Service Funds,1200,Revenue From Local Governmental Units Other Than Districts,28.28
2018-19,2097,Lincoln County SD,300,Debt Service Funds,1500,Earnings on Investments,233825.65
2018-19,2097,Lincoln County SD,200,Special Revenue Funds,1990,Miscellaneous,892118.14
2018-19,2097,Lincoln County SD,200,Special Revenue Funds,3102,State School Fund--School Lunch Match,24568.17
2018-19,2097,Lincoln County SD,200,Special Revenue Funds,3199,Other Unrestricted Grants-In-Aid,73854.44
2018-19,2097,Lincoln County SD,200,Special Revenue Funds,3299,Other Restricted Grants-In-Aid,3660687.63
2018-19,2097,Lincoln County SD,200,Special Revenue Funds,4300,Restricted Revenue Direct From the Federal Government,90918.85
2018-19,2097,Lincoln County SD,200,Special Revenue Funds,4500,Restricted Revenue From Federal Government Through the State,6858973.52
2018-19,2097,Lincoln County SD,200,Special Revenue Funds,1500,Earnings on Investments,9482.46
2018-19,2097,Lincoln County SD,200,Special Revenue Funds,1600,Food Service,113148.87
2018-19,2097,Lincoln County SD,200,Special Revenue Funds,1700,Extra-Curricular Activities,1287985.2
2018-19,2097,Lincoln County SD,200,Special Revenue Funds,1910,Rentals,15870
2018-19,2097,Lincoln County SD,200,Special Revenue Funds,1920,Contributions and Donations From Private Sources,325003.31
2018-19,2097,Lincoln County SD,200,Special Revenue Funds,1960,Recovery of Prior Years' Expenditure,22351.3
2018-19,2097,Lincoln County SD,100,General Fund,3103,Common School Fund,498165.08
2018-19,2097,Lincoln County SD,100,General Fund,3104,State Managed County Timber,586413.25
2018-19,2097,Lincoln County SD,100,General Fund,3199,Other Unrestricted Grants-In-Aid,262737.75
2018-19,2097,Lincoln County SD,100,General Fund,4801,Federal Forest Fees,304804.62
2018-19,2097,Lincoln County SD,100,General Fund,5400,Resources - Beginning Fund Balance,7529994.15
2018-19,2097,Lincoln County SD,200,Special Revenue Funds,1110,Ad valorem taxes levied by district,1274.97
2018-19,2097,Lincoln County SD,100,General Fund,1960,Recovery of Prior Years' Expenditure,30218.44
2018-19,2097,Lincoln County SD,100,General Fund,1980,Fees Charged to Grants,341037.74
2018-19,2097,Lincoln County SD,100,General Fund,1990,Miscellaneous,715797.45
2018-19,2097,Lincoln County SD,100,General Fund,2101,County School Funds,347500.31
2018-19,2097,Lincoln County SD,100,General Fund,2200,Restricted Revenue,174537.97
2018-19,2097,Lincoln County SD,100,General Fund,3101,State School Fund --General Support,19344585.54
2018-19,2098,Linn Benton Lincoln ESD,100,General Fund,1110,Ad valorem taxes levied by district,7742413.92
2018-19,2098,Linn Benton Lincoln ESD,100,General Fund,1190,Penalties and interest on taxes,31057.7
2018-19,2098,Linn Benton Lincoln ESD,100,General Fund,1500,Earnings on Investments,483856.36
2018-19,2098,Linn Benton Lincoln ESD,100,General Fund,1940,Services Provided Other Local Education Agencies,469.98
2018-19,2098,Linn Benton Lincoln ESD,100,General Fund,1960,Recovery of Prior Years' Expenditure,239.98
2018-19,2098,Linn Benton Lincoln ESD,100,General Fund,1980,Fees Charged to Grants,1773261.79
2018-19,2098,Linn Benton Lincoln ESD,100,General Fund,3104,State Managed County Timber,171217.05
2018-19,2098,Linn Benton Lincoln ESD,100,General Fund,3299,Other Restricted Grants-In-Aid,500
2018-19,2098,Linn Benton Lincoln ESD,100,General Fund,5300,Sale of or Compensation for Loss of Fixed Assets,149
2018-19,2098,Linn Benton Lincoln ESD,100,General Fund,5400,Resources - Beginning Fund Balance,7406678.8
2018-19,2098,Linn Benton Lincoln ESD,200,Special Revenue Funds,1940,Services Provided Other Local Education Agencies,290857.68
2018-19,2098,Linn Benton Lincoln ESD,600,Internal Service Funds,1970,Services Provided Other Funds,800937.25
2018-19,2098,Linn Benton Lincoln ESD,600,Internal Service Funds,1990,Miscellaneous,282081.3
2018-19,2098,Linn Benton Lincoln ESD,600,Internal Service Funds,5200,Interfund Transfers,8368520.44
2018-19,2098,Linn Benton Lincoln ESD,600,Internal Service Funds,5400,Resources - Beginning Fund Balance,5914765.11
2018-19,2098,Linn Benton Lincoln ESD,100,General Fund,1990,Miscellaneous,24158.5
2018-19,2098,Linn Benton Lincoln ESD,100,General Fund,3101,State School Fund --General Support,8820976.93
2018-19,2098,Linn Benton Lincoln ESD,200,Special Revenue Funds,5400,Resources - Beginning Fund Balance,4324204.28
2018-19,2098,Linn Benton Lincoln ESD,400,Capital Projects Funds,1910,Rentals,174758.69
2018-19,2098,Linn Benton Lincoln ESD,400,Capital Projects Funds,5200,Interfund Transfers,350000
2018-19,2098,Linn Benton Lincoln ESD,400,Capital Projects Funds,5400,Resources - Beginning Fund Balance,1381605.42
2018-19,2098,Linn Benton Lincoln ESD,600,Internal Service Funds,1920,Contributions and Donations From Private Sources,3002.87
2018-19,2098,Linn Benton Lincoln ESD,600,Internal Service Funds,1940,Services Provided Other Local Education Agencies,1867221.28
2018-19,2098,Linn Benton Lincoln ESD,200,Special Revenue Funds,1970,Services Provided Other Funds,3049
2018-19,2098,Linn Benton Lincoln ESD,200,Special Revenue Funds,1990,Miscellaneous,44787.46
2018-19,2098,Linn Benton Lincoln ESD,200,Special Revenue Funds,2200,Restricted Revenue,77479.68
2018-19,2098,Linn Benton Lincoln ESD,200,Special Revenue Funds,3299,Other Restricted Grants-In-Aid,10974424.6
2018-19,2098,Linn Benton Lincoln ESD,200,Special Revenue Funds,4500,Restricted Revenue From Federal Government Through the State,7879541.53
2018-19,2098,Linn Benton Lincoln ESD,200,Special Revenue Funds,5200,Interfund Transfers,398823.5
2018-19,2099,Harrisburg SD 7J,100,General Fund,1110,Ad valorem taxes levied by district,1776988.95
2018-19,2099,Harrisburg SD 7J,100,General Fund,1190,Penalties and interest on taxes,7847.27
2018-19,2099,Harrisburg SD 7J,100,General Fund,1311,Tuition from Individuals,1875
2018-19,2099,Harrisburg SD 7J,100,General Fund,1312,Tuition from Other Districts within the State,12201.24
2018-19,2099,Harrisburg SD 7J,100,General Fund,1500,Earnings on Investments,108806.12
2018-19,2099,Harrisburg SD 7J,100,General Fund,1700,Extra-Curricular Activities,14472.62
2018-19,2099,Harrisburg SD 7J,400,Capital Projects Funds,1500,Earnings on Investments,132338.34
2018-19,2099,Harrisburg SD 7J,400,Capital Projects Funds,5100,Long Term Debt Financing Sources,9602625.35
2018-19,2099,Harrisburg SD 7J,400,Capital Projects Funds,5400,Resources - Beginning Fund Balance,5323.53
2018-19,2099,Harrisburg SD 7J,200,Special Revenue Funds,5200,Interfund Transfers,55831
2018-19,2099,Harrisburg SD 7J,200,Special Revenue Funds,5400,Resources - Beginning Fund Balance,339497.4
2018-19,2099,Harrisburg SD 7J,300,Debt Service Funds,1110,Ad valorem taxes levied by district,533874
2018-19,2099,Harrisburg SD 7J,300,Debt Service Funds,1190,Penalties and interest on taxes,2271.58
2018-19,2099,Harrisburg SD 7J,300,Debt Service Funds,1500,Earnings on Investments,1386.45
2018-19,2099,Harrisburg SD 7J,300,Debt Service Funds,5400,Resources - Beginning Fund Balance,138916.21
2018-19,2099,Harrisburg SD 7J,200,Special Revenue Funds,2103,Excess ESD Local Revenue,3472.57
2018-19,2099,Harrisburg SD 7J,200,Special Revenue Funds,2200,Restricted Revenue,11999.98
2018-19,2099,Harrisburg SD 7J,200,Special Revenue Funds,3199,Other Unrestricted Grants-In-Aid,22865.08
2018-19,2099,Harrisburg SD 7J,200,Special Revenue Funds,3299,Other Restricted Grants-In-Aid,260316.05
2018-19,2099,Harrisburg SD 7J,200,Special Revenue Funds,4500,Restricted Revenue From Federal Government Through the State,623460.37
2018-19,2099,Harrisburg SD 7J,200,Special Revenue Funds,4900,Revenue for/on Behalf of the District,23286.41
2018-19,2099,Harrisburg SD 7J,100,General Fund,5400,Resources - Beginning Fund Balance,1201292.55
2018-19,2099,Harrisburg SD 7J,200,Special Revenue Funds,1600,Food Service,77090.58
2018-19,2099,Harrisburg SD 7J,200,Special Revenue Funds,1700,Extra-Curricular Activities,250919.9
2018-19,2099,Harrisburg SD 7J,200,Special Revenue Funds,1920,Contributions and Donations From Private Sources,20799.1
2018-19,2099,Harrisburg SD 7J,200,Special Revenue Funds,1960,Recovery of Prior Years' Expenditure,683.81
2018-19,2099,Harrisburg SD 7J,200,Special Revenue Funds,1990,Miscellaneous,47332.27
2018-19,2099,Harrisburg SD 7J,100,General Fund,3101,State School Fund --General Support,6353239.04
2018-19,2099,Harrisburg SD 7J,100,General Fund,3103,Common School Fund,88156.8
2018-19,2099,Harrisburg SD 7J,100,General Fund,3104,State Managed County Timber,32944.1
2018-19,2099,Harrisburg SD 7J,100,General Fund,4200,Unrestricted Revenue From Federal Government Through State,78583.43
2018-19,2099,Harrisburg SD 7J,100,General Fund,4801,Federal Forest Fees,58931.43
2018-19,2099,Harrisburg SD 7J,100,General Fund,5300,Sale of or Compensation for Loss of Fixed Assets,1452
2018-19,2099,Harrisburg SD 7J,100,General Fund,1910,Rentals,247.08
2018-19,2099,Harrisburg SD 7J,100,General Fund,1920,Contributions and Donations From Private Sources,721.55
2018-19,2099,Harrisburg SD 7J,100,General Fund,1960,Recovery of Prior Years' Expenditure,96967.68
2018-19,2099,Harrisburg SD 7J,100,General Fund,1990,Miscellaneous,109309.03
2018-19,2099,Harrisburg SD 7J,100,General Fund,2101,County School Funds,6283.7
2018-19,2099,Harrisburg SD 7J,100,General Fund,2200,Restricted Revenue,24392.52
2018-19,2100,Greater Albany Public SD 8J,400,Capital Projects Funds,1500,Earnings on Investments,4054014.72
2018-19,2100,Greater Albany Public SD 8J,400,Capital Projects Funds,1990,Miscellaneous,50000
2018-19,2100,Greater Albany Public SD 8J,400,Capital Projects Funds,5200,Interfund Transfers,81177.51
2018-19,2100,Greater Albany Public SD 8J,400,Capital Projects Funds,5400,Resources - Beginning Fund Balance,167497502.91
2018-19,2100,Greater Albany Public SD 8J,300,Debt Service Funds,1110,Ad valorem taxes levied by district,12975068.78
2018-19,2100,Greater Albany Public SD 8J,300,Debt Service Funds,1500,Earnings on Investments,204090.33
2018-19,2100,Greater Albany Public SD 8J,300,Debt Service Funds,1970,Services Provided Other Funds,4330169.74
2018-19,2100,Greater Albany Public SD 8J,300,Debt Service Funds,5400,Resources - Beginning Fund Balance,1837588.68
2018-19,2100,Greater Albany Public SD 8J,400,Capital Projects Funds,1130,Construction Excise Tax,1013675.38
2018-19,2100,Greater Albany Public SD 8J,400,Capital Projects Funds,1200,Revenue From Local Governmental Units Other Than Districts,25000
2018-19,2100,Greater Albany Public SD 8J,200,Special Revenue Funds,4700,Grants-In-Aid From Federal Government Through Other Intermed,303260.37
2018-19,2100,Greater Albany Public SD 8J,200,Special Revenue Funds,4900,Revenue for/on Behalf of the District,220088.52
2018-19,2100,Greater Albany Public SD 8J,200,Special Revenue Funds,5100,Long Term Debt Financing Sources,725391
2018-19,2100,Greater Albany Public SD 8J,200,Special Revenue Funds,5200,Interfund Transfers,313000
2018-19,2100,Greater Albany Public SD 8J,200,Special Revenue Funds,5300,Sale of or Compensation for Loss of Fixed Assets,11171.8
2018-19,2100,Greater Albany Public SD 8J,200,Special Revenue Funds,5400,Resources - Beginning Fund Balance,2449812.6
2018-19,2100,Greater Albany Public SD 8J,200,Special Revenue Funds,1920,Contributions and Donations From Private Sources,101980.64
2018-19,2100,Greater Albany Public SD 8J,200,Special Revenue Funds,1990,Miscellaneous,1781020.92
2018-19,2100,Greater Albany Public SD 8J,200,Special Revenue Funds,2200,Restricted Revenue,218055.22
2018-19,2100,Greater Albany Public SD 8J,200,Special Revenue Funds,3222,State School Fund (SSF) Transportation Equipment,573300
2018-19,2100,Greater Albany Public SD 8J,200,Special Revenue Funds,3299,Other Restricted Grants-In-Aid,2529835.21
2018-19,2100,Greater Albany Public SD 8J,200,Special Revenue Funds,4500,Restricted Revenue From Federal Government Through the State,7514889.9
2018-19,2100,Greater Albany Public SD 8J,100,General Fund,4900,Revenue for/on Behalf of the District,7310.97
2018-19,2100,Greater Albany Public SD 8J,100,General Fund,5300,Sale of or Compensation for Loss of Fixed Assets,89692.77
2018-19,2100,Greater Albany Public SD 8J,100,General Fund,5400,Resources - Beginning Fund Balance,11835569.84
2018-19,2100,Greater Albany Public SD 8J,200,Special Revenue Funds,1500,Earnings on Investments,115121.38
2018-19,2100,Greater Albany Public SD 8J,200,Special Revenue Funds,1600,Food Service,520311.8
2018-19,2100,Greater Albany Public SD 8J,200,Special Revenue Funds,1700,Extra-Curricular Activities,1998331.55
2018-19,2100,Greater Albany Public SD 8J,100,General Fund,3101,State School Fund --General Support,64460112.79
2018-19,2100,Greater Albany Public SD 8J,100,General Fund,3103,Common School Fund,1039073.66
2018-19,2100,Greater Albany Public SD 8J,100,General Fund,3104,State Managed County Timber,313890.13
2018-19,2100,Greater Albany Public SD 8J,100,General Fund,3199,Other Unrestricted Grants-In-Aid,725667.61
2018-19,2100,Greater Albany Public SD 8J,100,General Fund,3299,Other Restricted Grants-In-Aid,320697.03
2018-19,2100,Greater Albany Public SD 8J,100,General Fund,4801,Federal Forest Fees,345782.12
2018-19,2100,Greater Albany Public SD 8J,100,General Fund,1411,Transportation fees from Individuals,19039.16
2018-19,2100,Greater Albany Public SD 8J,100,General Fund,1500,Earnings on Investments,663566.08
2018-19,2100,Greater Albany Public SD 8J,100,General Fund,1910,Rentals,73131.45
2018-19,2100,Greater Albany Public SD 8J,100,General Fund,1980,Fees Charged to Grants,167394.91
2018-19,2100,Greater Albany Public SD 8J,100,General Fund,1990,Miscellaneous,307790.86
2018-19,2100,Greater Albany Public SD 8J,100,General Fund,2101,County School Funds,91946.82
2018-19,2100,Greater Albany Public SD 8J,100,General Fund,1110,Ad valorem taxes levied by district,25913254.48
2018-19,2100,Greater Albany Public SD 8J,100,General Fund,1311,Tuition from Individuals,650
2018-19,2100,Greater Albany Public SD 8J,100,General Fund,1312,Tuition from Other Districts within the State,5514.48
2018-19,2101,Lebanon Community SD 9,500,Enterprise Funds,5200,Interfund Transfers,40000
2018-19,2101,Lebanon Community SD 9,500,Enterprise Funds,5400,Resources - Beginning Fund Balance,48649.77
2018-19,2101,Lebanon Community SD 9,600,Internal Service Funds,5200,Interfund Transfers,25000
2018-19,2101,Lebanon Community SD 9,600,Internal Service Funds,5400,Resources - Beginning Fund Balance,148194.3
2018-19,2101,Lebanon Community SD 9,700,Trust and Agency Funds,1990,Miscellaneous,1875.45
2018-19,2101,Lebanon Community SD 9,700,Trust and Agency Funds,5400,Resources - Beginning Fund Balance,224.88
2018-19,2101,Lebanon Community SD 9,300,Debt Service Funds,1110,Ad valorem taxes levied by district,3782008.08
2018-19,2101,Lebanon Community SD 9,300,Debt Service Funds,1190,Penalties and interest on taxes,18090.13
2018-19,2101,Lebanon Community SD 9,300,Debt Service Funds,5100,Long Term Debt Financing Sources,91085.06
2018-19,2101,Lebanon Community SD 9,300,Debt Service Funds,5200,Interfund Transfers,297712.81
2018-19,2101,Lebanon Community SD 9,300,Debt Service Funds,5400,Resources - Beginning Fund Balance,260358.15
2018-19,2101,Lebanon Community SD 9,500,Enterprise Funds,1920,Contributions and Donations From Private Sources,1700
2018-19,2101,Lebanon Community SD 9,200,Special Revenue Funds,4500,Restricted Revenue From Federal Government Through the State,4061514.39
2018-19,2101,Lebanon Community SD 9,200,Special Revenue Funds,4700,Grants-In-Aid From Federal Government Through Other Intermed,135373.7
2018-19,2101,Lebanon Community SD 9,200,Special Revenue Funds,4900,Revenue for/on Behalf of the District,137271.8
2018-19,2101,Lebanon Community SD 9,200,Special Revenue Funds,5200,Interfund Transfers,2406000
2018-19,2101,Lebanon Community SD 9,200,Special Revenue Funds,5300,Sale of or Compensation for Loss of Fixed Assets,542
2018-19,2101,Lebanon Community SD 9,200,Special Revenue Funds,5400,Resources - Beginning Fund Balance,3127589.5
2018-19,2101,Lebanon Community SD 9,200,Special Revenue Funds,1700,Extra-Curricular Activities,888894.65
2018-19,2101,Lebanon Community SD 9,200,Special Revenue Funds,1920,Contributions and Donations From Private Sources,214236.05
2018-19,2101,Lebanon Community SD 9,200,Special Revenue Funds,1940,Services Provided Other Local Education Agencies,4059.26
2018-19,2101,Lebanon Community SD 9,200,Special Revenue Funds,1990,Miscellaneous,347141.24
2018-19,2101,Lebanon Community SD 9,200,Special Revenue Funds,2200,Restricted Revenue,62716.86
2018-19,2101,Lebanon Community SD 9,200,Special Revenue Funds,3299,Other Restricted Grants-In-Aid,1018255.48
2018-19,2101,Lebanon Community SD 9,100,General Fund,4801,Federal Forest Fees,179477.73
2018-19,2101,Lebanon Community SD 9,100,General Fund,5200,Interfund Transfers,8029.27
2018-19,2101,Lebanon Community SD 9,100,General Fund,5300,Sale of or Compensation for Loss of Fixed Assets,8220
2018-19,2101,Lebanon Community SD 9,100,General Fund,5400,Resources - Beginning Fund Balance,5263313.74
2018-19,2101,Lebanon Community SD 9,200,Special Revenue Funds,1500,Earnings on Investments,14044.27
2018-19,2101,Lebanon Community SD 9,200,Special Revenue Funds,1600,Food Service,78219.22
2018-19,2101,Lebanon Community SD 9,100,General Fund,3101,State School Fund --General Support,28346283.88
2018-19,2101,Lebanon Community SD 9,100,General Fund,3103,Common School Fund,437081.98
2018-19,2101,Lebanon Community SD 9,100,General Fund,3104,State Managed County Timber,167047.78
2018-19,2101,Lebanon Community SD 9,100,General Fund,3199,Other Unrestricted Grants-In-Aid,439748.03
2018-19,2101,Lebanon Community SD 9,100,General Fund,4200,Unrestricted Revenue From Federal Government Through State,42350.64
2018-19,2101,Lebanon Community SD 9,100,General Fund,4300,Restricted Revenue Direct From the Federal Government,65257.14
2018-19,2101,Lebanon Community SD 9,100,General Fund,1910,Rentals,3926
2018-19,2101,Lebanon Community SD 9,100,General Fund,1920,Contributions and Donations From Private Sources,400
2018-19,2101,Lebanon Community SD 9,100,General Fund,1940,Services Provided Other Local Education Agencies,131449.56
2018-19,2101,Lebanon Community SD 9,100,General Fund,1960,Recovery of Prior Years' Expenditure,16187.06
2018-19,2101,Lebanon Community SD 9,100,General Fund,1990,Miscellaneous,214212.25
2018-19,2101,Lebanon Community SD 9,100,General Fund,2200,Restricted Revenue,180556
2018-19,2101,Lebanon Community SD 9,100,General Fund,1110,Ad valorem taxes levied by district,10129017.79
2018-19,2101,Lebanon Community SD 9,100,General Fund,1190,Penalties and interest on taxes,50186.95
2018-19,2101,Lebanon Community SD 9,100,General Fund,1500,Earnings on Investments,385564.02
2018-19,2102,Sweet Home SD 55,400,Capital Projects Funds,3299,Other Restricted Grants-In-Aid,388960.64
2018-19,2102,Sweet Home SD 55,400,Capital Projects Funds,5400,Resources - Beginning Fund Balance,3981675.22
2018-19,2102,Sweet Home SD 55,700,Trust and Agency Funds,5400,Resources - Beginning Fund Balance,1752504.67
2018-19,2102,Sweet Home SD 55,700,Trust and Agency Funds,1990,Miscellaneous,299832.9
2018-19,2102,Sweet Home SD 55,300,Debt Service Funds,1110,Ad valorem taxes levied by district,1544329.01
2018-19,2102,Sweet Home SD 55,300,Debt Service Funds,1500,Earnings on Investments,7924.04
2018-19,2102,Sweet Home SD 55,300,Debt Service Funds,1990,Miscellaneous,32281
2018-19,2102,Sweet Home SD 55,300,Debt Service Funds,5400,Resources - Beginning Fund Balance,4005427.37
2018-19,2102,Sweet Home SD 55,300,Debt Service Funds,1970,Services Provided Other Funds,1688573.7
2018-19,2102,Sweet Home SD 55,400,Capital Projects Funds,1500,Earnings on Investments,105240
2018-19,2102,Sweet Home SD 55,200,Special Revenue Funds,1600,Food Service,80173.14
2018-19,2102,Sweet Home SD 55,200,Special Revenue Funds,3102,State School Fund--School Lunch Match,10371.9
2018-19,2102,Sweet Home SD 55,200,Special Revenue Funds,3199,Other Unrestricted Grants-In-Aid,329547.73
2018-19,2102,Sweet Home SD 55,200,Special Revenue Funds,1500,Earnings on Investments,89653
2018-19,2102,Sweet Home SD 55,200,Special Revenue Funds,1990,Miscellaneous,109068.71
2018-19,2102,Sweet Home SD 55,200,Special Revenue Funds,3222,State School Fund (SSF) Transportation Equipment,178487.18
2018-19,2102,Sweet Home SD 55,100,General Fund,5400,Resources - Beginning Fund Balance,2526819.72
2018-19,2102,Sweet Home SD 55,200,Special Revenue Funds,4500,Restricted Revenue From Federal Government Through the State,2240671.97
2018-19,2102,Sweet Home SD 55,200,Special Revenue Funds,1920,Contributions and Donations From Private Sources,66724.03
2018-19,2102,Sweet Home SD 55,200,Special Revenue Funds,5200,Interfund Transfers,915000
2018-19,2102,Sweet Home SD 55,200,Special Revenue Funds,3299,Other Restricted Grants-In-Aid,1870442.17
2018-19,2102,Sweet Home SD 55,200,Special Revenue Funds,5400,Resources - Beginning Fund Balance,4541189.69
2018-19,2102,Sweet Home SD 55,100,General Fund,2102,General Education Service District Funds,156481
2018-19,2102,Sweet Home SD 55,100,General Fund,3101,State School Fund --General Support,17212118.02
2018-19,2102,Sweet Home SD 55,100,General Fund,3103,Common School Fund,229837.05
2018-19,2102,Sweet Home SD 55,100,General Fund,3104,State Managed County Timber,90609.81
2018-19,2102,Sweet Home SD 55,100,General Fund,3199,Other Unrestricted Grants-In-Aid,2942.12
2018-19,2102,Sweet Home SD 55,100,General Fund,4801,Federal Forest Fees,159837.1
2018-19,2102,Sweet Home SD 55,100,General Fund,1500,Earnings on Investments,326723.35
2018-19,2102,Sweet Home SD 55,100,General Fund,1800,Community Services Activities,36471.69
2018-19,2102,Sweet Home SD 55,100,General Fund,1910,Rentals,49891.5
2018-19,2102,Sweet Home SD 55,100,General Fund,1980,Fees Charged to Grants,59453.69
2018-19,2102,Sweet Home SD 55,100,General Fund,1990,Miscellaneous,193368.84
2018-19,2102,Sweet Home SD 55,100,General Fund,2101,County School Funds,11961.98
2018-19,2102,Sweet Home SD 55,100,General Fund,1110,Ad valorem taxes levied by district,4745486.55
2018-19,2102,Sweet Home SD 55,100,General Fund,1120,Local option ad valorem taxes levied by district,262649.6
2018-19,2102,Sweet Home SD 55,100,General Fund,1312,Tuition from Other Districts within the State,513.29
2018-19,2103,Scio SD 95,200,Special Revenue Funds,5400,Resources - Beginning Fund Balance,2596844.32
2018-19,2103,Scio SD 95,400,Capital Projects Funds,5200,Interfund Transfers,248768
2018-19,2103,Scio SD 95,400,Capital Projects Funds,5400,Resources - Beginning Fund Balance,3925464.21
2018-19,2103,Scio SD 95,200,Special Revenue Funds,1990,Miscellaneous,17348.67
2018-19,2103,Scio SD 95,200,Special Revenue Funds,3299,Other Restricted Grants-In-Aid,215042.2
2018-19,2103,Scio SD 95,200,Special Revenue Funds,4500,Restricted Revenue From Federal Government Through the State,425889.89
2018-19,2103,Scio SD 95,200,Special Revenue Funds,4700,Grants-In-Aid From Federal Government Through Other Intermed,15097.02
2018-19,2103,Scio SD 95,200,Special Revenue Funds,4900,Revenue for/on Behalf of the District,16669.59
2018-19,2103,Scio SD 95,200,Special Revenue Funds,5200,Interfund Transfers,461232
2018-19,2103,Scio SD 95,100,General Fund,5400,Resources - Beginning Fund Balance,2604956.47
2018-19,2103,Scio SD 95,200,Special Revenue Funds,1500,Earnings on Investments,16.12
2018-19,2103,Scio SD 95,200,Special Revenue Funds,1600,Food Service,64505.56
2018-19,2103,Scio SD 95,200,Special Revenue Funds,1700,Extra-Curricular Activities,241984.2
2018-19,2103,Scio SD 95,200,Special Revenue Funds,1920,Contributions and Donations From Private Sources,5075
2018-19,2103,Scio SD 95,200,Special Revenue Funds,1960,Recovery of Prior Years' Expenditure,102.97
2018-19,2103,Scio SD 95,100,General Fund,3103,Common School Fund,74154.89
2018-19,2103,Scio SD 95,100,General Fund,3104,State Managed County Timber,79327.47
2018-19,2103,Scio SD 95,100,General Fund,3204,Driver Education,50190
2018-19,2103,Scio SD 95,100,General Fund,3299,Other Restricted Grants-In-Aid,2000
2018-19,2103,Scio SD 95,100,General Fund,4801,Federal Forest Fees,154066.36
2018-19,2103,Scio SD 95,100,General Fund,5200,Interfund Transfers,26096
2018-19,2103,Scio SD 95,100,General Fund,1920,Contributions and Donations From Private Sources,1
2018-19,2103,Scio SD 95,100,General Fund,1960,Recovery of Prior Years' Expenditure,4232.17
2018-19,2103,Scio SD 95,100,General Fund,1990,Miscellaneous,29356.81
2018-19,2103,Scio SD 95,100,General Fund,2101,County School Funds,15993.61
2018-19,2103,Scio SD 95,100,General Fund,2200,Restricted Revenue,24254.1
2018-19,2103,Scio SD 95,100,General Fund,3101,State School Fund --General Support,6133114.52
2018-19,2103,Scio SD 95,100,General Fund,1110,Ad valorem taxes levied by district,1433098.04
2018-19,2103,Scio SD 95,100,General Fund,1190,Penalties and interest on taxes,7410.8
2018-19,2103,Scio SD 95,100,General Fund,1412,Transportation fees from Other Districts within the State,37.8
2018-19,2103,Scio SD 95,100,General Fund,1500,Earnings on Investments,263926.49
2018-19,2103,Scio SD 95,100,General Fund,1700,Extra-Curricular Activities,10450
2018-19,2103,Scio SD 95,100,General Fund,1910,Rentals,4467.74
2018-19,2104,Santiam Canyon SD 129J,100,General Fund,1110,Ad valorem taxes levied by district,1855464.78
2018-19,2104,Santiam Canyon SD 129J,100,General Fund,1190,Penalties and interest on taxes,7665.76
2018-19,2104,Santiam Canyon SD 129J,100,General Fund,1500,Earnings on Investments,160983.05
2018-19,2104,Santiam Canyon SD 129J,100,General Fund,1700,Extra-Curricular Activities,18705.01
2018-19,2104,Santiam Canyon SD 129J,100,General Fund,1920,Contributions and Donations From Private Sources,12000
2018-19,2104,Santiam Canyon SD 129J,100,General Fund,1940,Services Provided Other Local Education Agencies,1587065.49
2018-19,2104,Santiam Canyon SD 129J,400,Capital Projects Funds,3299,Other Restricted Grants-In-Aid,1055591
2018-19,2104,Santiam Canyon SD 129J,400,Capital Projects Funds,5200,Interfund Transfers,207189
2018-19,2104,Santiam Canyon SD 129J,400,Capital Projects Funds,5400,Resources - Beginning Fund Balance,1063974.91
2018-19,2104,Santiam Canyon SD 129J,200,Special Revenue Funds,4900,Revenue for/on Behalf of the District,14945.01
2018-19,2104,Santiam Canyon SD 129J,200,Special Revenue Funds,5200,Interfund Transfers,45752
2018-19,2104,Santiam Canyon SD 129J,200,Special Revenue Funds,5400,Resources - Beginning Fund Balance,1039169.67
2018-19,2104,Santiam Canyon SD 129J,300,Debt Service Funds,1500,Earnings on Investments,5365.41
2018-19,2104,Santiam Canyon SD 129J,300,Debt Service Funds,1970,Services Provided Other Funds,555539.18
2018-19,2104,Santiam Canyon SD 129J,300,Debt Service Funds,5400,Resources - Beginning Fund Balance,513265.41
2018-19,2104,Santiam Canyon SD 129J,200,Special Revenue Funds,1990,Miscellaneous,39323.43
2018-19,2104,Santiam Canyon SD 129J,200,Special Revenue Funds,2200,Restricted Revenue,10475.91
2018-19,2104,Santiam Canyon SD 129J,200,Special Revenue Funds,3102,State School Fund--School Lunch Match,2155.9
2018-19,2104,Santiam Canyon SD 129J,200,Special Revenue Funds,3199,Other Unrestricted Grants-In-Aid,214039
2018-19,2104,Santiam Canyon SD 129J,200,Special Revenue Funds,3299,Other Restricted Grants-In-Aid,165465.04
2018-19,2104,Santiam Canyon SD 129J,200,Special Revenue Funds,4500,Restricted Revenue From Federal Government Through the State,890798
2018-19,2104,Santiam Canyon SD 129J,100,General Fund,5400,Resources - Beginning Fund Balance,2218818.93
2018-19,2104,Santiam Canyon SD 129J,200,Special Revenue Funds,1500,Earnings on Investments,7921.83
2018-19,2104,Santiam Canyon SD 129J,200,Special Revenue Funds,1600,Food Service,35771.05
2018-19,2104,Santiam Canyon SD 129J,200,Special Revenue Funds,1700,Extra-Curricular Activities,103393.78
2018-19,2104,Santiam Canyon SD 129J,200,Special Revenue Funds,1910,Rentals,833
2018-19,2104,Santiam Canyon SD 129J,200,Special Revenue Funds,1920,Contributions and Donations From Private Sources,79662
2018-19,2104,Santiam Canyon SD 129J,100,General Fund,3104,State Managed County Timber,2010107.58
2018-19,2104,Santiam Canyon SD 129J,100,General Fund,3199,Other Unrestricted Grants-In-Aid,9987.82
2018-19,2104,Santiam Canyon SD 129J,100,General Fund,3299,Other Restricted Grants-In-Aid,18779.54
2018-19,2104,Santiam Canyon SD 129J,100,General Fund,4200,Unrestricted Revenue From Federal Government Through State,9977.66
2018-19,2104,Santiam Canyon SD 129J,100,General Fund,4801,Federal Forest Fees,17892.92
2018-19,2104,Santiam Canyon SD 129J,100,General Fund,5300,Sale of or Compensation for Loss of Fixed Assets,18764.9
2018-19,2104,Santiam Canyon SD 129J,100,General Fund,1960,Recovery of Prior Years' Expenditure,173.5
2018-19,2104,Santiam Canyon SD 129J,100,General Fund,1990,Miscellaneous,158068.37
2018-19,2104,Santiam Canyon SD 129J,100,General Fund,2101,County School Funds,2137.21
2018-19,2104,Santiam Canyon SD 129J,100,General Fund,2102,General Education Service District Funds,32034.13
2018-19,2104,Santiam Canyon SD 129J,100,General Fund,3101,State School Fund --General Support,39350032.25
2018-19,2104,Santiam Canyon SD 129J,100,General Fund,3103,Common School Fund,188638.62
2018-19,2105,Central Linn SD 552,100,General Fund,1110,Ad valorem taxes levied by district,3237925.9
2018-19,2105,Central Linn SD 552,100,General Fund,1500,Earnings on Investments,70124.76
2018-19,2105,Central Linn SD 552,100,General Fund,1700,Extra-Curricular Activities,33524.15
2018-19,2105,Central Linn SD 552,100,General Fund,1920,Contributions and Donations From Private Sources,700
2018-19,2105,Central Linn SD 552,100,General Fund,1990,Miscellaneous,98862.92
2018-19,2105,Central Linn SD 552,100,General Fund,2200,Restricted Revenue,25020.88
2018-19,2105,Central Linn SD 552,200,Special Revenue Funds,5400,Resources - Beginning Fund Balance,492906.61
2018-19,2105,Central Linn SD 552,400,Capital Projects Funds,5400,Resources - Beginning Fund Balance,453000
2018-19,2105,Central Linn SD 552,500,Enterprise Funds,5400,Resources - Beginning Fund Balance,1518.21
2018-19,2105,Central Linn SD 552,200,Special Revenue Funds,1990,Miscellaneous,10
2018-19,2105,Central Linn SD 552,200,Special Revenue Funds,3102,State School Fund--School Lunch Match,7195.44
2018-19,2105,Central Linn SD 552,200,Special Revenue Funds,3299,Other Restricted Grants-In-Aid,131580
2018-19,2105,Central Linn SD 552,200,Special Revenue Funds,4500,Restricted Revenue From Federal Government Through the State,649656.69
2018-19,2105,Central Linn SD 552,200,Special Revenue Funds,4900,Revenue for/on Behalf of the District,12767.76
2018-19,2105,Central Linn SD 552,200,Special Revenue Funds,5200,Interfund Transfers,58763
2018-19,2105,Central Linn SD 552,100,General Fund,4801,Federal Forest Fees,43836.8
2018-19,2105,Central Linn SD 552,100,General Fund,5400,Resources - Beginning Fund Balance,415907.18
2018-19,2105,Central Linn SD 552,200,Special Revenue Funds,1500,Earnings on Investments,75.49
2018-19,2105,Central Linn SD 552,200,Special Revenue Funds,1600,Food Service,44918.87
2018-19,2105,Central Linn SD 552,200,Special Revenue Funds,1700,Extra-Curricular Activities,222323.07
2018-19,2105,Central Linn SD 552,200,Special Revenue Funds,1920,Contributions and Donations From Private Sources,1750
2018-19,2105,Central Linn SD 552,100,General Fund,3101,State School Fund --General Support,3724234.86
2018-19,2105,Central Linn SD 552,100,General Fund,3103,Common School Fund,64318.66
2018-19,2105,Central Linn SD 552,100,General Fund,3104,State Managed County Timber,25824.1
2018-19,2105,Central Linn SD 552,100,General Fund,3199,Other Unrestricted Grants-In-Aid,37833.59
2018-19,2105,Central Linn SD 552,100,General Fund,3299,Other Restricted Grants-In-Aid,163921.19
2018-19,2105,Central Linn SD 552,100,General Fund,4500,Restricted Revenue From Federal Government Through the State,1537
2018-19,2106,Malheur ESD Region 14,100,General Fund,1110,Ad valorem taxes levied by district,675373.94
2018-19,2106,Malheur ESD Region 14,100,General Fund,1500,Earnings on Investments,29099.83
2018-19,2106,Malheur ESD Region 14,100,General Fund,1940,Services Provided Other Local Education Agencies,490672.76
2018-19,2106,Malheur ESD Region 14,100,General Fund,1980,Fees Charged to Grants,221161.34
2018-19,2106,Malheur ESD Region 14,100,General Fund,1990,Miscellaneous,50842.39
2018-19,2106,Malheur ESD Region 14,100,General Fund,3101,State School Fund --General Support,2063516.01
2018-19,2106,Malheur ESD Region 14,200,Special Revenue Funds,1990,Miscellaneous,184083.85
2018-19,2106,Malheur ESD Region 14,200,Special Revenue Funds,5200,Interfund Transfers,85000
2018-19,2106,Malheur ESD Region 14,400,Capital Projects Funds,1990,Miscellaneous,37362.93
2018-19,2106,Malheur ESD Region 14,400,Capital Projects Funds,5200,Interfund Transfers,25000
2018-19,2106,Malheur ESD Region 14,200,Special Revenue Funds,5400,Resources - Beginning Fund Balance,477002.69
2018-19,2106,Malheur ESD Region 14,400,Capital Projects Funds,5400,Resources - Beginning Fund Balance,47888.41
2018-19,2106,Malheur ESD Region 14,600,Internal Service Funds,1940,Services Provided Other Local Education Agencies,140000
2018-19,2106,Malheur ESD Region 14,600,Internal Service Funds,1990,Miscellaneous,87744.46
2018-19,2106,Malheur ESD Region 14,600,Internal Service Funds,5400,Resources - Beginning Fund Balance,21633.82
2018-19,2106,Malheur ESD Region 14,100,General Fund,4500,Restricted Revenue From Federal Government Through the State,2100
2018-19,2106,Malheur ESD Region 14,100,General Fund,5400,Resources - Beginning Fund Balance,906248.77
2018-19,2106,Malheur ESD Region 14,200,Special Revenue Funds,1940,Services Provided Other Local Education Agencies,278500
2018-19,2106,Malheur ESD Region 14,200,Special Revenue Funds,3204,Driver Education,40035.58
2018-19,2106,Malheur ESD Region 14,200,Special Revenue Funds,3299,Other Restricted Grants-In-Aid,2776297.89
2018-19,2106,Malheur ESD Region 14,200,Special Revenue Funds,4500,Restricted Revenue From Federal Government Through the State,914897.4
2018-19,2107,Jordan Valley SD 3,100,General Fund,1110,Ad valorem taxes levied by district,184849.11
2018-19,2107,Jordan Valley SD 3,100,General Fund,1313,Tuition from Other Districts outside the State,41919.5
2018-19,2107,Jordan Valley SD 3,100,General Fund,1500,Earnings on Investments,47758.58
2018-19,2107,Jordan Valley SD 3,100,General Fund,1910,Rentals,2400
2018-19,2107,Jordan Valley SD 3,100,General Fund,1990,Miscellaneous,10769.43
2018-19,2107,Jordan Valley SD 3,100,General Fund,2101,County School Funds,20.7
2018-19,2107,Jordan Valley SD 3,200,Special Revenue Funds,4500,Restricted Revenue From Federal Government Through the State,33458
2018-19,2107,Jordan Valley SD 3,200,Special Revenue Funds,5400,Resources - Beginning Fund Balance,64593
2018-19,2107,Jordan Valley SD 3,400,Capital Projects Funds,3101,State School Fund --General Support,12900
2018-19,2107,Jordan Valley SD 3,400,Capital Projects Funds,5400,Resources - Beginning Fund Balance,2117.27
2018-19,2107,Jordan Valley SD 3,100,General Fund,3101,State School Fund --General Support,1126301.95
2018-19,2107,Jordan Valley SD 3,100,General Fund,3103,Common School Fund,6204.07
2018-19,2107,Jordan Valley SD 3,100,General Fund,3299,Other Restricted Grants-In-Aid,5803.47
2018-19,2107,Jordan Valley SD 3,100,General Fund,5400,Resources - Beginning Fund Balance,1672932
2018-19,2107,Jordan Valley SD 3,200,Special Revenue Funds,1700,Extra-Curricular Activities,72358
2018-19,2107,Jordan Valley SD 3,200,Special Revenue Funds,3299,Other Restricted Grants-In-Aid,17464.87
2018-19,2108,Ontario SD 8C,100,General Fund,1110,Ad valorem taxes levied by district,4202377.93
2018-19,2108,Ontario SD 8C,100,General Fund,1190,Penalties and interest on taxes,1617.83
2018-19,2108,Ontario SD 8C,100,General Fund,1500,Earnings on Investments,301446.8
2018-19,2108,Ontario SD 8C,100,General Fund,1700,Extra-Curricular Activities,47517.77
2018-19,2108,Ontario SD 8C,100,General Fund,1910,Rentals,9004.88
2018-19,2108,Ontario SD 8C,100,General Fund,1970,Services Provided Other Funds,32175.51
2018-19,2108,Ontario SD 8C,500,Enterprise Funds,5400,Resources - Beginning Fund Balance,23802.84
2018-19,2108,Ontario SD 8C,600,Internal Service Funds,5400,Resources - Beginning Fund Balance,421861.27
2018-19,2108,Ontario SD 8C,400,Capital Projects Funds,5300,Sale of or Compensation for Loss of Fixed Assets,3315
2018-19,2108,Ontario SD 8C,400,Capital Projects Funds,5400,Resources - Beginning Fund Balance,1173837.11
2018-19,2108,Ontario SD 8C,500,Enterprise Funds,1700,Extra-Curricular Activities,7769.23
2018-19,2108,Ontario SD 8C,500,Enterprise Funds,1990,Miscellaneous,15796.26
2018-19,2108,Ontario SD 8C,500,Enterprise Funds,3299,Other Restricted Grants-In-Aid,4100.5
2018-19,2108,Ontario SD 8C,500,Enterprise Funds,4500,Restricted Revenue From Federal Government Through the State,2333
2018-19,2108,Ontario SD 8C,300,Debt Service Funds,1500,Earnings on Investments,232695.35
2018-19,2108,Ontario SD 8C,300,Debt Service Funds,1970,Services Provided Other Funds,1011450.83
2018-19,2108,Ontario SD 8C,300,Debt Service Funds,4500,Restricted Revenue From Federal Government Through the State,914503.15
2018-19,2108,Ontario SD 8C,300,Debt Service Funds,5400,Resources - Beginning Fund Balance,8263810.45
2018-19,2108,Ontario SD 8C,400,Capital Projects Funds,1990,Miscellaneous,93976
2018-19,2108,Ontario SD 8C,400,Capital Projects Funds,5200,Interfund Transfers,340460
2018-19,2108,Ontario SD 8C,200,Special Revenue Funds,4500,Restricted Revenue From Federal Government Through the State,5227296.22
2018-19,2108,Ontario SD 8C,200,Special Revenue Funds,4900,Revenue for/on Behalf of the District,129776.69
2018-19,2108,Ontario SD 8C,200,Special Revenue Funds,5200,Interfund Transfers,2000
2018-19,2108,Ontario SD 8C,200,Special Revenue Funds,5400,Resources - Beginning Fund Balance,2205449.33
2018-19,2108,Ontario SD 8C,300,Debt Service Funds,1110,Ad valorem taxes levied by district,1174978.71
2018-19,2108,Ontario SD 8C,300,Debt Service Funds,1190,Penalties and interest on taxes,451.74
2018-19,2108,Ontario SD 8C,200,Special Revenue Funds,1700,Extra-Curricular Activities,272304.36
2018-19,2108,Ontario SD 8C,200,Special Revenue Funds,1920,Contributions and Donations From Private Sources,3640.15
2018-19,2108,Ontario SD 8C,200,Special Revenue Funds,1990,Miscellaneous,99407
2018-19,2108,Ontario SD 8C,200,Special Revenue Funds,2200,Restricted Revenue,12112.86
2018-19,2108,Ontario SD 8C,200,Special Revenue Funds,3102,State School Fund--School Lunch Match,16899.24
2018-19,2108,Ontario SD 8C,200,Special Revenue Funds,3299,Other Restricted Grants-In-Aid,851901.21
2018-19,2108,Ontario SD 8C,100,General Fund,3299,Other Restricted Grants-In-Aid,11456
2018-19,2108,Ontario SD 8C,100,General Fund,4500,Restricted Revenue From Federal Government Through the State,240
2018-19,2108,Ontario SD 8C,100,General Fund,5300,Sale of or Compensation for Loss of Fixed Assets,150
2018-19,2108,Ontario SD 8C,100,General Fund,5400,Resources - Beginning Fund Balance,5099127.14
2018-19,2108,Ontario SD 8C,200,Special Revenue Funds,1500,Earnings on Investments,5.75
2018-19,2108,Ontario SD 8C,200,Special Revenue Funds,1600,Food Service,16633.67
2018-19,2108,Ontario SD 8C,100,General Fund,1980,Fees Charged to Grants,301194.07
2018-19,2108,Ontario SD 8C,100,General Fund,1990,Miscellaneous,76693.21
2018-19,2108,Ontario SD 8C,100,General Fund,2101,County School Funds,849.13
2018-19,2108,Ontario SD 8C,100,General Fund,2200,Restricted Revenue,698814.83
2018-19,2108,Ontario SD 8C,100,General Fund,3101,State School Fund --General Support,22959172.87
2018-19,2108,Ontario SD 8C,100,General Fund,3103,Common School Fund,120795.05
2018-19,2109,Juntura SD 12,400,Capital Projects Funds,5400,Resources - Beginning Fund Balance,97735
2018-19,2109,Juntura SD 12,600,Internal Service Funds,5400,Resources - Beginning Fund Balance,9145.2
2018-19,2109,Juntura SD 12,100,General Fund,1110,Ad valorem taxes levied by district,60987.02
2018-19,2109,Juntura SD 12,100,General Fund,1500,Earnings on Investments,12551.95
2018-19,2109,Juntura SD 12,100,General Fund,1990,Miscellaneous,4878.32
2018-19,2109,Juntura SD 12,100,General Fund,3101,State School Fund --General Support,165470.78
2018-19,2109,Juntura SD 12,100,General Fund,3103,Common School Fund,112.79
2018-19,2109,Juntura SD 12,100,General Fund,5400,Resources - Beginning Fund Balance,341352.94
2018-19,2109,Juntura SD 12,100,General Fund,3299,Other Restricted Grants-In-Aid,731.06
2018-19,2109,Juntura SD 12,200,Special Revenue Funds,4300,Restricted Revenue Direct From the Federal Government,16351.98
2018-19,2109,Juntura SD 12,600,Internal Service Funds,5200,Interfund Transfers,10000
2018-19,2110,Nyssa SD 26,100,General Fund,1110,Ad valorem taxes levied by district,896705.37
2018-19,2110,Nyssa SD 26,100,General Fund,1312,Tuition from Other Districts within the State,500
2018-19,2110,Nyssa SD 26,100,General Fund,1500,Earnings on Investments,88223.17
2018-19,2110,Nyssa SD 26,100,General Fund,1700,Extra-Curricular Activities,14622.89
2018-19,2110,Nyssa SD 26,100,General Fund,1910,Rentals,12612
2018-19,2110,Nyssa SD 26,100,General Fund,1980,Fees Charged to Grants,22578
2018-19,2110,Nyssa SD 26,400,Capital Projects Funds,2200,Restricted Revenue,2619.87
2018-19,2110,Nyssa SD 26,400,Capital Projects Funds,5200,Interfund Transfers,72800
2018-19,2110,Nyssa SD 26,100,General Fund,5400,Resources - Beginning Fund Balance,3224001
2018-19,2110,Nyssa SD 26,400,Capital Projects Funds,5400,Resources - Beginning Fund Balance,2818540
2018-19,2110,Nyssa SD 26,200,Special Revenue Funds,4500,Restricted Revenue From Federal Government Through the State,2544587.34
2018-19,2110,Nyssa SD 26,200,Special Revenue Funds,5200,Interfund Transfers,268619.88
2018-19,2110,Nyssa SD 26,300,Debt Service Funds,1110,Ad valorem taxes levied by district,367970.64
2018-19,2110,Nyssa SD 26,300,Debt Service Funds,2200,Restricted Revenue,154.24
2018-19,2110,Nyssa SD 26,400,Capital Projects Funds,1500,Earnings on Investments,86116.76
2018-19,2110,Nyssa SD 26,400,Capital Projects Funds,1990,Miscellaneous,37991.6
2018-19,2110,Nyssa SD 26,100,General Fund,5300,Sale of or Compensation for Loss of Fixed Assets,70
2018-19,2110,Nyssa SD 26,200,Special Revenue Funds,1600,Food Service,7115.33
2018-19,2110,Nyssa SD 26,200,Special Revenue Funds,1990,Miscellaneous,214875.54
2018-19,2110,Nyssa SD 26,200,Special Revenue Funds,2200,Restricted Revenue,52822.68
2018-19,2110,Nyssa SD 26,200,Special Revenue Funds,3299,Other Restricted Grants-In-Aid,753587.44
2018-19,2110,Nyssa SD 26,200,Special Revenue Funds,5400,Resources - Beginning Fund Balance,167125
2018-19,2110,Nyssa SD 26,100,General Fund,1990,Miscellaneous,58070.64
2018-19,2110,Nyssa SD 26,100,General Fund,2101,County School Funds,418.7
2018-19,2110,Nyssa SD 26,100,General Fund,2200,Restricted Revenue,54114.91
2018-19,2110,Nyssa SD 26,100,General Fund,3101,State School Fund --General Support,12266694.65
2018-19,2110,Nyssa SD 26,100,General Fund,3103,Common School Fund,115689.43
2018-19,2110,Nyssa SD 26,100,General Fund,5200,Interfund Transfers,15000
2018-19,2111,Annex SD 29,600,Internal Service Funds,5400,Resources - Beginning Fund Balance,17471
2018-19,2111,Annex SD 29,200,Special Revenue Funds,1600,Food Service,800
2018-19,2111,Annex SD 29,200,Special Revenue Funds,4500,Restricted Revenue From Federal Government Through the State,82766
2018-19,2111,Annex SD 29,200,Special Revenue Funds,5200,Interfund Transfers,34462.33
2018-19,2111,Annex SD 29,400,Capital Projects Funds,5200,Interfund Transfers,100000
2018-19,2111,Annex SD 29,600,Internal Service Funds,1500,Earnings on Investments,2810.93
2018-19,2111,Annex SD 29,100,General Fund,5400,Resources - Beginning Fund Balance,1254948
2018-19,2111,Annex SD 29,400,Capital Projects Funds,5400,Resources - Beginning Fund Balance,330000
2018-19,2111,Annex SD 29,200,Special Revenue Funds,5400,Resources - Beginning Fund Balance,4918
2018-19,2111,Annex SD 29,100,General Fund,1500,Earnings on Investments,46338.37
2018-19,2111,Annex SD 29,100,General Fund,1990,Miscellaneous,4194.67
2018-19,2111,Annex SD 29,100,General Fund,3101,State School Fund --General Support,1450062.27
2018-19,2111,Annex SD 29,100,General Fund,3103,Common School Fund,9570.51
2018-19,2111,Annex SD 29,200,Special Revenue Funds,1700,Extra-Curricular Activities,6810.26
2018-19,2111,Annex SD 29,200,Special Revenue Funds,4300,Restricted Revenue Direct From the Federal Government,13336.61
2018-19,2111,Annex SD 29,100,General Fund,1110,Ad valorem taxes levied by district,196283.15
2018-19,2112,Malheur County SD 51,100,General Fund,1110,Ad valorem taxes levied by district,19672
2018-19,2112,Malheur County SD 51,100,General Fund,1500,Earnings on Investments,5698
2018-19,2112,Malheur County SD 51,100,General Fund,3101,State School Fund --General Support,5805
2018-19,2112,Malheur County SD 51,100,General Fund,3103,Common School Fund,353
2018-19,2112,Malheur County SD 51,100,General Fund,5400,Resources - Beginning Fund Balance,237533
2018-19,2113,Adrian SD 61,100,General Fund,1110,Ad valorem taxes levied by district,343449.01
2018-19,2113,Adrian SD 61,100,General Fund,1500,Earnings on Investments,46965.18
2018-19,2113,Adrian SD 61,100,General Fund,1700,Extra-Curricular Activities,4558.17
2018-19,2113,Adrian SD 61,100,General Fund,1910,Rentals,8140
2018-19,2113,Adrian SD 61,100,General Fund,1920,Contributions and Donations From Private Sources,5000
2018-19,2113,Adrian SD 61,100,General Fund,1940,Services Provided Other Local Education Agencies,7419.55
2018-19,2113,Adrian SD 61,300,Debt Service Funds,4900,Revenue for/on Behalf of the District,2962.91
2018-19,2113,Adrian SD 61,300,Debt Service Funds,5400,Resources - Beginning Fund Balance,61840.44
2018-19,2113,Adrian SD 61,200,Special Revenue Funds,4900,Revenue for/on Behalf of the District,12144.57
2018-19,2113,Adrian SD 61,200,Special Revenue Funds,5200,Interfund Transfers,83095.71
2018-19,2113,Adrian SD 61,200,Special Revenue Funds,5400,Resources - Beginning Fund Balance,146726.16
2018-19,2113,Adrian SD 61,300,Debt Service Funds,1110,Ad valorem taxes levied by district,213171.95
2018-19,2113,Adrian SD 61,300,Debt Service Funds,1500,Earnings on Investments,1589.5
2018-19,2113,Adrian SD 61,300,Debt Service Funds,3101,State School Fund --General Support,18256
2018-19,2113,Adrian SD 61,200,Special Revenue Funds,3102,State School Fund--School Lunch Match,1660.72
2018-19,2113,Adrian SD 61,200,Special Revenue Funds,3222,State School Fund (SSF) Transportation Equipment,16746.52
2018-19,2113,Adrian SD 61,200,Special Revenue Funds,3299,Other Restricted Grants-In-Aid,67830.15
2018-19,2113,Adrian SD 61,200,Special Revenue Funds,4300,Restricted Revenue Direct From the Federal Government,22607.24
2018-19,2113,Adrian SD 61,200,Special Revenue Funds,4500,Restricted Revenue From Federal Government Through the State,173075.71
2018-19,2113,Adrian SD 61,200,Special Revenue Funds,4700,Grants-In-Aid From Federal Government Through Other Intermed,5127.49
2018-19,2113,Adrian SD 61,100,General Fund,5400,Resources - Beginning Fund Balance,1021137.48
2018-19,2113,Adrian SD 61,200,Special Revenue Funds,1500,Earnings on Investments,92.79
2018-19,2113,Adrian SD 61,200,Special Revenue Funds,1600,Food Service,54364.97
2018-19,2113,Adrian SD 61,200,Special Revenue Funds,1700,Extra-Curricular Activities,68428.5
2018-19,2113,Adrian SD 61,200,Special Revenue Funds,1920,Contributions and Donations From Private Sources,10254.55
2018-19,2113,Adrian SD 61,200,Special Revenue Funds,1990,Miscellaneous,10461.14
2018-19,2113,Adrian SD 61,100,General Fund,1990,Miscellaneous,36308.1
2018-19,2113,Adrian SD 61,100,General Fund,2101,County School Funds,109.57
2018-19,2113,Adrian SD 61,100,General Fund,3101,State School Fund --General Support,3728815.65
2018-19,2113,Adrian SD 61,100,General Fund,3103,Common School Fund,29706.47
2018-19,2113,Adrian SD 61,100,General Fund,3199,Other Unrestricted Grants-In-Aid,22098.37
2018-19,2113,Adrian SD 61,100,General Fund,3299,Other Restricted Grants-In-Aid,7282.93
2018-19,2114,Harper SD 66,100,General Fund,1110,Ad valorem taxes levied by district,110230.62
2018-19,2114,Harper SD 66,100,General Fund,1500,Earnings on Investments,30108.4
2018-19,2114,Harper SD 66,100,General Fund,1910,Rentals,5450
2018-19,2114,Harper SD 66,100,General Fund,1990,Miscellaneous,7756.48
2018-19,2114,Harper SD 66,100,General Fund,3101,State School Fund --General Support,1903036.27
2018-19,2114,Harper SD 66,100,General Fund,3103,Common School Fund,10148.25
2018-19,2114,Harper SD 66,400,Capital Projects Funds,5400,Resources - Beginning Fund Balance,137888
2018-19,2114,Harper SD 66,200,Special Revenue Funds,5400,Resources - Beginning Fund Balance,55453
2018-19,2114,Harper SD 66,200,Special Revenue Funds,4500,Restricted Revenue From Federal Government Through the State,83501.27
2018-19,2114,Harper SD 66,200,Special Revenue Funds,4900,Revenue for/on Behalf of the District,10000
2018-19,2114,Harper SD 66,200,Special Revenue Funds,5200,Interfund Transfers,61495.21
2018-19,2114,Harper SD 66,400,Capital Projects Funds,1500,Earnings on Investments,2898.36
2018-19,2114,Harper SD 66,400,Capital Projects Funds,5200,Interfund Transfers,130000
2018-19,2114,Harper SD 66,100,General Fund,5400,Resources - Beginning Fund Balance,1028187
2018-19,2114,Harper SD 66,200,Special Revenue Funds,1500,Earnings on Investments,3260.68
2018-19,2114,Harper SD 66,200,Special Revenue Funds,1600,Food Service,28
2018-19,2114,Harper SD 66,200,Special Revenue Funds,1700,Extra-Curricular Activities,63223.99
2018-19,2114,Harper SD 66,200,Special Revenue Funds,1920,Contributions and Donations From Private Sources,1500
2018-19,2114,Harper SD 66,200,Special Revenue Funds,3199,Other Unrestricted Grants-In-Aid,3628.72
2018-19,2114,Harper SD 66,200,Special Revenue Funds,3299,Other Restricted Grants-In-Aid,71683.59
2018-19,2115,Arock SD 81,100,General Fund,1110,Ad valorem taxes levied by district,79285.71
2018-19,2115,Arock SD 81,100,General Fund,1500,Earnings on Investments,9131.39
2018-19,2115,Arock SD 81,100,General Fund,1990,Miscellaneous,2154.99
2018-19,2115,Arock SD 81,100,General Fund,3101,State School Fund --General Support,363152.45
2018-19,2115,Arock SD 81,100,General Fund,3103,Common School Fund,1502.25
2018-19,2115,Arock SD 81,100,General Fund,3299,Other Restricted Grants-In-Aid,731.06
2018-19,2115,Arock SD 81,100,General Fund,5400,Resources - Beginning Fund Balance,283740.36
2018-19,2115,Arock SD 81,200,Special Revenue Funds,4500,Restricted Revenue From Federal Government Through the State,38058.69
2018-19,2115,Arock SD 81,400,Capital Projects Funds,5200,Interfund Transfers,50000
2018-19,2116,Vale SD 84,200,Special Revenue Funds,1960,Recovery of Prior Years' Expenditure,2850.39
2018-19,2116,Vale SD 84,400,Capital Projects Funds,1500,Earnings on Investments,97711.31
2018-19,2116,Vale SD 84,400,Capital Projects Funds,1960,Recovery of Prior Years' Expenditure,143141.34
2018-19,2116,Vale SD 84,400,Capital Projects Funds,3299,Other Restricted Grants-In-Aid,2044575.58
2018-19,2116,Vale SD 84,100,General Fund,1960,Recovery of Prior Years' Expenditure,30618.16
2018-19,2116,Vale SD 84,100,General Fund,3299,Other Restricted Grants-In-Aid,1428
2018-19,2116,Vale SD 84,600,Internal Service Funds,1990,Miscellaneous,42992.03
2018-19,2116,Vale SD 84,600,Internal Service Funds,5400,Resources - Beginning Fund Balance,19364.08
2018-19,2116,Vale SD 84,700,Trust and Agency Funds,1920,Contributions and Donations From Private Sources,1012
2018-19,2116,Vale SD 84,700,Trust and Agency Funds,5400,Resources - Beginning Fund Balance,130278.6
2018-19,2116,Vale SD 84,200,Special Revenue Funds,5400,Resources - Beginning Fund Balance,310949.74
2018-19,2116,Vale SD 84,300,Debt Service Funds,1110,Ad valorem taxes levied by district,483144.33
2018-19,2116,Vale SD 84,300,Debt Service Funds,1500,Earnings on Investments,383.25
2018-19,2116,Vale SD 84,400,Capital Projects Funds,1990,Miscellaneous,8000
2018-19,2116,Vale SD 84,400,Capital Projects Funds,5200,Interfund Transfers,102694
2018-19,2116,Vale SD 84,400,Capital Projects Funds,5400,Resources - Beginning Fund Balance,7673665.89
2018-19,2116,Vale SD 84,200,Special Revenue Funds,1700,Extra-Curricular Activities,100
2018-19,2116,Vale SD 84,200,Special Revenue Funds,1920,Contributions and Donations From Private Sources,101486.9
2018-19,2116,Vale SD 84,200,Special Revenue Funds,1990,Miscellaneous,401871.87
2018-19,2116,Vale SD 84,200,Special Revenue Funds,3299,Other Restricted Grants-In-Aid,223490.84
2018-19,2116,Vale SD 84,200,Special Revenue Funds,4500,Restricted Revenue From Federal Government Through the State,919371.66
2018-19,2116,Vale SD 84,200,Special Revenue Funds,5200,Interfund Transfers,190000
2018-19,2116,Vale SD 84,100,General Fund,1990,Miscellaneous,55854.39
2018-19,2116,Vale SD 84,100,General Fund,2101,County School Funds,324.81
2018-19,2116,Vale SD 84,100,General Fund,3101,State School Fund --General Support,8071128.98
2018-19,2116,Vale SD 84,100,General Fund,3103,Common School Fund,91798.17
2018-19,2116,Vale SD 84,100,General Fund,5400,Resources - Beginning Fund Balance,1958248.54
2018-19,2116,Vale SD 84,200,Special Revenue Funds,1600,Food Service,3554.75
2018-19,2116,Vale SD 84,300,Debt Service Funds,5400,Resources - Beginning Fund Balance,-3705.29
2018-19,2116,Vale SD 84,100,General Fund,1110,Ad valorem taxes levied by district,1704927.78
2018-19,2116,Vale SD 84,100,General Fund,1500,Earnings on Investments,122198.16
2018-19,2116,Vale SD 84,100,General Fund,1700,Extra-Curricular Activities,31494.28
2018-19,2116,Vale SD 84,100,General Fund,1910,Rentals,300
2018-19,2116,Vale SD 84,100,General Fund,1940,Services Provided Other Local Education Agencies,1356.36
2018-19,2117,Willamette ESD,100,General Fund,1110,Ad valorem taxes levied by district,11767564.78
2018-19,2117,Willamette ESD,100,General Fund,1500,Earnings on Investments,312178.24
2018-19,2117,Willamette ESD,100,General Fund,1910,Rentals,46933.67
2018-19,2117,Willamette ESD,100,General Fund,1920,Contributions and Donations From Private Sources,13.26
2018-19,2117,Willamette ESD,100,General Fund,1940,Services Provided Other Local Education Agencies,10740
2018-19,2117,Willamette ESD,100,General Fund,1960,Recovery of Prior Years' Expenditure,12.33
2018-19,2117,Willamette ESD,600,Internal Service Funds,5400,Resources - Beginning Fund Balance,636243.54
2018-19,2117,Willamette ESD,700,Trust and Agency Funds,1960,Recovery of Prior Years' Expenditure,0.65
2018-19,2117,Willamette ESD,700,Trust and Agency Funds,5200,Interfund Transfers,35008842.11
2018-19,2117,Willamette ESD,700,Trust and Agency Funds,5400,Resources - Beginning Fund Balance,789703.35
2018-19,2117,Willamette ESD,300,Debt Service Funds,5200,Interfund Transfers,752886
2018-19,2117,Willamette ESD,300,Debt Service Funds,5400,Resources - Beginning Fund Balance,10502.82
2018-19,2117,Willamette ESD,400,Capital Projects Funds,1500,Earnings on Investments,1099.66
2018-19,2117,Willamette ESD,400,Capital Projects Funds,5400,Resources - Beginning Fund Balance,188304.38
2018-19,2117,Willamette ESD,600,Internal Service Funds,1940,Services Provided Other Local Education Agencies,1487023.77
2018-19,2117,Willamette ESD,600,Internal Service Funds,1990,Miscellaneous,293494.66
2018-19,2117,Willamette ESD,200,Special Revenue Funds,3299,Other Restricted Grants-In-Aid,18315584.2
2018-19,2117,Willamette ESD,200,Special Revenue Funds,4500,Restricted Revenue From Federal Government Through the State,7744511.79
2018-19,2117,Willamette ESD,200,Special Revenue Funds,5200,Interfund Transfers,10465663.83
2018-19,2117,Willamette ESD,200,Special Revenue Funds,5400,Resources - Beginning Fund Balance,1816751.68
2018-19,2117,Willamette ESD,300,Debt Service Funds,1500,Earnings on Investments,23578.53
2018-19,2117,Willamette ESD,300,Debt Service Funds,1970,Services Provided Other Funds,2172688.24
2018-19,2117,Willamette ESD,200,Special Revenue Funds,1700,Extra-Curricular Activities,77531.05
2018-19,2117,Willamette ESD,200,Special Revenue Funds,1920,Contributions and Donations From Private Sources,117319.83
2018-19,2117,Willamette ESD,200,Special Revenue Funds,1940,Services Provided Other Local Education Agencies,2968349.13
2018-19,2117,Willamette ESD,200,Special Revenue Funds,1960,Recovery of Prior Years' Expenditure,17023.05
2018-19,2117,Willamette ESD,200,Special Revenue Funds,1990,Miscellaneous,2513409.35
2018-19,2117,Willamette ESD,200,Special Revenue Funds,2200,Restricted Revenue,24510
2018-19,2117,Willamette ESD,100,General Fund,1980,Fees Charged to Grants,1595847.95
2018-19,2117,Willamette ESD,100,General Fund,1990,Miscellaneous,133314.61
2018-19,2117,Willamette ESD,100,General Fund,3101,State School Fund --General Support,26531740.3
2018-19,2117,Willamette ESD,100,General Fund,3104,State Managed County Timber,155650.54
2018-19,2117,Willamette ESD,100,General Fund,5300,Sale of or Compensation for Loss of Fixed Assets,6150
2018-19,2117,Willamette ESD,100,General Fund,5400,Resources - Beginning Fund Balance,3318528.76
2018-19,2137,Gervais SD 1,100,General Fund,1110,Ad valorem taxes levied by district,2508229.94
2018-19,2137,Gervais SD 1,100,General Fund,1190,Penalties and interest on taxes,569.41
2018-19,2137,Gervais SD 1,100,General Fund,1200,Revenue From Local Governmental Units Other Than Districts,80
2018-19,2137,Gervais SD 1,100,General Fund,1311,Tuition from Individuals,123126.31
2018-19,2137,Gervais SD 1,100,General Fund,1312,Tuition from Other Districts within the State,30000
2018-19,2137,Gervais SD 1,100,General Fund,1500,Earnings on Investments,181152.02
2018-19,2137,Gervais SD 1,300,Debt Service Funds,1500,Earnings on Investments,13612.77
2018-19,2137,Gervais SD 1,300,Debt Service Funds,1970,Services Provided Other Funds,853998.24
2018-19,2137,Gervais SD 1,300,Debt Service Funds,5200,Interfund Transfers,244000
2018-19,2137,Gervais SD 1,300,Debt Service Funds,5400,Resources - Beginning Fund Balance,458056.35
2018-19,2137,Gervais SD 1,400,Capital Projects Funds,5400,Resources - Beginning Fund Balance,9499.49
2018-19,2137,Gervais SD 1,200,Special Revenue Funds,3299,Other Restricted Grants-In-Aid,222955.81
2018-19,2137,Gervais SD 1,200,Special Revenue Funds,4500,Restricted Revenue From Federal Government Through the State,1334211.31
2018-19,2137,Gervais SD 1,200,Special Revenue Funds,4700,Grants-In-Aid From Federal Government Through Other Intermed,1692.22
2018-19,2137,Gervais SD 1,200,Special Revenue Funds,4900,Revenue for/on Behalf of the District,52242.2
2018-19,2137,Gervais SD 1,200,Special Revenue Funds,5200,Interfund Transfers,192000
2018-19,2137,Gervais SD 1,200,Special Revenue Funds,5400,Resources - Beginning Fund Balance,2510209.37
2018-19,2137,Gervais SD 1,200,Special Revenue Funds,1930,Rental or Lease Payments from Private Contractors,19500
2018-19,2137,Gervais SD 1,200,Special Revenue Funds,1960,Recovery of Prior Years' Expenditure,28.63
2018-19,2137,Gervais SD 1,200,Special Revenue Funds,1990,Miscellaneous,23590.2
2018-19,2137,Gervais SD 1,200,Special Revenue Funds,3102,State School Fund--School Lunch Match,6648.55
2018-19,2137,Gervais SD 1,200,Special Revenue Funds,3199,Other Unrestricted Grants-In-Aid,176.05
2018-19,2137,Gervais SD 1,200,Special Revenue Funds,3204,Driver Education,4785
2018-19,2137,Gervais SD 1,100,General Fund,5400,Resources - Beginning Fund Balance,2733099.42
2018-19,2137,Gervais SD 1,200,Special Revenue Funds,1130,Construction Excise Tax,64912.11
2018-19,2137,Gervais SD 1,200,Special Revenue Funds,1600,Food Service,3331.52
2018-19,2137,Gervais SD 1,200,Special Revenue Funds,1700,Extra-Curricular Activities,125699.39
2018-19,2137,Gervais SD 1,200,Special Revenue Funds,1910,Rentals,6000
2018-19,2137,Gervais SD 1,200,Special Revenue Funds,1920,Contributions and Donations From Private Sources,59998.6
2018-19,2137,Gervais SD 1,100,General Fund,2102,General Education Service District Funds,64391.91
2018-19,2137,Gervais SD 1,100,General Fund,3101,State School Fund --General Support,10789525.9
2018-19,2137,Gervais SD 1,100,General Fund,3103,Common School Fund,110221.26
2018-19,2137,Gervais SD 1,100,General Fund,3199,Other Unrestricted Grants-In-Aid,64233.22
2018-19,2137,Gervais SD 1,100,General Fund,3222,State School Fund (SSF) Transportation Equipment,7046
2018-19,2137,Gervais SD 1,100,General Fund,3299,Other Restricted Grants-In-Aid,364.8
2018-19,2137,Gervais SD 1,100,General Fund,1700,Extra-Curricular Activities,5340
2018-19,2137,Gervais SD 1,100,General Fund,1920,Contributions and Donations From Private Sources,8160
2018-19,2137,Gervais SD 1,100,General Fund,1960,Recovery of Prior Years' Expenditure,16993.96
2018-19,2137,Gervais SD 1,100,General Fund,1980,Fees Charged to Grants,20000
2018-19,2137,Gervais SD 1,100,General Fund,1990,Miscellaneous,80654.83
2018-19,2137,Gervais SD 1,100,General Fund,2101,County School Funds,23587
2018-19,2138,Silver Falls SD 4J,100,General Fund,1110,Ad valorem taxes levied by district,7979246.7
2018-19,2138,Silver Falls SD 4J,100,General Fund,1190,Penalties and interest on taxes,31436.6
2018-19,2138,Silver Falls SD 4J,100,General Fund,1500,Earnings on Investments,355371.84
2018-19,2138,Silver Falls SD 4J,100,General Fund,1700,Extra-Curricular Activities,37788
2018-19,2138,Silver Falls SD 4J,100,General Fund,1920,Contributions and Donations From Private Sources,144.75
2018-19,2138,Silver Falls SD 4J,100,General Fund,1930,Rental or Lease Payments from Private Contractors,28997.28
2018-19,2138,Silver Falls SD 4J,700,Trust and Agency Funds,3101,State School Fund --General Support,1722830.98
2018-19,2138,Silver Falls SD 4J,700,Trust and Agency Funds,3299,Other Restricted Grants-In-Aid,44350.73
2018-19,2138,Silver Falls SD 4J,700,Trust and Agency Funds,5400,Resources - Beginning Fund Balance,347989.47
2018-19,2138,Silver Falls SD 4J,100,General Fund,4900,Revenue for/on Behalf of the District,28399.66
2018-19,2138,Silver Falls SD 4J,600,Internal Service Funds,1970,Services Provided Other Funds,68076.64
2018-19,2138,Silver Falls SD 4J,600,Internal Service Funds,5400,Resources - Beginning Fund Balance,516669.45
2018-19,2138,Silver Falls SD 4J,700,Trust and Agency Funds,1500,Earnings on Investments,8014
2018-19,2138,Silver Falls SD 4J,700,Trust and Agency Funds,1700,Extra-Curricular Activities,56340.46
2018-19,2138,Silver Falls SD 4J,700,Trust and Agency Funds,1920,Contributions and Donations From Private Sources,24194.38
2018-19,2138,Silver Falls SD 4J,700,Trust and Agency Funds,1990,Miscellaneous,391.38
2018-19,2138,Silver Falls SD 4J,400,Capital Projects Funds,1500,Earnings on Investments,17575.81
2018-19,2138,Silver Falls SD 4J,400,Capital Projects Funds,1990,Miscellaneous,23136.34
2018-19,2138,Silver Falls SD 4J,400,Capital Projects Funds,3299,Other Restricted Grants-In-Aid,762349.54
2018-19,2138,Silver Falls SD 4J,400,Capital Projects Funds,5300,Sale of or Compensation for Loss of Fixed Assets,-848.7
2018-19,2138,Silver Falls SD 4J,400,Capital Projects Funds,5400,Resources - Beginning Fund Balance,1292454.03
2018-19,2138,Silver Falls SD 4J,600,Internal Service Funds,1500,Earnings on Investments,4500
2018-19,2138,Silver Falls SD 4J,300,Debt Service Funds,1190,Penalties and interest on taxes,14765.22
2018-19,2138,Silver Falls SD 4J,300,Debt Service Funds,1500,Earnings on Investments,23752.69
2018-19,2138,Silver Falls SD 4J,300,Debt Service Funds,1970,Services Provided Other Funds,1496276.86
2018-19,2138,Silver Falls SD 4J,300,Debt Service Funds,5200,Interfund Transfers,234700
2018-19,2138,Silver Falls SD 4J,300,Debt Service Funds,5400,Resources - Beginning Fund Balance,572702.28
2018-19,2138,Silver Falls SD 4J,400,Capital Projects Funds,1130,Construction Excise Tax,160730.72
2018-19,2138,Silver Falls SD 4J,200,Special Revenue Funds,3102,State School Fund--School Lunch Match,8213.43
2018-19,2138,Silver Falls SD 4J,200,Special Revenue Funds,3299,Other Restricted Grants-In-Aid,1360531.1
2018-19,2138,Silver Falls SD 4J,200,Special Revenue Funds,4500,Restricted Revenue From Federal Government Through the State,1754731.88
2018-19,2138,Silver Falls SD 4J,200,Special Revenue Funds,5200,Interfund Transfers,100000
2018-19,2138,Silver Falls SD 4J,200,Special Revenue Funds,5400,Resources - Beginning Fund Balance,1051042.86
2018-19,2138,Silver Falls SD 4J,300,Debt Service Funds,1110,Ad valorem taxes levied by district,3839627
2018-19,2138,Silver Falls SD 4J,200,Special Revenue Funds,1600,Food Service,293719.51
2018-19,2138,Silver Falls SD 4J,200,Special Revenue Funds,1700,Extra-Curricular Activities,146155.08
2018-19,2138,Silver Falls SD 4J,200,Special Revenue Funds,1910,Rentals,31935.2
2018-19,2138,Silver Falls SD 4J,200,Special Revenue Funds,1920,Contributions and Donations From Private Sources,216251.73
2018-19,2138,Silver Falls SD 4J,200,Special Revenue Funds,1970,Services Provided Other Funds,9961.5
2018-19,2138,Silver Falls SD 4J,200,Special Revenue Funds,1990,Miscellaneous,1253625.02
2018-19,2138,Silver Falls SD 4J,100,General Fund,3103,Common School Fund,420767.85
2018-19,2138,Silver Falls SD 4J,100,General Fund,3104,State Managed County Timber,1074605.34
2018-19,2138,Silver Falls SD 4J,100,General Fund,3299,Other Restricted Grants-In-Aid,572477.08
2018-19,2138,Silver Falls SD 4J,100,General Fund,4801,Federal Forest Fees,883.65
2018-19,2138,Silver Falls SD 4J,100,General Fund,5400,Resources - Beginning Fund Balance,5660909.85
2018-19,2138,Silver Falls SD 4J,200,Special Revenue Funds,1500,Earnings on Investments,24241
2018-19,2138,Silver Falls SD 4J,100,General Fund,1940,Services Provided Other Local Education Agencies,66130
2018-19,2138,Silver Falls SD 4J,100,General Fund,1990,Miscellaneous,26397.58
2018-19,2138,Silver Falls SD 4J,100,General Fund,2101,County School Funds,86458.17
2018-19,2138,Silver Falls SD 4J,100,General Fund,2102,General Education Service District Funds,960736.75
2018-19,2138,Silver Falls SD 4J,100,General Fund,3101,State School Fund --General Support,28508872.15
2018-19,2138,Silver Falls SD 4J,100,General Fund,3102,State School Fund--School Lunch Match,-8213.43
2018-19,2139,Cascade SD 5,100,General Fund,1110,Ad valorem taxes levied by district,5408183.08
2018-19,2139,Cascade SD 5,100,General Fund,1500,Earnings on Investments,253477.04
2018-19,2139,Cascade SD 5,100,General Fund,1700,Extra-Curricular Activities,82838.34
2018-19,2139,Cascade SD 5,100,General Fund,1910,Rentals,84000
2018-19,2139,Cascade SD 5,100,General Fund,1990,Miscellaneous,503015.96
2018-19,2139,Cascade SD 5,100,General Fund,2102,General Education Service District Funds,180739.72
2018-19,2139,Cascade SD 5,200,Special Revenue Funds,5200,Interfund Transfers,259297.74
2018-19,2139,Cascade SD 5,300,Debt Service Funds,5200,Interfund Transfers,147000
2018-19,2139,Cascade SD 5,400,Capital Projects Funds,3299,Other Restricted Grants-In-Aid,98057
2018-19,2139,Cascade SD 5,400,Capital Projects Funds,5200,Interfund Transfers,475000
2018-19,2139,Cascade SD 5,200,Special Revenue Funds,3299,Other Restricted Grants-In-Aid,623948.94
2018-19,2139,Cascade SD 5,100,General Fund,3299,Other Restricted Grants-In-Aid,19740
2018-19,2139,Cascade SD 5,100,General Fund,2101,County School Funds,55645.48
2018-19,2139,Cascade SD 5,100,General Fund,3199,Other Unrestricted Grants-In-Aid,227533.17
2018-19,2139,Cascade SD 5,100,General Fund,5300,Sale of or Compensation for Loss of Fixed Assets,164974.66
2018-19,2139,Cascade SD 5,200,Special Revenue Funds,1312,Tuition from Other Districts within the State,237300
2018-19,2139,Cascade SD 5,200,Special Revenue Funds,3102,State School Fund--School Lunch Match,8608.02
2018-19,2139,Cascade SD 5,200,Special Revenue Funds,4900,Revenue for/on Behalf of the District,46464.22
2018-19,2139,Cascade SD 5,400,Capital Projects Funds,1130,Construction Excise Tax,295549.75
2018-19,2139,Cascade SD 5,400,Capital Projects Funds,1910,Rentals,36115
2018-19,2139,Cascade SD 5,400,Capital Projects Funds,1990,Miscellaneous,40243.6
2018-19,2139,Cascade SD 5,400,Capital Projects Funds,5400,Resources - Beginning Fund Balance,1344127.66
2018-19,2139,Cascade SD 5,700,Trust and Agency Funds,1500,Earnings on Investments,3018.6
2018-19,2139,Cascade SD 5,700,Trust and Agency Funds,5400,Resources - Beginning Fund Balance,116247.64
2018-19,2139,Cascade SD 5,200,Special Revenue Funds,4700,Grants-In-Aid From Federal Government Through Other Intermed,43854.13
2018-19,2139,Cascade SD 5,200,Special Revenue Funds,5400,Resources - Beginning Fund Balance,1164499
2018-19,2139,Cascade SD 5,300,Debt Service Funds,1110,Ad valorem taxes levied by district,1614770.84
2018-19,2139,Cascade SD 5,300,Debt Service Funds,1500,Earnings on Investments,20907.43
2018-19,2139,Cascade SD 5,300,Debt Service Funds,1970,Services Provided Other Funds,1567080.11
2018-19,2139,Cascade SD 5,300,Debt Service Funds,5400,Resources - Beginning Fund Balance,43035.56
2018-19,2139,Cascade SD 5,200,Special Revenue Funds,1700,Extra-Curricular Activities,752277.94
2018-19,2139,Cascade SD 5,200,Special Revenue Funds,1910,Rentals,10279.36
2018-19,2139,Cascade SD 5,200,Special Revenue Funds,1920,Contributions and Donations From Private Sources,67557.15
2018-19,2139,Cascade SD 5,200,Special Revenue Funds,1970,Services Provided Other Funds,6300.73
2018-19,2139,Cascade SD 5,200,Special Revenue Funds,1990,Miscellaneous,126330.07
2018-19,2139,Cascade SD 5,200,Special Revenue Funds,4500,Restricted Revenue From Federal Government Through the State,1624160.88
2018-19,2139,Cascade SD 5,100,General Fund,3101,State School Fund --General Support,17483672.1
2018-19,2139,Cascade SD 5,100,General Fund,3103,Common School Fund,242299.82
2018-19,2139,Cascade SD 5,100,General Fund,3900,Revenue for/on Behalf of the District,3011.2
2018-19,2139,Cascade SD 5,100,General Fund,5400,Resources - Beginning Fund Balance,2619891.86
2018-19,2139,Cascade SD 5,200,Special Revenue Funds,1500,Earnings on Investments,1210.01
2018-19,2139,Cascade SD 5,200,Special Revenue Funds,1600,Food Service,281025.77
2018-19,2140,Jefferson SD 14J,400,Capital Projects Funds,1920,Contributions and Donations From Private Sources,3910
2018-19,2140,Jefferson SD 14J,400,Capital Projects Funds,1990,Miscellaneous,250000
2018-19,2140,Jefferson SD 14J,400,Capital Projects Funds,3299,Other Restricted Grants-In-Aid,5319824
2018-19,2140,Jefferson SD 14J,400,Capital Projects Funds,5400,Resources - Beginning Fund Balance,14922356.33
2018-19,2140,Jefferson SD 14J,300,Debt Service Funds,1500,Earnings on Investments,7522.04
2018-19,2140,Jefferson SD 14J,300,Debt Service Funds,1920,Contributions and Donations From Private Sources,22454.92
2018-19,2140,Jefferson SD 14J,300,Debt Service Funds,1970,Services Provided Other Funds,680182.34
2018-19,2140,Jefferson SD 14J,300,Debt Service Funds,5200,Interfund Transfers,47000
2018-19,2140,Jefferson SD 14J,300,Debt Service Funds,5400,Resources - Beginning Fund Balance,120202.38
2018-19,2140,Jefferson SD 14J,400,Capital Projects Funds,1500,Earnings on Investments,273367.33
2018-19,2140,Jefferson SD 14J,200,Special Revenue Funds,3299,Other Restricted Grants-In-Aid,164287.73
2018-19,2140,Jefferson SD 14J,200,Special Revenue Funds,3900,Revenue for/on Behalf of the District,11834.66
2018-19,2140,Jefferson SD 14J,200,Special Revenue Funds,4500,Restricted Revenue From Federal Government Through the State,875133.02
2018-19,2140,Jefferson SD 14J,200,Special Revenue Funds,5200,Interfund Transfers,157269.4
2018-19,2140,Jefferson SD 14J,200,Special Revenue Funds,5400,Resources - Beginning Fund Balance,89246.15
2018-19,2140,Jefferson SD 14J,300,Debt Service Funds,1110,Ad valorem taxes levied by district,700364.26
2018-19,2140,Jefferson SD 14J,200,Special Revenue Funds,1600,Food Service,84004.91
2018-19,2140,Jefferson SD 14J,200,Special Revenue Funds,1700,Extra-Curricular Activities,212840.82
2018-19,2140,Jefferson SD 14J,200,Special Revenue Funds,1920,Contributions and Donations From Private Sources,900
2018-19,2140,Jefferson SD 14J,200,Special Revenue Funds,1960,Recovery of Prior Years' Expenditure,565.28
2018-19,2140,Jefferson SD 14J,200,Special Revenue Funds,1990,Miscellaneous,6483.81
2018-19,2140,Jefferson SD 14J,200,Special Revenue Funds,3199,Other Unrestricted Grants-In-Aid,-2190.32
2018-19,2140,Jefferson SD 14J,100,General Fund,3101,State School Fund --General Support,6938562.17
2018-19,2140,Jefferson SD 14J,100,General Fund,3103,Common School Fund,91004.32
2018-19,2140,Jefferson SD 14J,100,General Fund,3104,State Managed County Timber,566.64
2018-19,2140,Jefferson SD 14J,100,General Fund,3199,Other Unrestricted Grants-In-Aid,4549.87
2018-19,2140,Jefferson SD 14J,100,General Fund,4801,Federal Forest Fees,1238.69
2018-19,2140,Jefferson SD 14J,100,General Fund,5400,Resources - Beginning Fund Balance,827903.87
2018-19,2140,Jefferson SD 14J,100,General Fund,1110,Ad valorem taxes levied by district,2308953.59
2018-19,2140,Jefferson SD 14J,100,General Fund,1500,Earnings on Investments,78524.95
2018-19,2140,Jefferson SD 14J,100,General Fund,1910,Rentals,3495
2018-19,2140,Jefferson SD 14J,100,General Fund,1960,Recovery of Prior Years' Expenditure,9346.04
2018-19,2140,Jefferson SD 14J,100,General Fund,1990,Miscellaneous,1590.09
2018-19,2140,Jefferson SD 14J,100,General Fund,2101,County School Funds,20912.78
2018-19,2141,North Marion SD 15,100,General Fund,1110,Ad valorem taxes levied by district,3608733
2018-19,2141,North Marion SD 15,100,General Fund,1311,Tuition from Individuals,84087
2018-19,2141,North Marion SD 15,100,General Fund,1312,Tuition from Other Districts within the State,39700
2018-19,2141,North Marion SD 15,100,General Fund,1500,Earnings on Investments,111887.49
2018-19,2141,North Marion SD 15,100,General Fund,1700,Extra-Curricular Activities,66392
2018-19,2141,North Marion SD 15,100,General Fund,1910,Rentals,20700
2018-19,2141,North Marion SD 15,700,Trust and Agency Funds,5400,Resources - Beginning Fund Balance,15398.92
2018-19,2141,North Marion SD 15,300,Debt Service Funds,5400,Resources - Beginning Fund Balance,722420.85
2018-19,2141,North Marion SD 15,400,Capital Projects Funds,1130,Construction Excise Tax,104976.46
2018-19,2141,North Marion SD 15,400,Capital Projects Funds,1500,Earnings on Investments,1209424.22
2018-19,2141,North Marion SD 15,400,Capital Projects Funds,1990,Miscellaneous,11267.5
2018-19,2141,North Marion SD 15,400,Capital Projects Funds,3299,Other Restricted Grants-In-Aid,1987981.81
2018-19,2141,North Marion SD 15,400,Capital Projects Funds,5400,Resources - Beginning Fund Balance,44027279.77
2018-19,2141,North Marion SD 15,200,Special Revenue Funds,4900,Revenue for/on Behalf of the District,83583
2018-19,2141,North Marion SD 15,200,Special Revenue Funds,5400,Resources - Beginning Fund Balance,715624.71
2018-19,2141,North Marion SD 15,300,Debt Service Funds,1110,Ad valorem taxes levied by district,1850348
2018-19,2141,North Marion SD 15,300,Debt Service Funds,1500,Earnings on Investments,27592.18
2018-19,2141,North Marion SD 15,300,Debt Service Funds,1970,Services Provided Other Funds,1103468.44
2018-19,2141,North Marion SD 15,300,Debt Service Funds,1990,Miscellaneous,190.52
2018-19,2141,North Marion SD 15,200,Special Revenue Funds,1920,Contributions and Donations From Private Sources,44376
2018-19,2141,North Marion SD 15,200,Special Revenue Funds,1990,Miscellaneous,127305.87
2018-19,2141,North Marion SD 15,200,Special Revenue Funds,3102,State School Fund--School Lunch Match,9065.4
2018-19,2141,North Marion SD 15,200,Special Revenue Funds,3299,Other Restricted Grants-In-Aid,660376.51
2018-19,2141,North Marion SD 15,200,Special Revenue Funds,4500,Restricted Revenue From Federal Government Through the State,1450190.84
2018-19,2141,North Marion SD 15,200,Special Revenue Funds,4700,Grants-In-Aid From Federal Government Through Other Intermed,61794.75
2018-19,2141,North Marion SD 15,100,General Fund,3103,Common School Fund,203466.76
2018-19,2141,North Marion SD 15,100,General Fund,3204,Driver Education,15150
2018-19,2141,North Marion SD 15,100,General Fund,5400,Resources - Beginning Fund Balance,2027836.3
2018-19,2141,North Marion SD 15,200,Special Revenue Funds,1500,Earnings on Investments,34952
2018-19,2141,North Marion SD 15,200,Special Revenue Funds,1600,Food Service,151090.73
2018-19,2141,North Marion SD 15,200,Special Revenue Funds,1700,Extra-Curricular Activities,420579.45
2018-19,2141,North Marion SD 15,100,General Fund,1920,Contributions and Donations From Private Sources,9050
2018-19,2141,North Marion SD 15,100,General Fund,1960,Recovery of Prior Years' Expenditure,24071.72
2018-19,2141,North Marion SD 15,100,General Fund,1990,Miscellaneous,72634.49
2018-19,2141,North Marion SD 15,100,General Fund,2101,County School Funds,44957.2
2018-19,2141,North Marion SD 15,100,General Fund,2102,General Education Service District Funds,271759.8
2018-19,2141,North Marion SD 15,100,General Fund,3101,State School Fund --General Support,15530870.19
2018-19,2142,Salem-Keizer SD 24J,700,Trust and Agency Funds,5400,Resources - Beginning Fund Balance,526835
2018-19,2142,Salem-Keizer SD 24J,600,Internal Service Funds,1970,Services Provided Other Funds,9375861
2018-19,2142,Salem-Keizer SD 24J,600,Internal Service Funds,1990,Miscellaneous,6570581.35
2018-19,2142,Salem-Keizer SD 24J,600,Internal Service Funds,3299,Other Restricted Grants-In-Aid,19574.12
2018-19,2142,Salem-Keizer SD 24J,600,Internal Service Funds,5200,Interfund Transfers,600000
2018-19,2142,Salem-Keizer SD 24J,600,Internal Service Funds,5400,Resources - Beginning Fund Balance,15632235
2018-19,2142,Salem-Keizer SD 24J,700,Trust and Agency Funds,1990,Miscellaneous,253694.48
2018-19,2142,Salem-Keizer SD 24J,400,Capital Projects Funds,5200,Interfund Transfers,1608819.07
2018-19,2142,Salem-Keizer SD 24J,400,Capital Projects Funds,5400,Resources - Beginning Fund Balance,5815008
2018-19,2142,Salem-Keizer SD 24J,500,Enterprise Funds,5400,Resources - Beginning Fund Balance,138321
2018-19,2142,Salem-Keizer SD 24J,600,Internal Service Funds,1500,Earnings on Investments,611150
2018-19,2142,Salem-Keizer SD 24J,600,Internal Service Funds,1940,Services Provided Other Local Education Agencies,134839.53
2018-19,2142,Salem-Keizer SD 24J,600,Internal Service Funds,1960,Recovery of Prior Years' Expenditure,13916.19
2018-19,2142,Salem-Keizer SD 24J,300,Debt Service Funds,5400,Resources - Beginning Fund Balance,23974632
2018-19,2142,Salem-Keizer SD 24J,400,Capital Projects Funds,1500,Earnings on Investments,12340845.71
2018-19,2142,Salem-Keizer SD 24J,400,Capital Projects Funds,1920,Contributions and Donations From Private Sources,1139610.29
2018-19,2142,Salem-Keizer SD 24J,400,Capital Projects Funds,1960,Recovery of Prior Years' Expenditure,1248.75
2018-19,2142,Salem-Keizer SD 24J,400,Capital Projects Funds,1990,Miscellaneous,127330.9
2018-19,2142,Salem-Keizer SD 24J,400,Capital Projects Funds,5100,Long Term Debt Financing Sources,448194296.35
2018-19,2142,Salem-Keizer SD 24J,200,Special Revenue Funds,5200,Interfund Transfers,5370000
2018-19,2142,Salem-Keizer SD 24J,200,Special Revenue Funds,5300,Sale of or Compensation for Loss of Fixed Assets,6880.5
2018-19,2142,Salem-Keizer SD 24J,200,Special Revenue Funds,5400,Resources - Beginning Fund Balance,10840739
2018-19,2142,Salem-Keizer SD 24J,300,Debt Service Funds,1110,Ad valorem taxes levied by district,52743805
2018-19,2142,Salem-Keizer SD 24J,300,Debt Service Funds,1500,Earnings on Investments,985200.52
2018-19,2142,Salem-Keizer SD 24J,300,Debt Service Funds,1970,Services Provided Other Funds,23292663.36
2018-19,2142,Salem-Keizer SD 24J,200,Special Revenue Funds,3102,State School Fund--School Lunch Match,181977.63
2018-19,2142,Salem-Keizer SD 24J,200,Special Revenue Funds,3222,State School Fund (SSF) Transportation Equipment,1064746
2018-19,2142,Salem-Keizer SD 24J,200,Special Revenue Funds,3299,Other Restricted Grants-In-Aid,16820594.05
2018-19,2142,Salem-Keizer SD 24J,200,Special Revenue Funds,4300,Restricted Revenue Direct From the Federal Government,158196
2018-19,2142,Salem-Keizer SD 24J,200,Special Revenue Funds,4500,Restricted Revenue From Federal Government Through the State,40484844.34
2018-19,2142,Salem-Keizer SD 24J,200,Special Revenue Funds,4900,Revenue for/on Behalf of the District,1408120.7
2018-19,2142,Salem-Keizer SD 24J,200,Special Revenue Funds,1910,Rentals,141625.95
2018-19,2142,Salem-Keizer SD 24J,200,Special Revenue Funds,1920,Contributions and Donations From Private Sources,755206.23
2018-19,2142,Salem-Keizer SD 24J,200,Special Revenue Funds,1950,Textbook Sales and Rentals,31452.63
2018-19,2142,Salem-Keizer SD 24J,200,Special Revenue Funds,1960,Recovery of Prior Years' Expenditure,2382.8
2018-19,2142,Salem-Keizer SD 24J,200,Special Revenue Funds,1990,Miscellaneous,1527485.98
2018-19,2142,Salem-Keizer SD 24J,200,Special Revenue Funds,2200,Restricted Revenue,1435267.97
2018-19,2142,Salem-Keizer SD 24J,200,Special Revenue Funds,1311,Tuition from Individuals,623133.55
2018-19,2142,Salem-Keizer SD 24J,200,Special Revenue Funds,1312,Tuition from Other Districts within the State,140113
2018-19,2142,Salem-Keizer SD 24J,200,Special Revenue Funds,1500,Earnings on Investments,255731
2018-19,2142,Salem-Keizer SD 24J,200,Special Revenue Funds,1600,Food Service,1910879
2018-19,2142,Salem-Keizer SD 24J,200,Special Revenue Funds,1700,Extra-Curricular Activities,4631572.29
2018-19,2142,Salem-Keizer SD 24J,200,Special Revenue Funds,1800,Community Services Activities,7450
2018-19,2142,Salem-Keizer SD 24J,100,General Fund,3199,Other Unrestricted Grants-In-Aid,1683188.54
2018-19,2142,Salem-Keizer SD 24J,100,General Fund,4200,Unrestricted Revenue From Federal Government Through State,127230.78
2018-19,2142,Salem-Keizer SD 24J,100,General Fund,4801,Federal Forest Fees,385.45
2018-19,2142,Salem-Keizer SD 24J,100,General Fund,5200,Interfund Transfers,2283983.03
2018-19,2142,Salem-Keizer SD 24J,100,General Fund,5300,Sale of or Compensation for Loss of Fixed Assets,227447.46
2018-19,2142,Salem-Keizer SD 24J,100,General Fund,5400,Resources - Beginning Fund Balance,51478033
2018-19,2142,Salem-Keizer SD 24J,100,General Fund,1980,Fees Charged to Grants,1949223
2018-19,2142,Salem-Keizer SD 24J,100,General Fund,1990,Miscellaneous,985147
2018-19,2142,Salem-Keizer SD 24J,100,General Fund,2101,County School Funds,865412
2018-19,2142,Salem-Keizer SD 24J,100,General Fund,2102,General Education Service District Funds,16166475
2018-19,2142,Salem-Keizer SD 24J,100,General Fund,3101,State School Fund --General Support,343804363.7
2018-19,2142,Salem-Keizer SD 24J,100,General Fund,3103,Common School Fund,4472941.44
2018-19,2142,Salem-Keizer SD 24J,100,General Fund,1312,Tuition from Other Districts within the State,42621
2018-19,2142,Salem-Keizer SD 24J,100,General Fund,1500,Earnings on Investments,3596052
2018-19,2142,Salem-Keizer SD 24J,100,General Fund,1910,Rentals,393663
2018-19,2142,Salem-Keizer SD 24J,100,General Fund,1920,Contributions and Donations From Private Sources,3
2018-19,2142,Salem-Keizer SD 24J,100,General Fund,1940,Services Provided Other Local Education Agencies,132700
2018-19,2142,Salem-Keizer SD 24J,100,General Fund,1960,Recovery of Prior Years' Expenditure,113742
2018-19,2142,Salem-Keizer SD 24J,100,General Fund,1110,Ad valorem taxes levied by district,84573727
2018-19,2142,Salem-Keizer SD 24J,100,General Fund,1311,Tuition from Individuals,530
2018-19,2143,North Santiam SD 29J,400,Capital Projects Funds,5200,Interfund Transfers,278000
2018-19,2143,North Santiam SD 29J,400,Capital Projects Funds,5400,Resources - Beginning Fund Balance,955693.9
2018-19,2143,North Santiam SD 29J,600,Internal Service Funds,1970,Services Provided Other Funds,19626.94
2018-19,2143,North Santiam SD 29J,600,Internal Service Funds,5400,Resources - Beginning Fund Balance,351106.36
2018-19,2143,North Santiam SD 29J,300,Debt Service Funds,5400,Resources - Beginning Fund Balance,969816.27
2018-19,2143,North Santiam SD 29J,400,Capital Projects Funds,1130,Construction Excise Tax,180848.62
2018-19,2143,North Santiam SD 29J,400,Capital Projects Funds,1500,Earnings on Investments,14569.38
2018-19,2143,North Santiam SD 29J,400,Capital Projects Funds,1990,Miscellaneous,35639.24
2018-19,2143,North Santiam SD 29J,400,Capital Projects Funds,2200,Restricted Revenue,17965
2018-19,2143,North Santiam SD 29J,400,Capital Projects Funds,3299,Other Restricted Grants-In-Aid,1662798
2018-19,2143,North Santiam SD 29J,200,Special Revenue Funds,5200,Interfund Transfers,375000
2018-19,2143,North Santiam SD 29J,200,Special Revenue Funds,5400,Resources - Beginning Fund Balance,1300097.86
2018-19,2143,North Santiam SD 29J,300,Debt Service Funds,1110,Ad valorem taxes levied by district,1711245.22
2018-19,2143,North Santiam SD 29J,300,Debt Service Funds,1500,Earnings on Investments,17283.4
2018-19,2143,North Santiam SD 29J,300,Debt Service Funds,1970,Services Provided Other Funds,1679071.3
2018-19,2143,North Santiam SD 29J,300,Debt Service Funds,5200,Interfund Transfers,400000
2018-19,2143,North Santiam SD 29J,200,Special Revenue Funds,2200,Restricted Revenue,393540.57
2018-19,2143,North Santiam SD 29J,200,Special Revenue Funds,3102,State School Fund--School Lunch Match,18958.56
2018-19,2143,North Santiam SD 29J,200,Special Revenue Funds,3299,Other Restricted Grants-In-Aid,1049675.93
2018-19,2143,North Santiam SD 29J,200,Special Revenue Funds,4200,Unrestricted Revenue From Federal Government Through State,9266.07
2018-19,2143,North Santiam SD 29J,200,Special Revenue Funds,4500,Restricted Revenue From Federal Government Through the State,1851447.57
2018-19,2143,North Santiam SD 29J,200,Special Revenue Funds,4900,Revenue for/on Behalf of the District,70472.82
2018-19,2143,North Santiam SD 29J,200,Special Revenue Funds,1700,Extra-Curricular Activities,546259.64
2018-19,2143,North Santiam SD 29J,200,Special Revenue Funds,1940,Services Provided Other Local Education Agencies,9725
2018-19,2143,North Santiam SD 29J,200,Special Revenue Funds,1960,Recovery of Prior Years' Expenditure,514.39
2018-19,2143,North Santiam SD 29J,200,Special Revenue Funds,1970,Services Provided Other Funds,1100
2018-19,2143,North Santiam SD 29J,200,Special Revenue Funds,1990,Miscellaneous,124604.88
2018-19,2143,North Santiam SD 29J,200,Special Revenue Funds,2199,Other Intermediate Sources,20261.78
2018-19,2143,North Santiam SD 29J,100,General Fund,3104,State Managed County Timber,1275682.65
2018-19,2143,North Santiam SD 29J,100,General Fund,4500,Restricted Revenue From Federal Government Through the State,218.95
2018-19,2143,North Santiam SD 29J,100,General Fund,4801,Federal Forest Fees,10763.74
2018-19,2143,North Santiam SD 29J,100,General Fund,5400,Resources - Beginning Fund Balance,2046789.87
2018-19,2143,North Santiam SD 29J,200,Special Revenue Funds,1500,Earnings on Investments,59.34
2018-19,2143,North Santiam SD 29J,200,Special Revenue Funds,1600,Food Service,212339.8
2018-19,2143,North Santiam SD 29J,100,General Fund,1990,Miscellaneous,2525.56
2018-19,2143,North Santiam SD 29J,100,General Fund,2101,County School Funds,51752.35
2018-19,2143,North Santiam SD 29J,100,General Fund,2102,General Education Service District Funds,655735.78
2018-19,2143,North Santiam SD 29J,100,General Fund,2200,Restricted Revenue,650
2018-19,2143,North Santiam SD 29J,100,General Fund,3101,State School Fund --General Support,14411365.06
2018-19,2143,North Santiam SD 29J,100,General Fund,3103,Common School Fund,241480.1
2018-19,2143,North Santiam SD 29J,100,General Fund,1500,Earnings on Investments,260923.56
2018-19,2143,North Santiam SD 29J,100,General Fund,1700,Extra-Curricular Activities,83511.37
2018-19,2143,North Santiam SD 29J,100,General Fund,1910,Rentals,12946.2
2018-19,2143,North Santiam SD 29J,100,General Fund,1920,Contributions and Donations From Private Sources,1183.75
2018-19,2143,North Santiam SD 29J,100,General Fund,1960,Recovery of Prior Years' Expenditure,747
2018-19,2143,North Santiam SD 29J,100,General Fund,1980,Fees Charged to Grants,92845.04
2018-19,2143,North Santiam SD 29J,100,General Fund,1110,Ad valorem taxes levied by district,6200570.45
2018-19,2144,St Paul SD 45,100,General Fund,1110,Ad valorem taxes levied by district,792854.12
2018-19,2144,St Paul SD 45,100,General Fund,1190,Penalties and interest on taxes,2813.6
2018-19,2144,St Paul SD 45,100,General Fund,1500,Earnings on Investments,34706
2018-19,2144,St Paul SD 45,100,General Fund,1600,Food Service,26167.1
2018-19,2144,St Paul SD 45,100,General Fund,1700,Extra-Curricular Activities,12180
2018-19,2144,St Paul SD 45,100,General Fund,1910,Rentals,880
2018-19,2144,St Paul SD 45,200,Special Revenue Funds,1700,Extra-Curricular Activities,136947
2018-19,2144,St Paul SD 45,200,Special Revenue Funds,1920,Contributions and Donations From Private Sources,45190
2018-19,2144,St Paul SD 45,200,Special Revenue Funds,5400,Resources - Beginning Fund Balance,200024
2018-19,2144,St Paul SD 45,100,General Fund,1960,Recovery of Prior Years' Expenditure,9034
2018-19,2144,St Paul SD 45,400,Capital Projects Funds,5400,Resources - Beginning Fund Balance,272533.68
2018-19,2144,St Paul SD 45,100,General Fund,1311,Tuition from Individuals,10757.56
2018-19,2144,St Paul SD 45,300,Debt Service Funds,1110,Ad valorem taxes levied by district,531760.61
2018-19,2144,St Paul SD 45,300,Debt Service Funds,1190,Penalties and interest on taxes,1102.7
2018-19,2144,St Paul SD 45,300,Debt Service Funds,1500,Earnings on Investments,237.31
2018-19,2144,St Paul SD 45,300,Debt Service Funds,5400,Resources - Beginning Fund Balance,36014.76
2018-19,2144,St Paul SD 45,400,Capital Projects Funds,1500,Earnings on Investments,14103.09
2018-19,2144,St Paul SD 45,400,Capital Projects Funds,3199,Other Unrestricted Grants-In-Aid,1269639
2018-19,2144,St Paul SD 45,200,Special Revenue Funds,1500,Earnings on Investments,35.67
2018-19,2144,St Paul SD 45,200,Special Revenue Funds,1990,Miscellaneous,6874.63
2018-19,2144,St Paul SD 45,200,Special Revenue Funds,3199,Other Unrestricted Grants-In-Aid,52576.58
2018-19,2144,St Paul SD 45,200,Special Revenue Funds,3299,Other Restricted Grants-In-Aid,97928.45
2018-19,2144,St Paul SD 45,200,Special Revenue Funds,4500,Restricted Revenue From Federal Government Through the State,232150.97
2018-19,2144,St Paul SD 45,200,Special Revenue Funds,5200,Interfund Transfers,75871
2018-19,2144,St Paul SD 45,100,General Fund,1990,Miscellaneous,1694.13
2018-19,2144,St Paul SD 45,100,General Fund,2101,County School Funds,5758.27
2018-19,2144,St Paul SD 45,100,General Fund,3101,State School Fund --General Support,2430760.64
2018-19,2144,St Paul SD 45,100,General Fund,3103,Common School Fund,23092.03
2018-19,2144,St Paul SD 45,100,General Fund,4500,Restricted Revenue From Federal Government Through the State,45762.28
2018-19,2144,St Paul SD 45,100,General Fund,5400,Resources - Beginning Fund Balance,1075863.92
2018-19,2145,Mt Angel SD 91,100,General Fund,1110,Ad valorem taxes levied by district,1185671.87
2018-19,2145,Mt Angel SD 91,100,General Fund,1312,Tuition from Other Districts within the State,88453.39
2018-19,2145,Mt Angel SD 91,100,General Fund,1500,Earnings on Investments,70868.44
2018-19,2145,Mt Angel SD 91,100,General Fund,1700,Extra-Curricular Activities,28199
2018-19,2145,Mt Angel SD 91,100,General Fund,1910,Rentals,7125
2018-19,2145,Mt Angel SD 91,100,General Fund,1990,Miscellaneous,93838.04
2018-19,2145,Mt Angel SD 91,200,Special Revenue Funds,1700,Extra-Curricular Activities,219957.87
2018-19,2145,Mt Angel SD 91,300,Debt Service Funds,5400,Resources - Beginning Fund Balance,41880.06
2018-19,2145,Mt Angel SD 91,400,Capital Projects Funds,1500,Earnings on Investments,349.88
2018-19,2145,Mt Angel SD 91,400,Capital Projects Funds,5200,Interfund Transfers,115827.29
2018-19,2145,Mt Angel SD 91,400,Capital Projects Funds,5400,Resources - Beginning Fund Balance,190651.31
2018-19,2145,Mt Angel SD 91,200,Special Revenue Funds,5400,Resources - Beginning Fund Balance,1110177.42
2018-19,2145,Mt Angel SD 91,200,Special Revenue Funds,1920,Contributions and Donations From Private Sources,52163.5
2018-19,2145,Mt Angel SD 91,200,Special Revenue Funds,3199,Other Unrestricted Grants-In-Aid,346.65
2018-19,2145,Mt Angel SD 91,200,Special Revenue Funds,3299,Other Restricted Grants-In-Aid,88852
2018-19,2145,Mt Angel SD 91,200,Special Revenue Funds,4500,Restricted Revenue From Federal Government Through the State,563490.53
2018-19,2145,Mt Angel SD 91,200,Special Revenue Funds,5200,Interfund Transfers,83800.75
2018-19,2145,Mt Angel SD 91,300,Debt Service Funds,1110,Ad valorem taxes levied by district,851138.89
2018-19,2145,Mt Angel SD 91,300,Debt Service Funds,1500,Earnings on Investments,10366.49
2018-19,2145,Mt Angel SD 91,100,General Fund,5200,Interfund Transfers,2405.76
2018-19,2145,Mt Angel SD 91,100,General Fund,5400,Resources - Beginning Fund Balance,943195.39
2018-19,2145,Mt Angel SD 91,200,Special Revenue Funds,1500,Earnings on Investments,23094.44
2018-19,2145,Mt Angel SD 91,200,Special Revenue Funds,1600,Food Service,99707.02
2018-19,2145,Mt Angel SD 91,200,Special Revenue Funds,1990,Miscellaneous,22436.91
2018-19,2145,Mt Angel SD 91,200,Special Revenue Funds,3102,State School Fund--School Lunch Match,3810.23
2018-19,2145,Mt Angel SD 91,100,General Fund,2101,County School Funds,17538.76
2018-19,2145,Mt Angel SD 91,100,General Fund,2102,General Education Service District Funds,18915.52
2018-19,2145,Mt Angel SD 91,100,General Fund,2200,Restricted Revenue,28000
2018-19,2145,Mt Angel SD 91,100,General Fund,3101,State School Fund --General Support,7014407.7
2018-19,2145,Mt Angel SD 91,100,General Fund,3103,Common School Fund,77668.24
2018-19,2145,Mt Angel SD 91,100,General Fund,3299,Other Restricted Grants-In-Aid,368421.63
2018-19,2146,Woodburn SD 103,400,Capital Projects Funds,1990,Miscellaneous,66966.21
2018-19,2146,Woodburn SD 103,400,Capital Projects Funds,5100,Long Term Debt Financing Sources,12427355.24
2018-19,2146,Woodburn SD 103,400,Capital Projects Funds,5200,Interfund Transfers,1000000
2018-19,2146,Woodburn SD 103,400,Capital Projects Funds,5400,Resources - Beginning Fund Balance,49063634.91
2018-19,2146,Woodburn SD 103,300,Debt Service Funds,1500,Earnings on Investments,14442.97
2018-19,2146,Woodburn SD 103,300,Debt Service Funds,1990,Miscellaneous,181569.75
2018-19,2146,Woodburn SD 103,300,Debt Service Funds,5200,Interfund Transfers,339552
2018-19,2146,Woodburn SD 103,300,Debt Service Funds,5400,Resources - Beginning Fund Balance,199276.96
2018-19,2146,Woodburn SD 103,400,Capital Projects Funds,1130,Construction Excise Tax,224496.09
2018-19,2146,Woodburn SD 103,400,Capital Projects Funds,1500,Earnings on Investments,3982154.75
2018-19,2146,Woodburn SD 103,200,Special Revenue Funds,3102,State School Fund--School Lunch Match,35106.75
2018-19,2146,Woodburn SD 103,200,Special Revenue Funds,3299,Other Restricted Grants-In-Aid,3305545.2
2018-19,2146,Woodburn SD 103,200,Special Revenue Funds,4500,Restricted Revenue From Federal Government Through the State,10543208.33
2018-19,2146,Woodburn SD 103,200,Special Revenue Funds,5200,Interfund Transfers,329530
2018-19,2146,Woodburn SD 103,200,Special Revenue Funds,5400,Resources - Beginning Fund Balance,2968779.61
2018-19,2146,Woodburn SD 103,300,Debt Service Funds,1110,Ad valorem taxes levied by district,4402199.19
2018-19,2146,Woodburn SD 103,200,Special Revenue Funds,1500,Earnings on Investments,16.43
2018-19,2146,Woodburn SD 103,200,Special Revenue Funds,1600,Food Service,249069.74
2018-19,2146,Woodburn SD 103,200,Special Revenue Funds,1700,Extra-Curricular Activities,218105.35
2018-19,2146,Woodburn SD 103,200,Special Revenue Funds,1920,Contributions and Donations From Private Sources,6
2018-19,2146,Woodburn SD 103,200,Special Revenue Funds,1990,Miscellaneous,582436.89
2018-19,2146,Woodburn SD 103,200,Special Revenue Funds,2200,Restricted Revenue,26816.17
2018-19,2146,Woodburn SD 103,100,General Fund,3299,Other Restricted Grants-In-Aid,39465
2018-19,2146,Woodburn SD 103,100,General Fund,4500,Restricted Revenue From Federal Government Through the State,35434
2018-19,2146,Woodburn SD 103,100,General Fund,4900,Revenue for/on Behalf of the District,2701.8
2018-19,2146,Woodburn SD 103,100,General Fund,5200,Interfund Transfers,2292060
2018-19,2146,Woodburn SD 103,100,General Fund,5300,Sale of or Compensation for Loss of Fixed Assets,26548.01
2018-19,2146,Woodburn SD 103,100,General Fund,5400,Resources - Beginning Fund Balance,17127166.63
2018-19,2146,Woodburn SD 103,100,General Fund,1990,Miscellaneous,67893.83
2018-19,2146,Woodburn SD 103,100,General Fund,2101,County School Funds,133350.49
2018-19,2146,Woodburn SD 103,100,General Fund,2102,General Education Service District Funds,707812.44
2018-19,2146,Woodburn SD 103,100,General Fund,3101,State School Fund --General Support,51735060.92
2018-19,2146,Woodburn SD 103,100,General Fund,3103,Common School Fund,582586.15
2018-19,2146,Woodburn SD 103,100,General Fund,3199,Other Unrestricted Grants-In-Aid,2624
2018-19,2146,Woodburn SD 103,100,General Fund,1110,Ad valorem taxes levied by district,8190472.29
2018-19,2146,Woodburn SD 103,100,General Fund,1312,Tuition from Other Districts within the State,64488.39
2018-19,2146,Woodburn SD 103,100,General Fund,1320,Adult/Continuing Education Tuition,40645
2018-19,2146,Woodburn SD 103,100,General Fund,1500,Earnings on Investments,361996.69
2018-19,2146,Woodburn SD 103,100,General Fund,1910,Rentals,63594.73
2018-19,2146,Woodburn SD 103,100,General Fund,1980,Fees Charged to Grants,253296.96
2018-19,2147,Morrow SD 1,100,General Fund,1110,Ad valorem taxes levied by district,7914723.86
2018-19,2147,Morrow SD 1,100,General Fund,1190,Penalties and interest on taxes,4674.82
2018-19,2147,Morrow SD 1,100,General Fund,1500,Earnings on Investments,269716.2
2018-19,2147,Morrow SD 1,100,General Fund,1920,Contributions and Donations From Private Sources,312377.95
2018-19,2147,Morrow SD 1,100,General Fund,1940,Services Provided Other Local Education Agencies,105503.54
2018-19,2147,Morrow SD 1,100,General Fund,1960,Recovery of Prior Years' Expenditure,66090.15
2018-19,2147,Morrow SD 1,400,Capital Projects Funds,5200,Interfund Transfers,500000
2018-19,2147,Morrow SD 1,400,Capital Projects Funds,5400,Resources - Beginning Fund Balance,947595.95
2018-19,2147,Morrow SD 1,300,Debt Service Funds,1500,Earnings on Investments,7330.67
2018-19,2147,Morrow SD 1,300,Debt Service Funds,1970,Services Provided Other Funds,658794.67
2018-19,2147,Morrow SD 1,300,Debt Service Funds,5400,Resources - Beginning Fund Balance,272957.42
2018-19,2147,Morrow SD 1,400,Capital Projects Funds,1910,Rentals,12000
2018-19,2147,Morrow SD 1,400,Capital Projects Funds,1920,Contributions and Donations From Private Sources,149368.15
2018-19,2147,Morrow SD 1,400,Capital Projects Funds,1990,Miscellaneous,37089.48
2018-19,2147,Morrow SD 1,200,Special Revenue Funds,4700,Grants-In-Aid From Federal Government Through Other Intermed,151965.87
2018-19,2147,Morrow SD 1,200,Special Revenue Funds,4900,Revenue for/on Behalf of the District,66651.57
2018-19,2147,Morrow SD 1,200,Special Revenue Funds,5200,Interfund Transfers,480439.19
2018-19,2147,Morrow SD 1,200,Special Revenue Funds,5400,Resources - Beginning Fund Balance,2540056.97
2018-19,2147,Morrow SD 1,300,Debt Service Funds,1110,Ad valorem taxes levied by district,1934475.59
2018-19,2147,Morrow SD 1,300,Debt Service Funds,1190,Penalties and interest on taxes,26027.33
2018-19,2147,Morrow SD 1,200,Special Revenue Funds,1600,Food Service,116863.1
2018-19,2147,Morrow SD 1,200,Special Revenue Funds,1700,Extra-Curricular Activities,495912.97
2018-19,2147,Morrow SD 1,200,Special Revenue Funds,1920,Contributions and Donations From Private Sources,433192.38
2018-19,2147,Morrow SD 1,200,Special Revenue Funds,1990,Miscellaneous,177885.31
2018-19,2147,Morrow SD 1,200,Special Revenue Funds,3299,Other Restricted Grants-In-Aid,568946.09
2018-19,2147,Morrow SD 1,200,Special Revenue Funds,4500,Restricted Revenue From Federal Government Through the State,1926820.2
2018-19,2147,Morrow SD 1,100,General Fund,3299,Other Restricted Grants-In-Aid,7622.4
2018-19,2147,Morrow SD 1,100,General Fund,4500,Restricted Revenue From Federal Government Through the State,54235.05
2018-19,2147,Morrow SD 1,100,General Fund,4801,Federal Forest Fees,40744.8
2018-19,2147,Morrow SD 1,100,General Fund,5400,Resources - Beginning Fund Balance,3827776.4
2018-19,2147,Morrow SD 1,200,Special Revenue Funds,1200,Revenue From Local Governmental Units Other Than Districts,722750
2018-19,2147,Morrow SD 1,200,Special Revenue Funds,1500,Earnings on Investments,127.69
2018-19,2147,Morrow SD 1,100,General Fund,1990,Miscellaneous,100535.79
2018-19,2147,Morrow SD 1,100,General Fund,2101,County School Funds,27460.92
2018-19,2147,Morrow SD 1,100,General Fund,2800,Revenue in Lieu of Taxes,173893.38
2018-19,2147,Morrow SD 1,100,General Fund,3101,State School Fund --General Support,17737001.04
2018-19,2147,Morrow SD 1,100,General Fund,3103,Common School Fund,191924.08
2018-19,2147,Morrow SD 1,100,General Fund,3199,Other Unrestricted Grants-In-Aid,104.15
2018-19,2148,Multnomah ESD,100,General Fund,1110,Ad valorem taxes levied by district,34230064.23
2018-19,2148,Multnomah ESD,100,General Fund,1190,Penalties and interest on taxes,36184.14
2018-19,2148,Multnomah ESD,100,General Fund,1500,Earnings on Investments,346283.01
2018-19,2148,Multnomah ESD,100,General Fund,1800,Community Services Activities,5560
2018-19,2148,Multnomah ESD,100,General Fund,1910,Rentals,23940
2018-19,2148,Multnomah ESD,100,General Fund,1920,Contributions and Donations From Private Sources,17516.9
2018-19,2148,Multnomah ESD,300,Debt Service Funds,1500,Earnings on Investments,39480.84
2018-19,2148,Multnomah ESD,300,Debt Service Funds,1970,Services Provided Other Funds,2971237.04
2018-19,2148,Multnomah ESD,300,Debt Service Funds,5400,Resources - Beginning Fund Balance,64480.65
2018-19,2148,Multnomah ESD,200,Special Revenue Funds,2200,Restricted Revenue,109176.29
2018-19,2148,Multnomah ESD,200,Special Revenue Funds,3102,State School Fund--School Lunch Match,2652.59
2018-19,2148,Multnomah ESD,200,Special Revenue Funds,3299,Other Restricted Grants-In-Aid,7872460.34
2018-19,2148,Multnomah ESD,200,Special Revenue Funds,4300,Restricted Revenue Direct From the Federal Government,244714.57
2018-19,2148,Multnomah ESD,200,Special Revenue Funds,4500,Restricted Revenue From Federal Government Through the State,1392738.26
2018-19,2148,Multnomah ESD,200,Special Revenue Funds,5400,Resources - Beginning Fund Balance,1103947.1
2018-19,2148,Multnomah ESD,200,Special Revenue Funds,1600,Food Service,1337.03
2018-19,2148,Multnomah ESD,200,Special Revenue Funds,1800,Community Services Activities,5600
2018-19,2148,Multnomah ESD,200,Special Revenue Funds,1920,Contributions and Donations From Private Sources,40299.78
2018-19,2148,Multnomah ESD,200,Special Revenue Funds,1940,Services Provided Other Local Education Agencies,13519461.1
2018-19,2148,Multnomah ESD,200,Special Revenue Funds,1960,Recovery of Prior Years' Expenditure,-1659.67
2018-19,2148,Multnomah ESD,200,Special Revenue Funds,1990,Miscellaneous,660146.35
2018-19,2148,Multnomah ESD,100,General Fund,3101,State School Fund --General Support,8993013.48
2018-19,2148,Multnomah ESD,100,General Fund,3102,State School Fund--School Lunch Match,-2652.59
2018-19,2148,Multnomah ESD,100,General Fund,3299,Other Restricted Grants-In-Aid,1702785.3
2018-19,2148,Multnomah ESD,100,General Fund,5200,Interfund Transfers,4787026.19
2018-19,2148,Multnomah ESD,100,General Fund,5400,Resources - Beginning Fund Balance,10698116.71
2018-19,2148,Multnomah ESD,200,Special Revenue Funds,1500,Earnings on Investments,13.41
2018-19,2148,Multnomah ESD,100,General Fund,1940,Services Provided Other Local Education Agencies,66255.08
2018-19,2148,Multnomah ESD,100,General Fund,1960,Recovery of Prior Years' Expenditure,2427.08
2018-19,2148,Multnomah ESD,100,General Fund,1970,Services Provided Other Funds,874908.94
2018-19,2148,Multnomah ESD,100,General Fund,1980,Fees Charged to Grants,1023937.61
2018-19,2148,Multnomah ESD,100,General Fund,1990,Miscellaneous,342400.66
2018-19,2148,Multnomah ESD,100,General Fund,2200,Restricted Revenue,0
2018-19,2180,Portland SD 1J,100,General Fund,1110,Ad valorem taxes levied by district,241719141.73
2018-19,2180,Portland SD 1J,100,General Fund,1120,Local option ad valorem taxes levied by district,122633053.89
2018-19,2180,Portland SD 1J,100,General Fund,1190,Penalties and interest on taxes,270084.65
2018-19,2180,Portland SD 1J,100,General Fund,1200,Revenue From Local Governmental Units Other Than Districts,40166.63
2018-19,2180,Portland SD 1J,100,General Fund,1311,Tuition from Individuals,39448.01
2018-19,2180,Portland SD 1J,400,Capital Projects Funds,2200,Restricted Revenue,5725.03
2018-19,2180,Portland SD 1J,400,Capital Projects Funds,1910,Rentals,847021.04
2018-19,2180,Portland SD 1J,400,Capital Projects Funds,1960,Recovery of Prior Years' Expenditure,31072
2018-19,2180,Portland SD 1J,400,Capital Projects Funds,1990,Miscellaneous,1107177.09
2018-19,2180,Portland SD 1J,300,Debt Service Funds,1500,Earnings on Investments,2206339.45
2018-19,2180,Portland SD 1J,300,Debt Service Funds,1970,Services Provided Other Funds,46504781.07
2018-19,2180,Portland SD 1J,300,Debt Service Funds,4900,Revenue for/on Behalf of the District,96757.86
2018-19,2180,Portland SD 1J,300,Debt Service Funds,5200,Interfund Transfers,4458068.84
2018-19,2180,Portland SD 1J,400,Capital Projects Funds,1130,Construction Excise Tax,5991159.69
2018-19,2180,Portland SD 1J,400,Capital Projects Funds,1500,Earnings on Investments,12759771.03
2018-19,2180,Portland SD 1J,200,Special Revenue Funds,4500,Restricted Revenue From Federal Government Through the State,39115647.54
2018-19,2180,Portland SD 1J,200,Special Revenue Funds,4700,Grants-In-Aid From Federal Government Through Other Intermed,563254.03
2018-19,2180,Portland SD 1J,200,Special Revenue Funds,5200,Interfund Transfers,114427.29
2018-19,2180,Portland SD 1J,200,Special Revenue Funds,5300,Sale of or Compensation for Loss of Fixed Assets,15000
2018-19,2180,Portland SD 1J,300,Debt Service Funds,1110,Ad valorem taxes levied by district,125093106.96
2018-19,2180,Portland SD 1J,300,Debt Service Funds,1190,Penalties and interest on taxes,129352.6
2018-19,2180,Portland SD 1J,200,Special Revenue Funds,1990,Miscellaneous,1104686.05
2018-19,2180,Portland SD 1J,200,Special Revenue Funds,2200,Restricted Revenue,104085.74
2018-19,2180,Portland SD 1J,200,Special Revenue Funds,3102,State School Fund--School Lunch Match,139144.53
2018-19,2180,Portland SD 1J,200,Special Revenue Funds,3299,Other Restricted Grants-In-Aid,28389357.67
2018-19,2180,Portland SD 1J,200,Special Revenue Funds,4200,Unrestricted Revenue From Federal Government Through State,48651.34
2018-19,2180,Portland SD 1J,200,Special Revenue Funds,4300,Restricted Revenue Direct From the Federal Government,8549370.7
2018-19,2180,Portland SD 1J,200,Special Revenue Funds,1600,Food Service,3453185.02
2018-19,2180,Portland SD 1J,200,Special Revenue Funds,1700,Extra-Curricular Activities,7553199.97
2018-19,2180,Portland SD 1J,200,Special Revenue Funds,1920,Contributions and Donations From Private Sources,5783103.64
2018-19,2180,Portland SD 1J,200,Special Revenue Funds,1940,Services Provided Other Local Education Agencies,1947280.23
2018-19,2180,Portland SD 1J,200,Special Revenue Funds,1960,Recovery of Prior Years' Expenditure,37618.92
2018-19,2180,Portland SD 1J,200,Special Revenue Funds,1970,Services Provided Other Funds,916094.34
2018-19,2180,Portland SD 1J,200,Special Revenue Funds,1110,Ad valorem taxes levied by district,255867.86
2018-19,2180,Portland SD 1J,200,Special Revenue Funds,1120,Local option ad valorem taxes levied by district,26999.69
2018-19,2180,Portland SD 1J,200,Special Revenue Funds,1200,Revenue From Local Governmental Units Other Than Districts,1883154.6
2018-19,2180,Portland SD 1J,200,Special Revenue Funds,1311,Tuition from Individuals,214792.28
2018-19,2180,Portland SD 1J,200,Special Revenue Funds,1330,Summer School Tuition,60260
2018-19,2180,Portland SD 1J,200,Special Revenue Funds,1500,Earnings on Investments,462410.53
2018-19,2180,Portland SD 1J,100,General Fund,3101,State School Fund --General Support,225134676.13
2018-19,2180,Portland SD 1J,100,General Fund,3103,Common School Fund,5493075.02
2018-19,2180,Portland SD 1J,100,General Fund,4200,Unrestricted Revenue From Federal Government Through State,79103.64
2018-19,2180,Portland SD 1J,100,General Fund,4801,Federal Forest Fees,746.05
2018-19,2180,Portland SD 1J,100,General Fund,5200,Interfund Transfers,14006.31
2018-19,2180,Portland SD 1J,100,General Fund,5300,Sale of or Compensation for Loss of Fixed Assets,55474.75
2018-19,2180,Portland SD 1J,100,General Fund,1960,Recovery of Prior Years' Expenditure,10800.27
2018-19,2180,Portland SD 1J,100,General Fund,1980,Fees Charged to Grants,3785514.2
2018-19,2180,Portland SD 1J,100,General Fund,1990,Miscellaneous,1176210.84
2018-19,2180,Portland SD 1J,100,General Fund,2101,County School Funds,6872.87
2018-19,2180,Portland SD 1J,100,General Fund,2102,General Education Service District Funds,8500000
2018-19,2180,Portland SD 1J,100,General Fund,2199,Other Intermediate Sources,4987208.62
2018-19,2180,Portland SD 1J,100,General Fund,1500,Earnings on Investments,4526757.48
2018-19,2180,Portland SD 1J,100,General Fund,1600,Food Service,131029.05
2018-19,2180,Portland SD 1J,100,General Fund,1700,Extra-Curricular Activities,650529.28
2018-19,2180,Portland SD 1J,100,General Fund,1910,Rentals,3055342.3
2018-19,2180,Portland SD 1J,100,General Fund,1920,Contributions and Donations From Private Sources,4948.4
2018-19,2180,Portland SD 1J,100,General Fund,1940,Services Provided Other Local Education Agencies,-3600
2018-19,2180,Portland SD 1J,600,Internal Service Funds,3199,Other Unrestricted Grants-In-Aid,183522.2
2018-19,2180,Portland SD 1J,100,General Fund,5400,Resources - Beginning Fund Balance,38281628.1
2018-19,2180,Portland SD 1J,200,Special Revenue Funds,5400,Resources - Beginning Fund Balance,36206779.29
2018-19,2180,Portland SD 1J,300,Debt Service Funds,5400,Resources - Beginning Fund Balance,6135975.73
2018-19,2180,Portland SD 1J,400,Capital Projects Funds,5400,Resources - Beginning Fund Balance,472195985.74
2018-19,2180,Portland SD 1J,600,Internal Service Funds,5400,Resources - Beginning Fund Balance,5936748.68
2018-19,2180,Portland SD 1J,400,Capital Projects Funds,3299,Other Restricted Grants-In-Aid,4500000
2018-19,2180,Portland SD 1J,400,Capital Projects Funds,5100,Long Term Debt Financing Sources,0
2018-19,2180,Portland SD 1J,400,Capital Projects Funds,5200,Interfund Transfers,1538750
2018-19,2180,Portland SD 1J,600,Internal Service Funds,1500,Earnings on Investments,274898.09
2018-19,2180,Portland SD 1J,600,Internal Service Funds,1960,Recovery of Prior Years' Expenditure,2563.2
2018-19,2180,Portland SD 1J,600,Internal Service Funds,1970,Services Provided Other Funds,3510128.12
2018-19,2181,Parkrose SD 3,100,General Fund,1110,Ad valorem taxes levied by district,20860139.46
2018-19,2181,Parkrose SD 3,100,General Fund,1411,Transportation fees from Individuals,2109.78
2018-19,2181,Parkrose SD 3,100,General Fund,1500,Earnings on Investments,211296.12
2018-19,2181,Parkrose SD 3,100,General Fund,1700,Extra-Curricular Activities,24965.25
2018-19,2181,Parkrose SD 3,100,General Fund,1920,Contributions and Donations From Private Sources,9462.37
2018-19,2181,Parkrose SD 3,100,General Fund,1990,Miscellaneous,57021.95
2018-19,2181,Parkrose SD 3,100,General Fund,2900,Revenue for/on Behalf of the District,86520
2018-19,2181,Parkrose SD 3,100,General Fund,3101,State School Fund --General Support,13011288.24
2018-19,2181,Parkrose SD 3,100,General Fund,3103,Common School Fund,361984.72
2018-19,2181,Parkrose SD 3,100,General Fund,4500,Restricted Revenue From Federal Government Through the State,3654.6
2018-19,2181,Parkrose SD 3,400,Capital Projects Funds,1500,Earnings on Investments,44877.53
2018-19,2181,Parkrose SD 3,400,Capital Projects Funds,1990,Miscellaneous,71108.82
2018-19,2181,Parkrose SD 3,400,Capital Projects Funds,5400,Resources - Beginning Fund Balance,1345317.38
2018-19,2181,Parkrose SD 3,100,General Fund,1980,Fees Charged to Grants,34471.91
2018-19,2181,Parkrose SD 3,100,General Fund,1960,Recovery of Prior Years' Expenditure,-1284.77
2018-19,2181,Parkrose SD 3,100,General Fund,2200,Restricted Revenue,306166.22
2018-19,2181,Parkrose SD 3,300,Debt Service Funds,3101,State School Fund --General Support,492233.36
2018-19,2181,Parkrose SD 3,300,Debt Service Funds,4300,Restricted Revenue Direct From the Federal Government,689430
2018-19,2181,Parkrose SD 3,300,Debt Service Funds,5100,Long Term Debt Financing Sources,20213287.91
2018-19,2181,Parkrose SD 3,300,Debt Service Funds,5200,Interfund Transfers,309011
2018-19,2181,Parkrose SD 3,300,Debt Service Funds,5400,Resources - Beginning Fund Balance,1601758.99
2018-19,2181,Parkrose SD 3,400,Capital Projects Funds,1130,Construction Excise Tax,59289.32
2018-19,2181,Parkrose SD 3,200,Special Revenue Funds,4500,Restricted Revenue From Federal Government Through the State,3698704.64
2018-19,2181,Parkrose SD 3,200,Special Revenue Funds,4900,Revenue for/on Behalf of the District,110903.78
2018-19,2181,Parkrose SD 3,200,Special Revenue Funds,5200,Interfund Transfers,200000
2018-19,2181,Parkrose SD 3,200,Special Revenue Funds,5400,Resources - Beginning Fund Balance,4679603.82
2018-19,2181,Parkrose SD 3,300,Debt Service Funds,1110,Ad valorem taxes levied by district,4028657.55
2018-19,2181,Parkrose SD 3,300,Debt Service Funds,1500,Earnings on Investments,40677.23
2018-19,2181,Parkrose SD 3,200,Special Revenue Funds,1920,Contributions and Donations From Private Sources,33251
2018-19,2181,Parkrose SD 3,200,Special Revenue Funds,1990,Miscellaneous,117137.34
2018-19,2181,Parkrose SD 3,200,Special Revenue Funds,2200,Restricted Revenue,180
2018-19,2181,Parkrose SD 3,200,Special Revenue Funds,3101,State School Fund --General Support,244795
2018-19,2181,Parkrose SD 3,200,Special Revenue Funds,3102,State School Fund--School Lunch Match,15178.1
2018-19,2181,Parkrose SD 3,200,Special Revenue Funds,3299,Other Restricted Grants-In-Aid,630358.63
2018-19,2181,Parkrose SD 3,100,General Fund,5400,Resources - Beginning Fund Balance,707697.79
2018-19,2181,Parkrose SD 3,200,Special Revenue Funds,1500,Earnings on Investments,1631.7
2018-19,2181,Parkrose SD 3,200,Special Revenue Funds,1600,Food Service,98438.57
2018-19,2181,Parkrose SD 3,200,Special Revenue Funds,1700,Extra-Curricular Activities,524600.65
2018-19,2181,Parkrose SD 3,200,Special Revenue Funds,1800,Community Services Activities,21767
2018-19,2181,Parkrose SD 3,200,Special Revenue Funds,1910,Rentals,811248.92
2018-19,2182,Reynolds SD 7,100,General Fund,1110,Ad valorem taxes levied by district,27236423.99
2018-19,2182,Reynolds SD 7,100,General Fund,1190,Penalties and interest on taxes,27490.8
2018-19,2182,Reynolds SD 7,100,General Fund,1312,Tuition from Other Districts within the State,470
2018-19,2182,Reynolds SD 7,100,General Fund,1411,Transportation fees from Individuals,329847.03
2018-19,2182,Reynolds SD 7,100,General Fund,1412,Transportation fees from Other Districts within the State,200000
2018-19,2182,Reynolds SD 7,100,General Fund,1500,Earnings on Investments,654419.92
2018-19,2182,Reynolds SD 7,400,Capital Projects Funds,1500,Earnings on Investments,550138.73
2018-19,2182,Reynolds SD 7,400,Capital Projects Funds,1910,Rentals,153194.6
2018-19,2182,Reynolds SD 7,400,Capital Projects Funds,1990,Miscellaneous,359295.65
2018-19,2182,Reynolds SD 7,400,Capital Projects Funds,5200,Interfund Transfers,1303588
2018-19,2182,Reynolds SD 7,400,Capital Projects Funds,5400,Resources - Beginning Fund Balance,30333667.98
2018-19,2182,Reynolds SD 7,300,Debt Service Funds,1110,Ad valorem taxes levied by district,11260897.99
2018-19,2182,Reynolds SD 7,300,Debt Service Funds,1190,Penalties and interest on taxes,11448.48
2018-19,2182,Reynolds SD 7,300,Debt Service Funds,1500,Earnings on Investments,481857.91
2018-19,2182,Reynolds SD 7,300,Debt Service Funds,1970,Services Provided Other Funds,8025747.82
2018-19,2182,Reynolds SD 7,300,Debt Service Funds,5400,Resources - Beginning Fund Balance,4631353.67
2018-19,2182,Reynolds SD 7,400,Capital Projects Funds,1130,Construction Excise Tax,349157.45
2018-19,2182,Reynolds SD 7,200,Special Revenue Funds,3204,Driver Education,64995
2018-19,2182,Reynolds SD 7,200,Special Revenue Funds,3299,Other Restricted Grants-In-Aid,2841896.83
2018-19,2182,Reynolds SD 7,200,Special Revenue Funds,4100,Unrestricted Revenue Direct From the Federal Government,368730.77
2018-19,2182,Reynolds SD 7,200,Special Revenue Funds,4500,Restricted Revenue From Federal Government Through the State,13375204.99
2018-19,2182,Reynolds SD 7,200,Special Revenue Funds,5200,Interfund Transfers,330678.57
2018-19,2182,Reynolds SD 7,200,Special Revenue Funds,5400,Resources - Beginning Fund Balance,6897117.12
2018-19,2182,Reynolds SD 7,200,Special Revenue Funds,1600,Food Service,287762.85
2018-19,2182,Reynolds SD 7,200,Special Revenue Funds,1920,Contributions and Donations From Private Sources,73267.11
2018-19,2182,Reynolds SD 7,200,Special Revenue Funds,1990,Miscellaneous,1750781.5
2018-19,2182,Reynolds SD 7,200,Special Revenue Funds,2199,Other Intermediate Sources,578241.64
2018-19,2182,Reynolds SD 7,200,Special Revenue Funds,2200,Restricted Revenue,1139048.76
2018-19,2182,Reynolds SD 7,200,Special Revenue Funds,3199,Other Unrestricted Grants-In-Aid,1281715
2018-19,2182,Reynolds SD 7,100,General Fund,3103,Common School Fund,1274131.6
2018-19,2182,Reynolds SD 7,100,General Fund,3199,Other Unrestricted Grants-In-Aid,1405652.59
2018-19,2182,Reynolds SD 7,100,General Fund,4300,Restricted Revenue Direct From the Federal Government,62436
2018-19,2182,Reynolds SD 7,100,General Fund,5400,Resources - Beginning Fund Balance,13620763.78
2018-19,2182,Reynolds SD 7,200,Special Revenue Funds,1412,Transportation fees from Other Districts within the State,215181.13
2018-19,2182,Reynolds SD 7,200,Special Revenue Funds,1500,Earnings on Investments,48048.86
2018-19,2182,Reynolds SD 7,100,General Fund,1700,Extra-Curricular Activities,69873
2018-19,2182,Reynolds SD 7,100,General Fund,1910,Rentals,11501.5
2018-19,2182,Reynolds SD 7,100,General Fund,1980,Fees Charged to Grants,341466.55
2018-19,2182,Reynolds SD 7,100,General Fund,1990,Miscellaneous,402124.33
2018-19,2182,Reynolds SD 7,100,General Fund,2110,Intermediate 'I' Tax,394538.95
2018-19,2182,Reynolds SD 7,100,General Fund,3101,State School Fund --General Support,96549259.14
2018-19,2183,Gresham-Barlow SD 10J,100,General Fund,1110,Ad valorem taxes levied by district,29759223.55
2018-19,2183,Gresham-Barlow SD 10J,100,General Fund,1190,Penalties and interest on taxes,32470.75
2018-19,2183,Gresham-Barlow SD 10J,100,General Fund,1330,Summer School Tuition,12675
2018-19,2183,Gresham-Barlow SD 10J,100,General Fund,1411,Transportation fees from Individuals,36279.64
2018-19,2183,Gresham-Barlow SD 10J,100,General Fund,1500,Earnings on Investments,934523.16
2018-19,2183,Gresham-Barlow SD 10J,100,General Fund,1700,Extra-Curricular Activities,344752.1
2018-19,2183,Gresham-Barlow SD 10J,400,Capital Projects Funds,5400,Resources - Beginning Fund Balance,237541849.08
2018-19,2183,Gresham-Barlow SD 10J,700,Trust and Agency Funds,1500,Earnings on Investments,48394.55
2018-19,2183,Gresham-Barlow SD 10J,700,Trust and Agency Funds,1970,Services Provided Other Funds,266606.41
2018-19,2183,Gresham-Barlow SD 10J,700,Trust and Agency Funds,5200,Interfund Transfers,300000
2018-19,2183,Gresham-Barlow SD 10J,700,Trust and Agency Funds,5400,Resources - Beginning Fund Balance,1693833.84
2018-19,2183,Gresham-Barlow SD 10J,400,Capital Projects Funds,1910,Rentals,1105
2018-19,2183,Gresham-Barlow SD 10J,400,Capital Projects Funds,1920,Contributions and Donations From Private Sources,6127.4
2018-19,2183,Gresham-Barlow SD 10J,400,Capital Projects Funds,1960,Recovery of Prior Years' Expenditure,122088.13
2018-19,2183,Gresham-Barlow SD 10J,400,Capital Projects Funds,2199,Other Intermediate Sources,75000
2018-19,2183,Gresham-Barlow SD 10J,400,Capital Projects Funds,3299,Other Restricted Grants-In-Aid,220024.14
2018-19,2183,Gresham-Barlow SD 10J,400,Capital Projects Funds,5100,Long Term Debt Financing Sources,53865356.55
2018-19,2183,Gresham-Barlow SD 10J,300,Debt Service Funds,1110,Ad valorem taxes levied by district,17793599.37
2018-19,2183,Gresham-Barlow SD 10J,300,Debt Service Funds,1190,Penalties and interest on taxes,15570.16
2018-19,2183,Gresham-Barlow SD 10J,300,Debt Service Funds,1500,Earnings on Investments,187145.63
2018-19,2183,Gresham-Barlow SD 10J,300,Debt Service Funds,5400,Resources - Beginning Fund Balance,463940.45
2018-19,2183,Gresham-Barlow SD 10J,400,Capital Projects Funds,1130,Construction Excise Tax,511873.77
2018-19,2183,Gresham-Barlow SD 10J,400,Capital Projects Funds,1500,Earnings on Investments,5120262.87
2018-19,2183,Gresham-Barlow SD 10J,200,Special Revenue Funds,2900,Revenue for/on Behalf of the District,296009.93
2018-19,2183,Gresham-Barlow SD 10J,200,Special Revenue Funds,3102,State School Fund--School Lunch Match,42948.9
2018-19,2183,Gresham-Barlow SD 10J,200,Special Revenue Funds,3299,Other Restricted Grants-In-Aid,4353007.4
2018-19,2183,Gresham-Barlow SD 10J,200,Special Revenue Funds,4500,Restricted Revenue From Federal Government Through the State,9430058.02
2018-19,2183,Gresham-Barlow SD 10J,200,Special Revenue Funds,5200,Interfund Transfers,260000
2018-19,2183,Gresham-Barlow SD 10J,200,Special Revenue Funds,5400,Resources - Beginning Fund Balance,4047377.74
2018-19,2183,Gresham-Barlow SD 10J,200,Special Revenue Funds,1940,Services Provided Other Local Education Agencies,24589.5
2018-19,2183,Gresham-Barlow SD 10J,200,Special Revenue Funds,1950,Textbook Sales and Rentals,10262.24
2018-19,2183,Gresham-Barlow SD 10J,200,Special Revenue Funds,1970,Services Provided Other Funds,1149592.94
2018-19,2183,Gresham-Barlow SD 10J,200,Special Revenue Funds,1990,Miscellaneous,132016.1
2018-19,2183,Gresham-Barlow SD 10J,200,Special Revenue Funds,2199,Other Intermediate Sources,31029.87
2018-19,2183,Gresham-Barlow SD 10J,200,Special Revenue Funds,2200,Restricted Revenue,100000
2018-19,2183,Gresham-Barlow SD 10J,200,Special Revenue Funds,1411,Transportation fees from Individuals,475.13
2018-19,2183,Gresham-Barlow SD 10J,200,Special Revenue Funds,1500,Earnings on Investments,75468.59
2018-19,2183,Gresham-Barlow SD 10J,200,Special Revenue Funds,1600,Food Service,602501.33
2018-19,2183,Gresham-Barlow SD 10J,200,Special Revenue Funds,1700,Extra-Curricular Activities,1563700.92
2018-19,2183,Gresham-Barlow SD 10J,200,Special Revenue Funds,1800,Community Services Activities,15864
2018-19,2183,Gresham-Barlow SD 10J,200,Special Revenue Funds,1920,Contributions and Donations From Private Sources,264662.07
2018-19,2183,Gresham-Barlow SD 10J,100,General Fund,3299,Other Restricted Grants-In-Aid,20030.31
2018-19,2183,Gresham-Barlow SD 10J,100,General Fund,4500,Restricted Revenue From Federal Government Through the State,54864.86
2018-19,2183,Gresham-Barlow SD 10J,100,General Fund,4700,Grants-In-Aid From Federal Government Through Other Intermed,40195
2018-19,2183,Gresham-Barlow SD 10J,100,General Fund,4801,Federal Forest Fees,4372.21
2018-19,2183,Gresham-Barlow SD 10J,100,General Fund,5400,Resources - Beginning Fund Balance,15384880.43
2018-19,2183,Gresham-Barlow SD 10J,200,Special Revenue Funds,1311,Tuition from Individuals,85496.79
2018-19,2183,Gresham-Barlow SD 10J,100,General Fund,1990,Miscellaneous,340869.46
2018-19,2183,Gresham-Barlow SD 10J,100,General Fund,2101,County School Funds,9113.33
2018-19,2183,Gresham-Barlow SD 10J,100,General Fund,2102,General Education Service District Funds,1675000
2018-19,2183,Gresham-Barlow SD 10J,100,General Fund,3101,State School Fund --General Support,88562944.74
2018-19,2183,Gresham-Barlow SD 10J,100,General Fund,3103,Common School Fund,1351842.72
2018-19,2183,Gresham-Barlow SD 10J,100,General Fund,3199,Other Unrestricted Grants-In-Aid,1184904.16
2018-19,2183,Gresham-Barlow SD 10J,100,General Fund,1800,Community Services Activities,53465.25
2018-19,2183,Gresham-Barlow SD 10J,100,General Fund,1910,Rentals,246426.75
2018-19,2183,Gresham-Barlow SD 10J,100,General Fund,1920,Contributions and Donations From Private Sources,4809.27
2018-19,2183,Gresham-Barlow SD 10J,100,General Fund,1940,Services Provided Other Local Education Agencies,180000
2018-19,2183,Gresham-Barlow SD 10J,100,General Fund,1960,Recovery of Prior Years' Expenditure,108672.4
2018-19,2183,Gresham-Barlow SD 10J,100,General Fund,1980,Fees Charged to Grants,393256.48
2018-19,2185,Centennial SD 28J,100,General Fund,1110,Ad valorem taxes levied by district,12881321.77
2018-19,2185,Centennial SD 28J,100,General Fund,1190,Penalties and interest on taxes,3072.44
2018-19,2185,Centennial SD 28J,100,General Fund,1411,Transportation fees from Individuals,48115.11
2018-19,2185,Centennial SD 28J,100,General Fund,1500,Earnings on Investments,97366.2
2018-19,2185,Centennial SD 28J,100,General Fund,1700,Extra-Curricular Activities,110675.42
2018-19,2185,Centennial SD 28J,100,General Fund,1800,Community Services Activities,15992.5
2018-19,2185,Centennial SD 28J,700,Trust and Agency Funds,5400,Resources - Beginning Fund Balance,814985.46
2018-19,2185,Centennial SD 28J,700,Trust and Agency Funds,1700,Extra-Curricular Activities,711704
2018-19,2185,Centennial SD 28J,100,General Fund,5400,Resources - Beginning Fund Balance,1834790.23
2018-19,2185,Centennial SD 28J,200,Special Revenue Funds,5400,Resources - Beginning Fund Balance,620225.99
2018-19,2185,Centennial SD 28J,300,Debt Service Funds,5400,Resources - Beginning Fund Balance,2993455.14
2018-19,2185,Centennial SD 28J,400,Capital Projects Funds,5400,Resources - Beginning Fund Balance,1351920.75
2018-19,2185,Centennial SD 28J,600,Internal Service Funds,5400,Resources - Beginning Fund Balance,578138.06
2018-19,2185,Centennial SD 28J,600,Internal Service Funds,1500,Earnings on Investments,3957.91
2018-19,2185,Centennial SD 28J,600,Internal Service Funds,1970,Services Provided Other Funds,925816.52
2018-19,2185,Centennial SD 28J,600,Internal Service Funds,1990,Miscellaneous,39590.98
2018-19,2185,Centennial SD 28J,600,Internal Service Funds,5300,Sale of or Compensation for Loss of Fixed Assets,7536.35
2018-19,2185,Centennial SD 28J,700,Trust and Agency Funds,1970,Services Provided Other Funds,239121.12
2018-19,2185,Centennial SD 28J,700,Trust and Agency Funds,5200,Interfund Transfers,200289
2018-19,2185,Centennial SD 28J,200,Special Revenue Funds,5200,Interfund Transfers,15000
2018-19,2185,Centennial SD 28J,300,Debt Service Funds,1110,Ad valorem taxes levied by district,3353360.49
2018-19,2185,Centennial SD 28J,300,Debt Service Funds,1500,Earnings on Investments,163150.33
2018-19,2185,Centennial SD 28J,400,Capital Projects Funds,1130,Construction Excise Tax,368598.49
2018-19,2185,Centennial SD 28J,400,Capital Projects Funds,1500,Earnings on Investments,16196.37
2018-19,2185,Centennial SD 28J,400,Capital Projects Funds,1910,Rentals,44892.29
2018-19,2185,Centennial SD 28J,200,Special Revenue Funds,2200,Restricted Revenue,128082.55
2018-19,2185,Centennial SD 28J,200,Special Revenue Funds,3102,State School Fund--School Lunch Match,27560.02
2018-19,2185,Centennial SD 28J,200,Special Revenue Funds,3222,State School Fund (SSF) Transportation Equipment,181391.7
2018-19,2185,Centennial SD 28J,200,Special Revenue Funds,3299,Other Restricted Grants-In-Aid,1666339.68
2018-19,2185,Centennial SD 28J,200,Special Revenue Funds,4500,Restricted Revenue From Federal Government Through the State,7753610.46
2018-19,2185,Centennial SD 28J,200,Special Revenue Funds,4700,Grants-In-Aid From Federal Government Through Other Intermed,278.9
2018-19,2185,Centennial SD 28J,200,Special Revenue Funds,1200,Revenue From Local Governmental Units Other Than Districts,8563.12
2018-19,2185,Centennial SD 28J,200,Special Revenue Funds,1500,Earnings on Investments,6378.16
2018-19,2185,Centennial SD 28J,200,Special Revenue Funds,1600,Food Service,1975475.07
2018-19,2185,Centennial SD 28J,200,Special Revenue Funds,1700,Extra-Curricular Activities,1786.27
2018-19,2185,Centennial SD 28J,200,Special Revenue Funds,1920,Contributions and Donations From Private Sources,41484.34
2018-19,2185,Centennial SD 28J,200,Special Revenue Funds,1990,Miscellaneous,643921.03
2018-19,2185,Centennial SD 28J,100,General Fund,3103,Common School Fund,697849.75
2018-19,2185,Centennial SD 28J,100,General Fund,3199,Other Unrestricted Grants-In-Aid,323192
2018-19,2185,Centennial SD 28J,100,General Fund,3299,Other Restricted Grants-In-Aid,14151.27
2018-19,2185,Centennial SD 28J,100,General Fund,4500,Restricted Revenue From Federal Government Through the State,20521.84
2018-19,2185,Centennial SD 28J,100,General Fund,4801,Federal Forest Fees,3170.66
2018-19,2185,Centennial SD 28J,100,General Fund,5300,Sale of or Compensation for Loss of Fixed Assets,500
2018-19,2185,Centennial SD 28J,100,General Fund,1910,Rentals,8137.5
2018-19,2185,Centennial SD 28J,100,General Fund,1950,Textbook Sales and Rentals,1069.25
2018-19,2185,Centennial SD 28J,100,General Fund,1980,Fees Charged to Grants,229309.96
2018-19,2185,Centennial SD 28J,100,General Fund,1990,Miscellaneous,897973.28
2018-19,2185,Centennial SD 28J,100,General Fund,2101,County School Funds,1010.1
2018-19,2185,Centennial SD 28J,100,General Fund,3101,State School Fund --General Support,50591711.68
2018-19,2186,Corbett SD 39,100,General Fund,1110,Ad valorem taxes levied by district,1854717.98
2018-19,2186,Corbett SD 39,100,General Fund,1190,Penalties and interest on taxes,1904.93
2018-19,2186,Corbett SD 39,100,General Fund,1311,Tuition from Individuals,170198.37
2018-19,2186,Corbett SD 39,100,General Fund,1500,Earnings on Investments,68746.93
2018-19,2186,Corbett SD 39,100,General Fund,1700,Extra-Curricular Activities,2200
2018-19,2186,Corbett SD 39,100,General Fund,1910,Rentals,1085
2018-19,2186,Corbett SD 39,400,Capital Projects Funds,3299,Other Restricted Grants-In-Aid,516700
2018-19,2186,Corbett SD 39,400,Capital Projects Funds,5400,Resources - Beginning Fund Balance,19005.58
2018-19,2186,Corbett SD 39,200,Special Revenue Funds,3102,State School Fund--School Lunch Match,1989.57
2018-19,2186,Corbett SD 39,200,Special Revenue Funds,3299,Other Restricted Grants-In-Aid,3025.5
2018-19,2186,Corbett SD 39,200,Special Revenue Funds,4500,Restricted Revenue From Federal Government Through the State,537033.79
2018-19,2186,Corbett SD 39,200,Special Revenue Funds,5200,Interfund Transfers,75307.04
2018-19,2186,Corbett SD 39,200,Special Revenue Funds,5400,Resources - Beginning Fund Balance,211878.32
2018-19,2186,Corbett SD 39,300,Debt Service Funds,5400,Resources - Beginning Fund Balance,51034.08
2018-19,2186,Corbett SD 39,100,General Fund,5200,Interfund Transfers,89229.73
2018-19,2186,Corbett SD 39,100,General Fund,5400,Resources - Beginning Fund Balance,1480686.95
2018-19,2186,Corbett SD 39,200,Special Revenue Funds,1600,Food Service,121456.17
2018-19,2186,Corbett SD 39,200,Special Revenue Funds,1700,Extra-Curricular Activities,254765.66
2018-19,2186,Corbett SD 39,200,Special Revenue Funds,1960,Recovery of Prior Years' Expenditure,-224.64
2018-19,2186,Corbett SD 39,200,Special Revenue Funds,1990,Miscellaneous,20921.48
2018-19,2186,Corbett SD 39,100,General Fund,3101,State School Fund --General Support,9293858.76
2018-19,2186,Corbett SD 39,100,General Fund,3102,State School Fund--School Lunch Match,-1989.57
2018-19,2186,Corbett SD 39,100,General Fund,3103,Common School Fund,138456.76
2018-19,2186,Corbett SD 39,100,General Fund,3299,Other Restricted Grants-In-Aid,428470.31
2018-19,2186,Corbett SD 39,100,General Fund,4500,Restricted Revenue From Federal Government Through the State,19453.81
2018-19,2186,Corbett SD 39,100,General Fund,5100,Long Term Debt Financing Sources,186047
2018-19,2186,Corbett SD 39,100,General Fund,1920,Contributions and Donations From Private Sources,139720.42
2018-19,2186,Corbett SD 39,100,General Fund,1940,Services Provided Other Local Education Agencies,18313.5
2018-19,2186,Corbett SD 39,100,General Fund,1960,Recovery of Prior Years' Expenditure,3821.82
2018-19,2186,Corbett SD 39,100,General Fund,1990,Miscellaneous,5327.09
2018-19,2186,Corbett SD 39,100,General Fund,2102,General Education Service District Funds,200000
2018-19,2186,Corbett SD 39,100,General Fund,2200,Restricted Revenue,8629.18
2018-19,2187,David Douglas SD 40,100,General Fund,1110,Ad valorem taxes levied by district,15592179.05
2018-19,2187,David Douglas SD 40,100,General Fund,1190,Penalties and interest on taxes,15716.5
2018-19,2187,David Douglas SD 40,100,General Fund,1312,Tuition from Other Districts within the State,31100
2018-19,2187,David Douglas SD 40,100,General Fund,1330,Summer School Tuition,35375
2018-19,2187,David Douglas SD 40,100,General Fund,1411,Transportation fees from Individuals,14197.95
2018-19,2187,David Douglas SD 40,100,General Fund,1500,Earnings on Investments,848007.33
2018-19,2187,David Douglas SD 40,600,Internal Service Funds,1500,Earnings on Investments,6664.32
2018-19,2187,David Douglas SD 40,600,Internal Service Funds,1960,Recovery of Prior Years' Expenditure,4559.24
2018-19,2187,David Douglas SD 40,600,Internal Service Funds,1990,Miscellaneous,28533.88
2018-19,2187,David Douglas SD 40,600,Internal Service Funds,5400,Resources - Beginning Fund Balance,240676.41
2018-19,2187,David Douglas SD 40,600,Internal Service Funds,1970,Services Provided Other Funds,354626.58
2018-19,2187,David Douglas SD 40,300,Debt Service Funds,5400,Resources - Beginning Fund Balance,677979.31
2018-19,2187,David Douglas SD 40,300,Debt Service Funds,1970,Services Provided Other Funds,3184294.5
2018-19,2187,David Douglas SD 40,400,Capital Projects Funds,1500,Earnings on Investments,42996.67
2018-19,2187,David Douglas SD 40,400,Capital Projects Funds,1910,Rentals,25578.56
2018-19,2187,David Douglas SD 40,400,Capital Projects Funds,5400,Resources - Beginning Fund Balance,1635684.61
2018-19,2187,David Douglas SD 40,400,Capital Projects Funds,1130,Construction Excise Tax,166427.52
2018-19,2187,David Douglas SD 40,200,Special Revenue Funds,4300,Restricted Revenue Direct From the Federal Government,87382.63
2018-19,2187,David Douglas SD 40,200,Special Revenue Funds,4500,Restricted Revenue From Federal Government Through the State,15074903.07
2018-19,2187,David Douglas SD 40,200,Special Revenue Funds,4900,Revenue for/on Behalf of the District,395561.13
2018-19,2187,David Douglas SD 40,300,Debt Service Funds,1110,Ad valorem taxes levied by district,5294302.77
2018-19,2187,David Douglas SD 40,300,Debt Service Funds,1190,Penalties and interest on taxes,5315
2018-19,2187,David Douglas SD 40,300,Debt Service Funds,1500,Earnings on Investments,63731.82
2018-19,2187,David Douglas SD 40,200,Special Revenue Funds,4700,Grants-In-Aid From Federal Government Through Other Intermed,319630.16
2018-19,2187,David Douglas SD 40,200,Special Revenue Funds,5300,Sale of or Compensation for Loss of Fixed Assets,3705
2018-19,2187,David Douglas SD 40,200,Special Revenue Funds,5400,Resources - Beginning Fund Balance,4589908.23
2018-19,2187,David Douglas SD 40,200,Special Revenue Funds,1600,Food Service,693022.48
2018-19,2187,David Douglas SD 40,200,Special Revenue Funds,3102,State School Fund--School Lunch Match,50639.2
2018-19,2187,David Douglas SD 40,200,Special Revenue Funds,3222,State School Fund (SSF) Transportation Equipment,213355.1
2018-19,2187,David Douglas SD 40,200,Special Revenue Funds,1920,Contributions and Donations From Private Sources,166102.71
2018-19,2187,David Douglas SD 40,200,Special Revenue Funds,1960,Recovery of Prior Years' Expenditure,5221.3
2018-19,2187,David Douglas SD 40,200,Special Revenue Funds,1990,Miscellaneous,1374260.56
2018-19,2187,David Douglas SD 40,200,Special Revenue Funds,2200,Restricted Revenue,3469875.43
2018-19,2187,David Douglas SD 40,200,Special Revenue Funds,3299,Other Restricted Grants-In-Aid,23556694.79
2018-19,2187,David Douglas SD 40,200,Special Revenue Funds,4200,Unrestricted Revenue From Federal Government Through State,853714.82
2018-19,2187,David Douglas SD 40,100,General Fund,4200,Unrestricted Revenue From Federal Government Through State,221377.52
2018-19,2187,David Douglas SD 40,100,General Fund,5400,Resources - Beginning Fund Balance,16572788.38
2018-19,2187,David Douglas SD 40,100,General Fund,4500,Restricted Revenue From Federal Government Through the State,31398.01
2018-19,2187,David Douglas SD 40,200,Special Revenue Funds,1330,Summer School Tuition,690
2018-19,2187,David Douglas SD 40,200,Special Revenue Funds,1500,Earnings on Investments,21047.04
2018-19,2187,David Douglas SD 40,200,Special Revenue Funds,1700,Extra-Curricular Activities,149778.7
2018-19,2187,David Douglas SD 40,100,General Fund,2200,Restricted Revenue,1187378
2018-19,2187,David Douglas SD 40,100,General Fund,3101,State School Fund --General Support,93708271.62
2018-19,2187,David Douglas SD 40,100,General Fund,3103,Common School Fund,1183233.38
2018-19,2187,David Douglas SD 40,100,General Fund,3199,Other Unrestricted Grants-In-Aid,812422.34
2018-19,2187,David Douglas SD 40,100,General Fund,3204,Driver Education,70610.2
2018-19,2187,David Douglas SD 40,100,General Fund,3299,Other Restricted Grants-In-Aid,50815.8
2018-19,2187,David Douglas SD 40,100,General Fund,1700,Extra-Curricular Activities,262127.72
2018-19,2187,David Douglas SD 40,100,General Fund,1910,Rentals,135021.25
2018-19,2187,David Douglas SD 40,100,General Fund,1920,Contributions and Donations From Private Sources,3994.75
2018-19,2187,David Douglas SD 40,100,General Fund,1960,Recovery of Prior Years' Expenditure,29987
2018-19,2187,David Douglas SD 40,100,General Fund,1980,Fees Charged to Grants,1589151.55
2018-19,2187,David Douglas SD 40,100,General Fund,1990,Miscellaneous,495570.04
2018-19,2188,Riverdale SD 51J,100,General Fund,1190,Penalties and interest on taxes,7394
2018-19,2188,Riverdale SD 51J,100,General Fund,1500,Earnings on Investments,69523
2018-19,2188,Riverdale SD 51J,100,General Fund,1700,Extra-Curricular Activities,129802
2018-19,2188,Riverdale SD 51J,100,General Fund,1910,Rentals,4308
2018-19,2188,Riverdale SD 51J,100,General Fund,1920,Contributions and Donations From Private Sources,1219900
2018-19,2188,Riverdale SD 51J,100,General Fund,1960,Recovery of Prior Years' Expenditure,60245
2018-19,2188,Riverdale SD 51J,400,Capital Projects Funds,1130,Construction Excise Tax,17352
2018-19,2188,Riverdale SD 51J,400,Capital Projects Funds,1500,Earnings on Investments,2452
2018-19,2188,Riverdale SD 51J,400,Capital Projects Funds,5400,Resources - Beginning Fund Balance,187941
2018-19,2188,Riverdale SD 51J,100,General Fund,1120,Local option ad valorem taxes levied by district,918804
2018-19,2188,Riverdale SD 51J,100,General Fund,1311,Tuition from Individuals,722413
2018-19,2188,Riverdale SD 51J,100,General Fund,1200,Revenue From Local Governmental Units Other Than Districts,44692
2018-19,2188,Riverdale SD 51J,100,General Fund,1990,Miscellaneous,25673
2018-19,2188,Riverdale SD 51J,200,Special Revenue Funds,1960,Recovery of Prior Years' Expenditure,15181
2018-19,2188,Riverdale SD 51J,200,Special Revenue Funds,1990,Miscellaneous,3870
2018-19,2188,Riverdale SD 51J,200,Special Revenue Funds,1920,Contributions and Donations From Private Sources,245212
2018-19,2188,Riverdale SD 51J,200,Special Revenue Funds,4500,Restricted Revenue From Federal Government Through the State,11703
2018-19,2188,Riverdale SD 51J,200,Special Revenue Funds,5400,Resources - Beginning Fund Balance,549067
2018-19,2188,Riverdale SD 51J,300,Debt Service Funds,1110,Ad valorem taxes levied by district,1751802
2018-19,2188,Riverdale SD 51J,300,Debt Service Funds,1190,Penalties and interest on taxes,1870
2018-19,2188,Riverdale SD 51J,100,General Fund,1110,Ad valorem taxes levied by district,2684581
2018-19,2188,Riverdale SD 51J,200,Special Revenue Funds,3299,Other Restricted Grants-In-Aid,108140
2018-19,2188,Riverdale SD 51J,300,Debt Service Funds,1500,Earnings on Investments,28715
2018-19,2188,Riverdale SD 51J,300,Debt Service Funds,1970,Services Provided Other Funds,415715
2018-19,2188,Riverdale SD 51J,300,Debt Service Funds,5400,Resources - Beginning Fund Balance,677584
2018-19,2188,Riverdale SD 51J,100,General Fund,4500,Restricted Revenue From Federal Government Through the State,13864
2018-19,2188,Riverdale SD 51J,200,Special Revenue Funds,1600,Food Service,7790
2018-19,2188,Riverdale SD 51J,100,General Fund,1970,Services Provided Other Funds,596
2018-19,2188,Riverdale SD 51J,100,General Fund,3101,State School Fund --General Support,3369933
2018-19,2188,Riverdale SD 51J,100,General Fund,3103,Common School Fund,61967
2018-19,2188,Riverdale SD 51J,100,General Fund,5400,Resources - Beginning Fund Balance,598459
2018-19,2188,Riverdale SD 51J,200,Special Revenue Funds,1311,Tuition from Individuals,5048
2018-19,2188,Riverdale SD 51J,200,Special Revenue Funds,1700,Extra-Curricular Activities,440093
2018-19,2190,Dallas SD 2,300,Debt Service Funds,5400,Resources - Beginning Fund Balance,149664.67
2018-19,2190,Dallas SD 2,400,Capital Projects Funds,1500,Earnings on Investments,104829.35
2018-19,2190,Dallas SD 2,400,Capital Projects Funds,1960,Recovery of Prior Years' Expenditure,8065
2018-19,2190,Dallas SD 2,400,Capital Projects Funds,3299,Other Restricted Grants-In-Aid,699607.68
2018-19,2190,Dallas SD 2,400,Capital Projects Funds,5400,Resources - Beginning Fund Balance,4859363.07
2018-19,2190,Dallas SD 2,200,Special Revenue Funds,4900,Revenue for/on Behalf of the District,71255.54
2018-19,2190,Dallas SD 2,200,Special Revenue Funds,5200,Interfund Transfers,29579.4
2018-19,2190,Dallas SD 2,200,Special Revenue Funds,5400,Resources - Beginning Fund Balance,315877.29
2018-19,2190,Dallas SD 2,300,Debt Service Funds,1110,Ad valorem taxes levied by district,2823700.75
2018-19,2190,Dallas SD 2,300,Debt Service Funds,1500,Earnings on Investments,38377.09
2018-19,2190,Dallas SD 2,300,Debt Service Funds,1990,Miscellaneous,24786
2018-19,2190,Dallas SD 2,200,Special Revenue Funds,1990,Miscellaneous,90302.96
2018-19,2190,Dallas SD 2,200,Special Revenue Funds,2102,General Education Service District Funds,545152.32
2018-19,2190,Dallas SD 2,200,Special Revenue Funds,3102,State School Fund--School Lunch Match,8904.09
2018-19,2190,Dallas SD 2,200,Special Revenue Funds,3199,Other Unrestricted Grants-In-Aid,11872.5
2018-19,2190,Dallas SD 2,200,Special Revenue Funds,3299,Other Restricted Grants-In-Aid,1115856.11
2018-19,2190,Dallas SD 2,200,Special Revenue Funds,4500,Restricted Revenue From Federal Government Through the State,2062330.16
2018-19,2190,Dallas SD 2,100,General Fund,5400,Resources - Beginning Fund Balance,1332575.55
2018-19,2190,Dallas SD 2,200,Special Revenue Funds,1500,Earnings on Investments,66.31
2018-19,2190,Dallas SD 2,200,Special Revenue Funds,1600,Food Service,182246.08
2018-19,2190,Dallas SD 2,200,Special Revenue Funds,1700,Extra-Curricular Activities,595133.18
2018-19,2190,Dallas SD 2,200,Special Revenue Funds,1800,Community Services Activities,8397.76
2018-19,2190,Dallas SD 2,200,Special Revenue Funds,1920,Contributions and Donations From Private Sources,14735.42
2018-19,2190,Dallas SD 2,100,General Fund,4200,Unrestricted Revenue From Federal Government Through State,6852.04
2018-19,2190,Dallas SD 2,100,General Fund,4500,Restricted Revenue From Federal Government Through the State,405
2018-19,2190,Dallas SD 2,100,General Fund,4801,Federal Forest Fees,231.5
2018-19,2190,Dallas SD 2,100,General Fund,4899,Other Federal Revenue in Lieu of Taxes,3115.19
2018-19,2190,Dallas SD 2,100,General Fund,5200,Interfund Transfers,41484.61
2018-19,2190,Dallas SD 2,100,General Fund,5300,Sale of or Compensation for Loss of Fixed Assets,1500
2018-19,2190,Dallas SD 2,100,General Fund,1990,Miscellaneous,288206.98
2018-19,2190,Dallas SD 2,100,General Fund,2101,County School Funds,40648.09
2018-19,2190,Dallas SD 2,100,General Fund,2102,General Education Service District Funds,117551.85
2018-19,2190,Dallas SD 2,100,General Fund,3101,State School Fund --General Support,24144213.27
2018-19,2190,Dallas SD 2,100,General Fund,3103,Common School Fund,346477.24
2018-19,2190,Dallas SD 2,100,General Fund,3199,Other Unrestricted Grants-In-Aid,639549.52
2018-19,2190,Dallas SD 2,100,General Fund,1500,Earnings on Investments,170942.93
2018-19,2190,Dallas SD 2,100,General Fund,1700,Extra-Curricular Activities,78401.58
2018-19,2190,Dallas SD 2,100,General Fund,1910,Rentals,1200
2018-19,2190,Dallas SD 2,100,General Fund,1940,Services Provided Other Local Education Agencies,178656.67
2018-19,2190,Dallas SD 2,100,General Fund,1960,Recovery of Prior Years' Expenditure,8866.55
2018-19,2190,Dallas SD 2,100,General Fund,1980,Fees Charged to Grants,100658.12
2018-19,2190,Dallas SD 2,100,General Fund,1110,Ad valorem taxes levied by district,7264140.65
2018-19,2190,Dallas SD 2,100,General Fund,1190,Penalties and interest on taxes,3923.2
2018-19,2190,Dallas SD 2,100,General Fund,1312,Tuition from Other Districts within the State,14000
2018-19,2191,Central SD 13J,300,Debt Service Funds,1500,Earnings on Investments,3421.24
2018-19,2191,Central SD 13J,300,Debt Service Funds,4300,Restricted Revenue Direct From the Federal Government,100553.6
2018-19,2191,Central SD 13J,300,Debt Service Funds,5200,Interfund Transfers,288680.23
2018-19,2191,Central SD 13J,300,Debt Service Funds,5400,Resources - Beginning Fund Balance,1693246.88
2018-19,2191,Central SD 13J,400,Capital Projects Funds,1130,Construction Excise Tax,361194.01
2018-19,2191,Central SD 13J,400,Capital Projects Funds,5400,Resources - Beginning Fund Balance,1102633.12
2018-19,2191,Central SD 13J,200,Special Revenue Funds,4500,Restricted Revenue From Federal Government Through the State,3182692.52
2018-19,2191,Central SD 13J,200,Special Revenue Funds,4900,Revenue for/on Behalf of the District,92648.13
2018-19,2191,Central SD 13J,200,Special Revenue Funds,5200,Interfund Transfers,18000
2018-19,2191,Central SD 13J,200,Special Revenue Funds,5400,Resources - Beginning Fund Balance,804594.15
2018-19,2191,Central SD 13J,300,Debt Service Funds,1110,Ad valorem taxes levied by district,3766174.75
2018-19,2191,Central SD 13J,300,Debt Service Funds,1190,Penalties and interest on taxes,1737.98
2018-19,2191,Central SD 13J,200,Special Revenue Funds,1920,Contributions and Donations From Private Sources,181524.52
2018-19,2191,Central SD 13J,200,Special Revenue Funds,1960,Recovery of Prior Years' Expenditure,134
2018-19,2191,Central SD 13J,200,Special Revenue Funds,1990,Miscellaneous,44616.42
2018-19,2191,Central SD 13J,200,Special Revenue Funds,3102,State School Fund--School Lunch Match,12861.72
2018-19,2191,Central SD 13J,200,Special Revenue Funds,3199,Other Unrestricted Grants-In-Aid,19137.3
2018-19,2191,Central SD 13J,200,Special Revenue Funds,3299,Other Restricted Grants-In-Aid,1234639.43
2018-19,2191,Central SD 13J,100,General Fund,5300,Sale of or Compensation for Loss of Fixed Assets,65058.58
2018-19,2191,Central SD 13J,100,General Fund,5400,Resources - Beginning Fund Balance,6718841.99
2018-19,2191,Central SD 13J,200,Special Revenue Funds,1500,Earnings on Investments,4563.82
2018-19,2191,Central SD 13J,200,Special Revenue Funds,1600,Food Service,151468.36
2018-19,2191,Central SD 13J,200,Special Revenue Funds,1700,Extra-Curricular Activities,481947.32
2018-19,2191,Central SD 13J,200,Special Revenue Funds,1800,Community Services Activities,26793
2018-19,2191,Central SD 13J,100,General Fund,3101,State School Fund --General Support,25608458.79
2018-19,2191,Central SD 13J,100,General Fund,3103,Common School Fund,365569.67
2018-19,2191,Central SD 13J,100,General Fund,3199,Other Unrestricted Grants-In-Aid,1054892.37
2018-19,2191,Central SD 13J,100,General Fund,3299,Other Restricted Grants-In-Aid,23593.11
2018-19,2191,Central SD 13J,100,General Fund,4200,Unrestricted Revenue From Federal Government Through State,418.4
2018-19,2191,Central SD 13J,100,General Fund,4801,Federal Forest Fees,245.79
2018-19,2191,Central SD 13J,100,General Fund,1910,Rentals,31994.78
2018-19,2191,Central SD 13J,100,General Fund,1920,Contributions and Donations From Private Sources,190
2018-19,2191,Central SD 13J,100,General Fund,1960,Recovery of Prior Years' Expenditure,11350.33
2018-19,2191,Central SD 13J,100,General Fund,1980,Fees Charged to Grants,170017.55
2018-19,2191,Central SD 13J,100,General Fund,1990,Miscellaneous,200544.59
2018-19,2191,Central SD 13J,100,General Fund,2102,General Education Service District Funds,481177.35
2018-19,2191,Central SD 13J,100,General Fund,1110,Ad valorem taxes levied by district,6628014.69
2018-19,2191,Central SD 13J,100,General Fund,1190,Penalties and interest on taxes,3049.58
2018-19,2191,Central SD 13J,100,General Fund,1411,Transportation fees from Individuals,13537.33
2018-19,2191,Central SD 13J,100,General Fund,1412,Transportation fees from Other Districts within the State,30803
2018-19,2191,Central SD 13J,100,General Fund,1500,Earnings on Investments,345334.07
2018-19,2192,Perrydale SD 21,100,General Fund,1110,Ad valorem taxes levied by district,517872.52
2018-19,2192,Perrydale SD 21,100,General Fund,1500,Earnings on Investments,45158.6
2018-19,2192,Perrydale SD 21,100,General Fund,1920,Contributions and Donations From Private Sources,-2102.2
2018-19,2192,Perrydale SD 21,100,General Fund,1990,Miscellaneous,12952.54
2018-19,2192,Perrydale SD 21,100,General Fund,2102,General Education Service District Funds,9646.84
2018-19,2192,Perrydale SD 21,100,General Fund,3101,State School Fund --General Support,3169452.33
2018-19,2192,Perrydale SD 21,300,Debt Service Funds,5400,Resources - Beginning Fund Balance,83729.64
2018-19,2192,Perrydale SD 21,200,Special Revenue Funds,3299,Other Restricted Grants-In-Aid,66553.67
2018-19,2192,Perrydale SD 21,200,Special Revenue Funds,4500,Restricted Revenue From Federal Government Through the State,126894.89
2018-19,2192,Perrydale SD 21,200,Special Revenue Funds,5200,Interfund Transfers,125004.62
2018-19,2192,Perrydale SD 21,200,Special Revenue Funds,5400,Resources - Beginning Fund Balance,328536.59
2018-19,2192,Perrydale SD 21,300,Debt Service Funds,1110,Ad valorem taxes levied by district,94436.68
2018-19,2192,Perrydale SD 21,300,Debt Service Funds,1500,Earnings on Investments,1046.59
2018-19,2192,Perrydale SD 21,200,Special Revenue Funds,1600,Food Service,42276.05
2018-19,2192,Perrydale SD 21,200,Special Revenue Funds,1700,Extra-Curricular Activities,100868.46
2018-19,2192,Perrydale SD 21,200,Special Revenue Funds,1920,Contributions and Donations From Private Sources,1970.72
2018-19,2192,Perrydale SD 21,200,Special Revenue Funds,1990,Miscellaneous,29235.88
2018-19,2192,Perrydale SD 21,200,Special Revenue Funds,3102,State School Fund--School Lunch Match,812.56
2018-19,2192,Perrydale SD 21,200,Special Revenue Funds,3199,Other Unrestricted Grants-In-Aid,5029.54
2018-19,2192,Perrydale SD 21,100,General Fund,3103,Common School Fund,34539.79
2018-19,2192,Perrydale SD 21,100,General Fund,3104,State Managed County Timber,1.44
2018-19,2192,Perrydale SD 21,100,General Fund,3199,Other Unrestricted Grants-In-Aid,12508.85
2018-19,2192,Perrydale SD 21,100,General Fund,5400,Resources - Beginning Fund Balance,1115360.72
2018-19,2192,Perrydale SD 21,200,Special Revenue Funds,1330,Summer School Tuition,26456.1
2018-19,2192,Perrydale SD 21,200,Special Revenue Funds,1500,Earnings on Investments,818.98
2018-19,2193,Falls City SD 57,400,Capital Projects Funds,5200,Interfund Transfers,782537
2018-19,2193,Falls City SD 57,200,Special Revenue Funds,4900,Revenue for/on Behalf of the District,6243.53
2018-19,2193,Falls City SD 57,200,Special Revenue Funds,5200,Interfund Transfers,19986.68
2018-19,2193,Falls City SD 57,200,Special Revenue Funds,5400,Resources - Beginning Fund Balance,283089.27
2018-19,2193,Falls City SD 57,300,Debt Service Funds,1970,Services Provided Other Funds,217656.3
2018-19,2193,Falls City SD 57,300,Debt Service Funds,5200,Interfund Transfers,62636.06
2018-19,2193,Falls City SD 57,300,Debt Service Funds,5400,Resources - Beginning Fund Balance,90926.01
2018-19,2193,Falls City SD 57,200,Special Revenue Funds,1920,Contributions and Donations From Private Sources,1433.5
2018-19,2193,Falls City SD 57,200,Special Revenue Funds,1960,Recovery of Prior Years' Expenditure,1500
2018-19,2193,Falls City SD 57,200,Special Revenue Funds,1990,Miscellaneous,58548.4
2018-19,2193,Falls City SD 57,200,Special Revenue Funds,2199,Other Intermediate Sources,1023.5
2018-19,2193,Falls City SD 57,200,Special Revenue Funds,3199,Other Unrestricted Grants-In-Aid,241494.01
2018-19,2193,Falls City SD 57,200,Special Revenue Funds,4500,Restricted Revenue From Federal Government Through the State,335653.57
2018-19,2193,Falls City SD 57,100,General Fund,3199,Other Unrestricted Grants-In-Aid,409.6
2018-19,2193,Falls City SD 57,100,General Fund,4801,Federal Forest Fees,15.74
2018-19,2193,Falls City SD 57,100,General Fund,5400,Resources - Beginning Fund Balance,1596259.97
2018-19,2193,Falls City SD 57,200,Special Revenue Funds,1120,Local option ad valorem taxes levied by district,94098.67
2018-19,2193,Falls City SD 57,200,Special Revenue Funds,1700,Extra-Curricular Activities,5639.7
2018-19,2193,Falls City SD 57,200,Special Revenue Funds,1800,Community Services Activities,17905.51
2018-19,2193,Falls City SD 57,100,General Fund,1110,Ad valorem taxes levied by district,385304.11
2018-19,2193,Falls City SD 57,100,General Fund,1500,Earnings on Investments,45676.83
2018-19,2193,Falls City SD 57,100,General Fund,1960,Recovery of Prior Years' Expenditure,-0.55
2018-19,2193,Falls City SD 57,100,General Fund,1990,Miscellaneous,11236.43
2018-19,2193,Falls City SD 57,100,General Fund,3101,State School Fund --General Support,2643113.4
2018-19,2193,Falls City SD 57,100,General Fund,3103,Common School Fund,21669.33
2018-19,2195,Sherman County SD,200,Special Revenue Funds,5400,Resources - Beginning Fund Balance,4455326.32
2018-19,2195,Sherman County SD,300,Debt Service Funds,5200,Interfund Transfers,410960.3
2018-19,2195,Sherman County SD,700,Trust and Agency Funds,1500,Earnings on Investments,1757.12
2018-19,2195,Sherman County SD,700,Trust and Agency Funds,1920,Contributions and Donations From Private Sources,116.47
2018-19,2195,Sherman County SD,700,Trust and Agency Funds,2200,Restricted Revenue,104810
2018-19,2195,Sherman County SD,700,Trust and Agency Funds,5400,Resources - Beginning Fund Balance,132239.26
2018-19,2195,Sherman County SD,200,Special Revenue Funds,3299,Other Restricted Grants-In-Aid,57320.53
2018-19,2195,Sherman County SD,200,Special Revenue Funds,4300,Restricted Revenue Direct From the Federal Government,15890.77
2018-19,2195,Sherman County SD,200,Special Revenue Funds,4500,Restricted Revenue From Federal Government Through the State,143448.99
2018-19,2195,Sherman County SD,200,Special Revenue Funds,4700,Grants-In-Aid From Federal Government Through Other Intermed,66222
2018-19,2195,Sherman County SD,200,Special Revenue Funds,4900,Revenue for/on Behalf of the District,8819.98
2018-19,2195,Sherman County SD,200,Special Revenue Funds,5200,Interfund Transfers,27793.6
2018-19,2195,Sherman County SD,200,Special Revenue Funds,1600,Food Service,49328.47
2018-19,2195,Sherman County SD,200,Special Revenue Funds,1700,Extra-Curricular Activities,16889.5
2018-19,2195,Sherman County SD,200,Special Revenue Funds,1940,Services Provided Other Local Education Agencies,100
2018-19,2195,Sherman County SD,200,Special Revenue Funds,1990,Miscellaneous,2961.4
2018-19,2195,Sherman County SD,200,Special Revenue Funds,2199,Other Intermediate Sources,1708920
2018-19,2195,Sherman County SD,200,Special Revenue Funds,3102,State School Fund--School Lunch Match,1174.69
2018-19,2195,Sherman County SD,100,General Fund,2200,Restricted Revenue,109114.4
2018-19,2195,Sherman County SD,100,General Fund,3101,State School Fund --General Support,2039275.16
2018-19,2195,Sherman County SD,100,General Fund,3103,Common School Fund,20101.22
2018-19,2195,Sherman County SD,100,General Fund,4500,Restricted Revenue From Federal Government Through the State,2812
2018-19,2195,Sherman County SD,100,General Fund,5400,Resources - Beginning Fund Balance,1462377.23
2018-19,2195,Sherman County SD,200,Special Revenue Funds,1500,Earnings on Investments,120444.84
2018-19,2195,Sherman County SD,100,General Fund,1920,Contributions and Donations From Private Sources,331
2018-19,2195,Sherman County SD,100,General Fund,1940,Services Provided Other Local Education Agencies,4156.89
2018-19,2195,Sherman County SD,100,General Fund,1960,Recovery of Prior Years' Expenditure,61
2018-19,2195,Sherman County SD,100,General Fund,1990,Miscellaneous,17653.52
2018-19,2195,Sherman County SD,100,General Fund,2101,County School Funds,30330.48
2018-19,2195,Sherman County SD,100,General Fund,2103,Excess ESD Local Revenue,200497.75
2018-19,2195,Sherman County SD,100,General Fund,1110,Ad valorem taxes levied by district,1479874.83
2018-19,2195,Sherman County SD,100,General Fund,1500,Earnings on Investments,72606.83
2018-19,2195,Sherman County SD,100,General Fund,1700,Extra-Curricular Activities,650
2018-19,2195,Sherman County SD,100,General Fund,1910,Rentals,3800
2018-19,2197,Tillamook SD 9,100,General Fund,1110,Ad valorem taxes levied by district,8127605.3
2018-19,2197,Tillamook SD 9,100,General Fund,1190,Penalties and interest on taxes,25762.93
2018-19,2197,Tillamook SD 9,100,General Fund,1312,Tuition from Other Districts within the State,35000
2018-19,2197,Tillamook SD 9,100,General Fund,1500,Earnings on Investments,390543.05
2018-19,2197,Tillamook SD 9,100,General Fund,1700,Extra-Curricular Activities,14309.94
2018-19,2197,Tillamook SD 9,100,General Fund,1910,Rentals,70558.19
2018-19,2197,Tillamook SD 9,600,Internal Service Funds,5200,Interfund Transfers,400000
2018-19,2197,Tillamook SD 9,600,Internal Service Funds,5400,Resources - Beginning Fund Balance,800015.77
2018-19,2197,Tillamook SD 9,700,Trust and Agency Funds,1500,Earnings on Investments,1555.72
2018-19,2197,Tillamook SD 9,700,Trust and Agency Funds,5200,Interfund Transfers,9532.56
2018-19,2197,Tillamook SD 9,700,Trust and Agency Funds,5400,Resources - Beginning Fund Balance,98835.85
2018-19,2197,Tillamook SD 9,400,Capital Projects Funds,2102,General Education Service District Funds,300000
2018-19,2197,Tillamook SD 9,400,Capital Projects Funds,3222,State School Fund (SSF) Transportation Equipment,535000
2018-19,2197,Tillamook SD 9,400,Capital Projects Funds,3299,Other Restricted Grants-In-Aid,1996221.86
2018-19,2197,Tillamook SD 9,400,Capital Projects Funds,5200,Interfund Transfers,25000
2018-19,2197,Tillamook SD 9,400,Capital Projects Funds,5400,Resources - Beginning Fund Balance,6349051.58
2018-19,2197,Tillamook SD 9,600,Internal Service Funds,1990,Miscellaneous,68833
2018-19,2197,Tillamook SD 9,300,Debt Service Funds,1990,Miscellaneous,1827014.7
2018-19,2197,Tillamook SD 9,300,Debt Service Funds,5200,Interfund Transfers,53900.68
2018-19,2197,Tillamook SD 9,300,Debt Service Funds,5400,Resources - Beginning Fund Balance,694171.01
2018-19,2197,Tillamook SD 9,400,Capital Projects Funds,1130,Construction Excise Tax,90723.27
2018-19,2197,Tillamook SD 9,400,Capital Projects Funds,1500,Earnings on Investments,95909.08
2018-19,2197,Tillamook SD 9,400,Capital Projects Funds,1990,Miscellaneous,173546.33
2018-19,2197,Tillamook SD 9,200,Special Revenue Funds,5200,Interfund Transfers,231454.24
2018-19,2197,Tillamook SD 9,200,Special Revenue Funds,5400,Resources - Beginning Fund Balance,791222.93
2018-19,2197,Tillamook SD 9,300,Debt Service Funds,1110,Ad valorem taxes levied by district,1249591.09
2018-19,2197,Tillamook SD 9,300,Debt Service Funds,1190,Penalties and interest on taxes,870.2
2018-19,2197,Tillamook SD 9,300,Debt Service Funds,1500,Earnings on Investments,27739.47
2018-19,2197,Tillamook SD 9,300,Debt Service Funds,1960,Recovery of Prior Years' Expenditure,5946.3
2018-19,2197,Tillamook SD 9,200,Special Revenue Funds,2200,Restricted Revenue,221141.05
2018-19,2197,Tillamook SD 9,200,Special Revenue Funds,3102,State School Fund--School Lunch Match,8020.24
2018-19,2197,Tillamook SD 9,200,Special Revenue Funds,3299,Other Restricted Grants-In-Aid,2693051.71
2018-19,2197,Tillamook SD 9,200,Special Revenue Funds,4500,Restricted Revenue From Federal Government Through the State,1770242.18
2018-19,2197,Tillamook SD 9,200,Special Revenue Funds,4700,Grants-In-Aid From Federal Government Through Other Intermed,183329.84
2018-19,2197,Tillamook SD 9,200,Special Revenue Funds,4900,Revenue for/on Behalf of the District,57624.48
2018-19,2197,Tillamook SD 9,100,General Fund,5400,Resources - Beginning Fund Balance,5694408.29
2018-19,2197,Tillamook SD 9,200,Special Revenue Funds,1600,Food Service,190405.26
2018-19,2197,Tillamook SD 9,200,Special Revenue Funds,1700,Extra-Curricular Activities,924370.49
2018-19,2197,Tillamook SD 9,200,Special Revenue Funds,1920,Contributions and Donations From Private Sources,118488.36
2018-19,2197,Tillamook SD 9,200,Special Revenue Funds,1940,Services Provided Other Local Education Agencies,27990.79
2018-19,2197,Tillamook SD 9,200,Special Revenue Funds,1990,Miscellaneous,42100.84
2018-19,2197,Tillamook SD 9,100,General Fund,3104,State Managed County Timber,5968264.08
2018-19,2197,Tillamook SD 9,100,General Fund,3199,Other Unrestricted Grants-In-Aid,63341.33
2018-19,2197,Tillamook SD 9,100,General Fund,3299,Other Restricted Grants-In-Aid,171761.07
2018-19,2197,Tillamook SD 9,100,General Fund,4801,Federal Forest Fees,127600.43
2018-19,2197,Tillamook SD 9,100,General Fund,4900,Revenue for/on Behalf of the District,6162.24
2018-19,2197,Tillamook SD 9,100,General Fund,5200,Interfund Transfers,309385
2018-19,2197,Tillamook SD 9,100,General Fund,1960,Recovery of Prior Years' Expenditure,839.95
2018-19,2197,Tillamook SD 9,100,General Fund,1980,Fees Charged to Grants,65217.22
2018-19,2197,Tillamook SD 9,100,General Fund,1990,Miscellaneous,160542.33
2018-19,2197,Tillamook SD 9,100,General Fund,2200,Restricted Revenue,227907.11
2018-19,2197,Tillamook SD 9,100,General Fund,3101,State School Fund --General Support,6617199.85
2018-19,2197,Tillamook SD 9,100,General Fund,3103,Common School Fund,211051.78
2018-19,2198,Neah-Kah-Nie SD 56,100,General Fund,1110,Ad valorem taxes levied by district,9211269.91
2018-19,2198,Neah-Kah-Nie SD 56,100,General Fund,1500,Earnings on Investments,311737.86
2018-19,2198,Neah-Kah-Nie SD 56,100,General Fund,1910,Rentals,525.31
2018-19,2198,Neah-Kah-Nie SD 56,100,General Fund,1920,Contributions and Donations From Private Sources,30
2018-19,2198,Neah-Kah-Nie SD 56,100,General Fund,1960,Recovery of Prior Years' Expenditure,7542.7
2018-19,2198,Neah-Kah-Nie SD 56,100,General Fund,1990,Miscellaneous,73784.27
2018-19,2198,Neah-Kah-Nie SD 56,400,Capital Projects Funds,5400,Resources - Beginning Fund Balance,181658.26
2018-19,2198,Neah-Kah-Nie SD 56,300,Debt Service Funds,5400,Resources - Beginning Fund Balance,22291.35
2018-19,2198,Neah-Kah-Nie SD 56,400,Capital Projects Funds,1130,Construction Excise Tax,125176
2018-19,2198,Neah-Kah-Nie SD 56,400,Capital Projects Funds,1500,Earnings on Investments,4937.39
2018-19,2198,Neah-Kah-Nie SD 56,400,Capital Projects Funds,1990,Miscellaneous,73076.1
2018-19,2198,Neah-Kah-Nie SD 56,400,Capital Projects Funds,3299,Other Restricted Grants-In-Aid,1525086
2018-19,2198,Neah-Kah-Nie SD 56,400,Capital Projects Funds,5200,Interfund Transfers,560000
2018-19,2198,Neah-Kah-Nie SD 56,200,Special Revenue Funds,4700,Grants-In-Aid From Federal Government Through Other Intermed,27703.06
2018-19,2198,Neah-Kah-Nie SD 56,200,Special Revenue Funds,5200,Interfund Transfers,542500
2018-19,2198,Neah-Kah-Nie SD 56,200,Special Revenue Funds,5400,Resources - Beginning Fund Balance,659137.27
2018-19,2198,Neah-Kah-Nie SD 56,300,Debt Service Funds,1110,Ad valorem taxes levied by district,1106971.02
2018-19,2198,Neah-Kah-Nie SD 56,300,Debt Service Funds,1500,Earnings on Investments,12927.16
2018-19,2198,Neah-Kah-Nie SD 56,300,Debt Service Funds,5200,Interfund Transfers,200000
2018-19,2198,Neah-Kah-Nie SD 56,200,Special Revenue Funds,1960,Recovery of Prior Years' Expenditure,11813.87
2018-19,2198,Neah-Kah-Nie SD 56,200,Special Revenue Funds,1990,Miscellaneous,165.14
2018-19,2198,Neah-Kah-Nie SD 56,200,Special Revenue Funds,2200,Restricted Revenue,26457.36
2018-19,2198,Neah-Kah-Nie SD 56,200,Special Revenue Funds,3199,Other Unrestricted Grants-In-Aid,37384.41
2018-19,2198,Neah-Kah-Nie SD 56,200,Special Revenue Funds,3299,Other Restricted Grants-In-Aid,199541.81
2018-19,2198,Neah-Kah-Nie SD 56,200,Special Revenue Funds,4500,Restricted Revenue From Federal Government Through the State,715162.83
2018-19,2198,Neah-Kah-Nie SD 56,200,Special Revenue Funds,1110,Ad valorem taxes levied by district,92.74
2018-19,2198,Neah-Kah-Nie SD 56,200,Special Revenue Funds,1500,Earnings on Investments,7945.24
2018-19,2198,Neah-Kah-Nie SD 56,200,Special Revenue Funds,1600,Food Service,48266.72
2018-19,2198,Neah-Kah-Nie SD 56,200,Special Revenue Funds,1700,Extra-Curricular Activities,134748.48
2018-19,2198,Neah-Kah-Nie SD 56,200,Special Revenue Funds,1910,Rentals,50
2018-19,2198,Neah-Kah-Nie SD 56,200,Special Revenue Funds,1920,Contributions and Donations From Private Sources,167098.9
2018-19,2198,Neah-Kah-Nie SD 56,100,General Fund,2101,County School Funds,1136606.08
2018-19,2198,Neah-Kah-Nie SD 56,100,General Fund,2199,Other Intermediate Sources,3904.27
2018-19,2198,Neah-Kah-Nie SD 56,100,General Fund,3103,Common School Fund,73651.03
2018-19,2198,Neah-Kah-Nie SD 56,100,General Fund,3104,State Managed County Timber,4290054.91
2018-19,2198,Neah-Kah-Nie SD 56,100,General Fund,4801,Federal Forest Fees,45094.47
2018-19,2198,Neah-Kah-Nie SD 56,100,General Fund,5400,Resources - Beginning Fund Balance,9907866.88
2018-19,2199,Nestucca Valley SD 101J,100,General Fund,1110,Ad valorem taxes levied by district,5861531.82
2018-19,2199,Nestucca Valley SD 101J,100,General Fund,1190,Penalties and interest on taxes,4738.49
2018-19,2199,Nestucca Valley SD 101J,100,General Fund,1411,Transportation fees from Individuals,3006
2018-19,2199,Nestucca Valley SD 101J,100,General Fund,1500,Earnings on Investments,50179.43
2018-19,2199,Nestucca Valley SD 101J,100,General Fund,1700,Extra-Curricular Activities,7678.86
2018-19,2199,Nestucca Valley SD 101J,100,General Fund,1920,Contributions and Donations From Private Sources,9000
2018-19,2199,Nestucca Valley SD 101J,400,Capital Projects Funds,5300,Sale of or Compensation for Loss of Fixed Assets,1000000
2018-19,2199,Nestucca Valley SD 101J,300,Debt Service Funds,1500,Earnings on Investments,22674.45
2018-19,2199,Nestucca Valley SD 101J,300,Debt Service Funds,1970,Services Provided Other Funds,428042.15
2018-19,2199,Nestucca Valley SD 101J,300,Debt Service Funds,5400,Resources - Beginning Fund Balance,45188.24
2018-19,2199,Nestucca Valley SD 101J,400,Capital Projects Funds,1500,Earnings on Investments,676616.1
2018-19,2199,Nestucca Valley SD 101J,400,Capital Projects Funds,1990,Miscellaneous,33434
2018-19,2199,Nestucca Valley SD 101J,400,Capital Projects Funds,5100,Long Term Debt Financing Sources,29457312.38
2018-19,2199,Nestucca Valley SD 101J,200,Special Revenue Funds,4900,Revenue for/on Behalf of the District,17349.42
2018-19,2199,Nestucca Valley SD 101J,200,Special Revenue Funds,5100,Long Term Debt Financing Sources,301822
2018-19,2199,Nestucca Valley SD 101J,200,Special Revenue Funds,5200,Interfund Transfers,607087.25
2018-19,2199,Nestucca Valley SD 101J,200,Special Revenue Funds,5400,Resources - Beginning Fund Balance,183877.3
2018-19,2199,Nestucca Valley SD 101J,300,Debt Service Funds,1110,Ad valorem taxes levied by district,1942825.44
2018-19,2199,Nestucca Valley SD 101J,300,Debt Service Funds,1190,Penalties and interest on taxes,702.28
2018-19,2199,Nestucca Valley SD 101J,200,Special Revenue Funds,1700,Extra-Curricular Activities,113727.25
2018-19,2199,Nestucca Valley SD 101J,200,Special Revenue Funds,1920,Contributions and Donations From Private Sources,10014
2018-19,2199,Nestucca Valley SD 101J,200,Special Revenue Funds,1960,Recovery of Prior Years' Expenditure,42079
2018-19,2199,Nestucca Valley SD 101J,200,Special Revenue Funds,1990,Miscellaneous,5152.68
2018-19,2199,Nestucca Valley SD 101J,200,Special Revenue Funds,3299,Other Restricted Grants-In-Aid,227304.01
2018-19,2199,Nestucca Valley SD 101J,200,Special Revenue Funds,4500,Restricted Revenue From Federal Government Through the State,951035.74
2018-19,2199,Nestucca Valley SD 101J,100,General Fund,3299,Other Restricted Grants-In-Aid,4740
2018-19,2199,Nestucca Valley SD 101J,100,General Fund,4500,Restricted Revenue From Federal Government Through the State,17781.38
2018-19,2199,Nestucca Valley SD 101J,100,General Fund,5100,Long Term Debt Financing Sources,6094.5
2018-19,2199,Nestucca Valley SD 101J,100,General Fund,5400,Resources - Beginning Fund Balance,358278.22
2018-19,2199,Nestucca Valley SD 101J,200,Special Revenue Funds,1130,Construction Excise Tax,96465.21
2018-19,2199,Nestucca Valley SD 101J,200,Special Revenue Funds,1600,Food Service,16653.17
2018-19,2199,Nestucca Valley SD 101J,100,General Fund,1960,Recovery of Prior Years' Expenditure,7229.82
2018-19,2199,Nestucca Valley SD 101J,100,General Fund,1990,Miscellaneous,4364.29
2018-19,2199,Nestucca Valley SD 101J,100,General Fund,2101,County School Funds,710381.22
2018-19,2199,Nestucca Valley SD 101J,100,General Fund,3103,Common School Fund,45243.58
2018-19,2199,Nestucca Valley SD 101J,100,General Fund,3104,State Managed County Timber,1394411.06
2018-19,2199,Nestucca Valley SD 101J,100,General Fund,3199,Other Unrestricted Grants-In-Aid,26687.08
2018-19,2200,InterMountain ESD,100,General Fund,1110,Ad valorem taxes levied by district,6544605.47
2018-19,2200,InterMountain ESD,100,General Fund,1500,Earnings on Investments,77964.06
2018-19,2200,InterMountain ESD,100,General Fund,1940,Services Provided Other Local Education Agencies,350785.26
2018-19,2200,InterMountain ESD,100,General Fund,1980,Fees Charged to Grants,742739.22
2018-19,2200,InterMountain ESD,100,General Fund,1990,Miscellaneous,184030.95
2018-19,2200,InterMountain ESD,100,General Fund,2199,Other Intermediate Sources,93741
2018-19,2200,InterMountain ESD,500,Enterprise Funds,5200,Interfund Transfers,300000
2018-19,2200,InterMountain ESD,500,Enterprise Funds,5400,Resources - Beginning Fund Balance,1142274.18
2018-19,2200,InterMountain ESD,400,Capital Projects Funds,5300,Sale of or Compensation for Loss of Fixed Assets,1400
2018-19,2200,InterMountain ESD,400,Capital Projects Funds,5400,Resources - Beginning Fund Balance,1134988.17
2018-19,2200,InterMountain ESD,500,Enterprise Funds,1910,Rentals,3900
2018-19,2200,InterMountain ESD,500,Enterprise Funds,1940,Services Provided Other Local Education Agencies,7416651.77
2018-19,2200,InterMountain ESD,500,Enterprise Funds,1970,Services Provided Other Funds,69445.84
2018-19,2200,InterMountain ESD,500,Enterprise Funds,1990,Miscellaneous,42631.12
2018-19,2200,InterMountain ESD,300,Debt Service Funds,1500,Earnings on Investments,11746.55
2018-19,2200,InterMountain ESD,300,Debt Service Funds,1970,Services Provided Other Funds,879600.67
2018-19,2200,InterMountain ESD,300,Debt Service Funds,5400,Resources - Beginning Fund Balance,8103.66
2018-19,2200,InterMountain ESD,400,Capital Projects Funds,1500,Earnings on Investments,4876.73
2018-19,2200,InterMountain ESD,400,Capital Projects Funds,1910,Rentals,111409.2
2018-19,2200,InterMountain ESD,400,Capital Projects Funds,1990,Miscellaneous,45684.82
2018-19,2200,InterMountain ESD,200,Special Revenue Funds,1990,Miscellaneous,895119.09
2018-19,2200,InterMountain ESD,200,Special Revenue Funds,3299,Other Restricted Grants-In-Aid,7828617.19
2018-19,2200,InterMountain ESD,200,Special Revenue Funds,4300,Restricted Revenue Direct From the Federal Government,2114916.82
2018-19,2200,InterMountain ESD,200,Special Revenue Funds,4500,Restricted Revenue From Federal Government Through the State,3056040.52
2018-19,2200,InterMountain ESD,200,Special Revenue Funds,5200,Interfund Transfers,6106.88
2018-19,2200,InterMountain ESD,200,Special Revenue Funds,5400,Resources - Beginning Fund Balance,1190942.95
2018-19,2200,InterMountain ESD,100,General Fund,3101,State School Fund --General Support,4831002.76
2018-19,2200,InterMountain ESD,100,General Fund,3299,Other Restricted Grants-In-Aid,9900
2018-19,2200,InterMountain ESD,100,General Fund,5200,Interfund Transfers,324399.47
2018-19,2200,InterMountain ESD,100,General Fund,5400,Resources - Beginning Fund Balance,3751275.67
2018-19,2200,InterMountain ESD,200,Special Revenue Funds,1920,Contributions and Donations From Private Sources,34958
2018-19,2200,InterMountain ESD,200,Special Revenue Funds,1940,Services Provided Other Local Education Agencies,884962.77
2018-19,2201,Helix SD 1,100,General Fund,1110,Ad valorem taxes levied by district,638308.2
2018-19,2201,Helix SD 1,100,General Fund,1500,Earnings on Investments,74081.15
2018-19,2201,Helix SD 1,100,General Fund,1990,Miscellaneous,13143.8
2018-19,2201,Helix SD 1,100,General Fund,2101,County School Funds,5278.34
2018-19,2201,Helix SD 1,100,General Fund,3101,State School Fund --General Support,2040391.4
2018-19,2201,Helix SD 1,100,General Fund,3103,Common School Fund,18622.9
2018-19,2201,Helix SD 1,400,Capital Projects Funds,1500,Earnings on Investments,2422.38
2018-19,2201,Helix SD 1,400,Capital Projects Funds,1990,Miscellaneous,6845.13
2018-19,2201,Helix SD 1,400,Capital Projects Funds,5200,Interfund Transfers,337469.52
2018-19,2201,Helix SD 1,400,Capital Projects Funds,5400,Resources - Beginning Fund Balance,407845.16
2018-19,2201,Helix SD 1,200,Special Revenue Funds,4500,Restricted Revenue From Federal Government Through the State,71191.91
2018-19,2201,Helix SD 1,200,Special Revenue Funds,4700,Grants-In-Aid From Federal Government Through Other Intermed,13851.29
2018-19,2201,Helix SD 1,200,Special Revenue Funds,5200,Interfund Transfers,253237
2018-19,2201,Helix SD 1,200,Special Revenue Funds,5400,Resources - Beginning Fund Balance,406598.76
2018-19,2201,Helix SD 1,300,Debt Service Funds,1110,Ad valorem taxes levied by district,463751.93
2018-19,2201,Helix SD 1,300,Debt Service Funds,5400,Resources - Beginning Fund Balance,34742.9
2018-19,2201,Helix SD 1,200,Special Revenue Funds,1910,Rentals,191.55
2018-19,2201,Helix SD 1,200,Special Revenue Funds,1920,Contributions and Donations From Private Sources,21227.42
2018-19,2201,Helix SD 1,200,Special Revenue Funds,1940,Services Provided Other Local Education Agencies,1116.32
2018-19,2201,Helix SD 1,200,Special Revenue Funds,1990,Miscellaneous,2010.59
2018-19,2201,Helix SD 1,200,Special Revenue Funds,2200,Restricted Revenue,32000
2018-19,2201,Helix SD 1,200,Special Revenue Funds,3299,Other Restricted Grants-In-Aid,33967.86
2018-19,2201,Helix SD 1,100,General Fund,3299,Other Restricted Grants-In-Aid,6341.35
2018-19,2201,Helix SD 1,100,General Fund,4801,Federal Forest Fees,306.55
2018-19,2201,Helix SD 1,100,General Fund,5400,Resources - Beginning Fund Balance,1433313.74
2018-19,2201,Helix SD 1,200,Special Revenue Funds,1500,Earnings on Investments,2340.7
2018-19,2201,Helix SD 1,200,Special Revenue Funds,1600,Food Service,36897.7
2018-19,2201,Helix SD 1,200,Special Revenue Funds,1700,Extra-Curricular Activities,32724.26
2018-19,2202,Pilot Rock SD 2,100,General Fund,1110,Ad valorem taxes levied by district,580390.88
2018-19,2202,Pilot Rock SD 2,100,General Fund,1500,Earnings on Investments,57279.59
2018-19,2202,Pilot Rock SD 2,100,General Fund,1920,Contributions and Donations From Private Sources,-3859.5
2018-19,2202,Pilot Rock SD 2,100,General Fund,1970,Services Provided Other Funds,195569.43
2018-19,2202,Pilot Rock SD 2,100,General Fund,1990,Miscellaneous,56898.91
2018-19,2202,Pilot Rock SD 2,100,General Fund,2101,County School Funds,10106.43
2018-19,2202,Pilot Rock SD 2,400,Capital Projects Funds,1990,Miscellaneous,9675.87
2018-19,2202,Pilot Rock SD 2,400,Capital Projects Funds,3299,Other Restricted Grants-In-Aid,49627.48
2018-19,2202,Pilot Rock SD 2,400,Capital Projects Funds,5400,Resources - Beginning Fund Balance,61784.14
2018-19,2202,Pilot Rock SD 2,200,Special Revenue Funds,5200,Interfund Transfers,75400
2018-19,2202,Pilot Rock SD 2,200,Special Revenue Funds,5400,Resources - Beginning Fund Balance,448883.21
2018-19,2202,Pilot Rock SD 2,300,Debt Service Funds,1110,Ad valorem taxes levied by district,245587.31
2018-19,2202,Pilot Rock SD 2,300,Debt Service Funds,1500,Earnings on Investments,3438.65
2018-19,2202,Pilot Rock SD 2,300,Debt Service Funds,5200,Interfund Transfers,6100
2018-19,2202,Pilot Rock SD 2,300,Debt Service Funds,5400,Resources - Beginning Fund Balance,32926.32
2018-19,2202,Pilot Rock SD 2,200,Special Revenue Funds,1920,Contributions and Donations From Private Sources,34754.04
2018-19,2202,Pilot Rock SD 2,200,Special Revenue Funds,3299,Other Restricted Grants-In-Aid,50440.72
2018-19,2202,Pilot Rock SD 2,200,Special Revenue Funds,4300,Restricted Revenue Direct From the Federal Government,17612
2018-19,2202,Pilot Rock SD 2,200,Special Revenue Funds,4500,Restricted Revenue From Federal Government Through the State,188135.43
2018-19,2202,Pilot Rock SD 2,200,Special Revenue Funds,4700,Grants-In-Aid From Federal Government Through Other Intermed,7334.19
2018-19,2202,Pilot Rock SD 2,200,Special Revenue Funds,4900,Revenue for/on Behalf of the District,14909.68
2018-19,2202,Pilot Rock SD 2,100,General Fund,5200,Interfund Transfers,6919.75
2018-19,2202,Pilot Rock SD 2,100,General Fund,5300,Sale of or Compensation for Loss of Fixed Assets,2000
2018-19,2202,Pilot Rock SD 2,100,General Fund,5400,Resources - Beginning Fund Balance,1285852.38
2018-19,2202,Pilot Rock SD 2,200,Special Revenue Funds,1500,Earnings on Investments,25.36
2018-19,2202,Pilot Rock SD 2,200,Special Revenue Funds,1600,Food Service,24291.7
2018-19,2202,Pilot Rock SD 2,200,Special Revenue Funds,1700,Extra-Curricular Activities,65627.55
2018-19,2202,Pilot Rock SD 2,100,General Fund,3101,State School Fund --General Support,3371610.93
2018-19,2202,Pilot Rock SD 2,100,General Fund,3103,Common School Fund,33086.12
2018-19,2202,Pilot Rock SD 2,100,General Fund,3199,Other Unrestricted Grants-In-Aid,21657.95
2018-19,2202,Pilot Rock SD 2,100,General Fund,3299,Other Restricted Grants-In-Aid,2000
2018-19,2202,Pilot Rock SD 2,100,General Fund,4801,Federal Forest Fees,586.95
2018-19,2202,Pilot Rock SD 2,100,General Fund,5100,Long Term Debt Financing Sources,131963
2018-19,2203,Echo SD 5,100,General Fund,1110,Ad valorem taxes levied by district,530248.54
2018-19,2203,Echo SD 5,100,General Fund,1312,Tuition from Other Districts within the State,8750
2018-19,2203,Echo SD 5,100,General Fund,1500,Earnings on Investments,50347.32
2018-19,2203,Echo SD 5,100,General Fund,1700,Extra-Curricular Activities,5594.3
2018-19,2203,Echo SD 5,100,General Fund,1960,Recovery of Prior Years' Expenditure,3275
2018-19,2203,Echo SD 5,100,General Fund,1990,Miscellaneous,23487.34
2018-19,2203,Echo SD 5,300,Debt Service Funds,1500,Earnings on Investments,11689.75
2018-19,2203,Echo SD 5,300,Debt Service Funds,5200,Interfund Transfers,169824.01
2018-19,2203,Echo SD 5,300,Debt Service Funds,5400,Resources - Beginning Fund Balance,506370.49
2018-19,2203,Echo SD 5,400,Capital Projects Funds,1500,Earnings on Investments,29253.68
2018-19,2203,Echo SD 5,400,Capital Projects Funds,1990,Miscellaneous,4460.54
2018-19,2203,Echo SD 5,400,Capital Projects Funds,5400,Resources - Beginning Fund Balance,1363547.47
2018-19,2203,Echo SD 5,200,Special Revenue Funds,4500,Restricted Revenue From Federal Government Through the State,200276.81
2018-19,2203,Echo SD 5,200,Special Revenue Funds,4700,Grants-In-Aid From Federal Government Through Other Intermed,30895.58
2018-19,2203,Echo SD 5,200,Special Revenue Funds,4900,Revenue for/on Behalf of the District,9753.04
2018-19,2203,Echo SD 5,200,Special Revenue Funds,5200,Interfund Transfers,17677.19
2018-19,2203,Echo SD 5,200,Special Revenue Funds,5400,Resources - Beginning Fund Balance,303756.01
2018-19,2203,Echo SD 5,300,Debt Service Funds,1110,Ad valorem taxes levied by district,360036.87
2018-19,2203,Echo SD 5,200,Special Revenue Funds,1990,Miscellaneous,8294.28
2018-19,2203,Echo SD 5,200,Special Revenue Funds,3102,State School Fund--School Lunch Match,1350
2018-19,2203,Echo SD 5,200,Special Revenue Funds,3199,Other Unrestricted Grants-In-Aid,15890.94
2018-19,2203,Echo SD 5,200,Special Revenue Funds,3222,State School Fund (SSF) Transportation Equipment,12644
2018-19,2203,Echo SD 5,200,Special Revenue Funds,3299,Other Restricted Grants-In-Aid,70920.6
2018-19,2203,Echo SD 5,200,Special Revenue Funds,4300,Restricted Revenue Direct From the Federal Government,25429
2018-19,2203,Echo SD 5,200,Special Revenue Funds,1500,Earnings on Investments,8.25
2018-19,2203,Echo SD 5,200,Special Revenue Funds,1600,Food Service,38483.5
2018-19,2203,Echo SD 5,200,Special Revenue Funds,1700,Extra-Curricular Activities,129484.9
2018-19,2203,Echo SD 5,200,Special Revenue Funds,1800,Community Services Activities,60040
2018-19,2203,Echo SD 5,200,Special Revenue Funds,1910,Rentals,8000
2018-19,2203,Echo SD 5,200,Special Revenue Funds,1920,Contributions and Donations From Private Sources,25307.2
2018-19,2203,Echo SD 5,100,General Fund,2101,County School Funds,8366.87
2018-19,2203,Echo SD 5,100,General Fund,3101,State School Fund --General Support,2896372.76
2018-19,2203,Echo SD 5,100,General Fund,3103,Common School Fund,28438.96
2018-19,2203,Echo SD 5,100,General Fund,3299,Other Restricted Grants-In-Aid,3958.75
2018-19,2203,Echo SD 5,100,General Fund,4801,Federal Forest Fees,485.92
2018-19,2203,Echo SD 5,100,General Fund,5400,Resources - Beginning Fund Balance,1607752.29
2018-19,2204,Umatilla SD 6R,100,General Fund,1110,Ad valorem taxes levied by district,2513349.2
2018-19,2204,Umatilla SD 6R,100,General Fund,1190,Penalties and interest on taxes,1148.2
2018-19,2204,Umatilla SD 6R,100,General Fund,1500,Earnings on Investments,128055.67
2018-19,2204,Umatilla SD 6R,100,General Fund,1920,Contributions and Donations From Private Sources,346
2018-19,2204,Umatilla SD 6R,100,General Fund,1960,Recovery of Prior Years' Expenditure,790
2018-19,2204,Umatilla SD 6R,100,General Fund,1990,Miscellaneous,126999.62
2018-19,2204,Umatilla SD 6R,400,Capital Projects Funds,1990,Miscellaneous,87712.99
2018-19,2204,Umatilla SD 6R,400,Capital Projects Funds,3299,Other Restricted Grants-In-Aid,4000000
2018-19,2204,Umatilla SD 6R,400,Capital Projects Funds,5400,Resources - Beginning Fund Balance,8478155.57
2018-19,2204,Umatilla SD 6R,300,Debt Service Funds,1190,Penalties and interest on taxes,393.07
2018-19,2204,Umatilla SD 6R,300,Debt Service Funds,1500,Earnings on Investments,15370.01
2018-19,2204,Umatilla SD 6R,300,Debt Service Funds,1970,Services Provided Other Funds,378790.26
2018-19,2204,Umatilla SD 6R,300,Debt Service Funds,5200,Interfund Transfers,41139.7
2018-19,2204,Umatilla SD 6R,300,Debt Service Funds,5400,Resources - Beginning Fund Balance,172079.61
2018-19,2204,Umatilla SD 6R,400,Capital Projects Funds,1500,Earnings on Investments,74442.18
2018-19,2204,Umatilla SD 6R,200,Special Revenue Funds,3299,Other Restricted Grants-In-Aid,590671.29
2018-19,2204,Umatilla SD 6R,200,Special Revenue Funds,4500,Restricted Revenue From Federal Government Through the State,1719087.1
2018-19,2204,Umatilla SD 6R,200,Special Revenue Funds,4700,Grants-In-Aid From Federal Government Through Other Intermed,326420.93
2018-19,2204,Umatilla SD 6R,200,Special Revenue Funds,4900,Revenue for/on Behalf of the District,62885.4
2018-19,2204,Umatilla SD 6R,200,Special Revenue Funds,5400,Resources - Beginning Fund Balance,798842.53
2018-19,2204,Umatilla SD 6R,300,Debt Service Funds,1110,Ad valorem taxes levied by district,869123.27
2018-19,2204,Umatilla SD 6R,200,Special Revenue Funds,1500,Earnings on Investments,591.54
2018-19,2204,Umatilla SD 6R,200,Special Revenue Funds,1600,Food Service,30230.7
2018-19,2204,Umatilla SD 6R,200,Special Revenue Funds,1700,Extra-Curricular Activities,233256.9
2018-19,2204,Umatilla SD 6R,200,Special Revenue Funds,1920,Contributions and Donations From Private Sources,200
2018-19,2204,Umatilla SD 6R,200,Special Revenue Funds,1990,Miscellaneous,36375.59
2018-19,2204,Umatilla SD 6R,200,Special Revenue Funds,3102,State School Fund--School Lunch Match,8423.61
2018-19,2204,Umatilla SD 6R,100,General Fund,2101,County School Funds,40275.93
2018-19,2204,Umatilla SD 6R,100,General Fund,3101,State School Fund --General Support,11534766.17
2018-19,2204,Umatilla SD 6R,100,General Fund,3103,Common School Fund,132872.06
2018-19,2204,Umatilla SD 6R,100,General Fund,4801,Federal Forest Fees,2339.11
2018-19,2204,Umatilla SD 6R,100,General Fund,5300,Sale of or Compensation for Loss of Fixed Assets,395
2018-19,2204,Umatilla SD 6R,100,General Fund,5400,Resources - Beginning Fund Balance,2880431
2018-19,2205,Milton-Freewater Unified SD 7,400,Capital Projects Funds,5200,Interfund Transfers,350000
2018-19,2205,Milton-Freewater Unified SD 7,400,Capital Projects Funds,5300,Sale of or Compensation for Loss of Fixed Assets,28620.81
2018-19,2205,Milton-Freewater Unified SD 7,400,Capital Projects Funds,5400,Resources - Beginning Fund Balance,4186073.64
2018-19,2205,Milton-Freewater Unified SD 7,300,Debt Service Funds,5400,Resources - Beginning Fund Balance,194201.65
2018-19,2205,Milton-Freewater Unified SD 7,400,Capital Projects Funds,1500,Earnings on Investments,68120.44
2018-19,2205,Milton-Freewater Unified SD 7,400,Capital Projects Funds,1920,Contributions and Donations From Private Sources,5000000
2018-19,2205,Milton-Freewater Unified SD 7,400,Capital Projects Funds,1990,Miscellaneous,19396
2018-19,2205,Milton-Freewater Unified SD 7,400,Capital Projects Funds,3222,State School Fund (SSF) Transportation Equipment,138901
2018-19,2205,Milton-Freewater Unified SD 7,400,Capital Projects Funds,3299,Other Restricted Grants-In-Aid,4025679
2018-19,2205,Milton-Freewater Unified SD 7,200,Special Revenue Funds,5200,Interfund Transfers,150000
2018-19,2205,Milton-Freewater Unified SD 7,200,Special Revenue Funds,5400,Resources - Beginning Fund Balance,958583.82
2018-19,2205,Milton-Freewater Unified SD 7,300,Debt Service Funds,1110,Ad valorem taxes levied by district,768809.81
2018-19,2205,Milton-Freewater Unified SD 7,300,Debt Service Funds,1500,Earnings on Investments,18444.11
2018-19,2205,Milton-Freewater Unified SD 7,300,Debt Service Funds,1970,Services Provided Other Funds,1310662.49
2018-19,2205,Milton-Freewater Unified SD 7,300,Debt Service Funds,5200,Interfund Transfers,174300
2018-19,2205,Milton-Freewater Unified SD 7,200,Special Revenue Funds,1920,Contributions and Donations From Private Sources,54460.83
2018-19,2205,Milton-Freewater Unified SD 7,200,Special Revenue Funds,1990,Miscellaneous,8050.74
2018-19,2205,Milton-Freewater Unified SD 7,200,Special Revenue Funds,3102,State School Fund--School Lunch Match,20000
2018-19,2205,Milton-Freewater Unified SD 7,200,Special Revenue Funds,3299,Other Restricted Grants-In-Aid,364554.37
2018-19,2205,Milton-Freewater Unified SD 7,200,Special Revenue Funds,4500,Restricted Revenue From Federal Government Through the State,2087772.33
2018-19,2205,Milton-Freewater Unified SD 7,200,Special Revenue Funds,4900,Revenue for/on Behalf of the District,76220.14
2018-19,2205,Milton-Freewater Unified SD 7,100,General Fund,4801,Federal Forest Fees,2989.13
2018-19,2205,Milton-Freewater Unified SD 7,100,General Fund,5200,Interfund Transfers,5550
2018-19,2205,Milton-Freewater Unified SD 7,100,General Fund,5400,Resources - Beginning Fund Balance,2801251.75
2018-19,2205,Milton-Freewater Unified SD 7,200,Special Revenue Funds,1500,Earnings on Investments,934.29
2018-19,2205,Milton-Freewater Unified SD 7,200,Special Revenue Funds,1600,Food Service,5652.5
2018-19,2205,Milton-Freewater Unified SD 7,200,Special Revenue Funds,1700,Extra-Curricular Activities,251734.6
2018-19,2205,Milton-Freewater Unified SD 7,100,General Fund,2101,County School Funds,51468.17
2018-19,2205,Milton-Freewater Unified SD 7,100,General Fund,3101,State School Fund --General Support,14741048.13
2018-19,2205,Milton-Freewater Unified SD 7,100,General Fund,3103,Common School Fund,173361.02
2018-19,2205,Milton-Freewater Unified SD 7,100,General Fund,3299,Other Restricted Grants-In-Aid,41740.71
2018-19,2205,Milton-Freewater Unified SD 7,100,General Fund,4500,Restricted Revenue From Federal Government Through the State,225
2018-19,2205,Milton-Freewater Unified SD 7,100,General Fund,4700,Grants-In-Aid From Federal Government Through Other Intermed,52242.49
2018-19,2205,Milton-Freewater Unified SD 7,100,General Fund,1700,Extra-Curricular Activities,12827
2018-19,2205,Milton-Freewater Unified SD 7,100,General Fund,1910,Rentals,8350
2018-19,2205,Milton-Freewater Unified SD 7,100,General Fund,1920,Contributions and Donations From Private Sources,28885.87
2018-19,2205,Milton-Freewater Unified SD 7,100,General Fund,1960,Recovery of Prior Years' Expenditure,30627.07
2018-19,2205,Milton-Freewater Unified SD 7,100,General Fund,1980,Fees Charged to Grants,61577.8
2018-19,2205,Milton-Freewater Unified SD 7,100,General Fund,1990,Miscellaneous,205743.82
2018-19,2205,Milton-Freewater Unified SD 7,100,General Fund,1110,Ad valorem taxes levied by district,3096062.84
2018-19,2205,Milton-Freewater Unified SD 7,100,General Fund,1120,Local option ad valorem taxes levied by district,1725.76
2018-19,2205,Milton-Freewater Unified SD 7,100,General Fund,1500,Earnings on Investments,158738.96
2018-19,2206,Hermiston SD 8,100,General Fund,1110,Ad valorem taxes levied by district,9121906.42
2018-19,2206,Hermiston SD 8,100,General Fund,1190,Penalties and interest on taxes,5526.22
2018-19,2206,Hermiston SD 8,100,General Fund,1500,Earnings on Investments,726374.7
2018-19,2206,Hermiston SD 8,100,General Fund,1700,Extra-Curricular Activities,96292.24
2018-19,2206,Hermiston SD 8,100,General Fund,1910,Rentals,15415
2018-19,2206,Hermiston SD 8,100,General Fund,1960,Recovery of Prior Years' Expenditure,5966.74
2018-19,2206,Hermiston SD 8,300,Debt Service Funds,5400,Resources - Beginning Fund Balance,597240.63
2018-19,2206,Hermiston SD 8,200,Special Revenue Funds,5400,Resources - Beginning Fund Balance,11828667.49
2018-19,2206,Hermiston SD 8,300,Debt Service Funds,1110,Ad valorem taxes levied by district,8488651.83
2018-19,2206,Hermiston SD 8,300,Debt Service Funds,1190,Penalties and interest on taxes,3837.76
2018-19,2206,Hermiston SD 8,300,Debt Service Funds,1500,Earnings on Investments,145385.82
2018-19,2206,Hermiston SD 8,300,Debt Service Funds,1970,Services Provided Other Funds,2005740.77
2018-19,2206,Hermiston SD 8,300,Debt Service Funds,1990,Miscellaneous,0.01
2018-19,2206,Hermiston SD 8,200,Special Revenue Funds,3102,State School Fund--School Lunch Match,26106.77
2018-19,2206,Hermiston SD 8,200,Special Revenue Funds,3299,Other Restricted Grants-In-Aid,1102824.48
2018-19,2206,Hermiston SD 8,200,Special Revenue Funds,4500,Restricted Revenue From Federal Government Through the State,4477657.69
2018-19,2206,Hermiston SD 8,200,Special Revenue Funds,4900,Revenue for/on Behalf of the District,196173.81
2018-19,2206,Hermiston SD 8,200,Special Revenue Funds,5200,Interfund Transfers,500000
2018-19,2206,Hermiston SD 8,200,Special Revenue Funds,5300,Sale of or Compensation for Loss of Fixed Assets,399900
2018-19,2206,Hermiston SD 8,200,Special Revenue Funds,1700,Extra-Curricular Activities,518372.01
2018-19,2206,Hermiston SD 8,200,Special Revenue Funds,1920,Contributions and Donations From Private Sources,160374.93
2018-19,2206,Hermiston SD 8,200,Special Revenue Funds,1960,Recovery of Prior Years' Expenditure,6387.78
2018-19,2206,Hermiston SD 8,200,Special Revenue Funds,1970,Services Provided Other Funds,99056.82
2018-19,2206,Hermiston SD 8,200,Special Revenue Funds,1990,Miscellaneous,220809.81
2018-19,2206,Hermiston SD 8,200,Special Revenue Funds,3101,State School Fund --General Support,1323005.6
2018-19,2206,Hermiston SD 8,100,General Fund,3204,Driver Education,10227.42
2018-19,2206,Hermiston SD 8,100,General Fund,3299,Other Restricted Grants-In-Aid,89032.74
2018-19,2206,Hermiston SD 8,100,General Fund,4500,Restricted Revenue From Federal Government Through the State,435
2018-19,2206,Hermiston SD 8,100,General Fund,4801,Federal Forest Fees,9681.52
2018-19,2206,Hermiston SD 8,100,General Fund,5400,Resources - Beginning Fund Balance,7943179.41
2018-19,2206,Hermiston SD 8,200,Special Revenue Funds,1600,Food Service,436651.68
2018-19,2206,Hermiston SD 8,100,General Fund,1980,Fees Charged to Grants,25711.35
2018-19,2206,Hermiston SD 8,100,General Fund,1990,Miscellaneous,56069.99
2018-19,2206,Hermiston SD 8,100,General Fund,2101,County School Funds,166700.75
2018-19,2206,Hermiston SD 8,100,General Fund,2102,General Education Service District Funds,2377346.64
2018-19,2206,Hermiston SD 8,100,General Fund,3101,State School Fund --General Support,45633316.93
2018-19,2206,Hermiston SD 8,100,General Fund,3103,Common School Fund,572303.62
2018-19,2207,Pendleton SD 16,100,General Fund,1110,Ad valorem taxes levied by district,6024774.21
2018-19,2207,Pendleton SD 16,100,General Fund,1120,Local option ad valorem taxes levied by district,340547.93
2018-19,2207,Pendleton SD 16,100,General Fund,1190,Penalties and interest on taxes,3579.83
2018-19,2207,Pendleton SD 16,100,General Fund,1500,Earnings on Investments,167503.39
2018-19,2207,Pendleton SD 16,100,General Fund,1700,Extra-Curricular Activities,94090.54
2018-19,2207,Pendleton SD 16,100,General Fund,1910,Rentals,91565
2018-19,2207,Pendleton SD 16,300,Debt Service Funds,5400,Resources - Beginning Fund Balance,817366.47
2018-19,2207,Pendleton SD 16,400,Capital Projects Funds,1500,Earnings on Investments,228.1
2018-19,2207,Pendleton SD 16,400,Capital Projects Funds,1990,Miscellaneous,24288
2018-19,2207,Pendleton SD 16,400,Capital Projects Funds,5400,Resources - Beginning Fund Balance,527084.43
2018-19,2207,Pendleton SD 16,200,Special Revenue Funds,4900,Revenue for/on Behalf of the District,91717.54
2018-19,2207,Pendleton SD 16,200,Special Revenue Funds,5400,Resources - Beginning Fund Balance,585628.88
2018-19,2207,Pendleton SD 16,300,Debt Service Funds,1110,Ad valorem taxes levied by district,3144917.72
2018-19,2207,Pendleton SD 16,300,Debt Service Funds,1190,Penalties and interest on taxes,1384.76
2018-19,2207,Pendleton SD 16,300,Debt Service Funds,1500,Earnings on Investments,82236.05
2018-19,2207,Pendleton SD 16,300,Debt Service Funds,1970,Services Provided Other Funds,2512775.9
2018-19,2207,Pendleton SD 16,200,Special Revenue Funds,1920,Contributions and Donations From Private Sources,183568.33
2018-19,2207,Pendleton SD 16,200,Special Revenue Funds,1990,Miscellaneous,77573.65
2018-19,2207,Pendleton SD 16,200,Special Revenue Funds,3102,State School Fund--School Lunch Match,12157.28
2018-19,2207,Pendleton SD 16,200,Special Revenue Funds,3299,Other Restricted Grants-In-Aid,1304230.65
2018-19,2207,Pendleton SD 16,200,Special Revenue Funds,4500,Restricted Revenue From Federal Government Through the State,1808425.71
2018-19,2207,Pendleton SD 16,200,Special Revenue Funds,4700,Grants-In-Aid From Federal Government Through Other Intermed,375932.63
2018-19,2207,Pendleton SD 16,100,General Fund,4801,Federal Forest Fees,5329
2018-19,2207,Pendleton SD 16,100,General Fund,4802,Impact Aid to School Districts for Operation,358422.65
2018-19,2207,Pendleton SD 16,100,General Fund,5400,Resources - Beginning Fund Balance,5038162.61
2018-19,2207,Pendleton SD 16,200,Special Revenue Funds,1500,Earnings on Investments,6458.18
2018-19,2207,Pendleton SD 16,200,Special Revenue Funds,1600,Food Service,205996.26
2018-19,2207,Pendleton SD 16,200,Special Revenue Funds,1700,Extra-Curricular Activities,706951.3
2018-19,2207,Pendleton SD 16,100,General Fund,3103,Common School Fund,304484.03
2018-19,2207,Pendleton SD 16,100,General Fund,3199,Other Unrestricted Grants-In-Aid,167352
2018-19,2207,Pendleton SD 16,100,General Fund,3222,State School Fund (SSF) Transportation Equipment,1190004
2018-19,2207,Pendleton SD 16,100,General Fund,3299,Other Restricted Grants-In-Aid,35338.77
2018-19,2207,Pendleton SD 16,100,General Fund,4500,Restricted Revenue From Federal Government Through the State,896.71
2018-19,2207,Pendleton SD 16,100,General Fund,4700,Grants-In-Aid From Federal Government Through Other Intermed,1306.5
2018-19,2207,Pendleton SD 16,100,General Fund,1920,Contributions and Donations From Private Sources,6469
2018-19,2207,Pendleton SD 16,100,General Fund,1960,Recovery of Prior Years' Expenditure,1984.6
2018-19,2207,Pendleton SD 16,100,General Fund,1990,Miscellaneous,155006.61
2018-19,2207,Pendleton SD 16,100,General Fund,2101,County School Funds,91757.23
2018-19,2207,Pendleton SD 16,100,General Fund,2200,Restricted Revenue,83796.84
2018-19,2207,Pendleton SD 16,100,General Fund,3101,State School Fund --General Support,22453990.42
2018-19,2208,Athena-Weston SD 29RJ,100,General Fund,1110,Ad valorem taxes levied by district,1332113.33
2018-19,2208,Athena-Weston SD 29RJ,100,General Fund,1500,Earnings on Investments,93235.52
2018-19,2208,Athena-Weston SD 29RJ,100,General Fund,1600,Food Service,53703.51
2018-19,2208,Athena-Weston SD 29RJ,100,General Fund,1930,Rental or Lease Payments from Private Contractors,2661.89
2018-19,2208,Athena-Weston SD 29RJ,100,General Fund,1990,Miscellaneous,51162.04
2018-19,2208,Athena-Weston SD 29RJ,100,General Fund,2101,County School Funds,17388.99
2018-19,2208,Athena-Weston SD 29RJ,200,Special Revenue Funds,5400,Resources - Beginning Fund Balance,490840
2018-19,2208,Athena-Weston SD 29RJ,400,Capital Projects Funds,5400,Resources - Beginning Fund Balance,3336861.38
2018-19,2208,Athena-Weston SD 29RJ,200,Special Revenue Funds,5200,Interfund Transfers,420000
2018-19,2208,Athena-Weston SD 29RJ,300,Debt Service Funds,1110,Ad valorem taxes levied by district,441642.53
2018-19,2208,Athena-Weston SD 29RJ,300,Debt Service Funds,1500,Earnings on Investments,200.46
2018-19,2208,Athena-Weston SD 29RJ,300,Debt Service Funds,5400,Resources - Beginning Fund Balance,32335.4
2018-19,2208,Athena-Weston SD 29RJ,400,Capital Projects Funds,1500,Earnings on Investments,43448.19
2018-19,2208,Athena-Weston SD 29RJ,400,Capital Projects Funds,3299,Other Restricted Grants-In-Aid,18097
2018-19,2208,Athena-Weston SD 29RJ,200,Special Revenue Funds,1920,Contributions and Donations From Private Sources,8952
2018-19,2208,Athena-Weston SD 29RJ,200,Special Revenue Funds,1990,Miscellaneous,14923.56
2018-19,2208,Athena-Weston SD 29RJ,200,Special Revenue Funds,2200,Restricted Revenue,50515.52
2018-19,2208,Athena-Weston SD 29RJ,200,Special Revenue Funds,3299,Other Restricted Grants-In-Aid,394430.06
2018-19,2208,Athena-Weston SD 29RJ,200,Special Revenue Funds,4500,Restricted Revenue From Federal Government Through the State,359692
2018-19,2208,Athena-Weston SD 29RJ,200,Special Revenue Funds,4700,Grants-In-Aid From Federal Government Through Other Intermed,78640.05
2018-19,2208,Athena-Weston SD 29RJ,100,General Fund,4802,Impact Aid to School Districts for Operation,80011.53
2018-19,2208,Athena-Weston SD 29RJ,100,General Fund,5200,Interfund Transfers,12000
2018-19,2208,Athena-Weston SD 29RJ,100,General Fund,5400,Resources - Beginning Fund Balance,2443529.59
2018-19,2208,Athena-Weston SD 29RJ,200,Special Revenue Funds,1500,Earnings on Investments,66.33
2018-19,2208,Athena-Weston SD 29RJ,200,Special Revenue Funds,1700,Extra-Curricular Activities,128282.84
2018-19,2208,Athena-Weston SD 29RJ,200,Special Revenue Funds,1910,Rentals,22800
2018-19,2208,Athena-Weston SD 29RJ,100,General Fund,3101,State School Fund --General Support,4939237.79
2018-19,2208,Athena-Weston SD 29RJ,100,General Fund,3102,State School Fund--School Lunch Match,2494.1
2018-19,2208,Athena-Weston SD 29RJ,100,General Fund,3103,Common School Fund,56835.86
2018-19,2208,Athena-Weston SD 29RJ,100,General Fund,3299,Other Restricted Grants-In-Aid,3491.14
2018-19,2208,Athena-Weston SD 29RJ,100,General Fund,4500,Restricted Revenue From Federal Government Through the State,200058.72
2018-19,2208,Athena-Weston SD 29RJ,100,General Fund,4801,Federal Forest Fees,1009.9
2018-19,2209,Stanfield SD 61,100,General Fund,1110,Ad valorem taxes levied by district,1184982.95
2018-19,2209,Stanfield SD 61,100,General Fund,1500,Earnings on Investments,40407.71
2018-19,2209,Stanfield SD 61,100,General Fund,1920,Contributions and Donations From Private Sources,5000
2018-19,2209,Stanfield SD 61,100,General Fund,1990,Miscellaneous,34636.88
2018-19,2209,Stanfield SD 61,100,General Fund,2101,County School Funds,14877.82
2018-19,2209,Stanfield SD 61,100,General Fund,3101,State School Fund --General Support,3764299.47
2018-19,2209,Stanfield SD 61,300,Debt Service Funds,1110,Ad valorem taxes levied by district,668828.8
2018-19,2209,Stanfield SD 61,300,Debt Service Funds,1500,Earnings on Investments,19452.96
2018-19,2209,Stanfield SD 61,300,Debt Service Funds,1970,Services Provided Other Funds,356529.56
2018-19,2209,Stanfield SD 61,300,Debt Service Funds,5400,Resources - Beginning Fund Balance,-135238.03
2018-19,2209,Stanfield SD 61,400,Capital Projects Funds,1990,Miscellaneous,14311.72
2018-19,2209,Stanfield SD 61,400,Capital Projects Funds,5400,Resources - Beginning Fund Balance,148687.93
2018-19,2209,Stanfield SD 61,200,Special Revenue Funds,3299,Other Restricted Grants-In-Aid,38594.4
2018-19,2209,Stanfield SD 61,200,Special Revenue Funds,4500,Restricted Revenue From Federal Government Through the State,252024.41
2018-19,2209,Stanfield SD 61,200,Special Revenue Funds,4700,Grants-In-Aid From Federal Government Through Other Intermed,70488.94
2018-19,2209,Stanfield SD 61,200,Special Revenue Funds,4900,Revenue for/on Behalf of the District,16321.31
2018-19,2209,Stanfield SD 61,200,Special Revenue Funds,5200,Interfund Transfers,39800
2018-19,2209,Stanfield SD 61,200,Special Revenue Funds,5400,Resources - Beginning Fund Balance,219724.07
2018-19,2209,Stanfield SD 61,200,Special Revenue Funds,1500,Earnings on Investments,154.95
2018-19,2209,Stanfield SD 61,200,Special Revenue Funds,1600,Food Service,31498.06
2018-19,2209,Stanfield SD 61,200,Special Revenue Funds,1700,Extra-Curricular Activities,123245.74
2018-19,2209,Stanfield SD 61,200,Special Revenue Funds,1920,Contributions and Donations From Private Sources,69702.82
2018-19,2209,Stanfield SD 61,200,Special Revenue Funds,1990,Miscellaneous,-284
2018-19,2209,Stanfield SD 61,200,Special Revenue Funds,3102,State School Fund--School Lunch Match,1965.2
2018-19,2209,Stanfield SD 61,100,General Fund,3103,Common School Fund,47167.69
2018-19,2209,Stanfield SD 61,100,General Fund,3199,Other Unrestricted Grants-In-Aid,28204.22
2018-19,2209,Stanfield SD 61,100,General Fund,3299,Other Restricted Grants-In-Aid,10401
2018-19,2209,Stanfield SD 61,100,General Fund,4500,Restricted Revenue From Federal Government Through the State,2906
2018-19,2209,Stanfield SD 61,100,General Fund,4801,Federal Forest Fees,864.06
2018-19,2209,Stanfield SD 61,100,General Fund,5400,Resources - Beginning Fund Balance,1501105.25
2018-19,2210,Ukiah SD 80R,100,General Fund,1110,Ad valorem taxes levied by district,88700.99
2018-19,2210,Ukiah SD 80R,100,General Fund,1311,Tuition from Individuals,1239
2018-19,2210,Ukiah SD 80R,100,General Fund,1500,Earnings on Investments,12724.61
2018-19,2210,Ukiah SD 80R,100,General Fund,1920,Contributions and Donations From Private Sources,235
2018-19,2210,Ukiah SD 80R,100,General Fund,1940,Services Provided Other Local Education Agencies,1700
2018-19,2210,Ukiah SD 80R,100,General Fund,1990,Miscellaneous,3649.91
2018-19,2210,Ukiah SD 80R,200,Special Revenue Funds,3299,Other Restricted Grants-In-Aid,19650.94
2018-19,2210,Ukiah SD 80R,200,Special Revenue Funds,4100,Unrestricted Revenue Direct From the Federal Government,14217.28
2018-19,2210,Ukiah SD 80R,200,Special Revenue Funds,4500,Restricted Revenue From Federal Government Through the State,1986.03
2018-19,2210,Ukiah SD 80R,200,Special Revenue Funds,5200,Interfund Transfers,25000
2018-19,2210,Ukiah SD 80R,200,Special Revenue Funds,5400,Resources - Beginning Fund Balance,134306
2018-19,2210,Ukiah SD 80R,200,Special Revenue Funds,1200,Revenue From Local Governmental Units Other Than Districts,25249.7
2018-19,2210,Ukiah SD 80R,200,Special Revenue Funds,1500,Earnings on Investments,272.87
2018-19,2210,Ukiah SD 80R,200,Special Revenue Funds,1600,Food Service,419.49
2018-19,2210,Ukiah SD 80R,200,Special Revenue Funds,1700,Extra-Curricular Activities,8037.58
2018-19,2210,Ukiah SD 80R,200,Special Revenue Funds,1920,Contributions and Donations From Private Sources,9190
2018-19,2210,Ukiah SD 80R,200,Special Revenue Funds,1990,Miscellaneous,2039.65
2018-19,2210,Ukiah SD 80R,100,General Fund,2101,County School Funds,696.72
2018-19,2210,Ukiah SD 80R,100,General Fund,3101,State School Fund --General Support,837691.37
2018-19,2210,Ukiah SD 80R,100,General Fund,3103,Common School Fund,2759.24
2018-19,2210,Ukiah SD 80R,100,General Fund,4801,Federal Forest Fees,40.46
2018-19,2210,Ukiah SD 80R,100,General Fund,5300,Sale of or Compensation for Loss of Fixed Assets,1547
2018-19,2210,Ukiah SD 80R,100,General Fund,5400,Resources - Beginning Fund Balance,330746.55
2018-19,2212,La Grande SD 1,700,Trust and Agency Funds,5400,Resources - Beginning Fund Balance,338.4
2018-19,2212,La Grande SD 1,400,Capital Projects Funds,1990,Miscellaneous,56034
2018-19,2212,La Grande SD 1,400,Capital Projects Funds,3299,Other Restricted Grants-In-Aid,1073092.89
2018-19,2212,La Grande SD 1,400,Capital Projects Funds,5100,Long Term Debt Financing Sources,3276799.95
2018-19,2212,La Grande SD 1,400,Capital Projects Funds,5200,Interfund Transfers,700000
2018-19,2212,La Grande SD 1,400,Capital Projects Funds,5400,Resources - Beginning Fund Balance,3737022.75
2018-19,2212,La Grande SD 1,700,Trust and Agency Funds,1920,Contributions and Donations From Private Sources,8365
2018-19,2212,La Grande SD 1,300,Debt Service Funds,1990,Miscellaneous,4529.38
2018-19,2212,La Grande SD 1,300,Debt Service Funds,3199,Other Unrestricted Grants-In-Aid,1205.08
2018-19,2212,La Grande SD 1,300,Debt Service Funds,5200,Interfund Transfers,70588.24
2018-19,2212,La Grande SD 1,300,Debt Service Funds,5400,Resources - Beginning Fund Balance,1552556.49
2018-19,2212,La Grande SD 1,400,Capital Projects Funds,1500,Earnings on Investments,53012.96
2018-19,2212,La Grande SD 1,400,Capital Projects Funds,1920,Contributions and Donations From Private Sources,7119.71
2018-19,2212,La Grande SD 1,200,Special Revenue Funds,5200,Interfund Transfers,450681.05
2018-19,2212,La Grande SD 1,200,Special Revenue Funds,5400,Resources - Beginning Fund Balance,756028.78
2018-19,2212,La Grande SD 1,300,Debt Service Funds,1110,Ad valorem taxes levied by district,2310248.41
2018-19,2212,La Grande SD 1,300,Debt Service Funds,1190,Penalties and interest on taxes,784.68
2018-19,2212,La Grande SD 1,300,Debt Service Funds,1500,Earnings on Investments,45056.67
2018-19,2212,La Grande SD 1,300,Debt Service Funds,1970,Services Provided Other Funds,1109219.55
2018-19,2212,La Grande SD 1,200,Special Revenue Funds,1960,Recovery of Prior Years' Expenditure,606.91
2018-19,2212,La Grande SD 1,200,Special Revenue Funds,1990,Miscellaneous,865434.62
2018-19,2212,La Grande SD 1,200,Special Revenue Funds,3102,State School Fund--School Lunch Match,9504.96
2018-19,2212,La Grande SD 1,200,Special Revenue Funds,3299,Other Restricted Grants-In-Aid,998071.3
2018-19,2212,La Grande SD 1,200,Special Revenue Funds,4500,Restricted Revenue From Federal Government Through the State,1835575.71
2018-19,2212,La Grande SD 1,200,Special Revenue Funds,4900,Revenue for/on Behalf of the District,36475.05
2018-19,2212,La Grande SD 1,100,General Fund,5200,Interfund Transfers,1015702.91
2018-19,2212,La Grande SD 1,100,General Fund,5400,Resources - Beginning Fund Balance,2114422.23
2018-19,2212,La Grande SD 1,200,Special Revenue Funds,1600,Food Service,173025.04
2018-19,2212,La Grande SD 1,200,Special Revenue Funds,1700,Extra-Curricular Activities,93759.59
2018-19,2212,La Grande SD 1,200,Special Revenue Funds,1910,Rentals,8041.38
2018-19,2212,La Grande SD 1,200,Special Revenue Funds,1920,Contributions and Donations From Private Sources,59139.01
2018-19,2212,La Grande SD 1,100,General Fund,2101,County School Funds,83331.11
2018-19,2212,La Grande SD 1,100,General Fund,3101,State School Fund --General Support,16118972.75
2018-19,2212,La Grande SD 1,100,General Fund,3103,Common School Fund,254657.62
2018-19,2212,La Grande SD 1,100,General Fund,3199,Other Unrestricted Grants-In-Aid,2875.58
2018-19,2212,La Grande SD 1,100,General Fund,3299,Other Restricted Grants-In-Aid,134324.58
2018-19,2212,La Grande SD 1,100,General Fund,4801,Federal Forest Fees,104998.55
2018-19,2212,La Grande SD 1,100,General Fund,1920,Contributions and Donations From Private Sources,3000
2018-19,2212,La Grande SD 1,100,General Fund,1940,Services Provided Other Local Education Agencies,27232.45
2018-19,2212,La Grande SD 1,100,General Fund,1950,Textbook Sales and Rentals,648.48
2018-19,2212,La Grande SD 1,100,General Fund,1960,Recovery of Prior Years' Expenditure,118.5
2018-19,2212,La Grande SD 1,100,General Fund,1980,Fees Charged to Grants,13703.04
2018-19,2212,La Grande SD 1,100,General Fund,1990,Miscellaneous,79471.97
2018-19,2212,La Grande SD 1,100,General Fund,1110,Ad valorem taxes levied by district,5522203.28
2018-19,2212,La Grande SD 1,100,General Fund,1190,Penalties and interest on taxes,3175.98
2018-19,2212,La Grande SD 1,100,General Fund,1500,Earnings on Investments,166256.07
2018-19,2212,La Grande SD 1,100,General Fund,1600,Food Service,1897.75
2018-19,2212,La Grande SD 1,100,General Fund,1910,Rentals,9400
2018-19,2213,Union SD 5,300,Debt Service Funds,5400,Resources - Beginning Fund Balance,-0.16
2018-19,2213,Union SD 5,200,Special Revenue Funds,4200,Unrestricted Revenue From Federal Government Through State,16089
2018-19,2213,Union SD 5,200,Special Revenue Funds,4500,Restricted Revenue From Federal Government Through the State,74489.83
2018-19,2213,Union SD 5,200,Special Revenue Funds,4900,Revenue for/on Behalf of the District,7658.63
2018-19,2213,Union SD 5,200,Special Revenue Funds,5200,Interfund Transfers,135324.43
2018-19,2213,Union SD 5,200,Special Revenue Funds,5400,Resources - Beginning Fund Balance,196336.1
2018-19,2213,Union SD 5,300,Debt Service Funds,1970,Services Provided Other Funds,163868
2018-19,2213,Union SD 5,200,Special Revenue Funds,1600,Food Service,20089.3
2018-19,2213,Union SD 5,200,Special Revenue Funds,1700,Extra-Curricular Activities,4114
2018-19,2213,Union SD 5,200,Special Revenue Funds,1920,Contributions and Donations From Private Sources,18863.91
2018-19,2213,Union SD 5,200,Special Revenue Funds,1990,Miscellaneous,4000
2018-19,2213,Union SD 5,200,Special Revenue Funds,3299,Other Restricted Grants-In-Aid,97513.99
2018-19,2213,Union SD 5,200,Special Revenue Funds,4100,Unrestricted Revenue Direct From the Federal Government,70030.22
2018-19,2213,Union SD 5,100,General Fund,3101,State School Fund --General Support,2876928.12
2018-19,2213,Union SD 5,100,General Fund,3103,Common School Fund,35624.53
2018-19,2213,Union SD 5,100,General Fund,3299,Other Restricted Grants-In-Aid,38169.42
2018-19,2213,Union SD 5,100,General Fund,4300,Restricted Revenue Direct From the Federal Government,51220
2018-19,2213,Union SD 5,100,General Fund,4801,Federal Forest Fees,15023.17
2018-19,2213,Union SD 5,100,General Fund,5400,Resources - Beginning Fund Balance,1062074.08
2018-19,2213,Union SD 5,100,General Fund,1110,Ad valorem taxes levied by district,937165.17
2018-19,2213,Union SD 5,100,General Fund,1500,Earnings on Investments,41402.43
2018-19,2213,Union SD 5,100,General Fund,1700,Extra-Curricular Activities,16679
2018-19,2213,Union SD 5,100,General Fund,1940,Services Provided Other Local Education Agencies,52074.95
2018-19,2213,Union SD 5,100,General Fund,1990,Miscellaneous,58382.37
2018-19,2213,Union SD 5,100,General Fund,2101,County School Funds,11926.98
2018-19,2214,North Powder SD 8J,100,General Fund,1110,Ad valorem taxes levied by district,426967.08
2018-19,2214,North Powder SD 8J,100,General Fund,1500,Earnings on Investments,23506.58
2018-19,2214,North Powder SD 8J,100,General Fund,1920,Contributions and Donations From Private Sources,9599
2018-19,2214,North Powder SD 8J,100,General Fund,1990,Miscellaneous,36806.53
2018-19,2214,North Powder SD 8J,100,General Fund,2101,County School Funds,6633.45
2018-19,2214,North Powder SD 8J,100,General Fund,3101,State School Fund --General Support,3304093.21
2018-19,2214,North Powder SD 8J,400,Capital Projects Funds,5200,Interfund Transfers,100000
2018-19,2214,North Powder SD 8J,400,Capital Projects Funds,5400,Resources - Beginning Fund Balance,2111264.31
2018-19,2214,North Powder SD 8J,300,Debt Service Funds,5400,Resources - Beginning Fund Balance,247.23
2018-19,2214,North Powder SD 8J,400,Capital Projects Funds,1500,Earnings on Investments,36784.2
2018-19,2214,North Powder SD 8J,400,Capital Projects Funds,1920,Contributions and Donations From Private Sources,11800
2018-19,2214,North Powder SD 8J,400,Capital Projects Funds,1990,Miscellaneous,18210.21
2018-19,2214,North Powder SD 8J,400,Capital Projects Funds,3299,Other Restricted Grants-In-Aid,3000000
2018-19,2214,North Powder SD 8J,400,Capital Projects Funds,5100,Long Term Debt Financing Sources,74502
2018-19,2214,North Powder SD 8J,200,Special Revenue Funds,4900,Revenue for/on Behalf of the District,47206.58
2018-19,2214,North Powder SD 8J,200,Special Revenue Funds,5200,Interfund Transfers,80000
2018-19,2214,North Powder SD 8J,200,Special Revenue Funds,5400,Resources - Beginning Fund Balance,208250.8
2018-19,2214,North Powder SD 8J,300,Debt Service Funds,1110,Ad valorem taxes levied by district,180946.03
2018-19,2214,North Powder SD 8J,300,Debt Service Funds,1500,Earnings on Investments,48.57
2018-19,2214,North Powder SD 8J,300,Debt Service Funds,1990,Miscellaneous,17.09
2018-19,2214,North Powder SD 8J,200,Special Revenue Funds,1700,Extra-Curricular Activities,188330.47
2018-19,2214,North Powder SD 8J,200,Special Revenue Funds,1920,Contributions and Donations From Private Sources,41305
2018-19,2214,North Powder SD 8J,200,Special Revenue Funds,1990,Miscellaneous,2669.18
2018-19,2214,North Powder SD 8J,200,Special Revenue Funds,3299,Other Restricted Grants-In-Aid,118100.97
2018-19,2214,North Powder SD 8J,200,Special Revenue Funds,4100,Unrestricted Revenue Direct From the Federal Government,26686
2018-19,2214,North Powder SD 8J,200,Special Revenue Funds,4500,Restricted Revenue From Federal Government Through the State,207555.16
2018-19,2214,North Powder SD 8J,100,General Fund,3103,Common School Fund,29682.54
2018-19,2214,North Powder SD 8J,100,General Fund,3299,Other Restricted Grants-In-Aid,5465.28
2018-19,2214,North Powder SD 8J,100,General Fund,4801,Federal Forest Fees,19444.25
2018-19,2214,North Powder SD 8J,100,General Fund,5200,Interfund Transfers,2537.07
2018-19,2214,North Powder SD 8J,100,General Fund,5400,Resources - Beginning Fund Balance,514165.31
2018-19,2214,North Powder SD 8J,200,Special Revenue Funds,1600,Food Service,20580.05
2018-19,2215,Imbler SD 11,200,Special Revenue Funds,5200,Interfund Transfers,48668.8
2018-19,2215,Imbler SD 11,200,Special Revenue Funds,5400,Resources - Beginning Fund Balance,273097.78
2018-19,2215,Imbler SD 11,300,Debt Service Funds,1110,Ad valorem taxes levied by district,214871.44
2018-19,2215,Imbler SD 11,300,Debt Service Funds,1500,Earnings on Investments,33537.07
2018-19,2215,Imbler SD 11,300,Debt Service Funds,4900,Revenue for/on Behalf of the District,201482.4
2018-19,2215,Imbler SD 11,300,Debt Service Funds,5400,Resources - Beginning Fund Balance,1338798.2
2018-19,2215,Imbler SD 11,200,Special Revenue Funds,1990,Miscellaneous,1463.41
2018-19,2215,Imbler SD 11,200,Special Revenue Funds,3102,State School Fund--School Lunch Match,1231.2
2018-19,2215,Imbler SD 11,200,Special Revenue Funds,3222,State School Fund (SSF) Transportation Equipment,43622
2018-19,2215,Imbler SD 11,200,Special Revenue Funds,3299,Other Restricted Grants-In-Aid,1301537.14
2018-19,2215,Imbler SD 11,200,Special Revenue Funds,4500,Restricted Revenue From Federal Government Through the State,189420.52
2018-19,2215,Imbler SD 11,200,Special Revenue Funds,4900,Revenue for/on Behalf of the District,9023.77
2018-19,2215,Imbler SD 11,100,General Fund,4801,Federal Forest Fees,13775.2
2018-19,2215,Imbler SD 11,100,General Fund,5200,Interfund Transfers,135000
2018-19,2215,Imbler SD 11,100,General Fund,5400,Resources - Beginning Fund Balance,2747728.29
2018-19,2215,Imbler SD 11,200,Special Revenue Funds,1500,Earnings on Investments,100
2018-19,2215,Imbler SD 11,200,Special Revenue Funds,1600,Food Service,56308.86
2018-19,2215,Imbler SD 11,200,Special Revenue Funds,1700,Extra-Curricular Activities,355118.99
2018-19,2215,Imbler SD 11,100,General Fund,1990,Miscellaneous,107564.75
2018-19,2215,Imbler SD 11,100,General Fund,2101,County School Funds,10936.13
2018-19,2215,Imbler SD 11,100,General Fund,3101,State School Fund --General Support,3143241.44
2018-19,2215,Imbler SD 11,100,General Fund,3103,Common School Fund,33682.4
2018-19,2215,Imbler SD 11,100,General Fund,3299,Other Restricted Grants-In-Aid,4775
2018-19,2215,Imbler SD 11,100,General Fund,4500,Restricted Revenue From Federal Government Through the State,1569.95
2018-19,2215,Imbler SD 11,100,General Fund,1110,Ad valorem taxes levied by district,551953.71
2018-19,2215,Imbler SD 11,100,General Fund,1500,Earnings on Investments,78071.92
2018-19,2216,Cove SD 15,200,Special Revenue Funds,5400,Resources - Beginning Fund Balance,53647.4
2018-19,2216,Cove SD 15,300,Debt Service Funds,1110,Ad valorem taxes levied by district,82.66
2018-19,2216,Cove SD 15,300,Debt Service Funds,1500,Earnings on Investments,720.88
2018-19,2216,Cove SD 15,300,Debt Service Funds,5400,Resources - Beginning Fund Balance,-0.3
2018-19,2216,Cove SD 15,200,Special Revenue Funds,1700,Extra-Curricular Activities,53902.65
2018-19,2216,Cove SD 15,200,Special Revenue Funds,3102,State School Fund--School Lunch Match,401.2
2018-19,2216,Cove SD 15,200,Special Revenue Funds,3299,Other Restricted Grants-In-Aid,92986.68
2018-19,2216,Cove SD 15,200,Special Revenue Funds,4500,Restricted Revenue From Federal Government Through the State,184121.07
2018-19,2216,Cove SD 15,200,Special Revenue Funds,4900,Revenue for/on Behalf of the District,4815.93
2018-19,2216,Cove SD 15,200,Special Revenue Funds,5200,Interfund Transfers,229200
2018-19,2216,Cove SD 15,100,General Fund,4500,Restricted Revenue From Federal Government Through the State,4251.58
2018-19,2216,Cove SD 15,100,General Fund,4801,Federal Forest Fees,12321.56
2018-19,2216,Cove SD 15,100,General Fund,5200,Interfund Transfers,92847
2018-19,2216,Cove SD 15,100,General Fund,5400,Resources - Beginning Fund Balance,2347408.11
2018-19,2216,Cove SD 15,200,Special Revenue Funds,1500,Earnings on Investments,720.88
2018-19,2216,Cove SD 15,200,Special Revenue Funds,1600,Food Service,28354.46
2018-19,2216,Cove SD 15,100,General Fund,1110,Ad valorem taxes levied by district,680739.97
2018-19,2216,Cove SD 15,100,General Fund,1500,Earnings on Investments,71030.54
2018-19,2216,Cove SD 15,100,General Fund,1990,Miscellaneous,48225.38
2018-19,2216,Cove SD 15,100,General Fund,2101,County School Funds,9782.14
2018-19,2216,Cove SD 15,100,General Fund,3101,State School Fund --General Support,2994155.94
2018-19,2216,Cove SD 15,100,General Fund,3103,Common School Fund,29922.76
2018-19,2217,Elgin SD 23,100,General Fund,1110,Ad valorem taxes levied by district,861694.16
2018-19,2217,Elgin SD 23,100,General Fund,1320,Adult/Continuing Education Tuition,650
2018-19,2217,Elgin SD 23,100,General Fund,1500,Earnings on Investments,51298.04
2018-19,2217,Elgin SD 23,100,General Fund,1700,Extra-Curricular Activities,11802.55
2018-19,2217,Elgin SD 23,100,General Fund,1940,Services Provided Other Local Education Agencies,13908.79
2018-19,2217,Elgin SD 23,100,General Fund,1990,Miscellaneous,55391.63
2018-19,2217,Elgin SD 23,200,Special Revenue Funds,3299,Other Restricted Grants-In-Aid,169835.99
2018-19,2217,Elgin SD 23,200,Special Revenue Funds,4200,Unrestricted Revenue From Federal Government Through State,41145.84
2018-19,2217,Elgin SD 23,200,Special Revenue Funds,4500,Restricted Revenue From Federal Government Through the State,292544.27
2018-19,2217,Elgin SD 23,200,Special Revenue Funds,4900,Revenue for/on Behalf of the District,13240
2018-19,2217,Elgin SD 23,200,Special Revenue Funds,5200,Interfund Transfers,1734.05
2018-19,2217,Elgin SD 23,200,Special Revenue Funds,5400,Resources - Beginning Fund Balance,104840.71
2018-19,2217,Elgin SD 23,100,General Fund,5200,Interfund Transfers,165000
2018-19,2217,Elgin SD 23,100,General Fund,5400,Resources - Beginning Fund Balance,1185856.05
2018-19,2217,Elgin SD 23,200,Special Revenue Funds,1600,Food Service,15849.72
2018-19,2217,Elgin SD 23,200,Special Revenue Funds,1700,Extra-Curricular Activities,133882
2018-19,2217,Elgin SD 23,200,Special Revenue Funds,1990,Miscellaneous,11976.6
2018-19,2217,Elgin SD 23,200,Special Revenue Funds,1311,Tuition from Individuals,23287.5
2018-19,2217,Elgin SD 23,100,General Fund,2101,County School Funds,14025.61
2018-19,2217,Elgin SD 23,100,General Fund,3101,State School Fund --General Support,3123243.76
2018-19,2217,Elgin SD 23,100,General Fund,3103,Common School Fund,41608.95
2018-19,2217,Elgin SD 23,100,General Fund,3299,Other Restricted Grants-In-Aid,18524.34
2018-19,2217,Elgin SD 23,100,General Fund,4500,Restricted Revenue From Federal Government Through the State,48311.57
2018-19,2217,Elgin SD 23,100,General Fund,4801,Federal Forest Fees,17666.6
2018-19,2218,Region 18 ESD,100,General Fund,1110,Ad valorem taxes levied by district,3000209
2018-19,2218,Region 18 ESD,100,General Fund,1500,Earnings on Investments,66065
2018-19,2218,Region 18 ESD,100,General Fund,1910,Rentals,5520
2018-19,2218,Region 18 ESD,100,General Fund,1940,Services Provided Other Local Education Agencies,40000
2018-19,2218,Region 18 ESD,100,General Fund,1990,Miscellaneous,39106
2018-19,2218,Region 18 ESD,100,General Fund,3299,Other Restricted Grants-In-Aid,1602
2018-19,2218,Region 18 ESD,200,Special Revenue Funds,4200,Unrestricted Revenue From Federal Government Through State,56744
2018-19,2218,Region 18 ESD,200,Special Revenue Funds,5400,Resources - Beginning Fund Balance,221111
2018-19,2218,Region 18 ESD,500,Enterprise Funds,1990,Miscellaneous,203142
2018-19,2218,Region 18 ESD,500,Enterprise Funds,5200,Interfund Transfers,290000
2018-19,2218,Region 18 ESD,500,Enterprise Funds,5400,Resources - Beginning Fund Balance,120707
2018-19,2218,Region 18 ESD,100,General Fund,3800,Revenue in Lieu of Taxes,1779
2018-19,2218,Region 18 ESD,100,General Fund,4500,Restricted Revenue From Federal Government Through the State,207947
2018-19,2218,Region 18 ESD,100,General Fund,5400,Resources - Beginning Fund Balance,1428977
2018-19,2218,Region 18 ESD,200,Special Revenue Funds,1940,Services Provided Other Local Education Agencies,902916
2018-19,2218,Region 18 ESD,200,Special Revenue Funds,1980,Fees Charged to Grants,10146
2018-19,2218,Region 18 ESD,200,Special Revenue Funds,3299,Other Restricted Grants-In-Aid,176140
2018-19,2219,Joseph SD 6,100,General Fund,1110,Ad valorem taxes levied by district,512823.3
2018-19,2219,Joseph SD 6,100,General Fund,1500,Earnings on Investments,137685.48
2018-19,2219,Joseph SD 6,100,General Fund,1700,Extra-Curricular Activities,11477.96
2018-19,2219,Joseph SD 6,100,General Fund,1990,Miscellaneous,15287.77
2018-19,2219,Joseph SD 6,100,General Fund,2103,Excess ESD Local Revenue,540359.09
2018-19,2219,Joseph SD 6,100,General Fund,3101,State School Fund --General Support,2523206.82
2018-19,2219,Joseph SD 6,400,Capital Projects Funds,5400,Resources - Beginning Fund Balance,304202.18
2018-19,2219,Joseph SD 6,200,Special Revenue Funds,5400,Resources - Beginning Fund Balance,1682766.71
2018-19,2219,Joseph SD 6,300,Debt Service Funds,1910,Rentals,142491.3
2018-19,2219,Joseph SD 6,300,Debt Service Funds,1990,Miscellaneous,678349
2018-19,2219,Joseph SD 6,300,Debt Service Funds,5400,Resources - Beginning Fund Balance,727010.13
2018-19,2219,Joseph SD 6,400,Capital Projects Funds,1990,Miscellaneous,66000
2018-19,2219,Joseph SD 6,400,Capital Projects Funds,5200,Interfund Transfers,450000
2018-19,2219,Joseph SD 6,200,Special Revenue Funds,1990,Miscellaneous,56433.6
2018-19,2219,Joseph SD 6,200,Special Revenue Funds,3102,State School Fund--School Lunch Match,822.88
2018-19,2219,Joseph SD 6,200,Special Revenue Funds,3199,Other Unrestricted Grants-In-Aid,479520.98
2018-19,2219,Joseph SD 6,200,Special Revenue Funds,3900,Revenue for/on Behalf of the District,7322.49
2018-19,2219,Joseph SD 6,200,Special Revenue Funds,4500,Restricted Revenue From Federal Government Through the State,194003.12
2018-19,2219,Joseph SD 6,200,Special Revenue Funds,5200,Interfund Transfers,55000
2018-19,2219,Joseph SD 6,100,General Fund,3103,Common School Fund,23684.75
2018-19,2219,Joseph SD 6,100,General Fund,3199,Other Unrestricted Grants-In-Aid,8525.3
2018-19,2219,Joseph SD 6,100,General Fund,4500,Restricted Revenue From Federal Government Through the State,2752
2018-19,2219,Joseph SD 6,100,General Fund,4801,Federal Forest Fees,73479.34
2018-19,2219,Joseph SD 6,100,General Fund,5400,Resources - Beginning Fund Balance,2178886.38
2018-19,2219,Joseph SD 6,200,Special Revenue Funds,1600,Food Service,29911.13
2018-19,2220,Wallowa SD 12,100,General Fund,1110,Ad valorem taxes levied by district,241657
2018-19,2220,Wallowa SD 12,100,General Fund,1500,Earnings on Investments,63085
2018-19,2220,Wallowa SD 12,100,General Fund,1700,Extra-Curricular Activities,8166
2018-19,2220,Wallowa SD 12,100,General Fund,1990,Miscellaneous,46165
2018-19,2220,Wallowa SD 12,100,General Fund,2103,Excess ESD Local Revenue,396492
2018-19,2220,Wallowa SD 12,100,General Fund,3101,State School Fund --General Support,2035930
2018-19,2220,Wallowa SD 12,200,Special Revenue Funds,4500,Restricted Revenue From Federal Government Through the State,208490
2018-19,2220,Wallowa SD 12,200,Special Revenue Funds,5200,Interfund Transfers,20000
2018-19,2220,Wallowa SD 12,200,Special Revenue Funds,5400,Resources - Beginning Fund Balance,1393684
2018-19,2220,Wallowa SD 12,400,Capital Projects Funds,5400,Resources - Beginning Fund Balance,11518
2018-19,2220,Wallowa SD 12,200,Special Revenue Funds,3900,Revenue for/on Behalf of the District,5627
2018-19,2220,Wallowa SD 12,200,Special Revenue Funds,1311,Tuition from Individuals,7590
2018-19,2220,Wallowa SD 12,200,Special Revenue Funds,1600,Food Service,19643
2018-19,2220,Wallowa SD 12,200,Special Revenue Funds,1910,Rentals,6000
2018-19,2220,Wallowa SD 12,200,Special Revenue Funds,1990,Miscellaneous,8180
2018-19,2220,Wallowa SD 12,200,Special Revenue Funds,3102,State School Fund--School Lunch Match,754
2018-19,2220,Wallowa SD 12,200,Special Revenue Funds,3299,Other Restricted Grants-In-Aid,93815
2018-19,2220,Wallowa SD 12,100,General Fund,3103,Common School Fund,17857
2018-19,2220,Wallowa SD 12,100,General Fund,3299,Other Restricted Grants-In-Aid,7000
2018-19,2220,Wallowa SD 12,100,General Fund,3800,Revenue in Lieu of Taxes,144
2018-19,2220,Wallowa SD 12,100,General Fund,4500,Restricted Revenue From Federal Government Through the State,1591
2018-19,2220,Wallowa SD 12,100,General Fund,4801,Federal Forest Fees,56203
2018-19,2220,Wallowa SD 12,100,General Fund,5400,Resources - Beginning Fund Balance,767339
2018-19,2221,Enterprise SD 21,100,General Fund,1110,Ad valorem taxes levied by district,475271.75
2018-19,2221,Enterprise SD 21,100,General Fund,1500,Earnings on Investments,152810.64
2018-19,2221,Enterprise SD 21,100,General Fund,1700,Extra-Curricular Activities,13146.85
2018-19,2221,Enterprise SD 21,100,General Fund,1920,Contributions and Donations From Private Sources,6000
2018-19,2221,Enterprise SD 21,100,General Fund,1990,Miscellaneous,28334.13
2018-19,2221,Enterprise SD 21,100,General Fund,2103,Excess ESD Local Revenue,712284.17
2018-19,2221,Enterprise SD 21,300,Debt Service Funds,1500,Earnings on Investments,3987.18
2018-19,2221,Enterprise SD 21,300,Debt Service Funds,5400,Resources - Beginning Fund Balance,1468011.52
2018-19,2221,Enterprise SD 21,400,Capital Projects Funds,5200,Interfund Transfers,411000
2018-19,2221,Enterprise SD 21,400,Capital Projects Funds,5400,Resources - Beginning Fund Balance,121567
2018-19,2221,Enterprise SD 21,200,Special Revenue Funds,3199,Other Unrestricted Grants-In-Aid,162040.61
2018-19,2221,Enterprise SD 21,200,Special Revenue Funds,3900,Revenue for/on Behalf of the District,12381.28
2018-19,2221,Enterprise SD 21,200,Special Revenue Funds,4500,Restricted Revenue From Federal Government Through the State,225745.56
2018-19,2221,Enterprise SD 21,200,Special Revenue Funds,5200,Interfund Transfers,38000
2018-19,2221,Enterprise SD 21,200,Special Revenue Funds,5400,Resources - Beginning Fund Balance,1372284.07
2018-19,2221,Enterprise SD 21,300,Debt Service Funds,1110,Ad valorem taxes levied by district,18.78
2018-19,2221,Enterprise SD 21,100,General Fund,4801,Federal Forest Fees,99226.33
2018-19,2221,Enterprise SD 21,100,General Fund,5400,Resources - Beginning Fund Balance,2595491.24
2018-19,2221,Enterprise SD 21,200,Special Revenue Funds,1600,Food Service,64065.11
2018-19,2221,Enterprise SD 21,200,Special Revenue Funds,1920,Contributions and Donations From Private Sources,40000
2018-19,2221,Enterprise SD 21,200,Special Revenue Funds,1990,Miscellaneous,90572.44
2018-19,2221,Enterprise SD 21,200,Special Revenue Funds,3102,State School Fund--School Lunch Match,1383.83
2018-19,2221,Enterprise SD 21,100,General Fund,3101,State School Fund --General Support,3642451.28
2018-19,2221,Enterprise SD 21,100,General Fund,3103,Common School Fund,39840.47
2018-19,2221,Enterprise SD 21,100,General Fund,3199,Other Unrestricted Grants-In-Aid,345.6
2018-19,2221,Enterprise SD 21,100,General Fund,3299,Other Restricted Grants-In-Aid,2376.11
2018-19,2221,Enterprise SD 21,100,General Fund,3900,Revenue for/on Behalf of the District,21858.64
2018-19,2221,Enterprise SD 21,100,General Fund,4500,Restricted Revenue From Federal Government Through the State,1591
2018-19,2222,Troy SD 54,100,General Fund,1110,Ad valorem taxes levied by district,9142.62
2018-19,2222,Troy SD 54,100,General Fund,1500,Earnings on Investments,25688.19
2018-19,2222,Troy SD 54,100,General Fund,1910,Rentals,3600
2018-19,2222,Troy SD 54,100,General Fund,1990,Miscellaneous,16446.58
2018-19,2222,Troy SD 54,100,General Fund,2103,Excess ESD Local Revenue,34297.84
2018-19,2222,Troy SD 54,100,General Fund,3101,State School Fund --General Support,189050.98
2018-19,2222,Troy SD 54,200,Special Revenue Funds,5400,Resources - Beginning Fund Balance,123011
2018-19,2222,Troy SD 54,100,General Fund,3103,Common School Fund,175.92
2018-19,2222,Troy SD 54,100,General Fund,3299,Other Restricted Grants-In-Aid,2062.79
2018-19,2222,Troy SD 54,100,General Fund,3800,Revenue in Lieu of Taxes,5.42
2018-19,2222,Troy SD 54,100,General Fund,4500,Restricted Revenue From Federal Government Through the State,1000
2018-19,2222,Troy SD 54,100,General Fund,4801,Federal Forest Fees,4359.03
2018-19,2222,Troy SD 54,100,General Fund,5400,Resources - Beginning Fund Balance,750406.18
2018-19,2223,Columbia Gorge ESD,100,General Fund,1110,Ad valorem taxes levied by district,2146091.4
2018-19,2223,Columbia Gorge ESD,100,General Fund,1190,Penalties and interest on taxes,8070.48
2018-19,2223,Columbia Gorge ESD,100,General Fund,1500,Earnings on Investments,37443.51
2018-19,2223,Columbia Gorge ESD,100,General Fund,1940,Services Provided Other Local Education Agencies,134903.96
2018-19,2223,Columbia Gorge ESD,100,General Fund,1980,Fees Charged to Grants,217845.84
2018-19,2223,Columbia Gorge ESD,100,General Fund,1990,Miscellaneous,70576.58
2018-19,2223,Columbia Gorge ESD,400,Capital Projects Funds,5400,Resources - Beginning Fund Balance,26498.31
2018-19,2223,Columbia Gorge ESD,600,Internal Service Funds,1970,Services Provided Other Funds,9295.66
2018-19,2223,Columbia Gorge ESD,600,Internal Service Funds,5400,Resources - Beginning Fund Balance,17365.32
2018-19,2223,Columbia Gorge ESD,200,Special Revenue Funds,3299,Other Restricted Grants-In-Aid,1881226.97
2018-19,2223,Columbia Gorge ESD,200,Special Revenue Funds,1960,Recovery of Prior Years' Expenditure,7484.4
2018-19,2223,Columbia Gorge ESD,200,Special Revenue Funds,1990,Miscellaneous,66367.32
2018-19,2223,Columbia Gorge ESD,200,Special Revenue Funds,4200,Unrestricted Revenue From Federal Government Through State,35951.26
2018-19,2223,Columbia Gorge ESD,200,Special Revenue Funds,4500,Restricted Revenue From Federal Government Through the State,1134815.19
2018-19,2223,Columbia Gorge ESD,200,Special Revenue Funds,5200,Interfund Transfers,19863.57
2018-19,2223,Columbia Gorge ESD,200,Special Revenue Funds,5400,Resources - Beginning Fund Balance,169062.75
2018-19,2223,Columbia Gorge ESD,100,General Fund,3101,State School Fund --General Support,1472097.57
2018-19,2223,Columbia Gorge ESD,100,General Fund,4200,Unrestricted Revenue From Federal Government Through State,17075.26
2018-19,2223,Columbia Gorge ESD,100,General Fund,5400,Resources - Beginning Fund Balance,456963.06
2018-19,2223,Columbia Gorge ESD,200,Special Revenue Funds,1500,Earnings on Investments,2.78
2018-19,2223,Columbia Gorge ESD,200,Special Revenue Funds,1920,Contributions and Donations From Private Sources,34221.5
2018-19,2223,Columbia Gorge ESD,200,Special Revenue Funds,1940,Services Provided Other Local Education Agencies,155059.06
2018-19,2225,South Wasco County SD 1,100,General Fund,1110,Ad valorem taxes levied by district,1614758.31
2018-19,2225,South Wasco County SD 1,100,General Fund,1500,Earnings on Investments,32716.79
2018-19,2225,South Wasco County SD 1,100,General Fund,1700,Extra-Curricular Activities,724.95
2018-19,2225,South Wasco County SD 1,100,General Fund,1910,Rentals,6116.55
2018-19,2225,South Wasco County SD 1,100,General Fund,1990,Miscellaneous,24531.95
2018-19,2225,South Wasco County SD 1,100,General Fund,2101,County School Funds,18653.15
2018-19,2225,South Wasco County SD 1,400,Capital Projects Funds,5300,Sale of or Compensation for Loss of Fixed Assets,30000
2018-19,2225,South Wasco County SD 1,400,Capital Projects Funds,5400,Resources - Beginning Fund Balance,202497.53
2018-19,2225,South Wasco County SD 1,700,Trust and Agency Funds,1500,Earnings on Investments,1985.64
2018-19,2225,South Wasco County SD 1,700,Trust and Agency Funds,1920,Contributions and Donations From Private Sources,10500
2018-19,2225,South Wasco County SD 1,700,Trust and Agency Funds,5400,Resources - Beginning Fund Balance,101347.89
2018-19,2225,South Wasco County SD 1,200,Special Revenue Funds,4500,Restricted Revenue From Federal Government Through the State,219204.55
2018-19,2225,South Wasco County SD 1,200,Special Revenue Funds,4900,Revenue for/on Behalf of the District,9701.74
2018-19,2225,South Wasco County SD 1,200,Special Revenue Funds,5200,Interfund Transfers,73904.44
2018-19,2225,South Wasco County SD 1,200,Special Revenue Funds,5400,Resources - Beginning Fund Balance,116227.34
2018-19,2225,South Wasco County SD 1,400,Capital Projects Funds,1500,Earnings on Investments,2910.62
2018-19,2225,South Wasco County SD 1,400,Capital Projects Funds,5200,Interfund Transfers,238000
2018-19,2225,South Wasco County SD 1,100,General Fund,4500,Restricted Revenue From Federal Government Through the State,1591
2018-19,2225,South Wasco County SD 1,100,General Fund,5400,Resources - Beginning Fund Balance,746885.4
2018-19,2225,South Wasco County SD 1,200,Special Revenue Funds,1600,Food Service,1087.39
2018-19,2225,South Wasco County SD 1,200,Special Revenue Funds,1700,Extra-Curricular Activities,62991.69
2018-19,2225,South Wasco County SD 1,200,Special Revenue Funds,3101,State School Fund --General Support,50000
2018-19,2225,South Wasco County SD 1,200,Special Revenue Funds,3299,Other Restricted Grants-In-Aid,121458.87
2018-19,2225,South Wasco County SD 1,100,General Fund,2900,Revenue for/on Behalf of the District,48808
2018-19,2225,South Wasco County SD 1,100,General Fund,3101,State School Fund --General Support,1965312.62
2018-19,2225,South Wasco County SD 1,100,General Fund,3103,Common School Fund,24665.7
2018-19,2225,South Wasco County SD 1,100,General Fund,3199,Other Unrestricted Grants-In-Aid,12836.13
2018-19,2225,South Wasco County SD 1,100,General Fund,3299,Other Restricted Grants-In-Aid,11469.4
2018-19,2225,South Wasco County SD 1,100,General Fund,4100,Unrestricted Revenue Direct From the Federal Government,6150
2018-19,2229,Dufur SD 29,100,General Fund,1920,Contributions and Donations From Private Sources,56747
2018-19,2229,Dufur SD 29,100,General Fund,1940,Services Provided Other Local Education Agencies,27515.28
2018-19,2229,Dufur SD 29,100,General Fund,1960,Recovery of Prior Years' Expenditure,14533.88
2018-19,2229,Dufur SD 29,100,General Fund,1990,Miscellaneous,120822.26
2018-19,2229,Dufur SD 29,100,General Fund,2101,County School Funds,44195.35
2018-19,2229,Dufur SD 29,100,General Fund,2102,General Education Service District Funds,72852
2018-19,2229,Dufur SD 29,200,Special Revenue Funds,5400,Resources - Beginning Fund Balance,185594.13
2018-19,2229,Dufur SD 29,300,Debt Service Funds,5400,Resources - Beginning Fund Balance,20.63
2018-19,2229,Dufur SD 29,400,Capital Projects Funds,5400,Resources - Beginning Fund Balance,8845.58
2018-19,2229,Dufur SD 29,700,Trust and Agency Funds,1500,Earnings on Investments,104932.38
2018-19,2229,Dufur SD 29,700,Trust and Agency Funds,5400,Resources - Beginning Fund Balance,1042966.45
2018-19,2229,Dufur SD 29,100,General Fund,1500,Earnings on Investments,15125.54
2018-19,2229,Dufur SD 29,100,General Fund,1700,Extra-Curricular Activities,14901.81
2018-19,2229,Dufur SD 29,100,General Fund,1910,Rentals,5502
2018-19,2229,Dufur SD 29,100,General Fund,1110,Ad valorem taxes levied by district,1151162.35
2018-19,2229,Dufur SD 29,100,General Fund,5400,Resources - Beginning Fund Balance,318508.39
2018-19,2229,Dufur SD 29,200,Special Revenue Funds,1920,Contributions and Donations From Private Sources,151290.62
2018-19,2229,Dufur SD 29,300,Debt Service Funds,1500,Earnings on Investments,634.35
2018-19,2229,Dufur SD 29,400,Capital Projects Funds,1500,Earnings on Investments,38223.98
2018-19,2229,Dufur SD 29,400,Capital Projects Funds,3299,Other Restricted Grants-In-Aid,684563.16
2018-19,2229,Dufur SD 29,400,Capital Projects Funds,5100,Long Term Debt Financing Sources,4458431.35
2018-19,2229,Dufur SD 29,700,Trust and Agency Funds,1920,Contributions and Donations From Private Sources,54046.71
2018-19,2229,Dufur SD 29,100,General Fund,1311,Tuition from Individuals,54720.82
2018-19,2229,Dufur SD 29,200,Special Revenue Funds,3102,State School Fund--School Lunch Match,1761.38
2018-19,2229,Dufur SD 29,200,Special Revenue Funds,3299,Other Restricted Grants-In-Aid,67589.42
2018-19,2229,Dufur SD 29,200,Special Revenue Funds,4500,Restricted Revenue From Federal Government Through the State,316459.19
2018-19,2229,Dufur SD 29,200,Special Revenue Funds,4900,Revenue for/on Behalf of the District,9146
2018-19,2229,Dufur SD 29,200,Special Revenue Funds,5200,Interfund Transfers,200000
2018-19,2229,Dufur SD 29,200,Special Revenue Funds,5300,Sale of or Compensation for Loss of Fixed Assets,2500
2018-19,2229,Dufur SD 29,100,General Fund,4500,Restricted Revenue From Federal Government Through the State,1194
2018-19,2229,Dufur SD 29,100,General Fund,4700,Grants-In-Aid From Federal Government Through Other Intermed,97156
2018-19,2229,Dufur SD 29,200,Special Revenue Funds,1500,Earnings on Investments,4967.75
2018-19,2229,Dufur SD 29,200,Special Revenue Funds,1600,Food Service,8709.59
2018-19,2229,Dufur SD 29,200,Special Revenue Funds,1800,Community Services Activities,22056
2018-19,2229,Dufur SD 29,200,Special Revenue Funds,1990,Miscellaneous,40000
2018-19,2229,Dufur SD 29,100,General Fund,2200,Restricted Revenue,8740
2018-19,2229,Dufur SD 29,100,General Fund,3101,State School Fund --General Support,2944483.43
2018-19,2229,Dufur SD 29,100,General Fund,3103,Common School Fund,32233.72
2018-19,2229,Dufur SD 29,100,General Fund,3106,State School Fund - Accrual,524.38
2018-19,2229,Dufur SD 29,100,General Fund,3199,Other Unrestricted Grants-In-Aid,18461.7
2018-19,2229,Dufur SD 29,100,General Fund,3299,Other Restricted Grants-In-Aid,6625.75
2018-19,2230,Northwest Regional ESD,100,General Fund,1980,Fees Charged to Grants,1720565.69
2018-19,2230,Northwest Regional ESD,100,General Fund,1990,Miscellaneous,33214.69
2018-19,2230,Northwest Regional ESD,100,General Fund,2105,Natural Gas; Oil; And Mineral Receipts,1643.54
2018-19,2230,Northwest Regional ESD,100,General Fund,3101,State School Fund --General Support,33503927.56
2018-19,2230,Northwest Regional ESD,100,General Fund,3104,State Managed County Timber,544805.22
2018-19,2230,Northwest Regional ESD,100,General Fund,5200,Interfund Transfers,237930.47
2018-19,2230,Northwest Regional ESD,500,Enterprise Funds,5200,Interfund Transfers,2392314.1
2018-19,2230,Northwest Regional ESD,500,Enterprise Funds,5400,Resources - Beginning Fund Balance,2952695.01
2018-19,2230,Northwest Regional ESD,700,Trust and Agency Funds,1920,Contributions and Donations From Private Sources,85000
2018-19,2230,Northwest Regional ESD,700,Trust and Agency Funds,3299,Other Restricted Grants-In-Aid,500
2018-19,2230,Northwest Regional ESD,700,Trust and Agency Funds,5200,Interfund Transfers,38262801
2018-19,2230,Northwest Regional ESD,700,Trust and Agency Funds,5400,Resources - Beginning Fund Balance,12032087.09
2018-19,2230,Northwest Regional ESD,400,Capital Projects Funds,5200,Interfund Transfers,50000
2018-19,2230,Northwest Regional ESD,400,Capital Projects Funds,5400,Resources - Beginning Fund Balance,72888.2
2018-19,2230,Northwest Regional ESD,500,Enterprise Funds,1920,Contributions and Donations From Private Sources,208000
2018-19,2230,Northwest Regional ESD,500,Enterprise Funds,1940,Services Provided Other Local Education Agencies,2609584.62
2018-19,2230,Northwest Regional ESD,500,Enterprise Funds,1960,Recovery of Prior Years' Expenditure,15803.5
2018-19,2230,Northwest Regional ESD,500,Enterprise Funds,1990,Miscellaneous,1963781.12
2018-19,2230,Northwest Regional ESD,200,Special Revenue Funds,3299,Other Restricted Grants-In-Aid,23157149.23
2018-19,2230,Northwest Regional ESD,200,Special Revenue Funds,3900,Revenue for/on Behalf of the District,115417
2018-19,2230,Northwest Regional ESD,200,Special Revenue Funds,4500,Restricted Revenue From Federal Government Through the State,7225798.48
2018-19,2230,Northwest Regional ESD,200,Special Revenue Funds,4900,Revenue for/on Behalf of the District,12822.34
2018-19,2230,Northwest Regional ESD,200,Special Revenue Funds,5200,Interfund Transfers,3736885.5
2018-19,2230,Northwest Regional ESD,200,Special Revenue Funds,5400,Resources - Beginning Fund Balance,6637452.96
2018-19,2230,Northwest Regional ESD,200,Special Revenue Funds,1800,Community Services Activities,7616.26
2018-19,2230,Northwest Regional ESD,200,Special Revenue Funds,1920,Contributions and Donations From Private Sources,1029830.8
2018-19,2230,Northwest Regional ESD,200,Special Revenue Funds,1940,Services Provided Other Local Education Agencies,19691234.83
2018-19,2230,Northwest Regional ESD,200,Special Revenue Funds,1960,Recovery of Prior Years' Expenditure,6011883.04
2018-19,2230,Northwest Regional ESD,200,Special Revenue Funds,1990,Miscellaneous,351890.97
2018-19,2230,Northwest Regional ESD,200,Special Revenue Funds,3102,State School Fund--School Lunch Match,1864.36
2018-19,2230,Northwest Regional ESD,100,General Fund,1910,Rentals,1934.57
2018-19,2230,Northwest Regional ESD,100,General Fund,1940,Services Provided Other Local Education Agencies,80892
2018-19,2230,Northwest Regional ESD,100,General Fund,1960,Recovery of Prior Years' Expenditure,141925.55
2018-19,2230,Northwest Regional ESD,100,General Fund,1970,Services Provided Other Funds,694920.9
2018-19,2230,Northwest Regional ESD,200,Special Revenue Funds,1600,Food Service,259.5
2018-19,2230,Northwest Regional ESD,200,Special Revenue Funds,1700,Extra-Curricular Activities,617.24
2018-19,2230,Northwest Regional ESD,100,General Fund,5400,Resources - Beginning Fund Balance,4509775.07
2018-19,2230,Northwest Regional ESD,200,Special Revenue Funds,1311,Tuition from Individuals,812258.75
2018-19,2230,Northwest Regional ESD,200,Special Revenue Funds,1312,Tuition from Other Districts within the State,1277354.65
2018-19,2230,Northwest Regional ESD,100,General Fund,1110,Ad valorem taxes levied by district,11998096.11
2018-19,2230,Northwest Regional ESD,100,General Fund,1190,Penalties and interest on taxes,10649.89
2018-19,2230,Northwest Regional ESD,100,General Fund,1500,Earnings on Investments,638908.08
2018-19,2239,Hillsboro SD 1J,100,General Fund,1190,Penalties and interest on taxes,71772.8
2018-19,2239,Hillsboro SD 1J,100,General Fund,1411,Transportation fees from Individuals,42285
2018-19,2239,Hillsboro SD 1J,100,General Fund,1910,Rentals,225832.07
2018-19,2239,Hillsboro SD 1J,100,General Fund,1960,Recovery of Prior Years' Expenditure,-49387.72
2018-19,2239,Hillsboro SD 1J,100,General Fund,1980,Fees Charged to Grants,405258
2018-19,2239,Hillsboro SD 1J,100,General Fund,2101,County School Funds,676650.54
2018-19,2239,Hillsboro SD 1J,200,Special Revenue Funds,5400,Resources - Beginning Fund Balance,7932428
2018-19,2239,Hillsboro SD 1J,400,Capital Projects Funds,5400,Resources - Beginning Fund Balance,302160060
2018-19,2239,Hillsboro SD 1J,600,Internal Service Funds,5400,Resources - Beginning Fund Balance,1000000
2018-19,2239,Hillsboro SD 1J,300,Debt Service Funds,5400,Resources - Beginning Fund Balance,2537190
2018-19,2239,Hillsboro SD 1J,100,General Fund,5400,Resources - Beginning Fund Balance,12795799
2018-19,2239,Hillsboro SD 1J,400,Capital Projects Funds,1500,Earnings on Investments,7763813.5
2018-19,2239,Hillsboro SD 1J,400,Capital Projects Funds,1960,Recovery of Prior Years' Expenditure,763972.91
2018-19,2239,Hillsboro SD 1J,100,General Fund,1312,Tuition from Other Districts within the State,4408
2018-19,2239,Hillsboro SD 1J,100,General Fund,1990,Miscellaneous,111505.22
2018-19,2239,Hillsboro SD 1J,100,General Fund,3101,State School Fund --General Support,130296389.88
2018-19,2239,Hillsboro SD 1J,100,General Fund,5300,Sale of or Compensation for Loss of Fixed Assets,42831.84
2018-19,2239,Hillsboro SD 1J,200,Special Revenue Funds,4900,Revenue for/on Behalf of the District,608455.69
2018-19,2239,Hillsboro SD 1J,200,Special Revenue Funds,5100,Long Term Debt Financing Sources,1084810
2018-19,2239,Hillsboro SD 1J,200,Special Revenue Funds,5300,Sale of or Compensation for Loss of Fixed Assets,15449
2018-19,2239,Hillsboro SD 1J,300,Debt Service Funds,1110,Ad valorem taxes levied by district,34177496.26
2018-19,2239,Hillsboro SD 1J,300,Debt Service Funds,1500,Earnings on Investments,283561.56
2018-19,2239,Hillsboro SD 1J,300,Debt Service Funds,1970,Services Provided Other Funds,11383707.86
2018-19,2239,Hillsboro SD 1J,200,Special Revenue Funds,3102,State School Fund--School Lunch Match,82049.1
2018-19,2239,Hillsboro SD 1J,200,Special Revenue Funds,3222,State School Fund (SSF) Transportation Equipment,1620000
2018-19,2239,Hillsboro SD 1J,200,Special Revenue Funds,3299,Other Restricted Grants-In-Aid,3616812.52
2018-19,2239,Hillsboro SD 1J,200,Special Revenue Funds,4100,Unrestricted Revenue Direct From the Federal Government,29356
2018-19,2239,Hillsboro SD 1J,200,Special Revenue Funds,4500,Restricted Revenue From Federal Government Through the State,15767016.39
2018-19,2239,Hillsboro SD 1J,200,Special Revenue Funds,4700,Grants-In-Aid From Federal Government Through Other Intermed,902354.56
2018-19,2239,Hillsboro SD 1J,200,Special Revenue Funds,1800,Community Services Activities,61503.59
2018-19,2239,Hillsboro SD 1J,200,Special Revenue Funds,1910,Rentals,65195
2018-19,2239,Hillsboro SD 1J,200,Special Revenue Funds,1920,Contributions and Donations From Private Sources,921097.37
2018-19,2239,Hillsboro SD 1J,200,Special Revenue Funds,1960,Recovery of Prior Years' Expenditure,34902.4
2018-19,2239,Hillsboro SD 1J,200,Special Revenue Funds,1990,Miscellaneous,470174.23
2018-19,2239,Hillsboro SD 1J,200,Special Revenue Funds,2200,Restricted Revenue,1531643.63
2018-19,2239,Hillsboro SD 1J,100,General Fund,1500,Earnings on Investments,1182493.28
2018-19,2239,Hillsboro SD 1J,100,General Fund,1700,Extra-Curricular Activities,472853.36
2018-19,2239,Hillsboro SD 1J,100,General Fund,2199,Other Intermediate Sources,3345833
2018-19,2239,Hillsboro SD 1J,200,Special Revenue Funds,1200,Revenue From Local Governmental Units Other Than Districts,1940482.5
2018-19,2239,Hillsboro SD 1J,200,Special Revenue Funds,1600,Food Service,2046647.74
2018-19,2239,Hillsboro SD 1J,200,Special Revenue Funds,1700,Extra-Curricular Activities,3652513.14
2018-19,2239,Hillsboro SD 1J,200,Special Revenue Funds,3199,Other Unrestricted Grants-In-Aid,1008921
2018-19,2239,Hillsboro SD 1J,100,General Fund,1110,Ad valorem taxes levied by district,76073628.66
2018-19,2239,Hillsboro SD 1J,100,General Fund,3103,Common School Fund,2254741.78
2018-19,2239,Hillsboro SD 1J,100,General Fund,3104,State Managed County Timber,1331507.34
2018-19,2239,Hillsboro SD 1J,100,General Fund,5200,Interfund Transfers,1000000
2018-19,2239,Hillsboro SD 1J,300,Debt Service Funds,1190,Penalties and interest on taxes,31868.98
2018-19,2239,Hillsboro SD 1J,300,Debt Service Funds,1990,Miscellaneous,1211.63
2018-19,2240,Banks SD 13,100,General Fund,3103,Common School Fund,123053.66
2018-19,2240,Banks SD 13,100,General Fund,3101,State School Fund --General Support,6308863.7
2018-19,2240,Banks SD 13,100,General Fund,1110,Ad valorem taxes levied by district,3097163.7
2018-19,2240,Banks SD 13,100,General Fund,1990,Miscellaneous,140740.36
2018-19,2240,Banks SD 13,100,General Fund,2101,County School Funds,19062.4
2018-19,2240,Banks SD 13,100,General Fund,1910,Rentals,12041.4
2018-19,2240,Banks SD 13,300,Debt Service Funds,5400,Resources - Beginning Fund Balance,134331.42
2018-19,2240,Banks SD 13,400,Capital Projects Funds,5400,Resources - Beginning Fund Balance,405356.63
2018-19,2240,Banks SD 13,100,General Fund,1500,Earnings on Investments,54645.96
2018-19,2240,Banks SD 13,200,Special Revenue Funds,1500,Earnings on Investments,3345.77
2018-19,2240,Banks SD 13,400,Capital Projects Funds,1500,Earnings on Investments,2188.15
2018-19,2240,Banks SD 13,400,Capital Projects Funds,1130,Construction Excise Tax,83963.01
2018-19,2240,Banks SD 13,600,Internal Service Funds,1970,Services Provided Other Funds,343476.49
2018-19,2240,Banks SD 13,100,General Fund,5400,Resources - Beginning Fund Balance,2461199.45
2018-19,2240,Banks SD 13,200,Special Revenue Funds,5400,Resources - Beginning Fund Balance,306710.45
2018-19,2240,Banks SD 13,600,Internal Service Funds,5400,Resources - Beginning Fund Balance,47435.01
2018-19,2240,Banks SD 13,200,Special Revenue Funds,1990,Miscellaneous,125943.58
2018-19,2240,Banks SD 13,200,Special Revenue Funds,3199,Other Unrestricted Grants-In-Aid,180195.71
2018-19,2240,Banks SD 13,200,Special Revenue Funds,4500,Restricted Revenue From Federal Government Through the State,359575.29
2018-19,2240,Banks SD 13,200,Special Revenue Funds,4900,Revenue for/on Behalf of the District,19849.51
2018-19,2240,Banks SD 13,300,Debt Service Funds,1110,Ad valorem taxes levied by district,1261187.77
2018-19,2240,Banks SD 13,300,Debt Service Funds,1500,Earnings on Investments,22265.36
2018-19,2240,Banks SD 13,100,General Fund,3104,State Managed County Timber,1316138.34
2018-19,2240,Banks SD 13,200,Special Revenue Funds,1600,Food Service,103221.43
2018-19,2240,Banks SD 13,200,Special Revenue Funds,1920,Contributions and Donations From Private Sources,72754.91
2018-19,2240,Banks SD 13,200,Special Revenue Funds,3299,Other Restricted Grants-In-Aid,83042.86
2018-19,2240,Banks SD 13,200,Special Revenue Funds,5200,Interfund Transfers,273556.59
2018-19,2240,Banks SD 13,200,Special Revenue Funds,1700,Extra-Curricular Activities,180505.19
2018-19,2241,Forest Grove SD 15,100,General Fund,3101,State School Fund --General Support,48287006.57
2018-19,2241,Forest Grove SD 15,100,General Fund,1110,Ad valorem taxes levied by district,12816944.76
2018-19,2241,Forest Grove SD 15,100,General Fund,1190,Penalties and interest on taxes,12642.37
2018-19,2241,Forest Grove SD 15,100,General Fund,1500,Earnings on Investments,464883.98
2018-19,2241,Forest Grove SD 15,100,General Fund,1700,Extra-Curricular Activities,95522.62
2018-19,2241,Forest Grove SD 15,100,General Fund,1910,Rentals,47947.34
2018-19,2241,Forest Grove SD 15,700,Trust and Agency Funds,1990,Miscellaneous,214708.94
2018-19,2241,Forest Grove SD 15,700,Trust and Agency Funds,5400,Resources - Beginning Fund Balance,1180367.15
2018-19,2241,Forest Grove SD 15,100,General Fund,3104,State Managed County Timber,1617670.92
2018-19,2241,Forest Grove SD 15,500,Enterprise Funds,5400,Resources - Beginning Fund Balance,584469.2
2018-19,2241,Forest Grove SD 15,600,Internal Service Funds,1700,Extra-Curricular Activities,5684.01
2018-19,2241,Forest Grove SD 15,600,Internal Service Funds,1990,Miscellaneous,5000
2018-19,2241,Forest Grove SD 15,600,Internal Service Funds,5400,Resources - Beginning Fund Balance,325270.07
2018-19,2241,Forest Grove SD 15,700,Trust and Agency Funds,1500,Earnings on Investments,705.36
2018-19,2241,Forest Grove SD 15,700,Trust and Agency Funds,1920,Contributions and Donations From Private Sources,864792.75
2018-19,2241,Forest Grove SD 15,400,Capital Projects Funds,1990,Miscellaneous,20058.92
2018-19,2241,Forest Grove SD 15,400,Capital Projects Funds,5200,Interfund Transfers,284269.06
2018-19,2241,Forest Grove SD 15,400,Capital Projects Funds,5400,Resources - Beginning Fund Balance,4224142.56
2018-19,2241,Forest Grove SD 15,500,Enterprise Funds,1920,Contributions and Donations From Private Sources,1000
2018-19,2241,Forest Grove SD 15,500,Enterprise Funds,1960,Recovery of Prior Years' Expenditure,600
2018-19,2241,Forest Grove SD 15,500,Enterprise Funds,1990,Miscellaneous,53342.02
2018-19,2241,Forest Grove SD 15,300,Debt Service Funds,4899,Other Federal Revenue in Lieu of Taxes,1068.8
2018-19,2241,Forest Grove SD 15,300,Debt Service Funds,4900,Revenue for/on Behalf of the District,1020544
2018-19,2241,Forest Grove SD 15,300,Debt Service Funds,5200,Interfund Transfers,275000
2018-19,2241,Forest Grove SD 15,300,Debt Service Funds,5400,Resources - Beginning Fund Balance,3003211.61
2018-19,2241,Forest Grove SD 15,400,Capital Projects Funds,1130,Construction Excise Tax,438445.36
2018-19,2241,Forest Grove SD 15,400,Capital Projects Funds,1500,Earnings on Investments,102605.51
2018-19,2241,Forest Grove SD 15,300,Debt Service Funds,1190,Penalties and interest on taxes,6870.19
2018-19,2241,Forest Grove SD 15,300,Debt Service Funds,1500,Earnings on Investments,153972.44
2018-19,2241,Forest Grove SD 15,300,Debt Service Funds,1910,Rentals,993.75
2018-19,2241,Forest Grove SD 15,300,Debt Service Funds,1920,Contributions and Donations From Private Sources,75
2018-19,2241,Forest Grove SD 15,300,Debt Service Funds,1970,Services Provided Other Funds,2469679.06
2018-19,2241,Forest Grove SD 15,300,Debt Service Funds,2102,General Education Service District Funds,2000000
2018-19,2241,Forest Grove SD 15,200,Special Revenue Funds,3102,State School Fund--School Lunch Match,55320.77
2018-19,2241,Forest Grove SD 15,200,Special Revenue Funds,3299,Other Restricted Grants-In-Aid,3033655.32
2018-19,2241,Forest Grove SD 15,200,Special Revenue Funds,4500,Restricted Revenue From Federal Government Through the State,6189518.62
2018-19,2241,Forest Grove SD 15,200,Special Revenue Funds,4900,Revenue for/on Behalf of the District,172575.43
2018-19,2241,Forest Grove SD 15,200,Special Revenue Funds,5400,Resources - Beginning Fund Balance,582898.39
2018-19,2241,Forest Grove SD 15,300,Debt Service Funds,1110,Ad valorem taxes levied by district,7382973.64
2018-19,2241,Forest Grove SD 15,200,Special Revenue Funds,1600,Food Service,454980.58
2018-19,2241,Forest Grove SD 15,200,Special Revenue Funds,1920,Contributions and Donations From Private Sources,94769.89
2018-19,2241,Forest Grove SD 15,200,Special Revenue Funds,1960,Recovery of Prior Years' Expenditure,259480.45
2018-19,2241,Forest Grove SD 15,200,Special Revenue Funds,1990,Miscellaneous,188266.11
2018-19,2241,Forest Grove SD 15,200,Special Revenue Funds,2102,General Education Service District Funds,7907.89
2018-19,2241,Forest Grove SD 15,200,Special Revenue Funds,2200,Restricted Revenue,262519.35
2018-19,2241,Forest Grove SD 15,100,General Fund,2102,General Education Service District Funds,1602913.59
2018-19,2241,Forest Grove SD 15,100,General Fund,3103,Common School Fund,649759.7
2018-19,2241,Forest Grove SD 15,100,General Fund,4200,Unrestricted Revenue From Federal Government Through State,1607.66
2018-19,2241,Forest Grove SD 15,100,General Fund,4899,Other Federal Revenue in Lieu of Taxes,1789.28
2018-19,2241,Forest Grove SD 15,100,General Fund,5400,Resources - Beginning Fund Balance,9165371.9
2018-19,2241,Forest Grove SD 15,200,Special Revenue Funds,1312,Tuition from Other Districts within the State,888509
2018-19,2241,Forest Grove SD 15,100,General Fund,1920,Contributions and Donations From Private Sources,15958
2018-19,2241,Forest Grove SD 15,100,General Fund,1940,Services Provided Other Local Education Agencies,18450.39
2018-19,2241,Forest Grove SD 15,100,General Fund,1960,Recovery of Prior Years' Expenditure,55380.44
2018-19,2241,Forest Grove SD 15,100,General Fund,1980,Fees Charged to Grants,173986.36
2018-19,2241,Forest Grove SD 15,100,General Fund,1990,Miscellaneous,283374.91
2018-19,2241,Forest Grove SD 15,100,General Fund,2101,County School Funds,152695.06
2018-19,2242,Tigard-Tualatin SD 23J,100,General Fund,1110,Ad valorem taxes levied by district,56869908.54
2018-19,2242,Tigard-Tualatin SD 23J,100,General Fund,1120,Local option ad valorem taxes levied by district,9463320.2
2018-19,2242,Tigard-Tualatin SD 23J,100,General Fund,1190,Penalties and interest on taxes,68600.34
2018-19,2242,Tigard-Tualatin SD 23J,100,General Fund,1311,Tuition from Individuals,19935
2018-19,2242,Tigard-Tualatin SD 23J,100,General Fund,1312,Tuition from Other Districts within the State,204000
2018-19,2242,Tigard-Tualatin SD 23J,100,General Fund,1500,Earnings on Investments,1489495.47
2018-19,2242,Tigard-Tualatin SD 23J,100,General Fund,5400,Resources - Beginning Fund Balance,25264006.15
2018-19,2242,Tigard-Tualatin SD 23J,200,Special Revenue Funds,5400,Resources - Beginning Fund Balance,9296849.3
2018-19,2242,Tigard-Tualatin SD 23J,300,Debt Service Funds,5400,Resources - Beginning Fund Balance,474896.12
2018-19,2242,Tigard-Tualatin SD 23J,400,Capital Projects Funds,5400,Resources - Beginning Fund Balance,217895565.55
2018-19,2242,Tigard-Tualatin SD 23J,600,Internal Service Funds,5400,Resources - Beginning Fund Balance,1979480.48
2018-19,2242,Tigard-Tualatin SD 23J,700,Trust and Agency Funds,5400,Resources - Beginning Fund Balance,2738186.96
2018-19,2242,Tigard-Tualatin SD 23J,400,Capital Projects Funds,5100,Long Term Debt Financing Sources,112314949.34
2018-19,2242,Tigard-Tualatin SD 23J,600,Internal Service Funds,1960,Recovery of Prior Years' Expenditure,50728.71
2018-19,2242,Tigard-Tualatin SD 23J,600,Internal Service Funds,1970,Services Provided Other Funds,98209.2
2018-19,2242,Tigard-Tualatin SD 23J,600,Internal Service Funds,1990,Miscellaneous,180179
2018-19,2242,Tigard-Tualatin SD 23J,700,Trust and Agency Funds,1500,Earnings on Investments,64759.65
2018-19,2242,Tigard-Tualatin SD 23J,700,Trust and Agency Funds,1990,Miscellaneous,1123517.45
2018-19,2242,Tigard-Tualatin SD 23J,300,Debt Service Funds,1910,Rentals,151760.64
2018-19,2242,Tigard-Tualatin SD 23J,300,Debt Service Funds,1970,Services Provided Other Funds,3623365.96
2018-19,2242,Tigard-Tualatin SD 23J,300,Debt Service Funds,5100,Long Term Debt Financing Sources,916204.53
2018-19,2242,Tigard-Tualatin SD 23J,300,Debt Service Funds,5200,Interfund Transfers,505382.08
2018-19,2242,Tigard-Tualatin SD 23J,400,Capital Projects Funds,1130,Construction Excise Tax,887555.65
2018-19,2242,Tigard-Tualatin SD 23J,400,Capital Projects Funds,1500,Earnings on Investments,3057500.91
2018-19,2242,Tigard-Tualatin SD 23J,200,Special Revenue Funds,4900,Revenue for/on Behalf of the District,265183.74
2018-19,2242,Tigard-Tualatin SD 23J,200,Special Revenue Funds,5200,Interfund Transfers,1233425.55
2018-19,2242,Tigard-Tualatin SD 23J,200,Special Revenue Funds,5300,Sale of or Compensation for Loss of Fixed Assets,3679
2018-19,2242,Tigard-Tualatin SD 23J,300,Debt Service Funds,1110,Ad valorem taxes levied by district,20254968.9
2018-19,2242,Tigard-Tualatin SD 23J,300,Debt Service Funds,1190,Penalties and interest on taxes,18410.83
2018-19,2242,Tigard-Tualatin SD 23J,300,Debt Service Funds,1500,Earnings on Investments,273784.85
2018-19,2242,Tigard-Tualatin SD 23J,200,Special Revenue Funds,3102,State School Fund--School Lunch Match,35723.07
2018-19,2242,Tigard-Tualatin SD 23J,200,Special Revenue Funds,3222,State School Fund (SSF) Transportation Equipment,120530.07
2018-19,2242,Tigard-Tualatin SD 23J,200,Special Revenue Funds,3299,Other Restricted Grants-In-Aid,3637432.76
2018-19,2242,Tigard-Tualatin SD 23J,200,Special Revenue Funds,4300,Restricted Revenue Direct From the Federal Government,300026.48
2018-19,2242,Tigard-Tualatin SD 23J,200,Special Revenue Funds,4500,Restricted Revenue From Federal Government Through the State,6808142.13
2018-19,2242,Tigard-Tualatin SD 23J,200,Special Revenue Funds,4700,Grants-In-Aid From Federal Government Through Other Intermed,4737.13
2018-19,2242,Tigard-Tualatin SD 23J,200,Special Revenue Funds,1910,Rentals,402649.76
2018-19,2242,Tigard-Tualatin SD 23J,200,Special Revenue Funds,1920,Contributions and Donations From Private Sources,1870916
2018-19,2242,Tigard-Tualatin SD 23J,200,Special Revenue Funds,1990,Miscellaneous,2688617.96
2018-19,2242,Tigard-Tualatin SD 23J,200,Special Revenue Funds,2102,General Education Service District Funds,2882272.4
2018-19,2242,Tigard-Tualatin SD 23J,200,Special Revenue Funds,2199,Other Intermediate Sources,22059.92
2018-19,2242,Tigard-Tualatin SD 23J,200,Special Revenue Funds,2200,Restricted Revenue,328979.84
2018-19,2242,Tigard-Tualatin SD 23J,100,General Fund,4801,Federal Forest Fees,1071.88
2018-19,2242,Tigard-Tualatin SD 23J,100,General Fund,5300,Sale of or Compensation for Loss of Fixed Assets,967.5
2018-19,2242,Tigard-Tualatin SD 23J,200,Special Revenue Funds,1500,Earnings on Investments,27742.38
2018-19,2242,Tigard-Tualatin SD 23J,200,Special Revenue Funds,1600,Food Service,1152832.12
2018-19,2242,Tigard-Tualatin SD 23J,200,Special Revenue Funds,1700,Extra-Curricular Activities,15940.23
2018-19,2242,Tigard-Tualatin SD 23J,200,Special Revenue Funds,1800,Community Services Activities,179724.88
2018-19,2242,Tigard-Tualatin SD 23J,100,General Fund,2102,General Education Service District Funds,1200000
2018-19,2242,Tigard-Tualatin SD 23J,100,General Fund,3101,State School Fund --General Support,64670467.85
2018-19,2242,Tigard-Tualatin SD 23J,100,General Fund,3103,Common School Fund,1406242.39
2018-19,2242,Tigard-Tualatin SD 23J,100,General Fund,3199,Other Unrestricted Grants-In-Aid,3718832.02
2018-19,2242,Tigard-Tualatin SD 23J,100,General Fund,3204,Driver Education,70851.82
2018-19,2242,Tigard-Tualatin SD 23J,100,General Fund,4500,Restricted Revenue From Federal Government Through the State,18738.92
2018-19,2242,Tigard-Tualatin SD 23J,100,General Fund,1700,Extra-Curricular Activities,383522.1
2018-19,2242,Tigard-Tualatin SD 23J,100,General Fund,1800,Community Services Activities,132552.88
2018-19,2242,Tigard-Tualatin SD 23J,100,General Fund,1960,Recovery of Prior Years' Expenditure,393083.44
2018-19,2242,Tigard-Tualatin SD 23J,100,General Fund,1980,Fees Charged to Grants,199764.86
2018-19,2242,Tigard-Tualatin SD 23J,100,General Fund,1990,Miscellaneous,464018.16
2018-19,2242,Tigard-Tualatin SD 23J,100,General Fund,2101,County School Funds,309692.86
2018-19,2243,Beaverton SD 48J,100,General Fund,1110,Ad valorem taxes levied by district,140178403.67
2018-19,2243,Beaverton SD 48J,100,General Fund,1120,Local option ad valorem taxes levied by district,33330338.01
2018-19,2243,Beaverton SD 48J,100,General Fund,1311,Tuition from Individuals,29400
2018-19,2243,Beaverton SD 48J,100,General Fund,1312,Tuition from Other Districts within the State,874109.4
2018-19,2243,Beaverton SD 48J,100,General Fund,1411,Transportation fees from Individuals,203274.1
2018-19,2243,Beaverton SD 48J,100,General Fund,1500,Earnings on Investments,3204239.49
2018-19,2243,Beaverton SD 48J,700,Trust and Agency Funds,1500,Earnings on Investments,6611.09
2018-19,2243,Beaverton SD 48J,700,Trust and Agency Funds,1920,Contributions and Donations From Private Sources,92985.56
2018-19,2243,Beaverton SD 48J,700,Trust and Agency Funds,5400,Resources - Beginning Fund Balance,339619.67
2018-19,2243,Beaverton SD 48J,600,Internal Service Funds,1500,Earnings on Investments,125999.72
2018-19,2243,Beaverton SD 48J,600,Internal Service Funds,1960,Recovery of Prior Years' Expenditure,240926.2
2018-19,2243,Beaverton SD 48J,600,Internal Service Funds,1970,Services Provided Other Funds,3897317.13
2018-19,2243,Beaverton SD 48J,600,Internal Service Funds,1990,Miscellaneous,61880.44
2018-19,2243,Beaverton SD 48J,600,Internal Service Funds,5200,Interfund Transfers,910000
2018-19,2243,Beaverton SD 48J,600,Internal Service Funds,5400,Resources - Beginning Fund Balance,5899335.8
2018-19,2243,Beaverton SD 48J,400,Capital Projects Funds,1910,Rentals,29160
2018-19,2243,Beaverton SD 48J,400,Capital Projects Funds,1920,Contributions and Donations From Private Sources,833853.39
2018-19,2243,Beaverton SD 48J,400,Capital Projects Funds,1960,Recovery of Prior Years' Expenditure,6473096.19
2018-19,2243,Beaverton SD 48J,400,Capital Projects Funds,1990,Miscellaneous,622610.85
2018-19,2243,Beaverton SD 48J,400,Capital Projects Funds,5300,Sale of or Compensation for Loss of Fixed Assets,257673.4
2018-19,2243,Beaverton SD 48J,400,Capital Projects Funds,5400,Resources - Beginning Fund Balance,296563817.82
2018-19,2243,Beaverton SD 48J,300,Debt Service Funds,1960,Recovery of Prior Years' Expenditure,1518.46
2018-19,2243,Beaverton SD 48J,300,Debt Service Funds,1970,Services Provided Other Funds,19535532.08
2018-19,2243,Beaverton SD 48J,300,Debt Service Funds,5200,Interfund Transfers,1328900
2018-19,2243,Beaverton SD 48J,300,Debt Service Funds,5400,Resources - Beginning Fund Balance,2199588.88
2018-19,2243,Beaverton SD 48J,400,Capital Projects Funds,1130,Construction Excise Tax,3391945.85
2018-19,2243,Beaverton SD 48J,400,Capital Projects Funds,1500,Earnings on Investments,7850695.59
2018-19,2243,Beaverton SD 48J,200,Special Revenue Funds,4700,Grants-In-Aid From Federal Government Through Other Intermed,110616.44
2018-19,2243,Beaverton SD 48J,200,Special Revenue Funds,4900,Revenue for/on Behalf of the District,902928.95
2018-19,2243,Beaverton SD 48J,200,Special Revenue Funds,5200,Interfund Transfers,2984451.46
2018-19,2243,Beaverton SD 48J,200,Special Revenue Funds,5400,Resources - Beginning Fund Balance,34003560.42
2018-19,2243,Beaverton SD 48J,300,Debt Service Funds,1110,Ad valorem taxes levied by district,62457808.32
2018-19,2243,Beaverton SD 48J,300,Debt Service Funds,1500,Earnings on Investments,811193.55
2018-19,2243,Beaverton SD 48J,200,Special Revenue Funds,2200,Restricted Revenue,342040.44
2018-19,2243,Beaverton SD 48J,200,Special Revenue Funds,3102,State School Fund--School Lunch Match,122286.31
2018-19,2243,Beaverton SD 48J,200,Special Revenue Funds,3199,Other Unrestricted Grants-In-Aid,593708
2018-19,2243,Beaverton SD 48J,200,Special Revenue Funds,3299,Other Restricted Grants-In-Aid,8560854.45
2018-19,2243,Beaverton SD 48J,200,Special Revenue Funds,4300,Restricted Revenue Direct From the Federal Government,146279.27
2018-19,2243,Beaverton SD 48J,200,Special Revenue Funds,4500,Restricted Revenue From Federal Government Through the State,24728875.85
2018-19,2243,Beaverton SD 48J,200,Special Revenue Funds,1700,Extra-Curricular Activities,4708773.4
2018-19,2243,Beaverton SD 48J,200,Special Revenue Funds,1910,Rentals,2160
2018-19,2243,Beaverton SD 48J,200,Special Revenue Funds,1920,Contributions and Donations From Private Sources,4515571.72
2018-19,2243,Beaverton SD 48J,200,Special Revenue Funds,1950,Textbook Sales and Rentals,49328
2018-19,2243,Beaverton SD 48J,200,Special Revenue Funds,1960,Recovery of Prior Years' Expenditure,8550
2018-19,2243,Beaverton SD 48J,200,Special Revenue Funds,1990,Miscellaneous,409170.81
2018-19,2243,Beaverton SD 48J,100,General Fund,5100,Long Term Debt Financing Sources,531139.5
2018-19,2243,Beaverton SD 48J,100,General Fund,5200,Interfund Transfers,61970.16
2018-19,2243,Beaverton SD 48J,100,General Fund,5300,Sale of or Compensation for Loss of Fixed Assets,15200
2018-19,2243,Beaverton SD 48J,100,General Fund,5400,Resources - Beginning Fund Balance,29617787.43
2018-19,2243,Beaverton SD 48J,200,Special Revenue Funds,1500,Earnings on Investments,180320.88
2018-19,2243,Beaverton SD 48J,200,Special Revenue Funds,1600,Food Service,5200868.88
2018-19,2243,Beaverton SD 48J,100,General Fund,2101,County School Funds,1009376.99
2018-19,2243,Beaverton SD 48J,100,General Fund,2102,General Education Service District Funds,11139732.62
2018-19,2243,Beaverton SD 48J,100,General Fund,3101,State School Fund --General Support,257695444.09
2018-19,2243,Beaverton SD 48J,100,General Fund,3103,Common School Fund,4499398.26
2018-19,2243,Beaverton SD 48J,100,General Fund,3199,Other Unrestricted Grants-In-Aid,2353095.37
2018-19,2243,Beaverton SD 48J,100,General Fund,3299,Other Restricted Grants-In-Aid,45933
2018-19,2243,Beaverton SD 48J,100,General Fund,1700,Extra-Curricular Activities,1876641.84
2018-19,2243,Beaverton SD 48J,100,General Fund,1910,Rentals,1019361.01
2018-19,2243,Beaverton SD 48J,100,General Fund,1920,Contributions and Donations From Private Sources,6052.67
2018-19,2243,Beaverton SD 48J,100,General Fund,1960,Recovery of Prior Years' Expenditure,96697.23
2018-19,2243,Beaverton SD 48J,100,General Fund,1980,Fees Charged to Grants,623803.58
2018-19,2243,Beaverton SD 48J,100,General Fund,1990,Miscellaneous,652053.23
2018-19,2244,Sherwood SD 88J,100,General Fund,1110,Ad valorem taxes levied by district,16165916.96
2018-19,2244,Sherwood SD 88J,100,General Fund,1330,Summer School Tuition,32202.5
2018-19,2244,Sherwood SD 88J,100,General Fund,1411,Transportation fees from Individuals,126101.41
2018-19,2244,Sherwood SD 88J,100,General Fund,1500,Earnings on Investments,209931.43
2018-19,2244,Sherwood SD 88J,100,General Fund,1910,Rentals,51092.14
2018-19,2244,Sherwood SD 88J,100,General Fund,1960,Recovery of Prior Years' Expenditure,84547.13
2018-19,2244,Sherwood SD 88J,400,Capital Projects Funds,5200,Interfund Transfers,200000
2018-19,2244,Sherwood SD 88J,400,Capital Projects Funds,5400,Resources - Beginning Fund Balance,225316075.66
2018-19,2244,Sherwood SD 88J,300,Debt Service Funds,2800,Revenue in Lieu of Taxes,2507.8
2018-19,2244,Sherwood SD 88J,300,Debt Service Funds,5400,Resources - Beginning Fund Balance,-26767.43
2018-19,2244,Sherwood SD 88J,400,Capital Projects Funds,1500,Earnings on Investments,3864505.5
2018-19,2244,Sherwood SD 88J,400,Capital Projects Funds,1960,Recovery of Prior Years' Expenditure,88212
2018-19,2244,Sherwood SD 88J,400,Capital Projects Funds,1990,Miscellaneous,596136.12
2018-19,2244,Sherwood SD 88J,400,Capital Projects Funds,3299,Other Restricted Grants-In-Aid,4493542
2018-19,2244,Sherwood SD 88J,200,Special Revenue Funds,5100,Long Term Debt Financing Sources,117394
2018-19,2244,Sherwood SD 88J,200,Special Revenue Funds,5200,Interfund Transfers,1031497.5
2018-19,2244,Sherwood SD 88J,200,Special Revenue Funds,5400,Resources - Beginning Fund Balance,3660608.59
2018-19,2244,Sherwood SD 88J,300,Debt Service Funds,1110,Ad valorem taxes levied by district,13914443.43
2018-19,2244,Sherwood SD 88J,300,Debt Service Funds,1500,Earnings on Investments,177151.48
2018-19,2244,Sherwood SD 88J,300,Debt Service Funds,1970,Services Provided Other Funds,1225093.85
2018-19,2244,Sherwood SD 88J,200,Special Revenue Funds,2200,Restricted Revenue,223512.11
2018-19,2244,Sherwood SD 88J,200,Special Revenue Funds,3199,Other Unrestricted Grants-In-Aid,833292.27
2018-19,2244,Sherwood SD 88J,200,Special Revenue Funds,3222,State School Fund (SSF) Transportation Equipment,137500
2018-19,2244,Sherwood SD 88J,200,Special Revenue Funds,3299,Other Restricted Grants-In-Aid,120562.59
2018-19,2244,Sherwood SD 88J,200,Special Revenue Funds,4100,Unrestricted Revenue Direct From the Federal Government,343988.41
2018-19,2244,Sherwood SD 88J,200,Special Revenue Funds,4500,Restricted Revenue From Federal Government Through the State,1135529.16
2018-19,2244,Sherwood SD 88J,200,Special Revenue Funds,1500,Earnings on Investments,65726.57
2018-19,2244,Sherwood SD 88J,200,Special Revenue Funds,1600,Food Service,836308.08
2018-19,2244,Sherwood SD 88J,200,Special Revenue Funds,1700,Extra-Curricular Activities,1542926.8
2018-19,2244,Sherwood SD 88J,200,Special Revenue Funds,1920,Contributions and Donations From Private Sources,252603.87
2018-19,2244,Sherwood SD 88J,200,Special Revenue Funds,1930,Rental or Lease Payments from Private Contractors,3897.88
2018-19,2244,Sherwood SD 88J,200,Special Revenue Funds,1990,Miscellaneous,346524.21
2018-19,2244,Sherwood SD 88J,100,General Fund,3106,State School Fund - Accrual,167652.31
2018-19,2244,Sherwood SD 88J,100,General Fund,3199,Other Unrestricted Grants-In-Aid,111066.8
2018-19,2244,Sherwood SD 88J,100,General Fund,4801,Federal Forest Fees,499.05
2018-19,2244,Sherwood SD 88J,100,General Fund,5400,Resources - Beginning Fund Balance,4136058.41
2018-19,2244,Sherwood SD 88J,200,Special Revenue Funds,1130,Construction Excise Tax,282814.32
2018-19,2244,Sherwood SD 88J,200,Special Revenue Funds,1311,Tuition from Individuals,5
2018-19,2244,Sherwood SD 88J,100,General Fund,1980,Fees Charged to Grants,27502.56
2018-19,2244,Sherwood SD 88J,100,General Fund,1990,Miscellaneous,77946.09
2018-19,2244,Sherwood SD 88J,100,General Fund,2101,County School Funds,127677.49
2018-19,2244,Sherwood SD 88J,100,General Fund,2800,Revenue in Lieu of Taxes,2828.01
2018-19,2244,Sherwood SD 88J,100,General Fund,3101,State School Fund --General Support,32789278.24
2018-19,2244,Sherwood SD 88J,100,General Fund,3103,Common School Fund,589717.29
2018-19,2245,Gaston SD 511J,300,Debt Service Funds,1970,Services Provided Other Funds,558914.78
2018-19,2245,Gaston SD 511J,300,Debt Service Funds,5200,Interfund Transfers,29412
2018-19,2245,Gaston SD 511J,400,Capital Projects Funds,1500,Earnings on Investments,28414.41
2018-19,2245,Gaston SD 511J,700,Trust and Agency Funds,1920,Contributions and Donations From Private Sources,3002
2018-19,2245,Gaston SD 511J,400,Capital Projects Funds,5200,Interfund Transfers,0
2018-19,2245,Gaston SD 511J,200,Special Revenue Funds,3299,Other Restricted Grants-In-Aid,317752.08
2018-19,2245,Gaston SD 511J,200,Special Revenue Funds,4500,Restricted Revenue From Federal Government Through the State,314273.64
2018-19,2245,Gaston SD 511J,200,Special Revenue Funds,4900,Revenue for/on Behalf of the District,10262.01
2018-19,2245,Gaston SD 511J,200,Special Revenue Funds,5400,Resources - Beginning Fund Balance,171208.7
2018-19,2245,Gaston SD 511J,300,Debt Service Funds,1110,Ad valorem taxes levied by district,515928.66
2018-19,2245,Gaston SD 511J,300,Debt Service Funds,1500,Earnings on Investments,4371
2018-19,2245,Gaston SD 511J,200,Special Revenue Funds,1960,Recovery of Prior Years' Expenditure,50
2018-19,2245,Gaston SD 511J,200,Special Revenue Funds,1990,Miscellaneous,37788.29
2018-19,2245,Gaston SD 511J,200,Special Revenue Funds,2102,General Education Service District Funds,100152
2018-19,2245,Gaston SD 511J,200,Special Revenue Funds,2199,Other Intermediate Sources,23986.46
2018-19,2245,Gaston SD 511J,200,Special Revenue Funds,3102,State School Fund--School Lunch Match,601.92
2018-19,2245,Gaston SD 511J,200,Special Revenue Funds,3199,Other Unrestricted Grants-In-Aid,2065.59
2018-19,2245,Gaston SD 511J,100,General Fund,1700,Extra-Curricular Activities,28219.5
2018-19,2245,Gaston SD 511J,100,General Fund,4200,Unrestricted Revenue From Federal Government Through State,6288.95
2018-19,2245,Gaston SD 511J,200,Special Revenue Funds,1130,Construction Excise Tax,23354.92
2018-19,2245,Gaston SD 511J,200,Special Revenue Funds,1600,Food Service,44335.5
2018-19,2245,Gaston SD 511J,200,Special Revenue Funds,1700,Extra-Curricular Activities,135466.57
2018-19,2245,Gaston SD 511J,200,Special Revenue Funds,1920,Contributions and Donations From Private Sources,31388.86
2018-19,2245,Gaston SD 511J,300,Debt Service Funds,1190,Penalties and interest on taxes,716.06
2018-19,2245,Gaston SD 511J,300,Debt Service Funds,5400,Resources - Beginning Fund Balance,262166.89
2018-19,2245,Gaston SD 511J,400,Capital Projects Funds,5400,Resources - Beginning Fund Balance,2485998.42
2018-19,2245,Gaston SD 511J,700,Trust and Agency Funds,5400,Resources - Beginning Fund Balance,11475.41
2018-19,2245,Gaston SD 511J,100,General Fund,1110,Ad valorem taxes levied by district,1260427.09
2018-19,2245,Gaston SD 511J,100,General Fund,1500,Earnings on Investments,76996.93
2018-19,2245,Gaston SD 511J,100,General Fund,3103,Common School Fund,60974.02
2018-19,2245,Gaston SD 511J,100,General Fund,3104,State Managed County Timber,996355.9
2018-19,2245,Gaston SD 511J,100,General Fund,3199,Other Unrestricted Grants-In-Aid,78206.56
2018-19,2245,Gaston SD 511J,100,General Fund,3299,Other Restricted Grants-In-Aid,1817.92
2018-19,2245,Gaston SD 511J,100,General Fund,4500,Restricted Revenue From Federal Government Through the State,1756
2018-19,2245,Gaston SD 511J,100,General Fund,5400,Resources - Beginning Fund Balance,1120684.86
2018-19,2245,Gaston SD 511J,100,General Fund,1910,Rentals,950
2018-19,2245,Gaston SD 511J,100,General Fund,1920,Contributions and Donations From Private Sources,300
2018-19,2245,Gaston SD 511J,100,General Fund,1980,Fees Charged to Grants,15588.82
2018-19,2245,Gaston SD 511J,100,General Fund,1990,Miscellaneous,58792.16
2018-19,2245,Gaston SD 511J,100,General Fund,2101,County School Funds,12795.52
2018-19,2245,Gaston SD 511J,100,General Fund,3101,State School Fund --General Support,3734805.91
2018-19,2245,Gaston SD 511J,100,General Fund,1190,Penalties and interest on taxes,2996.4
2018-19,2247,Spray SD 1,100,General Fund,1110,Ad valorem taxes levied by district,159822.6
2018-19,2247,Spray SD 1,100,General Fund,1190,Penalties and interest on taxes,2147.53
2018-19,2247,Spray SD 1,100,General Fund,1500,Earnings on Investments,17270.16
2018-19,2247,Spray SD 1,100,General Fund,1910,Rentals,1060.5
2018-19,2247,Spray SD 1,100,General Fund,1990,Miscellaneous,8657.7
2018-19,2247,Spray SD 1,100,General Fund,2101,County School Funds,5813.07
2018-19,2247,Spray SD 1,700,Trust and Agency Funds,5400,Resources - Beginning Fund Balance,192505.23
2018-19,2247,Spray SD 1,200,Special Revenue Funds,4700,Grants-In-Aid From Federal Government Through Other Intermed,4400.57
2018-19,2247,Spray SD 1,200,Special Revenue Funds,5200,Interfund Transfers,26906.06
2018-19,2247,Spray SD 1,200,Special Revenue Funds,5400,Resources - Beginning Fund Balance,16743.95
2018-19,2247,Spray SD 1,400,Capital Projects Funds,3101,State School Fund --General Support,16427.4
2018-19,2247,Spray SD 1,400,Capital Projects Funds,5400,Resources - Beginning Fund Balance,126949.17
2018-19,2247,Spray SD 1,700,Trust and Agency Funds,1500,Earnings on Investments,5503.39
2018-19,2247,Spray SD 1,200,Special Revenue Funds,1960,Recovery of Prior Years' Expenditure,14.97
2018-19,2247,Spray SD 1,200,Special Revenue Funds,1990,Miscellaneous,54076.46
2018-19,2247,Spray SD 1,200,Special Revenue Funds,3102,State School Fund--School Lunch Match,308.07
2018-19,2247,Spray SD 1,200,Special Revenue Funds,3299,Other Restricted Grants-In-Aid,39900.56
2018-19,2247,Spray SD 1,200,Special Revenue Funds,4300,Restricted Revenue Direct From the Federal Government,24221.78
2018-19,2247,Spray SD 1,200,Special Revenue Funds,4500,Restricted Revenue From Federal Government Through the State,89747.28
2018-19,2247,Spray SD 1,100,General Fund,2103,Excess ESD Local Revenue,69948.48
2018-19,2247,Spray SD 1,100,General Fund,3101,State School Fund --General Support,1061628.99
2018-19,2247,Spray SD 1,100,General Fund,3103,Common School Fund,5269.69
2018-19,2247,Spray SD 1,100,General Fund,4801,Federal Forest Fees,47148.81
2018-19,2247,Spray SD 1,100,General Fund,5400,Resources - Beginning Fund Balance,488161.59
2018-19,2247,Spray SD 1,200,Special Revenue Funds,1600,Food Service,2121.8
2018-19,2248,Fossil SD 21J,200,Special Revenue Funds,5400,Resources - Beginning Fund Balance,29837.44
2018-19,2248,Fossil SD 21J,400,Capital Projects Funds,5200,Interfund Transfers,290364.87
2018-19,2248,Fossil SD 21J,700,Trust and Agency Funds,1500,Earnings on Investments,22762.2
2018-19,2248,Fossil SD 21J,700,Trust and Agency Funds,5400,Resources - Beginning Fund Balance,444753.41
2018-19,2248,Fossil SD 21J,200,Special Revenue Funds,4500,Restricted Revenue From Federal Government Through the State,156458.59
2018-19,2248,Fossil SD 21J,200,Special Revenue Funds,4700,Grants-In-Aid From Federal Government Through Other Intermed,0
2018-19,2248,Fossil SD 21J,200,Special Revenue Funds,1700,Extra-Curricular Activities,50297.63
2018-19,2248,Fossil SD 21J,200,Special Revenue Funds,3102,State School Fund--School Lunch Match,711.37
2018-19,2248,Fossil SD 21J,200,Special Revenue Funds,3299,Other Restricted Grants-In-Aid,7037.97
2018-19,2248,Fossil SD 21J,200,Special Revenue Funds,4300,Restricted Revenue Direct From the Federal Government,22717
2018-19,2248,Fossil SD 21J,200,Special Revenue Funds,4900,Revenue for/on Behalf of the District,2425.57
2018-19,2248,Fossil SD 21J,200,Special Revenue Funds,5200,Interfund Transfers,56765.36
2018-19,2248,Fossil SD 21J,100,General Fund,3102,State School Fund--School Lunch Match,-246.97
2018-19,2248,Fossil SD 21J,100,General Fund,3103,Common School Fund,4990.3
2018-19,2248,Fossil SD 21J,100,General Fund,4500,Restricted Revenue From Federal Government Through the State,1745.23
2018-19,2248,Fossil SD 21J,100,General Fund,4801,Federal Forest Fees,41989.11
2018-19,2248,Fossil SD 21J,100,General Fund,5400,Resources - Beginning Fund Balance,2510446.89
2018-19,2248,Fossil SD 21J,200,Special Revenue Funds,1600,Food Service,3113.16
2018-19,2248,Fossil SD 21J,100,General Fund,1960,Recovery of Prior Years' Expenditure,750
2018-19,2248,Fossil SD 21J,100,General Fund,1990,Miscellaneous,4531.83
2018-19,2248,Fossil SD 21J,100,General Fund,2101,County School Funds,8055.81
2018-19,2248,Fossil SD 21J,100,General Fund,2103,Excess ESD Local Revenue,411598.79
2018-19,2248,Fossil SD 21J,100,General Fund,2200,Restricted Revenue,2730
2018-19,2248,Fossil SD 21J,100,General Fund,3101,State School Fund --General Support,6114928.23
2018-19,2248,Fossil SD 21J,100,General Fund,1110,Ad valorem taxes levied by district,213254.17
2018-19,2248,Fossil SD 21J,100,General Fund,1190,Penalties and interest on taxes,4528.33
2018-19,2248,Fossil SD 21J,100,General Fund,1500,Earnings on Investments,62229.97
2018-19,2248,Fossil SD 21J,100,General Fund,1910,Rentals,559
2018-19,2248,Fossil SD 21J,100,General Fund,1920,Contributions and Donations From Private Sources,5781
2018-19,2248,Fossil SD 21J,100,General Fund,1940,Services Provided Other Local Education Agencies,9000
2018-19,2249,Mitchell SD 55,100,General Fund,1110,Ad valorem taxes levied by district,157957.41
2018-19,2249,Mitchell SD 55,100,General Fund,1190,Penalties and interest on taxes,2255.7
2018-19,2249,Mitchell SD 55,100,General Fund,1500,Earnings on Investments,12162.8
2018-19,2249,Mitchell SD 55,100,General Fund,1910,Rentals,6084
2018-19,2249,Mitchell SD 55,100,General Fund,1920,Contributions and Donations From Private Sources,500
2018-19,2249,Mitchell SD 55,100,General Fund,1940,Services Provided Other Local Education Agencies,44914.73
2018-19,2249,Mitchell SD 55,400,Capital Projects Funds,5200,Interfund Transfers,31000
2018-19,2249,Mitchell SD 55,400,Capital Projects Funds,5400,Resources - Beginning Fund Balance,98726.52
2018-19,2249,Mitchell SD 55,200,Special Revenue Funds,1990,Miscellaneous,6155.25
2018-19,2249,Mitchell SD 55,200,Special Revenue Funds,3299,Other Restricted Grants-In-Aid,37416.82
2018-19,2249,Mitchell SD 55,200,Special Revenue Funds,4500,Restricted Revenue From Federal Government Through the State,45249.41
2018-19,2249,Mitchell SD 55,200,Special Revenue Funds,4700,Grants-In-Aid From Federal Government Through Other Intermed,53239.59
2018-19,2249,Mitchell SD 55,200,Special Revenue Funds,5200,Interfund Transfers,60150
2018-19,2249,Mitchell SD 55,200,Special Revenue Funds,5400,Resources - Beginning Fund Balance,40138.46
2018-19,2249,Mitchell SD 55,100,General Fund,3299,Other Restricted Grants-In-Aid,4390.9
2018-19,2249,Mitchell SD 55,100,General Fund,4500,Restricted Revenue From Federal Government Through the State,617.07
2018-19,2249,Mitchell SD 55,100,General Fund,4801,Federal Forest Fees,44317.39
2018-19,2249,Mitchell SD 55,100,General Fund,5400,Resources - Beginning Fund Balance,575833.17
2018-19,2249,Mitchell SD 55,200,Special Revenue Funds,1600,Food Service,8202
2018-19,2249,Mitchell SD 55,200,Special Revenue Funds,1700,Extra-Curricular Activities,15711.88
2018-19,2249,Mitchell SD 55,100,General Fund,1990,Miscellaneous,26294.45
2018-19,2249,Mitchell SD 55,100,General Fund,2101,County School Funds,5462.56
2018-19,2249,Mitchell SD 55,100,General Fund,2103,Excess ESD Local Revenue,414937.74
2018-19,2249,Mitchell SD 55,100,General Fund,3101,State School Fund --General Support,5007812.37
2018-19,2249,Mitchell SD 55,100,General Fund,3102,State School Fund--School Lunch Match,269.11
2018-19,2249,Mitchell SD 55,100,General Fund,3103,Common School Fund,4962.42
2018-19,2251,Yamhill Carlton SD 1,100,General Fund,1110,Ad valorem taxes levied by district,3301536.33
2018-19,2251,Yamhill Carlton SD 1,100,General Fund,1190,Penalties and interest on taxes,14275.82
2018-19,2251,Yamhill Carlton SD 1,100,General Fund,1312,Tuition from Other Districts within the State,158584
2018-19,2251,Yamhill Carlton SD 1,100,General Fund,1330,Summer School Tuition,3205
2018-19,2251,Yamhill Carlton SD 1,100,General Fund,1411,Transportation fees from Individuals,143.14
2018-19,2251,Yamhill Carlton SD 1,100,General Fund,1500,Earnings on Investments,94856.12
2018-19,2251,Yamhill Carlton SD 1,700,Trust and Agency Funds,1920,Contributions and Donations From Private Sources,710
2018-19,2251,Yamhill Carlton SD 1,700,Trust and Agency Funds,5400,Resources - Beginning Fund Balance,45091.56
2018-19,2251,Yamhill Carlton SD 1,400,Capital Projects Funds,1990,Miscellaneous,9011.29
2018-19,2251,Yamhill Carlton SD 1,400,Capital Projects Funds,3299,Other Restricted Grants-In-Aid,61606
2018-19,2251,Yamhill Carlton SD 1,400,Capital Projects Funds,5100,Long Term Debt Financing Sources,2000000
2018-19,2251,Yamhill Carlton SD 1,400,Capital Projects Funds,5200,Interfund Transfers,100000
2018-19,2251,Yamhill Carlton SD 1,400,Capital Projects Funds,5300,Sale of or Compensation for Loss of Fixed Assets,298675
2018-19,2251,Yamhill Carlton SD 1,400,Capital Projects Funds,5400,Resources - Beginning Fund Balance,5035837.62
2018-19,2251,Yamhill Carlton SD 1,300,Debt Service Funds,5300,Sale of or Compensation for Loss of Fixed Assets,31325
2018-19,2251,Yamhill Carlton SD 1,300,Debt Service Funds,5400,Resources - Beginning Fund Balance,630811.36
2018-19,2251,Yamhill Carlton SD 1,400,Capital Projects Funds,1130,Construction Excise Tax,94855.44
2018-19,2251,Yamhill Carlton SD 1,400,Capital Projects Funds,1500,Earnings on Investments,49447.51
2018-19,2251,Yamhill Carlton SD 1,400,Capital Projects Funds,1910,Rentals,17421.6
2018-19,2251,Yamhill Carlton SD 1,400,Capital Projects Funds,1960,Recovery of Prior Years' Expenditure,147000
2018-19,2251,Yamhill Carlton SD 1,300,Debt Service Funds,1110,Ad valorem taxes levied by district,1521163.13
2018-19,2251,Yamhill Carlton SD 1,300,Debt Service Funds,1190,Penalties and interest on taxes,3707.82
2018-19,2251,Yamhill Carlton SD 1,300,Debt Service Funds,1500,Earnings on Investments,10978.76
2018-19,2251,Yamhill Carlton SD 1,300,Debt Service Funds,1970,Services Provided Other Funds,963973.16
2018-19,2251,Yamhill Carlton SD 1,300,Debt Service Funds,3900,Revenue for/on Behalf of the District,20348.69
2018-19,2251,Yamhill Carlton SD 1,300,Debt Service Funds,5200,Interfund Transfers,230464
2018-19,2251,Yamhill Carlton SD 1,200,Special Revenue Funds,3299,Other Restricted Grants-In-Aid,183291.55
2018-19,2251,Yamhill Carlton SD 1,200,Special Revenue Funds,4500,Restricted Revenue From Federal Government Through the State,420547.54
2018-19,2251,Yamhill Carlton SD 1,200,Special Revenue Funds,4700,Grants-In-Aid From Federal Government Through Other Intermed,3659.92
2018-19,2251,Yamhill Carlton SD 1,200,Special Revenue Funds,4900,Revenue for/on Behalf of the District,27930.89
2018-19,2251,Yamhill Carlton SD 1,200,Special Revenue Funds,5200,Interfund Transfers,130500
2018-19,2251,Yamhill Carlton SD 1,200,Special Revenue Funds,5400,Resources - Beginning Fund Balance,354778.66
2018-19,2251,Yamhill Carlton SD 1,200,Special Revenue Funds,1600,Food Service,90177.68
2018-19,2251,Yamhill Carlton SD 1,200,Special Revenue Funds,1700,Extra-Curricular Activities,245900.29
2018-19,2251,Yamhill Carlton SD 1,200,Special Revenue Funds,1920,Contributions and Donations From Private Sources,78853.07
2018-19,2251,Yamhill Carlton SD 1,200,Special Revenue Funds,1990,Miscellaneous,4067.78
2018-19,2251,Yamhill Carlton SD 1,200,Special Revenue Funds,2200,Restricted Revenue,2737
2018-19,2251,Yamhill Carlton SD 1,200,Special Revenue Funds,3102,State School Fund--School Lunch Match,3385.95
2018-19,2251,Yamhill Carlton SD 1,100,General Fund,2102,General Education Service District Funds,170000
2018-19,2251,Yamhill Carlton SD 1,100,General Fund,3101,State School Fund --General Support,6468179.12
2018-19,2251,Yamhill Carlton SD 1,100,General Fund,3103,Common School Fund,113596.1
2018-19,2251,Yamhill Carlton SD 1,100,General Fund,3199,Other Unrestricted Grants-In-Aid,118707.02
2018-19,2251,Yamhill Carlton SD 1,100,General Fund,5400,Resources - Beginning Fund Balance,994720.72
2018-19,2251,Yamhill Carlton SD 1,200,Special Revenue Funds,1500,Earnings on Investments,150.14
2018-19,2251,Yamhill Carlton SD 1,100,General Fund,1700,Extra-Curricular Activities,43413.54
2018-19,2251,Yamhill Carlton SD 1,100,General Fund,1910,Rentals,4055
2018-19,2251,Yamhill Carlton SD 1,100,General Fund,1920,Contributions and Donations From Private Sources,10000
2018-19,2251,Yamhill Carlton SD 1,100,General Fund,1960,Recovery of Prior Years' Expenditure,6604.2
2018-19,2251,Yamhill Carlton SD 1,100,General Fund,1990,Miscellaneous,36394.25
2018-19,2251,Yamhill Carlton SD 1,100,General Fund,2101,County School Funds,3406.78
2018-19,2252,Amity SD 4J,100,General Fund,1110,Ad valorem taxes levied by district,1799730.91
2018-19,2252,Amity SD 4J,100,General Fund,1190,Penalties and interest on taxes,7347.24
2018-19,2252,Amity SD 4J,100,General Fund,1500,Earnings on Investments,64080.16
2018-19,2252,Amity SD 4J,100,General Fund,1920,Contributions and Donations From Private Sources,6200
2018-19,2252,Amity SD 4J,100,General Fund,1960,Recovery of Prior Years' Expenditure,18320.09
2018-19,2252,Amity SD 4J,100,General Fund,2200,Restricted Revenue,2272.73
2018-19,2252,Amity SD 4J,200,Special Revenue Funds,3222,State School Fund (SSF) Transportation Equipment,23782
2018-19,2252,Amity SD 4J,100,General Fund,2199,Other Intermediate Sources,1060.42
2018-19,2252,Amity SD 4J,200,Special Revenue Funds,1600,Food Service,52669.14
2018-19,2252,Amity SD 4J,200,Special Revenue Funds,1940,Services Provided Other Local Education Agencies,1000
2018-19,2252,Amity SD 4J,400,Capital Projects Funds,1990,Miscellaneous,16094.38
2018-19,2252,Amity SD 4J,200,Special Revenue Funds,4900,Revenue for/on Behalf of the District,19973.29
2018-19,2252,Amity SD 4J,100,General Fund,1990,Miscellaneous,27022.04
2018-19,2252,Amity SD 4J,100,General Fund,5400,Resources - Beginning Fund Balance,1124646
2018-19,2252,Amity SD 4J,100,General Fund,2101,County School Funds,2682.5
2018-19,2252,Amity SD 4J,100,General Fund,2102,General Education Service District Funds,80793.41
2018-19,2252,Amity SD 4J,200,Special Revenue Funds,1800,Community Services Activities,18302.55
2018-19,2252,Amity SD 4J,400,Capital Projects Funds,1500,Earnings on Investments,10818.78
2018-19,2252,Amity SD 4J,400,Capital Projects Funds,5200,Interfund Transfers,35000
2018-19,2252,Amity SD 4J,400,Capital Projects Funds,5400,Resources - Beginning Fund Balance,558349.48
2018-19,2252,Amity SD 4J,100,General Fund,1700,Extra-Curricular Activities,42417.08
2018-19,2252,Amity SD 4J,100,General Fund,1910,Rentals,10240
2018-19,2252,Amity SD 4J,100,General Fund,3103,Common School Fund,95980.76
2018-19,2252,Amity SD 4J,200,Special Revenue Funds,5400,Resources - Beginning Fund Balance,789601.32
2018-19,2252,Amity SD 4J,300,Debt Service Funds,1110,Ad valorem taxes levied by district,633358.44
2018-19,2252,Amity SD 4J,300,Debt Service Funds,1190,Penalties and interest on taxes,2645.73
2018-19,2252,Amity SD 4J,300,Debt Service Funds,1500,Earnings on Investments,27250.88
2018-19,2252,Amity SD 4J,300,Debt Service Funds,1970,Services Provided Other Funds,724603.15
2018-19,2252,Amity SD 4J,300,Debt Service Funds,5400,Resources - Beginning Fund Balance,605771.06
2018-19,2252,Amity SD 4J,200,Special Revenue Funds,1700,Extra-Curricular Activities,209058.39
2018-19,2252,Amity SD 4J,200,Special Revenue Funds,1990,Miscellaneous,48825.8
2018-19,2252,Amity SD 4J,200,Special Revenue Funds,3102,State School Fund--School Lunch Match,2594.94
2018-19,2252,Amity SD 4J,200,Special Revenue Funds,3299,Other Restricted Grants-In-Aid,124567.8
2018-19,2252,Amity SD 4J,200,Special Revenue Funds,4700,Grants-In-Aid From Federal Government Through Other Intermed,1878.63
2018-19,2252,Amity SD 4J,200,Special Revenue Funds,5200,Interfund Transfers,120000
2018-19,2252,Amity SD 4J,100,General Fund,3101,State School Fund --General Support,6847382.02
2018-19,2252,Amity SD 4J,100,General Fund,3199,Other Unrestricted Grants-In-Aid,45204.6
2018-19,2252,Amity SD 4J,100,General Fund,3299,Other Restricted Grants-In-Aid,3046.4
2018-19,2252,Amity SD 4J,100,General Fund,4801,Federal Forest Fees,4.35
2018-19,2252,Amity SD 4J,200,Special Revenue Funds,4500,Restricted Revenue From Federal Government Through the State,483070.85
2018-19,2252,Amity SD 4J,200,Special Revenue Funds,1500,Earnings on Investments,3925
2018-19,2253,Dayton SD 8,100,General Fund,1110,Ad valorem taxes levied by district,2346898.38
2018-19,2253,Dayton SD 8,100,General Fund,1330,Summer School Tuition,400
2018-19,2253,Dayton SD 8,100,General Fund,1500,Earnings on Investments,125035
2018-19,2253,Dayton SD 8,100,General Fund,1700,Extra-Curricular Activities,12120.85
2018-19,2253,Dayton SD 8,100,General Fund,1910,Rentals,2360
2018-19,2253,Dayton SD 8,100,General Fund,1920,Contributions and Donations From Private Sources,4747.86
2018-19,2253,Dayton SD 8,400,Capital Projects Funds,1990,Miscellaneous,79719.27
2018-19,2253,Dayton SD 8,400,Capital Projects Funds,3299,Other Restricted Grants-In-Aid,25000
2018-19,2253,Dayton SD 8,400,Capital Projects Funds,5400,Resources - Beginning Fund Balance,418135.67
2018-19,2253,Dayton SD 8,300,Debt Service Funds,1500,Earnings on Investments,22264.37
2018-19,2253,Dayton SD 8,300,Debt Service Funds,1970,Services Provided Other Funds,772245
2018-19,2253,Dayton SD 8,300,Debt Service Funds,4900,Revenue for/on Behalf of the District,178583.28
2018-19,2253,Dayton SD 8,300,Debt Service Funds,5200,Interfund Transfers,44705.73
2018-19,2253,Dayton SD 8,300,Debt Service Funds,5400,Resources - Beginning Fund Balance,884435.22
2018-19,2253,Dayton SD 8,400,Capital Projects Funds,1130,Construction Excise Tax,62038.59
2018-19,2253,Dayton SD 8,200,Special Revenue Funds,4500,Restricted Revenue From Federal Government Through the State,815251.37
2018-19,2253,Dayton SD 8,200,Special Revenue Funds,4700,Grants-In-Aid From Federal Government Through Other Intermed,57272.86
2018-19,2253,Dayton SD 8,200,Special Revenue Funds,4900,Revenue for/on Behalf of the District,41845.84
2018-19,2253,Dayton SD 8,200,Special Revenue Funds,5200,Interfund Transfers,5723.45
2018-19,2253,Dayton SD 8,200,Special Revenue Funds,5400,Resources - Beginning Fund Balance,239417.07
2018-19,2253,Dayton SD 8,300,Debt Service Funds,1110,Ad valorem taxes levied by district,1363207.51
2018-19,2253,Dayton SD 8,200,Special Revenue Funds,1700,Extra-Curricular Activities,240475.61
2018-19,2253,Dayton SD 8,200,Special Revenue Funds,1920,Contributions and Donations From Private Sources,35501.04
2018-19,2253,Dayton SD 8,200,Special Revenue Funds,1990,Miscellaneous,1668
2018-19,2253,Dayton SD 8,200,Special Revenue Funds,2200,Restricted Revenue,665
2018-19,2253,Dayton SD 8,200,Special Revenue Funds,3102,State School Fund--School Lunch Match,5543.47
2018-19,2253,Dayton SD 8,200,Special Revenue Funds,3299,Other Restricted Grants-In-Aid,654217.02
2018-19,2253,Dayton SD 8,100,General Fund,3299,Other Restricted Grants-In-Aid,115171.85
2018-19,2253,Dayton SD 8,100,General Fund,4500,Restricted Revenue From Federal Government Through the State,1063.94
2018-19,2253,Dayton SD 8,100,General Fund,4700,Grants-In-Aid From Federal Government Through Other Intermed,3469.78
2018-19,2253,Dayton SD 8,100,General Fund,5400,Resources - Beginning Fund Balance,1705276.45
2018-19,2253,Dayton SD 8,200,Special Revenue Funds,1500,Earnings on Investments,1740.01
2018-19,2253,Dayton SD 8,200,Special Revenue Funds,1600,Food Service,12550.47
2018-19,2253,Dayton SD 8,100,General Fund,1940,Services Provided Other Local Education Agencies,224815.13
2018-19,2253,Dayton SD 8,100,General Fund,1990,Miscellaneous,66047.43
2018-19,2253,Dayton SD 8,100,General Fund,2101,County School Funds,3304.84
2018-19,2253,Dayton SD 8,100,General Fund,2102,General Education Service District Funds,240000
2018-19,2253,Dayton SD 8,100,General Fund,3101,State School Fund --General Support,7802749.87
2018-19,2253,Dayton SD 8,100,General Fund,3103,Common School Fund,110194.52
2018-19,2254,Newberg SD 29J,400,Capital Projects Funds,1130,Construction Excise Tax,337721.55
2018-19,2254,Newberg SD 29J,400,Capital Projects Funds,1500,Earnings on Investments,29739.78
2018-19,2254,Newberg SD 29J,400,Capital Projects Funds,5400,Resources - Beginning Fund Balance,1174937.93
2018-19,2254,Newberg SD 29J,100,General Fund,1420,Summer School Transportation,3638.5
2018-19,2254,Newberg SD 29J,100,General Fund,4500,Restricted Revenue From Federal Government Through the State,10891.39
2018-19,2254,Newberg SD 29J,300,Debt Service Funds,1500,Earnings on Investments,319634.8
2018-19,2254,Newberg SD 29J,300,Debt Service Funds,1970,Services Provided Other Funds,3443005.55
2018-19,2254,Newberg SD 29J,300,Debt Service Funds,1990,Miscellaneous,134537.95
2018-19,2254,Newberg SD 29J,300,Debt Service Funds,4900,Revenue for/on Behalf of the District,588750
2018-19,2254,Newberg SD 29J,300,Debt Service Funds,5100,Long Term Debt Financing Sources,17370.27
2018-19,2254,Newberg SD 29J,300,Debt Service Funds,5400,Resources - Beginning Fund Balance,14354937.05
2018-19,2254,Newberg SD 29J,200,Special Revenue Funds,3102,State School Fund--School Lunch Match,19092.86
2018-19,2254,Newberg SD 29J,200,Special Revenue Funds,3299,Other Restricted Grants-In-Aid,1310372.35
2018-19,2254,Newberg SD 29J,200,Special Revenue Funds,4500,Restricted Revenue From Federal Government Through the State,3098619.72
2018-19,2254,Newberg SD 29J,200,Special Revenue Funds,4900,Revenue for/on Behalf of the District,139928.88
2018-19,2254,Newberg SD 29J,200,Special Revenue Funds,5400,Resources - Beginning Fund Balance,1112569.78
2018-19,2254,Newberg SD 29J,300,Debt Service Funds,1110,Ad valorem taxes levied by district,5019094.06
2018-19,2254,Newberg SD 29J,200,Special Revenue Funds,1910,Rentals,55616.03
2018-19,2254,Newberg SD 29J,200,Special Revenue Funds,1920,Contributions and Donations From Private Sources,301565.77
2018-19,2254,Newberg SD 29J,200,Special Revenue Funds,1990,Miscellaneous,134250.44
2018-19,2254,Newberg SD 29J,200,Special Revenue Funds,2102,General Education Service District Funds,35909.79
2018-19,2254,Newberg SD 29J,200,Special Revenue Funds,2199,Other Intermediate Sources,107248.84
2018-19,2254,Newberg SD 29J,200,Special Revenue Funds,2200,Restricted Revenue,11724
2018-19,2254,Newberg SD 29J,100,General Fund,4801,Federal Forest Fees,56.06
2018-19,2254,Newberg SD 29J,100,General Fund,5400,Resources - Beginning Fund Balance,2457007.97
2018-19,2254,Newberg SD 29J,200,Special Revenue Funds,1500,Earnings on Investments,3974.35
2018-19,2254,Newberg SD 29J,200,Special Revenue Funds,1600,Food Service,576862.37
2018-19,2254,Newberg SD 29J,200,Special Revenue Funds,1700,Extra-Curricular Activities,1118621.59
2018-19,2254,Newberg SD 29J,200,Special Revenue Funds,1800,Community Services Activities,24863.64
2018-19,2254,Newberg SD 29J,100,General Fund,2101,County School Funds,16556.39
2018-19,2254,Newberg SD 29J,100,General Fund,2102,General Education Service District Funds,1707893.6
2018-19,2254,Newberg SD 29J,100,General Fund,3101,State School Fund --General Support,32194261.9
2018-19,2254,Newberg SD 29J,100,General Fund,3103,Common School Fund,560317.75
2018-19,2254,Newberg SD 29J,100,General Fund,3199,Other Unrestricted Grants-In-Aid,2999.14
2018-19,2254,Newberg SD 29J,100,General Fund,3299,Other Restricted Grants-In-Aid,194637.79
2018-19,2254,Newberg SD 29J,100,General Fund,1800,Community Services Activities,11829
2018-19,2254,Newberg SD 29J,100,General Fund,1910,Rentals,64035.43
2018-19,2254,Newberg SD 29J,100,General Fund,1940,Services Provided Other Local Education Agencies,144034.57
2018-19,2254,Newberg SD 29J,100,General Fund,1960,Recovery of Prior Years' Expenditure,25.29
2018-19,2254,Newberg SD 29J,100,General Fund,1980,Fees Charged to Grants,105003.47
2018-19,2254,Newberg SD 29J,100,General Fund,1990,Miscellaneous,285508.58
2018-19,2254,Newberg SD 29J,100,General Fund,1110,Ad valorem taxes levied by district,16548718.61
2018-19,2254,Newberg SD 29J,100,General Fund,1312,Tuition from Other Districts within the State,72304
2018-19,2254,Newberg SD 29J,100,General Fund,1500,Earnings on Investments,363340.35
2018-19,2254,Newberg SD 29J,100,General Fund,1700,Extra-Curricular Activities,75000
2018-19,2255,Willamina SD 30J,300,Debt Service Funds,5400,Resources - Beginning Fund Balance,257081.6
2018-19,2255,Willamina SD 30J,400,Capital Projects Funds,1500,Earnings on Investments,5500
2018-19,2255,Willamina SD 30J,400,Capital Projects Funds,5200,Interfund Transfers,100000
2018-19,2255,Willamina SD 30J,400,Capital Projects Funds,5400,Resources - Beginning Fund Balance,246775.16
2018-19,2255,Willamina SD 30J,700,Trust and Agency Funds,1500,Earnings on Investments,2210
2018-19,2255,Willamina SD 30J,700,Trust and Agency Funds,5400,Resources - Beginning Fund Balance,89588.25
2018-19,2255,Willamina SD 30J,200,Special Revenue Funds,5400,Resources - Beginning Fund Balance,1488633.01
2018-19,2255,Willamina SD 30J,300,Debt Service Funds,1110,Ad valorem taxes levied by district,224235.84
2018-19,2255,Willamina SD 30J,300,Debt Service Funds,1500,Earnings on Investments,4826.95
2018-19,2255,Willamina SD 30J,300,Debt Service Funds,1970,Services Provided Other Funds,198630.67
2018-19,2255,Willamina SD 30J,300,Debt Service Funds,1990,Miscellaneous,17938.59
2018-19,2255,Willamina SD 30J,300,Debt Service Funds,5200,Interfund Transfers,40000
2018-19,2255,Willamina SD 30J,200,Special Revenue Funds,1990,Miscellaneous,280523.27
2018-19,2255,Willamina SD 30J,200,Special Revenue Funds,3102,State School Fund--School Lunch Match,4512.31
2018-19,2255,Willamina SD 30J,200,Special Revenue Funds,3299,Other Restricted Grants-In-Aid,256024.36
2018-19,2255,Willamina SD 30J,200,Special Revenue Funds,4300,Restricted Revenue Direct From the Federal Government,31641.14
2018-19,2255,Willamina SD 30J,200,Special Revenue Funds,4500,Restricted Revenue From Federal Government Through the State,1061990.84
2018-19,2255,Willamina SD 30J,200,Special Revenue Funds,5200,Interfund Transfers,175000
2018-19,2255,Willamina SD 30J,100,General Fund,5300,Sale of or Compensation for Loss of Fixed Assets,668.97
2018-19,2255,Willamina SD 30J,100,General Fund,5400,Resources - Beginning Fund Balance,3316044.14
2018-19,2255,Willamina SD 30J,200,Special Revenue Funds,1500,Earnings on Investments,10381
2018-19,2255,Willamina SD 30J,200,Special Revenue Funds,1600,Food Service,2094.07
2018-19,2255,Willamina SD 30J,200,Special Revenue Funds,1700,Extra-Curricular Activities,201316.26
2018-19,2255,Willamina SD 30J,200,Special Revenue Funds,1920,Contributions and Donations From Private Sources,10000
2018-19,2255,Willamina SD 30J,100,General Fund,2102,General Education Service District Funds,206413.52
2018-19,2255,Willamina SD 30J,100,General Fund,3101,State School Fund --General Support,6635284.48
2018-19,2255,Willamina SD 30J,100,General Fund,3103,Common School Fund,97991.95
2018-19,2255,Willamina SD 30J,100,General Fund,3104,State Managed County Timber,593.82
2018-19,2255,Willamina SD 30J,100,General Fund,4801,Federal Forest Fees,24.83
2018-19,2255,Willamina SD 30J,100,General Fund,4802,Impact Aid to School Districts for Operation,516024.82
2018-19,2255,Willamina SD 30J,100,General Fund,1190,Penalties and interest on taxes,6003.57
2018-19,2255,Willamina SD 30J,100,General Fund,1312,Tuition from Other Districts within the State,154000
2018-19,2255,Willamina SD 30J,100,General Fund,1330,Summer School Tuition,2500
2018-19,2255,Willamina SD 30J,100,General Fund,1500,Earnings on Investments,145432.79
2018-19,2255,Willamina SD 30J,100,General Fund,1990,Miscellaneous,107823.23
2018-19,2255,Willamina SD 30J,100,General Fund,2101,County School Funds,177.4
2018-19,2255,Willamina SD 30J,100,General Fund,1110,Ad valorem taxes levied by district,2019101.61
2018-19,2256,McMinnville SD 40,100,General Fund,1110,Ad valorem taxes levied by district,14487391.97
2018-19,2256,McMinnville SD 40,100,General Fund,1190,Penalties and interest on taxes,68815.43
2018-19,2256,McMinnville SD 40,100,General Fund,1330,Summer School Tuition,4102.5
2018-19,2256,McMinnville SD 40,100,General Fund,1500,Earnings on Investments,532511.78
2018-19,2256,McMinnville SD 40,100,General Fund,1700,Extra-Curricular Activities,142191.55
2018-19,2256,McMinnville SD 40,100,General Fund,1800,Community Services Activities,137487.13
2018-19,2256,McMinnville SD 40,700,Trust and Agency Funds,1920,Contributions and Donations From Private Sources,2600
2018-19,2256,McMinnville SD 40,700,Trust and Agency Funds,5400,Resources - Beginning Fund Balance,162265.37
2018-19,2256,McMinnville SD 40,300,Debt Service Funds,5400,Resources - Beginning Fund Balance,1228987.67
2018-19,2256,McMinnville SD 40,400,Capital Projects Funds,1500,Earnings on Investments,890739.6
2018-19,2256,McMinnville SD 40,400,Capital Projects Funds,1920,Contributions and Donations From Private Sources,18617
2018-19,2256,McMinnville SD 40,400,Capital Projects Funds,1990,Miscellaneous,34765.56
2018-19,2256,McMinnville SD 40,400,Capital Projects Funds,5400,Resources - Beginning Fund Balance,56052272.23
2018-19,2256,McMinnville SD 40,700,Trust and Agency Funds,1500,Earnings on Investments,4064.03
2018-19,2256,McMinnville SD 40,200,Special Revenue Funds,5200,Interfund Transfers,850000
2018-19,2256,McMinnville SD 40,200,Special Revenue Funds,5400,Resources - Beginning Fund Balance,4425614.83
2018-19,2256,McMinnville SD 40,300,Debt Service Funds,1110,Ad valorem taxes levied by district,9041319.75
2018-19,2256,McMinnville SD 40,300,Debt Service Funds,1190,Penalties and interest on taxes,44796.06
2018-19,2256,McMinnville SD 40,300,Debt Service Funds,1500,Earnings on Investments,176480.3
2018-19,2256,McMinnville SD 40,300,Debt Service Funds,1970,Services Provided Other Funds,2694160.72
2018-19,2256,McMinnville SD 40,200,Special Revenue Funds,2199,Other Intermediate Sources,52275.17
2018-19,2256,McMinnville SD 40,200,Special Revenue Funds,3102,State School Fund--School Lunch Match,30774.25
2018-19,2256,McMinnville SD 40,200,Special Revenue Funds,3299,Other Restricted Grants-In-Aid,1879459.53
2018-19,2256,McMinnville SD 40,200,Special Revenue Funds,4500,Restricted Revenue From Federal Government Through the State,5674465.09
2018-19,2256,McMinnville SD 40,200,Special Revenue Funds,4700,Grants-In-Aid From Federal Government Through Other Intermed,72540.38
2018-19,2256,McMinnville SD 40,200,Special Revenue Funds,4900,Revenue for/on Behalf of the District,247859.19
2018-19,2256,McMinnville SD 40,200,Special Revenue Funds,1600,Food Service,212964.98
2018-19,2256,McMinnville SD 40,200,Special Revenue Funds,1700,Extra-Curricular Activities,1095413.05
2018-19,2256,McMinnville SD 40,200,Special Revenue Funds,1910,Rentals,60409.4
2018-19,2256,McMinnville SD 40,200,Special Revenue Funds,1920,Contributions and Donations From Private Sources,147348.01
2018-19,2256,McMinnville SD 40,200,Special Revenue Funds,1940,Services Provided Other Local Education Agencies,39700
2018-19,2256,McMinnville SD 40,200,Special Revenue Funds,1990,Miscellaneous,191860.12
2018-19,2256,McMinnville SD 40,100,General Fund,3103,Common School Fund,743109.3
2018-19,2256,McMinnville SD 40,100,General Fund,4200,Unrestricted Revenue From Federal Government Through State,9698.22
2018-19,2256,McMinnville SD 40,100,General Fund,4500,Restricted Revenue From Federal Government Through the State,585
2018-19,2256,McMinnville SD 40,100,General Fund,5400,Resources - Beginning Fund Balance,7355986.75
2018-19,2256,McMinnville SD 40,200,Special Revenue Funds,1130,Construction Excise Tax,649061.93
2018-19,2256,McMinnville SD 40,200,Special Revenue Funds,1500,Earnings on Investments,99753.52
2018-19,2256,McMinnville SD 40,100,General Fund,1910,Rentals,5825
2018-19,2256,McMinnville SD 40,100,General Fund,1980,Fees Charged to Grants,84409.48
2018-19,2256,McMinnville SD 40,100,General Fund,1990,Miscellaneous,26487.34
2018-19,2256,McMinnville SD 40,100,General Fund,2101,County School Funds,22291.55
2018-19,2256,McMinnville SD 40,100,General Fund,2102,General Education Service District Funds,2090793.99
2018-19,2256,McMinnville SD 40,100,General Fund,3101,State School Fund --General Support,51801065.29
2018-19,2257,Sheridan SD 48J,100,General Fund,1110,Ad valorem taxes levied by district,1727717.6
2018-19,2257,Sheridan SD 48J,100,General Fund,1500,Earnings on Investments,67628.88
2018-19,2257,Sheridan SD 48J,100,General Fund,1990,Miscellaneous,17252.5
2018-19,2257,Sheridan SD 48J,100,General Fund,3101,State School Fund --General Support,7990454.36
2018-19,2257,Sheridan SD 48J,100,General Fund,3103,Common School Fund,105914.68
2018-19,2257,Sheridan SD 48J,100,General Fund,5400,Resources - Beginning Fund Balance,940472.65
2018-19,2257,Sheridan SD 48J,400,Capital Projects Funds,1500,Earnings on Investments,17269.23
2018-19,2257,Sheridan SD 48J,400,Capital Projects Funds,5300,Sale of or Compensation for Loss of Fixed Assets,8993.61
2018-19,2257,Sheridan SD 48J,400,Capital Projects Funds,5400,Resources - Beginning Fund Balance,876603.08
2018-19,2257,Sheridan SD 48J,600,Internal Service Funds,1500,Earnings on Investments,9019.05
2018-19,2257,Sheridan SD 48J,600,Internal Service Funds,5400,Resources - Beginning Fund Balance,314905.39
2018-19,2257,Sheridan SD 48J,200,Special Revenue Funds,5400,Resources - Beginning Fund Balance,1460418.33
2018-19,2257,Sheridan SD 48J,300,Debt Service Funds,1110,Ad valorem taxes levied by district,810237.18
2018-19,2257,Sheridan SD 48J,300,Debt Service Funds,1500,Earnings on Investments,25498.01
2018-19,2257,Sheridan SD 48J,300,Debt Service Funds,2200,Restricted Revenue,15485.32
2018-19,2257,Sheridan SD 48J,300,Debt Service Funds,3101,State School Fund --General Support,100000
2018-19,2257,Sheridan SD 48J,300,Debt Service Funds,5400,Resources - Beginning Fund Balance,552278.49
2018-19,2257,Sheridan SD 48J,200,Special Revenue Funds,2900,Revenue for/on Behalf of the District,49432.38
2018-19,2257,Sheridan SD 48J,200,Special Revenue Funds,3101,State School Fund --General Support,150000
2018-19,2257,Sheridan SD 48J,200,Special Revenue Funds,3199,Other Unrestricted Grants-In-Aid,244859.02
2018-19,2257,Sheridan SD 48J,200,Special Revenue Funds,3299,Other Restricted Grants-In-Aid,67434.43
2018-19,2257,Sheridan SD 48J,200,Special Revenue Funds,4500,Restricted Revenue From Federal Government Through the State,1158258.36
2018-19,2257,Sheridan SD 48J,200,Special Revenue Funds,5200,Interfund Transfers,39918.3
2018-19,2257,Sheridan SD 48J,200,Special Revenue Funds,1500,Earnings on Investments,16387.03
2018-19,2257,Sheridan SD 48J,200,Special Revenue Funds,1600,Food Service,7351.9
2018-19,2257,Sheridan SD 48J,200,Special Revenue Funds,1700,Extra-Curricular Activities,119336.29
2018-19,2257,Sheridan SD 48J,200,Special Revenue Funds,1960,Recovery of Prior Years' Expenditure,82.93
2018-19,2257,Sheridan SD 48J,200,Special Revenue Funds,1990,Miscellaneous,22032.89
2018-19,2257,Sheridan SD 48J,200,Special Revenue Funds,2199,Other Intermediate Sources,34530.72
2018-19,2262,Knappa SD 4,100,General Fund,1500,Earnings on Investments,85082.98
2018-19,2262,Knappa SD 4,100,General Fund,1960,Recovery of Prior Years' Expenditure,31608.09
2018-19,2262,Knappa SD 4,100,General Fund,2101,County School Funds,405827.92
2018-19,2262,Knappa SD 4,100,General Fund,3101,State School Fund --General Support,3398640.69
2018-19,2262,Knappa SD 4,100,General Fund,3103,Common School Fund,49672.54
2018-19,2262,Knappa SD 4,100,General Fund,3104,State Managed County Timber,311240.77
2018-19,2262,Knappa SD 4,300,Debt Service Funds,5400,Resources - Beginning Fund Balance,228702.67
2018-19,2262,Knappa SD 4,100,General Fund,1110,Ad valorem taxes levied by district,1244474.84
2018-19,2262,Knappa SD 4,100,General Fund,1990,Miscellaneous,31054.25
2018-19,2262,Knappa SD 4,300,Debt Service Funds,1110,Ad valorem taxes levied by district,381622.72
2018-19,2262,Knappa SD 4,200,Special Revenue Funds,3222,State School Fund (SSF) Transportation Equipment,39891.7
2018-19,2262,Knappa SD 4,200,Special Revenue Funds,4300,Restricted Revenue Direct From the Federal Government,46900.64
2018-19,2262,Knappa SD 4,200,Special Revenue Funds,4500,Restricted Revenue From Federal Government Through the State,342403.49
2018-19,2262,Knappa SD 4,200,Special Revenue Funds,5200,Interfund Transfers,187245
2018-19,2262,Knappa SD 4,200,Special Revenue Funds,5400,Resources - Beginning Fund Balance,385935.47
2018-19,2262,Knappa SD 4,300,Debt Service Funds,1500,Earnings on Investments,3698.91
2018-19,2262,Knappa SD 4,200,Special Revenue Funds,1910,Rentals,12108.89
2018-19,2262,Knappa SD 4,200,Special Revenue Funds,1920,Contributions and Donations From Private Sources,80126.06
2018-19,2262,Knappa SD 4,200,Special Revenue Funds,1960,Recovery of Prior Years' Expenditure,142224.15
2018-19,2262,Knappa SD 4,200,Special Revenue Funds,1990,Miscellaneous,70257.62
2018-19,2262,Knappa SD 4,200,Special Revenue Funds,2200,Restricted Revenue,44545.05
2018-19,2262,Knappa SD 4,200,Special Revenue Funds,3102,State School Fund--School Lunch Match,9130.82
2018-19,2262,Knappa SD 4,100,General Fund,3199,Other Unrestricted Grants-In-Aid,24324.73
2018-19,2262,Knappa SD 4,100,General Fund,4200,Unrestricted Revenue From Federal Government Through State,8368.53
2018-19,2262,Knappa SD 4,100,General Fund,5400,Resources - Beginning Fund Balance,1158418.75
2018-19,2262,Knappa SD 4,200,Special Revenue Funds,1500,Earnings on Investments,4298.87
2018-19,2262,Knappa SD 4,200,Special Revenue Funds,1600,Food Service,77786.94
2018-19,2262,Knappa SD 4,200,Special Revenue Funds,1700,Extra-Curricular Activities,152773.59
2018-19,3997,Ione SD R2,400,Capital Projects Funds,1920,Contributions and Donations From Private Sources,175559.65
2018-19,3997,Ione SD R2,400,Capital Projects Funds,3299,Other Restricted Grants-In-Aid,22890
2018-19,3997,Ione SD R2,400,Capital Projects Funds,5200,Interfund Transfers,65000
2018-19,3997,Ione SD R2,400,Capital Projects Funds,5400,Resources - Beginning Fund Balance,124458.66
2018-19,3997,Ione SD R2,200,Special Revenue Funds,5300,Sale of or Compensation for Loss of Fixed Assets,7910
2018-19,3997,Ione SD R2,200,Special Revenue Funds,5400,Resources - Beginning Fund Balance,163976.01
2018-19,3997,Ione SD R2,300,Debt Service Funds,1110,Ad valorem taxes levied by district,256334.59
2018-19,3997,Ione SD R2,300,Debt Service Funds,1500,Earnings on Investments,1350.99
2018-19,3997,Ione SD R2,300,Debt Service Funds,5400,Resources - Beginning Fund Balance,47101.04
2018-19,3997,Ione SD R2,400,Capital Projects Funds,1500,Earnings on Investments,532.76
2018-19,3997,Ione SD R2,200,Special Revenue Funds,3102,State School Fund--School Lunch Match,1420.4
2018-19,3997,Ione SD R2,200,Special Revenue Funds,3299,Other Restricted Grants-In-Aid,92152.81
2018-19,3997,Ione SD R2,200,Special Revenue Funds,4300,Restricted Revenue Direct From the Federal Government,23699.17
2018-19,3997,Ione SD R2,200,Special Revenue Funds,4500,Restricted Revenue From Federal Government Through the State,47557.33
2018-19,3997,Ione SD R2,200,Special Revenue Funds,4900,Revenue for/on Behalf of the District,5614.65
2018-19,3997,Ione SD R2,200,Special Revenue Funds,5200,Interfund Transfers,59814.2
2018-19,3997,Ione SD R2,200,Special Revenue Funds,1600,Food Service,20421.98
2018-19,3997,Ione SD R2,200,Special Revenue Funds,1700,Extra-Curricular Activities,40289.07
2018-19,3997,Ione SD R2,200,Special Revenue Funds,1800,Community Services Activities,2023.55
2018-19,3997,Ione SD R2,200,Special Revenue Funds,1910,Rentals,191850
2018-19,3997,Ione SD R2,200,Special Revenue Funds,1920,Contributions and Donations From Private Sources,158566.9
2018-19,3997,Ione SD R2,200,Special Revenue Funds,1990,Miscellaneous,9343.73
2018-19,3997,Ione SD R2,100,General Fund,3103,Common School Fund,15252.92
2018-19,3997,Ione SD R2,100,General Fund,3299,Other Restricted Grants-In-Aid,5846.85
2018-19,3997,Ione SD R2,100,General Fund,4500,Restricted Revenue From Federal Government Through the State,165
2018-19,3997,Ione SD R2,100,General Fund,4801,Federal Forest Fees,3663.18
2018-19,3997,Ione SD R2,100,General Fund,5400,Resources - Beginning Fund Balance,1039319.51
2018-19,3997,Ione SD R2,200,Special Revenue Funds,1500,Earnings on Investments,39.06
2018-19,3997,Ione SD R2,100,General Fund,1500,Earnings on Investments,46097.7
2018-19,3997,Ione SD R2,100,General Fund,1920,Contributions and Donations From Private Sources,1735
2018-19,3997,Ione SD R2,100,General Fund,1960,Recovery of Prior Years' Expenditure,1505
2018-19,3997,Ione SD R2,100,General Fund,1990,Miscellaneous,15982.42
2018-19,3997,Ione SD R2,100,General Fund,2101,County School Funds,18303.57
2018-19,3997,Ione SD R2,100,General Fund,3101,State School Fund --General Support,2244503.03
2018-19,3997,Ione SD R2,100,General Fund,1110,Ad valorem taxes levied by district,791111.75
2018-19,4131,North Wasco County SD 21,100,General Fund,1110,Ad valorem taxes levied by district,8684258.2
2018-19,4131,North Wasco County SD 21,100,General Fund,1130,Construction Excise Tax,148135.94
2018-19,4131,North Wasco County SD 21,100,General Fund,1312,Tuition from Other Districts within the State,16236
2018-19,4131,North Wasco County SD 21,100,General Fund,1330,Summer School Tuition,22149.12
2018-19,4131,North Wasco County SD 21,100,General Fund,1500,Earnings on Investments,85288.31
2018-19,4131,North Wasco County SD 21,100,General Fund,1700,Extra-Curricular Activities,79824.51
2018-19,4131,North Wasco County SD 21,200,Special Revenue Funds,5400,Resources - Beginning Fund Balance,1221579
2018-19,4131,North Wasco County SD 21,300,Debt Service Funds,5400,Resources - Beginning Fund Balance,638715
2018-19,4131,North Wasco County SD 21,100,General Fund,5400,Resources - Beginning Fund Balance,2787367
2018-19,4131,North Wasco County SD 21,200,Special Revenue Funds,4900,Revenue for/on Behalf of the District,70057.32
2018-19,4131,North Wasco County SD 21,200,Special Revenue Funds,5200,Interfund Transfers,270000
2018-19,4131,North Wasco County SD 21,300,Debt Service Funds,1110,Ad valorem taxes levied by district,1867449.97
2018-19,4131,North Wasco County SD 21,300,Debt Service Funds,1500,Earnings on Investments,51764.38
2018-19,4131,North Wasco County SD 21,300,Debt Service Funds,1970,Services Provided Other Funds,1509180.55
2018-19,4131,North Wasco County SD 21,300,Debt Service Funds,5200,Interfund Transfers,380000
2018-19,4131,North Wasco County SD 21,200,Special Revenue Funds,1990,Miscellaneous,51633.48
2018-19,4131,North Wasco County SD 21,200,Special Revenue Funds,2200,Restricted Revenue,129046
2018-19,4131,North Wasco County SD 21,200,Special Revenue Funds,3102,State School Fund--School Lunch Match,13074.09
2018-19,4131,North Wasco County SD 21,200,Special Revenue Funds,3222,State School Fund (SSF) Transportation Equipment,106000
2018-19,4131,North Wasco County SD 21,200,Special Revenue Funds,3299,Other Restricted Grants-In-Aid,1392777.94
2018-19,4131,North Wasco County SD 21,200,Special Revenue Funds,4500,Restricted Revenue From Federal Government Through the State,3199408.13
2018-19,4131,North Wasco County SD 21,200,Special Revenue Funds,1200,Revenue From Local Governmental Units Other Than Districts,240000
2018-19,4131,North Wasco County SD 21,200,Special Revenue Funds,1500,Earnings on Investments,13314.51
2018-19,4131,North Wasco County SD 21,200,Special Revenue Funds,1600,Food Service,18682.18
2018-19,4131,North Wasco County SD 21,200,Special Revenue Funds,1700,Extra-Curricular Activities,444222.06
2018-19,4131,North Wasco County SD 21,200,Special Revenue Funds,1920,Contributions and Donations From Private Sources,20077.26
2018-19,4131,North Wasco County SD 21,200,Special Revenue Funds,1960,Recovery of Prior Years' Expenditure,5225.59
2018-19,4131,North Wasco County SD 21,100,General Fund,3101,State School Fund --General Support,21632673.63
2018-19,4131,North Wasco County SD 21,100,General Fund,3103,Common School Fund,326336.96
2018-19,4131,North Wasco County SD 21,100,General Fund,4201,Foster Transportation,4360.3
2018-19,4131,North Wasco County SD 21,100,General Fund,4500,Restricted Revenue From Federal Government Through the State,36887.64
2018-19,4131,North Wasco County SD 21,100,General Fund,4801,Federal Forest Fees,181435.37
2018-19,4131,North Wasco County SD 21,100,General Fund,5100,Long Term Debt Financing Sources,1610000
2018-19,4131,North Wasco County SD 21,100,General Fund,1910,Rentals,39859.68
2018-19,4131,North Wasco County SD 21,100,General Fund,1920,Contributions and Donations From Private Sources,2210.16
2018-19,4131,North Wasco County SD 21,100,General Fund,1960,Recovery of Prior Years' Expenditure,91623.81
2018-19,4131,North Wasco County SD 21,100,General Fund,1980,Fees Charged to Grants,114513.5
2018-19,4131,North Wasco County SD 21,100,General Fund,1990,Miscellaneous,280826.05
2018-19,4131,North Wasco County SD 21,100,General Fund,2101,County School Funds,63434.15
