SchoolYear,Institution_ID,Institution_Name,FundCd,FundDesc,SrcCd,SourceDesc,ActualRevAmt
2019-20,1894,Baker SD 5J,700,Trust and Agency Funds,1990,Miscellaneous,312111.6
2019-20,1894,Baker SD 5J,700,Trust and Agency Funds,5400,Resources - Beginning Fund Balance,549006.3
2019-20,1894,Baker SD 5J,500,Enterprise Funds,1311,Tuition from Individuals,5000
2019-20,1894,Baker SD 5J,500,Enterprise Funds,1990,Miscellaneous,1578.98
2019-20,1894,Baker SD 5J,500,Enterprise Funds,5200,Interfund Transfers,60725.27
2019-20,1894,Baker SD 5J,500,Enterprise Funds,5400,Resources - Beginning Fund Balance,6407.68
2019-20,1894,Baker SD 5J,700,Trust and Agency Funds,1500,Earnings on Investments,12797.98
2019-20,1894,Baker SD 5J,700,Trust and Agency Funds,1920,Contributions and Donations From Private Sources,41315
2019-20,1894,Baker SD 5J,300,Debt Service Funds,5400,Resources - Beginning Fund Balance,661085.06
2019-20,1894,Baker SD 5J,400,Capital Projects Funds,1500,Earnings on Investments,65176.29
2019-20,1894,Baker SD 5J,400,Capital Projects Funds,1990,Miscellaneous,3696.6
2019-20,1894,Baker SD 5J,400,Capital Projects Funds,5200,Interfund Transfers,1178558.25
2019-20,1894,Baker SD 5J,400,Capital Projects Funds,5300,Sale of or Compensation for Loss of Fixed Assets,3961.75
2019-20,1894,Baker SD 5J,400,Capital Projects Funds,5400,Resources - Beginning Fund Balance,2455440.08
2019-20,1894,Baker SD 5J,200,Special Revenue Funds,5100,Long Term Debt Financing Sources,247478
2019-20,1894,Baker SD 5J,200,Special Revenue Funds,5300,Sale of or Compensation for Loss of Fixed Assets,860
2019-20,1894,Baker SD 5J,200,Special Revenue Funds,5400,Resources - Beginning Fund Balance,1540491.31
2019-20,1894,Baker SD 5J,300,Debt Service Funds,1500,Earnings on Investments,19896.7
2019-20,1894,Baker SD 5J,300,Debt Service Funds,1970,Services Provided Other Funds,510955.86
2019-20,1894,Baker SD 5J,300,Debt Service Funds,5200,Interfund Transfers,200000
2019-20,1894,Baker SD 5J,200,Special Revenue Funds,3101,State School Fund --General Support,431500
2019-20,1894,Baker SD 5J,200,Special Revenue Funds,3102,State School Fund--School Lunch Match,4841.05
2019-20,1894,Baker SD 5J,200,Special Revenue Funds,3222,State School Fund (SSF) Transportation Equipment,121000
2019-20,1894,Baker SD 5J,200,Special Revenue Funds,3299,Other Restricted Grants-In-Aid,452507.93
2019-20,1894,Baker SD 5J,200,Special Revenue Funds,4500,Restricted Revenue From Federal Government Through the State,2588722
2019-20,1894,Baker SD 5J,200,Special Revenue Funds,4900,Revenue for/on Behalf of the District,39815.65
2019-20,1894,Baker SD 5J,200,Special Revenue Funds,1700,Extra-Curricular Activities,315253.28
2019-20,1894,Baker SD 5J,200,Special Revenue Funds,1920,Contributions and Donations From Private Sources,285393.72
2019-20,1894,Baker SD 5J,200,Special Revenue Funds,1940,Services Provided Other Local Education Agencies,579205.23
2019-20,1894,Baker SD 5J,200,Special Revenue Funds,1970,Services Provided Other Funds,16674.93
2019-20,1894,Baker SD 5J,200,Special Revenue Funds,1990,Miscellaneous,112630.4
2019-20,1894,Baker SD 5J,200,Special Revenue Funds,2200,Restricted Revenue,496425.07
2019-20,1894,Baker SD 5J,100,General Fund,3299,Other Restricted Grants-In-Aid,7965.51
2019-20,1894,Baker SD 5J,100,General Fund,4801,Federal Forest Fees,148587
2019-20,1894,Baker SD 5J,100,General Fund,5200,Interfund Transfers,47700.49
2019-20,1894,Baker SD 5J,100,General Fund,5400,Resources - Beginning Fund Balance,4940939.94
2019-20,1894,Baker SD 5J,200,Special Revenue Funds,1500,Earnings on Investments,24551.1
2019-20,1894,Baker SD 5J,200,Special Revenue Funds,1600,Food Service,70325.32
2019-20,1894,Baker SD 5J,100,General Fund,1970,Services Provided Other Funds,150074.29
2019-20,1894,Baker SD 5J,100,General Fund,1980,Fees Charged to Grants,77351.95
2019-20,1894,Baker SD 5J,100,General Fund,1990,Miscellaneous,64376.01
2019-20,1894,Baker SD 5J,100,General Fund,2200,Restricted Revenue,1556136.93
2019-20,1894,Baker SD 5J,100,General Fund,3101,State School Fund --General Support,34131137.51
2019-20,1894,Baker SD 5J,100,General Fund,3103,Common School Fund,153200.7
2019-20,1894,Baker SD 5J,100,General Fund,1110,Ad valorem taxes levied by district,5700928.16
2019-20,1894,Baker SD 5J,100,General Fund,1320,Adult/Continuing Education Tuition,383203.82
2019-20,1894,Baker SD 5J,100,General Fund,1500,Earnings on Investments,163706.99
2019-20,1894,Baker SD 5J,100,General Fund,1910,Rentals,11500
2019-20,1894,Baker SD 5J,100,General Fund,1920,Contributions and Donations From Private Sources,14000
2019-20,1894,Baker SD 5J,100,General Fund,1940,Services Provided Other Local Education Agencies,1305.5
2019-20,1895,Huntington SD 16J,100,General Fund,1110,Ad valorem taxes levied by district,807930.02
2019-20,1895,Huntington SD 16J,100,General Fund,1500,Earnings on Investments,32068.61
2019-20,1895,Huntington SD 16J,100,General Fund,1990,Miscellaneous,42669.32
2019-20,1895,Huntington SD 16J,100,General Fund,3101,State School Fund --General Support,1543580.5
2019-20,1895,Huntington SD 16J,100,General Fund,3103,Common School Fund,8357.4
2019-20,1895,Huntington SD 16J,100,General Fund,4801,Federal Forest Fees,7420.82
2019-20,1895,Huntington SD 16J,200,Special Revenue Funds,4500,Restricted Revenue From Federal Government Through the State,99232.06
2019-20,1895,Huntington SD 16J,200,Special Revenue Funds,5200,Interfund Transfers,53118.1
2019-20,1895,Huntington SD 16J,200,Special Revenue Funds,5400,Resources - Beginning Fund Balance,81182.9
2019-20,1895,Huntington SD 16J,400,Capital Projects Funds,5400,Resources - Beginning Fund Balance,25000
2019-20,1895,Huntington SD 16J,600,Internal Service Funds,1500,Earnings on Investments,1165.22
2019-20,1895,Huntington SD 16J,600,Internal Service Funds,5400,Resources - Beginning Fund Balance,17739
2019-20,1895,Huntington SD 16J,100,General Fund,5400,Resources - Beginning Fund Balance,1312092
2019-20,1895,Huntington SD 16J,200,Special Revenue Funds,1500,Earnings on Investments,12.49
2019-20,1895,Huntington SD 16J,200,Special Revenue Funds,1700,Extra-Curricular Activities,55748.89
2019-20,1895,Huntington SD 16J,200,Special Revenue Funds,1910,Rentals,3250
2019-20,1895,Huntington SD 16J,200,Special Revenue Funds,3299,Other Restricted Grants-In-Aid,18685.49
2019-20,1895,Huntington SD 16J,200,Special Revenue Funds,4300,Restricted Revenue Direct From the Federal Government,10672.65
2019-20,1896,Burnt River SD 30J,100,General Fund,1110,Ad valorem taxes levied by district,321709
2019-20,1896,Burnt River SD 30J,100,General Fund,1500,Earnings on Investments,19177
2019-20,1896,Burnt River SD 30J,100,General Fund,1700,Extra-Curricular Activities,289
2019-20,1896,Burnt River SD 30J,100,General Fund,1910,Rentals,8787
2019-20,1896,Burnt River SD 30J,100,General Fund,1990,Miscellaneous,23543
2019-20,1896,Burnt River SD 30J,100,General Fund,2800,Revenue in Lieu of Taxes,1753
2019-20,1896,Burnt River SD 30J,200,Special Revenue Funds,5400,Resources - Beginning Fund Balance,84497
2019-20,1896,Burnt River SD 30J,600,Internal Service Funds,1500,Earnings on Investments,724
2019-20,1896,Burnt River SD 30J,600,Internal Service Funds,5400,Resources - Beginning Fund Balance,28631
2019-20,1896,Burnt River SD 30J,200,Special Revenue Funds,1600,Food Service,5029
2019-20,1896,Burnt River SD 30J,200,Special Revenue Funds,1990,Miscellaneous,15592
2019-20,1896,Burnt River SD 30J,200,Special Revenue Funds,3102,State School Fund--School Lunch Match,189
2019-20,1896,Burnt River SD 30J,200,Special Revenue Funds,4500,Restricted Revenue From Federal Government Through the State,49526
2019-20,1896,Burnt River SD 30J,200,Special Revenue Funds,4900,Revenue for/on Behalf of the District,1119
2019-20,1896,Burnt River SD 30J,200,Special Revenue Funds,5200,Interfund Transfers,29400
2019-20,1896,Burnt River SD 30J,100,General Fund,3101,State School Fund --General Support,1245777
2019-20,1896,Burnt River SD 30J,100,General Fund,3103,Common School Fund,3849
2019-20,1896,Burnt River SD 30J,100,General Fund,3299,Other Restricted Grants-In-Aid,28926
2019-20,1896,Burnt River SD 30J,100,General Fund,4801,Federal Forest Fees,2457
2019-20,1896,Burnt River SD 30J,100,General Fund,5400,Resources - Beginning Fund Balance,707700
2019-20,1896,Burnt River SD 30J,200,Special Revenue Funds,1500,Earnings on Investments,507
2019-20,1897,Pine Eagle SD 61,200,Special Revenue Funds,5200,Interfund Transfers,270492.24
2019-20,1897,Pine Eagle SD 61,200,Special Revenue Funds,5400,Resources - Beginning Fund Balance,289818.15
2019-20,1897,Pine Eagle SD 61,200,Special Revenue Funds,1700,Extra-Curricular Activities,77656.16
2019-20,1897,Pine Eagle SD 61,200,Special Revenue Funds,1920,Contributions and Donations From Private Sources,9474.25
2019-20,1897,Pine Eagle SD 61,200,Special Revenue Funds,1990,Miscellaneous,37232.15
2019-20,1897,Pine Eagle SD 61,200,Special Revenue Funds,2200,Restricted Revenue,21177.48
2019-20,1897,Pine Eagle SD 61,200,Special Revenue Funds,3299,Other Restricted Grants-In-Aid,126451.72
2019-20,1897,Pine Eagle SD 61,200,Special Revenue Funds,4500,Restricted Revenue From Federal Government Through the State,279439.65
2019-20,1897,Pine Eagle SD 61,100,General Fund,3101,State School Fund --General Support,2526097.49
2019-20,1897,Pine Eagle SD 61,100,General Fund,3103,Common School Fund,8479.6
2019-20,1897,Pine Eagle SD 61,100,General Fund,4801,Federal Forest Fees,15944.39
2019-20,1897,Pine Eagle SD 61,100,General Fund,5400,Resources - Beginning Fund Balance,1268921.17
2019-20,1897,Pine Eagle SD 61,200,Special Revenue Funds,1500,Earnings on Investments,11.85
2019-20,1897,Pine Eagle SD 61,200,Special Revenue Funds,1600,Food Service,25500.65
2019-20,1897,Pine Eagle SD 61,100,General Fund,1110,Ad valorem taxes levied by district,1090884.65
2019-20,1897,Pine Eagle SD 61,100,General Fund,1500,Earnings on Investments,42747.22
2019-20,1897,Pine Eagle SD 61,100,General Fund,1990,Miscellaneous,45604.89
2019-20,1897,Pine Eagle SD 61,100,General Fund,2200,Restricted Revenue,134362.68
2019-20,1898,Monroe SD 1J,100,General Fund,1110,Ad valorem taxes levied by district,1311118.14
2019-20,1898,Monroe SD 1J,100,General Fund,1330,Summer School Tuition,150
2019-20,1898,Monroe SD 1J,100,General Fund,1500,Earnings on Investments,87755.07
2019-20,1898,Monroe SD 1J,100,General Fund,1700,Extra-Curricular Activities,6604.36
2019-20,1898,Monroe SD 1J,100,General Fund,1960,Recovery of Prior Years' Expenditure,2137.44
2019-20,1898,Monroe SD 1J,100,General Fund,1980,Fees Charged to Grants,828.52
2019-20,1898,Monroe SD 1J,300,Debt Service Funds,1970,Services Provided Other Funds,142668.83
2019-20,1898,Monroe SD 1J,300,Debt Service Funds,5200,Interfund Transfers,29472
2019-20,1898,Monroe SD 1J,300,Debt Service Funds,5400,Resources - Beginning Fund Balance,234474.83
2019-20,1898,Monroe SD 1J,400,Capital Projects Funds,1130,Construction Excise Tax,57692.16
2019-20,1898,Monroe SD 1J,400,Capital Projects Funds,3299,Other Restricted Grants-In-Aid,2261591.78
2019-20,1898,Monroe SD 1J,400,Capital Projects Funds,5400,Resources - Beginning Fund Balance,2612110.56
2019-20,1898,Monroe SD 1J,200,Special Revenue Funds,4500,Restricted Revenue From Federal Government Through the State,367717
2019-20,1898,Monroe SD 1J,200,Special Revenue Funds,4700,Grants-In-Aid From Federal Government Through Other Intermed,14203.54
2019-20,1898,Monroe SD 1J,200,Special Revenue Funds,5200,Interfund Transfers,136849.15
2019-20,1898,Monroe SD 1J,200,Special Revenue Funds,5400,Resources - Beginning Fund Balance,59450.12
2019-20,1898,Monroe SD 1J,300,Debt Service Funds,1120,Local option ad valorem taxes levied by district,411751.48
2019-20,1898,Monroe SD 1J,300,Debt Service Funds,1500,Earnings on Investments,784.8
2019-20,1898,Monroe SD 1J,200,Special Revenue Funds,1700,Extra-Curricular Activities,65470.44
2019-20,1898,Monroe SD 1J,200,Special Revenue Funds,1920,Contributions and Donations From Private Sources,28311.75
2019-20,1898,Monroe SD 1J,200,Special Revenue Funds,1990,Miscellaneous,10512.46
2019-20,1898,Monroe SD 1J,200,Special Revenue Funds,2200,Restricted Revenue,4141.72
2019-20,1898,Monroe SD 1J,200,Special Revenue Funds,3299,Other Restricted Grants-In-Aid,191157.28
2019-20,1898,Monroe SD 1J,200,Special Revenue Funds,4300,Restricted Revenue Direct From the Federal Government,19914
2019-20,1898,Monroe SD 1J,100,General Fund,3299,Other Restricted Grants-In-Aid,-18736.55
2019-20,1898,Monroe SD 1J,100,General Fund,4200,Unrestricted Revenue From Federal Government Through State,21241.79
2019-20,1898,Monroe SD 1J,100,General Fund,4899,Other Federal Revenue in Lieu of Taxes,3031.68
2019-20,1898,Monroe SD 1J,100,General Fund,5200,Interfund Transfers,50761.86
2019-20,1898,Monroe SD 1J,100,General Fund,5400,Resources - Beginning Fund Balance,858484.34
2019-20,1898,Monroe SD 1J,200,Special Revenue Funds,1600,Food Service,34137.17
2019-20,1898,Monroe SD 1J,100,General Fund,1990,Miscellaneous,66175.46
2019-20,1898,Monroe SD 1J,100,General Fund,2101,County School Funds,17334.41
2019-20,1898,Monroe SD 1J,100,General Fund,2200,Restricted Revenue,13125.47
2019-20,1898,Monroe SD 1J,100,General Fund,3101,State School Fund --General Support,3562485.84
2019-20,1898,Monroe SD 1J,100,General Fund,3103,Common School Fund,52914.05
2019-20,1898,Monroe SD 1J,100,General Fund,3199,Other Unrestricted Grants-In-Aid,18032.22
2019-20,1899,Alsea SD 7J,100,General Fund,1110,Ad valorem taxes levied by district,427775.62
2019-20,1899,Alsea SD 7J,100,General Fund,1190,Penalties and interest on taxes,1075.14
2019-20,1899,Alsea SD 7J,100,General Fund,1412,Transportation fees from Other Districts within the State,1204.13
2019-20,1899,Alsea SD 7J,100,General Fund,1500,Earnings on Investments,36290.15
2019-20,1899,Alsea SD 7J,100,General Fund,1920,Contributions and Donations From Private Sources,600
2019-20,1899,Alsea SD 7J,100,General Fund,1940,Services Provided Other Local Education Agencies,293623.89
2019-20,1899,Alsea SD 7J,400,Capital Projects Funds,5200,Interfund Transfers,5000
2019-20,1899,Alsea SD 7J,400,Capital Projects Funds,5400,Resources - Beginning Fund Balance,13819.53
2019-20,1899,Alsea SD 7J,200,Special Revenue Funds,3299,Other Restricted Grants-In-Aid,102058.56
2019-20,1899,Alsea SD 7J,200,Special Revenue Funds,4100,Unrestricted Revenue Direct From the Federal Government,14790
2019-20,1899,Alsea SD 7J,200,Special Revenue Funds,4500,Restricted Revenue From Federal Government Through the State,182845.06
2019-20,1899,Alsea SD 7J,200,Special Revenue Funds,4900,Revenue for/on Behalf of the District,3739.37
2019-20,1899,Alsea SD 7J,200,Special Revenue Funds,5200,Interfund Transfers,31580.03
2019-20,1899,Alsea SD 7J,200,Special Revenue Funds,5400,Resources - Beginning Fund Balance,49746.29
2019-20,1899,Alsea SD 7J,100,General Fund,5400,Resources - Beginning Fund Balance,1039792.65
2019-20,1899,Alsea SD 7J,200,Special Revenue Funds,1500,Earnings on Investments,7.82
2019-20,1899,Alsea SD 7J,200,Special Revenue Funds,1600,Food Service,193
2019-20,1899,Alsea SD 7J,200,Special Revenue Funds,1700,Extra-Curricular Activities,29699.24
2019-20,1899,Alsea SD 7J,200,Special Revenue Funds,1990,Miscellaneous,-42
2019-20,1899,Alsea SD 7J,200,Special Revenue Funds,3199,Other Unrestricted Grants-In-Aid,21815.22
2019-20,1899,Alsea SD 7J,100,General Fund,1990,Miscellaneous,46828.21
2019-20,1899,Alsea SD 7J,100,General Fund,2101,County School Funds,7403.31
2019-20,1899,Alsea SD 7J,100,General Fund,2102,General Education Service District Funds,12871
2019-20,1899,Alsea SD 7J,100,General Fund,3101,State School Fund --General Support,4914425.81
2019-20,1899,Alsea SD 7J,100,General Fund,3103,Common School Fund,25316.11
2019-20,1899,Alsea SD 7J,100,General Fund,3199,Other Unrestricted Grants-In-Aid,8087.06
2019-20,1900,Philomath SD 17J,100,General Fund,1110,Ad valorem taxes levied by district,3795291
2019-20,1900,Philomath SD 17J,100,General Fund,1120,Local option ad valorem taxes levied by district,820241.89
2019-20,1900,Philomath SD 17J,100,General Fund,1190,Penalties and interest on taxes,8809.08
2019-20,1900,Philomath SD 17J,100,General Fund,1500,Earnings on Investments,188403.6
2019-20,1900,Philomath SD 17J,100,General Fund,1700,Extra-Curricular Activities,62773
2019-20,1900,Philomath SD 17J,100,General Fund,1910,Rentals,15745
2019-20,1900,Philomath SD 17J,700,Trust and Agency Funds,1990,Miscellaneous,15438.53
2019-20,1900,Philomath SD 17J,700,Trust and Agency Funds,5200,Interfund Transfers,75000
2019-20,1900,Philomath SD 17J,700,Trust and Agency Funds,5400,Resources - Beginning Fund Balance,877448.6
2019-20,1900,Philomath SD 17J,400,Capital Projects Funds,1500,Earnings on Investments,189.39
2019-20,1900,Philomath SD 17J,400,Capital Projects Funds,2200,Restricted Revenue,222770
2019-20,1900,Philomath SD 17J,400,Capital Projects Funds,5200,Interfund Transfers,656000
2019-20,1900,Philomath SD 17J,400,Capital Projects Funds,5300,Sale of or Compensation for Loss of Fixed Assets,45666.6
2019-20,1900,Philomath SD 17J,400,Capital Projects Funds,5400,Resources - Beginning Fund Balance,411184.26
2019-20,1900,Philomath SD 17J,600,Internal Service Funds,5400,Resources - Beginning Fund Balance,13919.23
2019-20,1900,Philomath SD 17J,200,Special Revenue Funds,5400,Resources - Beginning Fund Balance,669479.7
2019-20,1900,Philomath SD 17J,300,Debt Service Funds,1110,Ad valorem taxes levied by district,2099052.09
2019-20,1900,Philomath SD 17J,300,Debt Service Funds,1190,Penalties and interest on taxes,3650.67
2019-20,1900,Philomath SD 17J,300,Debt Service Funds,1500,Earnings on Investments,1065647.8
2019-20,1900,Philomath SD 17J,300,Debt Service Funds,1970,Services Provided Other Funds,740103.79
2019-20,1900,Philomath SD 17J,300,Debt Service Funds,5400,Resources - Beginning Fund Balance,3616352.96
2019-20,1900,Philomath SD 17J,200,Special Revenue Funds,3204,Driver Education,8430
2019-20,1900,Philomath SD 17J,200,Special Revenue Funds,3299,Other Restricted Grants-In-Aid,683990.32
2019-20,1900,Philomath SD 17J,200,Special Revenue Funds,4500,Restricted Revenue From Federal Government Through the State,631603.38
2019-20,1900,Philomath SD 17J,200,Special Revenue Funds,4700,Grants-In-Aid From Federal Government Through Other Intermed,16869.94
2019-20,1900,Philomath SD 17J,200,Special Revenue Funds,4900,Revenue for/on Behalf of the District,24890.31
2019-20,1900,Philomath SD 17J,200,Special Revenue Funds,5200,Interfund Transfers,72000
2019-20,1900,Philomath SD 17J,200,Special Revenue Funds,1700,Extra-Curricular Activities,141056.26
2019-20,1900,Philomath SD 17J,200,Special Revenue Funds,1800,Community Services Activities,4031.65
2019-20,1900,Philomath SD 17J,200,Special Revenue Funds,1920,Contributions and Donations From Private Sources,109670.07
2019-20,1900,Philomath SD 17J,200,Special Revenue Funds,1990,Miscellaneous,401818.15
2019-20,1900,Philomath SD 17J,200,Special Revenue Funds,2200,Restricted Revenue,4072.79
2019-20,1900,Philomath SD 17J,200,Special Revenue Funds,3199,Other Unrestricted Grants-In-Aid,16886.5
2019-20,1900,Philomath SD 17J,100,General Fund,4200,Unrestricted Revenue From Federal Government Through State,21073.09
2019-20,1900,Philomath SD 17J,100,General Fund,4500,Restricted Revenue From Federal Government Through the State,330
2019-20,1900,Philomath SD 17J,100,General Fund,5100,Long Term Debt Financing Sources,121193
2019-20,1900,Philomath SD 17J,100,General Fund,5300,Sale of or Compensation for Loss of Fixed Assets,7200
2019-20,1900,Philomath SD 17J,100,General Fund,5400,Resources - Beginning Fund Balance,2710082.51
2019-20,1900,Philomath SD 17J,200,Special Revenue Funds,1500,Earnings on Investments,148.45
2019-20,1900,Philomath SD 17J,100,General Fund,2200,Restricted Revenue,16040
2019-20,1900,Philomath SD 17J,100,General Fund,3101,State School Fund --General Support,12579421.64
2019-20,1900,Philomath SD 17J,100,General Fund,3103,Common School Fund,219208.27
2019-20,1900,Philomath SD 17J,100,General Fund,3104,State Managed County Timber,494608.93
2019-20,1900,Philomath SD 17J,100,General Fund,3199,Other Unrestricted Grants-In-Aid,814900
2019-20,1900,Philomath SD 17J,100,General Fund,3299,Other Restricted Grants-In-Aid,128698.28
2019-20,1900,Philomath SD 17J,100,General Fund,1920,Contributions and Donations From Private Sources,4270.6
2019-20,1900,Philomath SD 17J,100,General Fund,1940,Services Provided Other Local Education Agencies,123544.58
2019-20,1900,Philomath SD 17J,100,General Fund,1980,Fees Charged to Grants,2065.19
2019-20,1900,Philomath SD 17J,100,General Fund,1990,Miscellaneous,80627.79
2019-20,1900,Philomath SD 17J,100,General Fund,2101,County School Funds,54109.92
2019-20,1900,Philomath SD 17J,100,General Fund,2199,Other Intermediate Sources,97222.11
2019-20,1901,Corvallis SD 509J,100,General Fund,1110,Ad valorem taxes levied by district,30083614.22
2019-20,1901,Corvallis SD 509J,100,General Fund,1120,Local option ad valorem taxes levied by district,7166191.93
2019-20,1901,Corvallis SD 509J,100,General Fund,1311,Tuition from Individuals,7965.05
2019-20,1901,Corvallis SD 509J,100,General Fund,1500,Earnings on Investments,869178.17
2019-20,1901,Corvallis SD 509J,100,General Fund,1910,Rentals,62065.79
2019-20,1901,Corvallis SD 509J,100,General Fund,1960,Recovery of Prior Years' Expenditure,23555.33
2019-20,1901,Corvallis SD 509J,600,Internal Service Funds,1990,Miscellaneous,21778.82
2019-20,1901,Corvallis SD 509J,600,Internal Service Funds,5400,Resources - Beginning Fund Balance,6635129.64
2019-20,1901,Corvallis SD 509J,700,Trust and Agency Funds,1500,Earnings on Investments,4416.26
2019-20,1901,Corvallis SD 509J,700,Trust and Agency Funds,1920,Contributions and Donations From Private Sources,428638.51
2019-20,1901,Corvallis SD 509J,700,Trust and Agency Funds,5400,Resources - Beginning Fund Balance,219982.08
2019-20,1901,Corvallis SD 509J,200,Special Revenue Funds,4200,Unrestricted Revenue From Federal Government Through State,1455999.01
2019-20,1901,Corvallis SD 509J,300,Debt Service Funds,1970,Services Provided Other Funds,2352805.83
2019-20,1901,Corvallis SD 509J,300,Debt Service Funds,5400,Resources - Beginning Fund Balance,1077343.71
2019-20,1901,Corvallis SD 509J,400,Capital Projects Funds,1500,Earnings on Investments,4196902.73
2019-20,1901,Corvallis SD 509J,400,Capital Projects Funds,1990,Miscellaneous,80822
2019-20,1901,Corvallis SD 509J,400,Capital Projects Funds,5400,Resources - Beginning Fund Balance,187262946.22
2019-20,1901,Corvallis SD 509J,600,Internal Service Funds,1970,Services Provided Other Funds,15016055.26
2019-20,1901,Corvallis SD 509J,200,Special Revenue Funds,4201,Foster Transportation,3318.48
2019-20,1901,Corvallis SD 509J,200,Special Revenue Funds,4500,Restricted Revenue From Federal Government Through the State,2795828.02
2019-20,1901,Corvallis SD 509J,200,Special Revenue Funds,4900,Revenue for/on Behalf of the District,136294.39
2019-20,1901,Corvallis SD 509J,200,Special Revenue Funds,5400,Resources - Beginning Fund Balance,4449580.08
2019-20,1901,Corvallis SD 509J,300,Debt Service Funds,1110,Ad valorem taxes levied by district,12587380.74
2019-20,1901,Corvallis SD 509J,300,Debt Service Funds,1500,Earnings on Investments,207466.99
2019-20,1901,Corvallis SD 509J,200,Special Revenue Funds,1910,Rentals,8530.03
2019-20,1901,Corvallis SD 509J,200,Special Revenue Funds,1920,Contributions and Donations From Private Sources,349384.54
2019-20,1901,Corvallis SD 509J,200,Special Revenue Funds,1990,Miscellaneous,1286928.1
2019-20,1901,Corvallis SD 509J,200,Special Revenue Funds,2200,Restricted Revenue,209004.29
2019-20,1901,Corvallis SD 509J,200,Special Revenue Funds,3102,State School Fund--School Lunch Match,15778.55
2019-20,1901,Corvallis SD 509J,200,Special Revenue Funds,3299,Other Restricted Grants-In-Aid,3528592.7
2019-20,1901,Corvallis SD 509J,100,General Fund,5400,Resources - Beginning Fund Balance,16373873.61
2019-20,1901,Corvallis SD 509J,200,Special Revenue Funds,1130,Construction Excise Tax,247388.64
2019-20,1901,Corvallis SD 509J,200,Special Revenue Funds,1500,Earnings on Investments,96198.83
2019-20,1901,Corvallis SD 509J,200,Special Revenue Funds,1600,Food Service,901919.01
2019-20,1901,Corvallis SD 509J,200,Special Revenue Funds,1700,Extra-Curricular Activities,777343.95
2019-20,1901,Corvallis SD 509J,200,Special Revenue Funds,1800,Community Services Activities,6605.2
2019-20,1901,Corvallis SD 509J,100,General Fund,3103,Common School Fund,945381.6
2019-20,1901,Corvallis SD 509J,100,General Fund,3199,Other Unrestricted Grants-In-Aid,508452.44
2019-20,1901,Corvallis SD 509J,100,General Fund,4200,Unrestricted Revenue From Federal Government Through State,75645.88
2019-20,1901,Corvallis SD 509J,100,General Fund,4801,Federal Forest Fees,6323.51
2019-20,1901,Corvallis SD 509J,100,General Fund,4899,Other Federal Revenue in Lieu of Taxes,7387.32
2019-20,1901,Corvallis SD 509J,100,General Fund,5100,Long Term Debt Financing Sources,1020692.37
2019-20,1901,Corvallis SD 509J,100,General Fund,1980,Fees Charged to Grants,187339.33
2019-20,1901,Corvallis SD 509J,100,General Fund,1990,Miscellaneous,511864.86
2019-20,1901,Corvallis SD 509J,100,General Fund,2101,County School Funds,255093.54
2019-20,1901,Corvallis SD 509J,100,General Fund,2102,General Education Service District Funds,170507
2019-20,1901,Corvallis SD 509J,100,General Fund,2200,Restricted Revenue,258945.11
2019-20,1901,Corvallis SD 509J,100,General Fund,3101,State School Fund --General Support,38458578.54
2019-20,1902,Clackamas ESD,100,General Fund,1110,Ad valorem taxes levied by district,17390548
2019-20,1902,Clackamas ESD,100,General Fund,1190,Penalties and interest on taxes,57792
2019-20,1902,Clackamas ESD,100,General Fund,1312,Tuition from Other Districts within the State,1020916
2019-20,1902,Clackamas ESD,100,General Fund,1500,Earnings on Investments,228855
2019-20,1902,Clackamas ESD,100,General Fund,1910,Rentals,0
2019-20,1902,Clackamas ESD,100,General Fund,1920,Contributions and Donations From Private Sources,0
2019-20,1902,Clackamas ESD,700,Trust and Agency Funds,1920,Contributions and Donations From Private Sources,216
2019-20,1902,Clackamas ESD,700,Trust and Agency Funds,1990,Miscellaneous,0
2019-20,1902,Clackamas ESD,700,Trust and Agency Funds,5400,Resources - Beginning Fund Balance,169401
2019-20,1902,Clackamas ESD,500,Enterprise Funds,1990,Miscellaneous,614784
2019-20,1902,Clackamas ESD,500,Enterprise Funds,5400,Resources - Beginning Fund Balance,1598035
2019-20,1902,Clackamas ESD,600,Internal Service Funds,1910,Rentals,507317
2019-20,1902,Clackamas ESD,600,Internal Service Funds,1970,Services Provided Other Funds,423293
2019-20,1902,Clackamas ESD,600,Internal Service Funds,1990,Miscellaneous,643212
2019-20,1902,Clackamas ESD,600,Internal Service Funds,5400,Resources - Beginning Fund Balance,495769
2019-20,1902,Clackamas ESD,300,Debt Service Funds,5400,Resources - Beginning Fund Balance,410047
2019-20,1902,Clackamas ESD,400,Capital Projects Funds,1990,Miscellaneous,0
2019-20,1902,Clackamas ESD,400,Capital Projects Funds,5100,Long Term Debt Financing Sources,1000000
2019-20,1902,Clackamas ESD,400,Capital Projects Funds,5400,Resources - Beginning Fund Balance,329810
2019-20,1902,Clackamas ESD,500,Enterprise Funds,1940,Services Provided Other Local Education Agencies,1605056
2019-20,1902,Clackamas ESD,500,Enterprise Funds,1970,Services Provided Other Funds,32739
2019-20,1902,Clackamas ESD,200,Special Revenue Funds,3299,Other Restricted Grants-In-Aid,13251585
2019-20,1902,Clackamas ESD,200,Special Revenue Funds,4500,Restricted Revenue From Federal Government Through the State,3366396
2019-20,1902,Clackamas ESD,200,Special Revenue Funds,4700,Grants-In-Aid From Federal Government Through Other Intermed,837625
2019-20,1902,Clackamas ESD,200,Special Revenue Funds,5400,Resources - Beginning Fund Balance,2073764
2019-20,1902,Clackamas ESD,300,Debt Service Funds,1500,Earnings on Investments,17572
2019-20,1902,Clackamas ESD,300,Debt Service Funds,1970,Services Provided Other Funds,1747740
2019-20,1902,Clackamas ESD,200,Special Revenue Funds,1312,Tuition from Other Districts within the State,5206894
2019-20,1902,Clackamas ESD,200,Special Revenue Funds,1920,Contributions and Donations From Private Sources,14318
2019-20,1902,Clackamas ESD,200,Special Revenue Funds,1940,Services Provided Other Local Education Agencies,922610
2019-20,1902,Clackamas ESD,200,Special Revenue Funds,1970,Services Provided Other Funds,0
2019-20,1902,Clackamas ESD,200,Special Revenue Funds,1990,Miscellaneous,603552
2019-20,1902,Clackamas ESD,200,Special Revenue Funds,2200,Restricted Revenue,0
2019-20,1902,Clackamas ESD,100,General Fund,1940,Services Provided Other Local Education Agencies,0
2019-20,1902,Clackamas ESD,100,General Fund,1980,Fees Charged to Grants,405054
2019-20,1902,Clackamas ESD,100,General Fund,1990,Miscellaneous,25887
2019-20,1902,Clackamas ESD,100,General Fund,3101,State School Fund --General Support,9958245
2019-20,1902,Clackamas ESD,100,General Fund,3104,State Managed County Timber,14576
2019-20,1902,Clackamas ESD,100,General Fund,5400,Resources - Beginning Fund Balance,8088448
2019-20,1922,West Linn-Wilsonville SD 3J,700,Trust and Agency Funds,1500,Earnings on Investments,5648.27
2019-20,1922,West Linn-Wilsonville SD 3J,700,Trust and Agency Funds,1920,Contributions and Donations From Private Sources,6830
2019-20,1922,West Linn-Wilsonville SD 3J,700,Trust and Agency Funds,5400,Resources - Beginning Fund Balance,256643.23
2019-20,1922,West Linn-Wilsonville SD 3J,300,Debt Service Funds,1970,Services Provided Other Funds,3292699.61
2019-20,1922,West Linn-Wilsonville SD 3J,300,Debt Service Funds,5400,Resources - Beginning Fund Balance,2825550.94
2019-20,1922,West Linn-Wilsonville SD 3J,400,Capital Projects Funds,1130,Construction Excise Tax,418775.73
2019-20,1922,West Linn-Wilsonville SD 3J,400,Capital Projects Funds,1500,Earnings on Investments,1336108.95
2019-20,1922,West Linn-Wilsonville SD 3J,400,Capital Projects Funds,5100,Long Term Debt Financing Sources,239812130.2
2019-20,1922,West Linn-Wilsonville SD 3J,400,Capital Projects Funds,5400,Resources - Beginning Fund Balance,5470267.14
2019-20,1922,West Linn-Wilsonville SD 3J,200,Special Revenue Funds,4900,Revenue for/on Behalf of the District,183092.04
2019-20,1922,West Linn-Wilsonville SD 3J,200,Special Revenue Funds,5300,Sale of or Compensation for Loss of Fixed Assets,5560895
2019-20,1922,West Linn-Wilsonville SD 3J,200,Special Revenue Funds,5400,Resources - Beginning Fund Balance,2712083.41
2019-20,1922,West Linn-Wilsonville SD 3J,300,Debt Service Funds,1110,Ad valorem taxes levied by district,25102953.22
2019-20,1922,West Linn-Wilsonville SD 3J,300,Debt Service Funds,1190,Penalties and interest on taxes,103103.54
2019-20,1922,West Linn-Wilsonville SD 3J,300,Debt Service Funds,1500,Earnings on Investments,41961.3
2019-20,1922,West Linn-Wilsonville SD 3J,200,Special Revenue Funds,2200,Restricted Revenue,155436.7
2019-20,1922,West Linn-Wilsonville SD 3J,200,Special Revenue Funds,3102,State School Fund--School Lunch Match,20335.09
2019-20,1922,West Linn-Wilsonville SD 3J,200,Special Revenue Funds,3199,Other Unrestricted Grants-In-Aid,302685.49
2019-20,1922,West Linn-Wilsonville SD 3J,200,Special Revenue Funds,3299,Other Restricted Grants-In-Aid,2730720.8
2019-20,1922,West Linn-Wilsonville SD 3J,200,Special Revenue Funds,4500,Restricted Revenue From Federal Government Through the State,2823861.87
2019-20,1922,West Linn-Wilsonville SD 3J,200,Special Revenue Funds,4700,Grants-In-Aid From Federal Government Through Other Intermed,171040.25
2019-20,1922,West Linn-Wilsonville SD 3J,200,Special Revenue Funds,1700,Extra-Curricular Activities,3170088.84
2019-20,1922,West Linn-Wilsonville SD 3J,200,Special Revenue Funds,1910,Rentals,220875.52
2019-20,1922,West Linn-Wilsonville SD 3J,200,Special Revenue Funds,1920,Contributions and Donations From Private Sources,34154.68
2019-20,1922,West Linn-Wilsonville SD 3J,200,Special Revenue Funds,1960,Recovery of Prior Years' Expenditure,572.05
2019-20,1922,West Linn-Wilsonville SD 3J,200,Special Revenue Funds,1990,Miscellaneous,13051.81
2019-20,1922,West Linn-Wilsonville SD 3J,200,Special Revenue Funds,2199,Other Intermediate Sources,655134.37
2019-20,1922,West Linn-Wilsonville SD 3J,100,General Fund,3103,Common School Fund,901046.35
2019-20,1922,West Linn-Wilsonville SD 3J,100,General Fund,3199,Other Unrestricted Grants-In-Aid,446163.03
2019-20,1922,West Linn-Wilsonville SD 3J,100,General Fund,4500,Restricted Revenue From Federal Government Through the State,17877.86
2019-20,1922,West Linn-Wilsonville SD 3J,100,General Fund,5400,Resources - Beginning Fund Balance,9666671.66
2019-20,1922,West Linn-Wilsonville SD 3J,200,Special Revenue Funds,1500,Earnings on Investments,105528.83
2019-20,1922,West Linn-Wilsonville SD 3J,200,Special Revenue Funds,1600,Food Service,763574.73
2019-20,1922,West Linn-Wilsonville SD 3J,100,General Fund,1920,Contributions and Donations From Private Sources,1235
2019-20,1922,West Linn-Wilsonville SD 3J,100,General Fund,1960,Recovery of Prior Years' Expenditure,16092.01
2019-20,1922,West Linn-Wilsonville SD 3J,100,General Fund,1990,Miscellaneous,343272.01
2019-20,1922,West Linn-Wilsonville SD 3J,100,General Fund,2101,County School Funds,1122.64
2019-20,1922,West Linn-Wilsonville SD 3J,100,General Fund,2102,General Education Service District Funds,1926800.49
2019-20,1922,West Linn-Wilsonville SD 3J,100,General Fund,3101,State School Fund --General Support,58649871.66
2019-20,1922,West Linn-Wilsonville SD 3J,100,General Fund,1190,Penalties and interest on taxes,117313.8
2019-20,1922,West Linn-Wilsonville SD 3J,100,General Fund,1311,Tuition from Individuals,254251.94
2019-20,1922,West Linn-Wilsonville SD 3J,100,General Fund,1330,Summer School Tuition,65993.55
2019-20,1922,West Linn-Wilsonville SD 3J,100,General Fund,1500,Earnings on Investments,872845.82
2019-20,1922,West Linn-Wilsonville SD 3J,100,General Fund,1700,Extra-Curricular Activities,415723.64
2019-20,1922,West Linn-Wilsonville SD 3J,100,General Fund,1910,Rentals,95072.77
2019-20,1922,West Linn-Wilsonville SD 3J,100,General Fund,1110,Ad valorem taxes levied by district,37718232.18
2019-20,1922,West Linn-Wilsonville SD 3J,100,General Fund,1120,Local option ad valorem taxes levied by district,9351764.24
2019-20,1923,Lake Oswego SD 7J,400,Capital Projects Funds,5400,Resources - Beginning Fund Balance,157112199
2019-20,1923,Lake Oswego SD 7J,400,Capital Projects Funds,1500,Earnings on Investments,2362929.69
2019-20,1923,Lake Oswego SD 7J,400,Capital Projects Funds,1990,Miscellaneous,164104.98
2019-20,1923,Lake Oswego SD 7J,400,Capital Projects Funds,5100,Long Term Debt Financing Sources,34345662.6
2019-20,1923,Lake Oswego SD 7J,300,Debt Service Funds,5400,Resources - Beginning Fund Balance,698064
2019-20,1923,Lake Oswego SD 7J,100,General Fund,3199,Other Unrestricted Grants-In-Aid,10166
2019-20,1923,Lake Oswego SD 7J,100,General Fund,5400,Resources - Beginning Fund Balance,17790618
2019-20,1923,Lake Oswego SD 7J,200,Special Revenue Funds,4900,Revenue for/on Behalf of the District,106314.34
2019-20,1923,Lake Oswego SD 7J,200,Special Revenue Funds,5200,Interfund Transfers,1062330.38
2019-20,1923,Lake Oswego SD 7J,200,Special Revenue Funds,5400,Resources - Beginning Fund Balance,1299178
2019-20,1923,Lake Oswego SD 7J,300,Debt Service Funds,1110,Ad valorem taxes levied by district,16576761.4
2019-20,1923,Lake Oswego SD 7J,300,Debt Service Funds,1500,Earnings on Investments,144627.46
2019-20,1923,Lake Oswego SD 7J,400,Capital Projects Funds,1130,Construction Excise Tax,637325.9
2019-20,1923,Lake Oswego SD 7J,200,Special Revenue Funds,1920,Contributions and Donations From Private Sources,1161367.72
2019-20,1923,Lake Oswego SD 7J,200,Special Revenue Funds,1990,Miscellaneous,0.01
2019-20,1923,Lake Oswego SD 7J,200,Special Revenue Funds,2200,Restricted Revenue,174000
2019-20,1923,Lake Oswego SD 7J,200,Special Revenue Funds,3102,State School Fund--School Lunch Match,13667.43
2019-20,1923,Lake Oswego SD 7J,200,Special Revenue Funds,3299,Other Restricted Grants-In-Aid,1836386.49
2019-20,1923,Lake Oswego SD 7J,200,Special Revenue Funds,4500,Restricted Revenue From Federal Government Through the State,1767730.72
2019-20,1923,Lake Oswego SD 7J,100,General Fund,3103,Common School Fund,641746.77
2019-20,1923,Lake Oswego SD 7J,100,General Fund,3299,Other Restricted Grants-In-Aid,126292.73
2019-20,1923,Lake Oswego SD 7J,100,General Fund,5300,Sale of or Compensation for Loss of Fixed Assets,6000
2019-20,1923,Lake Oswego SD 7J,200,Special Revenue Funds,1600,Food Service,1077125.3
2019-20,1923,Lake Oswego SD 7J,200,Special Revenue Funds,1700,Extra-Curricular Activities,2692285
2019-20,1923,Lake Oswego SD 7J,200,Special Revenue Funds,1800,Community Services Activities,2201706.55
2019-20,1923,Lake Oswego SD 7J,100,General Fund,1960,Recovery of Prior Years' Expenditure,1096614.44
2019-20,1923,Lake Oswego SD 7J,100,General Fund,1980,Fees Charged to Grants,98261
2019-20,1923,Lake Oswego SD 7J,100,General Fund,1990,Miscellaneous,34582.54
2019-20,1923,Lake Oswego SD 7J,100,General Fund,2101,County School Funds,4746.86
2019-20,1923,Lake Oswego SD 7J,100,General Fund,2102,General Education Service District Funds,1422539.71
2019-20,1923,Lake Oswego SD 7J,100,General Fund,3101,State School Fund --General Support,32184928.78
2019-20,1923,Lake Oswego SD 7J,100,General Fund,1500,Earnings on Investments,736425.42
2019-20,1923,Lake Oswego SD 7J,100,General Fund,1700,Extra-Curricular Activities,474775.07
2019-20,1923,Lake Oswego SD 7J,100,General Fund,1910,Rentals,201323.23
2019-20,1923,Lake Oswego SD 7J,100,General Fund,1920,Contributions and Donations From Private Sources,19380
2019-20,1923,Lake Oswego SD 7J,100,General Fund,1930,Rental or Lease Payments from Private Contractors,69462.58
2019-20,1923,Lake Oswego SD 7J,100,General Fund,1950,Textbook Sales and Rentals,3757.23
2019-20,1923,Lake Oswego SD 7J,100,General Fund,1110,Ad valorem taxes levied by district,36377812.1
2019-20,1923,Lake Oswego SD 7J,100,General Fund,1120,Local option ad valorem taxes levied by district,13150494
2019-20,1923,Lake Oswego SD 7J,100,General Fund,1311,Tuition from Individuals,143105.76
2019-20,1924,North Clackamas SD 12,600,Internal Service Funds,5400,Resources - Beginning Fund Balance,4882071
2019-20,1924,North Clackamas SD 12,100,General Fund,5400,Resources - Beginning Fund Balance,19505654
2019-20,1924,North Clackamas SD 12,200,Special Revenue Funds,5400,Resources - Beginning Fund Balance,6578498
2019-20,1924,North Clackamas SD 12,300,Debt Service Funds,5400,Resources - Beginning Fund Balance,8640574
2019-20,1924,North Clackamas SD 12,400,Capital Projects Funds,5400,Resources - Beginning Fund Balance,280129774
2019-20,1924,North Clackamas SD 12,500,Enterprise Funds,5400,Resources - Beginning Fund Balance,936100
2019-20,1924,North Clackamas SD 12,600,Internal Service Funds,5200,Interfund Transfers,1000000
2019-20,1924,North Clackamas SD 12,700,Trust and Agency Funds,1120,Local option ad valorem taxes levied by district,531618.67
2019-20,1924,North Clackamas SD 12,700,Trust and Agency Funds,1500,Earnings on Investments,3037.3
2019-20,1924,North Clackamas SD 12,700,Trust and Agency Funds,3101,State School Fund --General Support,8516086.26
2019-20,1924,North Clackamas SD 12,700,Trust and Agency Funds,5200,Interfund Transfers,72169.19
2019-20,1924,North Clackamas SD 12,100,General Fund,4201,Foster Transportation,-12999.26
2019-20,1924,North Clackamas SD 12,500,Enterprise Funds,1800,Community Services Activities,1382252.61
2019-20,1924,North Clackamas SD 12,500,Enterprise Funds,1910,Rentals,176401.4
2019-20,1924,North Clackamas SD 12,600,Internal Service Funds,1500,Earnings on Investments,130180.36
2019-20,1924,North Clackamas SD 12,600,Internal Service Funds,1960,Recovery of Prior Years' Expenditure,379017.48
2019-20,1924,North Clackamas SD 12,600,Internal Service Funds,1970,Services Provided Other Funds,39513493.13
2019-20,1924,North Clackamas SD 12,600,Internal Service Funds,1990,Miscellaneous,110335.02
2019-20,1924,North Clackamas SD 12,400,Capital Projects Funds,1500,Earnings on Investments,5586997.76
2019-20,1924,North Clackamas SD 12,400,Capital Projects Funds,1960,Recovery of Prior Years' Expenditure,1975535.87
2019-20,1924,North Clackamas SD 12,400,Capital Projects Funds,1990,Miscellaneous,2905722.92
2019-20,1924,North Clackamas SD 12,400,Capital Projects Funds,3299,Other Restricted Grants-In-Aid,263383.69
2019-20,1924,North Clackamas SD 12,400,Capital Projects Funds,5100,Long Term Debt Financing Sources,11036100
2019-20,1924,North Clackamas SD 12,400,Capital Projects Funds,5200,Interfund Transfers,199713.73
2019-20,1924,North Clackamas SD 12,300,Debt Service Funds,1110,Ad valorem taxes levied by district,34640464.18
2019-20,1924,North Clackamas SD 12,300,Debt Service Funds,1190,Penalties and interest on taxes,87796.38
2019-20,1924,North Clackamas SD 12,300,Debt Service Funds,1500,Earnings on Investments,423336
2019-20,1924,North Clackamas SD 12,300,Debt Service Funds,1970,Services Provided Other Funds,12113038.44
2019-20,1924,North Clackamas SD 12,300,Debt Service Funds,5200,Interfund Transfers,2705877
2019-20,1924,North Clackamas SD 12,400,Capital Projects Funds,1130,Construction Excise Tax,1980367.14
2019-20,1924,North Clackamas SD 12,200,Special Revenue Funds,3222,State School Fund (SSF) Transportation Equipment,715000
2019-20,1924,North Clackamas SD 12,200,Special Revenue Funds,3299,Other Restricted Grants-In-Aid,4472924.56
2019-20,1924,North Clackamas SD 12,200,Special Revenue Funds,4500,Restricted Revenue From Federal Government Through the State,10702903.25
2019-20,1924,North Clackamas SD 12,200,Special Revenue Funds,4900,Revenue for/on Behalf of the District,359721.36
2019-20,1924,North Clackamas SD 12,200,Special Revenue Funds,5100,Long Term Debt Financing Sources,2524219
2019-20,1924,North Clackamas SD 12,200,Special Revenue Funds,5200,Interfund Transfers,1340077
2019-20,1924,North Clackamas SD 12,200,Special Revenue Funds,1700,Extra-Curricular Activities,3372198.53
2019-20,1924,North Clackamas SD 12,200,Special Revenue Funds,1920,Contributions and Donations From Private Sources,62435
2019-20,1924,North Clackamas SD 12,200,Special Revenue Funds,1970,Services Provided Other Funds,4000
2019-20,1924,North Clackamas SD 12,200,Special Revenue Funds,1990,Miscellaneous,1154249.08
2019-20,1924,North Clackamas SD 12,200,Special Revenue Funds,2200,Restricted Revenue,31448.99
2019-20,1924,North Clackamas SD 12,200,Special Revenue Funds,3102,State School Fund--School Lunch Match,54446.26
2019-20,1924,North Clackamas SD 12,100,General Fund,3199,Other Unrestricted Grants-In-Aid,1441590.9
2019-20,1924,North Clackamas SD 12,100,General Fund,3299,Other Restricted Grants-In-Aid,-43874.6
2019-20,1924,North Clackamas SD 12,100,General Fund,4500,Restricted Revenue From Federal Government Through the State,7729.61
2019-20,1924,North Clackamas SD 12,100,General Fund,5200,Interfund Transfers,1400000
2019-20,1924,North Clackamas SD 12,200,Special Revenue Funds,1311,Tuition from Individuals,17150
2019-20,1924,North Clackamas SD 12,200,Special Revenue Funds,1600,Food Service,1780234.09
2019-20,1924,North Clackamas SD 12,100,General Fund,1990,Miscellaneous,784981.3
2019-20,1924,North Clackamas SD 12,100,General Fund,2101,County School Funds,5577.3
2019-20,1924,North Clackamas SD 12,100,General Fund,2102,General Education Service District Funds,1334924.5
2019-20,1924,North Clackamas SD 12,100,General Fund,2199,Other Intermediate Sources,1334924.5
2019-20,1924,North Clackamas SD 12,100,General Fund,3101,State School Fund --General Support,110025022.13
2019-20,1924,North Clackamas SD 12,100,General Fund,3103,Common School Fund,1558981.03
2019-20,1924,North Clackamas SD 12,100,General Fund,1700,Extra-Curricular Activities,188004.04
2019-20,1924,North Clackamas SD 12,100,General Fund,1910,Rentals,32222.2
2019-20,1924,North Clackamas SD 12,100,General Fund,1920,Contributions and Donations From Private Sources,92768.41
2019-20,1924,North Clackamas SD 12,100,General Fund,1960,Recovery of Prior Years' Expenditure,24750
2019-20,1924,North Clackamas SD 12,100,General Fund,1970,Services Provided Other Funds,2576753.63
2019-20,1924,North Clackamas SD 12,100,General Fund,1980,Fees Charged to Grants,280552.67
2019-20,1924,North Clackamas SD 12,700,Trust and Agency Funds,5400,Resources - Beginning Fund Balance,79900
2019-20,1924,North Clackamas SD 12,100,General Fund,1110,Ad valorem taxes levied by district,68812565.43
2019-20,1924,North Clackamas SD 12,100,General Fund,1120,Local option ad valorem taxes levied by district,18305128.87
2019-20,1924,North Clackamas SD 12,100,General Fund,1190,Penalties and interest on taxes,173826.12
2019-20,1924,North Clackamas SD 12,100,General Fund,1200,Revenue From Local Governmental Units Other Than Districts,19208.92
2019-20,1924,North Clackamas SD 12,100,General Fund,1500,Earnings on Investments,1195456.21
2019-20,1925,Molalla River SD 35,100,General Fund,4200,Unrestricted Revenue From Federal Government Through State,17379.07
2019-20,1925,Molalla River SD 35,400,Capital Projects Funds,1990,Miscellaneous,71795.38
2019-20,1925,Molalla River SD 35,100,General Fund,5300,Sale of or Compensation for Loss of Fixed Assets,338
2019-20,1925,Molalla River SD 35,400,Capital Projects Funds,1910,Rentals,41004
2019-20,1925,Molalla River SD 35,400,Capital Projects Funds,5400,Resources - Beginning Fund Balance,1224490.85
2019-20,1925,Molalla River SD 35,600,Internal Service Funds,1990,Miscellaneous,11212
2019-20,1925,Molalla River SD 35,600,Internal Service Funds,5400,Resources - Beginning Fund Balance,220034.46
2019-20,1925,Molalla River SD 35,700,Trust and Agency Funds,1500,Earnings on Investments,8209.26
2019-20,1925,Molalla River SD 35,700,Trust and Agency Funds,1920,Contributions and Donations From Private Sources,3392.98
2019-20,1925,Molalla River SD 35,700,Trust and Agency Funds,5400,Resources - Beginning Fund Balance,325754.43
2019-20,1925,Molalla River SD 35,300,Debt Service Funds,1500,Earnings on Investments,23262.78
2019-20,1925,Molalla River SD 35,300,Debt Service Funds,1970,Services Provided Other Funds,2261371.89
2019-20,1925,Molalla River SD 35,300,Debt Service Funds,5400,Resources - Beginning Fund Balance,1190140.27
2019-20,1925,Molalla River SD 35,400,Capital Projects Funds,1130,Construction Excise Tax,101123.28
2019-20,1925,Molalla River SD 35,400,Capital Projects Funds,3299,Other Restricted Grants-In-Aid,291003
2019-20,1925,Molalla River SD 35,400,Capital Projects Funds,5200,Interfund Transfers,251614.42
2019-20,1925,Molalla River SD 35,200,Special Revenue Funds,3102,State School Fund--School Lunch Match,7990.54
2019-20,1925,Molalla River SD 35,200,Special Revenue Funds,3299,Other Restricted Grants-In-Aid,544709.91
2019-20,1925,Molalla River SD 35,200,Special Revenue Funds,4500,Restricted Revenue From Federal Government Through the State,1402575.7
2019-20,1925,Molalla River SD 35,200,Special Revenue Funds,4900,Revenue for/on Behalf of the District,54447.38
2019-20,1925,Molalla River SD 35,200,Special Revenue Funds,5200,Interfund Transfers,597298.54
2019-20,1925,Molalla River SD 35,200,Special Revenue Funds,5400,Resources - Beginning Fund Balance,640438.46
2019-20,1925,Molalla River SD 35,100,General Fund,5400,Resources - Beginning Fund Balance,4279326.19
2019-20,1925,Molalla River SD 35,200,Special Revenue Funds,1500,Earnings on Investments,3947.59
2019-20,1925,Molalla River SD 35,200,Special Revenue Funds,1600,Food Service,201501.43
2019-20,1925,Molalla River SD 35,200,Special Revenue Funds,1700,Extra-Curricular Activities,182342.41
2019-20,1925,Molalla River SD 35,200,Special Revenue Funds,1920,Contributions and Donations From Private Sources,69514.42
2019-20,1925,Molalla River SD 35,200,Special Revenue Funds,1990,Miscellaneous,203922.59
2019-20,1925,Molalla River SD 35,100,General Fund,2200,Restricted Revenue,609.12
2019-20,1925,Molalla River SD 35,100,General Fund,3101,State School Fund --General Support,19894198.48
2019-20,1925,Molalla River SD 35,100,General Fund,3103,Common School Fund,248941.22
2019-20,1925,Molalla River SD 35,100,General Fund,3104,State Managed County Timber,19419.95
2019-20,1925,Molalla River SD 35,100,General Fund,3299,Other Restricted Grants-In-Aid,20885.27
2019-20,1925,Molalla River SD 35,100,General Fund,4500,Restricted Revenue From Federal Government Through the State,33010.95
2019-20,1925,Molalla River SD 35,100,General Fund,1920,Contributions and Donations From Private Sources,451
2019-20,1925,Molalla River SD 35,100,General Fund,1960,Recovery of Prior Years' Expenditure,842.41
2019-20,1925,Molalla River SD 35,100,General Fund,1980,Fees Charged to Grants,50597.76
2019-20,1925,Molalla River SD 35,100,General Fund,1990,Miscellaneous,207123.49
2019-20,1925,Molalla River SD 35,100,General Fund,2101,County School Funds,890.6
2019-20,1925,Molalla River SD 35,100,General Fund,2102,General Education Service District Funds,280136.45
2019-20,1925,Molalla River SD 35,100,General Fund,1110,Ad valorem taxes levied by district,8766421.68
2019-20,1925,Molalla River SD 35,100,General Fund,1190,Penalties and interest on taxes,23327.2
2019-20,1925,Molalla River SD 35,100,General Fund,1330,Summer School Tuition,1650
2019-20,1925,Molalla River SD 35,100,General Fund,1500,Earnings on Investments,239225.2
2019-20,1925,Molalla River SD 35,100,General Fund,1910,Rentals,16926.48
2019-20,1926,Oregon Trail SD 46,100,General Fund,1110,Ad valorem taxes levied by district,15821509.45
2019-20,1926,Oregon Trail SD 46,100,General Fund,1330,Summer School Tuition,10505
2019-20,1926,Oregon Trail SD 46,100,General Fund,1500,Earnings on Investments,414078.16
2019-20,1926,Oregon Trail SD 46,100,General Fund,1700,Extra-Curricular Activities,160446.8
2019-20,1926,Oregon Trail SD 46,100,General Fund,1910,Rentals,145353.68
2019-20,1926,Oregon Trail SD 46,100,General Fund,1940,Services Provided Other Local Education Agencies,71583.2
2019-20,1926,Oregon Trail SD 46,100,General Fund,5400,Resources - Beginning Fund Balance,10484662.19
2019-20,1926,Oregon Trail SD 46,300,Debt Service Funds,5400,Resources - Beginning Fund Balance,263786.24
2019-20,1926,Oregon Trail SD 46,600,Internal Service Funds,5400,Resources - Beginning Fund Balance,992142.79
2019-20,1926,Oregon Trail SD 46,700,Trust and Agency Funds,5400,Resources - Beginning Fund Balance,115147.34
2019-20,1926,Oregon Trail SD 46,200,Special Revenue Funds,5400,Resources - Beginning Fund Balance,2014184.8
2019-20,1926,Oregon Trail SD 46,300,Debt Service Funds,1500,Earnings on Investments,65341.25
2019-20,1926,Oregon Trail SD 46,600,Internal Service Funds,1500,Earnings on Investments,19677.11
2019-20,1926,Oregon Trail SD 46,600,Internal Service Funds,1970,Services Provided Other Funds,816484.05
2019-20,1926,Oregon Trail SD 46,600,Internal Service Funds,1990,Miscellaneous,96984.48
2019-20,1926,Oregon Trail SD 46,600,Internal Service Funds,5200,Interfund Transfers,40000
2019-20,1926,Oregon Trail SD 46,700,Trust and Agency Funds,1920,Contributions and Donations From Private Sources,42500
2019-20,1926,Oregon Trail SD 46,200,Special Revenue Funds,3299,Other Restricted Grants-In-Aid,1059806.27
2019-20,1926,Oregon Trail SD 46,200,Special Revenue Funds,4500,Restricted Revenue From Federal Government Through the State,2157800.11
2019-20,1926,Oregon Trail SD 46,200,Special Revenue Funds,4700,Grants-In-Aid From Federal Government Through Other Intermed,3070.71
2019-20,1926,Oregon Trail SD 46,200,Special Revenue Funds,4900,Revenue for/on Behalf of the District,105010.85
2019-20,1926,Oregon Trail SD 46,200,Special Revenue Funds,5200,Interfund Transfers,580000
2019-20,1926,Oregon Trail SD 46,300,Debt Service Funds,1110,Ad valorem taxes levied by district,7459028.78
2019-20,1926,Oregon Trail SD 46,200,Special Revenue Funds,1910,Rentals,123822.99
2019-20,1926,Oregon Trail SD 46,200,Special Revenue Funds,1920,Contributions and Donations From Private Sources,110210.13
2019-20,1926,Oregon Trail SD 46,200,Special Revenue Funds,1940,Services Provided Other Local Education Agencies,8830.56
2019-20,1926,Oregon Trail SD 46,200,Special Revenue Funds,1990,Miscellaneous,389235.63
2019-20,1926,Oregon Trail SD 46,200,Special Revenue Funds,2200,Restricted Revenue,339773.43
2019-20,1926,Oregon Trail SD 46,200,Special Revenue Funds,3102,State School Fund--School Lunch Match,14828.51
2019-20,1926,Oregon Trail SD 46,100,General Fund,4200,Unrestricted Revenue From Federal Government Through State,118871.37
2019-20,1926,Oregon Trail SD 46,200,Special Revenue Funds,1130,Construction Excise Tax,333177.24
2019-20,1926,Oregon Trail SD 46,200,Special Revenue Funds,1330,Summer School Tuition,26.2
2019-20,1926,Oregon Trail SD 46,200,Special Revenue Funds,1500,Earnings on Investments,172.57
2019-20,1926,Oregon Trail SD 46,200,Special Revenue Funds,1600,Food Service,381445.09
2019-20,1926,Oregon Trail SD 46,200,Special Revenue Funds,1700,Extra-Curricular Activities,405055.58
2019-20,1926,Oregon Trail SD 46,100,General Fund,1980,Fees Charged to Grants,73223.73
2019-20,1926,Oregon Trail SD 46,100,General Fund,1990,Miscellaneous,114682.54
2019-20,1926,Oregon Trail SD 46,100,General Fund,2101,County School Funds,1447.65
2019-20,1926,Oregon Trail SD 46,100,General Fund,2199,Other Intermediate Sources,755967.21
2019-20,1926,Oregon Trail SD 46,100,General Fund,3101,State School Fund --General Support,30466235.91
2019-20,1926,Oregon Trail SD 46,100,General Fund,3103,Common School Fund,404651.36
2019-20,1927,Colton SD 53,100,General Fund,1110,Ad valorem taxes levied by district,1955008.75
2019-20,1927,Colton SD 53,100,General Fund,1190,Penalties and interest on taxes,4910.74
2019-20,1927,Colton SD 53,100,General Fund,1412,Transportation fees from Other Districts within the State,13440.69
2019-20,1927,Colton SD 53,100,General Fund,1500,Earnings on Investments,70047.89
2019-20,1927,Colton SD 53,100,General Fund,1700,Extra-Curricular Activities,32578.25
2019-20,1927,Colton SD 53,100,General Fund,1910,Rentals,4550
2019-20,1927,Colton SD 53,200,Special Revenue Funds,5400,Resources - Beginning Fund Balance,127730.02
2019-20,1927,Colton SD 53,200,Special Revenue Funds,3102,State School Fund--School Lunch Match,1599.98
2019-20,1927,Colton SD 53,200,Special Revenue Funds,3199,Other Unrestricted Grants-In-Aid,171535.91
2019-20,1927,Colton SD 53,200,Special Revenue Funds,3299,Other Restricted Grants-In-Aid,3905.76
2019-20,1927,Colton SD 53,200,Special Revenue Funds,4500,Restricted Revenue From Federal Government Through the State,456598.28
2019-20,1927,Colton SD 53,200,Special Revenue Funds,4900,Revenue for/on Behalf of the District,21559.45
2019-20,1927,Colton SD 53,200,Special Revenue Funds,5200,Interfund Transfers,46200
2019-20,1927,Colton SD 53,400,Capital Projects Funds,5200,Interfund Transfers,92632
2019-20,1927,Colton SD 53,400,Capital Projects Funds,5400,Resources - Beginning Fund Balance,1437.17
2019-20,1927,Colton SD 53,200,Special Revenue Funds,1600,Food Service,33882.36
2019-20,1927,Colton SD 53,200,Special Revenue Funds,1700,Extra-Curricular Activities,94619.05
2019-20,1927,Colton SD 53,200,Special Revenue Funds,1920,Contributions and Donations From Private Sources,39603.09
2019-20,1927,Colton SD 53,200,Special Revenue Funds,1990,Miscellaneous,5040.56
2019-20,1927,Colton SD 53,100,General Fund,5100,Long Term Debt Financing Sources,354506
2019-20,1927,Colton SD 53,100,General Fund,5400,Resources - Beginning Fund Balance,2697808.08
2019-20,1927,Colton SD 53,300,Debt Service Funds,1110,Ad valorem taxes levied by district,147538.55
2019-20,1927,Colton SD 53,300,Debt Service Funds,1190,Penalties and interest on taxes,401.5
2019-20,1927,Colton SD 53,300,Debt Service Funds,1500,Earnings on Investments,81.6
2019-20,1927,Colton SD 53,300,Debt Service Funds,5400,Resources - Beginning Fund Balance,27458.75
2019-20,1927,Colton SD 53,100,General Fund,1920,Contributions and Donations From Private Sources,3650.59
2019-20,1927,Colton SD 53,100,General Fund,1990,Miscellaneous,32198.97
2019-20,1927,Colton SD 53,100,General Fund,2102,General Education Service District Funds,181778.87
2019-20,1927,Colton SD 53,100,General Fund,3101,State School Fund --General Support,4511837.97
2019-20,1927,Colton SD 53,100,General Fund,3103,Common School Fund,55028.64
2019-20,1927,Colton SD 53,100,General Fund,3299,Other Restricted Grants-In-Aid,777.6
2019-20,1928,Oregon City SD 62,700,Trust and Agency Funds,5400,Resources - Beginning Fund Balance,213285.06
2019-20,1928,Oregon City SD 62,700,Trust and Agency Funds,4700,Grants-In-Aid From Federal Government Through Other Intermed,187437.21
2019-20,1928,Oregon City SD 62,100,General Fund,5400,Resources - Beginning Fund Balance,6571096.9
2019-20,1928,Oregon City SD 62,200,Special Revenue Funds,5400,Resources - Beginning Fund Balance,2779893.42
2019-20,1928,Oregon City SD 62,300,Debt Service Funds,5400,Resources - Beginning Fund Balance,10516498.37
2019-20,1928,Oregon City SD 62,400,Capital Projects Funds,5400,Resources - Beginning Fund Balance,160910152.91
2019-20,1928,Oregon City SD 62,600,Internal Service Funds,5400,Resources - Beginning Fund Balance,558338.11
2019-20,1928,Oregon City SD 62,700,Trust and Agency Funds,1700,Extra-Curricular Activities,22856.66
2019-20,1928,Oregon City SD 62,700,Trust and Agency Funds,1920,Contributions and Donations From Private Sources,1240
2019-20,1928,Oregon City SD 62,700,Trust and Agency Funds,1990,Miscellaneous,510
2019-20,1928,Oregon City SD 62,700,Trust and Agency Funds,3101,State School Fund --General Support,3824837.89
2019-20,1928,Oregon City SD 62,700,Trust and Agency Funds,3299,Other Restricted Grants-In-Aid,562544.4
2019-20,1928,Oregon City SD 62,700,Trust and Agency Funds,4500,Restricted Revenue From Federal Government Through the State,460698.86
2019-20,1928,Oregon City SD 62,600,Internal Service Funds,1500,Earnings on Investments,10940.71
2019-20,1928,Oregon City SD 62,600,Internal Service Funds,1960,Recovery of Prior Years' Expenditure,88819.01
2019-20,1928,Oregon City SD 62,600,Internal Service Funds,1970,Services Provided Other Funds,710343.65
2019-20,1928,Oregon City SD 62,600,Internal Service Funds,1990,Miscellaneous,21464.67
2019-20,1928,Oregon City SD 62,600,Internal Service Funds,5200,Interfund Transfers,100000
2019-20,1928,Oregon City SD 62,700,Trust and Agency Funds,1500,Earnings on Investments,2256.94
2019-20,1928,Oregon City SD 62,400,Capital Projects Funds,1500,Earnings on Investments,4627586.32
2019-20,1928,Oregon City SD 62,400,Capital Projects Funds,1700,Extra-Curricular Activities,26500
2019-20,1928,Oregon City SD 62,400,Capital Projects Funds,1910,Rentals,6789.7
2019-20,1928,Oregon City SD 62,400,Capital Projects Funds,1990,Miscellaneous,544627.72
2019-20,1928,Oregon City SD 62,400,Capital Projects Funds,3222,State School Fund (SSF) Transportation Equipment,890000
2019-20,1928,Oregon City SD 62,400,Capital Projects Funds,5300,Sale of or Compensation for Loss of Fixed Assets,13379.88
2019-20,1928,Oregon City SD 62,200,Special Revenue Funds,5300,Sale of or Compensation for Loss of Fixed Assets,1000
2019-20,1928,Oregon City SD 62,300,Debt Service Funds,1110,Ad valorem taxes levied by district,7107197.6
2019-20,1928,Oregon City SD 62,300,Debt Service Funds,1190,Penalties and interest on taxes,17599.2
2019-20,1928,Oregon City SD 62,300,Debt Service Funds,1500,Earnings on Investments,74535.16
2019-20,1928,Oregon City SD 62,300,Debt Service Funds,1970,Services Provided Other Funds,4282726.7
2019-20,1928,Oregon City SD 62,400,Capital Projects Funds,1130,Construction Excise Tax,1105659.25
2019-20,1928,Oregon City SD 62,200,Special Revenue Funds,4200,Unrestricted Revenue From Federal Government Through State,34797.04
2019-20,1928,Oregon City SD 62,200,Special Revenue Funds,4500,Restricted Revenue From Federal Government Through the State,4887441.78
2019-20,1928,Oregon City SD 62,200,Special Revenue Funds,4700,Grants-In-Aid From Federal Government Through Other Intermed,170128.24
2019-20,1928,Oregon City SD 62,200,Special Revenue Funds,4900,Revenue for/on Behalf of the District,155148.69
2019-20,1928,Oregon City SD 62,200,Special Revenue Funds,5100,Long Term Debt Financing Sources,2100000
2019-20,1928,Oregon City SD 62,200,Special Revenue Funds,5200,Interfund Transfers,300000
2019-20,1928,Oregon City SD 62,200,Special Revenue Funds,2200,Restricted Revenue,43813.39
2019-20,1928,Oregon City SD 62,200,Special Revenue Funds,3101,State School Fund --General Support,524380.55
2019-20,1928,Oregon City SD 62,200,Special Revenue Funds,3102,State School Fund--School Lunch Match,21548.02
2019-20,1928,Oregon City SD 62,200,Special Revenue Funds,3199,Other Unrestricted Grants-In-Aid,5057.48
2019-20,1928,Oregon City SD 62,200,Special Revenue Funds,3222,State School Fund (SSF) Transportation Equipment,440000
2019-20,1928,Oregon City SD 62,200,Special Revenue Funds,3299,Other Restricted Grants-In-Aid,1491343.03
2019-20,1928,Oregon City SD 62,200,Special Revenue Funds,1700,Extra-Curricular Activities,1734817.05
2019-20,1928,Oregon City SD 62,200,Special Revenue Funds,1800,Community Services Activities,1067445.13
2019-20,1928,Oregon City SD 62,200,Special Revenue Funds,1910,Rentals,2638.33
2019-20,1928,Oregon City SD 62,200,Special Revenue Funds,1920,Contributions and Donations From Private Sources,27081.67
2019-20,1928,Oregon City SD 62,200,Special Revenue Funds,1970,Services Provided Other Funds,16897.08
2019-20,1928,Oregon City SD 62,200,Special Revenue Funds,1990,Miscellaneous,42104.86
2019-20,1928,Oregon City SD 62,100,General Fund,3104,State Managed County Timber,2561.16
2019-20,1928,Oregon City SD 62,100,General Fund,3199,Other Unrestricted Grants-In-Aid,508357.76
2019-20,1928,Oregon City SD 62,100,General Fund,3204,Driver Education,114450
2019-20,1928,Oregon City SD 62,100,General Fund,4200,Unrestricted Revenue From Federal Government Through State,7110.88
2019-20,1928,Oregon City SD 62,200,Special Revenue Funds,1500,Earnings on Investments,31161.07
2019-20,1928,Oregon City SD 62,200,Special Revenue Funds,1600,Food Service,618773.66
2019-20,1928,Oregon City SD 62,100,General Fund,1980,Fees Charged to Grants,95513.21
2019-20,1928,Oregon City SD 62,100,General Fund,1990,Miscellaneous,143317.06
2019-20,1928,Oregon City SD 62,100,General Fund,2101,County School Funds,2561.16
2019-20,1928,Oregon City SD 62,100,General Fund,2102,General Education Service District Funds,1561107.84
2019-20,1928,Oregon City SD 62,100,General Fund,3101,State School Fund --General Support,52655139.92
2019-20,1928,Oregon City SD 62,100,General Fund,3103,Common School Fund,715901.34
2019-20,1928,Oregon City SD 62,100,General Fund,1800,Community Services Activities,222811.02
2019-20,1928,Oregon City SD 62,100,General Fund,1910,Rentals,355149.12
2019-20,1928,Oregon City SD 62,100,General Fund,1920,Contributions and Donations From Private Sources,6272.1
2019-20,1928,Oregon City SD 62,100,General Fund,1940,Services Provided Other Local Education Agencies,31607.99
2019-20,1928,Oregon City SD 62,100,General Fund,1960,Recovery of Prior Years' Expenditure,1515.42
2019-20,1928,Oregon City SD 62,100,General Fund,1970,Services Provided Other Funds,129.09
2019-20,1928,Oregon City SD 62,100,General Fund,1110,Ad valorem taxes levied by district,27921154.62
2019-20,1928,Oregon City SD 62,100,General Fund,1190,Penalties and interest on taxes,78628.7
2019-20,1928,Oregon City SD 62,100,General Fund,1312,Tuition from Other Districts within the State,3424
2019-20,1928,Oregon City SD 62,100,General Fund,1411,Transportation fees from Individuals,64455.19
2019-20,1928,Oregon City SD 62,100,General Fund,1500,Earnings on Investments,485929.24
2019-20,1928,Oregon City SD 62,100,General Fund,1700,Extra-Curricular Activities,99072.6
2019-20,1929,Canby SD 86,100,General Fund,1110,Ad valorem taxes levied by district,15351587.23
2019-20,1929,Canby SD 86,100,General Fund,1190,Penalties and interest on taxes,43550.64
2019-20,1929,Canby SD 86,100,General Fund,1500,Earnings on Investments,153964.08
2019-20,1929,Canby SD 86,100,General Fund,1700,Extra-Curricular Activities,135738.4
2019-20,1929,Canby SD 86,100,General Fund,1910,Rentals,19774.37
2019-20,1929,Canby SD 86,100,General Fund,1990,Miscellaneous,-10174.16
2019-20,1929,Canby SD 86,600,Internal Service Funds,5400,Resources - Beginning Fund Balance,331396.26
2019-20,1929,Canby SD 86,700,Trust and Agency Funds,1500,Earnings on Investments,6580.18
2019-20,1929,Canby SD 86,700,Trust and Agency Funds,1920,Contributions and Donations From Private Sources,52550
2019-20,1929,Canby SD 86,700,Trust and Agency Funds,1990,Miscellaneous,18306.1
2019-20,1929,Canby SD 86,700,Trust and Agency Funds,5400,Resources - Beginning Fund Balance,311712.45
2019-20,1929,Canby SD 86,400,Capital Projects Funds,5400,Resources - Beginning Fund Balance,257346.6
2019-20,1929,Canby SD 86,600,Internal Service Funds,1500,Earnings on Investments,29.69
2019-20,1929,Canby SD 86,600,Internal Service Funds,1910,Rentals,47311.75
2019-20,1929,Canby SD 86,600,Internal Service Funds,1970,Services Provided Other Funds,151522.17
2019-20,1929,Canby SD 86,600,Internal Service Funds,1990,Miscellaneous,154139.31
2019-20,1929,Canby SD 86,600,Internal Service Funds,5200,Interfund Transfers,57500
2019-20,1929,Canby SD 86,300,Debt Service Funds,1190,Penalties and interest on taxes,19292.98
2019-20,1929,Canby SD 86,300,Debt Service Funds,1500,Earnings on Investments,120677.9
2019-20,1929,Canby SD 86,300,Debt Service Funds,1970,Services Provided Other Funds,3367941.33
2019-20,1929,Canby SD 86,300,Debt Service Funds,1990,Miscellaneous,6060.19
2019-20,1929,Canby SD 86,300,Debt Service Funds,5400,Resources - Beginning Fund Balance,2307756.04
2019-20,1929,Canby SD 86,400,Capital Projects Funds,1500,Earnings on Investments,5926.13
2019-20,1929,Canby SD 86,200,Special Revenue Funds,3299,Other Restricted Grants-In-Aid,1173640.76
2019-20,1929,Canby SD 86,200,Special Revenue Funds,4500,Restricted Revenue From Federal Government Through the State,3173914.04
2019-20,1929,Canby SD 86,200,Special Revenue Funds,4900,Revenue for/on Behalf of the District,100411.33
2019-20,1929,Canby SD 86,200,Special Revenue Funds,5200,Interfund Transfers,35000
2019-20,1929,Canby SD 86,200,Special Revenue Funds,5400,Resources - Beginning Fund Balance,2420074
2019-20,1929,Canby SD 86,300,Debt Service Funds,1110,Ad valorem taxes levied by district,6033250.71
2019-20,1929,Canby SD 86,200,Special Revenue Funds,1910,Rentals,20130.75
2019-20,1929,Canby SD 86,200,Special Revenue Funds,1920,Contributions and Donations From Private Sources,70560.69
2019-20,1929,Canby SD 86,200,Special Revenue Funds,1980,Fees Charged to Grants,64742.4
2019-20,1929,Canby SD 86,200,Special Revenue Funds,1990,Miscellaneous,255752.17
2019-20,1929,Canby SD 86,200,Special Revenue Funds,3102,State School Fund--School Lunch Match,23962.32
2019-20,1929,Canby SD 86,200,Special Revenue Funds,3204,Driver Education,30635
2019-20,1929,Canby SD 86,100,General Fund,5400,Resources - Beginning Fund Balance,3561480.51
2019-20,1929,Canby SD 86,200,Special Revenue Funds,1130,Construction Excise Tax,497729.91
2019-20,1929,Canby SD 86,200,Special Revenue Funds,1411,Transportation fees from Individuals,3293.81
2019-20,1929,Canby SD 86,200,Special Revenue Funds,1500,Earnings on Investments,20525.97
2019-20,1929,Canby SD 86,200,Special Revenue Funds,1600,Food Service,243690.99
2019-20,1929,Canby SD 86,200,Special Revenue Funds,1700,Extra-Curricular Activities,1017956.29
2019-20,1929,Canby SD 86,100,General Fund,2101,County School Funds,1517.05
2019-20,1929,Canby SD 86,100,General Fund,2102,General Education Service District Funds,682638.44
2019-20,1929,Canby SD 86,100,General Fund,3101,State School Fund --General Support,34736090.49
2019-20,1929,Canby SD 86,100,General Fund,3103,Common School Fund,424050.9
2019-20,1929,Canby SD 86,100,General Fund,3299,Other Restricted Grants-In-Aid,3693.82
2019-20,1929,Canby SD 86,100,General Fund,4500,Restricted Revenue From Federal Government Through the State,17307
2019-20,1930,Estacada SD 108,400,Capital Projects Funds,1990,Miscellaneous,75110
2019-20,1930,Estacada SD 108,100,General Fund,1110,Ad valorem taxes levied by district,6656207.09
2019-20,1930,Estacada SD 108,100,General Fund,1411,Transportation fees from Individuals,2459.71
2019-20,1930,Estacada SD 108,100,General Fund,1500,Earnings on Investments,227441.02
2019-20,1930,Estacada SD 108,100,General Fund,1910,Rentals,62211.44
2019-20,1930,Estacada SD 108,100,General Fund,1920,Contributions and Donations From Private Sources,2000
2019-20,1930,Estacada SD 108,400,Capital Projects Funds,1500,Earnings on Investments,68497.19
2019-20,1930,Estacada SD 108,400,Capital Projects Funds,3299,Other Restricted Grants-In-Aid,968024
2019-20,1930,Estacada SD 108,100,General Fund,5400,Resources - Beginning Fund Balance,3604356
2019-20,1930,Estacada SD 108,200,Special Revenue Funds,5400,Resources - Beginning Fund Balance,1852541
2019-20,1930,Estacada SD 108,300,Debt Service Funds,5400,Resources - Beginning Fund Balance,618054
2019-20,1930,Estacada SD 108,400,Capital Projects Funds,5400,Resources - Beginning Fund Balance,2924050
2019-20,1930,Estacada SD 108,300,Debt Service Funds,1110,Ad valorem taxes levied by district,2389810.25
2019-20,1930,Estacada SD 108,300,Debt Service Funds,1500,Earnings on Investments,13217.53
2019-20,1930,Estacada SD 108,300,Debt Service Funds,1970,Services Provided Other Funds,1124895.65
2019-20,1930,Estacada SD 108,300,Debt Service Funds,1990,Miscellaneous,74976.84
2019-20,1930,Estacada SD 108,300,Debt Service Funds,5200,Interfund Transfers,21225.66
2019-20,1930,Estacada SD 108,400,Capital Projects Funds,1130,Construction Excise Tax,287370.31
2019-20,1930,Estacada SD 108,200,Special Revenue Funds,1990,Miscellaneous,201933.38
2019-20,1930,Estacada SD 108,200,Special Revenue Funds,3102,State School Fund--School Lunch Match,6280.84
2019-20,1930,Estacada SD 108,200,Special Revenue Funds,3299,Other Restricted Grants-In-Aid,697384.67
2019-20,1930,Estacada SD 108,200,Special Revenue Funds,4500,Restricted Revenue From Federal Government Through the State,1444615.42
2019-20,1930,Estacada SD 108,200,Special Revenue Funds,4900,Revenue for/on Behalf of the District,47302.21
2019-20,1930,Estacada SD 108,200,Special Revenue Funds,5200,Interfund Transfers,774895.32
2019-20,1930,Estacada SD 108,100,General Fund,3199,Other Unrestricted Grants-In-Aid,3577.6
2019-20,1930,Estacada SD 108,100,General Fund,3299,Other Restricted Grants-In-Aid,13375
2019-20,1930,Estacada SD 108,100,General Fund,5300,Sale of or Compensation for Loss of Fixed Assets,750
2019-20,1930,Estacada SD 108,200,Special Revenue Funds,1600,Food Service,139077.37
2019-20,1930,Estacada SD 108,200,Special Revenue Funds,1700,Extra-Curricular Activities,466637.59
2019-20,1930,Estacada SD 108,200,Special Revenue Funds,1920,Contributions and Donations From Private Sources,7600
2019-20,1930,Estacada SD 108,100,General Fund,1990,Miscellaneous,160865.36
2019-20,1930,Estacada SD 108,100,General Fund,2101,County School Funds,971.5
2019-20,1930,Estacada SD 108,100,General Fund,2102,General Education Service District Funds,586771.02
2019-20,1930,Estacada SD 108,100,General Fund,2199,Other Intermediate Sources,583.59
2019-20,1930,Estacada SD 108,100,General Fund,3101,State School Fund --General Support,22918749.01
2019-20,1930,Estacada SD 108,100,General Fund,3103,Common School Fund,271557.15
2019-20,1931,Gladstone SD 115,100,General Fund,1110,Ad valorem taxes levied by district,4292359
2019-20,1931,Gladstone SD 115,100,General Fund,1190,Penalties and interest on taxes,16530
2019-20,1931,Gladstone SD 115,100,General Fund,1500,Earnings on Investments,127041
2019-20,1931,Gladstone SD 115,100,General Fund,1700,Extra-Curricular Activities,65269
2019-20,1931,Gladstone SD 115,100,General Fund,1910,Rentals,257696
2019-20,1931,Gladstone SD 115,100,General Fund,1980,Fees Charged to Grants,1477
2019-20,1931,Gladstone SD 115,700,Trust and Agency Funds,1800,Community Services Activities,632
2019-20,1931,Gladstone SD 115,700,Trust and Agency Funds,1990,Miscellaneous,170
2019-20,1931,Gladstone SD 115,700,Trust and Agency Funds,5400,Resources - Beginning Fund Balance,30102
2019-20,1931,Gladstone SD 115,400,Capital Projects Funds,1500,Earnings on Investments,91536
2019-20,1931,Gladstone SD 115,400,Capital Projects Funds,1910,Rentals,20502
2019-20,1931,Gladstone SD 115,400,Capital Projects Funds,1990,Miscellaneous,38561
2019-20,1931,Gladstone SD 115,400,Capital Projects Funds,5200,Interfund Transfers,1000000
2019-20,1931,Gladstone SD 115,400,Capital Projects Funds,5400,Resources - Beginning Fund Balance,1493673
2019-20,1931,Gladstone SD 115,700,Trust and Agency Funds,1700,Extra-Curricular Activities,6425
2019-20,1931,Gladstone SD 115,200,Special Revenue Funds,5400,Resources - Beginning Fund Balance,1176778
2019-20,1931,Gladstone SD 115,300,Debt Service Funds,1110,Ad valorem taxes levied by district,4227732
2019-20,1931,Gladstone SD 115,300,Debt Service Funds,1190,Penalties and interest on taxes,10686
2019-20,1931,Gladstone SD 115,300,Debt Service Funds,1970,Services Provided Other Funds,1843792
2019-20,1931,Gladstone SD 115,300,Debt Service Funds,5400,Resources - Beginning Fund Balance,1127676
2019-20,1931,Gladstone SD 115,400,Capital Projects Funds,1130,Construction Excise Tax,13920
2019-20,1931,Gladstone SD 115,200,Special Revenue Funds,3102,State School Fund--School Lunch Match,7183
2019-20,1931,Gladstone SD 115,200,Special Revenue Funds,3204,Driver Education,15360
2019-20,1931,Gladstone SD 115,200,Special Revenue Funds,3299,Other Restricted Grants-In-Aid,390349
2019-20,1931,Gladstone SD 115,200,Special Revenue Funds,4500,Restricted Revenue From Federal Government Through the State,1177608
2019-20,1931,Gladstone SD 115,200,Special Revenue Funds,4900,Revenue for/on Behalf of the District,71471
2019-20,1931,Gladstone SD 115,200,Special Revenue Funds,5200,Interfund Transfers,33017
2019-20,1931,Gladstone SD 115,200,Special Revenue Funds,1800,Community Services Activities,141145
2019-20,1931,Gladstone SD 115,200,Special Revenue Funds,1910,Rentals,3818
2019-20,1931,Gladstone SD 115,200,Special Revenue Funds,1920,Contributions and Donations From Private Sources,241997
2019-20,1931,Gladstone SD 115,200,Special Revenue Funds,1940,Services Provided Other Local Education Agencies,63942
2019-20,1931,Gladstone SD 115,200,Special Revenue Funds,1990,Miscellaneous,45738
2019-20,1931,Gladstone SD 115,200,Special Revenue Funds,2200,Restricted Revenue,8483
2019-20,1931,Gladstone SD 115,100,General Fund,5300,Sale of or Compensation for Loss of Fixed Assets,496
2019-20,1931,Gladstone SD 115,100,General Fund,5400,Resources - Beginning Fund Balance,3664852
2019-20,1931,Gladstone SD 115,200,Special Revenue Funds,1320,Adult/Continuing Education Tuition,75095
2019-20,1931,Gladstone SD 115,200,Special Revenue Funds,1500,Earnings on Investments,30889
2019-20,1931,Gladstone SD 115,200,Special Revenue Funds,1600,Food Service,201362
2019-20,1931,Gladstone SD 115,200,Special Revenue Funds,1700,Extra-Curricular Activities,402488
2019-20,1931,Gladstone SD 115,100,General Fund,1990,Miscellaneous,64046
2019-20,1931,Gladstone SD 115,100,General Fund,2101,County School Funds,649
2019-20,1931,Gladstone SD 115,100,General Fund,2102,General Education Service District Funds,314389
2019-20,1931,Gladstone SD 115,100,General Fund,3101,State School Fund --General Support,15900891
2019-20,1931,Gladstone SD 115,100,General Fund,3103,Common School Fund,181448
2019-20,1931,Gladstone SD 115,100,General Fund,3199,Other Unrestricted Grants-In-Aid,86031
2019-20,1933,Astoria SD 1,400,Capital Projects Funds,5400,Resources - Beginning Fund Balance,78459913.6
2019-20,1933,Astoria SD 1,300,Debt Service Funds,1190,Penalties and interest on taxes,1346.87
2019-20,1933,Astoria SD 1,300,Debt Service Funds,1500,Earnings on Investments,27889.88
2019-20,1933,Astoria SD 1,300,Debt Service Funds,1970,Services Provided Other Funds,1832245.56
2019-20,1933,Astoria SD 1,300,Debt Service Funds,5400,Resources - Beginning Fund Balance,180356.66
2019-20,1933,Astoria SD 1,400,Capital Projects Funds,1500,Earnings on Investments,1836523.55
2019-20,1933,Astoria SD 1,400,Capital Projects Funds,1990,Miscellaneous,3000
2019-20,1933,Astoria SD 1,200,Special Revenue Funds,3299,Other Restricted Grants-In-Aid,269515.52
2019-20,1933,Astoria SD 1,200,Special Revenue Funds,4500,Restricted Revenue From Federal Government Through the State,1243689.24
2019-20,1933,Astoria SD 1,200,Special Revenue Funds,4900,Revenue for/on Behalf of the District,46061.26
2019-20,1933,Astoria SD 1,200,Special Revenue Funds,5200,Interfund Transfers,379000
2019-20,1933,Astoria SD 1,200,Special Revenue Funds,5400,Resources - Beginning Fund Balance,578047.25
2019-20,1933,Astoria SD 1,300,Debt Service Funds,1110,Ad valorem taxes levied by district,3472280.68
2019-20,1933,Astoria SD 1,200,Special Revenue Funds,1500,Earnings on Investments,1.42
2019-20,1933,Astoria SD 1,200,Special Revenue Funds,1600,Food Service,113583
2019-20,1933,Astoria SD 1,200,Special Revenue Funds,1700,Extra-Curricular Activities,447798.42
2019-20,1933,Astoria SD 1,200,Special Revenue Funds,1920,Contributions and Donations From Private Sources,101408.92
2019-20,1933,Astoria SD 1,200,Special Revenue Funds,1940,Services Provided Other Local Education Agencies,329763.41
2019-20,1933,Astoria SD 1,200,Special Revenue Funds,1990,Miscellaneous,143957.68
2019-20,1933,Astoria SD 1,100,General Fund,3104,State Managed County Timber,459905.82
2019-20,1933,Astoria SD 1,100,General Fund,4500,Restricted Revenue From Federal Government Through the State,270
2019-20,1933,Astoria SD 1,100,General Fund,4802,Impact Aid to School Districts for Operation,54863.64
2019-20,1933,Astoria SD 1,100,General Fund,4899,Other Federal Revenue in Lieu of Taxes,3441.94
2019-20,1933,Astoria SD 1,100,General Fund,5400,Resources - Beginning Fund Balance,3634789.66
2019-20,1933,Astoria SD 1,200,Special Revenue Funds,1130,Construction Excise Tax,17384.39
2019-20,1933,Astoria SD 1,100,General Fund,1940,Services Provided Other Local Education Agencies,306549.38
2019-20,1933,Astoria SD 1,100,General Fund,1960,Recovery of Prior Years' Expenditure,2765.7
2019-20,1933,Astoria SD 1,100,General Fund,1990,Miscellaneous,25848.77
2019-20,1933,Astoria SD 1,100,General Fund,2101,County School Funds,1722984.35
2019-20,1933,Astoria SD 1,100,General Fund,3101,State School Fund --General Support,11303732.05
2019-20,1933,Astoria SD 1,100,General Fund,3103,Common School Fund,168650.61
2019-20,1933,Astoria SD 1,100,General Fund,1110,Ad valorem taxes levied by district,5984384.38
2019-20,1933,Astoria SD 1,100,General Fund,1190,Penalties and interest on taxes,6986.11
2019-20,1933,Astoria SD 1,100,General Fund,1311,Tuition from Individuals,2100
2019-20,1933,Astoria SD 1,100,General Fund,1500,Earnings on Investments,191215.91
2019-20,1934,Jewell SD 8,100,General Fund,1110,Ad valorem taxes levied by district,532100.1
2019-20,1934,Jewell SD 8,100,General Fund,1190,Penalties and interest on taxes,208.41
2019-20,1934,Jewell SD 8,100,General Fund,1312,Tuition from Other Districts within the State,42185
2019-20,1934,Jewell SD 8,200,Special Revenue Funds,5400,Resources - Beginning Fund Balance,15555595.37
2019-20,1934,Jewell SD 8,400,Capital Projects Funds,5200,Interfund Transfers,1000000
2019-20,1934,Jewell SD 8,400,Capital Projects Funds,5400,Resources - Beginning Fund Balance,1023663.52
2019-20,1934,Jewell SD 8,200,Special Revenue Funds,2200,Restricted Revenue,60000
2019-20,1934,Jewell SD 8,200,Special Revenue Funds,3299,Other Restricted Grants-In-Aid,103587.95
2019-20,1934,Jewell SD 8,200,Special Revenue Funds,4500,Restricted Revenue From Federal Government Through the State,178933.63
2019-20,1934,Jewell SD 8,200,Special Revenue Funds,4700,Grants-In-Aid From Federal Government Through Other Intermed,12132.31
2019-20,1934,Jewell SD 8,200,Special Revenue Funds,4900,Revenue for/on Behalf of the District,8827.96
2019-20,1934,Jewell SD 8,200,Special Revenue Funds,5200,Interfund Transfers,2070786.02
2019-20,1934,Jewell SD 8,100,General Fund,5400,Resources - Beginning Fund Balance,979494.13
2019-20,1934,Jewell SD 8,200,Special Revenue Funds,1500,Earnings on Investments,314861.67
2019-20,1934,Jewell SD 8,200,Special Revenue Funds,1600,Food Service,19987.76
2019-20,1934,Jewell SD 8,200,Special Revenue Funds,1700,Extra-Curricular Activities,17237.69
2019-20,1934,Jewell SD 8,200,Special Revenue Funds,1910,Rentals,41019
2019-20,1934,Jewell SD 8,200,Special Revenue Funds,1920,Contributions and Donations From Private Sources,7500
2019-20,1934,Jewell SD 8,100,General Fund,2200,Restricted Revenue,215
2019-20,1934,Jewell SD 8,100,General Fund,3103,Common School Fund,12482.46
2019-20,1934,Jewell SD 8,100,General Fund,3104,State Managed County Timber,5148847.05
2019-20,1934,Jewell SD 8,100,General Fund,3199,Other Unrestricted Grants-In-Aid,8111.23
2019-20,1934,Jewell SD 8,100,General Fund,3299,Other Restricted Grants-In-Aid,31361.96
2019-20,1934,Jewell SD 8,100,General Fund,5200,Interfund Transfers,547721.42
2019-20,1934,Jewell SD 8,100,General Fund,1500,Earnings on Investments,58380.7
2019-20,1934,Jewell SD 8,100,General Fund,1700,Extra-Curricular Activities,5063.88
2019-20,1934,Jewell SD 8,100,General Fund,1960,Recovery of Prior Years' Expenditure,18242.45
2019-20,1934,Jewell SD 8,100,General Fund,1990,Miscellaneous,20462.91
2019-20,1934,Jewell SD 8,100,General Fund,2101,County School Funds,146742.46
2019-20,1934,Jewell SD 8,100,General Fund,2105,Natural Gas; Oil; And Mineral Receipts,270.83
2019-20,1935,Seaside SD 10,100,General Fund,1110,Ad valorem taxes levied by district,17262647.66
2019-20,1935,Seaside SD 10,100,General Fund,1120,Local option ad valorem taxes levied by district,1461290.11
2019-20,1935,Seaside SD 10,100,General Fund,1500,Earnings on Investments,164874.07
2019-20,1935,Seaside SD 10,100,General Fund,1700,Extra-Curricular Activities,15576.67
2019-20,1935,Seaside SD 10,100,General Fund,1910,Rentals,32033.3
2019-20,1935,Seaside SD 10,100,General Fund,1990,Miscellaneous,-1536056.02
2019-20,1935,Seaside SD 10,400,Capital Projects Funds,3299,Other Restricted Grants-In-Aid,4000000
2019-20,1935,Seaside SD 10,400,Capital Projects Funds,5200,Interfund Transfers,259688.38
2019-20,1935,Seaside SD 10,400,Capital Projects Funds,5300,Sale of or Compensation for Loss of Fixed Assets,398055
2019-20,1935,Seaside SD 10,400,Capital Projects Funds,5400,Resources - Beginning Fund Balance,70879518.3
2019-20,1935,Seaside SD 10,300,Debt Service Funds,1110,Ad valorem taxes levied by district,4908582.91
2019-20,1935,Seaside SD 10,300,Debt Service Funds,1500,Earnings on Investments,32613.41
2019-20,1935,Seaside SD 10,300,Debt Service Funds,1990,Miscellaneous,-102807.47
2019-20,1935,Seaside SD 10,300,Debt Service Funds,5400,Resources - Beginning Fund Balance,388420
2019-20,1935,Seaside SD 10,400,Capital Projects Funds,1500,Earnings on Investments,1204484.03
2019-20,1935,Seaside SD 10,400,Capital Projects Funds,1990,Miscellaneous,1839.49
2019-20,1935,Seaside SD 10,200,Special Revenue Funds,2102,General Education Service District Funds,109430.28
2019-20,1935,Seaside SD 10,200,Special Revenue Funds,3299,Other Restricted Grants-In-Aid,426965.77
2019-20,1935,Seaside SD 10,200,Special Revenue Funds,4500,Restricted Revenue From Federal Government Through the State,1117970.99
2019-20,1935,Seaside SD 10,200,Special Revenue Funds,4900,Revenue for/on Behalf of the District,203589.67
2019-20,1935,Seaside SD 10,200,Special Revenue Funds,5200,Interfund Transfers,29832.72
2019-20,1935,Seaside SD 10,200,Special Revenue Funds,5400,Resources - Beginning Fund Balance,518279.12
2019-20,1935,Seaside SD 10,100,General Fund,5400,Resources - Beginning Fund Balance,3471994.67
2019-20,1935,Seaside SD 10,200,Special Revenue Funds,1500,Earnings on Investments,199.14
2019-20,1935,Seaside SD 10,200,Special Revenue Funds,1600,Food Service,32573.53
2019-20,1935,Seaside SD 10,200,Special Revenue Funds,1700,Extra-Curricular Activities,263527.25
2019-20,1935,Seaside SD 10,200,Special Revenue Funds,1920,Contributions and Donations From Private Sources,40900
2019-20,1935,Seaside SD 10,200,Special Revenue Funds,1990,Miscellaneous,285449
2019-20,1935,Seaside SD 10,100,General Fund,2101,County School Funds,1551459.72
2019-20,1935,Seaside SD 10,100,General Fund,2102,General Education Service District Funds,26193.97
2019-20,1935,Seaside SD 10,100,General Fund,3103,Common School Fund,153223.48
2019-20,1935,Seaside SD 10,100,General Fund,3104,State Managed County Timber,235935.42
2019-20,1935,Seaside SD 10,100,General Fund,3299,Other Restricted Grants-In-Aid,1232.45
2019-20,1935,Seaside SD 10,100,General Fund,4500,Restricted Revenue From Federal Government Through the State,5951.89
2019-20,1936,Warrenton-Hammond SD 30,100,General Fund,1311,Tuition from Individuals,218536.2
2019-20,1936,Warrenton-Hammond SD 30,100,General Fund,1500,Earnings on Investments,67610.07
2019-20,1936,Warrenton-Hammond SD 30,100,General Fund,1700,Extra-Curricular Activities,14442.42
2019-20,1936,Warrenton-Hammond SD 30,100,General Fund,1990,Miscellaneous,27789.1
2019-20,1936,Warrenton-Hammond SD 30,100,General Fund,2101,County School Funds,968973.86
2019-20,1936,Warrenton-Hammond SD 30,100,General Fund,3101,State School Fund --General Support,6767124.42
2019-20,1936,Warrenton-Hammond SD 30,300,Debt Service Funds,1110,Ad valorem taxes levied by district,1729852
2019-20,1936,Warrenton-Hammond SD 30,100,General Fund,1110,Ad valorem taxes levied by district,2995826
2019-20,1936,Warrenton-Hammond SD 30,300,Debt Service Funds,5400,Resources - Beginning Fund Balance,675158
2019-20,1936,Warrenton-Hammond SD 30,400,Capital Projects Funds,1910,Rentals,25020
2019-20,1936,Warrenton-Hammond SD 30,400,Capital Projects Funds,1990,Miscellaneous,13745
2019-20,1936,Warrenton-Hammond SD 30,400,Capital Projects Funds,5400,Resources - Beginning Fund Balance,35376681
2019-20,1936,Warrenton-Hammond SD 30,200,Special Revenue Funds,4900,Revenue for/on Behalf of the District,29761
2019-20,1936,Warrenton-Hammond SD 30,200,Special Revenue Funds,5200,Interfund Transfers,70000
2019-20,1936,Warrenton-Hammond SD 30,200,Special Revenue Funds,5400,Resources - Beginning Fund Balance,354392
2019-20,1936,Warrenton-Hammond SD 30,300,Debt Service Funds,1500,Earnings on Investments,17006
2019-20,1936,Warrenton-Hammond SD 30,300,Debt Service Funds,1970,Services Provided Other Funds,344373.88
2019-20,1936,Warrenton-Hammond SD 30,300,Debt Service Funds,5200,Interfund Transfers,263399.25
2019-20,1936,Warrenton-Hammond SD 30,200,Special Revenue Funds,1990,Miscellaneous,275190.56
2019-20,1936,Warrenton-Hammond SD 30,200,Special Revenue Funds,2900,Revenue for/on Behalf of the District,432951.99
2019-20,1936,Warrenton-Hammond SD 30,200,Special Revenue Funds,3102,State School Fund--School Lunch Match,9578.64
2019-20,1936,Warrenton-Hammond SD 30,200,Special Revenue Funds,3299,Other Restricted Grants-In-Aid,1043.6
2019-20,1936,Warrenton-Hammond SD 30,400,Capital Projects Funds,1500,Earnings on Investments,746822.22
2019-20,1936,Warrenton-Hammond SD 30,200,Special Revenue Funds,4500,Restricted Revenue From Federal Government Through the State,824017.48
2019-20,1936,Warrenton-Hammond SD 30,100,General Fund,3103,Common School Fund,91313.71
2019-20,1936,Warrenton-Hammond SD 30,100,General Fund,3104,State Managed County Timber,488356.56
2019-20,1936,Warrenton-Hammond SD 30,100,General Fund,3199,Other Unrestricted Grants-In-Aid,55686.33
2019-20,1936,Warrenton-Hammond SD 30,100,General Fund,5400,Resources - Beginning Fund Balance,540246
2019-20,1936,Warrenton-Hammond SD 30,200,Special Revenue Funds,1600,Food Service,39108.47
2019-20,1936,Warrenton-Hammond SD 30,200,Special Revenue Funds,1920,Contributions and Donations From Private Sources,10143.87
2019-20,1944,Scappoose SD 1J,100,General Fund,1110,Ad valorem taxes levied by district,9128335.22
2019-20,1944,Scappoose SD 1J,100,General Fund,1311,Tuition from Individuals,53430.04
2019-20,1944,Scappoose SD 1J,100,General Fund,1312,Tuition from Other Districts within the State,2729
2019-20,1944,Scappoose SD 1J,100,General Fund,1500,Earnings on Investments,110483.8
2019-20,1944,Scappoose SD 1J,100,General Fund,1700,Extra-Curricular Activities,63728
2019-20,1944,Scappoose SD 1J,100,General Fund,1910,Rentals,33867
2019-20,1944,Scappoose SD 1J,300,Debt Service Funds,5400,Resources - Beginning Fund Balance,335601
2019-20,1944,Scappoose SD 1J,400,Capital Projects Funds,1500,Earnings on Investments,8319.02
2019-20,1944,Scappoose SD 1J,400,Capital Projects Funds,2199,Other Intermediate Sources,114979.63
2019-20,1944,Scappoose SD 1J,400,Capital Projects Funds,5400,Resources - Beginning Fund Balance,404086.04
2019-20,1944,Scappoose SD 1J,200,Special Revenue Funds,4900,Revenue for/on Behalf of the District,62158.56
2019-20,1944,Scappoose SD 1J,200,Special Revenue Funds,5200,Interfund Transfers,292705.64
2019-20,1944,Scappoose SD 1J,200,Special Revenue Funds,5400,Resources - Beginning Fund Balance,1041673.98
2019-20,1944,Scappoose SD 1J,300,Debt Service Funds,1110,Ad valorem taxes levied by district,2558324.85
2019-20,1944,Scappoose SD 1J,300,Debt Service Funds,1500,Earnings on Investments,25044.69
2019-20,1944,Scappoose SD 1J,300,Debt Service Funds,1990,Miscellaneous,1224.83
2019-20,1944,Scappoose SD 1J,200,Special Revenue Funds,2102,General Education Service District Funds,5761.64
2019-20,1944,Scappoose SD 1J,200,Special Revenue Funds,2199,Other Intermediate Sources,39126.65
2019-20,1944,Scappoose SD 1J,200,Special Revenue Funds,3102,State School Fund--School Lunch Match,4399.7
2019-20,1944,Scappoose SD 1J,200,Special Revenue Funds,3204,Driver Education,2940
2019-20,1944,Scappoose SD 1J,200,Special Revenue Funds,3299,Other Restricted Grants-In-Aid,735715.89
2019-20,1944,Scappoose SD 1J,200,Special Revenue Funds,4500,Restricted Revenue From Federal Government Through the State,947231.58
2019-20,1944,Scappoose SD 1J,100,General Fund,5400,Resources - Beginning Fund Balance,2118481.73
2019-20,1944,Scappoose SD 1J,200,Special Revenue Funds,1500,Earnings on Investments,21492.38
2019-20,1944,Scappoose SD 1J,200,Special Revenue Funds,1600,Food Service,157295.85
2019-20,1944,Scappoose SD 1J,200,Special Revenue Funds,1700,Extra-Curricular Activities,6225
2019-20,1944,Scappoose SD 1J,200,Special Revenue Funds,1910,Rentals,54693.35
2019-20,1944,Scappoose SD 1J,200,Special Revenue Funds,1990,Miscellaneous,32981.91
2019-20,1944,Scappoose SD 1J,100,General Fund,2800,Revenue in Lieu of Taxes,413854.31
2019-20,1944,Scappoose SD 1J,100,General Fund,3101,State School Fund --General Support,13915640.67
2019-20,1944,Scappoose SD 1J,100,General Fund,3103,Common School Fund,224895.56
2019-20,1944,Scappoose SD 1J,100,General Fund,3104,State Managed County Timber,58760.37
2019-20,1944,Scappoose SD 1J,100,General Fund,4200,Unrestricted Revenue From Federal Government Through State,27839.27
2019-20,1944,Scappoose SD 1J,100,General Fund,4500,Restricted Revenue From Federal Government Through the State,630.02
2019-20,1944,Scappoose SD 1J,100,General Fund,1920,Contributions and Donations From Private Sources,3077.1
2019-20,1944,Scappoose SD 1J,100,General Fund,1940,Services Provided Other Local Education Agencies,89308.77
2019-20,1944,Scappoose SD 1J,100,General Fund,1960,Recovery of Prior Years' Expenditure,75183.68
2019-20,1944,Scappoose SD 1J,100,General Fund,1990,Miscellaneous,16801.04
2019-20,1944,Scappoose SD 1J,100,General Fund,2101,County School Funds,48903.82
2019-20,1944,Scappoose SD 1J,100,General Fund,2105,Natural Gas; Oil; And Mineral Receipts,61666.33
2019-20,1945,Clatskanie SD 6J,300,Debt Service Funds,5400,Resources - Beginning Fund Balance,96006.26
2019-20,1945,Clatskanie SD 6J,200,Special Revenue Funds,4500,Restricted Revenue From Federal Government Through the State,532008.36
2019-20,1945,Clatskanie SD 6J,200,Special Revenue Funds,5200,Interfund Transfers,115000
2019-20,1945,Clatskanie SD 6J,200,Special Revenue Funds,5400,Resources - Beginning Fund Balance,556973.21
2019-20,1945,Clatskanie SD 6J,300,Debt Service Funds,1110,Ad valorem taxes levied by district,705765.86
2019-20,1945,Clatskanie SD 6J,300,Debt Service Funds,1190,Penalties and interest on taxes,260
2019-20,1945,Clatskanie SD 6J,300,Debt Service Funds,1500,Earnings on Investments,0.08
2019-20,1945,Clatskanie SD 6J,200,Special Revenue Funds,1920,Contributions and Donations From Private Sources,446456.34
2019-20,1945,Clatskanie SD 6J,200,Special Revenue Funds,1960,Recovery of Prior Years' Expenditure,147.22
2019-20,1945,Clatskanie SD 6J,200,Special Revenue Funds,1990,Miscellaneous,10380.12
2019-20,1945,Clatskanie SD 6J,200,Special Revenue Funds,3102,State School Fund--School Lunch Match,3226.75
2019-20,1945,Clatskanie SD 6J,200,Special Revenue Funds,3299,Other Restricted Grants-In-Aid,323124.25
2019-20,1945,Clatskanie SD 6J,200,Special Revenue Funds,4300,Restricted Revenue Direct From the Federal Government,4000
2019-20,1945,Clatskanie SD 6J,100,General Fund,3103,Common School Fund,32958.76
2019-20,1945,Clatskanie SD 6J,100,General Fund,3104,State Managed County Timber,47561.5
2019-20,1945,Clatskanie SD 6J,100,General Fund,5200,Interfund Transfers,340000
2019-20,1945,Clatskanie SD 6J,100,General Fund,5400,Resources - Beginning Fund Balance,422617.98
2019-20,1945,Clatskanie SD 6J,200,Special Revenue Funds,1600,Food Service,60115.25
2019-20,1945,Clatskanie SD 6J,200,Special Revenue Funds,1700,Extra-Curricular Activities,27206.03
2019-20,1945,Clatskanie SD 6J,100,General Fund,1960,Recovery of Prior Years' Expenditure,18861.9
2019-20,1945,Clatskanie SD 6J,100,General Fund,1990,Miscellaneous,100905.3
2019-20,1945,Clatskanie SD 6J,100,General Fund,2101,County School Funds,16366.75
2019-20,1945,Clatskanie SD 6J,100,General Fund,2102,General Education Service District Funds,52000
2019-20,1945,Clatskanie SD 6J,100,General Fund,2200,Restricted Revenue,4552
2019-20,1945,Clatskanie SD 6J,100,General Fund,3101,State School Fund --General Support,4751169.65
2019-20,1945,Clatskanie SD 6J,100,General Fund,1110,Ad valorem taxes levied by district,3519473.53
2019-20,1945,Clatskanie SD 6J,100,General Fund,1190,Penalties and interest on taxes,1503.09
2019-20,1945,Clatskanie SD 6J,100,General Fund,1411,Transportation fees from Individuals,30824.87
2019-20,1945,Clatskanie SD 6J,100,General Fund,1500,Earnings on Investments,53731.86
2019-20,1945,Clatskanie SD 6J,100,General Fund,1700,Extra-Curricular Activities,22593.75
2019-20,1945,Clatskanie SD 6J,100,General Fund,1910,Rentals,10000
2019-20,1945,Clatskanie SD 6J,400,Capital Projects Funds,5300,Sale of or Compensation for Loss of Fixed Assets,50000
2019-20,1945,Clatskanie SD 6J,400,Capital Projects Funds,5400,Resources - Beginning Fund Balance,88182
2019-20,1945,Clatskanie SD 6J,700,Trust and Agency Funds,1500,Earnings on Investments,1136.48
2019-20,1945,Clatskanie SD 6J,700,Trust and Agency Funds,5400,Resources - Beginning Fund Balance,51470.95
2019-20,1946,Rainier SD 13,100,General Fund,1110,Ad valorem taxes levied by district,3914935.63
2019-20,1946,Rainier SD 13,100,General Fund,1190,Penalties and interest on taxes,1988.76
2019-20,1946,Rainier SD 13,100,General Fund,1330,Summer School Tuition,1480
2019-20,1946,Rainier SD 13,100,General Fund,1411,Transportation fees from Individuals,437
2019-20,1946,Rainier SD 13,100,General Fund,1500,Earnings on Investments,43881.51
2019-20,1946,Rainier SD 13,100,General Fund,1700,Extra-Curricular Activities,39638.45
2019-20,1946,Rainier SD 13,700,Trust and Agency Funds,5400,Resources - Beginning Fund Balance,93524.23
2019-20,1946,Rainier SD 13,300,Debt Service Funds,4900,Revenue for/on Behalf of the District,52250.03
2019-20,1946,Rainier SD 13,300,Debt Service Funds,5200,Interfund Transfers,55500
2019-20,1946,Rainier SD 13,300,Debt Service Funds,5400,Resources - Beginning Fund Balance,499207.26
2019-20,1946,Rainier SD 13,400,Capital Projects Funds,5400,Resources - Beginning Fund Balance,56094.57
2019-20,1946,Rainier SD 13,700,Trust and Agency Funds,1500,Earnings on Investments,1994.75
2019-20,1946,Rainier SD 13,700,Trust and Agency Funds,1920,Contributions and Donations From Private Sources,12000
2019-20,1946,Rainier SD 13,200,Special Revenue Funds,4500,Restricted Revenue From Federal Government Through the State,1045475.34
2019-20,1946,Rainier SD 13,200,Special Revenue Funds,4900,Revenue for/on Behalf of the District,47868.28
2019-20,1946,Rainier SD 13,200,Special Revenue Funds,5200,Interfund Transfers,70000
2019-20,1946,Rainier SD 13,200,Special Revenue Funds,5400,Resources - Beginning Fund Balance,310380.45
2019-20,1946,Rainier SD 13,300,Debt Service Funds,1500,Earnings on Investments,10966.13
2019-20,1946,Rainier SD 13,300,Debt Service Funds,1970,Services Provided Other Funds,618678.49
2019-20,1946,Rainier SD 13,200,Special Revenue Funds,1920,Contributions and Donations From Private Sources,19939.74
2019-20,1946,Rainier SD 13,200,Special Revenue Funds,1990,Miscellaneous,78445.44
2019-20,1946,Rainier SD 13,200,Special Revenue Funds,2200,Restricted Revenue,126315.7
2019-20,1946,Rainier SD 13,200,Special Revenue Funds,3102,State School Fund--School Lunch Match,3407.33
2019-20,1946,Rainier SD 13,200,Special Revenue Funds,3299,Other Restricted Grants-In-Aid,288827.2
2019-20,1946,Rainier SD 13,200,Special Revenue Funds,4300,Restricted Revenue Direct From the Federal Government,2563.09
2019-20,1946,Rainier SD 13,200,Special Revenue Funds,1200,Revenue From Local Governmental Units Other Than Districts,52000
2019-20,1946,Rainier SD 13,200,Special Revenue Funds,1311,Tuition from Individuals,40747.31
2019-20,1946,Rainier SD 13,200,Special Revenue Funds,1500,Earnings on Investments,4288.33
2019-20,1946,Rainier SD 13,200,Special Revenue Funds,1600,Food Service,66398.91
2019-20,1946,Rainier SD 13,200,Special Revenue Funds,1700,Extra-Curricular Activities,140296.34
2019-20,1946,Rainier SD 13,200,Special Revenue Funds,1800,Community Services Activities,15450.89
2019-20,1946,Rainier SD 13,100,General Fund,3199,Other Unrestricted Grants-In-Aid,53343.21
2019-20,1946,Rainier SD 13,100,General Fund,3299,Other Restricted Grants-In-Aid,11304.6
2019-20,1946,Rainier SD 13,100,General Fund,4500,Restricted Revenue From Federal Government Through the State,130192.09
2019-20,1946,Rainier SD 13,100,General Fund,5200,Interfund Transfers,100000
2019-20,1946,Rainier SD 13,100,General Fund,5300,Sale of or Compensation for Loss of Fixed Assets,1200
2019-20,1946,Rainier SD 13,100,General Fund,5400,Resources - Beginning Fund Balance,303558.96
2019-20,1946,Rainier SD 13,100,General Fund,2101,County School Funds,18515.29
2019-20,1946,Rainier SD 13,100,General Fund,2102,General Education Service District Funds,53841.44
2019-20,1946,Rainier SD 13,100,General Fund,2105,Natural Gas; Oil; And Mineral Receipts,25685.28
2019-20,1946,Rainier SD 13,100,General Fund,3101,State School Fund --General Support,5347859.11
2019-20,1946,Rainier SD 13,100,General Fund,3103,Common School Fund,82714.35
2019-20,1946,Rainier SD 13,100,General Fund,3104,State Managed County Timber,24474.88
2019-20,1946,Rainier SD 13,100,General Fund,1910,Rentals,11491.67
2019-20,1946,Rainier SD 13,100,General Fund,1920,Contributions and Donations From Private Sources,14505.58
2019-20,1946,Rainier SD 13,100,General Fund,1930,Rental or Lease Payments from Private Contractors,36000
2019-20,1946,Rainier SD 13,100,General Fund,1940,Services Provided Other Local Education Agencies,58000
2019-20,1946,Rainier SD 13,100,General Fund,1960,Recovery of Prior Years' Expenditure,11682.26
2019-20,1946,Rainier SD 13,100,General Fund,1990,Miscellaneous,34836.34
2019-20,1947,Vernonia SD 47J,100,General Fund,1110,Ad valorem taxes levied by district,2857377.24
2019-20,1947,Vernonia SD 47J,100,General Fund,1190,Penalties and interest on taxes,1665.78
2019-20,1947,Vernonia SD 47J,100,General Fund,1500,Earnings on Investments,56142.04
2019-20,1947,Vernonia SD 47J,100,General Fund,1700,Extra-Curricular Activities,29193.3
2019-20,1947,Vernonia SD 47J,100,General Fund,1910,Rentals,9311.54
2019-20,1947,Vernonia SD 47J,100,General Fund,1920,Contributions and Donations From Private Sources,14130.04
2019-20,1947,Vernonia SD 47J,300,Debt Service Funds,5200,Interfund Transfers,102500
2019-20,1947,Vernonia SD 47J,300,Debt Service Funds,5400,Resources - Beginning Fund Balance,58807.75
2019-20,1947,Vernonia SD 47J,400,Capital Projects Funds,1500,Earnings on Investments,14399.5
2019-20,1947,Vernonia SD 47J,400,Capital Projects Funds,3299,Other Restricted Grants-In-Aid,1751134.42
2019-20,1947,Vernonia SD 47J,400,Capital Projects Funds,5400,Resources - Beginning Fund Balance,591997.04
2019-20,1947,Vernonia SD 47J,200,Special Revenue Funds,4900,Revenue for/on Behalf of the District,23877.94
2019-20,1947,Vernonia SD 47J,200,Special Revenue Funds,5200,Interfund Transfers,39532.07
2019-20,1947,Vernonia SD 47J,200,Special Revenue Funds,5400,Resources - Beginning Fund Balance,177614.27
2019-20,1947,Vernonia SD 47J,300,Debt Service Funds,1110,Ad valorem taxes levied by district,967889.89
2019-20,1947,Vernonia SD 47J,300,Debt Service Funds,1190,Penalties and interest on taxes,610.8
2019-20,1947,Vernonia SD 47J,300,Debt Service Funds,1500,Earnings on Investments,112.07
2019-20,1947,Vernonia SD 47J,200,Special Revenue Funds,2102,General Education Service District Funds,8000
2019-20,1947,Vernonia SD 47J,200,Special Revenue Funds,2200,Restricted Revenue,5121
2019-20,1947,Vernonia SD 47J,200,Special Revenue Funds,3102,State School Fund--School Lunch Match,2087.81
2019-20,1947,Vernonia SD 47J,200,Special Revenue Funds,3299,Other Restricted Grants-In-Aid,203388.29
2019-20,1947,Vernonia SD 47J,200,Special Revenue Funds,4300,Restricted Revenue Direct From the Federal Government,3979.46
2019-20,1947,Vernonia SD 47J,200,Special Revenue Funds,4500,Restricted Revenue From Federal Government Through the State,688423.09
2019-20,1947,Vernonia SD 47J,100,General Fund,5400,Resources - Beginning Fund Balance,627120.22
2019-20,1947,Vernonia SD 47J,200,Special Revenue Funds,1600,Food Service,35399.53
2019-20,1947,Vernonia SD 47J,200,Special Revenue Funds,1700,Extra-Curricular Activities,184476.21
2019-20,1947,Vernonia SD 47J,200,Special Revenue Funds,1920,Contributions and Donations From Private Sources,46263.25
2019-20,1947,Vernonia SD 47J,200,Special Revenue Funds,1960,Recovery of Prior Years' Expenditure,467.82
2019-20,1947,Vernonia SD 47J,200,Special Revenue Funds,1990,Miscellaneous,30332.44
2019-20,1947,Vernonia SD 47J,100,General Fund,2200,Restricted Revenue,1250
2019-20,1947,Vernonia SD 47J,100,General Fund,3101,State School Fund --General Support,3631616.9
2019-20,1947,Vernonia SD 47J,100,General Fund,3103,Common School Fund,49355.58
2019-20,1947,Vernonia SD 47J,100,General Fund,3104,State Managed County Timber,813623.59
2019-20,1947,Vernonia SD 47J,100,General Fund,3199,Other Unrestricted Grants-In-Aid,32045.6
2019-20,1947,Vernonia SD 47J,100,General Fund,3299,Other Restricted Grants-In-Aid,75572.77
2019-20,1947,Vernonia SD 47J,100,General Fund,1960,Recovery of Prior Years' Expenditure,12321.34
2019-20,1947,Vernonia SD 47J,100,General Fund,1980,Fees Charged to Grants,1688.14
2019-20,1947,Vernonia SD 47J,100,General Fund,1990,Miscellaneous,60800.68
2019-20,1947,Vernonia SD 47J,100,General Fund,2101,County School Funds,13918.13
2019-20,1947,Vernonia SD 47J,100,General Fund,2102,General Education Service District Funds,10000
2019-20,1947,Vernonia SD 47J,100,General Fund,2105,Natural Gas; Oil; And Mineral Receipts,24828.27
2019-20,1948,St Helens SD 502,100,General Fund,1110,Ad valorem taxes levied by district,9267356.94
2019-20,1948,St Helens SD 502,100,General Fund,1190,Penalties and interest on taxes,3710.17
2019-20,1948,St Helens SD 502,100,General Fund,1311,Tuition from Individuals,570
2019-20,1948,St Helens SD 502,100,General Fund,1312,Tuition from Other Districts within the State,4708.4
2019-20,1948,St Helens SD 502,100,General Fund,1500,Earnings on Investments,211438.9
2019-20,1948,St Helens SD 502,100,General Fund,1700,Extra-Curricular Activities,21879.29
2019-20,1948,St Helens SD 502,400,Capital Projects Funds,1910,Rentals,17228.6
2019-20,1948,St Helens SD 502,400,Capital Projects Funds,1960,Recovery of Prior Years' Expenditure,22929
2019-20,1948,St Helens SD 502,400,Capital Projects Funds,2200,Restricted Revenue,70341.08
2019-20,1948,St Helens SD 502,400,Capital Projects Funds,5200,Interfund Transfers,25000
2019-20,1948,St Helens SD 502,400,Capital Projects Funds,5400,Resources - Beginning Fund Balance,18123359.06
2019-20,1948,St Helens SD 502,300,Debt Service Funds,1190,Penalties and interest on taxes,1047.71
2019-20,1948,St Helens SD 502,300,Debt Service Funds,1500,Earnings on Investments,170.06
2019-20,1948,St Helens SD 502,300,Debt Service Funds,1970,Services Provided Other Funds,2606643.45
2019-20,1948,St Helens SD 502,300,Debt Service Funds,5400,Resources - Beginning Fund Balance,325242.51
2019-20,1948,St Helens SD 502,400,Capital Projects Funds,1130,Construction Excise Tax,415880.75
2019-20,1948,St Helens SD 502,400,Capital Projects Funds,1500,Earnings on Investments,299571.91
2019-20,1948,St Helens SD 502,200,Special Revenue Funds,4900,Revenue for/on Behalf of the District,73247.65
2019-20,1948,St Helens SD 502,200,Special Revenue Funds,5100,Long Term Debt Financing Sources,225000
2019-20,1948,St Helens SD 502,200,Special Revenue Funds,5200,Interfund Transfers,348301.91
2019-20,1948,St Helens SD 502,200,Special Revenue Funds,5300,Sale of or Compensation for Loss of Fixed Assets,179000
2019-20,1948,St Helens SD 502,200,Special Revenue Funds,5400,Resources - Beginning Fund Balance,535332.67
2019-20,1948,St Helens SD 502,300,Debt Service Funds,1110,Ad valorem taxes levied by district,2533287.03
2019-20,1948,St Helens SD 502,200,Special Revenue Funds,1990,Miscellaneous,57101.61
2019-20,1948,St Helens SD 502,200,Special Revenue Funds,2200,Restricted Revenue,42482.4
2019-20,1948,St Helens SD 502,200,Special Revenue Funds,3102,State School Fund--School Lunch Match,8967.46
2019-20,1948,St Helens SD 502,200,Special Revenue Funds,3299,Other Restricted Grants-In-Aid,823543.32
2019-20,1948,St Helens SD 502,200,Special Revenue Funds,4300,Restricted Revenue Direct From the Federal Government,17596
2019-20,1948,St Helens SD 502,200,Special Revenue Funds,4500,Restricted Revenue From Federal Government Through the State,2335369.16
2019-20,1948,St Helens SD 502,200,Special Revenue Funds,1600,Food Service,170484.97
2019-20,1948,St Helens SD 502,200,Special Revenue Funds,1700,Extra-Curricular Activities,279461.71
2019-20,1948,St Helens SD 502,200,Special Revenue Funds,1800,Community Services Activities,92482.09
2019-20,1948,St Helens SD 502,200,Special Revenue Funds,1920,Contributions and Donations From Private Sources,119979.84
2019-20,1948,St Helens SD 502,200,Special Revenue Funds,1960,Recovery of Prior Years' Expenditure,25292.91
2019-20,1948,St Helens SD 502,200,Special Revenue Funds,1980,Fees Charged to Grants,36273.64
2019-20,1948,St Helens SD 502,100,General Fund,3299,Other Restricted Grants-In-Aid,13577.33
2019-20,1948,St Helens SD 502,100,General Fund,4200,Unrestricted Revenue From Federal Government Through State,22226.71
2019-20,1948,St Helens SD 502,100,General Fund,4500,Restricted Revenue From Federal Government Through the State,43947.86
2019-20,1948,St Helens SD 502,100,General Fund,5400,Resources - Beginning Fund Balance,5635207.4
2019-20,1948,St Helens SD 502,200,Special Revenue Funds,1311,Tuition from Individuals,60879.37
2019-20,1948,St Helens SD 502,200,Special Revenue Funds,1500,Earnings on Investments,136.84
2019-20,1948,St Helens SD 502,100,General Fund,2105,Natural Gas; Oil; And Mineral Receipts,77374.22
2019-20,1948,St Helens SD 502,100,General Fund,2200,Restricted Revenue,25296.04
2019-20,1948,St Helens SD 502,100,General Fund,3101,State School Fund --General Support,18924121.75
2019-20,1948,St Helens SD 502,100,General Fund,3103,Common School Fund,263974.04
2019-20,1948,St Helens SD 502,100,General Fund,3104,State Managed County Timber,73728.04
2019-20,1948,St Helens SD 502,100,General Fund,3199,Other Unrestricted Grants-In-Aid,146385.11
2019-20,1948,St Helens SD 502,100,General Fund,1910,Rentals,5000
2019-20,1948,St Helens SD 502,100,General Fund,1920,Contributions and Donations From Private Sources,2944.18
2019-20,1948,St Helens SD 502,100,General Fund,1960,Recovery of Prior Years' Expenditure,62090.39
2019-20,1948,St Helens SD 502,100,General Fund,1990,Miscellaneous,104249.39
2019-20,1948,St Helens SD 502,100,General Fund,2101,County School Funds,57469.76
2019-20,1948,St Helens SD 502,100,General Fund,2102,General Education Service District Funds,50000
2019-20,1949,South Coast ESD,100,General Fund,1110,Ad valorem taxes levied by district,3921235.16
2019-20,1949,South Coast ESD,100,General Fund,1500,Earnings on Investments,65443.2
2019-20,1949,South Coast ESD,100,General Fund,1910,Rentals,100
2019-20,1949,South Coast ESD,100,General Fund,1940,Services Provided Other Local Education Agencies,2771868.26
2019-20,1949,South Coast ESD,100,General Fund,1960,Recovery of Prior Years' Expenditure,36044.74
2019-20,1949,South Coast ESD,100,General Fund,1970,Services Provided Other Funds,1003985.52
2019-20,1949,South Coast ESD,200,Special Revenue Funds,3299,Other Restricted Grants-In-Aid,483348.41
2019-20,1949,South Coast ESD,500,Enterprise Funds,5400,Resources - Beginning Fund Balance,245503.2
2019-20,1949,South Coast ESD,600,Internal Service Funds,1970,Services Provided Other Funds,13826.21
2019-20,1949,South Coast ESD,600,Internal Service Funds,5400,Resources - Beginning Fund Balance,32096.62
2019-20,1949,South Coast ESD,700,Trust and Agency Funds,1500,Earnings on Investments,1095.97
2019-20,1949,South Coast ESD,700,Trust and Agency Funds,5200,Interfund Transfers,6047890.54
2019-20,1949,South Coast ESD,700,Trust and Agency Funds,5400,Resources - Beginning Fund Balance,906430.92
2019-20,1949,South Coast ESD,200,Special Revenue Funds,5400,Resources - Beginning Fund Balance,920348.06
2019-20,1949,South Coast ESD,300,Debt Service Funds,5200,Interfund Transfers,50000
2019-20,1949,South Coast ESD,300,Debt Service Funds,5400,Resources - Beginning Fund Balance,1229.62
2019-20,1949,South Coast ESD,400,Capital Projects Funds,5400,Resources - Beginning Fund Balance,90000
2019-20,1949,South Coast ESD,500,Enterprise Funds,1940,Services Provided Other Local Education Agencies,166324.84
2019-20,1949,South Coast ESD,500,Enterprise Funds,1990,Miscellaneous,400
2019-20,1949,South Coast ESD,200,Special Revenue Funds,1940,Services Provided Other Local Education Agencies,15750
2019-20,1949,South Coast ESD,200,Special Revenue Funds,1990,Miscellaneous,153629.16
2019-20,1949,South Coast ESD,200,Special Revenue Funds,2200,Restricted Revenue,2552074.61
2019-20,1949,South Coast ESD,200,Special Revenue Funds,2900,Revenue for/on Behalf of the District,1500
2019-20,1949,South Coast ESD,200,Special Revenue Funds,4500,Restricted Revenue From Federal Government Through the State,655227.06
2019-20,1949,South Coast ESD,200,Special Revenue Funds,5200,Interfund Transfers,50000
2019-20,1949,South Coast ESD,100,General Fund,1990,Miscellaneous,49799.39
2019-20,1949,South Coast ESD,100,General Fund,3101,State School Fund --General Support,2240839.36
2019-20,1949,South Coast ESD,100,General Fund,3104,State Managed County Timber,1443.03
2019-20,1949,South Coast ESD,100,General Fund,3299,Other Restricted Grants-In-Aid,500
2019-20,1949,South Coast ESD,100,General Fund,5200,Interfund Transfers,5758083.72
2019-20,1949,South Coast ESD,100,General Fund,5400,Resources - Beginning Fund Balance,1960072.7
2019-20,1964,Coquille SD 8,100,General Fund,1110,Ad valorem taxes levied by district,2271431.76
2019-20,1964,Coquille SD 8,100,General Fund,1500,Earnings on Investments,127100.27
2019-20,1964,Coquille SD 8,100,General Fund,1700,Extra-Curricular Activities,4768.97
2019-20,1964,Coquille SD 8,100,General Fund,1800,Community Services Activities,96189.97
2019-20,1964,Coquille SD 8,100,General Fund,1910,Rentals,15016
2019-20,1964,Coquille SD 8,100,General Fund,1940,Services Provided Other Local Education Agencies,1750
2019-20,1964,Coquille SD 8,700,Trust and Agency Funds,5400,Resources - Beginning Fund Balance,7783.52
2019-20,1964,Coquille SD 8,400,Capital Projects Funds,1920,Contributions and Donations From Private Sources,10000
2019-20,1964,Coquille SD 8,400,Capital Projects Funds,1990,Miscellaneous,12347.48
2019-20,1964,Coquille SD 8,400,Capital Projects Funds,3299,Other Restricted Grants-In-Aid,201143.06
2019-20,1964,Coquille SD 8,400,Capital Projects Funds,5100,Long Term Debt Financing Sources,240000
2019-20,1964,Coquille SD 8,400,Capital Projects Funds,5400,Resources - Beginning Fund Balance,3518735.44
2019-20,1964,Coquille SD 8,700,Trust and Agency Funds,1500,Earnings on Investments,204.63
2019-20,1964,Coquille SD 8,200,Special Revenue Funds,4900,Revenue for/on Behalf of the District,39346.72
2019-20,1964,Coquille SD 8,200,Special Revenue Funds,5200,Interfund Transfers,388000
2019-20,1964,Coquille SD 8,200,Special Revenue Funds,5400,Resources - Beginning Fund Balance,752372.16
2019-20,1964,Coquille SD 8,300,Debt Service Funds,1110,Ad valorem taxes levied by district,349473.65
2019-20,1964,Coquille SD 8,300,Debt Service Funds,1500,Earnings on Investments,201.75
2019-20,1964,Coquille SD 8,300,Debt Service Funds,5400,Resources - Beginning Fund Balance,164514.99
2019-20,1964,Coquille SD 8,200,Special Revenue Funds,1990,Miscellaneous,22811.05
2019-20,1964,Coquille SD 8,200,Special Revenue Funds,2200,Restricted Revenue,34002.04
2019-20,1964,Coquille SD 8,200,Special Revenue Funds,3199,Other Unrestricted Grants-In-Aid,747.25
2019-20,1964,Coquille SD 8,200,Special Revenue Funds,3299,Other Restricted Grants-In-Aid,262955.44
2019-20,1964,Coquille SD 8,200,Special Revenue Funds,4300,Restricted Revenue Direct From the Federal Government,20823.47
2019-20,1964,Coquille SD 8,200,Special Revenue Funds,4500,Restricted Revenue From Federal Government Through the State,1232537.17
2019-20,1964,Coquille SD 8,100,General Fund,5400,Resources - Beginning Fund Balance,1579921.29
2019-20,1964,Coquille SD 8,200,Special Revenue Funds,1500,Earnings on Investments,3544.02
2019-20,1964,Coquille SD 8,200,Special Revenue Funds,1600,Food Service,3226.5
2019-20,1964,Coquille SD 8,200,Special Revenue Funds,1700,Extra-Curricular Activities,133705.28
2019-20,1964,Coquille SD 8,200,Special Revenue Funds,1920,Contributions and Donations From Private Sources,129124.93
2019-20,1964,Coquille SD 8,200,Special Revenue Funds,1940,Services Provided Other Local Education Agencies,60386.78
2019-20,1964,Coquille SD 8,100,General Fund,3900,Revenue for/on Behalf of the District,7056.38
2019-20,1964,Coquille SD 8,100,General Fund,4500,Restricted Revenue From Federal Government Through the State,2685
2019-20,1964,Coquille SD 8,100,General Fund,4801,Federal Forest Fees,5856.45
2019-20,1964,Coquille SD 8,100,General Fund,4900,Revenue for/on Behalf of the District,50440.3
2019-20,1964,Coquille SD 8,100,General Fund,5100,Long Term Debt Financing Sources,11734.38
2019-20,1964,Coquille SD 8,100,General Fund,5200,Interfund Transfers,255000
2019-20,1964,Coquille SD 8,100,General Fund,1990,Miscellaneous,98629.39
2019-20,1964,Coquille SD 8,100,General Fund,2101,County School Funds,15573.16
2019-20,1964,Coquille SD 8,100,General Fund,3101,State School Fund --General Support,11068785.13
2019-20,1964,Coquille SD 8,100,General Fund,3103,Common School Fund,107033.59
2019-20,1964,Coquille SD 8,100,General Fund,3199,Other Unrestricted Grants-In-Aid,225102.62
2019-20,1964,Coquille SD 8,100,General Fund,3299,Other Restricted Grants-In-Aid,400
2019-20,1965,Coos Bay SD 9,100,General Fund,1110,Ad valorem taxes levied by district,8765551.75
2019-20,1965,Coos Bay SD 9,100,General Fund,1500,Earnings on Investments,243163.78
2019-20,1965,Coos Bay SD 9,100,General Fund,1700,Extra-Curricular Activities,4346.48
2019-20,1965,Coos Bay SD 9,100,General Fund,1910,Rentals,246798.52
2019-20,1965,Coos Bay SD 9,100,General Fund,1920,Contributions and Donations From Private Sources,1850
2019-20,1965,Coos Bay SD 9,100,General Fund,1930,Rental or Lease Payments from Private Contractors,21701.16
2019-20,1965,Coos Bay SD 9,400,Capital Projects Funds,3299,Other Restricted Grants-In-Aid,4000000
2019-20,1965,Coos Bay SD 9,400,Capital Projects Funds,5100,Long Term Debt Financing Sources,25744190
2019-20,1965,Coos Bay SD 9,400,Capital Projects Funds,5200,Interfund Transfers,897000
2019-20,1965,Coos Bay SD 9,400,Capital Projects Funds,5400,Resources - Beginning Fund Balance,44374089.99
2019-20,1965,Coos Bay SD 9,300,Debt Service Funds,1970,Services Provided Other Funds,1171207.2
2019-20,1965,Coos Bay SD 9,300,Debt Service Funds,5400,Resources - Beginning Fund Balance,217013.88
2019-20,1965,Coos Bay SD 9,400,Capital Projects Funds,1110,Ad valorem taxes levied by district,457.39
2019-20,1965,Coos Bay SD 9,400,Capital Projects Funds,1500,Earnings on Investments,992152.87
2019-20,1965,Coos Bay SD 9,400,Capital Projects Funds,1920,Contributions and Donations From Private Sources,147790.17
2019-20,1965,Coos Bay SD 9,400,Capital Projects Funds,1990,Miscellaneous,73621.3
2019-20,1965,Coos Bay SD 9,200,Special Revenue Funds,3102,State School Fund--School Lunch Match,14027.42
2019-20,1965,Coos Bay SD 9,200,Special Revenue Funds,3299,Other Restricted Grants-In-Aid,1042014.5
2019-20,1965,Coos Bay SD 9,200,Special Revenue Funds,4500,Restricted Revenue From Federal Government Through the State,4024879.85
2019-20,1965,Coos Bay SD 9,200,Special Revenue Funds,5400,Resources - Beginning Fund Balance,1165745.79
2019-20,1965,Coos Bay SD 9,300,Debt Service Funds,1110,Ad valorem taxes levied by district,3308152.64
2019-20,1965,Coos Bay SD 9,300,Debt Service Funds,1500,Earnings on Investments,13008.47
2019-20,1965,Coos Bay SD 9,200,Special Revenue Funds,1700,Extra-Curricular Activities,493170.03
2019-20,1965,Coos Bay SD 9,200,Special Revenue Funds,1920,Contributions and Donations From Private Sources,5592217
2019-20,1965,Coos Bay SD 9,200,Special Revenue Funds,1980,Fees Charged to Grants,1875.07
2019-20,1965,Coos Bay SD 9,200,Special Revenue Funds,1990,Miscellaneous,132786.86
2019-20,1965,Coos Bay SD 9,200,Special Revenue Funds,2199,Other Intermediate Sources,19430.15
2019-20,1965,Coos Bay SD 9,200,Special Revenue Funds,3101,State School Fund --General Support,499511.78
2019-20,1965,Coos Bay SD 9,100,General Fund,3104,State Managed County Timber,13838.22
2019-20,1965,Coos Bay SD 9,100,General Fund,4200,Unrestricted Revenue From Federal Government Through State,34695.04
2019-20,1965,Coos Bay SD 9,100,General Fund,4500,Restricted Revenue From Federal Government Through the State,19549.19
2019-20,1965,Coos Bay SD 9,100,General Fund,5400,Resources - Beginning Fund Balance,5376814.86
2019-20,1965,Coos Bay SD 9,200,Special Revenue Funds,1500,Earnings on Investments,17188.08
2019-20,1965,Coos Bay SD 9,200,Special Revenue Funds,1600,Food Service,51280.25
2019-20,1965,Coos Bay SD 9,100,General Fund,1980,Fees Charged to Grants,108393.06
2019-20,1965,Coos Bay SD 9,100,General Fund,1990,Miscellaneous,255708.77
2019-20,1965,Coos Bay SD 9,100,General Fund,2101,County School Funds,50278.29
2019-20,1965,Coos Bay SD 9,100,General Fund,2199,Other Intermediate Sources,22997.78
2019-20,1965,Coos Bay SD 9,100,General Fund,3101,State School Fund --General Support,25256641.12
2019-20,1965,Coos Bay SD 9,100,General Fund,3103,Common School Fund,280737.01
2019-20,1966,North Bend SD 13,100,General Fund,1110,Ad valorem taxes levied by district,5661244.48
2019-20,1966,North Bend SD 13,100,General Fund,1500,Earnings on Investments,229726.45
2019-20,1966,North Bend SD 13,100,General Fund,1920,Contributions and Donations From Private Sources,250
2019-20,1966,North Bend SD 13,100,General Fund,1960,Recovery of Prior Years' Expenditure,75776.95
2019-20,1966,North Bend SD 13,100,General Fund,1980,Fees Charged to Grants,108825.26
2019-20,1966,North Bend SD 13,100,General Fund,1990,Miscellaneous,621540.35
2019-20,1966,North Bend SD 13,300,Debt Service Funds,5400,Resources - Beginning Fund Balance,70099.88
2019-20,1966,North Bend SD 13,400,Capital Projects Funds,1500,Earnings on Investments,48372.47
2019-20,1966,North Bend SD 13,400,Capital Projects Funds,1910,Rentals,9666.47
2019-20,1966,North Bend SD 13,400,Capital Projects Funds,1990,Miscellaneous,200214.31
2019-20,1966,North Bend SD 13,400,Capital Projects Funds,5200,Interfund Transfers,385000
2019-20,1966,North Bend SD 13,400,Capital Projects Funds,5400,Resources - Beginning Fund Balance,2124175.82
2019-20,1966,North Bend SD 13,200,Special Revenue Funds,5200,Interfund Transfers,150000
2019-20,1966,North Bend SD 13,200,Special Revenue Funds,5400,Resources - Beginning Fund Balance,4654415.03
2019-20,1966,North Bend SD 13,300,Debt Service Funds,1110,Ad valorem taxes levied by district,1219121.76
2019-20,1966,North Bend SD 13,300,Debt Service Funds,1500,Earnings on Investments,608.5
2019-20,1966,North Bend SD 13,300,Debt Service Funds,4900,Revenue for/on Behalf of the District,25745.76
2019-20,1966,North Bend SD 13,300,Debt Service Funds,5200,Interfund Transfers,71426
2019-20,1966,North Bend SD 13,200,Special Revenue Funds,1990,Miscellaneous,768699.33
2019-20,1966,North Bend SD 13,200,Special Revenue Funds,3102,State School Fund--School Lunch Match,8159.53
2019-20,1966,North Bend SD 13,200,Special Revenue Funds,3299,Other Restricted Grants-In-Aid,841453.26
2019-20,1966,North Bend SD 13,200,Special Revenue Funds,4300,Restricted Revenue Direct From the Federal Government,23262
2019-20,1966,North Bend SD 13,200,Special Revenue Funds,4500,Restricted Revenue From Federal Government Through the State,2432292.97
2019-20,1966,North Bend SD 13,200,Special Revenue Funds,4900,Revenue for/on Behalf of the District,94876.84
2019-20,1966,North Bend SD 13,100,General Fund,4801,Federal Forest Fees,14042.39
2019-20,1966,North Bend SD 13,100,General Fund,5400,Resources - Beginning Fund Balance,3773475.38
2019-20,1966,North Bend SD 13,200,Special Revenue Funds,1500,Earnings on Investments,83075.38
2019-20,1966,North Bend SD 13,200,Special Revenue Funds,1600,Food Service,311818.92
2019-20,1966,North Bend SD 13,200,Special Revenue Funds,1700,Extra-Curricular Activities,328.89
2019-20,1966,North Bend SD 13,200,Special Revenue Funds,1920,Contributions and Donations From Private Sources,500
2019-20,1966,North Bend SD 13,100,General Fund,2101,County School Funds,37180.96
2019-20,1966,North Bend SD 13,100,General Fund,3101,State School Fund --General Support,35576281.29
2019-20,1966,North Bend SD 13,100,General Fund,3103,Common School Fund,207233.56
2019-20,1966,North Bend SD 13,100,General Fund,3104,State Managed County Timber,23.63
2019-20,1966,North Bend SD 13,100,General Fund,3299,Other Restricted Grants-In-Aid,4268.8
2019-20,1966,North Bend SD 13,100,General Fund,4500,Restricted Revenue From Federal Government Through the State,3428.27
2019-20,1967,Powers SD 31,200,Special Revenue Funds,1990,Miscellaneous,8701.95
2019-20,1967,Powers SD 31,200,Special Revenue Funds,3299,Other Restricted Grants-In-Aid,1489476.41
2019-20,1967,Powers SD 31,200,Special Revenue Funds,4300,Restricted Revenue Direct From the Federal Government,17286.6
2019-20,1967,Powers SD 31,200,Special Revenue Funds,4500,Restricted Revenue From Federal Government Through the State,176819
2019-20,1967,Powers SD 31,200,Special Revenue Funds,5200,Interfund Transfers,13645.55
2019-20,1967,Powers SD 31,200,Special Revenue Funds,5400,Resources - Beginning Fund Balance,-231536.21
2019-20,1967,Powers SD 31,100,General Fund,5200,Interfund Transfers,551.04
2019-20,1967,Powers SD 31,100,General Fund,5400,Resources - Beginning Fund Balance,1277171.43
2019-20,1967,Powers SD 31,200,Special Revenue Funds,1500,Earnings on Investments,237.9
2019-20,1967,Powers SD 31,200,Special Revenue Funds,1700,Extra-Curricular Activities,31834.82
2019-20,1967,Powers SD 31,200,Special Revenue Funds,1910,Rentals,10
2019-20,1967,Powers SD 31,200,Special Revenue Funds,1920,Contributions and Donations From Private Sources,45197.96
2019-20,1967,Powers SD 31,100,General Fund,1990,Miscellaneous,35466.66
2019-20,1967,Powers SD 31,100,General Fund,2101,County School Funds,3049.03
2019-20,1967,Powers SD 31,100,General Fund,3101,State School Fund --General Support,1674977.02
2019-20,1967,Powers SD 31,100,General Fund,3103,Common School Fund,10148.99
2019-20,1967,Powers SD 31,100,General Fund,4500,Restricted Revenue From Federal Government Through the State,135.95
2019-20,1967,Powers SD 31,100,General Fund,4801,Federal Forest Fees,1147
2019-20,1967,Powers SD 31,100,General Fund,1110,Ad valorem taxes levied by district,261808.89
2019-20,1967,Powers SD 31,100,General Fund,1500,Earnings on Investments,24126.2
2019-20,1968,Myrtle Point SD 41,100,General Fund,1500,Earnings on Investments,39708.05
2019-20,1968,Myrtle Point SD 41,100,General Fund,1700,Extra-Curricular Activities,8600
2019-20,1968,Myrtle Point SD 41,100,General Fund,5400,Resources - Beginning Fund Balance,784354.7
2019-20,1968,Myrtle Point SD 41,200,Special Revenue Funds,1970,Services Provided Other Funds,128812.67
2019-20,1968,Myrtle Point SD 41,200,Special Revenue Funds,4300,Restricted Revenue Direct From the Federal Government,24448.97
2019-20,1968,Myrtle Point SD 41,200,Special Revenue Funds,2200,Restricted Revenue,11411.02
2019-20,1968,Myrtle Point SD 41,300,Debt Service Funds,4900,Revenue for/on Behalf of the District,58557
2019-20,1968,Myrtle Point SD 41,300,Debt Service Funds,1110,Ad valorem taxes levied by district,92731
2019-20,1968,Myrtle Point SD 41,100,General Fund,1990,Miscellaneous,83747
2019-20,1968,Myrtle Point SD 41,100,General Fund,1110,Ad valorem taxes levied by district,1848786
2019-20,1968,Myrtle Point SD 41,200,Special Revenue Funds,4500,Restricted Revenue From Federal Government Through the State,1060486
2019-20,1968,Myrtle Point SD 41,200,Special Revenue Funds,3299,Other Restricted Grants-In-Aid,468997
2019-20,1968,Myrtle Point SD 41,200,Special Revenue Funds,1920,Contributions and Donations From Private Sources,31191
2019-20,1968,Myrtle Point SD 41,100,General Fund,4900,Revenue for/on Behalf of the District,224953
2019-20,1968,Myrtle Point SD 41,200,Special Revenue Funds,4900,Revenue for/on Behalf of the District,24579
2019-20,1968,Myrtle Point SD 41,200,Special Revenue Funds,1600,Food Service,2040.5
2019-20,1968,Myrtle Point SD 41,700,Trust and Agency Funds,1500,Earnings on Investments,12886.42
2019-20,1968,Myrtle Point SD 41,100,General Fund,3103,Common School Fund,47682.97
2019-20,1968,Myrtle Point SD 41,100,General Fund,5200,Interfund Transfers,115000
2019-20,1968,Myrtle Point SD 41,100,General Fund,5300,Sale of or Compensation for Loss of Fixed Assets,500
2019-20,1968,Myrtle Point SD 41,400,Capital Projects Funds,1990,Miscellaneous,81086.32
2019-20,1968,Myrtle Point SD 41,400,Capital Projects Funds,5200,Interfund Transfers,120000
2019-20,1968,Myrtle Point SD 41,200,Special Revenue Funds,1500,Earnings on Investments,106.34
2019-20,1968,Myrtle Point SD 41,700,Trust and Agency Funds,1920,Contributions and Donations From Private Sources,5000
2019-20,1968,Myrtle Point SD 41,700,Trust and Agency Funds,5400,Resources - Beginning Fund Balance,608865.11
2019-20,1968,Myrtle Point SD 41,100,General Fund,1920,Contributions and Donations From Private Sources,1103.67
2019-20,1968,Myrtle Point SD 41,100,General Fund,2101,County School Funds,14070.51
2019-20,1968,Myrtle Point SD 41,100,General Fund,2200,Restricted Revenue,12899.46
2019-20,1968,Myrtle Point SD 41,100,General Fund,3101,State School Fund --General Support,4212617.69
2019-20,1968,Myrtle Point SD 41,200,Special Revenue Funds,1990,Miscellaneous,10437.43
2019-20,1968,Myrtle Point SD 41,200,Special Revenue Funds,3102,State School Fund--School Lunch Match,3016.23
2019-20,1968,Myrtle Point SD 41,200,Special Revenue Funds,1700,Extra-Curricular Activities,61852.61
2019-20,1968,Myrtle Point SD 41,200,Special Revenue Funds,5400,Resources - Beginning Fund Balance,614863.05
2019-20,1968,Myrtle Point SD 41,300,Debt Service Funds,5400,Resources - Beginning Fund Balance,281249.14
2019-20,1968,Myrtle Point SD 41,400,Capital Projects Funds,5400,Resources - Beginning Fund Balance,27838.31
2019-20,1969,Bandon SD 54,100,General Fund,1110,Ad valorem taxes levied by district,3928676.11
2019-20,1969,Bandon SD 54,100,General Fund,1500,Earnings on Investments,81525.18
2019-20,1969,Bandon SD 54,100,General Fund,1700,Extra-Curricular Activities,30379.59
2019-20,1969,Bandon SD 54,100,General Fund,1910,Rentals,21253
2019-20,1969,Bandon SD 54,100,General Fund,1920,Contributions and Donations From Private Sources,424463.26
2019-20,1969,Bandon SD 54,100,General Fund,1960,Recovery of Prior Years' Expenditure,128129.59
2019-20,1969,Bandon SD 54,400,Capital Projects Funds,5400,Resources - Beginning Fund Balance,255416.22
2019-20,1969,Bandon SD 54,300,Debt Service Funds,1110,Ad valorem taxes levied by district,115676.4
2019-20,1969,Bandon SD 54,300,Debt Service Funds,1500,Earnings on Investments,17008.26
2019-20,1969,Bandon SD 54,300,Debt Service Funds,4900,Revenue for/on Behalf of the District,35049.27
2019-20,1969,Bandon SD 54,300,Debt Service Funds,5400,Resources - Beginning Fund Balance,578970.2
2019-20,1969,Bandon SD 54,400,Capital Projects Funds,3299,Other Restricted Grants-In-Aid,962748.34
2019-20,1969,Bandon SD 54,400,Capital Projects Funds,5300,Sale of or Compensation for Loss of Fixed Assets,368341.03
2019-20,1969,Bandon SD 54,200,Special Revenue Funds,3299,Other Restricted Grants-In-Aid,342262.39
2019-20,1969,Bandon SD 54,200,Special Revenue Funds,4500,Restricted Revenue From Federal Government Through the State,683059.38
2019-20,1969,Bandon SD 54,200,Special Revenue Funds,4900,Revenue for/on Behalf of the District,35819.68
2019-20,1969,Bandon SD 54,200,Special Revenue Funds,5100,Long Term Debt Financing Sources,85000
2019-20,1969,Bandon SD 54,200,Special Revenue Funds,5200,Interfund Transfers,14172.5
2019-20,1969,Bandon SD 54,200,Special Revenue Funds,5400,Resources - Beginning Fund Balance,464488.9
2019-20,1969,Bandon SD 54,200,Special Revenue Funds,1600,Food Service,35593.9
2019-20,1969,Bandon SD 54,200,Special Revenue Funds,1700,Extra-Curricular Activities,208124.05
2019-20,1969,Bandon SD 54,200,Special Revenue Funds,1920,Contributions and Donations From Private Sources,154032.43
2019-20,1969,Bandon SD 54,200,Special Revenue Funds,1990,Miscellaneous,16996.69
2019-20,1969,Bandon SD 54,200,Special Revenue Funds,3102,State School Fund--School Lunch Match,5000
2019-20,1969,Bandon SD 54,200,Special Revenue Funds,3222,State School Fund (SSF) Transportation Equipment,65000
2019-20,1969,Bandon SD 54,100,General Fund,3204,Driver Education,4238.96
2019-20,1969,Bandon SD 54,100,General Fund,3299,Other Restricted Grants-In-Aid,33850.83
2019-20,1969,Bandon SD 54,100,General Fund,4500,Restricted Revenue From Federal Government Through the State,19017.17
2019-20,1969,Bandon SD 54,100,General Fund,4801,Federal Forest Fees,4598.62
2019-20,1969,Bandon SD 54,100,General Fund,5300,Sale of or Compensation for Loss of Fixed Assets,1001
2019-20,1969,Bandon SD 54,100,General Fund,5400,Resources - Beginning Fund Balance,2386234.16
2019-20,1969,Bandon SD 54,100,General Fund,1980,Fees Charged to Grants,17568.65
2019-20,1969,Bandon SD 54,100,General Fund,1990,Miscellaneous,42342.49
2019-20,1969,Bandon SD 54,100,General Fund,2101,County School Funds,12228.41
2019-20,1969,Bandon SD 54,100,General Fund,3101,State School Fund --General Support,4017818.36
2019-20,1969,Bandon SD 54,100,General Fund,3103,Common School Fund,58164.35
2019-20,1969,Bandon SD 54,100,General Fund,3199,Other Unrestricted Grants-In-Aid,102242.62
2019-20,1970,Crook County SD,100,General Fund,1110,Ad valorem taxes levied by district,10972054.27
2019-20,1970,Crook County SD,100,General Fund,1190,Penalties and interest on taxes,3252.75
2019-20,1970,Crook County SD,100,General Fund,1411,Transportation fees from Individuals,1316.94
2019-20,1970,Crook County SD,100,General Fund,1412,Transportation fees from Other Districts within the State,1713.39
2019-20,1970,Crook County SD,100,General Fund,1500,Earnings on Investments,285830.86
2019-20,1970,Crook County SD,100,General Fund,1700,Extra-Curricular Activities,117344.9
2019-20,1970,Crook County SD,300,Debt Service Funds,1110,Ad valorem taxes levied by district,1946006.26
2019-20,1970,Crook County SD,300,Debt Service Funds,1190,Penalties and interest on taxes,582.19
2019-20,1970,Crook County SD,300,Debt Service Funds,1500,Earnings on Investments,40726.74
2019-20,1970,Crook County SD,300,Debt Service Funds,5100,Long Term Debt Financing Sources,33225000.25
2019-20,1970,Crook County SD,300,Debt Service Funds,5200,Interfund Transfers,2422998.97
2019-20,1970,Crook County SD,300,Debt Service Funds,5400,Resources - Beginning Fund Balance,428380.95
2019-20,1970,Crook County SD,200,Special Revenue Funds,4300,Restricted Revenue Direct From the Federal Government,101444.43
2019-20,1970,Crook County SD,200,Special Revenue Funds,4500,Restricted Revenue From Federal Government Through the State,3134845.71
2019-20,1970,Crook County SD,200,Special Revenue Funds,4700,Grants-In-Aid From Federal Government Through Other Intermed,56400.9
2019-20,1970,Crook County SD,200,Special Revenue Funds,4900,Revenue for/on Behalf of the District,119301.27
2019-20,1970,Crook County SD,200,Special Revenue Funds,5200,Interfund Transfers,528742.98
2019-20,1970,Crook County SD,200,Special Revenue Funds,5400,Resources - Beginning Fund Balance,6515314.96
2019-20,1970,Crook County SD,200,Special Revenue Funds,1920,Contributions and Donations From Private Sources,1445208.64
2019-20,1970,Crook County SD,200,Special Revenue Funds,1990,Miscellaneous,298783.95
2019-20,1970,Crook County SD,200,Special Revenue Funds,2102,General Education Service District Funds,103832.18
2019-20,1970,Crook County SD,200,Special Revenue Funds,3102,State School Fund--School Lunch Match,10259.44
2019-20,1970,Crook County SD,200,Special Revenue Funds,3222,State School Fund (SSF) Transportation Equipment,128348.15
2019-20,1970,Crook County SD,200,Special Revenue Funds,3299,Other Restricted Grants-In-Aid,785151.86
2019-20,1970,Crook County SD,100,General Fund,5400,Resources - Beginning Fund Balance,2627569.63
2019-20,1970,Crook County SD,200,Special Revenue Funds,1330,Summer School Tuition,450
2019-20,1970,Crook County SD,200,Special Revenue Funds,1500,Earnings on Investments,7345.17
2019-20,1970,Crook County SD,200,Special Revenue Funds,1600,Food Service,139721.46
2019-20,1970,Crook County SD,200,Special Revenue Funds,1700,Extra-Curricular Activities,427781.55
2019-20,1970,Crook County SD,200,Special Revenue Funds,1910,Rentals,5065.75
2019-20,1970,Crook County SD,100,General Fund,2102,General Education Service District Funds,177250
2019-20,1970,Crook County SD,100,General Fund,3101,State School Fund --General Support,20368866.69
2019-20,1970,Crook County SD,100,General Fund,3103,Common School Fund,252680.61
2019-20,1970,Crook County SD,100,General Fund,3299,Other Restricted Grants-In-Aid,2425.6
2019-20,1970,Crook County SD,100,General Fund,4500,Restricted Revenue From Federal Government Through the State,4226.32
2019-20,1970,Crook County SD,100,General Fund,4801,Federal Forest Fees,276345.62
2019-20,1970,Crook County SD,100,General Fund,1910,Rentals,5906.33
2019-20,1970,Crook County SD,100,General Fund,1920,Contributions and Donations From Private Sources,1652.4
2019-20,1970,Crook County SD,100,General Fund,1940,Services Provided Other Local Education Agencies,5844
2019-20,1970,Crook County SD,100,General Fund,1960,Recovery of Prior Years' Expenditure,1197.78
2019-20,1970,Crook County SD,100,General Fund,1980,Fees Charged to Grants,1998.75
2019-20,1970,Crook County SD,100,General Fund,1990,Miscellaneous,2658507.88
2019-20,1972,Central Curry SD 1,300,Debt Service Funds,5400,Resources - Beginning Fund Balance,29440.14
2019-20,1972,Central Curry SD 1,200,Special Revenue Funds,1990,Miscellaneous,37655.41
2019-20,1972,Central Curry SD 1,200,Special Revenue Funds,3299,Other Restricted Grants-In-Aid,143648.2
2019-20,1972,Central Curry SD 1,200,Special Revenue Funds,4500,Restricted Revenue From Federal Government Through the State,281615.7
2019-20,1972,Central Curry SD 1,200,Special Revenue Funds,5400,Resources - Beginning Fund Balance,230023.52
2019-20,1972,Central Curry SD 1,300,Debt Service Funds,1110,Ad valorem taxes levied by district,370377.63
2019-20,1972,Central Curry SD 1,300,Debt Service Funds,1500,Earnings on Investments,4184.64
2019-20,1972,Central Curry SD 1,100,General Fund,5100,Long Term Debt Financing Sources,245425
2019-20,1972,Central Curry SD 1,100,General Fund,5300,Sale of or Compensation for Loss of Fixed Assets,5782
2019-20,1972,Central Curry SD 1,100,General Fund,5400,Resources - Beginning Fund Balance,1330850.85
2019-20,1972,Central Curry SD 1,200,Special Revenue Funds,1500,Earnings on Investments,58.03
2019-20,1972,Central Curry SD 1,200,Special Revenue Funds,1700,Extra-Curricular Activities,83479.43
2019-20,1972,Central Curry SD 1,200,Special Revenue Funds,1920,Contributions and Donations From Private Sources,48341.51
2019-20,1972,Central Curry SD 1,100,General Fund,3102,State School Fund--School Lunch Match,2218.61
2019-20,1972,Central Curry SD 1,100,General Fund,3103,Common School Fund,39832.94
2019-20,1972,Central Curry SD 1,100,General Fund,3299,Other Restricted Grants-In-Aid,3739.48
2019-20,1972,Central Curry SD 1,100,General Fund,4500,Restricted Revenue From Federal Government Through the State,233176.35
2019-20,1972,Central Curry SD 1,100,General Fund,4801,Federal Forest Fees,80824.03
2019-20,1972,Central Curry SD 1,100,General Fund,4900,Revenue for/on Behalf of the District,15979.31
2019-20,1972,Central Curry SD 1,100,General Fund,1600,Food Service,39237.1
2019-20,1972,Central Curry SD 1,100,General Fund,1700,Extra-Curricular Activities,8375.2
2019-20,1972,Central Curry SD 1,100,General Fund,1910,Rentals,17150
2019-20,1972,Central Curry SD 1,100,General Fund,1920,Contributions and Donations From Private Sources,1537.58
2019-20,1972,Central Curry SD 1,100,General Fund,1990,Miscellaneous,98402.67
2019-20,1972,Central Curry SD 1,100,General Fund,3101,State School Fund --General Support,2071673.89
2019-20,1972,Central Curry SD 1,100,General Fund,1110,Ad valorem taxes levied by district,3266209.08
2019-20,1972,Central Curry SD 1,100,General Fund,1500,Earnings on Investments,33367.5
2019-20,1973,Port Orford-Langlois SD 2CJ,400,Capital Projects Funds,3299,Other Restricted Grants-In-Aid,1354439
2019-20,1973,Port Orford-Langlois SD 2CJ,200,Special Revenue Funds,4500,Restricted Revenue From Federal Government Through the State,878139
2019-20,1973,Port Orford-Langlois SD 2CJ,200,Special Revenue Funds,4900,Revenue for/on Behalf of the District,9222
2019-20,1973,Port Orford-Langlois SD 2CJ,200,Special Revenue Funds,5100,Long Term Debt Financing Sources,78118
2019-20,1973,Port Orford-Langlois SD 2CJ,200,Special Revenue Funds,5200,Interfund Transfers,155000
2019-20,1973,Port Orford-Langlois SD 2CJ,200,Special Revenue Funds,5300,Sale of or Compensation for Loss of Fixed Assets,15181
2019-20,1973,Port Orford-Langlois SD 2CJ,200,Special Revenue Funds,5400,Resources - Beginning Fund Balance,259745
2019-20,1973,Port Orford-Langlois SD 2CJ,200,Special Revenue Funds,1700,Extra-Curricular Activities,20495
2019-20,1973,Port Orford-Langlois SD 2CJ,200,Special Revenue Funds,1920,Contributions and Donations From Private Sources,123497
2019-20,1973,Port Orford-Langlois SD 2CJ,200,Special Revenue Funds,1990,Miscellaneous,90790
2019-20,1973,Port Orford-Langlois SD 2CJ,200,Special Revenue Funds,3102,State School Fund--School Lunch Match,1158
2019-20,1973,Port Orford-Langlois SD 2CJ,200,Special Revenue Funds,3222,State School Fund (SSF) Transportation Equipment,45000
2019-20,1973,Port Orford-Langlois SD 2CJ,200,Special Revenue Funds,3299,Other Restricted Grants-In-Aid,154276
2019-20,1973,Port Orford-Langlois SD 2CJ,100,General Fund,3103,Common School Fund,18206
2019-20,1973,Port Orford-Langlois SD 2CJ,100,General Fund,4801,Federal Forest Fees,34158
2019-20,1973,Port Orford-Langlois SD 2CJ,100,General Fund,5300,Sale of or Compensation for Loss of Fixed Assets,116731
2019-20,1973,Port Orford-Langlois SD 2CJ,100,General Fund,5400,Resources - Beginning Fund Balance,833376
2019-20,1973,Port Orford-Langlois SD 2CJ,200,Special Revenue Funds,1500,Earnings on Investments,1094
2019-20,1973,Port Orford-Langlois SD 2CJ,200,Special Revenue Funds,1600,Food Service,13453
2019-20,1973,Port Orford-Langlois SD 2CJ,100,General Fund,1110,Ad valorem taxes levied by district,1865959
2019-20,1973,Port Orford-Langlois SD 2CJ,100,General Fund,1500,Earnings on Investments,31804
2019-20,1973,Port Orford-Langlois SD 2CJ,100,General Fund,1960,Recovery of Prior Years' Expenditure,200
2019-20,1973,Port Orford-Langlois SD 2CJ,100,General Fund,1990,Miscellaneous,20027
2019-20,1973,Port Orford-Langlois SD 2CJ,100,General Fund,2101,County School Funds,6959
2019-20,1973,Port Orford-Langlois SD 2CJ,100,General Fund,3101,State School Fund --General Support,1518117
2019-20,1974,Brookings-Harbor SD 17C,400,Capital Projects Funds,5200,Interfund Transfers,20000
2019-20,1974,Brookings-Harbor SD 17C,400,Capital Projects Funds,5400,Resources - Beginning Fund Balance,306585.28
2019-20,1974,Brookings-Harbor SD 17C,200,Special Revenue Funds,5400,Resources - Beginning Fund Balance,4009820.78
2019-20,1974,Brookings-Harbor SD 17C,300,Debt Service Funds,1110,Ad valorem taxes levied by district,146604.43
2019-20,1974,Brookings-Harbor SD 17C,300,Debt Service Funds,1500,Earnings on Investments,15603.52
2019-20,1974,Brookings-Harbor SD 17C,300,Debt Service Funds,5400,Resources - Beginning Fund Balance,1405123.27
2019-20,1974,Brookings-Harbor SD 17C,400,Capital Projects Funds,1500,Earnings on Investments,899.21
2019-20,1974,Brookings-Harbor SD 17C,400,Capital Projects Funds,1970,Services Provided Other Funds,3379.02
2019-20,1974,Brookings-Harbor SD 17C,400,Capital Projects Funds,3299,Other Restricted Grants-In-Aid,1548618.65
2019-20,1974,Brookings-Harbor SD 17C,200,Special Revenue Funds,3299,Other Restricted Grants-In-Aid,485071.22
2019-20,1974,Brookings-Harbor SD 17C,200,Special Revenue Funds,4300,Restricted Revenue Direct From the Federal Government,62990.39
2019-20,1974,Brookings-Harbor SD 17C,200,Special Revenue Funds,4500,Restricted Revenue From Federal Government Through the State,1489687.74
2019-20,1974,Brookings-Harbor SD 17C,200,Special Revenue Funds,4700,Grants-In-Aid From Federal Government Through Other Intermed,11498.33
2019-20,1974,Brookings-Harbor SD 17C,200,Special Revenue Funds,4900,Revenue for/on Behalf of the District,39469.22
2019-20,1974,Brookings-Harbor SD 17C,200,Special Revenue Funds,5200,Interfund Transfers,512200
2019-20,1974,Brookings-Harbor SD 17C,200,Special Revenue Funds,1500,Earnings on Investments,99655.65
2019-20,1974,Brookings-Harbor SD 17C,200,Special Revenue Funds,1600,Food Service,41628.78
2019-20,1974,Brookings-Harbor SD 17C,200,Special Revenue Funds,1920,Contributions and Donations From Private Sources,12500
2019-20,1974,Brookings-Harbor SD 17C,200,Special Revenue Funds,1960,Recovery of Prior Years' Expenditure,6.65
2019-20,1974,Brookings-Harbor SD 17C,200,Special Revenue Funds,1990,Miscellaneous,268191.58
2019-20,1974,Brookings-Harbor SD 17C,200,Special Revenue Funds,2200,Restricted Revenue,4500
2019-20,1974,Brookings-Harbor SD 17C,100,General Fund,3101,State School Fund --General Support,8959142.68
2019-20,1974,Brookings-Harbor SD 17C,100,General Fund,3103,Common School Fund,129551.55
2019-20,1974,Brookings-Harbor SD 17C,100,General Fund,4801,Federal Forest Fees,262876.43
2019-20,1974,Brookings-Harbor SD 17C,100,General Fund,5200,Interfund Transfers,100000
2019-20,1974,Brookings-Harbor SD 17C,100,General Fund,5300,Sale of or Compensation for Loss of Fixed Assets,8000
2019-20,1974,Brookings-Harbor SD 17C,100,General Fund,5400,Resources - Beginning Fund Balance,1813417.39
2019-20,1974,Brookings-Harbor SD 17C,100,General Fund,1500,Earnings on Investments,94576.34
2019-20,1974,Brookings-Harbor SD 17C,100,General Fund,1960,Recovery of Prior Years' Expenditure,5.34
2019-20,1974,Brookings-Harbor SD 17C,100,General Fund,1980,Fees Charged to Grants,13861
2019-20,1974,Brookings-Harbor SD 17C,100,General Fund,1990,Miscellaneous,67903.3
2019-20,1974,Brookings-Harbor SD 17C,100,General Fund,2101,County School Funds,137196.47
2019-20,1974,Brookings-Harbor SD 17C,100,General Fund,2102,General Education Service District Funds,584219.52
2019-20,1974,Brookings-Harbor SD 17C,100,General Fund,1110,Ad valorem taxes levied by district,6038123.53
2019-20,1974,Brookings-Harbor SD 17C,100,General Fund,1313,Tuition from Other Districts outside the State,54184.24
2019-20,1974,Brookings-Harbor SD 17C,100,General Fund,1411,Transportation fees from Individuals,6080.48
2019-20,1975,High Desert ESD,100,General Fund,1110,Ad valorem taxes levied by district,2674932.31
2019-20,1975,High Desert ESD,100,General Fund,1500,Earnings on Investments,87057.91
2019-20,1975,High Desert ESD,100,General Fund,1970,Services Provided Other Funds,481109.92
2019-20,1975,High Desert ESD,100,General Fund,1980,Fees Charged to Grants,1263046
2019-20,1975,High Desert ESD,100,General Fund,1990,Miscellaneous,113352.98
2019-20,1975,High Desert ESD,100,General Fund,3101,State School Fund --General Support,11128546.54
2019-20,1975,High Desert ESD,200,Special Revenue Funds,1920,Contributions and Donations From Private Sources,713346.76
2019-20,1975,High Desert ESD,600,Internal Service Funds,1930,Rental or Lease Payments from Private Contractors,13236
2019-20,1975,High Desert ESD,600,Internal Service Funds,1970,Services Provided Other Funds,835981.74
2019-20,1975,High Desert ESD,600,Internal Service Funds,1990,Miscellaneous,5216.23
2019-20,1975,High Desert ESD,600,Internal Service Funds,5200,Interfund Transfers,8000
2019-20,1975,High Desert ESD,600,Internal Service Funds,5400,Resources - Beginning Fund Balance,134990.6
2019-20,1975,High Desert ESD,700,Trust and Agency Funds,1990,Miscellaneous,1530451.59
2019-20,1975,High Desert ESD,200,Special Revenue Funds,5400,Resources - Beginning Fund Balance,5340806.37
2019-20,1975,High Desert ESD,300,Debt Service Funds,1500,Earnings on Investments,8535.86
2019-20,1975,High Desert ESD,300,Debt Service Funds,1970,Services Provided Other Funds,1106824.37
2019-20,1975,High Desert ESD,300,Debt Service Funds,5400,Resources - Beginning Fund Balance,16638.85
2019-20,1975,High Desert ESD,600,Internal Service Funds,1500,Earnings on Investments,168.78
2019-20,1975,High Desert ESD,600,Internal Service Funds,1910,Rentals,13755
2019-20,1975,High Desert ESD,200,Special Revenue Funds,3204,Driver Education,152130
2019-20,1975,High Desert ESD,200,Special Revenue Funds,3299,Other Restricted Grants-In-Aid,8855725.43
2019-20,1975,High Desert ESD,200,Special Revenue Funds,4300,Restricted Revenue Direct From the Federal Government,65470.35
2019-20,1975,High Desert ESD,200,Special Revenue Funds,4500,Restricted Revenue From Federal Government Through the State,4295456.91
2019-20,1975,High Desert ESD,200,Special Revenue Funds,4700,Grants-In-Aid From Federal Government Through Other Intermed,370792
2019-20,1975,High Desert ESD,200,Special Revenue Funds,5200,Interfund Transfers,6144625.64
2019-20,1975,High Desert ESD,100,General Fund,5400,Resources - Beginning Fund Balance,1884053.08
2019-20,1975,High Desert ESD,200,Special Revenue Funds,1320,Adult/Continuing Education Tuition,210608.47
2019-20,1975,High Desert ESD,200,Special Revenue Funds,1500,Earnings on Investments,8539.68
2019-20,1975,High Desert ESD,200,Special Revenue Funds,1940,Services Provided Other Local Education Agencies,5711664.8
2019-20,1975,High Desert ESD,200,Special Revenue Funds,1970,Services Provided Other Funds,150
2019-20,1975,High Desert ESD,200,Special Revenue Funds,1990,Miscellaneous,3563697.59
2019-20,1976,Bend-LaPine Administrative SD 1,700,Trust and Agency Funds,1500,Earnings on Investments,2537.18
2019-20,1976,Bend-LaPine Administrative SD 1,100,General Fund,1960,Recovery of Prior Years' Expenditure,6579.36
2019-20,1976,Bend-LaPine Administrative SD 1,400,Capital Projects Funds,1910,Rentals,10355.35
2019-20,1976,Bend-LaPine Administrative SD 1,100,General Fund,1330,Summer School Tuition,11210
2019-20,1976,Bend-LaPine Administrative SD 1,700,Trust and Agency Funds,1920,Contributions and Donations From Private Sources,13253
2019-20,1976,Bend-LaPine Administrative SD 1,100,General Fund,1311,Tuition from Individuals,14390.28
2019-20,1976,Bend-LaPine Administrative SD 1,700,Trust and Agency Funds,5400,Resources - Beginning Fund Balance,103052.18
2019-20,1976,Bend-LaPine Administrative SD 1,100,General Fund,5200,Interfund Transfers,4837939.8
2019-20,1976,Bend-LaPine Administrative SD 1,100,General Fund,5400,Resources - Beginning Fund Balance,19882722.13
2019-20,1976,Bend-LaPine Administrative SD 1,200,Special Revenue Funds,5400,Resources - Beginning Fund Balance,8439827.36
2019-20,1976,Bend-LaPine Administrative SD 1,300,Debt Service Funds,5400,Resources - Beginning Fund Balance,3585441.98
2019-20,1976,Bend-LaPine Administrative SD 1,400,Capital Projects Funds,5200,Interfund Transfers,95331.37
2019-20,1976,Bend-LaPine Administrative SD 1,400,Capital Projects Funds,5400,Resources - Beginning Fund Balance,123285412.82
2019-20,1976,Bend-LaPine Administrative SD 1,300,Debt Service Funds,3101,State School Fund --General Support,7891653.07
2019-20,1976,Bend-LaPine Administrative SD 1,200,Special Revenue Funds,4500,Restricted Revenue From Federal Government Through the State,10846562.87
2019-20,1976,Bend-LaPine Administrative SD 1,300,Debt Service Funds,1110,Ad valorem taxes levied by district,34795857.09
2019-20,1976,Bend-LaPine Administrative SD 1,100,General Fund,1110,Ad valorem taxes levied by district,85930110.38
2019-20,1976,Bend-LaPine Administrative SD 1,100,General Fund,3101,State School Fund --General Support,90764519.59
2019-20,1976,Bend-LaPine Administrative SD 1,400,Capital Projects Funds,5100,Long Term Debt Financing Sources,101219802.65
2019-20,1976,Bend-LaPine Administrative SD 1,200,Special Revenue Funds,1990,Miscellaneous,2159813.8
2019-20,1976,Bend-LaPine Administrative SD 1,100,General Fund,1990,Miscellaneous,2389286.13
2019-20,1976,Bend-LaPine Administrative SD 1,100,General Fund,2102,General Education Service District Funds,2400000
2019-20,1976,Bend-LaPine Administrative SD 1,200,Special Revenue Funds,1700,Extra-Curricular Activities,2612830.55
2019-20,1976,Bend-LaPine Administrative SD 1,400,Capital Projects Funds,1500,Earnings on Investments,4826669.55
2019-20,1976,Bend-LaPine Administrative SD 1,200,Special Revenue Funds,3299,Other Restricted Grants-In-Aid,5231491.49
2019-20,1976,Bend-LaPine Administrative SD 1,100,General Fund,1970,Services Provided Other Funds,694256.93
2019-20,1976,Bend-LaPine Administrative SD 1,100,General Fund,3299,Other Restricted Grants-In-Aid,741976.63
2019-20,1976,Bend-LaPine Administrative SD 1,100,General Fund,1500,Earnings on Investments,1158962.14
2019-20,1976,Bend-LaPine Administrative SD 1,100,General Fund,5100,Long Term Debt Financing Sources,1250000
2019-20,1976,Bend-LaPine Administrative SD 1,100,General Fund,3103,Common School Fund,1765455.47
2019-20,1976,Bend-LaPine Administrative SD 1,200,Special Revenue Funds,1600,Food Service,1857451.68
2019-20,1976,Bend-LaPine Administrative SD 1,100,General Fund,1700,Extra-Curricular Activities,329071.06
2019-20,1976,Bend-LaPine Administrative SD 1,100,General Fund,2101,County School Funds,365258.9
2019-20,1976,Bend-LaPine Administrative SD 1,200,Special Revenue Funds,2102,General Education Service District Funds,395000
2019-20,1976,Bend-LaPine Administrative SD 1,100,General Fund,1980,Fees Charged to Grants,467197.99
2019-20,1976,Bend-LaPine Administrative SD 1,200,Special Revenue Funds,3199,Other Unrestricted Grants-In-Aid,560320.87
2019-20,1976,Bend-LaPine Administrative SD 1,100,General Fund,3222,State School Fund (SSF) Transportation Equipment,654279
2019-20,1976,Bend-LaPine Administrative SD 1,200,Special Revenue Funds,1500,Earnings on Investments,77345.72
2019-20,1976,Bend-LaPine Administrative SD 1,100,General Fund,4200,Unrestricted Revenue From Federal Government Through State,128447.62
2019-20,1976,Bend-LaPine Administrative SD 1,200,Special Revenue Funds,1910,Rentals,164019.1
2019-20,1976,Bend-LaPine Administrative SD 1,200,Special Revenue Funds,1920,Contributions and Donations From Private Sources,260671.7
2019-20,1976,Bend-LaPine Administrative SD 1,300,Debt Service Funds,1500,Earnings on Investments,272231.75
2019-20,1976,Bend-LaPine Administrative SD 1,100,General Fund,1910,Rentals,310782.24
2019-20,1976,Bend-LaPine Administrative SD 1,400,Capital Projects Funds,4200,Unrestricted Revenue From Federal Government Through State,40350
2019-20,1976,Bend-LaPine Administrative SD 1,200,Special Revenue Funds,3102,State School Fund--School Lunch Match,56068.93
2019-20,1976,Bend-LaPine Administrative SD 1,100,General Fund,5300,Sale of or Compensation for Loss of Fixed Assets,56927.13
2019-20,1976,Bend-LaPine Administrative SD 1,400,Capital Projects Funds,1990,Miscellaneous,64054.12
2019-20,1976,Bend-LaPine Administrative SD 1,200,Special Revenue Funds,4300,Restricted Revenue Direct From the Federal Government,68889.62
2019-20,1976,Bend-LaPine Administrative SD 1,100,General Fund,4500,Restricted Revenue From Federal Government Through the State,73267.93
2019-20,1977,Redmond SD 2J,100,General Fund,1110,Ad valorem taxes levied by district,26169787.71
2019-20,1977,Redmond SD 2J,100,General Fund,1190,Penalties and interest on taxes,10878.62
2019-20,1977,Redmond SD 2J,100,General Fund,1311,Tuition from Individuals,11256
2019-20,1977,Redmond SD 2J,100,General Fund,1312,Tuition from Other Districts within the State,2332
2019-20,1977,Redmond SD 2J,100,General Fund,1411,Transportation fees from Individuals,21860.9
2019-20,1977,Redmond SD 2J,100,General Fund,1412,Transportation fees from Other Districts within the State,45525.77
2019-20,1977,Redmond SD 2J,700,Trust and Agency Funds,1920,Contributions and Donations From Private Sources,15777
2019-20,1977,Redmond SD 2J,700,Trust and Agency Funds,1990,Miscellaneous,6090
2019-20,1977,Redmond SD 2J,700,Trust and Agency Funds,5200,Interfund Transfers,1180.95
2019-20,1977,Redmond SD 2J,700,Trust and Agency Funds,5400,Resources - Beginning Fund Balance,254444.78
2019-20,1977,Redmond SD 2J,600,Internal Service Funds,1960,Recovery of Prior Years' Expenditure,93267.48
2019-20,1977,Redmond SD 2J,600,Internal Service Funds,1970,Services Provided Other Funds,419939.7
2019-20,1977,Redmond SD 2J,600,Internal Service Funds,1990,Miscellaneous,51534.48
2019-20,1977,Redmond SD 2J,600,Internal Service Funds,5200,Interfund Transfers,350000
2019-20,1977,Redmond SD 2J,600,Internal Service Funds,5400,Resources - Beginning Fund Balance,238370.15
2019-20,1977,Redmond SD 2J,700,Trust and Agency Funds,1500,Earnings on Investments,5425.6
2019-20,1977,Redmond SD 2J,300,Debt Service Funds,1190,Penalties and interest on taxes,5263.43
2019-20,1977,Redmond SD 2J,300,Debt Service Funds,1500,Earnings on Investments,171230.94
2019-20,1977,Redmond SD 2J,300,Debt Service Funds,1970,Services Provided Other Funds,2683709
2019-20,1977,Redmond SD 2J,300,Debt Service Funds,5400,Resources - Beginning Fund Balance,2201529.33
2019-20,1977,Redmond SD 2J,400,Capital Projects Funds,5400,Resources - Beginning Fund Balance,65687.46
2019-20,1977,Redmond SD 2J,600,Internal Service Funds,1500,Earnings on Investments,639.83
2019-20,1977,Redmond SD 2J,200,Special Revenue Funds,4700,Grants-In-Aid From Federal Government Through Other Intermed,2792.7
2019-20,1977,Redmond SD 2J,200,Special Revenue Funds,4900,Revenue for/on Behalf of the District,168039.99
2019-20,1977,Redmond SD 2J,200,Special Revenue Funds,5200,Interfund Transfers,412722.79
2019-20,1977,Redmond SD 2J,200,Special Revenue Funds,5300,Sale of or Compensation for Loss of Fixed Assets,726.75
2019-20,1977,Redmond SD 2J,200,Special Revenue Funds,5400,Resources - Beginning Fund Balance,3198038.68
2019-20,1977,Redmond SD 2J,300,Debt Service Funds,1110,Ad valorem taxes levied by district,12659542.72
2019-20,1977,Redmond SD 2J,200,Special Revenue Funds,1960,Recovery of Prior Years' Expenditure,692.05
2019-20,1977,Redmond SD 2J,200,Special Revenue Funds,1990,Miscellaneous,798843.33
2019-20,1977,Redmond SD 2J,200,Special Revenue Funds,2200,Restricted Revenue,240
2019-20,1977,Redmond SD 2J,200,Special Revenue Funds,3222,State School Fund (SSF) Transportation Equipment,198723
2019-20,1977,Redmond SD 2J,200,Special Revenue Funds,3299,Other Restricted Grants-In-Aid,2048673.19
2019-20,1977,Redmond SD 2J,200,Special Revenue Funds,4500,Restricted Revenue From Federal Government Through the State,5102934.86
2019-20,1977,Redmond SD 2J,200,Special Revenue Funds,1500,Earnings on Investments,57624.65
2019-20,1977,Redmond SD 2J,200,Special Revenue Funds,1600,Food Service,413403.73
2019-20,1977,Redmond SD 2J,200,Special Revenue Funds,1700,Extra-Curricular Activities,870885.2
2019-20,1977,Redmond SD 2J,200,Special Revenue Funds,1910,Rentals,156755.59
2019-20,1977,Redmond SD 2J,200,Special Revenue Funds,1920,Contributions and Donations From Private Sources,288574.9
2019-20,1977,Redmond SD 2J,200,Special Revenue Funds,1940,Services Provided Other Local Education Agencies,36000
2019-20,1977,Redmond SD 2J,100,General Fund,3299,Other Restricted Grants-In-Aid,25586.5
2019-20,1977,Redmond SD 2J,100,General Fund,4200,Unrestricted Revenue From Federal Government Through State,877.08
2019-20,1977,Redmond SD 2J,100,General Fund,4700,Grants-In-Aid From Federal Government Through Other Intermed,14051
2019-20,1977,Redmond SD 2J,100,General Fund,5100,Long Term Debt Financing Sources,32467.45
2019-20,1977,Redmond SD 2J,100,General Fund,5200,Interfund Transfers,1695.66
2019-20,1977,Redmond SD 2J,100,General Fund,5400,Resources - Beginning Fund Balance,7694862.85
2019-20,1977,Redmond SD 2J,100,General Fund,1990,Miscellaneous,575257.9
2019-20,1977,Redmond SD 2J,100,General Fund,2101,County School Funds,159316.04
2019-20,1977,Redmond SD 2J,100,General Fund,2102,General Education Service District Funds,783916.42
2019-20,1977,Redmond SD 2J,100,General Fund,2200,Restricted Revenue,1000
2019-20,1977,Redmond SD 2J,100,General Fund,3101,State School Fund --General Support,48282167.61
2019-20,1977,Redmond SD 2J,100,General Fund,3103,Common School Fund,691667.24
2019-20,1977,Redmond SD 2J,100,General Fund,1500,Earnings on Investments,477063.1
2019-20,1977,Redmond SD 2J,100,General Fund,1910,Rentals,14426.25
2019-20,1977,Redmond SD 2J,100,General Fund,1920,Contributions and Donations From Private Sources,38679.1
2019-20,1977,Redmond SD 2J,100,General Fund,1940,Services Provided Other Local Education Agencies,44307
2019-20,1977,Redmond SD 2J,100,General Fund,1960,Recovery of Prior Years' Expenditure,6148.16
2019-20,1977,Redmond SD 2J,100,General Fund,1980,Fees Charged to Grants,183605.91
2019-20,1978,Sisters SD 6,100,General Fund,3199,Other Unrestricted Grants-In-Aid,491606.03
2019-20,1978,Sisters SD 6,100,General Fund,1110,Ad valorem taxes levied by district,8809436.13
2019-20,1978,Sisters SD 6,100,General Fund,1120,Local option ad valorem taxes levied by district,1506462.28
2019-20,1978,Sisters SD 6,100,General Fund,1190,Penalties and interest on taxes,4258.66
2019-20,1978,Sisters SD 6,100,General Fund,1312,Tuition from Other Districts within the State,96644.64
2019-20,1978,Sisters SD 6,100,General Fund,1500,Earnings on Investments,148597.2
2019-20,1978,Sisters SD 6,700,Trust and Agency Funds,1990,Miscellaneous,15138
2019-20,1978,Sisters SD 6,700,Trust and Agency Funds,5400,Resources - Beginning Fund Balance,52420.32
2019-20,1978,Sisters SD 6,300,Debt Service Funds,1970,Services Provided Other Funds,948785.35
2019-20,1978,Sisters SD 6,300,Debt Service Funds,5400,Resources - Beginning Fund Balance,104421.66
2019-20,1978,Sisters SD 6,400,Capital Projects Funds,1500,Earnings on Investments,46506.54
2019-20,1978,Sisters SD 6,400,Capital Projects Funds,1990,Miscellaneous,68319.3
2019-20,1978,Sisters SD 6,400,Capital Projects Funds,5400,Resources - Beginning Fund Balance,3678854.85
2019-20,1978,Sisters SD 6,700,Trust and Agency Funds,1920,Contributions and Donations From Private Sources,99091.75
2019-20,1978,Sisters SD 6,200,Special Revenue Funds,4500,Restricted Revenue From Federal Government Through the State,403590.11
2019-20,1978,Sisters SD 6,200,Special Revenue Funds,4700,Grants-In-Aid From Federal Government Through Other Intermed,1798.8
2019-20,1978,Sisters SD 6,200,Special Revenue Funds,5200,Interfund Transfers,246714.03
2019-20,1978,Sisters SD 6,200,Special Revenue Funds,5400,Resources - Beginning Fund Balance,830975.52
2019-20,1978,Sisters SD 6,300,Debt Service Funds,1110,Ad valorem taxes levied by district,3017982.67
2019-20,1978,Sisters SD 6,300,Debt Service Funds,1190,Penalties and interest on taxes,1244.43
2019-20,1978,Sisters SD 6,200,Special Revenue Funds,1960,Recovery of Prior Years' Expenditure,1250
2019-20,1978,Sisters SD 6,200,Special Revenue Funds,1990,Miscellaneous,95076.32
2019-20,1978,Sisters SD 6,200,Special Revenue Funds,2102,General Education Service District Funds,6601
2019-20,1978,Sisters SD 6,200,Special Revenue Funds,3102,State School Fund--School Lunch Match,1677.1
2019-20,1978,Sisters SD 6,200,Special Revenue Funds,3222,State School Fund (SSF) Transportation Equipment,50893.97
2019-20,1978,Sisters SD 6,200,Special Revenue Funds,3299,Other Restricted Grants-In-Aid,539747.28
2019-20,1978,Sisters SD 6,100,General Fund,5200,Interfund Transfers,55627.48
2019-20,1978,Sisters SD 6,100,General Fund,5400,Resources - Beginning Fund Balance,1718946.31
2019-20,1978,Sisters SD 6,200,Special Revenue Funds,1600,Food Service,43926.01
2019-20,1978,Sisters SD 6,200,Special Revenue Funds,1700,Extra-Curricular Activities,260285.17
2019-20,1978,Sisters SD 6,200,Special Revenue Funds,1910,Rentals,9115.5
2019-20,1978,Sisters SD 6,200,Special Revenue Funds,1920,Contributions and Donations From Private Sources,169538.23
2019-20,1978,Sisters SD 6,100,General Fund,1910,Rentals,84596.67
2019-20,1978,Sisters SD 6,100,General Fund,1990,Miscellaneous,141713.4
2019-20,1978,Sisters SD 6,100,General Fund,2101,County School Funds,9772.04
2019-20,1978,Sisters SD 6,100,General Fund,3101,State School Fund --General Support,2127225.06
2019-20,1978,Sisters SD 6,100,General Fund,3103,Common School Fund,104232.36
2019-20,1978,Sisters SD 6,100,General Fund,5100,Long Term Debt Financing Sources,462193.49
2019-20,1980,Douglas ESD,400,Capital Projects Funds,5400,Resources - Beginning Fund Balance,17582.94
2019-20,1980,Douglas ESD,500,Enterprise Funds,5400,Resources - Beginning Fund Balance,-4521.01
2019-20,1980,Douglas ESD,600,Internal Service Funds,5400,Resources - Beginning Fund Balance,1748728.7
2019-20,1980,Douglas ESD,100,General Fund,5400,Resources - Beginning Fund Balance,1645926.33
2019-20,1980,Douglas ESD,200,Special Revenue Funds,5400,Resources - Beginning Fund Balance,3606872.39
2019-20,1980,Douglas ESD,300,Debt Service Funds,5400,Resources - Beginning Fund Balance,1388072.85
2019-20,1980,Douglas ESD,300,Debt Service Funds,1500,Earnings on Investments,3188.86
2019-20,1980,Douglas ESD,300,Debt Service Funds,1970,Services Provided Other Funds,289924.04
2019-20,1980,Douglas ESD,500,Enterprise Funds,1910,Rentals,22320
2019-20,1980,Douglas ESD,500,Enterprise Funds,1940,Services Provided Other Local Education Agencies,214898.24
2019-20,1980,Douglas ESD,600,Internal Service Funds,1970,Services Provided Other Funds,50608
2019-20,1980,Douglas ESD,600,Internal Service Funds,5200,Interfund Transfers,30000
2019-20,1980,Douglas ESD,200,Special Revenue Funds,2200,Restricted Revenue,64695.95
2019-20,1980,Douglas ESD,200,Special Revenue Funds,2900,Revenue for/on Behalf of the District,685722.39
2019-20,1980,Douglas ESD,200,Special Revenue Funds,3299,Other Restricted Grants-In-Aid,3623350.06
2019-20,1980,Douglas ESD,200,Special Revenue Funds,3900,Revenue for/on Behalf of the District,11773429
2019-20,1980,Douglas ESD,200,Special Revenue Funds,4500,Restricted Revenue From Federal Government Through the State,2857864.22
2019-20,1980,Douglas ESD,200,Special Revenue Funds,5200,Interfund Transfers,9498441.56
2019-20,1980,Douglas ESD,200,Special Revenue Funds,1320,Adult/Continuing Education Tuition,1075
2019-20,1980,Douglas ESD,200,Special Revenue Funds,1920,Contributions and Donations From Private Sources,689776.16
2019-20,1980,Douglas ESD,200,Special Revenue Funds,1940,Services Provided Other Local Education Agencies,3788247.02
2019-20,1980,Douglas ESD,200,Special Revenue Funds,1970,Services Provided Other Funds,395550.04
2019-20,1980,Douglas ESD,200,Special Revenue Funds,1990,Miscellaneous,706486.09
2019-20,1980,Douglas ESD,200,Special Revenue Funds,2199,Other Intermediate Sources,396521
2019-20,1980,Douglas ESD,100,General Fund,1940,Services Provided Other Local Education Agencies,1227254.78
2019-20,1980,Douglas ESD,100,General Fund,1960,Recovery of Prior Years' Expenditure,63505.24
2019-20,1980,Douglas ESD,100,General Fund,1970,Services Provided Other Funds,154319
2019-20,1980,Douglas ESD,100,General Fund,1980,Fees Charged to Grants,855775.58
2019-20,1980,Douglas ESD,100,General Fund,1990,Miscellaneous,19674.2
2019-20,1980,Douglas ESD,100,General Fund,3101,State School Fund --General Support,1999228.14
2019-20,1980,Douglas ESD,100,General Fund,1110,Ad valorem taxes levied by district,4686484.19
2019-20,1980,Douglas ESD,100,General Fund,1500,Earnings on Investments,119340.54
2019-20,1980,Douglas ESD,100,General Fund,1920,Contributions and Donations From Private Sources,500
2019-20,1990,Oakland SD 1,100,General Fund,1110,Ad valorem taxes levied by district,1413340.87
2019-20,1990,Oakland SD 1,100,General Fund,1190,Penalties and interest on taxes,1315.09
2019-20,1990,Oakland SD 1,100,General Fund,1500,Earnings on Investments,74544.81
2019-20,1990,Oakland SD 1,100,General Fund,1960,Recovery of Prior Years' Expenditure,19080.6
2019-20,1990,Oakland SD 1,100,General Fund,1990,Miscellaneous,120527.14
2019-20,1990,Oakland SD 1,100,General Fund,2101,County School Funds,7532.04
2019-20,1990,Oakland SD 1,400,Capital Projects Funds,1500,Earnings on Investments,48.27
2019-20,1990,Oakland SD 1,400,Capital Projects Funds,5200,Interfund Transfers,245655.36
2019-20,1990,Oakland SD 1,100,General Fund,5400,Resources - Beginning Fund Balance,1002332.49
2019-20,1990,Oakland SD 1,200,Special Revenue Funds,5400,Resources - Beginning Fund Balance,1287262.77
2019-20,1990,Oakland SD 1,300,Debt Service Funds,5400,Resources - Beginning Fund Balance,19532.71
2019-20,1990,Oakland SD 1,400,Capital Projects Funds,5400,Resources - Beginning Fund Balance,712890.12
2019-20,1990,Oakland SD 1,200,Special Revenue Funds,4500,Restricted Revenue From Federal Government Through the State,572861.8
2019-20,1990,Oakland SD 1,200,Special Revenue Funds,4900,Revenue for/on Behalf of the District,16483
2019-20,1990,Oakland SD 1,200,Special Revenue Funds,5200,Interfund Transfers,565023
2019-20,1990,Oakland SD 1,300,Debt Service Funds,1110,Ad valorem taxes levied by district,3764.82
2019-20,1990,Oakland SD 1,300,Debt Service Funds,1990,Miscellaneous,13970.53
2019-20,1990,Oakland SD 1,300,Debt Service Funds,5200,Interfund Transfers,10000
2019-20,1990,Oakland SD 1,200,Special Revenue Funds,1920,Contributions and Donations From Private Sources,190305.97
2019-20,1990,Oakland SD 1,200,Special Revenue Funds,1970,Services Provided Other Funds,138956.1
2019-20,1990,Oakland SD 1,200,Special Revenue Funds,1990,Miscellaneous,8455.55
2019-20,1990,Oakland SD 1,200,Special Revenue Funds,3101,State School Fund --General Support,2386.8
2019-20,1990,Oakland SD 1,200,Special Revenue Funds,3102,State School Fund--School Lunch Match,1916.41
2019-20,1990,Oakland SD 1,200,Special Revenue Funds,3299,Other Restricted Grants-In-Aid,202496.79
2019-20,1990,Oakland SD 1,100,General Fund,3101,State School Fund --General Support,5439323.59
2019-20,1990,Oakland SD 1,100,General Fund,3103,Common School Fund,58286.53
2019-20,1990,Oakland SD 1,100,General Fund,4801,Federal Forest Fees,67279.64
2019-20,1990,Oakland SD 1,200,Special Revenue Funds,1500,Earnings on Investments,33.11
2019-20,1990,Oakland SD 1,200,Special Revenue Funds,1600,Food Service,23983.72
2019-20,1990,Oakland SD 1,200,Special Revenue Funds,1700,Extra-Curricular Activities,116411.96
2019-20,1991,Douglas County SD 4,100,General Fund,1110,Ad valorem taxes levied by district,17356823.44
2019-20,1991,Douglas County SD 4,100,General Fund,1500,Earnings on Investments,386060.96
2019-20,1991,Douglas County SD 4,100,General Fund,1700,Extra-Curricular Activities,161066.39
2019-20,1991,Douglas County SD 4,100,General Fund,1800,Community Services Activities,77928.75
2019-20,1991,Douglas County SD 4,100,General Fund,1910,Rentals,590
2019-20,1991,Douglas County SD 4,100,General Fund,1980,Fees Charged to Grants,32089.78
2019-20,1991,Douglas County SD 4,400,Capital Projects Funds,1990,Miscellaneous,124435.46
2019-20,1991,Douglas County SD 4,400,Capital Projects Funds,3299,Other Restricted Grants-In-Aid,1851179.29
2019-20,1991,Douglas County SD 4,400,Capital Projects Funds,5200,Interfund Transfers,1380000
2019-20,1991,Douglas County SD 4,400,Capital Projects Funds,5400,Resources - Beginning Fund Balance,994918.86
2019-20,1991,Douglas County SD 4,200,Special Revenue Funds,5400,Resources - Beginning Fund Balance,3651984.86
2019-20,1991,Douglas County SD 4,300,Debt Service Funds,1110,Ad valorem taxes levied by district,2078895.31
2019-20,1991,Douglas County SD 4,300,Debt Service Funds,1500,Earnings on Investments,116983.02
2019-20,1991,Douglas County SD 4,300,Debt Service Funds,1970,Services Provided Other Funds,5564195.92
2019-20,1991,Douglas County SD 4,300,Debt Service Funds,5200,Interfund Transfers,227878
2019-20,1991,Douglas County SD 4,300,Debt Service Funds,5400,Resources - Beginning Fund Balance,3733179.43
2019-20,1991,Douglas County SD 4,200,Special Revenue Funds,3204,Driver Education,35790
2019-20,1991,Douglas County SD 4,200,Special Revenue Funds,3299,Other Restricted Grants-In-Aid,1352651.93
2019-20,1991,Douglas County SD 4,200,Special Revenue Funds,4300,Restricted Revenue Direct From the Federal Government,20651
2019-20,1991,Douglas County SD 4,200,Special Revenue Funds,4500,Restricted Revenue From Federal Government Through the State,5702519.96
2019-20,1991,Douglas County SD 4,200,Special Revenue Funds,4900,Revenue for/on Behalf of the District,182682.18
2019-20,1991,Douglas County SD 4,200,Special Revenue Funds,5200,Interfund Transfers,639596.29
2019-20,1991,Douglas County SD 4,200,Special Revenue Funds,1700,Extra-Curricular Activities,987927.88
2019-20,1991,Douglas County SD 4,200,Special Revenue Funds,1910,Rentals,197337.32
2019-20,1991,Douglas County SD 4,200,Special Revenue Funds,1920,Contributions and Donations From Private Sources,461832.7
2019-20,1991,Douglas County SD 4,200,Special Revenue Funds,1990,Miscellaneous,47605.68
2019-20,1991,Douglas County SD 4,200,Special Revenue Funds,2102,General Education Service District Funds,264216.98
2019-20,1991,Douglas County SD 4,200,Special Revenue Funds,3102,State School Fund--School Lunch Match,23926.12
2019-20,1991,Douglas County SD 4,100,General Fund,4100,Unrestricted Revenue Direct From the Federal Government,9624.22
2019-20,1991,Douglas County SD 4,100,General Fund,4500,Restricted Revenue From Federal Government Through the State,14343.69
2019-20,1991,Douglas County SD 4,100,General Fund,4801,Federal Forest Fees,617485.56
2019-20,1991,Douglas County SD 4,100,General Fund,5300,Sale of or Compensation for Loss of Fixed Assets,3195
2019-20,1991,Douglas County SD 4,100,General Fund,5400,Resources - Beginning Fund Balance,7204526
2019-20,1991,Douglas County SD 4,200,Special Revenue Funds,1600,Food Service,341186.61
2019-20,1991,Douglas County SD 4,100,General Fund,1990,Miscellaneous,256635.21
2019-20,1991,Douglas County SD 4,100,General Fund,2101,County School Funds,73688.08
2019-20,1991,Douglas County SD 4,100,General Fund,2102,General Education Service District Funds,167030.02
2019-20,1991,Douglas County SD 4,100,General Fund,3101,State School Fund --General Support,43460192.85
2019-20,1991,Douglas County SD 4,100,General Fund,3103,Common School Fund,534242.02
2019-20,1991,Douglas County SD 4,100,General Fund,3299,Other Restricted Grants-In-Aid,1718684.4
2019-20,1992,Glide SD 12,100,General Fund,1110,Ad valorem taxes levied by district,3908167.03
2019-20,1992,Glide SD 12,100,General Fund,1500,Earnings on Investments,106886.16
2019-20,1992,Glide SD 12,100,General Fund,1700,Extra-Curricular Activities,19837.35
2019-20,1992,Glide SD 12,100,General Fund,1910,Rentals,50
2019-20,1992,Glide SD 12,100,General Fund,1960,Recovery of Prior Years' Expenditure,8060.43
2019-20,1992,Glide SD 12,100,General Fund,1990,Miscellaneous,75552.18
2019-20,1992,Glide SD 12,400,Capital Projects Funds,1990,Miscellaneous,18080.6
2019-20,1992,Glide SD 12,400,Capital Projects Funds,5200,Interfund Transfers,250000
2019-20,1992,Glide SD 12,400,Capital Projects Funds,5300,Sale of or Compensation for Loss of Fixed Assets,24825.58
2019-20,1992,Glide SD 12,400,Capital Projects Funds,5400,Resources - Beginning Fund Balance,988418.32
2019-20,1992,Glide SD 12,700,Trust and Agency Funds,1920,Contributions and Donations From Private Sources,3000
2019-20,1992,Glide SD 12,700,Trust and Agency Funds,5400,Resources - Beginning Fund Balance,13428.92
2019-20,1992,Glide SD 12,300,Debt Service Funds,1110,Ad valorem taxes levied by district,867237.33
2019-20,1992,Glide SD 12,300,Debt Service Funds,1500,Earnings on Investments,2922.26
2019-20,1992,Glide SD 12,300,Debt Service Funds,1970,Services Provided Other Funds,293822.54
2019-20,1992,Glide SD 12,300,Debt Service Funds,5400,Resources - Beginning Fund Balance,1058167.15
2019-20,1992,Glide SD 12,400,Capital Projects Funds,1500,Earnings on Investments,374
2019-20,1992,Glide SD 12,400,Capital Projects Funds,1920,Contributions and Donations From Private Sources,136560
2019-20,1992,Glide SD 12,200,Special Revenue Funds,3299,Other Restricted Grants-In-Aid,165556.18
2019-20,1992,Glide SD 12,200,Special Revenue Funds,4500,Restricted Revenue From Federal Government Through the State,674075.98
2019-20,1992,Glide SD 12,200,Special Revenue Funds,4900,Revenue for/on Behalf of the District,22127.91
2019-20,1992,Glide SD 12,200,Special Revenue Funds,5200,Interfund Transfers,180000
2019-20,1992,Glide SD 12,200,Special Revenue Funds,5300,Sale of or Compensation for Loss of Fixed Assets,13817.52
2019-20,1992,Glide SD 12,200,Special Revenue Funds,5400,Resources - Beginning Fund Balance,579387.63
2019-20,1992,Glide SD 12,200,Special Revenue Funds,1700,Extra-Curricular Activities,88778.46
2019-20,1992,Glide SD 12,200,Special Revenue Funds,1910,Rentals,6300
2019-20,1992,Glide SD 12,200,Special Revenue Funds,1920,Contributions and Donations From Private Sources,51930.54
2019-20,1992,Glide SD 12,200,Special Revenue Funds,1990,Miscellaneous,10205.82
2019-20,1992,Glide SD 12,200,Special Revenue Funds,3102,State School Fund--School Lunch Match,2768.64
2019-20,1992,Glide SD 12,200,Special Revenue Funds,3222,State School Fund (SSF) Transportation Equipment,73515
2019-20,1992,Glide SD 12,100,General Fund,4801,Federal Forest Fees,82000.87
2019-20,1992,Glide SD 12,100,General Fund,5200,Interfund Transfers,175000
2019-20,1992,Glide SD 12,100,General Fund,5300,Sale of or Compensation for Loss of Fixed Assets,420
2019-20,1992,Glide SD 12,100,General Fund,5400,Resources - Beginning Fund Balance,1297446.09
2019-20,1992,Glide SD 12,200,Special Revenue Funds,1500,Earnings on Investments,32.13
2019-20,1992,Glide SD 12,200,Special Revenue Funds,1600,Food Service,41685.28
2019-20,1992,Glide SD 12,100,General Fund,2101,County School Funds,9190.72
2019-20,1992,Glide SD 12,100,General Fund,2102,General Education Service District Funds,70274
2019-20,1992,Glide SD 12,100,General Fund,3101,State School Fund --General Support,4503887.46
2019-20,1992,Glide SD 12,100,General Fund,3103,Common School Fund,66633.17
2019-20,1992,Glide SD 12,100,General Fund,3299,Other Restricted Grants-In-Aid,7937.18
2019-20,1992,Glide SD 12,100,General Fund,4500,Restricted Revenue From Federal Government Through the State,195
2019-20,1993,Douglas County SD 15,100,General Fund,1500,Earnings on Investments,30324.51
2019-20,1993,Douglas County SD 15,100,General Fund,1700,Extra-Curricular Activities,12227.5
2019-20,1993,Douglas County SD 15,100,General Fund,1910,Rentals,4201
2019-20,1993,Douglas County SD 15,100,General Fund,1920,Contributions and Donations From Private Sources,2953
2019-20,1993,Douglas County SD 15,100,General Fund,1990,Miscellaneous,34997.81
2019-20,1993,Douglas County SD 15,100,General Fund,2101,County School Funds,2372.69
2019-20,1993,Douglas County SD 15,100,General Fund,1110,Ad valorem taxes levied by district,487308.88
2019-20,1993,Douglas County SD 15,200,Special Revenue Funds,1700,Extra-Curricular Activities,12528.94
2019-20,1993,Douglas County SD 15,300,Debt Service Funds,5400,Resources - Beginning Fund Balance,31258.68
2019-20,1993,Douglas County SD 15,400,Capital Projects Funds,1500,Earnings on Investments,14049.24
2019-20,1993,Douglas County SD 15,400,Capital Projects Funds,5200,Interfund Transfers,200000
2019-20,1993,Douglas County SD 15,400,Capital Projects Funds,5400,Resources - Beginning Fund Balance,529583.31
2019-20,1993,Douglas County SD 15,200,Special Revenue Funds,4900,Revenue for/on Behalf of the District,8263.07
2019-20,1993,Douglas County SD 15,200,Special Revenue Funds,5200,Interfund Transfers,92000
2019-20,1993,Douglas County SD 15,200,Special Revenue Funds,5400,Resources - Beginning Fund Balance,357740.54
2019-20,1993,Douglas County SD 15,300,Debt Service Funds,1990,Miscellaneous,7752.38
2019-20,1993,Douglas County SD 15,300,Debt Service Funds,4500,Restricted Revenue From Federal Government Through the State,18349
2019-20,1993,Douglas County SD 15,300,Debt Service Funds,5200,Interfund Transfers,35900
2019-20,1993,Douglas County SD 15,200,Special Revenue Funds,1600,Food Service,14202.2
2019-20,1993,Douglas County SD 15,200,Special Revenue Funds,1920,Contributions and Donations From Private Sources,33119.08
2019-20,1993,Douglas County SD 15,200,Special Revenue Funds,1990,Miscellaneous,2000
2019-20,1993,Douglas County SD 15,200,Special Revenue Funds,3102,State School Fund--School Lunch Match,920.56
2019-20,1993,Douglas County SD 15,200,Special Revenue Funds,3299,Other Restricted Grants-In-Aid,167697.57
2019-20,1993,Douglas County SD 15,200,Special Revenue Funds,4500,Restricted Revenue From Federal Government Through the State,204985.32
2019-20,1993,Douglas County SD 15,100,General Fund,2102,General Education Service District Funds,34050
2019-20,1993,Douglas County SD 15,100,General Fund,3101,State School Fund --General Support,2776193.94
2019-20,1993,Douglas County SD 15,100,General Fund,3103,Common School Fund,17201.96
2019-20,1993,Douglas County SD 15,100,General Fund,3199,Other Unrestricted Grants-In-Aid,10652.04
2019-20,1993,Douglas County SD 15,100,General Fund,4801,Federal Forest Fees,21204.97
2019-20,1993,Douglas County SD 15,100,General Fund,5400,Resources - Beginning Fund Balance,1195580.69
2019-20,1994,South Umpqua SD 19,200,Special Revenue Funds,3299,Other Restricted Grants-In-Aid,521596
2019-20,1994,South Umpqua SD 19,100,General Fund,5400,Resources - Beginning Fund Balance,3083258
2019-20,1994,South Umpqua SD 19,200,Special Revenue Funds,1600,Food Service,171489
2019-20,1994,South Umpqua SD 19,200,Special Revenue Funds,4500,Restricted Revenue From Federal Government Through the State,2118582
2019-20,1994,South Umpqua SD 19,200,Special Revenue Funds,5400,Resources - Beginning Fund Balance,87887
2019-20,1994,South Umpqua SD 19,100,General Fund,1980,Fees Charged to Grants,40604
2019-20,1994,South Umpqua SD 19,100,General Fund,1990,Miscellaneous,41028
2019-20,1994,South Umpqua SD 19,100,General Fund,3101,State School Fund --General Support,11689804
2019-20,1994,South Umpqua SD 19,100,General Fund,3103,Common School Fund,133930
2019-20,1994,South Umpqua SD 19,100,General Fund,3299,Other Restricted Grants-In-Aid,5999
2019-20,1994,South Umpqua SD 19,100,General Fund,4801,Federal Forest Fees,164995
2019-20,1994,South Umpqua SD 19,300,Debt Service Funds,1970,Services Provided Other Funds,1344823
2019-20,1994,South Umpqua SD 19,400,Capital Projects Funds,1990,Miscellaneous,13122
2019-20,1994,South Umpqua SD 19,400,Capital Projects Funds,3299,Other Restricted Grants-In-Aid,340574
2019-20,1994,South Umpqua SD 19,100,General Fund,1110,Ad valorem taxes levied by district,3335085
2019-20,1994,South Umpqua SD 19,100,General Fund,1910,Rentals,25915
2019-20,1994,South Umpqua SD 19,100,General Fund,1960,Recovery of Prior Years' Expenditure,111867
2019-20,1994,South Umpqua SD 19,300,Debt Service Funds,1500,Earnings on Investments,169250
2019-20,1994,South Umpqua SD 19,300,Debt Service Funds,4900,Revenue for/on Behalf of the District,36357
2019-20,1994,South Umpqua SD 19,300,Debt Service Funds,5200,Interfund Transfers,894368
2019-20,1994,South Umpqua SD 19,300,Debt Service Funds,5400,Resources - Beginning Fund Balance,2480984
2019-20,1994,South Umpqua SD 19,400,Capital Projects Funds,5200,Interfund Transfers,1000000
2019-20,1994,South Umpqua SD 19,400,Capital Projects Funds,5400,Resources - Beginning Fund Balance,406692
2019-20,1994,South Umpqua SD 19,100,General Fund,2200,Restricted Revenue,148418
2019-20,1994,South Umpqua SD 19,100,General Fund,4500,Restricted Revenue From Federal Government Through the State,37223
2019-20,1994,South Umpqua SD 19,200,Special Revenue Funds,1700,Extra-Curricular Activities,169126
2019-20,1994,South Umpqua SD 19,200,Special Revenue Funds,2200,Restricted Revenue,12500
2019-20,1994,South Umpqua SD 19,200,Special Revenue Funds,4900,Revenue for/on Behalf of the District,66844
2019-20,1994,South Umpqua SD 19,200,Special Revenue Funds,5200,Interfund Transfers,87351
2019-20,1994,South Umpqua SD 19,100,General Fund,1500,Earnings on Investments,454
2019-20,1994,South Umpqua SD 19,100,General Fund,1700,Extra-Curricular Activities,41968
2019-20,1995,Camas Valley SD 21J,100,General Fund,1110,Ad valorem taxes levied by district,274452.91
2019-20,1995,Camas Valley SD 21J,100,General Fund,1500,Earnings on Investments,18815.1
2019-20,1995,Camas Valley SD 21J,100,General Fund,1700,Extra-Curricular Activities,7998.5
2019-20,1995,Camas Valley SD 21J,100,General Fund,1920,Contributions and Donations From Private Sources,300
2019-20,1995,Camas Valley SD 21J,100,General Fund,1990,Miscellaneous,64507.12
2019-20,1995,Camas Valley SD 21J,100,General Fund,2101,County School Funds,2585.32
2019-20,1995,Camas Valley SD 21J,700,Trust and Agency Funds,1920,Contributions and Donations From Private Sources,3927
2019-20,1995,Camas Valley SD 21J,100,General Fund,5400,Resources - Beginning Fund Balance,460504.22
2019-20,1995,Camas Valley SD 21J,200,Special Revenue Funds,5400,Resources - Beginning Fund Balance,508683.98
2019-20,1995,Camas Valley SD 21J,400,Capital Projects Funds,5400,Resources - Beginning Fund Balance,853255.22
2019-20,1995,Camas Valley SD 21J,600,Internal Service Funds,5400,Resources - Beginning Fund Balance,64429.89
2019-20,1995,Camas Valley SD 21J,700,Trust and Agency Funds,5400,Resources - Beginning Fund Balance,27729.3
2019-20,1995,Camas Valley SD 21J,200,Special Revenue Funds,4500,Restricted Revenue From Federal Government Through the State,202007.11
2019-20,1995,Camas Valley SD 21J,200,Special Revenue Funds,4900,Revenue for/on Behalf of the District,7071.48
2019-20,1995,Camas Valley SD 21J,400,Capital Projects Funds,1500,Earnings on Investments,17569.83
2019-20,1995,Camas Valley SD 21J,400,Capital Projects Funds,3299,Other Restricted Grants-In-Aid,409116
2019-20,1995,Camas Valley SD 21J,600,Internal Service Funds,1500,Earnings on Investments,1402.84
2019-20,1995,Camas Valley SD 21J,700,Trust and Agency Funds,1500,Earnings on Investments,374.42
2019-20,1995,Camas Valley SD 21J,200,Special Revenue Funds,1700,Extra-Curricular Activities,26526.06
2019-20,1995,Camas Valley SD 21J,200,Special Revenue Funds,1920,Contributions and Donations From Private Sources,28533.84
2019-20,1995,Camas Valley SD 21J,200,Special Revenue Funds,3102,State School Fund--School Lunch Match,909.68
2019-20,1995,Camas Valley SD 21J,200,Special Revenue Funds,3222,State School Fund (SSF) Transportation Equipment,35233.8
2019-20,1995,Camas Valley SD 21J,200,Special Revenue Funds,3299,Other Restricted Grants-In-Aid,81621.59
2019-20,1995,Camas Valley SD 21J,200,Special Revenue Funds,4300,Restricted Revenue Direct From the Federal Government,16836
2019-20,1995,Camas Valley SD 21J,100,General Fund,2102,General Education Service District Funds,34097
2019-20,1995,Camas Valley SD 21J,100,General Fund,3101,State School Fund --General Support,2767966
2019-20,1995,Camas Valley SD 21J,100,General Fund,3103,Common School Fund,20148.78
2019-20,1995,Camas Valley SD 21J,100,General Fund,4801,Federal Forest Fees,23112.37
2019-20,1995,Camas Valley SD 21J,200,Special Revenue Funds,1500,Earnings on Investments,5174.08
2019-20,1995,Camas Valley SD 21J,200,Special Revenue Funds,1600,Food Service,11595.03
2019-20,1996,North Douglas SD 22,100,General Fund,1980,Fees Charged to Grants,10395.93
2019-20,1996,North Douglas SD 22,100,General Fund,2101,County School Funds,4076.29
2019-20,1996,North Douglas SD 22,100,General Fund,3101,State School Fund --General Support,2931965.65
2019-20,1996,North Douglas SD 22,100,General Fund,3102,State School Fund--School Lunch Match,-1513.1
2019-20,1996,North Douglas SD 22,100,General Fund,3103,Common School Fund,29553.29
2019-20,1996,North Douglas SD 22,100,General Fund,3299,Other Restricted Grants-In-Aid,15099.35
2019-20,1996,North Douglas SD 22,300,Debt Service Funds,1500,Earnings on Investments,626.45
2019-20,1996,North Douglas SD 22,300,Debt Service Funds,5400,Resources - Beginning Fund Balance,7176.69
2019-20,1996,North Douglas SD 22,100,General Fund,1990,Miscellaneous,140963.71
2019-20,1996,North Douglas SD 22,200,Special Revenue Funds,5400,Resources - Beginning Fund Balance,1027506.38
2019-20,1996,North Douglas SD 22,200,Special Revenue Funds,1700,Extra-Curricular Activities,122654
2019-20,1996,North Douglas SD 22,200,Special Revenue Funds,3299,Other Restricted Grants-In-Aid,224404.39
2019-20,1996,North Douglas SD 22,200,Special Revenue Funds,3102,State School Fund--School Lunch Match,2269.1
2019-20,1996,North Douglas SD 22,200,Special Revenue Funds,4300,Restricted Revenue Direct From the Federal Government,18853
2019-20,1996,North Douglas SD 22,200,Special Revenue Funds,4500,Restricted Revenue From Federal Government Through the State,374099.29
2019-20,1996,North Douglas SD 22,200,Special Revenue Funds,4900,Revenue for/on Behalf of the District,12321
2019-20,1996,North Douglas SD 22,200,Special Revenue Funds,5200,Interfund Transfers,25000
2019-20,1996,North Douglas SD 22,300,Debt Service Funds,1110,Ad valorem taxes levied by district,66374.37
2019-20,1996,North Douglas SD 22,100,General Fund,1700,Extra-Curricular Activities,21432
2019-20,1996,North Douglas SD 22,200,Special Revenue Funds,1500,Earnings on Investments,19712.25
2019-20,1996,North Douglas SD 22,200,Special Revenue Funds,1600,Food Service,1755.15
2019-20,1996,North Douglas SD 22,200,Special Revenue Funds,1920,Contributions and Donations From Private Sources,10500
2019-20,1996,North Douglas SD 22,200,Special Revenue Funds,1970,Services Provided Other Funds,1034.83
2019-20,1996,North Douglas SD 22,200,Special Revenue Funds,1990,Miscellaneous,16644.4
2019-20,1996,North Douglas SD 22,100,General Fund,4801,Federal Forest Fees,36436.34
2019-20,1996,North Douglas SD 22,100,General Fund,5400,Resources - Beginning Fund Balance,872860.27
2019-20,1996,North Douglas SD 22,200,Special Revenue Funds,1311,Tuition from Individuals,8852.01
2019-20,1996,North Douglas SD 22,700,Trust and Agency Funds,5400,Resources - Beginning Fund Balance,859.45
2019-20,1996,North Douglas SD 22,100,General Fund,1110,Ad valorem taxes levied by district,974635.02
2019-20,1996,North Douglas SD 22,100,General Fund,1500,Earnings on Investments,26470.11
2019-20,1997,Yoncalla SD 32,200,Special Revenue Funds,5400,Resources - Beginning Fund Balance,714590.06
2019-20,1997,Yoncalla SD 32,700,Trust and Agency Funds,5400,Resources - Beginning Fund Balance,16375.14
2019-20,1997,Yoncalla SD 32,200,Special Revenue Funds,4500,Restricted Revenue From Federal Government Through the State,373120.65
2019-20,1997,Yoncalla SD 32,200,Special Revenue Funds,4300,Restricted Revenue Direct From the Federal Government,15983.39
2019-20,1997,Yoncalla SD 32,200,Special Revenue Funds,4900,Revenue for/on Behalf of the District,6119.04
2019-20,1997,Yoncalla SD 32,200,Special Revenue Funds,5200,Interfund Transfers,870108.72
2019-20,1997,Yoncalla SD 32,700,Trust and Agency Funds,1500,Earnings on Investments,185.62
2019-20,1997,Yoncalla SD 32,700,Trust and Agency Funds,1920,Contributions and Donations From Private Sources,6156
2019-20,1997,Yoncalla SD 32,100,General Fund,5400,Resources - Beginning Fund Balance,1865366.82
2019-20,1997,Yoncalla SD 32,200,Special Revenue Funds,1600,Food Service,168.4
2019-20,1997,Yoncalla SD 32,200,Special Revenue Funds,1700,Extra-Curricular Activities,27561.94
2019-20,1997,Yoncalla SD 32,200,Special Revenue Funds,1920,Contributions and Donations From Private Sources,64604.7
2019-20,1997,Yoncalla SD 32,200,Special Revenue Funds,1970,Services Provided Other Funds,16829.34
2019-20,1997,Yoncalla SD 32,200,Special Revenue Funds,3102,State School Fund--School Lunch Match,882.28
2019-20,1997,Yoncalla SD 32,200,Special Revenue Funds,3299,Other Restricted Grants-In-Aid,697848.64
2019-20,1997,Yoncalla SD 32,100,General Fund,3101,State School Fund --General Support,2853327.99
2019-20,1997,Yoncalla SD 32,100,General Fund,3103,Common School Fund,22426.04
2019-20,1997,Yoncalla SD 32,100,General Fund,4801,Federal Forest Fees,26235.65
2019-20,1997,Yoncalla SD 32,100,General Fund,5300,Sale of or Compensation for Loss of Fixed Assets,100000
2019-20,1997,Yoncalla SD 32,200,Special Revenue Funds,1311,Tuition from Individuals,9087.66
2019-20,1997,Yoncalla SD 32,200,Special Revenue Funds,1500,Earnings on Investments,18141.08
2019-20,1997,Yoncalla SD 32,100,General Fund,1110,Ad valorem taxes levied by district,975123.49
2019-20,1997,Yoncalla SD 32,100,General Fund,1500,Earnings on Investments,28796.61
2019-20,1997,Yoncalla SD 32,100,General Fund,1700,Extra-Curricular Activities,7808
2019-20,1997,Yoncalla SD 32,100,General Fund,1990,Miscellaneous,100290.65
2019-20,1997,Yoncalla SD 32,100,General Fund,2101,County School Funds,2942.27
2019-20,1997,Yoncalla SD 32,100,General Fund,2102,General Education Service District Funds,39442
2019-20,1998,Elkton SD 34,100,General Fund,1110,Ad valorem taxes levied by district,799829.88
2019-20,1998,Elkton SD 34,100,General Fund,1500,Earnings on Investments,49994.04
2019-20,1998,Elkton SD 34,100,General Fund,1700,Extra-Curricular Activities,6997.4
2019-20,1998,Elkton SD 34,100,General Fund,1940,Services Provided Other Local Education Agencies,36066
2019-20,1998,Elkton SD 34,100,General Fund,1990,Miscellaneous,53398.06
2019-20,1998,Elkton SD 34,100,General Fund,2101,County School Funds,2940.21
2019-20,1998,Elkton SD 34,700,Trust and Agency Funds,1920,Contributions and Donations From Private Sources,1500
2019-20,1998,Elkton SD 34,700,Trust and Agency Funds,5400,Resources - Beginning Fund Balance,48245.32
2019-20,1998,Elkton SD 34,400,Capital Projects Funds,3299,Other Restricted Grants-In-Aid,225000
2019-20,1998,Elkton SD 34,400,Capital Projects Funds,4200,Unrestricted Revenue From Federal Government Through State,33124.07
2019-20,1998,Elkton SD 34,400,Capital Projects Funds,5100,Long Term Debt Financing Sources,3334416.29
2019-20,1998,Elkton SD 34,400,Capital Projects Funds,5200,Interfund Transfers,100000
2019-20,1998,Elkton SD 34,400,Capital Projects Funds,5400,Resources - Beginning Fund Balance,798797.93
2019-20,1998,Elkton SD 34,700,Trust and Agency Funds,1500,Earnings on Investments,1495.84
2019-20,1998,Elkton SD 34,200,Special Revenue Funds,5200,Interfund Transfers,102000
2019-20,1998,Elkton SD 34,200,Special Revenue Funds,5400,Resources - Beginning Fund Balance,865398.8
2019-20,1998,Elkton SD 34,300,Debt Service Funds,1110,Ad valorem taxes levied by district,192086.84
2019-20,1998,Elkton SD 34,300,Debt Service Funds,1500,Earnings on Investments,2953.89
2019-20,1998,Elkton SD 34,300,Debt Service Funds,5400,Resources - Beginning Fund Balance,19485.85
2019-20,1998,Elkton SD 34,400,Capital Projects Funds,1500,Earnings on Investments,82814.3
2019-20,1998,Elkton SD 34,200,Special Revenue Funds,2103,Excess ESD Local Revenue,94298.29
2019-20,1998,Elkton SD 34,200,Special Revenue Funds,3102,State School Fund--School Lunch Match,1077.88
2019-20,1998,Elkton SD 34,200,Special Revenue Funds,3204,Driver Education,2642.1
2019-20,1998,Elkton SD 34,200,Special Revenue Funds,3299,Other Restricted Grants-In-Aid,52054.01
2019-20,1998,Elkton SD 34,200,Special Revenue Funds,4500,Restricted Revenue From Federal Government Through the State,209306.52
2019-20,1998,Elkton SD 34,200,Special Revenue Funds,4900,Revenue for/on Behalf of the District,7922
2019-20,1998,Elkton SD 34,200,Special Revenue Funds,1311,Tuition from Individuals,2400
2019-20,1998,Elkton SD 34,200,Special Revenue Funds,1500,Earnings on Investments,12778.81
2019-20,1998,Elkton SD 34,200,Special Revenue Funds,1600,Food Service,24601.02
2019-20,1998,Elkton SD 34,200,Special Revenue Funds,1700,Extra-Curricular Activities,54994.27
2019-20,1998,Elkton SD 34,200,Special Revenue Funds,1920,Contributions and Donations From Private Sources,95589.01
2019-20,1998,Elkton SD 34,200,Special Revenue Funds,1990,Miscellaneous,6614.15
2019-20,1998,Elkton SD 34,100,General Fund,3101,State School Fund --General Support,2952923.51
2019-20,1998,Elkton SD 34,100,General Fund,3103,Common School Fund,22794.49
2019-20,1998,Elkton SD 34,100,General Fund,3299,Other Restricted Grants-In-Aid,23652
2019-20,1998,Elkton SD 34,100,General Fund,4500,Restricted Revenue From Federal Government Through the State,5184
2019-20,1998,Elkton SD 34,100,General Fund,4801,Federal Forest Fees,24638.16
2019-20,1998,Elkton SD 34,100,General Fund,5400,Resources - Beginning Fund Balance,1985795.97
2019-20,1999,Riddle SD 70,100,General Fund,1110,Ad valorem taxes levied by district,1154681.29
2019-20,1999,Riddle SD 70,100,General Fund,1500,Earnings on Investments,16013.98
2019-20,1999,Riddle SD 70,100,General Fund,1700,Extra-Curricular Activities,7382.4
2019-20,1999,Riddle SD 70,100,General Fund,1990,Miscellaneous,70813.43
2019-20,1999,Riddle SD 70,100,General Fund,2101,County School Funds,4834.05
2019-20,1999,Riddle SD 70,100,General Fund,2102,General Education Service District Funds,44899
2019-20,1999,Riddle SD 70,600,Internal Service Funds,1500,Earnings on Investments,682.58
2019-20,1999,Riddle SD 70,600,Internal Service Funds,1970,Services Provided Other Funds,69762.72
2019-20,1999,Riddle SD 70,600,Internal Service Funds,5400,Resources - Beginning Fund Balance,47752.18
2019-20,1999,Riddle SD 70,700,Trust and Agency Funds,1920,Contributions and Donations From Private Sources,4652
2019-20,1999,Riddle SD 70,700,Trust and Agency Funds,5400,Resources - Beginning Fund Balance,29339.66
2019-20,1999,Riddle SD 70,200,Special Revenue Funds,4500,Restricted Revenue From Federal Government Through the State,345710.64
2019-20,1999,Riddle SD 70,200,Special Revenue Funds,5400,Resources - Beginning Fund Balance,240475.74
2019-20,1999,Riddle SD 70,400,Capital Projects Funds,1500,Earnings on Investments,1150.17
2019-20,1999,Riddle SD 70,400,Capital Projects Funds,1990,Miscellaneous,10200.26
2019-20,1999,Riddle SD 70,400,Capital Projects Funds,3299,Other Restricted Grants-In-Aid,2020955.91
2019-20,1999,Riddle SD 70,400,Capital Projects Funds,5400,Resources - Beginning Fund Balance,43856.9
2019-20,1999,Riddle SD 70,200,Special Revenue Funds,1700,Extra-Curricular Activities,68684.17
2019-20,1999,Riddle SD 70,200,Special Revenue Funds,1920,Contributions and Donations From Private Sources,8218.86
2019-20,1999,Riddle SD 70,200,Special Revenue Funds,1990,Miscellaneous,704.56
2019-20,1999,Riddle SD 70,200,Special Revenue Funds,3102,State School Fund--School Lunch Match,1807.68
2019-20,1999,Riddle SD 70,200,Special Revenue Funds,3199,Other Unrestricted Grants-In-Aid,1093.2
2019-20,1999,Riddle SD 70,200,Special Revenue Funds,3299,Other Restricted Grants-In-Aid,97400.64
2019-20,1999,Riddle SD 70,100,General Fund,3101,State School Fund --General Support,3634782.64
2019-20,1999,Riddle SD 70,100,General Fund,3103,Common School Fund,35046.8
2019-20,1999,Riddle SD 70,100,General Fund,4801,Federal Forest Fees,40508.02
2019-20,1999,Riddle SD 70,100,General Fund,5400,Resources - Beginning Fund Balance,497041.1
2019-20,1999,Riddle SD 70,200,Special Revenue Funds,1500,Earnings on Investments,72.49
2019-20,1999,Riddle SD 70,200,Special Revenue Funds,1600,Food Service,9846.6
2019-20,2000,Glendale SD 77,100,General Fund,1920,Contributions and Donations From Private Sources,3775
2019-20,2000,Glendale SD 77,100,General Fund,1990,Miscellaneous,42135.69
2019-20,2000,Glendale SD 77,100,General Fund,2101,County School Funds,3659.43
2019-20,2000,Glendale SD 77,100,General Fund,2102,General Education Service District Funds,40249
2019-20,2000,Glendale SD 77,100,General Fund,3101,State School Fund --General Support,3211294.4
2019-20,2000,Glendale SD 77,100,General Fund,3103,Common School Fund,26531.04
2019-20,2000,Glendale SD 77,700,Trust and Agency Funds,1990,Miscellaneous,827.56
2019-20,2000,Glendale SD 77,700,Trust and Agency Funds,2199,Other Intermediate Sources,1151527.21
2019-20,2000,Glendale SD 77,300,Debt Service Funds,1110,Ad valorem taxes levied by district,114470.49
2019-20,2000,Glendale SD 77,300,Debt Service Funds,1990,Miscellaneous,2792.39
2019-20,2000,Glendale SD 77,300,Debt Service Funds,4900,Revenue for/on Behalf of the District,17140
2019-20,2000,Glendale SD 77,300,Debt Service Funds,5200,Interfund Transfers,30000
2019-20,2000,Glendale SD 77,700,Trust and Agency Funds,1500,Earnings on Investments,994.84
2019-20,2000,Glendale SD 77,700,Trust and Agency Funds,1700,Extra-Curricular Activities,4789
2019-20,2000,Glendale SD 77,200,Special Revenue Funds,4300,Restricted Revenue Direct From the Federal Government,12351
2019-20,2000,Glendale SD 77,200,Special Revenue Funds,4500,Restricted Revenue From Federal Government Through the State,501503.47
2019-20,2000,Glendale SD 77,200,Special Revenue Funds,4700,Grants-In-Aid From Federal Government Through Other Intermed,6620.69
2019-20,2000,Glendale SD 77,200,Special Revenue Funds,4900,Revenue for/on Behalf of the District,13426.15
2019-20,2000,Glendale SD 77,200,Special Revenue Funds,5200,Interfund Transfers,270000
2019-20,2000,Glendale SD 77,200,Special Revenue Funds,5400,Resources - Beginning Fund Balance,1332948.46
2019-20,2000,Glendale SD 77,200,Special Revenue Funds,1920,Contributions and Donations From Private Sources,10992.16
2019-20,2000,Glendale SD 77,200,Special Revenue Funds,1990,Miscellaneous,101.2
2019-20,2000,Glendale SD 77,200,Special Revenue Funds,3102,State School Fund--School Lunch Match,1574.55
2019-20,2000,Glendale SD 77,200,Special Revenue Funds,3199,Other Unrestricted Grants-In-Aid,2496.7
2019-20,2000,Glendale SD 77,200,Special Revenue Funds,3222,State School Fund (SSF) Transportation Equipment,34450
2019-20,2000,Glendale SD 77,200,Special Revenue Funds,3299,Other Restricted Grants-In-Aid,184155.86
2019-20,2000,Glendale SD 77,700,Trust and Agency Funds,5400,Resources - Beginning Fund Balance,49356.31
2019-20,2000,Glendale SD 77,100,General Fund,1110,Ad valorem taxes levied by district,1007706.63
2019-20,2000,Glendale SD 77,100,General Fund,1500,Earnings on Investments,36475.16
2019-20,2000,Glendale SD 77,200,Special Revenue Funds,1500,Earnings on Investments,23096.77
2019-20,2000,Glendale SD 77,200,Special Revenue Funds,1600,Food Service,1485
2019-20,2000,Glendale SD 77,200,Special Revenue Funds,1700,Extra-Curricular Activities,9037.02
2019-20,2000,Glendale SD 77,100,General Fund,3104,State Managed County Timber,86881.04
2019-20,2000,Glendale SD 77,100,General Fund,4801,Federal Forest Fees,30665
2019-20,2000,Glendale SD 77,100,General Fund,5300,Sale of or Compensation for Loss of Fixed Assets,5525
2019-20,2000,Glendale SD 77,100,General Fund,5400,Resources - Beginning Fund Balance,1120359.92
2019-20,2000,Glendale SD 77,300,Debt Service Funds,5400,Resources - Beginning Fund Balance,10299.48
2019-20,2000,Glendale SD 77,700,Trust and Agency Funds,1920,Contributions and Donations From Private Sources,1500
2019-20,2001,Reedsport SD 105,700,Trust and Agency Funds,1920,Contributions and Donations From Private Sources,9878.18
2019-20,2001,Reedsport SD 105,700,Trust and Agency Funds,1990,Miscellaneous,522.92
2019-20,2001,Reedsport SD 105,700,Trust and Agency Funds,2199,Other Intermediate Sources,3713755.15
2019-20,2001,Reedsport SD 105,700,Trust and Agency Funds,5400,Resources - Beginning Fund Balance,179057.41
2019-20,2001,Reedsport SD 105,300,Debt Service Funds,1970,Services Provided Other Funds,401826.82
2019-20,2001,Reedsport SD 105,300,Debt Service Funds,5400,Resources - Beginning Fund Balance,621035.87
2019-20,2001,Reedsport SD 105,400,Capital Projects Funds,1500,Earnings on Investments,6122.63
2019-20,2001,Reedsport SD 105,400,Capital Projects Funds,1990,Miscellaneous,35698.4
2019-20,2001,Reedsport SD 105,400,Capital Projects Funds,3299,Other Restricted Grants-In-Aid,1319107
2019-20,2001,Reedsport SD 105,400,Capital Projects Funds,5400,Resources - Beginning Fund Balance,180993.32
2019-20,2001,Reedsport SD 105,200,Special Revenue Funds,3299,Other Restricted Grants-In-Aid,137892.1
2019-20,2001,Reedsport SD 105,200,Special Revenue Funds,4500,Restricted Revenue From Federal Government Through the State,1209578.69
2019-20,2001,Reedsport SD 105,200,Special Revenue Funds,4900,Revenue for/on Behalf of the District,30916.12
2019-20,2001,Reedsport SD 105,200,Special Revenue Funds,5400,Resources - Beginning Fund Balance,1004765.06
2019-20,2001,Reedsport SD 105,300,Debt Service Funds,1110,Ad valorem taxes levied by district,562522.44
2019-20,2001,Reedsport SD 105,300,Debt Service Funds,1500,Earnings on Investments,8341.91
2019-20,2001,Reedsport SD 105,200,Special Revenue Funds,1700,Extra-Curricular Activities,9710
2019-20,2001,Reedsport SD 105,200,Special Revenue Funds,1910,Rentals,2845
2019-20,2001,Reedsport SD 105,200,Special Revenue Funds,1920,Contributions and Donations From Private Sources,5774
2019-20,2001,Reedsport SD 105,200,Special Revenue Funds,1990,Miscellaneous,50842.63
2019-20,2001,Reedsport SD 105,200,Special Revenue Funds,2199,Other Intermediate Sources,11623.51
2019-20,2001,Reedsport SD 105,200,Special Revenue Funds,3102,State School Fund--School Lunch Match,3026.45
2019-20,2001,Reedsport SD 105,100,General Fund,3103,Common School Fund,58482.88
2019-20,2001,Reedsport SD 105,100,General Fund,3104,State Managed County Timber,5537.45
2019-20,2001,Reedsport SD 105,100,General Fund,4801,Federal Forest Fees,66902.55
2019-20,2001,Reedsport SD 105,100,General Fund,5400,Resources - Beginning Fund Balance,745632.02
2019-20,2001,Reedsport SD 105,200,Special Revenue Funds,1500,Earnings on Investments,37.6
2019-20,2001,Reedsport SD 105,200,Special Revenue Funds,1600,Food Service,5428.7
2019-20,2001,Reedsport SD 105,100,General Fund,1910,Rentals,11412
2019-20,2001,Reedsport SD 105,100,General Fund,1920,Contributions and Donations From Private Sources,7500
2019-20,2001,Reedsport SD 105,100,General Fund,1940,Services Provided Other Local Education Agencies,1102175.09
2019-20,2001,Reedsport SD 105,100,General Fund,1990,Miscellaneous,130312.69
2019-20,2001,Reedsport SD 105,100,General Fund,2101,County School Funds,7983.86
2019-20,2001,Reedsport SD 105,100,General Fund,3101,State School Fund --General Support,5657931.31
2019-20,2001,Reedsport SD 105,100,General Fund,1110,Ad valorem taxes levied by district,2076381.28
2019-20,2001,Reedsport SD 105,100,General Fund,1500,Earnings on Investments,48733.76
2019-20,2001,Reedsport SD 105,100,General Fund,1700,Extra-Curricular Activities,20199.5
2019-20,2002,Winston-Dillard SD 116,100,General Fund,3199,Other Unrestricted Grants-In-Aid,44437.78
2019-20,2002,Winston-Dillard SD 116,100,General Fund,4801,Federal Forest Fees,144936.64
2019-20,2002,Winston-Dillard SD 116,100,General Fund,1960,Recovery of Prior Years' Expenditure,40320
2019-20,2002,Winston-Dillard SD 116,100,General Fund,1990,Miscellaneous,78922.36
2019-20,2002,Winston-Dillard SD 116,100,General Fund,2101,County School Funds,17296.12
2019-20,2002,Winston-Dillard SD 116,100,General Fund,2200,Restricted Revenue,109481
2019-20,2002,Winston-Dillard SD 116,100,General Fund,3101,State School Fund --General Support,10718689.82
2019-20,2002,Winston-Dillard SD 116,100,General Fund,3103,Common School Fund,125383.22
2019-20,2002,Winston-Dillard SD 116,400,Capital Projects Funds,5300,Sale of or Compensation for Loss of Fixed Assets,112994.92
2019-20,2002,Winston-Dillard SD 116,400,Capital Projects Funds,5400,Resources - Beginning Fund Balance,1470467.38
2019-20,2002,Winston-Dillard SD 116,100,General Fund,1110,Ad valorem taxes levied by district,3122158.22
2019-20,2002,Winston-Dillard SD 116,100,General Fund,1500,Earnings on Investments,533625.16
2019-20,2002,Winston-Dillard SD 116,100,General Fund,1700,Extra-Curricular Activities,28989.71
2019-20,2002,Winston-Dillard SD 116,100,General Fund,1920,Contributions and Donations From Private Sources,1250
2019-20,2002,Winston-Dillard SD 116,300,Debt Service Funds,4900,Revenue for/on Behalf of the District,16843.2
2019-20,2002,Winston-Dillard SD 116,300,Debt Service Funds,5400,Resources - Beginning Fund Balance,2207306.33
2019-20,2002,Winston-Dillard SD 116,400,Capital Projects Funds,1930,Rental or Lease Payments from Private Contractors,31080
2019-20,2002,Winston-Dillard SD 116,400,Capital Projects Funds,1990,Miscellaneous,3000
2019-20,2002,Winston-Dillard SD 116,400,Capital Projects Funds,5100,Long Term Debt Financing Sources,17688499.4
2019-20,2002,Winston-Dillard SD 116,400,Capital Projects Funds,5200,Interfund Transfers,800000
2019-20,2002,Winston-Dillard SD 116,200,Special Revenue Funds,4500,Restricted Revenue From Federal Government Through the State,1900599.31
2019-20,2002,Winston-Dillard SD 116,200,Special Revenue Funds,4900,Revenue for/on Behalf of the District,37630.41
2019-20,2002,Winston-Dillard SD 116,200,Special Revenue Funds,5400,Resources - Beginning Fund Balance,295470.84
2019-20,2002,Winston-Dillard SD 116,300,Debt Service Funds,1110,Ad valorem taxes levied by district,946830.55
2019-20,2002,Winston-Dillard SD 116,300,Debt Service Funds,1500,Earnings on Investments,8293.92
2019-20,2002,Winston-Dillard SD 116,300,Debt Service Funds,1970,Services Provided Other Funds,1276236.78
2019-20,2002,Winston-Dillard SD 116,200,Special Revenue Funds,1500,Earnings on Investments,5.41
2019-20,2002,Winston-Dillard SD 116,200,Special Revenue Funds,1600,Food Service,3674.5
2019-20,2002,Winston-Dillard SD 116,200,Special Revenue Funds,1920,Contributions and Donations From Private Sources,54778.95
2019-20,2002,Winston-Dillard SD 116,200,Special Revenue Funds,1990,Miscellaneous,31762.11
2019-20,2002,Winston-Dillard SD 116,200,Special Revenue Funds,3102,State School Fund--School Lunch Match,4921.8
2019-20,2002,Winston-Dillard SD 116,200,Special Revenue Funds,3299,Other Restricted Grants-In-Aid,261774.81
2019-20,2002,Winston-Dillard SD 116,100,General Fund,5300,Sale of or Compensation for Loss of Fixed Assets,1701.21
2019-20,2002,Winston-Dillard SD 116,100,General Fund,5400,Resources - Beginning Fund Balance,4982574.71
2019-20,2003,Sutherlin SD 130,100,General Fund,1110,Ad valorem taxes levied by district,2948026
2019-20,2003,Sutherlin SD 130,100,General Fund,1190,Penalties and interest on taxes,21768
2019-20,2003,Sutherlin SD 130,100,General Fund,1330,Summer School Tuition,425
2019-20,2003,Sutherlin SD 130,100,General Fund,1500,Earnings on Investments,122587
2019-20,2003,Sutherlin SD 130,100,General Fund,1700,Extra-Curricular Activities,9436
2019-20,2003,Sutherlin SD 130,100,General Fund,1990,Miscellaneous,73615
2019-20,2003,Sutherlin SD 130,300,Debt Service Funds,1990,Miscellaneous,29148
2019-20,2003,Sutherlin SD 130,300,Debt Service Funds,5200,Interfund Transfers,37500
2019-20,2003,Sutherlin SD 130,300,Debt Service Funds,5400,Resources - Beginning Fund Balance,2858547
2019-20,2003,Sutherlin SD 130,400,Capital Projects Funds,5200,Interfund Transfers,207000
2019-20,2003,Sutherlin SD 130,400,Capital Projects Funds,5300,Sale of or Compensation for Loss of Fixed Assets,6453
2019-20,2003,Sutherlin SD 130,400,Capital Projects Funds,5400,Resources - Beginning Fund Balance,4933
2019-20,2003,Sutherlin SD 130,200,Special Revenue Funds,4900,Revenue for/on Behalf of the District,49562
2019-20,2003,Sutherlin SD 130,200,Special Revenue Funds,1700,Extra-Curricular Activities,211141
2019-20,2003,Sutherlin SD 130,300,Debt Service Funds,1110,Ad valorem taxes levied by district,8177
2019-20,2003,Sutherlin SD 130,300,Debt Service Funds,1190,Penalties and interest on taxes,2565
2019-20,2003,Sutherlin SD 130,300,Debt Service Funds,1500,Earnings on Investments,7068
2019-20,2003,Sutherlin SD 130,300,Debt Service Funds,1970,Services Provided Other Funds,1364835
2019-20,2003,Sutherlin SD 130,200,Special Revenue Funds,4700,Grants-In-Aid From Federal Government Through Other Intermed,14180
2019-20,2003,Sutherlin SD 130,200,Special Revenue Funds,5400,Resources - Beginning Fund Balance,420579
2019-20,2003,Sutherlin SD 130,200,Special Revenue Funds,5300,Sale of or Compensation for Loss of Fixed Assets,2000
2019-20,2003,Sutherlin SD 130,200,Special Revenue Funds,5200,Interfund Transfers,153000
2019-20,2003,Sutherlin SD 130,200,Special Revenue Funds,1600,Food Service,59055
2019-20,2003,Sutherlin SD 130,200,Special Revenue Funds,3102,State School Fund--School Lunch Match,5943
2019-20,2003,Sutherlin SD 130,100,General Fund,5300,Sale of or Compensation for Loss of Fixed Assets,9546
2019-20,2003,Sutherlin SD 130,100,General Fund,5400,Resources - Beginning Fund Balance,2786937
2019-20,2003,Sutherlin SD 130,200,Special Revenue Funds,1920,Contributions and Donations From Private Sources,15600
2019-20,2003,Sutherlin SD 130,200,Special Revenue Funds,2200,Restricted Revenue,4568
2019-20,2003,Sutherlin SD 130,200,Special Revenue Funds,3299,Other Restricted Grants-In-Aid,492976
2019-20,2003,Sutherlin SD 130,200,Special Revenue Funds,4500,Restricted Revenue From Federal Government Through the State,1242305
2019-20,2003,Sutherlin SD 130,100,General Fund,2101,County School Funds,16712
2019-20,2003,Sutherlin SD 130,100,General Fund,2102,General Education Service District Funds,109669
2019-20,2003,Sutherlin SD 130,100,General Fund,3101,State School Fund --General Support,10772145
2019-20,2003,Sutherlin SD 130,100,General Fund,3103,Common School Fund,121165
2019-20,2003,Sutherlin SD 130,100,General Fund,4201,Foster Transportation,3340
2019-20,2003,Sutherlin SD 130,100,General Fund,4801,Federal Forest Fees,140045
2019-20,2004,North Central ESD,100,General Fund,1110,Ad valorem taxes levied by district,2773801.74
2019-20,2004,North Central ESD,100,General Fund,1190,Penalties and interest on taxes,15973.17
2019-20,2004,North Central ESD,100,General Fund,1500,Earnings on Investments,28583.17
2019-20,2004,North Central ESD,100,General Fund,1910,Rentals,85558
2019-20,2004,North Central ESD,100,General Fund,1940,Services Provided Other Local Education Agencies,72113.63
2019-20,2004,North Central ESD,100,General Fund,1980,Fees Charged to Grants,13377.86
2019-20,2004,North Central ESD,200,Special Revenue Funds,5400,Resources - Beginning Fund Balance,18202.5
2019-20,2004,North Central ESD,300,Debt Service Funds,5200,Interfund Transfers,39451
2019-20,2004,North Central ESD,300,Debt Service Funds,5400,Resources - Beginning Fund Balance,39487.52
2019-20,2004,North Central ESD,600,Internal Service Funds,5400,Resources - Beginning Fund Balance,150986.83
2019-20,2004,North Central ESD,100,General Fund,1990,Miscellaneous,19870.24
2019-20,2004,North Central ESD,100,General Fund,2199,Other Intermediate Sources,108957
2019-20,2004,North Central ESD,100,General Fund,5400,Resources - Beginning Fund Balance,862551.09
2019-20,2004,North Central ESD,200,Special Revenue Funds,1940,Services Provided Other Local Education Agencies,93075.38
2019-20,2004,North Central ESD,200,Special Revenue Funds,3299,Other Restricted Grants-In-Aid,254143.36
2019-20,2004,North Central ESD,200,Special Revenue Funds,4500,Restricted Revenue From Federal Government Through the State,159622.78
2019-20,2005,Arlington SD 3,100,General Fund,1110,Ad valorem taxes levied by district,1979595.12
2019-20,2005,Arlington SD 3,100,General Fund,1190,Penalties and interest on taxes,5888.52
2019-20,2005,Arlington SD 3,100,General Fund,1200,Revenue From Local Governmental Units Other Than Districts,254449.55
2019-20,2005,Arlington SD 3,100,General Fund,1500,Earnings on Investments,49963.04
2019-20,2005,Arlington SD 3,100,General Fund,1920,Contributions and Donations From Private Sources,665
2019-20,2005,Arlington SD 3,100,General Fund,1990,Miscellaneous,37981.62
2019-20,2005,Arlington SD 3,700,Trust and Agency Funds,1500,Earnings on Investments,670.37
2019-20,2005,Arlington SD 3,700,Trust and Agency Funds,1920,Contributions and Donations From Private Sources,2000
2019-20,2005,Arlington SD 3,700,Trust and Agency Funds,5400,Resources - Beginning Fund Balance,27200.62
2019-20,2005,Arlington SD 3,100,General Fund,3199,Other Unrestricted Grants-In-Aid,2067.08
2019-20,2005,Arlington SD 3,200,Special Revenue Funds,3299,Other Restricted Grants-In-Aid,6269.74
2019-20,2005,Arlington SD 3,200,Special Revenue Funds,4300,Restricted Revenue Direct From the Federal Government,13417
2019-20,2005,Arlington SD 3,200,Special Revenue Funds,4500,Restricted Revenue From Federal Government Through the State,162256.02
2019-20,2005,Arlington SD 3,200,Special Revenue Funds,5200,Interfund Transfers,100000
2019-20,2005,Arlington SD 3,200,Special Revenue Funds,5400,Resources - Beginning Fund Balance,72686.21
2019-20,2005,Arlington SD 3,600,Internal Service Funds,5400,Resources - Beginning Fund Balance,17867.97
2019-20,2005,Arlington SD 3,200,Special Revenue Funds,1320,Adult/Continuing Education Tuition,2055
2019-20,2005,Arlington SD 3,200,Special Revenue Funds,1500,Earnings on Investments,12.48
2019-20,2005,Arlington SD 3,200,Special Revenue Funds,1600,Food Service,811.75
2019-20,2005,Arlington SD 3,200,Special Revenue Funds,1700,Extra-Curricular Activities,29777.52
2019-20,2005,Arlington SD 3,200,Special Revenue Funds,1920,Contributions and Donations From Private Sources,602.54
2019-20,2005,Arlington SD 3,200,Special Revenue Funds,3102,State School Fund--School Lunch Match,1425.62
2019-20,2005,Arlington SD 3,100,General Fund,2103,Excess ESD Local Revenue,154263.52
2019-20,2005,Arlington SD 3,100,General Fund,3101,State School Fund --General Support,1045771.11
2019-20,2005,Arlington SD 3,100,General Fund,3103,Common School Fund,9506.88
2019-20,2005,Arlington SD 3,100,General Fund,3299,Other Restricted Grants-In-Aid,169365.13
2019-20,2005,Arlington SD 3,100,General Fund,4700,Grants-In-Aid From Federal Government Through Other Intermed,10000
2019-20,2005,Arlington SD 3,100,General Fund,5400,Resources - Beginning Fund Balance,2214304.92
2019-20,2006,Condon SD 25J,100,General Fund,1120,Local option ad valorem taxes levied by district,20926.2
2019-20,2006,Condon SD 25J,100,General Fund,1500,Earnings on Investments,131654.25
2019-20,2006,Condon SD 25J,100,General Fund,1920,Contributions and Donations From Private Sources,1948
2019-20,2006,Condon SD 25J,100,General Fund,1940,Services Provided Other Local Education Agencies,13795.84
2019-20,2006,Condon SD 25J,100,General Fund,1990,Miscellaneous,5230.37
2019-20,2006,Condon SD 25J,100,General Fund,2103,Excess ESD Local Revenue,131055.8
2019-20,2006,Condon SD 25J,400,Capital Projects Funds,5200,Interfund Transfers,500000
2019-20,2006,Condon SD 25J,400,Capital Projects Funds,5400,Resources - Beginning Fund Balance,1000000
2019-20,2006,Condon SD 25J,600,Internal Service Funds,5400,Resources - Beginning Fund Balance,1218098.42
2019-20,2006,Condon SD 25J,100,General Fund,1110,Ad valorem taxes levied by district,535433.32
2019-20,2006,Condon SD 25J,100,General Fund,2800,Revenue in Lieu of Taxes,2442.55
2019-20,2006,Condon SD 25J,300,Debt Service Funds,1110,Ad valorem taxes levied by district,229978.73
2019-20,2006,Condon SD 25J,300,Debt Service Funds,1500,Earnings on Investments,1900.84
2019-20,2006,Condon SD 25J,300,Debt Service Funds,2800,Revenue in Lieu of Taxes,143.87
2019-20,2006,Condon SD 25J,300,Debt Service Funds,5400,Resources - Beginning Fund Balance,-7942.97
2019-20,2006,Condon SD 25J,400,Capital Projects Funds,1500,Earnings on Investments,19047.73
2019-20,2006,Condon SD 25J,400,Capital Projects Funds,5100,Long Term Debt Financing Sources,3634435.73
2019-20,2006,Condon SD 25J,200,Special Revenue Funds,3299,Other Restricted Grants-In-Aid,41741.14
2019-20,2006,Condon SD 25J,200,Special Revenue Funds,3900,Revenue for/on Behalf of the District,268.5
2019-20,2006,Condon SD 25J,200,Special Revenue Funds,4300,Restricted Revenue Direct From the Federal Government,13889
2019-20,2006,Condon SD 25J,200,Special Revenue Funds,4500,Restricted Revenue From Federal Government Through the State,75353.08
2019-20,2006,Condon SD 25J,200,Special Revenue Funds,5200,Interfund Transfers,55000
2019-20,2006,Condon SD 25J,200,Special Revenue Funds,5400,Resources - Beginning Fund Balance,141548.24
2019-20,2006,Condon SD 25J,100,General Fund,5200,Interfund Transfers,63637.64
2019-20,2006,Condon SD 25J,100,General Fund,5400,Resources - Beginning Fund Balance,3029369.57
2019-20,2006,Condon SD 25J,200,Special Revenue Funds,1600,Food Service,19109.24
2019-20,2006,Condon SD 25J,200,Special Revenue Funds,1700,Extra-Curricular Activities,8506.5
2019-20,2006,Condon SD 25J,200,Special Revenue Funds,1990,Miscellaneous,40743.78
2019-20,2006,Condon SD 25J,200,Special Revenue Funds,2200,Restricted Revenue,10000
2019-20,2006,Condon SD 25J,100,General Fund,2200,Restricted Revenue,18118.41
2019-20,2006,Condon SD 25J,100,General Fund,3101,State School Fund --General Support,1792131.07
2019-20,2006,Condon SD 25J,100,General Fund,3103,Common School Fund,8968.93
2019-20,2006,Condon SD 25J,100,General Fund,3299,Other Restricted Grants-In-Aid,6746.44
2019-20,2006,Condon SD 25J,100,General Fund,4500,Restricted Revenue From Federal Government Through the State,13085
2019-20,2006,Condon SD 25J,100,General Fund,4900,Revenue for/on Behalf of the District,5741.33
2019-20,2007,Grant ESD,100,General Fund,5400,Resources - Beginning Fund Balance,1477813.41
2019-20,2007,Grant ESD,200,Special Revenue Funds,5400,Resources - Beginning Fund Balance,317857.46
2019-20,2007,Grant ESD,100,General Fund,1110,Ad valorem taxes levied by district,2136194.9
2019-20,2007,Grant ESD,100,General Fund,1500,Earnings on Investments,53744.94
2019-20,2007,Grant ESD,100,General Fund,1910,Rentals,4500
2019-20,2007,Grant ESD,100,General Fund,1940,Services Provided Other Local Education Agencies,47300
2019-20,2007,Grant ESD,200,Special Revenue Funds,3299,Other Restricted Grants-In-Aid,71584.39
2019-20,2007,Grant ESD,200,Special Revenue Funds,4500,Restricted Revenue From Federal Government Through the State,122620.7
2019-20,2007,Grant ESD,200,Special Revenue Funds,5200,Interfund Transfers,17100.45
2019-20,2007,Grant ESD,100,General Fund,1990,Miscellaneous,23209.09
2019-20,2007,Grant ESD,100,General Fund,2900,Revenue for/on Behalf of the District,54300
2019-20,2007,Grant ESD,200,Special Revenue Funds,1940,Services Provided Other Local Education Agencies,182742.97
2019-20,2007,Grant ESD,200,Special Revenue Funds,1990,Miscellaneous,54930.35
2019-20,2007,Grant ESD,200,Special Revenue Funds,2199,Other Intermediate Sources,50250
2019-20,2007,Grant ESD,200,Special Revenue Funds,2200,Restricted Revenue,6009.43
2019-20,2008,John Day SD 3,100,General Fund,1110,Ad valorem taxes levied by district,596632.29
2019-20,2008,John Day SD 3,100,General Fund,1500,Earnings on Investments,124723.22
2019-20,2008,John Day SD 3,100,General Fund,1910,Rentals,10225
2019-20,2008,John Day SD 3,100,General Fund,1920,Contributions and Donations From Private Sources,16306.45
2019-20,2008,John Day SD 3,100,General Fund,1960,Recovery of Prior Years' Expenditure,231888.42
2019-20,2008,John Day SD 3,100,General Fund,1990,Miscellaneous,24672.54
2019-20,2008,John Day SD 3,300,Debt Service Funds,5400,Resources - Beginning Fund Balance,1937274.5
2019-20,2008,John Day SD 3,400,Capital Projects Funds,3299,Other Restricted Grants-In-Aid,1161231
2019-20,2008,John Day SD 3,400,Capital Projects Funds,5200,Interfund Transfers,884692
2019-20,2008,John Day SD 3,400,Capital Projects Funds,5400,Resources - Beginning Fund Balance,577832.67
2019-20,2008,John Day SD 3,200,Special Revenue Funds,5200,Interfund Transfers,186981.54
2019-20,2008,John Day SD 3,200,Special Revenue Funds,5400,Resources - Beginning Fund Balance,702818.3
2019-20,2008,John Day SD 3,300,Debt Service Funds,1500,Earnings on Investments,19378.7
2019-20,2008,John Day SD 3,300,Debt Service Funds,1970,Services Provided Other Funds,526219.58
2019-20,2008,John Day SD 3,300,Debt Service Funds,4300,Restricted Revenue Direct From the Federal Government,22925
2019-20,2008,John Day SD 3,300,Debt Service Funds,5200,Interfund Transfers,129526
2019-20,2008,John Day SD 3,200,Special Revenue Funds,1990,Miscellaneous,2378.92
2019-20,2008,John Day SD 3,200,Special Revenue Funds,3222,State School Fund (SSF) Transportation Equipment,72448.4
2019-20,2008,John Day SD 3,200,Special Revenue Funds,3299,Other Restricted Grants-In-Aid,141847.82
2019-20,2008,John Day SD 3,200,Special Revenue Funds,4300,Restricted Revenue Direct From the Federal Government,12475.75
2019-20,2008,John Day SD 3,200,Special Revenue Funds,4500,Restricted Revenue From Federal Government Through the State,513061.87
2019-20,2008,John Day SD 3,200,Special Revenue Funds,4900,Revenue for/on Behalf of the District,22896.35
2019-20,2008,John Day SD 3,100,General Fund,4500,Restricted Revenue From Federal Government Through the State,42276.31
2019-20,2008,John Day SD 3,100,General Fund,4801,Federal Forest Fees,395110.39
2019-20,2008,John Day SD 3,100,General Fund,5400,Resources - Beginning Fund Balance,2620176.64
2019-20,2008,John Day SD 3,200,Special Revenue Funds,1600,Food Service,60774.45
2019-20,2008,John Day SD 3,200,Special Revenue Funds,1700,Extra-Curricular Activities,209157.49
2019-20,2008,John Day SD 3,200,Special Revenue Funds,1920,Contributions and Donations From Private Sources,15138.35
2019-20,2008,John Day SD 3,100,General Fund,2102,General Education Service District Funds,322398.71
2019-20,2008,John Day SD 3,100,General Fund,2103,Excess ESD Local Revenue,627913.85
2019-20,2008,John Day SD 3,100,General Fund,3101,State School Fund --General Support,5665275.65
2019-20,2008,John Day SD 3,100,General Fund,3103,Common School Fund,43466.98
2019-20,2008,John Day SD 3,100,General Fund,3199,Other Unrestricted Grants-In-Aid,120194.42
2019-20,2008,John Day SD 3,100,General Fund,3299,Other Restricted Grants-In-Aid,197798.67
2019-20,2009,Prairie City SD 4,100,General Fund,5400,Resources - Beginning Fund Balance,1223291.31
2019-20,2009,Prairie City SD 4,200,Special Revenue Funds,5400,Resources - Beginning Fund Balance,63044.17
2019-20,2009,Prairie City SD 4,300,Debt Service Funds,5400,Resources - Beginning Fund Balance,39318.44
2019-20,2009,Prairie City SD 4,700,Trust and Agency Funds,5400,Resources - Beginning Fund Balance,22071.75
2019-20,2009,Prairie City SD 4,100,General Fund,1110,Ad valorem taxes levied by district,136885.96
2019-20,2009,Prairie City SD 4,100,General Fund,1500,Earnings on Investments,29837.43
2019-20,2009,Prairie City SD 4,200,Special Revenue Funds,4900,Revenue for/on Behalf of the District,6758.62
2019-20,2009,Prairie City SD 4,200,Special Revenue Funds,5200,Interfund Transfers,48567
2019-20,2009,Prairie City SD 4,300,Debt Service Funds,1970,Services Provided Other Funds,65796.96
2019-20,2009,Prairie City SD 4,700,Trust and Agency Funds,1500,Earnings on Investments,4.32
2019-20,2009,Prairie City SD 4,200,Special Revenue Funds,1500,Earnings on Investments,4.28
2019-20,2009,Prairie City SD 4,200,Special Revenue Funds,1600,Food Service,14445.99
2019-20,2009,Prairie City SD 4,200,Special Revenue Funds,1990,Miscellaneous,69673.64
2019-20,2009,Prairie City SD 4,200,Special Revenue Funds,2110,Intermediate 'I' Tax,11750
2019-20,2009,Prairie City SD 4,200,Special Revenue Funds,3299,Other Restricted Grants-In-Aid,1936527.51
2019-20,2009,Prairie City SD 4,200,Special Revenue Funds,4500,Restricted Revenue From Federal Government Through the State,147585.17
2019-20,2009,Prairie City SD 4,100,General Fund,2103,Excess ESD Local Revenue,153859.29
2019-20,2009,Prairie City SD 4,100,General Fund,2110,Intermediate 'I' Tax,66629.04
2019-20,2009,Prairie City SD 4,100,General Fund,3101,State School Fund --General Support,2326393.27
2019-20,2009,Prairie City SD 4,100,General Fund,3103,Common School Fund,11282.79
2019-20,2009,Prairie City SD 4,100,General Fund,3299,Other Restricted Grants-In-Aid,10158.43
2019-20,2009,Prairie City SD 4,100,General Fund,4801,Federal Forest Fees,155902.41
2019-20,2009,Prairie City SD 4,100,General Fund,1700,Extra-Curricular Activities,4865
2019-20,2009,Prairie City SD 4,100,General Fund,1910,Rentals,279154.5
2019-20,2009,Prairie City SD 4,100,General Fund,1920,Contributions and Donations From Private Sources,844.9
2019-20,2009,Prairie City SD 4,100,General Fund,1990,Miscellaneous,55892.92
2019-20,2009,Prairie City SD 4,100,General Fund,2101,County School Funds,1510
2019-20,2009,Prairie City SD 4,100,General Fund,2102,General Education Service District Funds,50489.72
2019-20,2010,Monument SD 8,200,Special Revenue Funds,5400,Resources - Beginning Fund Balance,693818.95
2019-20,2010,Monument SD 8,300,Debt Service Funds,5400,Resources - Beginning Fund Balance,7005.65
2019-20,2010,Monument SD 8,700,Trust and Agency Funds,5400,Resources - Beginning Fund Balance,23340.33
2019-20,2010,Monument SD 8,100,General Fund,5400,Resources - Beginning Fund Balance,1411329.43
2019-20,2010,Monument SD 8,100,General Fund,1110,Ad valorem taxes levied by district,86482.39
2019-20,2010,Monument SD 8,100,General Fund,1500,Earnings on Investments,47722.37
2019-20,2010,Monument SD 8,200,Special Revenue Funds,5200,Interfund Transfers,15226.33
2019-20,2010,Monument SD 8,300,Debt Service Funds,1970,Services Provided Other Funds,69778.23
2019-20,2010,Monument SD 8,700,Trust and Agency Funds,1500,Earnings on Investments,56.19
2019-20,2010,Monument SD 8,200,Special Revenue Funds,1990,Miscellaneous,5300
2019-20,2010,Monument SD 8,200,Special Revenue Funds,2900,Revenue for/on Behalf of the District,9000
2019-20,2010,Monument SD 8,200,Special Revenue Funds,3299,Other Restricted Grants-In-Aid,99118.42
2019-20,2010,Monument SD 8,200,Special Revenue Funds,4300,Restricted Revenue Direct From the Federal Government,3688.25
2019-20,2010,Monument SD 8,200,Special Revenue Funds,4500,Restricted Revenue From Federal Government Through the State,54690.07
2019-20,2010,Monument SD 8,200,Special Revenue Funds,4900,Revenue for/on Behalf of the District,1866.47
2019-20,2010,Monument SD 8,100,General Fund,3101,State School Fund --General Support,1018296.62
2019-20,2010,Monument SD 8,100,General Fund,3103,Common School Fund,3724.32
2019-20,2010,Monument SD 8,100,General Fund,3299,Other Restricted Grants-In-Aid,2746.37
2019-20,2010,Monument SD 8,100,General Fund,4801,Federal Forest Fees,69064.85
2019-20,2010,Monument SD 8,200,Special Revenue Funds,1600,Food Service,5487
2019-20,2010,Monument SD 8,200,Special Revenue Funds,1700,Extra-Curricular Activities,20182.65
2019-20,2010,Monument SD 8,100,General Fund,1910,Rentals,600
2019-20,2010,Monument SD 8,100,General Fund,1990,Miscellaneous,95089.82
2019-20,2010,Monument SD 8,100,General Fund,2101,County School Funds,510
2019-20,2010,Monument SD 8,100,General Fund,2102,General Education Service District Funds,6285.64
2019-20,2010,Monument SD 8,100,General Fund,2103,Excess ESD Local Revenue,68302.74
2019-20,2010,Monument SD 8,100,General Fund,2199,Other Intermediate Sources,20668.03
2019-20,2011,Dayville SD 16J,400,Capital Projects Funds,3299,Other Restricted Grants-In-Aid,23800
2019-20,2011,Dayville SD 16J,400,Capital Projects Funds,5100,Long Term Debt Financing Sources,700000
2019-20,2011,Dayville SD 16J,400,Capital Projects Funds,5200,Interfund Transfers,35000
2019-20,2011,Dayville SD 16J,400,Capital Projects Funds,5400,Resources - Beginning Fund Balance,118834.76
2019-20,2011,Dayville SD 16J,500,Enterprise Funds,5200,Interfund Transfers,2000
2019-20,2011,Dayville SD 16J,500,Enterprise Funds,5400,Resources - Beginning Fund Balance,4387.51
2019-20,2011,Dayville SD 16J,200,Special Revenue Funds,4500,Restricted Revenue From Federal Government Through the State,64407.3
2019-20,2011,Dayville SD 16J,200,Special Revenue Funds,4900,Revenue for/on Behalf of the District,4047.82
2019-20,2011,Dayville SD 16J,200,Special Revenue Funds,5200,Interfund Transfers,47226.71
2019-20,2011,Dayville SD 16J,200,Special Revenue Funds,5400,Resources - Beginning Fund Balance,52725.81
2019-20,2011,Dayville SD 16J,300,Debt Service Funds,1110,Ad valorem taxes levied by district,53810.58
2019-20,2011,Dayville SD 16J,400,Capital Projects Funds,1500,Earnings on Investments,10849.48
2019-20,2011,Dayville SD 16J,100,General Fund,4801,Federal Forest Fees,68623.35
2019-20,2011,Dayville SD 16J,100,General Fund,5400,Resources - Beginning Fund Balance,457337.8
2019-20,2011,Dayville SD 16J,200,Special Revenue Funds,1600,Food Service,8660.26
2019-20,2011,Dayville SD 16J,200,Special Revenue Funds,1700,Extra-Curricular Activities,5701.92
2019-20,2011,Dayville SD 16J,200,Special Revenue Funds,1990,Miscellaneous,18
2019-20,2011,Dayville SD 16J,200,Special Revenue Funds,2199,Other Intermediate Sources,5250
2019-20,2011,Dayville SD 16J,100,General Fund,2103,Excess ESD Local Revenue,80412.58
2019-20,2011,Dayville SD 16J,100,General Fund,2199,Other Intermediate Sources,21635.13
2019-20,2011,Dayville SD 16J,100,General Fund,3101,State School Fund --General Support,1019933.76
2019-20,2011,Dayville SD 16J,100,General Fund,3103,Common School Fund,3490.55
2019-20,2011,Dayville SD 16J,100,General Fund,3199,Other Unrestricted Grants-In-Aid,2265.14
2019-20,2011,Dayville SD 16J,100,General Fund,3299,Other Restricted Grants-In-Aid,26519.34
2019-20,2011,Dayville SD 16J,100,General Fund,1110,Ad valorem taxes levied by district,72473.43
2019-20,2011,Dayville SD 16J,100,General Fund,1500,Earnings on Investments,16728.84
2019-20,2011,Dayville SD 16J,100,General Fund,1800,Community Services Activities,8459.8
2019-20,2011,Dayville SD 16J,100,General Fund,1990,Miscellaneous,5608.96
2019-20,2011,Dayville SD 16J,100,General Fund,2101,County School Funds,460
2019-20,2011,Dayville SD 16J,100,General Fund,2102,General Education Service District Funds,6268.71
2019-20,2012,Long Creek SD 17,200,Special Revenue Funds,4500,Restricted Revenue From Federal Government Through the State,56618.33
2019-20,2012,Long Creek SD 17,200,Special Revenue Funds,4900,Revenue for/on Behalf of the District,1702.06
2019-20,2012,Long Creek SD 17,200,Special Revenue Funds,5200,Interfund Transfers,71074
2019-20,2012,Long Creek SD 17,200,Special Revenue Funds,5300,Sale of or Compensation for Loss of Fixed Assets,9480
2019-20,2012,Long Creek SD 17,200,Special Revenue Funds,5400,Resources - Beginning Fund Balance,136886.91
2019-20,2012,Long Creek SD 17,200,Special Revenue Funds,1700,Extra-Curricular Activities,2872
2019-20,2012,Long Creek SD 17,200,Special Revenue Funds,1910,Rentals,20161
2019-20,2012,Long Creek SD 17,200,Special Revenue Funds,2199,Other Intermediate Sources,13340.63
2019-20,2012,Long Creek SD 17,200,Special Revenue Funds,2200,Restricted Revenue,10000
2019-20,2012,Long Creek SD 17,200,Special Revenue Funds,3299,Other Restricted Grants-In-Aid,68388.55
2019-20,2012,Long Creek SD 17,200,Special Revenue Funds,4300,Restricted Revenue Direct From the Federal Government,13907
2019-20,2012,Long Creek SD 17,100,General Fund,3103,Common School Fund,2608.9
2019-20,2012,Long Creek SD 17,100,General Fund,3299,Other Restricted Grants-In-Aid,5675.87
2019-20,2012,Long Creek SD 17,100,General Fund,4801,Federal Forest Fees,60882.44
2019-20,2012,Long Creek SD 17,100,General Fund,5400,Resources - Beginning Fund Balance,491383
2019-20,2012,Long Creek SD 17,200,Special Revenue Funds,1500,Earnings on Investments,54
2019-20,2012,Long Creek SD 17,200,Special Revenue Funds,1600,Food Service,654
2019-20,2012,Long Creek SD 17,100,General Fund,1500,Earnings on Investments,16725.59
2019-20,2012,Long Creek SD 17,100,General Fund,1920,Contributions and Donations From Private Sources,18000
2019-20,2012,Long Creek SD 17,100,General Fund,1990,Miscellaneous,23366.24
2019-20,2012,Long Creek SD 17,100,General Fund,2102,General Education Service District Funds,310
2019-20,2012,Long Creek SD 17,100,General Fund,2103,Excess ESD Local Revenue,65861.19
2019-20,2012,Long Creek SD 17,100,General Fund,3101,State School Fund --General Support,994216.22
2019-20,2012,Long Creek SD 17,100,General Fund,1110,Ad valorem taxes levied by district,72354.97
2019-20,2013,Harney ESD Region XVII,200,Special Revenue Funds,5400,Resources - Beginning Fund Balance,1156789.2
2019-20,2013,Harney ESD Region XVII,400,Capital Projects Funds,1990,Miscellaneous,2100
2019-20,2013,Harney ESD Region XVII,400,Capital Projects Funds,5400,Resources - Beginning Fund Balance,310879.27
2019-20,2013,Harney ESD Region XVII,500,Enterprise Funds,5400,Resources - Beginning Fund Balance,0.4
2019-20,2013,Harney ESD Region XVII,200,Special Revenue Funds,1311,Tuition from Individuals,9040
2019-20,2013,Harney ESD Region XVII,400,Capital Projects Funds,5200,Interfund Transfers,35000
2019-20,2013,Harney ESD Region XVII,200,Special Revenue Funds,2199,Other Intermediate Sources,130930.98
2019-20,2013,Harney ESD Region XVII,200,Special Revenue Funds,3199,Other Unrestricted Grants-In-Aid,5875.84
2019-20,2013,Harney ESD Region XVII,200,Special Revenue Funds,3299,Other Restricted Grants-In-Aid,967364.1
2019-20,2013,Harney ESD Region XVII,200,Special Revenue Funds,4300,Restricted Revenue Direct From the Federal Government,377956.36
2019-20,2013,Harney ESD Region XVII,200,Special Revenue Funds,4500,Restricted Revenue From Federal Government Through the State,24638.58
2019-20,2013,Harney ESD Region XVII,200,Special Revenue Funds,5200,Interfund Transfers,30000
2019-20,2013,Harney ESD Region XVII,100,General Fund,1990,Miscellaneous,19012.04
2019-20,2013,Harney ESD Region XVII,100,General Fund,3101,State School Fund --General Support,896124
2019-20,2013,Harney ESD Region XVII,100,General Fund,5400,Resources - Beginning Fund Balance,930648.57
2019-20,2013,Harney ESD Region XVII,200,Special Revenue Funds,1800,Community Services Activities,18864.9
2019-20,2013,Harney ESD Region XVII,200,Special Revenue Funds,1940,Services Provided Other Local Education Agencies,375826.08
2019-20,2013,Harney ESD Region XVII,200,Special Revenue Funds,1990,Miscellaneous,102181.94
2019-20,2013,Harney ESD Region XVII,100,General Fund,1110,Ad valorem taxes levied by district,489177.41
2019-20,2013,Harney ESD Region XVII,100,General Fund,1500,Earnings on Investments,42831.2
2019-20,2013,Harney ESD Region XVII,100,General Fund,1910,Rentals,7545
2019-20,2013,Harney ESD Region XVII,100,General Fund,1940,Services Provided Other Local Education Agencies,167617.92
2019-20,2013,Harney ESD Region XVII,100,General Fund,1980,Fees Charged to Grants,48921.44
2019-20,2014,Harney County SD 3,100,General Fund,1110,Ad valorem taxes levied by district,1719826.55
2019-20,2014,Harney County SD 3,100,General Fund,1500,Earnings on Investments,77270.89
2019-20,2014,Harney County SD 3,100,General Fund,1920,Contributions and Donations From Private Sources,150
2019-20,2014,Harney County SD 3,100,General Fund,1980,Fees Charged to Grants,35075.16
2019-20,2014,Harney County SD 3,100,General Fund,1990,Miscellaneous,122055.21
2019-20,2014,Harney County SD 3,100,General Fund,2101,County School Funds,1905.4
2019-20,2014,Harney County SD 3,300,Debt Service Funds,1970,Services Provided Other Funds,1093402.03
2019-20,2014,Harney County SD 3,300,Debt Service Funds,5400,Resources - Beginning Fund Balance,129613.44
2019-20,2014,Harney County SD 3,400,Capital Projects Funds,1920,Contributions and Donations From Private Sources,53672.81
2019-20,2014,Harney County SD 3,400,Capital Projects Funds,3299,Other Restricted Grants-In-Aid,45000
2019-20,2014,Harney County SD 3,400,Capital Projects Funds,5200,Interfund Transfers,150000
2019-20,2014,Harney County SD 3,400,Capital Projects Funds,5400,Resources - Beginning Fund Balance,367497.44
2019-20,2014,Harney County SD 3,200,Special Revenue Funds,4500,Restricted Revenue From Federal Government Through the State,916539.2
2019-20,2014,Harney County SD 3,200,Special Revenue Funds,4900,Revenue for/on Behalf of the District,16633.08
2019-20,2014,Harney County SD 3,200,Special Revenue Funds,5200,Interfund Transfers,230827.22
2019-20,2014,Harney County SD 3,200,Special Revenue Funds,5400,Resources - Beginning Fund Balance,126362.01
2019-20,2014,Harney County SD 3,300,Debt Service Funds,1110,Ad valorem taxes levied by district,199624.66
2019-20,2014,Harney County SD 3,300,Debt Service Funds,1500,Earnings on Investments,6865.91
2019-20,2014,Harney County SD 3,200,Special Revenue Funds,1970,Services Provided Other Funds,4151.5
2019-20,2014,Harney County SD 3,200,Special Revenue Funds,1990,Miscellaneous,40357.83
2019-20,2014,Harney County SD 3,200,Special Revenue Funds,3102,State School Fund--School Lunch Match,3424.6
2019-20,2014,Harney County SD 3,200,Special Revenue Funds,3222,State School Fund (SSF) Transportation Equipment,66882.28
2019-20,2014,Harney County SD 3,200,Special Revenue Funds,3299,Other Restricted Grants-In-Aid,678836.51
2019-20,2014,Harney County SD 3,200,Special Revenue Funds,4300,Restricted Revenue Direct From the Federal Government,10877.74
2019-20,2014,Harney County SD 3,100,General Fund,4500,Restricted Revenue From Federal Government Through the State,522.36
2019-20,2014,Harney County SD 3,100,General Fund,4700,Grants-In-Aid From Federal Government Through Other Intermed,11439.39
2019-20,2014,Harney County SD 3,100,General Fund,4801,Federal Forest Fees,138046.36
2019-20,2014,Harney County SD 3,100,General Fund,5400,Resources - Beginning Fund Balance,2338446.23
2019-20,2014,Harney County SD 3,200,Special Revenue Funds,1600,Food Service,28712.47
2019-20,2014,Harney County SD 3,200,Special Revenue Funds,1700,Extra-Curricular Activities,62267.4
2019-20,2014,Harney County SD 3,100,General Fund,2102,General Education Service District Funds,506133
2019-20,2014,Harney County SD 3,100,General Fund,2199,Other Intermediate Sources,7959.48
2019-20,2014,Harney County SD 3,100,General Fund,2200,Restricted Revenue,8000
2019-20,2014,Harney County SD 3,100,General Fund,3101,State School Fund --General Support,7343883.02
2019-20,2014,Harney County SD 3,100,General Fund,3103,Common School Fund,48724.22
2019-20,2014,Harney County SD 3,100,General Fund,3299,Other Restricted Grants-In-Aid,8720
2019-20,2015,Harney County SD 4,100,General Fund,1110,Ad valorem taxes levied by district,225105.63
2019-20,2015,Harney County SD 4,100,General Fund,1500,Earnings on Investments,39945.82
2019-20,2015,Harney County SD 4,100,General Fund,1910,Rentals,3000
2019-20,2015,Harney County SD 4,100,General Fund,1990,Miscellaneous,19378.11
2019-20,2015,Harney County SD 4,100,General Fund,2900,Revenue for/on Behalf of the District,210.49
2019-20,2015,Harney County SD 4,100,General Fund,3101,State School Fund --General Support,6141231.04
2019-20,2015,Harney County SD 4,200,Special Revenue Funds,5400,Resources - Beginning Fund Balance,172845
2019-20,2015,Harney County SD 4,200,Special Revenue Funds,5200,Interfund Transfers,42500
2019-20,2015,Harney County SD 4,400,Capital Projects Funds,5200,Interfund Transfers,200935
2019-20,2015,Harney County SD 4,400,Capital Projects Funds,5400,Resources - Beginning Fund Balance,128573.47
2019-20,2015,Harney County SD 4,700,Trust and Agency Funds,1500,Earnings on Investments,6.86
2019-20,2015,Harney County SD 4,700,Trust and Agency Funds,1990,Miscellaneous,17887.1
2019-20,2015,Harney County SD 4,700,Trust and Agency Funds,5400,Resources - Beginning Fund Balance,10952.36
2019-20,2015,Harney County SD 4,200,Special Revenue Funds,1910,Rentals,900
2019-20,2015,Harney County SD 4,200,Special Revenue Funds,3102,State School Fund--School Lunch Match,1033.6
2019-20,2015,Harney County SD 4,200,Special Revenue Funds,3299,Other Restricted Grants-In-Aid,133.7
2019-20,2015,Harney County SD 4,200,Special Revenue Funds,4300,Restricted Revenue Direct From the Federal Government,16038
2019-20,2015,Harney County SD 4,200,Special Revenue Funds,4500,Restricted Revenue From Federal Government Through the State,51413.67
2019-20,2015,Harney County SD 4,200,Special Revenue Funds,4900,Revenue for/on Behalf of the District,3269.24
2019-20,2015,Harney County SD 4,100,General Fund,3103,Common School Fund,6031.2
2019-20,2015,Harney County SD 4,100,General Fund,3299,Other Restricted Grants-In-Aid,47781.38
2019-20,2015,Harney County SD 4,100,General Fund,4100,Unrestricted Revenue Direct From the Federal Government,10025.13
2019-20,2015,Harney County SD 4,100,General Fund,4801,Federal Forest Fees,89933.78
2019-20,2015,Harney County SD 4,100,General Fund,5400,Resources - Beginning Fund Balance,1314683.67
2019-20,2015,Harney County SD 4,200,Special Revenue Funds,1600,Food Service,15669.25
2019-20,2016,Pine Creek SD 5,100,General Fund,1110,Ad valorem taxes levied by district,24721.99
2019-20,2016,Pine Creek SD 5,100,General Fund,1500,Earnings on Investments,14116.04
2019-20,2016,Pine Creek SD 5,100,General Fund,1990,Miscellaneous,154.39
2019-20,2016,Pine Creek SD 5,100,General Fund,3101,State School Fund --General Support,277592.32
2019-20,2016,Pine Creek SD 5,100,General Fund,3103,Common School Fund,587.98
2019-20,2016,Pine Creek SD 5,100,General Fund,4801,Federal Forest Fees,4225.15
2019-20,2016,Pine Creek SD 5,100,General Fund,5400,Resources - Beginning Fund Balance,567815.92
2019-20,2016,Pine Creek SD 5,200,Special Revenue Funds,5400,Resources - Beginning Fund Balance,0
2019-20,2017,Diamond SD 7,400,Capital Projects Funds,5400,Resources - Beginning Fund Balance,243163.7
2019-20,2017,Diamond SD 7,100,General Fund,1500,Earnings on Investments,7038.51
2019-20,2017,Diamond SD 7,400,Capital Projects Funds,1500,Earnings on Investments,5821.51
2019-20,2017,Diamond SD 7,200,Special Revenue Funds,5200,Interfund Transfers,10000
2019-20,2017,Diamond SD 7,100,General Fund,4100,Unrestricted Revenue Direct From the Federal Government,2637.93
2019-20,2017,Diamond SD 7,100,General Fund,4801,Federal Forest Fees,3876.12
2019-20,2017,Diamond SD 7,100,General Fund,5400,Resources - Beginning Fund Balance,264688.5
2019-20,2017,Diamond SD 7,200,Special Revenue Funds,5400,Resources - Beginning Fund Balance,5000
2019-20,2017,Diamond SD 7,200,Special Revenue Funds,4300,Restricted Revenue Direct From the Federal Government,9294.64
2019-20,2017,Diamond SD 7,400,Capital Projects Funds,5200,Interfund Transfers,50000
2019-20,2017,Diamond SD 7,100,General Fund,1110,Ad valorem taxes levied by district,32509.36
2019-20,2017,Diamond SD 7,100,General Fund,1990,Miscellaneous,3356.86
2019-20,2017,Diamond SD 7,100,General Fund,3101,State School Fund --General Support,224989.9
2019-20,2017,Diamond SD 7,100,General Fund,3103,Common School Fund,424.25
2019-20,2018,Suntex SD 10,100,General Fund,4801,Federal Forest Fees,4036.04
2019-20,2018,Suntex SD 10,100,General Fund,5200,Interfund Transfers,5953.95
2019-20,2018,Suntex SD 10,100,General Fund,5400,Resources - Beginning Fund Balance,352135.92
2019-20,2018,Suntex SD 10,200,Special Revenue Funds,1920,Contributions and Donations From Private Sources,110.55
2019-20,2018,Suntex SD 10,200,Special Revenue Funds,5400,Resources - Beginning Fund Balance,2006.27
2019-20,2018,Suntex SD 10,400,Capital Projects Funds,5400,Resources - Beginning Fund Balance,5953.95
2019-20,2018,Suntex SD 10,100,General Fund,1110,Ad valorem taxes levied by district,29296.25
2019-20,2018,Suntex SD 10,100,General Fund,1500,Earnings on Investments,9278.62
2019-20,2018,Suntex SD 10,100,General Fund,1990,Miscellaneous,6210.77
2019-20,2018,Suntex SD 10,100,General Fund,3101,State School Fund --General Support,247687.9
2019-20,2018,Suntex SD 10,100,General Fund,3103,Common School Fund,681.52
2019-20,2019,Drewsey SD 13,100,General Fund,1110,Ad valorem taxes levied by district,40476.79
2019-20,2019,Drewsey SD 13,100,General Fund,1500,Earnings on Investments,5723.83
2019-20,2019,Drewsey SD 13,100,General Fund,1910,Rentals,8400
2019-20,2019,Drewsey SD 13,100,General Fund,1990,Miscellaneous,150
2019-20,2019,Drewsey SD 13,100,General Fund,3101,State School Fund --General Support,257526.98
2019-20,2019,Drewsey SD 13,100,General Fund,3103,Common School Fund,544.67
2019-20,2019,Drewsey SD 13,400,Capital Projects Funds,1500,Earnings on Investments,1489.2
2019-20,2019,Drewsey SD 13,400,Capital Projects Funds,5200,Interfund Transfers,25000
2019-20,2019,Drewsey SD 13,400,Capital Projects Funds,5400,Resources - Beginning Fund Balance,111549.37
2019-20,2019,Drewsey SD 13,600,Internal Service Funds,5200,Interfund Transfers,456.81
2019-20,2019,Drewsey SD 13,600,Internal Service Funds,5400,Resources - Beginning Fund Balance,-456.81
2019-20,2019,Drewsey SD 13,100,General Fund,4801,Federal Forest Fees,4100.76
2019-20,2019,Drewsey SD 13,100,General Fund,5400,Resources - Beginning Fund Balance,477394.33
2019-20,2019,Drewsey SD 13,200,Special Revenue Funds,1910,Rentals,75
2019-20,2019,Drewsey SD 13,200,Special Revenue Funds,4300,Restricted Revenue Direct From the Federal Government,23098.89
2019-20,2019,Drewsey SD 13,200,Special Revenue Funds,5200,Interfund Transfers,1300
2019-20,2019,Drewsey SD 13,200,Special Revenue Funds,5400,Resources - Beginning Fund Balance,-9622.04
2019-20,2020,Frenchglen SD 16,100,General Fund,4801,Federal Forest Fees,6207.63
2019-20,2020,Frenchglen SD 16,200,Special Revenue Funds,4500,Restricted Revenue From Federal Government Through the State,14470.39
2019-20,2020,Frenchglen SD 16,400,Capital Projects Funds,5400,Resources - Beginning Fund Balance,181551.95
2019-20,2020,Frenchglen SD 16,400,Capital Projects Funds,1500,Earnings on Investments,3921.45
2019-20,2020,Frenchglen SD 16,100,General Fund,1110,Ad valorem taxes levied by district,1836.09
2019-20,2020,Frenchglen SD 16,200,Special Revenue Funds,5400,Resources - Beginning Fund Balance,-31922
2019-20,2020,Frenchglen SD 16,100,General Fund,5400,Resources - Beginning Fund Balance,1243432.22
2019-20,2020,Frenchglen SD 16,100,General Fund,1500,Earnings on Investments,29220.16
2019-20,2020,Frenchglen SD 16,100,General Fund,1990,Miscellaneous,5519.78
2019-20,2020,Frenchglen SD 16,100,General Fund,3101,State School Fund --General Support,440339.11
2019-20,2020,Frenchglen SD 16,100,General Fund,3103,Common School Fund,14818.76
2019-20,2020,Frenchglen SD 16,100,General Fund,4100,Unrestricted Revenue Direct From the Federal Government,7923.91
2019-20,2021,Double O SD 28,100,General Fund,5400,Resources - Beginning Fund Balance,502332.94
2019-20,2021,Double O SD 28,100,General Fund,1110,Ad valorem taxes levied by district,4281.5
2019-20,2021,Double O SD 28,100,General Fund,1500,Earnings on Investments,11403.06
2019-20,2021,Double O SD 28,100,General Fund,1990,Miscellaneous,1283.33
2019-20,2021,Double O SD 28,100,General Fund,3101,State School Fund --General Support,268851.17
2019-20,2021,Double O SD 28,100,General Fund,3103,Common School Fund,281.23
2019-20,2021,Double O SD 28,400,Capital Projects Funds,1500,Earnings on Investments,154.76
2019-20,2021,Double O SD 28,400,Capital Projects Funds,5200,Interfund Transfers,5000
2019-20,2021,Double O SD 28,100,General Fund,4100,Unrestricted Revenue Direct From the Federal Government,4729.03
2019-20,2021,Double O SD 28,100,General Fund,4801,Federal Forest Fees,4072.84
2019-20,2021,Double O SD 28,200,Special Revenue Funds,4500,Restricted Revenue From Federal Government Through the State,16994.84
2019-20,2021,Double O SD 28,200,Special Revenue Funds,5400,Resources - Beginning Fund Balance,1775.13
2019-20,2021,Double O SD 28,200,Special Revenue Funds,1990,Miscellaneous,232.9
2019-20,2021,Double O SD 28,400,Capital Projects Funds,5400,Resources - Beginning Fund Balance,7504.21
2019-20,2022,South Harney SD 33,100,General Fund,1110,Ad valorem taxes levied by district,27513
2019-20,2022,South Harney SD 33,100,General Fund,1500,Earnings on Investments,5605
2019-20,2022,South Harney SD 33,100,General Fund,1990,Miscellaneous,4641
2019-20,2022,South Harney SD 33,100,General Fund,3101,State School Fund --General Support,420808
2019-20,2022,South Harney SD 33,100,General Fund,3103,Common School Fund,1028
2019-20,2022,South Harney SD 33,100,General Fund,4801,Federal Forest Fees,5284
2019-20,2022,South Harney SD 33,200,Special Revenue Funds,4500,Restricted Revenue From Federal Government Through the State,20855
2019-20,2022,South Harney SD 33,400,Capital Projects Funds,1500,Earnings on Investments,1410
2019-20,2022,South Harney SD 33,400,Capital Projects Funds,5200,Interfund Transfers,42784
2019-20,2022,South Harney SD 33,100,General Fund,5400,Resources - Beginning Fund Balance,257073
2019-20,2022,South Harney SD 33,400,Capital Projects Funds,5400,Resources - Beginning Fund Balance,30227
2019-20,2022,South Harney SD 33,200,Special Revenue Funds,5400,Resources - Beginning Fund Balance,-852
2019-20,2023,Harney County Union High SD 1J,700,Trust and Agency Funds,1500,Earnings on Investments,3.93
2019-20,2023,Harney County Union High SD 1J,700,Trust and Agency Funds,1920,Contributions and Donations From Private Sources,67432.51
2019-20,2023,Harney County Union High SD 1J,700,Trust and Agency Funds,5400,Resources - Beginning Fund Balance,109905.94
2019-20,2023,Harney County Union High SD 1J,200,Special Revenue Funds,4900,Revenue for/on Behalf of the District,2128.11
2019-20,2023,Harney County Union High SD 1J,200,Special Revenue Funds,5200,Interfund Transfers,105571
2019-20,2023,Harney County Union High SD 1J,200,Special Revenue Funds,5400,Resources - Beginning Fund Balance,161877.47
2019-20,2023,Harney County Union High SD 1J,400,Capital Projects Funds,3299,Other Restricted Grants-In-Aid,175000
2019-20,2023,Harney County Union High SD 1J,400,Capital Projects Funds,5200,Interfund Transfers,190400
2019-20,2023,Harney County Union High SD 1J,400,Capital Projects Funds,5400,Resources - Beginning Fund Balance,65131.36
2019-20,2023,Harney County Union High SD 1J,200,Special Revenue Funds,1910,Rentals,4500
2019-20,2023,Harney County Union High SD 1J,200,Special Revenue Funds,3102,State School Fund--School Lunch Match,454
2019-20,2023,Harney County Union High SD 1J,200,Special Revenue Funds,3299,Other Restricted Grants-In-Aid,124894.71
2019-20,2023,Harney County Union High SD 1J,200,Special Revenue Funds,4100,Unrestricted Revenue Direct From the Federal Government,17533.33
2019-20,2023,Harney County Union High SD 1J,200,Special Revenue Funds,4300,Restricted Revenue Direct From the Federal Government,5405.78
2019-20,2023,Harney County Union High SD 1J,200,Special Revenue Funds,4500,Restricted Revenue From Federal Government Through the State,52862.77
2019-20,2023,Harney County Union High SD 1J,100,General Fund,3103,Common School Fund,3792.09
2019-20,2023,Harney County Union High SD 1J,100,General Fund,4100,Unrestricted Revenue Direct From the Federal Government,25316
2019-20,2023,Harney County Union High SD 1J,100,General Fund,4801,Federal Forest Fees,92635.9
2019-20,2023,Harney County Union High SD 1J,100,General Fund,5300,Sale of or Compensation for Loss of Fixed Assets,1251
2019-20,2023,Harney County Union High SD 1J,100,General Fund,5400,Resources - Beginning Fund Balance,783926.26
2019-20,2023,Harney County Union High SD 1J,200,Special Revenue Funds,1600,Food Service,57177.75
2019-20,2023,Harney County Union High SD 1J,100,General Fund,1110,Ad valorem taxes levied by district,502875.82
2019-20,2023,Harney County Union High SD 1J,100,General Fund,1500,Earnings on Investments,35112.77
2019-20,2023,Harney County Union High SD 1J,100,General Fund,1700,Extra-Curricular Activities,19430
2019-20,2023,Harney County Union High SD 1J,100,General Fund,1910,Rentals,7800
2019-20,2023,Harney County Union High SD 1J,100,General Fund,1990,Miscellaneous,21396.74
2019-20,2023,Harney County Union High SD 1J,100,General Fund,3101,State School Fund --General Support,6314652.81
2019-20,2024,Hood River County SD,100,General Fund,1110,Ad valorem taxes levied by district,11874910.48
2019-20,2024,Hood River County SD,100,General Fund,1120,Local option ad valorem taxes levied by district,2655730.21
2019-20,2024,Hood River County SD,100,General Fund,1320,Adult/Continuing Education Tuition,50882.9
2019-20,2024,Hood River County SD,100,General Fund,1411,Transportation fees from Individuals,59572.61
2019-20,2024,Hood River County SD,100,General Fund,1500,Earnings on Investments,324871.45
2019-20,2024,Hood River County SD,100,General Fund,1910,Rentals,62528.41
2019-20,2024,Hood River County SD,400,Capital Projects Funds,1500,Earnings on Investments,195971.1
2019-20,2024,Hood River County SD,400,Capital Projects Funds,1990,Miscellaneous,173092.08
2019-20,2024,Hood River County SD,400,Capital Projects Funds,3299,Other Restricted Grants-In-Aid,1084202.52
2019-20,2024,Hood River County SD,400,Capital Projects Funds,5200,Interfund Transfers,66589.2
2019-20,2024,Hood River County SD,400,Capital Projects Funds,5400,Resources - Beginning Fund Balance,18796363.71
2019-20,2024,Hood River County SD,200,Special Revenue Funds,5200,Interfund Transfers,466817.98
2019-20,2024,Hood River County SD,200,Special Revenue Funds,5400,Resources - Beginning Fund Balance,7138726.85
2019-20,2024,Hood River County SD,300,Debt Service Funds,1110,Ad valorem taxes levied by district,4359097.6
2019-20,2024,Hood River County SD,300,Debt Service Funds,1500,Earnings on Investments,254553.91
2019-20,2024,Hood River County SD,300,Debt Service Funds,5400,Resources - Beginning Fund Balance,372351.38
2019-20,2024,Hood River County SD,400,Capital Projects Funds,1130,Construction Excise Tax,247887.18
2019-20,2024,Hood River County SD,200,Special Revenue Funds,3222,State School Fund (SSF) Transportation Equipment,182058.44
2019-20,2024,Hood River County SD,200,Special Revenue Funds,3299,Other Restricted Grants-In-Aid,1220146.94
2019-20,2024,Hood River County SD,200,Special Revenue Funds,4300,Restricted Revenue Direct From the Federal Government,490977.02
2019-20,2024,Hood River County SD,200,Special Revenue Funds,4500,Restricted Revenue From Federal Government Through the State,3523779.99
2019-20,2024,Hood River County SD,200,Special Revenue Funds,4700,Grants-In-Aid From Federal Government Through Other Intermed,20904.51
2019-20,2024,Hood River County SD,200,Special Revenue Funds,4900,Revenue for/on Behalf of the District,130920.56
2019-20,2024,Hood River County SD,200,Special Revenue Funds,1960,Recovery of Prior Years' Expenditure,76671.76
2019-20,2024,Hood River County SD,200,Special Revenue Funds,1990,Miscellaneous,1033024.53
2019-20,2024,Hood River County SD,200,Special Revenue Funds,2102,General Education Service District Funds,10924.17
2019-20,2024,Hood River County SD,200,Special Revenue Funds,2200,Restricted Revenue,847473.04
2019-20,2024,Hood River County SD,200,Special Revenue Funds,3102,State School Fund--School Lunch Match,16470.54
2019-20,2024,Hood River County SD,200,Special Revenue Funds,3204,Driver Education,18720
2019-20,2024,Hood River County SD,100,General Fund,5400,Resources - Beginning Fund Balance,6982829.54
2019-20,2024,Hood River County SD,200,Special Revenue Funds,1320,Adult/Continuing Education Tuition,675808.79
2019-20,2024,Hood River County SD,200,Special Revenue Funds,1600,Food Service,250582.87
2019-20,2024,Hood River County SD,200,Special Revenue Funds,1800,Community Services Activities,5575
2019-20,2024,Hood River County SD,200,Special Revenue Funds,1910,Rentals,190
2019-20,2024,Hood River County SD,200,Special Revenue Funds,1920,Contributions and Donations From Private Sources,366414.83
2019-20,2024,Hood River County SD,100,General Fund,3199,Other Unrestricted Grants-In-Aid,1106228
2019-20,2024,Hood River County SD,100,General Fund,3299,Other Restricted Grants-In-Aid,596399.8
2019-20,2024,Hood River County SD,100,General Fund,4500,Restricted Revenue From Federal Government Through the State,6229
2019-20,2024,Hood River County SD,100,General Fund,4700,Grants-In-Aid From Federal Government Through Other Intermed,66192
2019-20,2024,Hood River County SD,100,General Fund,4801,Federal Forest Fees,104545.69
2019-20,2024,Hood River County SD,100,General Fund,5300,Sale of or Compensation for Loss of Fixed Assets,6954.14
2019-20,2024,Hood River County SD,100,General Fund,1960,Recovery of Prior Years' Expenditure,18952.51
2019-20,2024,Hood River County SD,100,General Fund,1980,Fees Charged to Grants,234442.78
2019-20,2024,Hood River County SD,100,General Fund,1990,Miscellaneous,188901.11
2019-20,2024,Hood River County SD,100,General Fund,2102,General Education Service District Funds,1773463
2019-20,2024,Hood River County SD,100,General Fund,3101,State School Fund --General Support,31987255.92
2019-20,2024,Hood River County SD,100,General Fund,3103,Common School Fund,364880.83
2019-20,2025,Southern Oregon ESD,100,General Fund,1960,Recovery of Prior Years' Expenditure,146703.83
2019-20,2025,Southern Oregon ESD,100,General Fund,1990,Miscellaneous,16372.89
2019-20,2025,Southern Oregon ESD,100,General Fund,3101,State School Fund --General Support,11820868.14
2019-20,2025,Southern Oregon ESD,100,General Fund,3104,State Managed County Timber,42480.03
2019-20,2025,Southern Oregon ESD,100,General Fund,5400,Resources - Beginning Fund Balance,411538.73
2019-20,2025,Southern Oregon ESD,200,Special Revenue Funds,1311,Tuition from Individuals,12452.4
2019-20,2025,Southern Oregon ESD,200,Special Revenue Funds,1950,Textbook Sales and Rentals,29278.4
2019-20,2025,Southern Oregon ESD,200,Special Revenue Funds,2900,Revenue for/on Behalf of the District,441623.91
2019-20,2025,Southern Oregon ESD,200,Special Revenue Funds,3299,Other Restricted Grants-In-Aid,2596053.23
2019-20,2025,Southern Oregon ESD,200,Special Revenue Funds,3900,Revenue for/on Behalf of the District,5853273.17
2019-20,2025,Southern Oregon ESD,600,Internal Service Funds,1940,Services Provided Other Local Education Agencies,3487223.75
2019-20,2025,Southern Oregon ESD,100,General Fund,1200,Revenue From Local Governmental Units Other Than Districts,10.01
2019-20,2025,Southern Oregon ESD,100,General Fund,1500,Earnings on Investments,201324.47
2019-20,2025,Southern Oregon ESD,200,Special Revenue Funds,4500,Restricted Revenue From Federal Government Through the State,5924636.69
2019-20,2025,Southern Oregon ESD,200,Special Revenue Funds,4900,Revenue for/on Behalf of the District,1474127.08
2019-20,2025,Southern Oregon ESD,200,Special Revenue Funds,1700,Extra-Curricular Activities,599.8
2019-20,2025,Southern Oregon ESD,200,Special Revenue Funds,1940,Services Provided Other Local Education Agencies,2134154.44
2019-20,2025,Southern Oregon ESD,200,Special Revenue Funds,5400,Resources - Beginning Fund Balance,1517499.28
2019-20,2025,Southern Oregon ESD,600,Internal Service Funds,1970,Services Provided Other Funds,1284864.38
2019-20,2025,Southern Oregon ESD,600,Internal Service Funds,1990,Miscellaneous,2841.61
2019-20,2025,Southern Oregon ESD,600,Internal Service Funds,5400,Resources - Beginning Fund Balance,1620724.85
2019-20,2025,Southern Oregon ESD,100,General Fund,1940,Services Provided Other Local Education Agencies,60851.32
2019-20,2025,Southern Oregon ESD,100,General Fund,1110,Ad valorem taxes levied by district,12129107.03
2019-20,2025,Southern Oregon ESD,200,Special Revenue Funds,1920,Contributions and Donations From Private Sources,388434.42
2019-20,2025,Southern Oregon ESD,200,Special Revenue Funds,1960,Recovery of Prior Years' Expenditure,10344.04
2019-20,2025,Southern Oregon ESD,200,Special Revenue Funds,1970,Services Provided Other Funds,6424.07
2019-20,2025,Southern Oregon ESD,200,Special Revenue Funds,1980,Fees Charged to Grants,610276.18
2019-20,2025,Southern Oregon ESD,200,Special Revenue Funds,1990,Miscellaneous,723859.07
2019-20,2025,Southern Oregon ESD,200,Special Revenue Funds,5200,Interfund Transfers,416343
2019-20,2039,Phoenix-Talent SD 4,100,General Fund,1110,Ad valorem taxes levied by district,9162341.43
2019-20,2039,Phoenix-Talent SD 4,100,General Fund,1190,Penalties and interest on taxes,8727.6
2019-20,2039,Phoenix-Talent SD 4,100,General Fund,1500,Earnings on Investments,215988.81
2019-20,2039,Phoenix-Talent SD 4,100,General Fund,1700,Extra-Curricular Activities,14125.26
2019-20,2039,Phoenix-Talent SD 4,100,General Fund,1910,Rentals,5207.5
2019-20,2039,Phoenix-Talent SD 4,100,General Fund,1930,Rental or Lease Payments from Private Contractors,45000
2019-20,2039,Phoenix-Talent SD 4,400,Capital Projects Funds,1920,Contributions and Donations From Private Sources,40226.13
2019-20,2039,Phoenix-Talent SD 4,400,Capital Projects Funds,1990,Miscellaneous,10002.14
2019-20,2039,Phoenix-Talent SD 4,400,Capital Projects Funds,3299,Other Restricted Grants-In-Aid,2423400.57
2019-20,2039,Phoenix-Talent SD 4,400,Capital Projects Funds,5400,Resources - Beginning Fund Balance,62500951.61
2019-20,2039,Phoenix-Talent SD 4,200,Special Revenue Funds,5400,Resources - Beginning Fund Balance,1951724.38
2019-20,2039,Phoenix-Talent SD 4,300,Debt Service Funds,1110,Ad valorem taxes levied by district,3163373.99
2019-20,2039,Phoenix-Talent SD 4,300,Debt Service Funds,1190,Penalties and interest on taxes,2920.02
2019-20,2039,Phoenix-Talent SD 4,300,Debt Service Funds,1500,Earnings on Investments,33631.35
2019-20,2039,Phoenix-Talent SD 4,300,Debt Service Funds,5400,Resources - Beginning Fund Balance,196102.59
2019-20,2039,Phoenix-Talent SD 4,400,Capital Projects Funds,1500,Earnings on Investments,1091799.19
2019-20,2039,Phoenix-Talent SD 4,200,Special Revenue Funds,2900,Revenue for/on Behalf of the District,27855.97
2019-20,2039,Phoenix-Talent SD 4,200,Special Revenue Funds,3102,State School Fund--School Lunch Match,11487.1
2019-20,2039,Phoenix-Talent SD 4,200,Special Revenue Funds,3299,Other Restricted Grants-In-Aid,891226.98
2019-20,2039,Phoenix-Talent SD 4,200,Special Revenue Funds,4500,Restricted Revenue From Federal Government Through the State,2872384.99
2019-20,2039,Phoenix-Talent SD 4,200,Special Revenue Funds,4900,Revenue for/on Behalf of the District,83676.33
2019-20,2039,Phoenix-Talent SD 4,200,Special Revenue Funds,5200,Interfund Transfers,1500000
2019-20,2039,Phoenix-Talent SD 4,200,Special Revenue Funds,1500,Earnings on Investments,26480.09
2019-20,2039,Phoenix-Talent SD 4,200,Special Revenue Funds,1600,Food Service,73559.63
2019-20,2039,Phoenix-Talent SD 4,200,Special Revenue Funds,1700,Extra-Curricular Activities,407341.98
2019-20,2039,Phoenix-Talent SD 4,200,Special Revenue Funds,1920,Contributions and Donations From Private Sources,86386.6
2019-20,2039,Phoenix-Talent SD 4,200,Special Revenue Funds,1990,Miscellaneous,68379.49
2019-20,2039,Phoenix-Talent SD 4,200,Special Revenue Funds,2199,Other Intermediate Sources,11210
2019-20,2039,Phoenix-Talent SD 4,100,General Fund,3299,Other Restricted Grants-In-Aid,25000
2019-20,2039,Phoenix-Talent SD 4,100,General Fund,4500,Restricted Revenue From Federal Government Through the State,12154.43
2019-20,2039,Phoenix-Talent SD 4,100,General Fund,4700,Grants-In-Aid From Federal Government Through Other Intermed,153121.27
2019-20,2039,Phoenix-Talent SD 4,100,General Fund,4801,Federal Forest Fees,27910.76
2019-20,2039,Phoenix-Talent SD 4,100,General Fund,5400,Resources - Beginning Fund Balance,5673998.88
2019-20,2039,Phoenix-Talent SD 4,200,Special Revenue Funds,1130,Construction Excise Tax,186828.74
2019-20,2039,Phoenix-Talent SD 4,100,General Fund,1960,Recovery of Prior Years' Expenditure,3509.87
2019-20,2039,Phoenix-Talent SD 4,100,General Fund,1980,Fees Charged to Grants,54460
2019-20,2039,Phoenix-Talent SD 4,100,General Fund,1990,Miscellaneous,76000.09
2019-20,2039,Phoenix-Talent SD 4,100,General Fund,2102,General Education Service District Funds,305906.34
2019-20,2039,Phoenix-Talent SD 4,100,General Fund,3101,State School Fund --General Support,19363663.11
2019-20,2039,Phoenix-Talent SD 4,100,General Fund,3103,Common School Fund,232477.22
2019-20,2041,Ashland SD 5,100,General Fund,1110,Ad valorem taxes levied by district,14268020.14
2019-20,2041,Ashland SD 5,100,General Fund,1120,Local option ad valorem taxes levied by district,3806920.98
2019-20,2041,Ashland SD 5,100,General Fund,1190,Penalties and interest on taxes,12751.69
2019-20,2041,Ashland SD 5,100,General Fund,1311,Tuition from Individuals,1539.78
2019-20,2041,Ashland SD 5,100,General Fund,1312,Tuition from Other Districts within the State,35327.34
2019-20,2041,Ashland SD 5,100,General Fund,1412,Transportation fees from Other Districts within the State,11434.5
2019-20,2041,Ashland SD 5,300,Debt Service Funds,5400,Resources - Beginning Fund Balance,10359
2019-20,2041,Ashland SD 5,400,Capital Projects Funds,5400,Resources - Beginning Fund Balance,129940231
2019-20,2041,Ashland SD 5,600,Internal Service Funds,5400,Resources - Beginning Fund Balance,1667962
2019-20,2041,Ashland SD 5,700,Trust and Agency Funds,5400,Resources - Beginning Fund Balance,87695
2019-20,2041,Ashland SD 5,100,General Fund,1910,Rentals,122681.82
2019-20,2041,Ashland SD 5,600,Internal Service Funds,1970,Services Provided Other Funds,6578819.36
2019-20,2041,Ashland SD 5,600,Internal Service Funds,1990,Miscellaneous,23182.23
2019-20,2041,Ashland SD 5,700,Trust and Agency Funds,1920,Contributions and Donations From Private Sources,86616
2019-20,2041,Ashland SD 5,700,Trust and Agency Funds,5200,Interfund Transfers,6900
2019-20,2041,Ashland SD 5,100,General Fund,5400,Resources - Beginning Fund Balance,3045953
2019-20,2041,Ashland SD 5,200,Special Revenue Funds,5400,Resources - Beginning Fund Balance,259502
2019-20,2041,Ashland SD 5,300,Debt Service Funds,1110,Ad valorem taxes levied by district,6739117.94
2019-20,2041,Ashland SD 5,300,Debt Service Funds,1190,Penalties and interest on taxes,6431.83
2019-20,2041,Ashland SD 5,300,Debt Service Funds,1960,Recovery of Prior Years' Expenditure,1001.83
2019-20,2041,Ashland SD 5,400,Capital Projects Funds,1130,Construction Excise Tax,167205.15
2019-20,2041,Ashland SD 5,400,Capital Projects Funds,1500,Earnings on Investments,3357112.1
2019-20,2041,Ashland SD 5,600,Internal Service Funds,1960,Recovery of Prior Years' Expenditure,700309.43
2019-20,2041,Ashland SD 5,200,Special Revenue Funds,1990,Miscellaneous,6938.72
2019-20,2041,Ashland SD 5,200,Special Revenue Funds,2200,Restricted Revenue,8000
2019-20,2041,Ashland SD 5,200,Special Revenue Funds,3222,State School Fund (SSF) Transportation Equipment,123844
2019-20,2041,Ashland SD 5,200,Special Revenue Funds,3299,Other Restricted Grants-In-Aid,989826.81
2019-20,2041,Ashland SD 5,200,Special Revenue Funds,4500,Restricted Revenue From Federal Government Through the State,1492938.55
2019-20,2041,Ashland SD 5,200,Special Revenue Funds,5200,Interfund Transfers,286827.84
2019-20,2041,Ashland SD 5,100,General Fund,4801,Federal Forest Fees,30994.69
2019-20,2041,Ashland SD 5,100,General Fund,5200,Interfund Transfers,750
2019-20,2041,Ashland SD 5,100,General Fund,5300,Sale of or Compensation for Loss of Fixed Assets,160000
2019-20,2041,Ashland SD 5,200,Special Revenue Funds,1600,Food Service,142469.67
2019-20,2041,Ashland SD 5,200,Special Revenue Funds,1700,Extra-Curricular Activities,16672.75
2019-20,2041,Ashland SD 5,200,Special Revenue Funds,1920,Contributions and Donations From Private Sources,116694.6
2019-20,2041,Ashland SD 5,100,General Fund,1990,Miscellaneous,82240.32
2019-20,2041,Ashland SD 5,100,General Fund,2199,Other Intermediate Sources,562686.77
2019-20,2041,Ashland SD 5,100,General Fund,3101,State School Fund --General Support,14072260.97
2019-20,2041,Ashland SD 5,100,General Fund,3103,Common School Fund,273602.17
2019-20,2041,Ashland SD 5,100,General Fund,3199,Other Unrestricted Grants-In-Aid,160180.65
2019-20,2041,Ashland SD 5,100,General Fund,4700,Grants-In-Aid From Federal Government Through Other Intermed,6426.5
2019-20,2041,Ashland SD 5,100,General Fund,1500,Earnings on Investments,258703.22
2019-20,2041,Ashland SD 5,100,General Fund,1700,Extra-Curricular Activities,298959.43
2019-20,2041,Ashland SD 5,100,General Fund,1920,Contributions and Donations From Private Sources,247145.82
2019-20,2041,Ashland SD 5,100,General Fund,1940,Services Provided Other Local Education Agencies,10086.3
2019-20,2041,Ashland SD 5,100,General Fund,1960,Recovery of Prior Years' Expenditure,6680.27
2019-20,2041,Ashland SD 5,100,General Fund,1980,Fees Charged to Grants,63278.59
2019-20,2042,Central Point SD 6,100,General Fund,1110,Ad valorem taxes levied by district,11896842.53
2019-20,2042,Central Point SD 6,100,General Fund,1190,Penalties and interest on taxes,11164.75
2019-20,2042,Central Point SD 6,100,General Fund,1411,Transportation fees from Individuals,12908.24
2019-20,2042,Central Point SD 6,100,General Fund,1500,Earnings on Investments,156600.26
2019-20,2042,Central Point SD 6,100,General Fund,1700,Extra-Curricular Activities,49463.05
2019-20,2042,Central Point SD 6,100,General Fund,1910,Rentals,1800
2019-20,2042,Central Point SD 6,700,Trust and Agency Funds,1920,Contributions and Donations From Private Sources,16500
2019-20,2042,Central Point SD 6,700,Trust and Agency Funds,5400,Resources - Beginning Fund Balance,1250
2019-20,2042,Central Point SD 6,300,Debt Service Funds,1190,Penalties and interest on taxes,3018.17
2019-20,2042,Central Point SD 6,300,Debt Service Funds,1500,Earnings on Investments,36841.57
2019-20,2042,Central Point SD 6,300,Debt Service Funds,5100,Long Term Debt Financing Sources,2120695.43
2019-20,2042,Central Point SD 6,300,Debt Service Funds,5400,Resources - Beginning Fund Balance,151906.04
2019-20,2042,Central Point SD 6,400,Capital Projects Funds,1500,Earnings on Investments,1471765.02
2019-20,2042,Central Point SD 6,400,Capital Projects Funds,5100,Long Term Debt Financing Sources,89480313.17
2019-20,2042,Central Point SD 6,200,Special Revenue Funds,3299,Other Restricted Grants-In-Aid,5214033.54
2019-20,2042,Central Point SD 6,200,Special Revenue Funds,4300,Restricted Revenue Direct From the Federal Government,646.28
2019-20,2042,Central Point SD 6,200,Special Revenue Funds,4500,Restricted Revenue From Federal Government Through the State,3584773.93
2019-20,2042,Central Point SD 6,200,Special Revenue Funds,4900,Revenue for/on Behalf of the District,189802.53
2019-20,2042,Central Point SD 6,200,Special Revenue Funds,5400,Resources - Beginning Fund Balance,238579.47
2019-20,2042,Central Point SD 6,300,Debt Service Funds,1110,Ad valorem taxes levied by district,3134997.35
2019-20,2042,Central Point SD 6,200,Special Revenue Funds,1600,Food Service,268430.22
2019-20,2042,Central Point SD 6,200,Special Revenue Funds,1700,Extra-Curricular Activities,688153.91
2019-20,2042,Central Point SD 6,200,Special Revenue Funds,1910,Rentals,38544.46
2019-20,2042,Central Point SD 6,200,Special Revenue Funds,1920,Contributions and Donations From Private Sources,464665.72
2019-20,2042,Central Point SD 6,200,Special Revenue Funds,1990,Miscellaneous,245695.15
2019-20,2042,Central Point SD 6,200,Special Revenue Funds,3102,State School Fund--School Lunch Match,21693.61
2019-20,2042,Central Point SD 6,100,General Fund,3101,State School Fund --General Support,36227265.37
2019-20,2042,Central Point SD 6,100,General Fund,3103,Common School Fund,451519.28
2019-20,2042,Central Point SD 6,100,General Fund,3299,Other Restricted Grants-In-Aid,173710.07
2019-20,2042,Central Point SD 6,100,General Fund,4801,Federal Forest Fees,51731.6
2019-20,2042,Central Point SD 6,100,General Fund,5400,Resources - Beginning Fund Balance,3212342.21
2019-20,2042,Central Point SD 6,200,Special Revenue Funds,1130,Construction Excise Tax,247321.38
2019-20,2042,Central Point SD 6,100,General Fund,1920,Contributions and Donations From Private Sources,255.53
2019-20,2042,Central Point SD 6,100,General Fund,1930,Rental or Lease Payments from Private Contractors,56700
2019-20,2042,Central Point SD 6,100,General Fund,1940,Services Provided Other Local Education Agencies,18250
2019-20,2042,Central Point SD 6,100,General Fund,1960,Recovery of Prior Years' Expenditure,1080.5
2019-20,2042,Central Point SD 6,100,General Fund,1990,Miscellaneous,362238.43
2019-20,2042,Central Point SD 6,100,General Fund,2102,General Education Service District Funds,951928.29
2019-20,2043,Eagle Point SD 9,100,General Fund,1110,Ad valorem taxes levied by district,10841115.05
2019-20,2043,Eagle Point SD 9,100,General Fund,1190,Penalties and interest on taxes,8768.68
2019-20,2043,Eagle Point SD 9,100,General Fund,1411,Transportation fees from Individuals,2227.95
2019-20,2043,Eagle Point SD 9,100,General Fund,1412,Transportation fees from Other Districts within the State,26353.23
2019-20,2043,Eagle Point SD 9,100,General Fund,1500,Earnings on Investments,228352
2019-20,2043,Eagle Point SD 9,100,General Fund,1700,Extra-Curricular Activities,457447.43
2019-20,2043,Eagle Point SD 9,700,Trust and Agency Funds,5400,Resources - Beginning Fund Balance,147510
2019-20,2043,Eagle Point SD 9,300,Debt Service Funds,1500,Earnings on Investments,41279
2019-20,2043,Eagle Point SD 9,700,Trust and Agency Funds,1920,Contributions and Donations From Private Sources,116894.98
2019-20,2043,Eagle Point SD 9,200,Special Revenue Funds,5200,Interfund Transfers,20263.24
2019-20,2043,Eagle Point SD 9,100,General Fund,5400,Resources - Beginning Fund Balance,6961988
2019-20,2043,Eagle Point SD 9,200,Special Revenue Funds,5400,Resources - Beginning Fund Balance,967665
2019-20,2043,Eagle Point SD 9,300,Debt Service Funds,5400,Resources - Beginning Fund Balance,594671
2019-20,2043,Eagle Point SD 9,200,Special Revenue Funds,3102,State School Fund--School Lunch Match,7302.8
2019-20,2043,Eagle Point SD 9,200,Special Revenue Funds,3299,Other Restricted Grants-In-Aid,440472.11
2019-20,2043,Eagle Point SD 9,200,Special Revenue Funds,4500,Restricted Revenue From Federal Government Through the State,3849801.55
2019-20,2043,Eagle Point SD 9,200,Special Revenue Funds,4900,Revenue for/on Behalf of the District,162678.13
2019-20,2043,Eagle Point SD 9,300,Debt Service Funds,1110,Ad valorem taxes levied by district,3493685.58
2019-20,2043,Eagle Point SD 9,300,Debt Service Funds,1190,Penalties and interest on taxes,2979.28
2019-20,2043,Eagle Point SD 9,100,General Fund,4801,Federal Forest Fees,44645.01
2019-20,2043,Eagle Point SD 9,100,General Fund,5300,Sale of or Compensation for Loss of Fixed Assets,3360
2019-20,2043,Eagle Point SD 9,200,Special Revenue Funds,1500,Earnings on Investments,321.18
2019-20,2043,Eagle Point SD 9,200,Special Revenue Funds,1600,Food Service,137569.63
2019-20,2043,Eagle Point SD 9,200,Special Revenue Funds,1920,Contributions and Donations From Private Sources,159720
2019-20,2043,Eagle Point SD 9,200,Special Revenue Funds,1990,Miscellaneous,503733.96
2019-20,2043,Eagle Point SD 9,100,General Fund,2199,Other Intermediate Sources,1091494.47
2019-20,2043,Eagle Point SD 9,100,General Fund,3101,State School Fund --General Support,31123010.58
2019-20,2043,Eagle Point SD 9,100,General Fund,3103,Common School Fund,371861.91
2019-20,2043,Eagle Point SD 9,100,General Fund,3222,State School Fund (SSF) Transportation Equipment,165543.91
2019-20,2043,Eagle Point SD 9,100,General Fund,3299,Other Restricted Grants-In-Aid,170745.58
2019-20,2043,Eagle Point SD 9,100,General Fund,4200,Unrestricted Revenue From Federal Government Through State,916.21
2019-20,2043,Eagle Point SD 9,100,General Fund,1910,Rentals,14660.01
2019-20,2043,Eagle Point SD 9,100,General Fund,1920,Contributions and Donations From Private Sources,15362.72
2019-20,2043,Eagle Point SD 9,100,General Fund,1940,Services Provided Other Local Education Agencies,42039.45
2019-20,2043,Eagle Point SD 9,100,General Fund,1960,Recovery of Prior Years' Expenditure,899.45
2019-20,2043,Eagle Point SD 9,100,General Fund,1980,Fees Charged to Grants,75427.24
2019-20,2043,Eagle Point SD 9,100,General Fund,1990,Miscellaneous,153895.63
2019-20,2044,Rogue River SD 35,100,General Fund,5400,Resources - Beginning Fund Balance,1450588.04
2019-20,2044,Rogue River SD 35,200,Special Revenue Funds,5400,Resources - Beginning Fund Balance,1238262.33
2019-20,2044,Rogue River SD 35,300,Debt Service Funds,5400,Resources - Beginning Fund Balance,75529.3
2019-20,2044,Rogue River SD 35,400,Capital Projects Funds,5400,Resources - Beginning Fund Balance,480681.45
2019-20,2044,Rogue River SD 35,100,General Fund,1110,Ad valorem taxes levied by district,3469877.1
2019-20,2044,Rogue River SD 35,100,General Fund,1500,Earnings on Investments,80492.5
2019-20,2044,Rogue River SD 35,200,Special Revenue Funds,5200,Interfund Transfers,417500
2019-20,2044,Rogue River SD 35,300,Debt Service Funds,1110,Ad valorem taxes levied by district,568374.17
2019-20,2044,Rogue River SD 35,300,Debt Service Funds,1500,Earnings on Investments,7916.88
2019-20,2044,Rogue River SD 35,400,Capital Projects Funds,1500,Earnings on Investments,6661.75
2019-20,2044,Rogue River SD 35,600,Internal Service Funds,1970,Services Provided Other Funds,65886.76
2019-20,2044,Rogue River SD 35,200,Special Revenue Funds,1920,Contributions and Donations From Private Sources,202376.72
2019-20,2044,Rogue River SD 35,200,Special Revenue Funds,1990,Miscellaneous,86387.25
2019-20,2044,Rogue River SD 35,200,Special Revenue Funds,3102,State School Fund--School Lunch Match,3660.71
2019-20,2044,Rogue River SD 35,200,Special Revenue Funds,3299,Other Restricted Grants-In-Aid,205404.25
2019-20,2044,Rogue River SD 35,200,Special Revenue Funds,4500,Restricted Revenue From Federal Government Through the State,1118806.52
2019-20,2044,Rogue River SD 35,200,Special Revenue Funds,4900,Revenue for/on Behalf of the District,26029.72
2019-20,2044,Rogue River SD 35,100,General Fund,3299,Other Restricted Grants-In-Aid,76999.41
2019-20,2044,Rogue River SD 35,100,General Fund,4801,Federal Forest Fees,10394.72
2019-20,2044,Rogue River SD 35,200,Special Revenue Funds,1130,Construction Excise Tax,58823.03
2019-20,2044,Rogue River SD 35,200,Special Revenue Funds,1500,Earnings on Investments,3188.46
2019-20,2044,Rogue River SD 35,200,Special Revenue Funds,1600,Food Service,38439.87
2019-20,2044,Rogue River SD 35,200,Special Revenue Funds,1700,Extra-Curricular Activities,109836.19
2019-20,2044,Rogue River SD 35,100,General Fund,1700,Extra-Curricular Activities,3449.8
2019-20,2044,Rogue River SD 35,100,General Fund,1920,Contributions and Donations From Private Sources,1140
2019-20,2044,Rogue River SD 35,100,General Fund,1960,Recovery of Prior Years' Expenditure,388.01
2019-20,2044,Rogue River SD 35,100,General Fund,1990,Miscellaneous,43357.7
2019-20,2044,Rogue River SD 35,100,General Fund,3101,State School Fund --General Support,8637383.47
2019-20,2044,Rogue River SD 35,100,General Fund,3103,Common School Fund,89906.94
2019-20,2045,Prospect SD 59,100,General Fund,1110,Ad valorem taxes levied by district,529347.21
2019-20,2045,Prospect SD 59,100,General Fund,1190,Penalties and interest on taxes,500.81
2019-20,2045,Prospect SD 59,100,General Fund,1500,Earnings on Investments,26639.87
2019-20,2045,Prospect SD 59,100,General Fund,1700,Extra-Curricular Activities,5850.62
2019-20,2045,Prospect SD 59,100,General Fund,1920,Contributions and Donations From Private Sources,23539.04
2019-20,2045,Prospect SD 59,100,General Fund,1960,Recovery of Prior Years' Expenditure,25646.05
2019-20,2045,Prospect SD 59,200,Special Revenue Funds,1990,Miscellaneous,8455.8
2019-20,2045,Prospect SD 59,200,Special Revenue Funds,4500,Restricted Revenue From Federal Government Through the State,152862.73
2019-20,2045,Prospect SD 59,700,Trust and Agency Funds,1920,Contributions and Donations From Private Sources,3500
2019-20,2045,Prospect SD 59,700,Trust and Agency Funds,5400,Resources - Beginning Fund Balance,6790.29
2019-20,2045,Prospect SD 59,200,Special Revenue Funds,3299,Other Restricted Grants-In-Aid,1451605.01
2019-20,2045,Prospect SD 59,200,Special Revenue Funds,4700,Grants-In-Aid From Federal Government Through Other Intermed,27952.2
2019-20,2045,Prospect SD 59,200,Special Revenue Funds,4900,Revenue for/on Behalf of the District,8014.62
2019-20,2045,Prospect SD 59,200,Special Revenue Funds,5200,Interfund Transfers,142310.69
2019-20,2045,Prospect SD 59,200,Special Revenue Funds,5400,Resources - Beginning Fund Balance,1113596.12
2019-20,2045,Prospect SD 59,700,Trust and Agency Funds,1500,Earnings on Investments,6.3
2019-20,2045,Prospect SD 59,200,Special Revenue Funds,1500,Earnings on Investments,10.18
2019-20,2045,Prospect SD 59,200,Special Revenue Funds,1600,Food Service,2495.6
2019-20,2045,Prospect SD 59,200,Special Revenue Funds,1700,Extra-Curricular Activities,17485.16
2019-20,2045,Prospect SD 59,200,Special Revenue Funds,1920,Contributions and Donations From Private Sources,750
2019-20,2045,Prospect SD 59,200,Special Revenue Funds,2199,Other Intermediate Sources,7174.82
2019-20,2045,Prospect SD 59,200,Special Revenue Funds,3102,State School Fund--School Lunch Match,1093.89
2019-20,2045,Prospect SD 59,100,General Fund,1990,Miscellaneous,24208.85
2019-20,2045,Prospect SD 59,100,General Fund,3101,State School Fund --General Support,2720003.73
2019-20,2045,Prospect SD 59,100,General Fund,3103,Common School Fund,21368.12
2019-20,2045,Prospect SD 59,100,General Fund,3299,Other Restricted Grants-In-Aid,1362.91
2019-20,2045,Prospect SD 59,100,General Fund,4801,Federal Forest Fees,2413.02
2019-20,2045,Prospect SD 59,100,General Fund,5400,Resources - Beginning Fund Balance,1034954.72
2019-20,2046,Butte Falls SD 91,100,General Fund,1110,Ad valorem taxes levied by district,460260.9
2019-20,2046,Butte Falls SD 91,100,General Fund,1412,Transportation fees from Other Districts within the State,11145.28
2019-20,2046,Butte Falls SD 91,100,General Fund,1500,Earnings on Investments,27533.9
2019-20,2046,Butte Falls SD 91,100,General Fund,1700,Extra-Curricular Activities,9400
2019-20,2046,Butte Falls SD 91,100,General Fund,1910,Rentals,4099.45
2019-20,2046,Butte Falls SD 91,100,General Fund,1920,Contributions and Donations From Private Sources,450
2019-20,2046,Butte Falls SD 91,200,Special Revenue Funds,4700,Grants-In-Aid From Federal Government Through Other Intermed,30677.71
2019-20,2046,Butte Falls SD 91,200,Special Revenue Funds,4900,Revenue for/on Behalf of the District,8367.1
2019-20,2046,Butte Falls SD 91,200,Special Revenue Funds,5200,Interfund Transfers,170000
2019-20,2046,Butte Falls SD 91,200,Special Revenue Funds,5400,Resources - Beginning Fund Balance,614014.01
2019-20,2046,Butte Falls SD 91,400,Capital Projects Funds,5200,Interfund Transfers,105000
2019-20,2046,Butte Falls SD 91,200,Special Revenue Funds,1990,Miscellaneous,7993.79
2019-20,2046,Butte Falls SD 91,200,Special Revenue Funds,3102,State School Fund--School Lunch Match,933.27
2019-20,2046,Butte Falls SD 91,200,Special Revenue Funds,3222,State School Fund (SSF) Transportation Equipment,19761
2019-20,2046,Butte Falls SD 91,200,Special Revenue Funds,3299,Other Restricted Grants-In-Aid,164727.67
2019-20,2046,Butte Falls SD 91,200,Special Revenue Funds,4300,Restricted Revenue Direct From the Federal Government,31508.71
2019-20,2046,Butte Falls SD 91,200,Special Revenue Funds,4500,Restricted Revenue From Federal Government Through the State,218808.29
2019-20,2046,Butte Falls SD 91,200,Special Revenue Funds,1500,Earnings on Investments,8.48
2019-20,2046,Butte Falls SD 91,200,Special Revenue Funds,1600,Food Service,1093.76
2019-20,2046,Butte Falls SD 91,200,Special Revenue Funds,1700,Extra-Curricular Activities,20640.05
2019-20,2046,Butte Falls SD 91,200,Special Revenue Funds,1910,Rentals,1650
2019-20,2046,Butte Falls SD 91,200,Special Revenue Funds,1920,Contributions and Donations From Private Sources,20699.95
2019-20,2046,Butte Falls SD 91,200,Special Revenue Funds,1940,Services Provided Other Local Education Agencies,3000
2019-20,2046,Butte Falls SD 91,100,General Fund,1990,Miscellaneous,101648.84
2019-20,2046,Butte Falls SD 91,100,General Fund,3101,State School Fund --General Support,2928665.23
2019-20,2046,Butte Falls SD 91,100,General Fund,3103,Common School Fund,21168.56
2019-20,2046,Butte Falls SD 91,100,General Fund,3299,Other Restricted Grants-In-Aid,9217.89
2019-20,2046,Butte Falls SD 91,100,General Fund,4801,Federal Forest Fees,2380.12
2019-20,2046,Butte Falls SD 91,100,General Fund,5400,Resources - Beginning Fund Balance,372285.2
2019-20,2047,Pinehurst SD 94,100,General Fund,1110,Ad valorem taxes levied by district,206879
2019-20,2047,Pinehurst SD 94,100,General Fund,1500,Earnings on Investments,8264
2019-20,2047,Pinehurst SD 94,100,General Fund,1990,Miscellaneous,388
2019-20,2047,Pinehurst SD 94,100,General Fund,3101,State School Fund --General Support,182439
2019-20,2047,Pinehurst SD 94,100,General Fund,3103,Common School Fund,2002
2019-20,2047,Pinehurst SD 94,100,General Fund,4801,Federal Forest Fees,221
2019-20,2047,Pinehurst SD 94,400,Capital Projects Funds,5400,Resources - Beginning Fund Balance,15743
2019-20,2047,Pinehurst SD 94,100,General Fund,5200,Interfund Transfers,650
2019-20,2047,Pinehurst SD 94,100,General Fund,5400,Resources - Beginning Fund Balance,216753
2019-20,2047,Pinehurst SD 94,200,Special Revenue Funds,1920,Contributions and Donations From Private Sources,9619
2019-20,2047,Pinehurst SD 94,200,Special Revenue Funds,1990,Miscellaneous,800
2019-20,2047,Pinehurst SD 94,200,Special Revenue Funds,4500,Restricted Revenue From Federal Government Through the State,27398
2019-20,2047,Pinehurst SD 94,200,Special Revenue Funds,5400,Resources - Beginning Fund Balance,80134
2019-20,2048,Medford SD 549C,100,General Fund,1110,Ad valorem taxes levied by district,38713860.48
2019-20,2048,Medford SD 549C,100,General Fund,1312,Tuition from Other Districts within the State,7593.12
2019-20,2048,Medford SD 549C,100,General Fund,1500,Earnings on Investments,1010023.34
2019-20,2048,Medford SD 549C,100,General Fund,1800,Community Services Activities,70110.4
2019-20,2048,Medford SD 549C,100,General Fund,1910,Rentals,136811.94
2019-20,2048,Medford SD 549C,100,General Fund,1940,Services Provided Other Local Education Agencies,61972.47
2019-20,2048,Medford SD 549C,200,Special Revenue Funds,5400,Resources - Beginning Fund Balance,6586916.11
2019-20,2048,Medford SD 549C,100,General Fund,5200,Interfund Transfers,1401100
2019-20,2048,Medford SD 549C,200,Special Revenue Funds,5200,Interfund Transfers,5893674
2019-20,2048,Medford SD 549C,700,Trust and Agency Funds,1920,Contributions and Donations From Private Sources,141779.77
2019-20,2048,Medford SD 549C,100,General Fund,5400,Resources - Beginning Fund Balance,10537164.45
2019-20,2048,Medford SD 549C,300,Debt Service Funds,5400,Resources - Beginning Fund Balance,1389493.94
2019-20,2048,Medford SD 549C,400,Capital Projects Funds,5400,Resources - Beginning Fund Balance,239505.07
2019-20,2048,Medford SD 549C,600,Internal Service Funds,5400,Resources - Beginning Fund Balance,3485236.23
2019-20,2048,Medford SD 549C,700,Trust and Agency Funds,5400,Resources - Beginning Fund Balance,551661.74
2019-20,2048,Medford SD 549C,400,Capital Projects Funds,1500,Earnings on Investments,11510.26
2019-20,2048,Medford SD 549C,400,Capital Projects Funds,1990,Miscellaneous,19810.37
2019-20,2048,Medford SD 549C,600,Internal Service Funds,1970,Services Provided Other Funds,17704325.76
2019-20,2048,Medford SD 549C,600,Internal Service Funds,1990,Miscellaneous,446385.89
2019-20,2048,Medford SD 549C,700,Trust and Agency Funds,1500,Earnings on Investments,5373.73
2019-20,2048,Medford SD 549C,700,Trust and Agency Funds,1700,Extra-Curricular Activities,99288.45
2019-20,2048,Medford SD 549C,200,Special Revenue Funds,4500,Restricted Revenue From Federal Government Through the State,11232610.7
2019-20,2048,Medford SD 549C,200,Special Revenue Funds,4700,Grants-In-Aid From Federal Government Through Other Intermed,331315.46
2019-20,2048,Medford SD 549C,200,Special Revenue Funds,4900,Revenue for/on Behalf of the District,420540.01
2019-20,2048,Medford SD 549C,300,Debt Service Funds,1110,Ad valorem taxes levied by district,12585580.91
2019-20,2048,Medford SD 549C,300,Debt Service Funds,1500,Earnings on Investments,57160.54
2019-20,2048,Medford SD 549C,300,Debt Service Funds,1970,Services Provided Other Funds,3863722.36
2019-20,2048,Medford SD 549C,200,Special Revenue Funds,1700,Extra-Curricular Activities,337820.96
2019-20,2048,Medford SD 549C,200,Special Revenue Funds,1920,Contributions and Donations From Private Sources,269076.57
2019-20,2048,Medford SD 549C,200,Special Revenue Funds,1990,Miscellaneous,207971.17
2019-20,2048,Medford SD 549C,200,Special Revenue Funds,3102,State School Fund--School Lunch Match,55586.81
2019-20,2048,Medford SD 549C,200,Special Revenue Funds,3199,Other Unrestricted Grants-In-Aid,29230.83
2019-20,2048,Medford SD 549C,200,Special Revenue Funds,3299,Other Restricted Grants-In-Aid,4282017.83
2019-20,2048,Medford SD 549C,100,General Fund,3299,Other Restricted Grants-In-Aid,193761.07
2019-20,2048,Medford SD 549C,100,General Fund,4500,Restricted Revenue From Federal Government Through the State,10696
2019-20,2048,Medford SD 549C,100,General Fund,4801,Federal Forest Fees,155839.8
2019-20,2048,Medford SD 549C,200,Special Revenue Funds,1130,Construction Excise Tax,677093.63
2019-20,2048,Medford SD 549C,200,Special Revenue Funds,1500,Earnings on Investments,1.46
2019-20,2048,Medford SD 549C,200,Special Revenue Funds,1600,Food Service,460081.44
2019-20,2048,Medford SD 549C,100,General Fund,1960,Recovery of Prior Years' Expenditure,1405
2019-20,2048,Medford SD 549C,100,General Fund,1980,Fees Charged to Grants,594289.05
2019-20,2048,Medford SD 549C,100,General Fund,1990,Miscellaneous,255818.33
2019-20,2048,Medford SD 549C,100,General Fund,2102,General Education Service District Funds,3909553.23
2019-20,2048,Medford SD 549C,100,General Fund,3101,State School Fund --General Support,108876866.63
2019-20,2048,Medford SD 549C,100,General Fund,3103,Common School Fund,1298037.14
2019-20,2049,Jefferson ESD,100,General Fund,1110,Ad valorem taxes levied by district,358022.25
2019-20,2049,Jefferson ESD,100,General Fund,1500,Earnings on Investments,23573.46
2019-20,2049,Jefferson ESD,100,General Fund,1940,Services Provided Other Local Education Agencies,179673.3
2019-20,2049,Jefferson ESD,100,General Fund,1990,Miscellaneous,2825.5
2019-20,2049,Jefferson ESD,100,General Fund,3101,State School Fund --General Support,1542788.38
2019-20,2049,Jefferson ESD,100,General Fund,5400,Resources - Beginning Fund Balance,874434.62
2019-20,2049,Jefferson ESD,200,Special Revenue Funds,3299,Other Restricted Grants-In-Aid,36671.45
2019-20,2049,Jefferson ESD,200,Special Revenue Funds,4500,Restricted Revenue From Federal Government Through the State,2026.79
2019-20,2049,Jefferson ESD,200,Special Revenue Funds,5200,Interfund Transfers,5000
2019-20,2049,Jefferson ESD,200,Special Revenue Funds,5400,Resources - Beginning Fund Balance,5466.39
2019-20,2050,Culver SD 4,400,Capital Projects Funds,5400,Resources - Beginning Fund Balance,416828.72
2019-20,2050,Culver SD 4,300,Debt Service Funds,1500,Earnings on Investments,9440.31
2019-20,2050,Culver SD 4,300,Debt Service Funds,5200,Interfund Transfers,119025
2019-20,2050,Culver SD 4,300,Debt Service Funds,5400,Resources - Beginning Fund Balance,62013.49
2019-20,2050,Culver SD 4,400,Capital Projects Funds,1130,Construction Excise Tax,32860.44
2019-20,2050,Culver SD 4,400,Capital Projects Funds,3222,State School Fund (SSF) Transportation Equipment,47547
2019-20,2050,Culver SD 4,400,Capital Projects Funds,5200,Interfund Transfers,235000
2019-20,2050,Culver SD 4,200,Special Revenue Funds,4300,Restricted Revenue Direct From the Federal Government,20993.66
2019-20,2050,Culver SD 4,200,Special Revenue Funds,4500,Restricted Revenue From Federal Government Through the State,661765.74
2019-20,2050,Culver SD 4,200,Special Revenue Funds,4900,Revenue for/on Behalf of the District,25768.39
2019-20,2050,Culver SD 4,200,Special Revenue Funds,5200,Interfund Transfers,360170.55
2019-20,2050,Culver SD 4,200,Special Revenue Funds,5400,Resources - Beginning Fund Balance,155410.5
2019-20,2050,Culver SD 4,300,Debt Service Funds,1110,Ad valorem taxes levied by district,729527.13
2019-20,2050,Culver SD 4,200,Special Revenue Funds,1700,Extra-Curricular Activities,87367.71
2019-20,2050,Culver SD 4,200,Special Revenue Funds,1920,Contributions and Donations From Private Sources,21949.61
2019-20,2050,Culver SD 4,200,Special Revenue Funds,1990,Miscellaneous,24776.24
2019-20,2050,Culver SD 4,200,Special Revenue Funds,3102,State School Fund--School Lunch Match,2732.81
2019-20,2050,Culver SD 4,200,Special Revenue Funds,3299,Other Restricted Grants-In-Aid,353433.39
2019-20,2050,Culver SD 4,200,Special Revenue Funds,4200,Unrestricted Revenue From Federal Government Through State,11316.51
2019-20,2050,Culver SD 4,100,General Fund,3101,State School Fund --General Support,6258312.85
2019-20,2050,Culver SD 4,100,General Fund,3103,Common School Fund,51217.97
2019-20,2050,Culver SD 4,100,General Fund,3299,Other Restricted Grants-In-Aid,537.6
2019-20,2050,Culver SD 4,100,General Fund,4200,Unrestricted Revenue From Federal Government Through State,601.68
2019-20,2050,Culver SD 4,100,General Fund,5400,Resources - Beginning Fund Balance,2810143.14
2019-20,2050,Culver SD 4,200,Special Revenue Funds,1600,Food Service,34912.53
2019-20,2050,Culver SD 4,100,General Fund,1412,Transportation fees from Other Districts within the State,4147.35
2019-20,2050,Culver SD 4,100,General Fund,1500,Earnings on Investments,95869.61
2019-20,2050,Culver SD 4,100,General Fund,1700,Extra-Curricular Activities,34436.31
2019-20,2050,Culver SD 4,100,General Fund,1980,Fees Charged to Grants,5765.97
2019-20,2050,Culver SD 4,100,General Fund,1990,Miscellaneous,38092.39
2019-20,2050,Culver SD 4,100,General Fund,2101,County School Funds,30448.47
2019-20,2050,Culver SD 4,100,General Fund,1110,Ad valorem taxes levied by district,1772652.64
2019-20,2050,Culver SD 4,100,General Fund,1312,Tuition from Other Districts within the State,17073
2019-20,2051,Ashwood SD 8,100,General Fund,1500,Earnings on Investments,10927.33
2019-20,2051,Ashwood SD 8,100,General Fund,2101,County School Funds,305.77
2019-20,2051,Ashwood SD 8,200,Special Revenue Funds,4300,Restricted Revenue Direct From the Federal Government,12565.01
2019-20,2051,Ashwood SD 8,100,General Fund,3103,Common School Fund,567.72
2019-20,2051,Ashwood SD 8,100,General Fund,1960,Recovery of Prior Years' Expenditure,-1175
2019-20,2051,Ashwood SD 8,100,General Fund,1990,Miscellaneous,956.86
2019-20,2051,Ashwood SD 8,100,General Fund,3101,State School Fund --General Support,237889.88
2019-20,2052,Black Butte SD 41,100,General Fund,1110,Ad valorem taxes levied by district,289203.11
2019-20,2052,Black Butte SD 41,100,General Fund,1500,Earnings on Investments,29650.04
2019-20,2052,Black Butte SD 41,100,General Fund,1910,Rentals,15000
2019-20,2052,Black Butte SD 41,100,General Fund,1920,Contributions and Donations From Private Sources,200
2019-20,2052,Black Butte SD 41,100,General Fund,1990,Miscellaneous,10996.8
2019-20,2052,Black Butte SD 41,100,General Fund,2101,County School Funds,1081.11
2019-20,2052,Black Butte SD 41,100,General Fund,3101,State School Fund --General Support,219578.28
2019-20,2052,Black Butte SD 41,100,General Fund,3103,Common School Fund,1818.55
2019-20,2052,Black Butte SD 41,100,General Fund,5400,Resources - Beginning Fund Balance,1254733.28
2019-20,2052,Black Butte SD 41,200,Special Revenue Funds,4300,Restricted Revenue Direct From the Federal Government,35153.74
2019-20,2053,Jefferson County SD 509J,100,General Fund,1110,Ad valorem taxes levied by district,4684465.8
2019-20,2053,Jefferson County SD 509J,100,General Fund,1312,Tuition from Other Districts within the State,58526.4
2019-20,2053,Jefferson County SD 509J,100,General Fund,1411,Transportation fees from Individuals,34767.77
2019-20,2053,Jefferson County SD 509J,100,General Fund,1500,Earnings on Investments,486785.53
2019-20,2053,Jefferson County SD 509J,100,General Fund,1700,Extra-Curricular Activities,24958
2019-20,2053,Jefferson County SD 509J,100,General Fund,1910,Rentals,51171.69
2019-20,2053,Jefferson County SD 509J,300,Debt Service Funds,5400,Resources - Beginning Fund Balance,37416.81
2019-20,2053,Jefferson County SD 509J,400,Capital Projects Funds,3299,Other Restricted Grants-In-Aid,127648.34
2019-20,2053,Jefferson County SD 509J,200,Special Revenue Funds,5200,Interfund Transfers,434305.44
2019-20,2053,Jefferson County SD 509J,200,Special Revenue Funds,5400,Resources - Beginning Fund Balance,310991.39
2019-20,2053,Jefferson County SD 509J,300,Debt Service Funds,1110,Ad valorem taxes levied by district,2792900.83
2019-20,2053,Jefferson County SD 509J,300,Debt Service Funds,1500,Earnings on Investments,36357.18
2019-20,2053,Jefferson County SD 509J,300,Debt Service Funds,5100,Long Term Debt Financing Sources,24680000
2019-20,2053,Jefferson County SD 509J,300,Debt Service Funds,5200,Interfund Transfers,1246869.93
2019-20,2053,Jefferson County SD 509J,200,Special Revenue Funds,3102,State School Fund--School Lunch Match,17635.3
2019-20,2053,Jefferson County SD 509J,200,Special Revenue Funds,3299,Other Restricted Grants-In-Aid,1131892.51
2019-20,2053,Jefferson County SD 509J,200,Special Revenue Funds,4300,Restricted Revenue Direct From the Federal Government,1572429.17
2019-20,2053,Jefferson County SD 509J,200,Special Revenue Funds,4500,Restricted Revenue From Federal Government Through the State,4268424.48
2019-20,2053,Jefferson County SD 509J,200,Special Revenue Funds,4700,Grants-In-Aid From Federal Government Through Other Intermed,31703.58
2019-20,2053,Jefferson County SD 509J,200,Special Revenue Funds,4900,Revenue for/on Behalf of the District,168819.38
2019-20,2053,Jefferson County SD 509J,100,General Fund,5400,Resources - Beginning Fund Balance,16122395.51
2019-20,2053,Jefferson County SD 509J,200,Special Revenue Funds,1600,Food Service,9456.44
2019-20,2053,Jefferson County SD 509J,200,Special Revenue Funds,1700,Extra-Curricular Activities,206160.95
2019-20,2053,Jefferson County SD 509J,200,Special Revenue Funds,1800,Community Services Activities,33398.4
2019-20,2053,Jefferson County SD 509J,200,Special Revenue Funds,1920,Contributions and Donations From Private Sources,205455.28
2019-20,2053,Jefferson County SD 509J,200,Special Revenue Funds,1990,Miscellaneous,47843.77
2019-20,2053,Jefferson County SD 509J,100,General Fund,3299,Other Restricted Grants-In-Aid,4308.7
2019-20,2053,Jefferson County SD 509J,100,General Fund,4201,Foster Transportation,6662.8
2019-20,2053,Jefferson County SD 509J,100,General Fund,4300,Restricted Revenue Direct From the Federal Government,47466.57
2019-20,2053,Jefferson County SD 509J,100,General Fund,4802,Impact Aid to School Districts for Operation,3045326.93
2019-20,2053,Jefferson County SD 509J,100,General Fund,4900,Revenue for/on Behalf of the District,9498.25
2019-20,2053,Jefferson County SD 509J,100,General Fund,5200,Interfund Transfers,2267276.4
2019-20,2053,Jefferson County SD 509J,100,General Fund,1980,Fees Charged to Grants,192610.04
2019-20,2053,Jefferson County SD 509J,100,General Fund,1990,Miscellaneous,1729351.27
2019-20,2053,Jefferson County SD 509J,100,General Fund,2101,County School Funds,138043.19
2019-20,2053,Jefferson County SD 509J,100,General Fund,2200,Restricted Revenue,73494.02
2019-20,2053,Jefferson County SD 509J,100,General Fund,3101,State School Fund --General Support,28839425.02
2019-20,2053,Jefferson County SD 509J,100,General Fund,3103,Common School Fund,230299.6
2019-20,2054,Grants Pass SD 7,600,Internal Service Funds,5400,Resources - Beginning Fund Balance,95254
2019-20,2054,Grants Pass SD 7,100,General Fund,5400,Resources - Beginning Fund Balance,3875021.56
2019-20,2054,Grants Pass SD 7,200,Special Revenue Funds,5400,Resources - Beginning Fund Balance,4129787.56
2019-20,2054,Grants Pass SD 7,400,Capital Projects Funds,1990,Miscellaneous,18741.52
2019-20,2054,Grants Pass SD 7,400,Capital Projects Funds,3199,Other Unrestricted Grants-In-Aid,2158949.96
2019-20,2054,Grants Pass SD 7,400,Capital Projects Funds,3299,Other Restricted Grants-In-Aid,54714
2019-20,2054,Grants Pass SD 7,400,Capital Projects Funds,5200,Interfund Transfers,600000
2019-20,2054,Grants Pass SD 7,400,Capital Projects Funds,5400,Resources - Beginning Fund Balance,137721
2019-20,2054,Grants Pass SD 7,600,Internal Service Funds,1970,Services Provided Other Funds,10214.23
2019-20,2054,Grants Pass SD 7,200,Special Revenue Funds,5100,Long Term Debt Financing Sources,1350564
2019-20,2054,Grants Pass SD 7,200,Special Revenue Funds,5200,Interfund Transfers,325000
2019-20,2054,Grants Pass SD 7,400,Capital Projects Funds,1130,Construction Excise Tax,266712.94
2019-20,2054,Grants Pass SD 7,400,Capital Projects Funds,1500,Earnings on Investments,2348.86
2019-20,2054,Grants Pass SD 7,400,Capital Projects Funds,1910,Rentals,3320
2019-20,2054,Grants Pass SD 7,400,Capital Projects Funds,1920,Contributions and Donations From Private Sources,54787
2019-20,2054,Grants Pass SD 7,200,Special Revenue Funds,2200,Restricted Revenue,6976.99
2019-20,2054,Grants Pass SD 7,200,Special Revenue Funds,3101,State School Fund --General Support,10000
2019-20,2054,Grants Pass SD 7,200,Special Revenue Funds,3102,State School Fund--School Lunch Match,32637.8
2019-20,2054,Grants Pass SD 7,200,Special Revenue Funds,3199,Other Unrestricted Grants-In-Aid,201.78
2019-20,2054,Grants Pass SD 7,200,Special Revenue Funds,3299,Other Restricted Grants-In-Aid,1530757.12
2019-20,2054,Grants Pass SD 7,200,Special Revenue Funds,4500,Restricted Revenue From Federal Government Through the State,5911766.84
2019-20,2054,Grants Pass SD 7,100,General Fund,5300,Sale of or Compensation for Loss of Fixed Assets,19422.69
2019-20,2054,Grants Pass SD 7,200,Special Revenue Funds,1500,Earnings on Investments,71230.27
2019-20,2054,Grants Pass SD 7,200,Special Revenue Funds,1600,Food Service,14784.39
2019-20,2054,Grants Pass SD 7,200,Special Revenue Funds,1700,Extra-Curricular Activities,660644.55
2019-20,2054,Grants Pass SD 7,200,Special Revenue Funds,1920,Contributions and Donations From Private Sources,125498.76
2019-20,2054,Grants Pass SD 7,200,Special Revenue Funds,1990,Miscellaneous,166303.34
2019-20,2054,Grants Pass SD 7,100,General Fund,1990,Miscellaneous,292163.87
2019-20,2054,Grants Pass SD 7,100,General Fund,2102,General Education Service District Funds,1676387.97
2019-20,2054,Grants Pass SD 7,100,General Fund,3101,State School Fund --General Support,46565138.08
2019-20,2054,Grants Pass SD 7,100,General Fund,3103,Common School Fund,550013.38
2019-20,2054,Grants Pass SD 7,100,General Fund,4500,Restricted Revenue From Federal Government Through the State,54489.18
2019-20,2054,Grants Pass SD 7,100,General Fund,4801,Federal Forest Fees,132947.62
2019-20,2054,Grants Pass SD 7,100,General Fund,1500,Earnings on Investments,226932.45
2019-20,2054,Grants Pass SD 7,100,General Fund,1700,Extra-Curricular Activities,366926.78
2019-20,2054,Grants Pass SD 7,100,General Fund,1910,Rentals,10950
2019-20,2054,Grants Pass SD 7,100,General Fund,1920,Contributions and Donations From Private Sources,94030.77
2019-20,2054,Grants Pass SD 7,100,General Fund,1930,Rental or Lease Payments from Private Contractors,1560
2019-20,2054,Grants Pass SD 7,100,General Fund,1980,Fees Charged to Grants,142253
2019-20,2054,Grants Pass SD 7,100,General Fund,1110,Ad valorem taxes levied by district,14926707.54
2019-20,2054,Grants Pass SD 7,100,General Fund,1200,Revenue From Local Governmental Units Other Than Districts,98.37
2019-20,2055,Three Rivers/Josephine County SD,700,Trust and Agency Funds,1500,Earnings on Investments,313.88
2019-20,2055,Three Rivers/Josephine County SD,700,Trust and Agency Funds,5400,Resources - Beginning Fund Balance,58762.12
2019-20,2055,Three Rivers/Josephine County SD,400,Capital Projects Funds,5200,Interfund Transfers,130000
2019-20,2055,Three Rivers/Josephine County SD,400,Capital Projects Funds,5400,Resources - Beginning Fund Balance,1336318.68
2019-20,2055,Three Rivers/Josephine County SD,600,Internal Service Funds,1500,Earnings on Investments,7751.85
2019-20,2055,Three Rivers/Josephine County SD,600,Internal Service Funds,1980,Fees Charged to Grants,289916.7
2019-20,2055,Three Rivers/Josephine County SD,600,Internal Service Funds,1990,Miscellaneous,94351
2019-20,2055,Three Rivers/Josephine County SD,600,Internal Service Funds,5400,Resources - Beginning Fund Balance,1132452
2019-20,2055,Three Rivers/Josephine County SD,400,Capital Projects Funds,1130,Construction Excise Tax,334774.52
2019-20,2055,Three Rivers/Josephine County SD,400,Capital Projects Funds,1500,Earnings on Investments,44210.2
2019-20,2055,Three Rivers/Josephine County SD,400,Capital Projects Funds,1910,Rentals,6725
2019-20,2055,Three Rivers/Josephine County SD,400,Capital Projects Funds,1920,Contributions and Donations From Private Sources,15892
2019-20,2055,Three Rivers/Josephine County SD,400,Capital Projects Funds,1990,Miscellaneous,242353.13
2019-20,2055,Three Rivers/Josephine County SD,400,Capital Projects Funds,3299,Other Restricted Grants-In-Aid,1354702
2019-20,2055,Three Rivers/Josephine County SD,200,Special Revenue Funds,5400,Resources - Beginning Fund Balance,1269986.45
2019-20,2055,Three Rivers/Josephine County SD,300,Debt Service Funds,1110,Ad valorem taxes levied by district,1847013.98
2019-20,2055,Three Rivers/Josephine County SD,300,Debt Service Funds,1500,Earnings on Investments,35395.07
2019-20,2055,Three Rivers/Josephine County SD,300,Debt Service Funds,1970,Services Provided Other Funds,2558424.65
2019-20,2055,Three Rivers/Josephine County SD,300,Debt Service Funds,5200,Interfund Transfers,17500
2019-20,2055,Three Rivers/Josephine County SD,300,Debt Service Funds,5400,Resources - Beginning Fund Balance,1192258
2019-20,2055,Three Rivers/Josephine County SD,200,Special Revenue Funds,1990,Miscellaneous,104010.77
2019-20,2055,Three Rivers/Josephine County SD,200,Special Revenue Funds,2200,Restricted Revenue,3151.5
2019-20,2055,Three Rivers/Josephine County SD,200,Special Revenue Funds,3299,Other Restricted Grants-In-Aid,2481919.27
2019-20,2055,Three Rivers/Josephine County SD,200,Special Revenue Funds,4500,Restricted Revenue From Federal Government Through the State,6680230
2019-20,2055,Three Rivers/Josephine County SD,200,Special Revenue Funds,4900,Revenue for/on Behalf of the District,191021
2019-20,2055,Three Rivers/Josephine County SD,200,Special Revenue Funds,5200,Interfund Transfers,391708
2019-20,2055,Three Rivers/Josephine County SD,100,General Fund,5400,Resources - Beginning Fund Balance,2936875.52
2019-20,2055,Three Rivers/Josephine County SD,200,Special Revenue Funds,1500,Earnings on Investments,1652.7
2019-20,2055,Three Rivers/Josephine County SD,200,Special Revenue Funds,1600,Food Service,78368.35
2019-20,2055,Three Rivers/Josephine County SD,200,Special Revenue Funds,1700,Extra-Curricular Activities,1103391.58
2019-20,2055,Three Rivers/Josephine County SD,200,Special Revenue Funds,1920,Contributions and Donations From Private Sources,107128.92
2019-20,2055,Three Rivers/Josephine County SD,200,Special Revenue Funds,1960,Recovery of Prior Years' Expenditure,2750
2019-20,2055,Three Rivers/Josephine County SD,100,General Fund,3101,State School Fund --General Support,34755340.23
2019-20,2055,Three Rivers/Josephine County SD,100,General Fund,3103,Common School Fund,421046.05
2019-20,2055,Three Rivers/Josephine County SD,100,General Fund,3104,State Managed County Timber,1121.01
2019-20,2055,Three Rivers/Josephine County SD,100,General Fund,3299,Other Restricted Grants-In-Aid,19179.61
2019-20,2055,Three Rivers/Josephine County SD,100,General Fund,4500,Restricted Revenue From Federal Government Through the State,102814.23
2019-20,2055,Three Rivers/Josephine County SD,100,General Fund,4801,Federal Forest Fees,101371.6
2019-20,2055,Three Rivers/Josephine County SD,100,General Fund,1500,Earnings on Investments,185150.51
2019-20,2055,Three Rivers/Josephine County SD,100,General Fund,1700,Extra-Curricular Activities,28000
2019-20,2055,Three Rivers/Josephine County SD,100,General Fund,1910,Rentals,25641.34
2019-20,2055,Three Rivers/Josephine County SD,100,General Fund,1970,Services Provided Other Funds,85.13
2019-20,2055,Three Rivers/Josephine County SD,100,General Fund,1990,Miscellaneous,194513.04
2019-20,2055,Three Rivers/Josephine County SD,100,General Fund,2102,General Education Service District Funds,1155644.42
2019-20,2055,Three Rivers/Josephine County SD,100,General Fund,1110,Ad valorem taxes levied by district,17153967.26
2019-20,2055,Three Rivers/Josephine County SD,100,General Fund,1313,Tuition from Other Districts outside the State,13032.22
2019-20,2056,Klamath Falls City Schools,100,General Fund,1110,Ad valorem taxes levied by district,6241209
2019-20,2056,Klamath Falls City Schools,100,General Fund,1120,Local option ad valorem taxes levied by district,7311.25
2019-20,2056,Klamath Falls City Schools,100,General Fund,1130,Construction Excise Tax,136016.44
2019-20,2056,Klamath Falls City Schools,100,General Fund,1200,Revenue From Local Governmental Units Other Than Districts,88.53
2019-20,2056,Klamath Falls City Schools,100,General Fund,1500,Earnings on Investments,276302.38
2019-20,2056,Klamath Falls City Schools,100,General Fund,1910,Rentals,56514.65
2019-20,2056,Klamath Falls City Schools,200,Special Revenue Funds,3299,Other Restricted Grants-In-Aid,2570125.46
2019-20,2056,Klamath Falls City Schools,200,Special Revenue Funds,4700,Grants-In-Aid From Federal Government Through Other Intermed,240715.62
2019-20,2056,Klamath Falls City Schools,400,Capital Projects Funds,1960,Recovery of Prior Years' Expenditure,83995
2019-20,2056,Klamath Falls City Schools,400,Capital Projects Funds,1990,Miscellaneous,23022.81
2019-20,2056,Klamath Falls City Schools,400,Capital Projects Funds,3299,Other Restricted Grants-In-Aid,148536
2019-20,2056,Klamath Falls City Schools,400,Capital Projects Funds,5100,Long Term Debt Financing Sources,500000
2019-20,2056,Klamath Falls City Schools,400,Capital Projects Funds,5200,Interfund Transfers,2500000
2019-20,2056,Klamath Falls City Schools,400,Capital Projects Funds,5400,Resources - Beginning Fund Balance,605559.99
2019-20,2056,Klamath Falls City Schools,200,Special Revenue Funds,5200,Interfund Transfers,238109.07
2019-20,2056,Klamath Falls City Schools,200,Special Revenue Funds,5400,Resources - Beginning Fund Balance,6447317.73
2019-20,2056,Klamath Falls City Schools,300,Debt Service Funds,1110,Ad valorem taxes levied by district,3168440.95
2019-20,2056,Klamath Falls City Schools,300,Debt Service Funds,1500,Earnings on Investments,336.43
2019-20,2056,Klamath Falls City Schools,300,Debt Service Funds,5400,Resources - Beginning Fund Balance,511934.06
2019-20,2056,Klamath Falls City Schools,400,Capital Projects Funds,1500,Earnings on Investments,47355.89
2019-20,2056,Klamath Falls City Schools,200,Special Revenue Funds,1960,Recovery of Prior Years' Expenditure,6.99
2019-20,2056,Klamath Falls City Schools,200,Special Revenue Funds,1990,Miscellaneous,159686.3
2019-20,2056,Klamath Falls City Schools,200,Special Revenue Funds,2900,Revenue for/on Behalf of the District,10890
2019-20,2056,Klamath Falls City Schools,200,Special Revenue Funds,4300,Restricted Revenue Direct From the Federal Government,33064.14
2019-20,2056,Klamath Falls City Schools,200,Special Revenue Funds,4500,Restricted Revenue From Federal Government Through the State,4909643.92
2019-20,2056,Klamath Falls City Schools,200,Special Revenue Funds,4900,Revenue for/on Behalf of the District,112088.67
2019-20,2056,Klamath Falls City Schools,200,Special Revenue Funds,1600,Food Service,42128.37
2019-20,2056,Klamath Falls City Schools,200,Special Revenue Funds,1700,Extra-Curricular Activities,429363.5
2019-20,2056,Klamath Falls City Schools,200,Special Revenue Funds,1800,Community Services Activities,26649.25
2019-20,2056,Klamath Falls City Schools,200,Special Revenue Funds,1910,Rentals,29914.53
2019-20,2056,Klamath Falls City Schools,200,Special Revenue Funds,1920,Contributions and Donations From Private Sources,30099.01
2019-20,2056,Klamath Falls City Schools,200,Special Revenue Funds,1940,Services Provided Other Local Education Agencies,55126.53
2019-20,2056,Klamath Falls City Schools,100,General Fund,5100,Long Term Debt Financing Sources,215275
2019-20,2056,Klamath Falls City Schools,100,General Fund,5300,Sale of or Compensation for Loss of Fixed Assets,1400
2019-20,2056,Klamath Falls City Schools,100,General Fund,5400,Resources - Beginning Fund Balance,6297368.28
2019-20,2056,Klamath Falls City Schools,200,Special Revenue Funds,1311,Tuition from Individuals,-343.25
2019-20,2056,Klamath Falls City Schools,200,Special Revenue Funds,1320,Adult/Continuing Education Tuition,125
2019-20,2056,Klamath Falls City Schools,200,Special Revenue Funds,1500,Earnings on Investments,707.22
2019-20,2056,Klamath Falls City Schools,100,General Fund,3101,State School Fund --General Support,23185533.13
2019-20,2056,Klamath Falls City Schools,100,General Fund,3103,Common School Fund,255961.59
2019-20,2056,Klamath Falls City Schools,100,General Fund,3104,State Managed County Timber,98928.8
2019-20,2056,Klamath Falls City Schools,100,General Fund,3299,Other Restricted Grants-In-Aid,2035.2
2019-20,2056,Klamath Falls City Schools,100,General Fund,4500,Restricted Revenue From Federal Government Through the State,7991.14
2019-20,2056,Klamath Falls City Schools,100,General Fund,4801,Federal Forest Fees,393997.66
2019-20,2056,Klamath Falls City Schools,100,General Fund,1920,Contributions and Donations From Private Sources,7500
2019-20,2056,Klamath Falls City Schools,100,General Fund,1960,Recovery of Prior Years' Expenditure,21675.71
2019-20,2056,Klamath Falls City Schools,100,General Fund,1980,Fees Charged to Grants,353572.2
2019-20,2056,Klamath Falls City Schools,100,General Fund,1990,Miscellaneous,100373.55
2019-20,2056,Klamath Falls City Schools,100,General Fund,2101,County School Funds,13754.1
2019-20,2056,Klamath Falls City Schools,100,General Fund,2102,General Education Service District Funds,756058
2019-20,2057,Klamath County SD,100,General Fund,1110,Ad valorem taxes levied by district,16057762.35
2019-20,2057,Klamath County SD,100,General Fund,1311,Tuition from Individuals,299
2019-20,2057,Klamath County SD,100,General Fund,1330,Summer School Tuition,1615
2019-20,2057,Klamath County SD,100,General Fund,1411,Transportation fees from Individuals,6094.67
2019-20,2057,Klamath County SD,100,General Fund,1412,Transportation fees from Other Districts within the State,1404.24
2019-20,2057,Klamath County SD,100,General Fund,1413,Transportation fees from Other District Outside the State,14682.79
2019-20,2057,Klamath County SD,300,Debt Service Funds,5400,Resources - Beginning Fund Balance,2828149
2019-20,2057,Klamath County SD,400,Capital Projects Funds,5400,Resources - Beginning Fund Balance,3327109
2019-20,2057,Klamath County SD,600,Internal Service Funds,5400,Resources - Beginning Fund Balance,16434
2019-20,2057,Klamath County SD,700,Trust and Agency Funds,5400,Resources - Beginning Fund Balance,166869
2019-20,2057,Klamath County SD,600,Internal Service Funds,1500,Earnings on Investments,206.41
2019-20,2057,Klamath County SD,600,Internal Service Funds,5200,Interfund Transfers,53637.27
2019-20,2057,Klamath County SD,700,Trust and Agency Funds,1500,Earnings on Investments,4307.01
2019-20,2057,Klamath County SD,700,Trust and Agency Funds,1920,Contributions and Donations From Private Sources,145659.21
2019-20,2057,Klamath County SD,100,General Fund,5400,Resources - Beginning Fund Balance,4007847
2019-20,2057,Klamath County SD,200,Special Revenue Funds,5400,Resources - Beginning Fund Balance,1868456
2019-20,2057,Klamath County SD,300,Debt Service Funds,1500,Earnings on Investments,168243.69
2019-20,2057,Klamath County SD,300,Debt Service Funds,5200,Interfund Transfers,463160.16
2019-20,2057,Klamath County SD,400,Capital Projects Funds,1500,Earnings on Investments,45407.89
2019-20,2057,Klamath County SD,400,Capital Projects Funds,1920,Contributions and Donations From Private Sources,20165.57
2019-20,2057,Klamath County SD,400,Capital Projects Funds,1960,Recovery of Prior Years' Expenditure,52738.72
2019-20,2057,Klamath County SD,400,Capital Projects Funds,5200,Interfund Transfers,123000
2019-20,2057,Klamath County SD,200,Special Revenue Funds,3900,Revenue for/on Behalf of the District,55683.91
2019-20,2057,Klamath County SD,200,Special Revenue Funds,4300,Restricted Revenue Direct From the Federal Government,113525.07
2019-20,2057,Klamath County SD,200,Special Revenue Funds,4500,Restricted Revenue From Federal Government Through the State,6848754.54
2019-20,2057,Klamath County SD,200,Special Revenue Funds,4900,Revenue for/on Behalf of the District,309471.07
2019-20,2057,Klamath County SD,200,Special Revenue Funds,5200,Interfund Transfers,284444.01
2019-20,2057,Klamath County SD,300,Debt Service Funds,1110,Ad valorem taxes levied by district,2253949.23
2019-20,2057,Klamath County SD,200,Special Revenue Funds,1940,Services Provided Other Local Education Agencies,22800
2019-20,2057,Klamath County SD,200,Special Revenue Funds,1990,Miscellaneous,39214.53
2019-20,2057,Klamath County SD,200,Special Revenue Funds,2200,Restricted Revenue,23986
2019-20,2057,Klamath County SD,200,Special Revenue Funds,3102,State School Fund--School Lunch Match,33701.36
2019-20,2057,Klamath County SD,200,Special Revenue Funds,3222,State School Fund (SSF) Transportation Equipment,475000
2019-20,2057,Klamath County SD,200,Special Revenue Funds,3299,Other Restricted Grants-In-Aid,4881608.23
2019-20,2057,Klamath County SD,200,Special Revenue Funds,1130,Construction Excise Tax,378099.97
2019-20,2057,Klamath County SD,200,Special Revenue Funds,1320,Adult/Continuing Education Tuition,198205.88
2019-20,2057,Klamath County SD,200,Special Revenue Funds,1500,Earnings on Investments,10109.16
2019-20,2057,Klamath County SD,200,Special Revenue Funds,1600,Food Service,165586.12
2019-20,2057,Klamath County SD,200,Special Revenue Funds,1700,Extra-Curricular Activities,1306603.45
2019-20,2057,Klamath County SD,200,Special Revenue Funds,1920,Contributions and Donations From Private Sources,283828.7
2019-20,2057,Klamath County SD,100,General Fund,4200,Unrestricted Revenue From Federal Government Through State,15424.27
2019-20,2057,Klamath County SD,100,General Fund,4500,Restricted Revenue From Federal Government Through the State,211993.36
2019-20,2057,Klamath County SD,100,General Fund,4801,Federal Forest Fees,917319.89
2019-20,2057,Klamath County SD,100,General Fund,5100,Long Term Debt Financing Sources,668253
2019-20,2057,Klamath County SD,100,General Fund,5200,Interfund Transfers,624892.28
2019-20,2057,Klamath County SD,100,General Fund,5300,Sale of or Compensation for Loss of Fixed Assets,11224.5
2019-20,2057,Klamath County SD,100,General Fund,2900,Revenue for/on Behalf of the District,2073769.11
2019-20,2057,Klamath County SD,100,General Fund,3101,State School Fund --General Support,54815141.36
2019-20,2057,Klamath County SD,100,General Fund,3103,Common School Fund,586179.23
2019-20,2057,Klamath County SD,100,General Fund,3104,State Managed County Timber,433211.21
2019-20,2057,Klamath County SD,100,General Fund,3199,Other Unrestricted Grants-In-Aid,121426.88
2019-20,2057,Klamath County SD,100,General Fund,4100,Unrestricted Revenue Direct From the Federal Government,27332.72
2019-20,2057,Klamath County SD,100,General Fund,1940,Services Provided Other Local Education Agencies,18480
2019-20,2057,Klamath County SD,100,General Fund,1960,Recovery of Prior Years' Expenditure,90044.65
2019-20,2057,Klamath County SD,100,General Fund,1980,Fees Charged to Grants,154204.77
2019-20,2057,Klamath County SD,100,General Fund,1990,Miscellaneous,586459.99
2019-20,2057,Klamath County SD,100,General Fund,2101,County School Funds,212701.45
2019-20,2057,Klamath County SD,100,General Fund,2800,Revenue in Lieu of Taxes,8410.58
2019-20,2057,Klamath County SD,100,General Fund,1420,Summer School Transportation,19751.76
2019-20,2057,Klamath County SD,100,General Fund,1500,Earnings on Investments,341342.64
2019-20,2057,Klamath County SD,100,General Fund,1700,Extra-Curricular Activities,170667.7
2019-20,2057,Klamath County SD,100,General Fund,1800,Community Services Activities,20661.2
2019-20,2057,Klamath County SD,100,General Fund,1910,Rentals,25923.9
2019-20,2057,Klamath County SD,100,General Fund,1920,Contributions and Donations From Private Sources,81513.05
2019-20,2058,Lake ESD,100,General Fund,1110,Ad valorem taxes levied by district,608896.27
2019-20,2058,Lake ESD,100,General Fund,1190,Penalties and interest on taxes,6033.64
2019-20,2058,Lake ESD,100,General Fund,1500,Earnings on Investments,11063.4
2019-20,2058,Lake ESD,100,General Fund,1700,Extra-Curricular Activities,220
2019-20,2058,Lake ESD,100,General Fund,1910,Rentals,61778
2019-20,2058,Lake ESD,100,General Fund,1980,Fees Charged to Grants,10321.32
2019-20,2058,Lake ESD,400,Capital Projects Funds,5200,Interfund Transfers,10000
2019-20,2058,Lake ESD,400,Capital Projects Funds,5400,Resources - Beginning Fund Balance,30333.23
2019-20,2058,Lake ESD,500,Enterprise Funds,1940,Services Provided Other Local Education Agencies,27722.19
2019-20,2058,Lake ESD,500,Enterprise Funds,1990,Miscellaneous,667.3
2019-20,2058,Lake ESD,500,Enterprise Funds,5400,Resources - Beginning Fund Balance,12555.29
2019-20,2058,Lake ESD,200,Special Revenue Funds,1990,Miscellaneous,54689.38
2019-20,2058,Lake ESD,200,Special Revenue Funds,2200,Restricted Revenue,67062.5
2019-20,2058,Lake ESD,200,Special Revenue Funds,3299,Other Restricted Grants-In-Aid,149826.29
2019-20,2058,Lake ESD,200,Special Revenue Funds,4500,Restricted Revenue From Federal Government Through the State,51336.76
2019-20,2058,Lake ESD,200,Special Revenue Funds,5400,Resources - Beginning Fund Balance,153073.37
2019-20,2058,Lake ESD,400,Capital Projects Funds,1970,Services Provided Other Funds,8837.63
2019-20,2058,Lake ESD,100,General Fund,1990,Miscellaneous,10312.73
2019-20,2058,Lake ESD,100,General Fund,3101,State School Fund --General Support,833025
2019-20,2058,Lake ESD,100,General Fund,4802,Impact Aid to School Districts for Operation,1066.82
2019-20,2058,Lake ESD,100,General Fund,5400,Resources - Beginning Fund Balance,336461.57
2019-20,2058,Lake ESD,200,Special Revenue Funds,1920,Contributions and Donations From Private Sources,8597.15
2019-20,2058,Lake ESD,200,Special Revenue Funds,1940,Services Provided Other Local Education Agencies,72470.16
2019-20,2059,Lake County SD 7,200,Special Revenue Funds,5400,Resources - Beginning Fund Balance,-176652
2019-20,2059,Lake County SD 7,200,Special Revenue Funds,3299,Other Restricted Grants-In-Aid,490363
2019-20,2059,Lake County SD 7,200,Special Revenue Funds,1700,Extra-Curricular Activities,302232.36
2019-20,2059,Lake County SD 7,400,Capital Projects Funds,5400,Resources - Beginning Fund Balance,335109.77
2019-20,2059,Lake County SD 7,600,Internal Service Funds,1990,Miscellaneous,53978.6
2019-20,2059,Lake County SD 7,600,Internal Service Funds,5400,Resources - Beginning Fund Balance,12298.79
2019-20,2059,Lake County SD 7,700,Trust and Agency Funds,1920,Contributions and Donations From Private Sources,4067
2019-20,2059,Lake County SD 7,700,Trust and Agency Funds,5400,Resources - Beginning Fund Balance,4559.8
2019-20,2059,Lake County SD 7,100,General Fund,3101,State School Fund --General Support,5563762.97
2019-20,2059,Lake County SD 7,200,Special Revenue Funds,1990,Miscellaneous,48775.57
2019-20,2059,Lake County SD 7,200,Special Revenue Funds,2200,Restricted Revenue,35584.31
2019-20,2059,Lake County SD 7,200,Special Revenue Funds,4500,Restricted Revenue From Federal Government Through the State,581963.11
2019-20,2059,Lake County SD 7,200,Special Revenue Funds,4700,Grants-In-Aid From Federal Government Through Other Intermed,4640.54
2019-20,2059,Lake County SD 7,400,Capital Projects Funds,1910,Rentals,2450
2019-20,2059,Lake County SD 7,400,Capital Projects Funds,1990,Miscellaneous,17835
2019-20,2059,Lake County SD 7,100,General Fund,3103,Common School Fund,56628.84
2019-20,2059,Lake County SD 7,100,General Fund,4500,Restricted Revenue From Federal Government Through the State,3755.4
2019-20,2059,Lake County SD 7,100,General Fund,5400,Resources - Beginning Fund Balance,1528847.26
2019-20,2059,Lake County SD 7,200,Special Revenue Funds,1500,Earnings on Investments,3859.93
2019-20,2059,Lake County SD 7,200,Special Revenue Funds,1600,Food Service,62072.4
2019-20,2059,Lake County SD 7,200,Special Revenue Funds,1920,Contributions and Donations From Private Sources,1298.43
2019-20,2059,Lake County SD 7,100,General Fund,1313,Tuition from Other Districts outside the State,90502.16
2019-20,2059,Lake County SD 7,100,General Fund,1500,Earnings on Investments,53953.93
2019-20,2059,Lake County SD 7,100,General Fund,1960,Recovery of Prior Years' Expenditure,19786.02
2019-20,2059,Lake County SD 7,100,General Fund,1990,Miscellaneous,30254.45
2019-20,2059,Lake County SD 7,100,General Fund,2199,Other Intermediate Sources,108210.13
2019-20,2059,Lake County SD 7,100,General Fund,2200,Restricted Revenue,154674.29
2019-20,2059,Lake County SD 7,200,Special Revenue Funds,5200,Interfund Transfers,528077.37
2019-20,2059,Lake County SD 7,400,Capital Projects Funds,1920,Contributions and Donations From Private Sources,19100
2019-20,2059,Lake County SD 7,400,Capital Projects Funds,5200,Interfund Transfers,102232.58
2019-20,2059,Lake County SD 7,600,Internal Service Funds,5200,Interfund Transfers,6000
2019-20,2059,Lake County SD 7,100,General Fund,1110,Ad valorem taxes levied by district,2752053.18
2019-20,2059,Lake County SD 7,100,General Fund,1190,Penalties and interest on taxes,28972.96
2019-20,2059,Lake County SD 7,100,General Fund,3199,Other Unrestricted Grants-In-Aid,43622.18
2019-20,2059,Lake County SD 7,100,General Fund,3299,Other Restricted Grants-In-Aid,21768.78
2019-20,2059,Lake County SD 7,100,General Fund,4700,Grants-In-Aid From Federal Government Through Other Intermed,2209.47
2019-20,2059,Lake County SD 7,100,General Fund,4801,Federal Forest Fees,361508.66
2019-20,2059,Lake County SD 7,200,Special Revenue Funds,1910,Rentals,2500
2019-20,2059,Lake County SD 7,200,Special Revenue Funds,4900,Revenue for/on Behalf of the District,24093.95
2019-20,2059,Lake County SD 7,200,Special Revenue Funds,4100,Unrestricted Revenue Direct From the Federal Government,30719.35
2019-20,2059,Lake County SD 7,100,General Fund,1312,Tuition from Other Districts within the State,75265.82
2019-20,2059,Lake County SD 7,100,General Fund,1700,Extra-Curricular Activities,4307
2019-20,2059,Lake County SD 7,100,General Fund,1910,Rentals,1079.46
2019-20,2059,Lake County SD 7,100,General Fund,1920,Contributions and Donations From Private Sources,100
2019-20,2060,Paisley SD 11,100,General Fund,1110,Ad valorem taxes levied by district,371931.96
2019-20,2060,Paisley SD 11,100,General Fund,1190,Penalties and interest on taxes,3475.85
2019-20,2060,Paisley SD 11,100,General Fund,1311,Tuition from Individuals,39998
2019-20,2060,Paisley SD 11,200,Special Revenue Funds,1700,Extra-Curricular Activities,26809
2019-20,2060,Paisley SD 11,200,Special Revenue Funds,1500,Earnings on Investments,3180.67
2019-20,2060,Paisley SD 11,200,Special Revenue Funds,5400,Resources - Beginning Fund Balance,121725.45
2019-20,2060,Paisley SD 11,400,Capital Projects Funds,5400,Resources - Beginning Fund Balance,255925.04
2019-20,2060,Paisley SD 11,200,Special Revenue Funds,4500,Restricted Revenue From Federal Government Through the State,24838.36
2019-20,2060,Paisley SD 11,200,Special Revenue Funds,5200,Interfund Transfers,182772
2019-20,2060,Paisley SD 11,300,Debt Service Funds,1110,Ad valorem taxes levied by district,607.16
2019-20,2060,Paisley SD 11,300,Debt Service Funds,1190,Penalties and interest on taxes,37.61
2019-20,2060,Paisley SD 11,400,Capital Projects Funds,1500,Earnings on Investments,4411.93
2019-20,2060,Paisley SD 11,400,Capital Projects Funds,5200,Interfund Transfers,276500
2019-20,2060,Paisley SD 11,100,General Fund,4801,Federal Forest Fees,30492.61
2019-20,2060,Paisley SD 11,100,General Fund,5400,Resources - Beginning Fund Balance,2419681.76
2019-20,2060,Paisley SD 11,200,Special Revenue Funds,1413,Transportation fees from Other District Outside the State,12000
2019-20,2060,Paisley SD 11,200,Special Revenue Funds,1910,Rentals,18530
2019-20,2060,Paisley SD 11,200,Special Revenue Funds,1990,Miscellaneous,12208.68
2019-20,2060,Paisley SD 11,200,Special Revenue Funds,4300,Restricted Revenue Direct From the Federal Government,22709
2019-20,2060,Paisley SD 11,100,General Fund,1500,Earnings on Investments,55235.18
2019-20,2060,Paisley SD 11,100,General Fund,1960,Recovery of Prior Years' Expenditure,8382.63
2019-20,2060,Paisley SD 11,100,General Fund,1990,Miscellaneous,20816.06
2019-20,2060,Paisley SD 11,100,General Fund,3101,State School Fund --General Support,2456212.13
2019-20,2060,Paisley SD 11,100,General Fund,3103,Common School Fund,5287.06
2019-20,2060,Paisley SD 11,100,General Fund,3299,Other Restricted Grants-In-Aid,53648.09
2019-20,2061,North Lake SD 14,100,General Fund,1110,Ad valorem taxes levied by district,917094.17
2019-20,2061,North Lake SD 14,100,General Fund,1190,Penalties and interest on taxes,8511.25
2019-20,2061,North Lake SD 14,100,General Fund,1500,Earnings on Investments,62691.21
2019-20,2061,North Lake SD 14,100,General Fund,1700,Extra-Curricular Activities,6832.15
2019-20,2061,North Lake SD 14,100,General Fund,1990,Miscellaneous,10915.35
2019-20,2061,North Lake SD 14,100,General Fund,2200,Restricted Revenue,110164.1
2019-20,2061,North Lake SD 14,700,Trust and Agency Funds,5400,Resources - Beginning Fund Balance,87007.37
2019-20,2061,North Lake SD 14,700,Trust and Agency Funds,1920,Contributions and Donations From Private Sources,4915.16
2019-20,2061,North Lake SD 14,100,General Fund,5400,Resources - Beginning Fund Balance,2328486
2019-20,2061,North Lake SD 14,300,Debt Service Funds,5400,Resources - Beginning Fund Balance,1184.29
2019-20,2061,North Lake SD 14,600,Internal Service Funds,5400,Resources - Beginning Fund Balance,71566.86
2019-20,2061,North Lake SD 14,200,Special Revenue Funds,5400,Resources - Beginning Fund Balance,88582.83
2019-20,2061,North Lake SD 14,400,Capital Projects Funds,5400,Resources - Beginning Fund Balance,323309.09
2019-20,2061,North Lake SD 14,400,Capital Projects Funds,3222,State School Fund (SSF) Transportation Equipment,52590
2019-20,2061,North Lake SD 14,400,Capital Projects Funds,3299,Other Restricted Grants-In-Aid,987649.31
2019-20,2061,North Lake SD 14,400,Capital Projects Funds,5100,Long Term Debt Financing Sources,4626504.9
2019-20,2061,North Lake SD 14,600,Internal Service Funds,1500,Earnings on Investments,1612.44
2019-20,2061,North Lake SD 14,700,Trust and Agency Funds,1500,Earnings on Investments,93.21
2019-20,2061,North Lake SD 14,700,Trust and Agency Funds,1700,Extra-Curricular Activities,97053.87
2019-20,2061,North Lake SD 14,200,Special Revenue Funds,4900,Revenue for/on Behalf of the District,7661.25
2019-20,2061,North Lake SD 14,200,Special Revenue Funds,5200,Interfund Transfers,47483
2019-20,2061,North Lake SD 14,300,Debt Service Funds,1110,Ad valorem taxes levied by district,223527.17
2019-20,2061,North Lake SD 14,300,Debt Service Funds,1190,Penalties and interest on taxes,172.42
2019-20,2061,North Lake SD 14,300,Debt Service Funds,1500,Earnings on Investments,1491.48
2019-20,2061,North Lake SD 14,400,Capital Projects Funds,1500,Earnings on Investments,83419.67
2019-20,2061,North Lake SD 14,200,Special Revenue Funds,1600,Food Service,11948.66
2019-20,2061,North Lake SD 14,200,Special Revenue Funds,1990,Miscellaneous,1365
2019-20,2061,North Lake SD 14,200,Special Revenue Funds,2200,Restricted Revenue,3605.9
2019-20,2061,North Lake SD 14,200,Special Revenue Funds,3299,Other Restricted Grants-In-Aid,94805.65
2019-20,2061,North Lake SD 14,200,Special Revenue Funds,4500,Restricted Revenue From Federal Government Through the State,254916.43
2019-20,2061,North Lake SD 14,200,Special Revenue Funds,4700,Grants-In-Aid From Federal Government Through Other Intermed,343.49
2019-20,2061,North Lake SD 14,100,General Fund,3101,State School Fund --General Support,2776805.86
2019-20,2061,North Lake SD 14,100,General Fund,3103,Common School Fund,16214.93
2019-20,2061,North Lake SD 14,100,General Fund,3299,Other Restricted Grants-In-Aid,8495.59
2019-20,2061,North Lake SD 14,100,General Fund,4801,Federal Forest Fees,110981.05
2019-20,2061,North Lake SD 14,100,General Fund,5200,Interfund Transfers,1184.29
2019-20,2061,North Lake SD 14,200,Special Revenue Funds,1500,Earnings on Investments,6.27
2019-20,2062,Plush SD 18,400,Capital Projects Funds,5200,Interfund Transfers,99962
2019-20,2062,Plush SD 18,100,General Fund,5400,Resources - Beginning Fund Balance,820582
2019-20,2062,Plush SD 18,200,Special Revenue Funds,5400,Resources - Beginning Fund Balance,39117
2019-20,2062,Plush SD 18,400,Capital Projects Funds,5400,Resources - Beginning Fund Balance,396811
2019-20,2062,Plush SD 18,100,General Fund,3103,Common School Fund,645
2019-20,2062,Plush SD 18,100,General Fund,3299,Other Restricted Grants-In-Aid,7491
2019-20,2062,Plush SD 18,400,Capital Projects Funds,3222,State School Fund (SSF) Transportation Equipment,5827
2019-20,2062,Plush SD 18,100,General Fund,4100,Unrestricted Revenue Direct From the Federal Government,4215
2019-20,2062,Plush SD 18,100,General Fund,4801,Federal Forest Fees,4353
2019-20,2062,Plush SD 18,200,Special Revenue Funds,4500,Restricted Revenue From Federal Government Through the State,24675
2019-20,2062,Plush SD 18,400,Capital Projects Funds,1500,Earnings on Investments,11358
2019-20,2062,Plush SD 18,100,General Fund,1910,Rentals,2400
2019-20,2062,Plush SD 18,100,General Fund,1920,Contributions and Donations From Private Sources,20
2019-20,2062,Plush SD 18,100,General Fund,1940,Services Provided Other Local Education Agencies,800
2019-20,2062,Plush SD 18,100,General Fund,1990,Miscellaneous,1086
2019-20,2062,Plush SD 18,100,General Fund,3101,State School Fund --General Support,346440
2019-20,2062,Plush SD 18,100,General Fund,1110,Ad valorem taxes levied by district,37558
2019-20,2062,Plush SD 18,100,General Fund,1190,Penalties and interest on taxes,492
2019-20,2062,Plush SD 18,100,General Fund,1312,Tuition from Other Districts within the State,34350
2019-20,2062,Plush SD 18,100,General Fund,1500,Earnings on Investments,17036
2019-20,2063,Adel SD 21,100,General Fund,1110,Ad valorem taxes levied by district,204459.48
2019-20,2063,Adel SD 21,100,General Fund,1190,Penalties and interest on taxes,2387.38
2019-20,2063,Adel SD 21,100,General Fund,1500,Earnings on Investments,9847.06
2019-20,2063,Adel SD 21,100,General Fund,1910,Rentals,200
2019-20,2063,Adel SD 21,100,General Fund,1990,Miscellaneous,3426.55
2019-20,2063,Adel SD 21,100,General Fund,3101,State School Fund --General Support,116227.77
2019-20,2063,Adel SD 21,400,Capital Projects Funds,5200,Interfund Transfers,44900
2019-20,2063,Adel SD 21,400,Capital Projects Funds,5400,Resources - Beginning Fund Balance,127966.94
2019-20,2063,Adel SD 21,100,General Fund,3103,Common School Fund,766.94
2019-20,2063,Adel SD 21,100,General Fund,4801,Federal Forest Fees,5247.63
2019-20,2063,Adel SD 21,100,General Fund,4802,Impact Aid to School Districts for Operation,77.98
2019-20,2063,Adel SD 21,100,General Fund,5400,Resources - Beginning Fund Balance,460044.65
2019-20,2063,Adel SD 21,200,Special Revenue Funds,4500,Restricted Revenue From Federal Government Through the State,18052.25
2019-20,2063,Adel SD 21,400,Capital Projects Funds,1500,Earnings on Investments,1540
2019-20,2064,Lane ESD,100,General Fund,1110,Ad valorem taxes levied by district,7487278.06
2019-20,2064,Lane ESD,100,General Fund,1190,Penalties and interest on taxes,25053.98
2019-20,2064,Lane ESD,100,General Fund,1500,Earnings on Investments,153565.21
2019-20,2064,Lane ESD,100,General Fund,1910,Rentals,29989
2019-20,2064,Lane ESD,100,General Fund,1940,Services Provided Other Local Education Agencies,742057.01
2019-20,2064,Lane ESD,100,General Fund,1980,Fees Charged to Grants,279378.47
2019-20,2064,Lane ESD,400,Capital Projects Funds,5100,Long Term Debt Financing Sources,730000
2019-20,2064,Lane ESD,400,Capital Projects Funds,5200,Interfund Transfers,150000
2019-20,2064,Lane ESD,400,Capital Projects Funds,5400,Resources - Beginning Fund Balance,158985.68
2019-20,2064,Lane ESD,600,Internal Service Funds,1970,Services Provided Other Funds,139126
2019-20,2064,Lane ESD,600,Internal Service Funds,5300,Sale of or Compensation for Loss of Fixed Assets,2948
2019-20,2064,Lane ESD,600,Internal Service Funds,5400,Resources - Beginning Fund Balance,488242.16
2019-20,2064,Lane ESD,200,Special Revenue Funds,5200,Interfund Transfers,155480.81
2019-20,2064,Lane ESD,200,Special Revenue Funds,5400,Resources - Beginning Fund Balance,282641.15
2019-20,2064,Lane ESD,300,Debt Service Funds,1500,Earnings on Investments,7959.54
2019-20,2064,Lane ESD,300,Debt Service Funds,1970,Services Provided Other Funds,733719.89
2019-20,2064,Lane ESD,300,Debt Service Funds,5400,Resources - Beginning Fund Balance,51613.51
2019-20,2064,Lane ESD,400,Capital Projects Funds,1990,Miscellaneous,215643.14
2019-20,2064,Lane ESD,200,Special Revenue Funds,1990,Miscellaneous,192264.4
2019-20,2064,Lane ESD,200,Special Revenue Funds,3299,Other Restricted Grants-In-Aid,12405390.47
2019-20,2064,Lane ESD,200,Special Revenue Funds,4300,Restricted Revenue Direct From the Federal Government,184192.58
2019-20,2064,Lane ESD,200,Special Revenue Funds,4500,Restricted Revenue From Federal Government Through the State,4383815.91
2019-20,2064,Lane ESD,200,Special Revenue Funds,4700,Grants-In-Aid From Federal Government Through Other Intermed,68351.36
2019-20,2064,Lane ESD,200,Special Revenue Funds,4900,Revenue for/on Behalf of the District,2830.84
2019-20,2064,Lane ESD,100,General Fund,1990,Miscellaneous,315517.37
2019-20,2064,Lane ESD,100,General Fund,3101,State School Fund --General Support,14203731.52
2019-20,2064,Lane ESD,100,General Fund,3104,State Managed County Timber,92603
2019-20,2064,Lane ESD,100,General Fund,5400,Resources - Beginning Fund Balance,2623637.02
2019-20,2064,Lane ESD,200,Special Revenue Funds,1920,Contributions and Donations From Private Sources,266854.16
2019-20,2064,Lane ESD,200,Special Revenue Funds,1940,Services Provided Other Local Education Agencies,1702848.23
2019-20,2081,Pleasant Hill SD 1,100,General Fund,1110,Ad valorem taxes levied by district,3048797.31
2019-20,2081,Pleasant Hill SD 1,100,General Fund,1190,Penalties and interest on taxes,11218.66
2019-20,2081,Pleasant Hill SD 1,100,General Fund,1411,Transportation fees from Individuals,4585.91
2019-20,2081,Pleasant Hill SD 1,100,General Fund,1500,Earnings on Investments,134989.1
2019-20,2081,Pleasant Hill SD 1,100,General Fund,1700,Extra-Curricular Activities,44658.72
2019-20,2081,Pleasant Hill SD 1,100,General Fund,1910,Rentals,3502.5
2019-20,2081,Pleasant Hill SD 1,300,Debt Service Funds,5400,Resources - Beginning Fund Balance,248621.6
2019-20,2081,Pleasant Hill SD 1,200,Special Revenue Funds,4700,Grants-In-Aid From Federal Government Through Other Intermed,59390.48
2019-20,2081,Pleasant Hill SD 1,200,Special Revenue Funds,5200,Interfund Transfers,400000
2019-20,2081,Pleasant Hill SD 1,200,Special Revenue Funds,5400,Resources - Beginning Fund Balance,1102739.29
2019-20,2081,Pleasant Hill SD 1,300,Debt Service Funds,1110,Ad valorem taxes levied by district,1192420.02
2019-20,2081,Pleasant Hill SD 1,300,Debt Service Funds,1190,Penalties and interest on taxes,4378.89
2019-20,2081,Pleasant Hill SD 1,300,Debt Service Funds,1500,Earnings on Investments,9571.35
2019-20,2081,Pleasant Hill SD 1,200,Special Revenue Funds,1920,Contributions and Donations From Private Sources,119788.73
2019-20,2081,Pleasant Hill SD 1,200,Special Revenue Funds,1990,Miscellaneous,47175.17
2019-20,2081,Pleasant Hill SD 1,200,Special Revenue Funds,2200,Restricted Revenue,9108.81
2019-20,2081,Pleasant Hill SD 1,200,Special Revenue Funds,3102,State School Fund--School Lunch Match,3295.03
2019-20,2081,Pleasant Hill SD 1,200,Special Revenue Funds,3299,Other Restricted Grants-In-Aid,300016.62
2019-20,2081,Pleasant Hill SD 1,200,Special Revenue Funds,4500,Restricted Revenue From Federal Government Through the State,739465.85
2019-20,2081,Pleasant Hill SD 1,100,General Fund,3299,Other Restricted Grants-In-Aid,28195.01
2019-20,2081,Pleasant Hill SD 1,100,General Fund,5300,Sale of or Compensation for Loss of Fixed Assets,4053
2019-20,2081,Pleasant Hill SD 1,100,General Fund,5400,Resources - Beginning Fund Balance,3159400.64
2019-20,2081,Pleasant Hill SD 1,200,Special Revenue Funds,1500,Earnings on Investments,258.61
2019-20,2081,Pleasant Hill SD 1,200,Special Revenue Funds,1600,Food Service,104654.42
2019-20,2081,Pleasant Hill SD 1,200,Special Revenue Funds,1700,Extra-Curricular Activities,167845.1
2019-20,2081,Pleasant Hill SD 1,100,General Fund,1990,Miscellaneous,32177.19
2019-20,2081,Pleasant Hill SD 1,100,General Fund,2101,County School Funds,78484.12
2019-20,2081,Pleasant Hill SD 1,100,General Fund,2200,Restricted Revenue,86664.06
2019-20,2081,Pleasant Hill SD 1,100,General Fund,3101,State School Fund --General Support,7296590.03
2019-20,2081,Pleasant Hill SD 1,100,General Fund,3103,Common School Fund,110779.78
2019-20,2081,Pleasant Hill SD 1,100,General Fund,3199,Other Unrestricted Grants-In-Aid,64498.99
2019-20,2082,Eugene SD 4J,100,General Fund,1110,Ad valorem taxes levied by district,73121818.59
2019-20,2082,Eugene SD 4J,100,General Fund,1120,Local option ad valorem taxes levied by district,18445728.53
2019-20,2082,Eugene SD 4J,100,General Fund,1190,Penalties and interest on taxes,254929.57
2019-20,2082,Eugene SD 4J,100,General Fund,1200,Revenue From Local Governmental Units Other Than Districts,27850.18
2019-20,2082,Eugene SD 4J,100,General Fund,1312,Tuition from Other Districts within the State,832
2019-20,2082,Eugene SD 4J,100,General Fund,1500,Earnings on Investments,1595663.85
2019-20,2082,Eugene SD 4J,600,Internal Service Funds,5400,Resources - Beginning Fund Balance,14290333
2019-20,2082,Eugene SD 4J,700,Trust and Agency Funds,1920,Contributions and Donations From Private Sources,45150.84
2019-20,2082,Eugene SD 4J,700,Trust and Agency Funds,3204,Driver Education,275
2019-20,2082,Eugene SD 4J,100,General Fund,5400,Resources - Beginning Fund Balance,36564019
2019-20,2082,Eugene SD 4J,200,Special Revenue Funds,5400,Resources - Beginning Fund Balance,10475648
2019-20,2082,Eugene SD 4J,300,Debt Service Funds,5400,Resources - Beginning Fund Balance,2627381
2019-20,2082,Eugene SD 4J,400,Capital Projects Funds,5400,Resources - Beginning Fund Balance,211673276
2019-20,2082,Eugene SD 4J,400,Capital Projects Funds,5300,Sale of or Compensation for Loss of Fixed Assets,70077.24
2019-20,2082,Eugene SD 4J,600,Internal Service Funds,1500,Earnings on Investments,109955
2019-20,2082,Eugene SD 4J,600,Internal Service Funds,1960,Recovery of Prior Years' Expenditure,2979.33
2019-20,2082,Eugene SD 4J,600,Internal Service Funds,1990,Miscellaneous,33745371.07
2019-20,2082,Eugene SD 4J,600,Internal Service Funds,3900,Revenue for/on Behalf of the District,241708.11
2019-20,2082,Eugene SD 4J,600,Internal Service Funds,5200,Interfund Transfers,852138
2019-20,2082,Eugene SD 4J,300,Debt Service Funds,1990,Miscellaneous,5224264.92
2019-20,2082,Eugene SD 4J,300,Debt Service Funds,4900,Revenue for/on Behalf of the District,663405
2019-20,2082,Eugene SD 4J,400,Capital Projects Funds,1500,Earnings on Investments,2875286.58
2019-20,2082,Eugene SD 4J,400,Capital Projects Funds,1990,Miscellaneous,275401.33
2019-20,2082,Eugene SD 4J,400,Capital Projects Funds,3222,State School Fund (SSF) Transportation Equipment,957767
2019-20,2082,Eugene SD 4J,400,Capital Projects Funds,5200,Interfund Transfers,2250000
2019-20,2082,Eugene SD 4J,200,Special Revenue Funds,4500,Restricted Revenue From Federal Government Through the State,13245706.23
2019-20,2082,Eugene SD 4J,200,Special Revenue Funds,4900,Revenue for/on Behalf of the District,364871.12
2019-20,2082,Eugene SD 4J,200,Special Revenue Funds,5200,Interfund Transfers,2966075
2019-20,2082,Eugene SD 4J,300,Debt Service Funds,1110,Ad valorem taxes levied by district,34661522
2019-20,2082,Eugene SD 4J,300,Debt Service Funds,1190,Penalties and interest on taxes,83614
2019-20,2082,Eugene SD 4J,300,Debt Service Funds,1500,Earnings on Investments,350594.42
2019-20,2082,Eugene SD 4J,200,Special Revenue Funds,2199,Other Intermediate Sources,5321
2019-20,2082,Eugene SD 4J,200,Special Revenue Funds,3102,State School Fund--School Lunch Match,48059.19
2019-20,2082,Eugene SD 4J,200,Special Revenue Funds,3199,Other Unrestricted Grants-In-Aid,14111.48
2019-20,2082,Eugene SD 4J,200,Special Revenue Funds,3299,Other Restricted Grants-In-Aid,3133435.94
2019-20,2082,Eugene SD 4J,200,Special Revenue Funds,3900,Revenue for/on Behalf of the District,333600.39
2019-20,2082,Eugene SD 4J,200,Special Revenue Funds,4300,Restricted Revenue Direct From the Federal Government,352498.34
2019-20,2082,Eugene SD 4J,200,Special Revenue Funds,1700,Extra-Curricular Activities,2482642.8
2019-20,2082,Eugene SD 4J,200,Special Revenue Funds,1800,Community Services Activities,501.83
2019-20,2082,Eugene SD 4J,200,Special Revenue Funds,1910,Rentals,46384.5
2019-20,2082,Eugene SD 4J,200,Special Revenue Funds,1920,Contributions and Donations From Private Sources,1001166.16
2019-20,2082,Eugene SD 4J,200,Special Revenue Funds,1990,Miscellaneous,1490118.78
2019-20,2082,Eugene SD 4J,200,Special Revenue Funds,2102,General Education Service District Funds,68425
2019-20,2082,Eugene SD 4J,100,General Fund,3900,Revenue for/on Behalf of the District,67648.38
2019-20,2082,Eugene SD 4J,100,General Fund,4801,Federal Forest Fees,635012.31
2019-20,2082,Eugene SD 4J,100,General Fund,4900,Revenue for/on Behalf of the District,150
2019-20,2082,Eugene SD 4J,100,General Fund,5200,Interfund Transfers,757005.44
2019-20,2082,Eugene SD 4J,200,Special Revenue Funds,1312,Tuition from Other Districts within the State,124650
2019-20,2082,Eugene SD 4J,200,Special Revenue Funds,1600,Food Service,825345.51
2019-20,2082,Eugene SD 4J,100,General Fund,1990,Miscellaneous,974870.63
2019-20,2082,Eugene SD 4J,100,General Fund,2101,County School Funds,636305.6
2019-20,2082,Eugene SD 4J,100,General Fund,2102,General Education Service District Funds,2751075
2019-20,2082,Eugene SD 4J,100,General Fund,3101,State School Fund --General Support,98011939.4
2019-20,2082,Eugene SD 4J,100,General Fund,3103,Common School Fund,1794923.66
2019-20,2082,Eugene SD 4J,100,General Fund,3199,Other Unrestricted Grants-In-Aid,1211241.51
2019-20,2082,Eugene SD 4J,100,General Fund,1700,Extra-Curricular Activities,268166.64
2019-20,2082,Eugene SD 4J,100,General Fund,1800,Community Services Activities,102790.52
2019-20,2082,Eugene SD 4J,100,General Fund,1910,Rentals,276105.23
2019-20,2082,Eugene SD 4J,100,General Fund,1920,Contributions and Donations From Private Sources,1825
2019-20,2082,Eugene SD 4J,100,General Fund,1960,Recovery of Prior Years' Expenditure,627.13
2019-20,2082,Eugene SD 4J,100,General Fund,1980,Fees Charged to Grants,512594.48
2019-20,2083,Springfield SD 19,100,General Fund,1500,Earnings on Investments,767966.81
2019-20,2083,Springfield SD 19,100,General Fund,1960,Recovery of Prior Years' Expenditure,357.49
2019-20,2083,Springfield SD 19,100,General Fund,4500,Restricted Revenue From Federal Government Through the State,2405.45
2019-20,2083,Springfield SD 19,100,General Fund,1110,Ad valorem taxes levied by district,27001245.27
2019-20,2083,Springfield SD 19,100,General Fund,1312,Tuition from Other Districts within the State,32684.31
2019-20,2083,Springfield SD 19,100,General Fund,1330,Summer School Tuition,625
2019-20,2083,Springfield SD 19,700,Trust and Agency Funds,1970,Services Provided Other Funds,550000
2019-20,2083,Springfield SD 19,700,Trust and Agency Funds,5400,Resources - Beginning Fund Balance,522268.86
2019-20,2083,Springfield SD 19,200,Special Revenue Funds,1500,Earnings on Investments,78144.92
2019-20,2083,Springfield SD 19,300,Debt Service Funds,1500,Earnings on Investments,130225.59
2019-20,2083,Springfield SD 19,400,Capital Projects Funds,1500,Earnings on Investments,72222.64
2019-20,2083,Springfield SD 19,600,Internal Service Funds,1500,Earnings on Investments,57949.73
2019-20,2083,Springfield SD 19,400,Capital Projects Funds,4700,Grants-In-Aid From Federal Government Through Other Intermed,42481.4
2019-20,2083,Springfield SD 19,400,Capital Projects Funds,5300,Sale of or Compensation for Loss of Fixed Assets,1759063.54
2019-20,2083,Springfield SD 19,400,Capital Projects Funds,5400,Resources - Beginning Fund Balance,4262480.09
2019-20,2083,Springfield SD 19,600,Internal Service Funds,1970,Services Provided Other Funds,19588110.92
2019-20,2083,Springfield SD 19,600,Internal Service Funds,1990,Miscellaneous,318761.13
2019-20,2083,Springfield SD 19,600,Internal Service Funds,5400,Resources - Beginning Fund Balance,3490226.65
2019-20,2083,Springfield SD 19,300,Debt Service Funds,1110,Ad valorem taxes levied by district,7194823.47
2019-20,2083,Springfield SD 19,300,Debt Service Funds,1970,Services Provided Other Funds,5074289.38
2019-20,2083,Springfield SD 19,300,Debt Service Funds,5200,Interfund Transfers,421996
2019-20,2083,Springfield SD 19,300,Debt Service Funds,5400,Resources - Beginning Fund Balance,1346857.86
2019-20,2083,Springfield SD 19,400,Capital Projects Funds,1910,Rentals,45797.62
2019-20,2083,Springfield SD 19,400,Capital Projects Funds,1990,Miscellaneous,510461.02
2019-20,2083,Springfield SD 19,200,Special Revenue Funds,4700,Grants-In-Aid From Federal Government Through Other Intermed,255803.75
2019-20,2083,Springfield SD 19,200,Special Revenue Funds,4900,Revenue for/on Behalf of the District,299792.75
2019-20,2083,Springfield SD 19,200,Special Revenue Funds,5100,Long Term Debt Financing Sources,654375
2019-20,2083,Springfield SD 19,200,Special Revenue Funds,5200,Interfund Transfers,2330000
2019-20,2083,Springfield SD 19,200,Special Revenue Funds,5300,Sale of or Compensation for Loss of Fixed Assets,66218.38
2019-20,2083,Springfield SD 19,200,Special Revenue Funds,5400,Resources - Beginning Fund Balance,6442573.03
2019-20,2083,Springfield SD 19,200,Special Revenue Funds,3102,State School Fund--School Lunch Match,40529.54
2019-20,2083,Springfield SD 19,200,Special Revenue Funds,3199,Other Unrestricted Grants-In-Aid,294573.42
2019-20,2083,Springfield SD 19,200,Special Revenue Funds,3222,State School Fund (SSF) Transportation Equipment,460963.13
2019-20,2083,Springfield SD 19,200,Special Revenue Funds,3299,Other Restricted Grants-In-Aid,3343044.42
2019-20,2083,Springfield SD 19,200,Special Revenue Funds,4300,Restricted Revenue Direct From the Federal Government,58250.46
2019-20,2083,Springfield SD 19,200,Special Revenue Funds,4500,Restricted Revenue From Federal Government Through the State,9968666.68
2019-20,2083,Springfield SD 19,200,Special Revenue Funds,1700,Extra-Curricular Activities,1471931.28
2019-20,2083,Springfield SD 19,200,Special Revenue Funds,1800,Community Services Activities,60775.43
2019-20,2083,Springfield SD 19,200,Special Revenue Funds,1910,Rentals,59746.18
2019-20,2083,Springfield SD 19,200,Special Revenue Funds,1920,Contributions and Donations From Private Sources,531777.18
2019-20,2083,Springfield SD 19,200,Special Revenue Funds,1980,Fees Charged to Grants,500748.2
2019-20,2083,Springfield SD 19,200,Special Revenue Funds,1990,Miscellaneous,874565.02
2019-20,2083,Springfield SD 19,100,General Fund,5100,Long Term Debt Financing Sources,1000000
2019-20,2083,Springfield SD 19,100,General Fund,5300,Sale of or Compensation for Loss of Fixed Assets,157.5
2019-20,2083,Springfield SD 19,100,General Fund,5400,Resources - Beginning Fund Balance,10703354.37
2019-20,2083,Springfield SD 19,200,Special Revenue Funds,1200,Revenue From Local Governmental Units Other Than Districts,130267.73
2019-20,2083,Springfield SD 19,200,Special Revenue Funds,1330,Summer School Tuition,50
2019-20,2083,Springfield SD 19,200,Special Revenue Funds,1600,Food Service,336593.12
2019-20,2083,Springfield SD 19,100,General Fund,2102,General Education Service District Funds,1657409
2019-20,2083,Springfield SD 19,100,General Fund,2199,Other Intermediate Sources,116725
2019-20,2083,Springfield SD 19,100,General Fund,3101,State School Fund --General Support,82051963.37
2019-20,2083,Springfield SD 19,100,General Fund,3103,Common School Fund,1169648.63
2019-20,2083,Springfield SD 19,100,General Fund,4200,Unrestricted Revenue From Federal Government Through State,46340.31
2019-20,2083,Springfield SD 19,100,General Fund,4801,Federal Forest Fees,396232.36
2019-20,2083,Springfield SD 19,100,General Fund,1411,Transportation fees from Individuals,11309.94
2019-20,2083,Springfield SD 19,100,General Fund,1412,Transportation fees from Other Districts within the State,3851.43
2019-20,2083,Springfield SD 19,100,General Fund,1910,Rentals,43696.5
2019-20,2083,Springfield SD 19,100,General Fund,1920,Contributions and Donations From Private Sources,504
2019-20,2083,Springfield SD 19,100,General Fund,1990,Miscellaneous,131165.89
2019-20,2083,Springfield SD 19,100,General Fund,2101,County School Funds,395840.79
2019-20,2084,Fern Ridge SD 28J,100,General Fund,1110,Ad valorem taxes levied by district,4580255.25
2019-20,2084,Fern Ridge SD 28J,100,General Fund,1190,Penalties and interest on taxes,20029.56
2019-20,2084,Fern Ridge SD 28J,100,General Fund,1412,Transportation fees from Other Districts within the State,1422
2019-20,2084,Fern Ridge SD 28J,100,General Fund,1500,Earnings on Investments,108864.86
2019-20,2084,Fern Ridge SD 28J,100,General Fund,1700,Extra-Curricular Activities,1664.8
2019-20,2084,Fern Ridge SD 28J,100,General Fund,1910,Rentals,3516.16
2019-20,2084,Fern Ridge SD 28J,300,Debt Service Funds,1970,Services Provided Other Funds,657402.87
2019-20,2084,Fern Ridge SD 28J,300,Debt Service Funds,1990,Miscellaneous,266
2019-20,2084,Fern Ridge SD 28J,300,Debt Service Funds,5400,Resources - Beginning Fund Balance,76503.85
2019-20,2084,Fern Ridge SD 28J,400,Capital Projects Funds,1500,Earnings on Investments,27.09
2019-20,2084,Fern Ridge SD 28J,400,Capital Projects Funds,5400,Resources - Beginning Fund Balance,127685.47
2019-20,2084,Fern Ridge SD 28J,200,Special Revenue Funds,4700,Grants-In-Aid From Federal Government Through Other Intermed,168977.64
2019-20,2084,Fern Ridge SD 28J,200,Special Revenue Funds,5200,Interfund Transfers,949914.13
2019-20,2084,Fern Ridge SD 28J,200,Special Revenue Funds,5400,Resources - Beginning Fund Balance,3303585.84
2019-20,2084,Fern Ridge SD 28J,300,Debt Service Funds,1110,Ad valorem taxes levied by district,2077792.24
2019-20,2084,Fern Ridge SD 28J,300,Debt Service Funds,1190,Penalties and interest on taxes,3507.04
2019-20,2084,Fern Ridge SD 28J,300,Debt Service Funds,1500,Earnings on Investments,18346.72
2019-20,2084,Fern Ridge SD 28J,200,Special Revenue Funds,1700,Extra-Curricular Activities,254721.65
2019-20,2084,Fern Ridge SD 28J,200,Special Revenue Funds,1920,Contributions and Donations From Private Sources,30740
2019-20,2084,Fern Ridge SD 28J,200,Special Revenue Funds,1990,Miscellaneous,102258.45
2019-20,2084,Fern Ridge SD 28J,200,Special Revenue Funds,3101,State School Fund --General Support,775543.85
2019-20,2084,Fern Ridge SD 28J,200,Special Revenue Funds,3299,Other Restricted Grants-In-Aid,323040.71
2019-20,2084,Fern Ridge SD 28J,200,Special Revenue Funds,4500,Restricted Revenue From Federal Government Through the State,1293430.78
2019-20,2084,Fern Ridge SD 28J,100,General Fund,4801,Federal Forest Fees,55621.68
2019-20,2084,Fern Ridge SD 28J,100,General Fund,5400,Resources - Beginning Fund Balance,2484485.97
2019-20,2084,Fern Ridge SD 28J,200,Special Revenue Funds,1130,Construction Excise Tax,75986.6
2019-20,2084,Fern Ridge SD 28J,200,Special Revenue Funds,1411,Transportation fees from Individuals,412.67
2019-20,2084,Fern Ridge SD 28J,200,Special Revenue Funds,1500,Earnings on Investments,61190.13
2019-20,2084,Fern Ridge SD 28J,200,Special Revenue Funds,1600,Food Service,115451.97
2019-20,2084,Fern Ridge SD 28J,100,General Fund,2102,General Education Service District Funds,177626
2019-20,2084,Fern Ridge SD 28J,100,General Fund,3101,State School Fund --General Support,9521814.39
2019-20,2084,Fern Ridge SD 28J,100,General Fund,3103,Common School Fund,156941.04
2019-20,2084,Fern Ridge SD 28J,100,General Fund,3104,State Managed County Timber,1077924.71
2019-20,2084,Fern Ridge SD 28J,100,General Fund,3299,Other Restricted Grants-In-Aid,1177.6
2019-20,2084,Fern Ridge SD 28J,100,General Fund,4500,Restricted Revenue From Federal Government Through the State,300
2019-20,2084,Fern Ridge SD 28J,100,General Fund,1930,Rental or Lease Payments from Private Contractors,14320.72
2019-20,2084,Fern Ridge SD 28J,100,General Fund,1940,Services Provided Other Local Education Agencies,2684.57
2019-20,2084,Fern Ridge SD 28J,100,General Fund,1960,Recovery of Prior Years' Expenditure,3605.93
2019-20,2084,Fern Ridge SD 28J,100,General Fund,1980,Fees Charged to Grants,20840.69
2019-20,2084,Fern Ridge SD 28J,100,General Fund,1990,Miscellaneous,1589.73
2019-20,2084,Fern Ridge SD 28J,100,General Fund,2101,County School Funds,55566.72
2019-20,2085,Mapleton SD 32,100,General Fund,1110,Ad valorem taxes levied by district,692232.58
2019-20,2085,Mapleton SD 32,100,General Fund,1190,Penalties and interest on taxes,2429.17
2019-20,2085,Mapleton SD 32,100,General Fund,1500,Earnings on Investments,50573.21
2019-20,2085,Mapleton SD 32,100,General Fund,1910,Rentals,4800
2019-20,2085,Mapleton SD 32,100,General Fund,1920,Contributions and Donations From Private Sources,4221.79
2019-20,2085,Mapleton SD 32,100,General Fund,1960,Recovery of Prior Years' Expenditure,10346.43
2019-20,2085,Mapleton SD 32,300,Debt Service Funds,5400,Resources - Beginning Fund Balance,11341.1
2019-20,2085,Mapleton SD 32,400,Capital Projects Funds,5400,Resources - Beginning Fund Balance,130186.57
2019-20,2085,Mapleton SD 32,300,Debt Service Funds,1190,Penalties and interest on taxes,433.12
2019-20,2085,Mapleton SD 32,400,Capital Projects Funds,1500,Earnings on Investments,1744.33
2019-20,2085,Mapleton SD 32,400,Capital Projects Funds,3299,Other Restricted Grants-In-Aid,73439.07
2019-20,2085,Mapleton SD 32,400,Capital Projects Funds,5200,Interfund Transfers,125000
2019-20,2085,Mapleton SD 32,100,General Fund,5400,Resources - Beginning Fund Balance,1519795
2019-20,2085,Mapleton SD 32,200,Special Revenue Funds,5400,Resources - Beginning Fund Balance,213454.26
2019-20,2085,Mapleton SD 32,200,Special Revenue Funds,2200,Restricted Revenue,23684.67
2019-20,2085,Mapleton SD 32,200,Special Revenue Funds,3102,State School Fund--School Lunch Match,866.64
2019-20,2085,Mapleton SD 32,200,Special Revenue Funds,3299,Other Restricted Grants-In-Aid,78109.4
2019-20,2085,Mapleton SD 32,200,Special Revenue Funds,4500,Restricted Revenue From Federal Government Through the State,294502.59
2019-20,2085,Mapleton SD 32,200,Special Revenue Funds,5200,Interfund Transfers,155000
2019-20,2085,Mapleton SD 32,300,Debt Service Funds,1110,Ad valorem taxes levied by district,187112.62
2019-20,2085,Mapleton SD 32,100,General Fund,3299,Other Restricted Grants-In-Aid,7231.86
2019-20,2085,Mapleton SD 32,100,General Fund,5300,Sale of or Compensation for Loss of Fixed Assets,7000.04
2019-20,2085,Mapleton SD 32,200,Special Revenue Funds,1500,Earnings on Investments,1449.08
2019-20,2085,Mapleton SD 32,200,Special Revenue Funds,1600,Food Service,811.25
2019-20,2085,Mapleton SD 32,200,Special Revenue Funds,1920,Contributions and Donations From Private Sources,118570.04
2019-20,2085,Mapleton SD 32,200,Special Revenue Funds,1990,Miscellaneous,42292.49
2019-20,2085,Mapleton SD 32,100,General Fund,2101,County School Funds,11477.13
2019-20,2085,Mapleton SD 32,100,General Fund,2102,General Education Service District Funds,18000
2019-20,2085,Mapleton SD 32,100,General Fund,3101,State School Fund --General Support,1639870.68
2019-20,2085,Mapleton SD 32,100,General Fund,3103,Common School Fund,16199.67
2019-20,2085,Mapleton SD 32,100,General Fund,3104,State Managed County Timber,780744.33
2019-20,2085,Mapleton SD 32,100,General Fund,3199,Other Unrestricted Grants-In-Aid,11644.4
2019-20,2086,Creswell SD 40,100,General Fund,1110,Ad valorem taxes levied by district,3422783.76
2019-20,2086,Creswell SD 40,100,General Fund,1500,Earnings on Investments,107029.74
2019-20,2086,Creswell SD 40,100,General Fund,1700,Extra-Curricular Activities,1008.96
2019-20,2086,Creswell SD 40,100,General Fund,1910,Rentals,11631.9
2019-20,2086,Creswell SD 40,100,General Fund,1920,Contributions and Donations From Private Sources,876.27
2019-20,2086,Creswell SD 40,100,General Fund,1940,Services Provided Other Local Education Agencies,1192.14
2019-20,2086,Creswell SD 40,300,Debt Service Funds,5400,Resources - Beginning Fund Balance,284948.18
2019-20,2086,Creswell SD 40,200,Special Revenue Funds,4900,Revenue for/on Behalf of the District,29521.74
2019-20,2086,Creswell SD 40,200,Special Revenue Funds,5200,Interfund Transfers,273269.01
2019-20,2086,Creswell SD 40,200,Special Revenue Funds,5400,Resources - Beginning Fund Balance,1618806.74
2019-20,2086,Creswell SD 40,300,Debt Service Funds,1110,Ad valorem taxes levied by district,1602539.81
2019-20,2086,Creswell SD 40,300,Debt Service Funds,1500,Earnings on Investments,30063.68
2019-20,2086,Creswell SD 40,300,Debt Service Funds,1970,Services Provided Other Funds,402703.64
2019-20,2086,Creswell SD 40,200,Special Revenue Funds,1920,Contributions and Donations From Private Sources,194066.8
2019-20,2086,Creswell SD 40,200,Special Revenue Funds,1990,Miscellaneous,29012.9
2019-20,2086,Creswell SD 40,200,Special Revenue Funds,3102,State School Fund--School Lunch Match,4707.98
2019-20,2086,Creswell SD 40,200,Special Revenue Funds,3222,State School Fund (SSF) Transportation Equipment,66726.12
2019-20,2086,Creswell SD 40,200,Special Revenue Funds,3299,Other Restricted Grants-In-Aid,307328.27
2019-20,2086,Creswell SD 40,200,Special Revenue Funds,4500,Restricted Revenue From Federal Government Through the State,919887.4
2019-20,2086,Creswell SD 40,100,General Fund,4801,Federal Forest Fees,48119.2
2019-20,2086,Creswell SD 40,100,General Fund,5400,Resources - Beginning Fund Balance,2236419.31
2019-20,2086,Creswell SD 40,200,Special Revenue Funds,1130,Construction Excise Tax,7093.91
2019-20,2086,Creswell SD 40,200,Special Revenue Funds,1500,Earnings on Investments,20084.74
2019-20,2086,Creswell SD 40,200,Special Revenue Funds,1600,Food Service,80052.35
2019-20,2086,Creswell SD 40,200,Special Revenue Funds,1700,Extra-Curricular Activities,181167.68
2019-20,2086,Creswell SD 40,100,General Fund,1990,Miscellaneous,185138.31
2019-20,2086,Creswell SD 40,100,General Fund,2101,County School Funds,48071.65
2019-20,2086,Creswell SD 40,100,General Fund,2800,Revenue in Lieu of Taxes,2405.31
2019-20,2086,Creswell SD 40,100,General Fund,3101,State School Fund --General Support,9864977.72
2019-20,2086,Creswell SD 40,100,General Fund,3103,Common School Fund,135772.08
2019-20,2086,Creswell SD 40,100,General Fund,3199,Other Unrestricted Grants-In-Aid,254514.48
2019-20,2087,South Lane SD 45J3,100,General Fund,1110,Ad valorem taxes levied by district,7399025.22
2019-20,2087,South Lane SD 45J3,100,General Fund,1190,Penalties and interest on taxes,26390.04
2019-20,2087,South Lane SD 45J3,100,General Fund,1500,Earnings on Investments,172903.93
2019-20,2087,South Lane SD 45J3,100,General Fund,1960,Recovery of Prior Years' Expenditure,85633.4
2019-20,2087,South Lane SD 45J3,100,General Fund,1990,Miscellaneous,97152.75
2019-20,2087,South Lane SD 45J3,100,General Fund,2101,County School Funds,102994.12
2019-20,2087,South Lane SD 45J3,700,Trust and Agency Funds,5400,Resources - Beginning Fund Balance,351091.29
2019-20,2087,South Lane SD 45J3,200,Special Revenue Funds,4500,Restricted Revenue From Federal Government Through the State,2713174
2019-20,2087,South Lane SD 45J3,400,Capital Projects Funds,5400,Resources - Beginning Fund Balance,5369376.03
2019-20,2087,South Lane SD 45J3,600,Internal Service Funds,1500,Earnings on Investments,15403.02
2019-20,2087,South Lane SD 45J3,600,Internal Service Funds,1970,Services Provided Other Funds,2277264.06
2019-20,2087,South Lane SD 45J3,600,Internal Service Funds,5400,Resources - Beginning Fund Balance,195780.57
2019-20,2087,South Lane SD 45J3,700,Trust and Agency Funds,1500,Earnings on Investments,8239.75
2019-20,2087,South Lane SD 45J3,700,Trust and Agency Funds,1920,Contributions and Donations From Private Sources,32446.11
2019-20,2087,South Lane SD 45J3,400,Capital Projects Funds,1990,Miscellaneous,7865
2019-20,2087,South Lane SD 45J3,400,Capital Projects Funds,2200,Restricted Revenue,70000
2019-20,2087,South Lane SD 45J3,400,Capital Projects Funds,3299,Other Restricted Grants-In-Aid,2184245
2019-20,2087,South Lane SD 45J3,400,Capital Projects Funds,4500,Restricted Revenue From Federal Government Through the State,997779
2019-20,2087,South Lane SD 45J3,400,Capital Projects Funds,5200,Interfund Transfers,220000
2019-20,2087,South Lane SD 45J3,400,Capital Projects Funds,5300,Sale of or Compensation for Loss of Fixed Assets,398045
2019-20,2087,South Lane SD 45J3,300,Debt Service Funds,5400,Resources - Beginning Fund Balance,836499.69
2019-20,2087,South Lane SD 45J3,400,Capital Projects Funds,1130,Construction Excise Tax,104879.59
2019-20,2087,South Lane SD 45J3,400,Capital Projects Funds,1500,Earnings on Investments,83435.77
2019-20,2087,South Lane SD 45J3,400,Capital Projects Funds,1910,Rentals,50002
2019-20,2087,South Lane SD 45J3,400,Capital Projects Funds,1920,Contributions and Donations From Private Sources,65878.33
2019-20,2087,South Lane SD 45J3,400,Capital Projects Funds,1960,Recovery of Prior Years' Expenditure,97663.66
2019-20,2087,South Lane SD 45J3,200,Special Revenue Funds,5200,Interfund Transfers,1536000
2019-20,2087,South Lane SD 45J3,200,Special Revenue Funds,5300,Sale of or Compensation for Loss of Fixed Assets,23725
2019-20,2087,South Lane SD 45J3,200,Special Revenue Funds,5400,Resources - Beginning Fund Balance,2335887.72
2019-20,2087,South Lane SD 45J3,300,Debt Service Funds,1110,Ad valorem taxes levied by district,2239246.29
2019-20,2087,South Lane SD 45J3,300,Debt Service Funds,1500,Earnings on Investments,36143.94
2019-20,2087,South Lane SD 45J3,300,Debt Service Funds,5200,Interfund Transfers,202000
2019-20,2087,South Lane SD 45J3,200,Special Revenue Funds,1960,Recovery of Prior Years' Expenditure,21803.93
2019-20,2087,South Lane SD 45J3,200,Special Revenue Funds,1990,Miscellaneous,277549.65
2019-20,2087,South Lane SD 45J3,200,Special Revenue Funds,2200,Restricted Revenue,42672.58
2019-20,2087,South Lane SD 45J3,200,Special Revenue Funds,3299,Other Restricted Grants-In-Aid,583694.02
2019-20,2087,South Lane SD 45J3,200,Special Revenue Funds,4900,Revenue for/on Behalf of the District,112570.64
2019-20,2087,South Lane SD 45J3,200,Special Revenue Funds,5100,Long Term Debt Financing Sources,435000
2019-20,2087,South Lane SD 45J3,100,General Fund,5400,Resources - Beginning Fund Balance,2353931.49
2019-20,2087,South Lane SD 45J3,200,Special Revenue Funds,1500,Earnings on Investments,1498.8
2019-20,2087,South Lane SD 45J3,200,Special Revenue Funds,1600,Food Service,190292.34
2019-20,2087,South Lane SD 45J3,200,Special Revenue Funds,1700,Extra-Curricular Activities,617910.16
2019-20,2087,South Lane SD 45J3,200,Special Revenue Funds,1800,Community Services Activities,18137.37
2019-20,2087,South Lane SD 45J3,200,Special Revenue Funds,1920,Contributions and Donations From Private Sources,609297.75
2019-20,2087,South Lane SD 45J3,100,General Fund,2200,Restricted Revenue,26081
2019-20,2087,South Lane SD 45J3,100,General Fund,3101,State School Fund --General Support,22916154.31
2019-20,2087,South Lane SD 45J3,100,General Fund,3103,Common School Fund,304681.46
2019-20,2087,South Lane SD 45J3,100,General Fund,3299,Other Restricted Grants-In-Aid,129437.05
2019-20,2087,South Lane SD 45J3,100,General Fund,4500,Restricted Revenue From Federal Government Through the State,968.03
2019-20,2087,South Lane SD 45J3,100,General Fund,4801,Federal Forest Fees,103096.01
2019-20,2088,Bethel SD 52,100,General Fund,1110,Ad valorem taxes levied by district,16599796.42
2019-20,2088,Bethel SD 52,100,General Fund,1190,Penalties and interest on taxes,52481.14
2019-20,2088,Bethel SD 52,100,General Fund,1200,Revenue From Local Governmental Units Other Than Districts,663.53
2019-20,2088,Bethel SD 52,100,General Fund,1500,Earnings on Investments,532171.37
2019-20,2088,Bethel SD 52,100,General Fund,1910,Rentals,105702.22
2019-20,2088,Bethel SD 52,100,General Fund,1920,Contributions and Donations From Private Sources,3166.09
2019-20,2088,Bethel SD 52,700,Trust and Agency Funds,1990,Miscellaneous,62389.84
2019-20,2088,Bethel SD 52,700,Trust and Agency Funds,5200,Interfund Transfers,66578.39
2019-20,2088,Bethel SD 52,700,Trust and Agency Funds,5400,Resources - Beginning Fund Balance,776428.79
2019-20,2088,Bethel SD 52,100,General Fund,1312,Tuition from Other Districts within the State,241500
2019-20,2088,Bethel SD 52,100,General Fund,1980,Fees Charged to Grants,5490.33
2019-20,2088,Bethel SD 52,100,General Fund,2102,General Education Service District Funds,1207329
2019-20,2088,Bethel SD 52,600,Internal Service Funds,5100,Long Term Debt Financing Sources,64000
2019-20,2088,Bethel SD 52,600,Internal Service Funds,5200,Interfund Transfers,6238.77
2019-20,2088,Bethel SD 52,600,Internal Service Funds,5400,Resources - Beginning Fund Balance,131951
2019-20,2088,Bethel SD 52,700,Trust and Agency Funds,1500,Earnings on Investments,16664.01
2019-20,2088,Bethel SD 52,700,Trust and Agency Funds,1800,Community Services Activities,274331.2
2019-20,2088,Bethel SD 52,700,Trust and Agency Funds,1920,Contributions and Donations From Private Sources,1074.01
2019-20,2088,Bethel SD 52,400,Capital Projects Funds,1500,Earnings on Investments,20695.41
2019-20,2088,Bethel SD 52,400,Capital Projects Funds,1990,Miscellaneous,60210.86
2019-20,2088,Bethel SD 52,400,Capital Projects Funds,5100,Long Term Debt Financing Sources,33254573
2019-20,2088,Bethel SD 52,400,Capital Projects Funds,5400,Resources - Beginning Fund Balance,749873.11
2019-20,2088,Bethel SD 52,600,Internal Service Funds,1970,Services Provided Other Funds,77534.73
2019-20,2088,Bethel SD 52,600,Internal Service Funds,1990,Miscellaneous,334002.2
2019-20,2088,Bethel SD 52,300,Debt Service Funds,1110,Ad valorem taxes levied by district,5187897.29
2019-20,2088,Bethel SD 52,300,Debt Service Funds,1190,Penalties and interest on taxes,17151.16
2019-20,2088,Bethel SD 52,300,Debt Service Funds,1200,Revenue From Local Governmental Units Other Than Districts,202.33
2019-20,2088,Bethel SD 52,300,Debt Service Funds,1500,Earnings on Investments,55668.32
2019-20,2088,Bethel SD 52,300,Debt Service Funds,1990,Miscellaneous,869.88
2019-20,2088,Bethel SD 52,300,Debt Service Funds,5400,Resources - Beginning Fund Balance,276892.97
2019-20,2088,Bethel SD 52,200,Special Revenue Funds,4500,Restricted Revenue From Federal Government Through the State,5000854.14
2019-20,2088,Bethel SD 52,200,Special Revenue Funds,4700,Grants-In-Aid From Federal Government Through Other Intermed,182754.09
2019-20,2088,Bethel SD 52,200,Special Revenue Funds,4900,Revenue for/on Behalf of the District,197445.54
2019-20,2088,Bethel SD 52,200,Special Revenue Funds,5200,Interfund Transfers,61468.82
2019-20,2088,Bethel SD 52,200,Special Revenue Funds,5300,Sale of or Compensation for Loss of Fixed Assets,2125.2
2019-20,2088,Bethel SD 52,200,Special Revenue Funds,5400,Resources - Beginning Fund Balance,3048054.1
2019-20,2088,Bethel SD 52,200,Special Revenue Funds,2200,Restricted Revenue,527092.76
2019-20,2088,Bethel SD 52,200,Special Revenue Funds,2800,Revenue in Lieu of Taxes,65632.07
2019-20,2088,Bethel SD 52,200,Special Revenue Funds,3102,State School Fund--School Lunch Match,25028.01
2019-20,2088,Bethel SD 52,200,Special Revenue Funds,3222,State School Fund (SSF) Transportation Equipment,150394.2
2019-20,2088,Bethel SD 52,200,Special Revenue Funds,3299,Other Restricted Grants-In-Aid,1074098.21
2019-20,2088,Bethel SD 52,200,Special Revenue Funds,4300,Restricted Revenue Direct From the Federal Government,2693.8
2019-20,2088,Bethel SD 52,200,Special Revenue Funds,1200,Revenue From Local Governmental Units Other Than Districts,21631.05
2019-20,2088,Bethel SD 52,200,Special Revenue Funds,1500,Earnings on Investments,24623.63
2019-20,2088,Bethel SD 52,200,Special Revenue Funds,1600,Food Service,202945.6
2019-20,2088,Bethel SD 52,200,Special Revenue Funds,1700,Extra-Curricular Activities,921026.97
2019-20,2088,Bethel SD 52,200,Special Revenue Funds,1920,Contributions and Donations From Private Sources,93396.89
2019-20,2088,Bethel SD 52,200,Special Revenue Funds,1990,Miscellaneous,158854.92
2019-20,2088,Bethel SD 52,100,General Fund,4801,Federal Forest Fees,207817.19
2019-20,2088,Bethel SD 52,100,General Fund,5100,Long Term Debt Financing Sources,52000
2019-20,2088,Bethel SD 52,100,General Fund,5200,Interfund Transfers,279601.69
2019-20,2088,Bethel SD 52,100,General Fund,5300,Sale of or Compensation for Loss of Fixed Assets,147359.38
2019-20,2088,Bethel SD 52,100,General Fund,5400,Resources - Beginning Fund Balance,13113194.44
2019-20,2088,Bethel SD 52,200,Special Revenue Funds,1130,Construction Excise Tax,202434.26
2019-20,2088,Bethel SD 52,100,General Fund,1990,Miscellaneous,185846.36
2019-20,2088,Bethel SD 52,100,General Fund,2101,County School Funds,207611.83
2019-20,2088,Bethel SD 52,100,General Fund,3101,State School Fund --General Support,40786944.59
2019-20,2088,Bethel SD 52,100,General Fund,3103,Common School Fund,586372.57
2019-20,2088,Bethel SD 52,100,General Fund,3199,Other Unrestricted Grants-In-Aid,81159.56
2019-20,2088,Bethel SD 52,100,General Fund,4500,Restricted Revenue From Federal Government Through the State,53112.86
2019-20,2089,Crow-Applegate-Lorane SD 66,100,General Fund,1110,Ad valorem taxes levied by district,1267878.32
2019-20,2089,Crow-Applegate-Lorane SD 66,100,General Fund,1120,Local option ad valorem taxes levied by district,248800.61
2019-20,2089,Crow-Applegate-Lorane SD 66,100,General Fund,1190,Penalties and interest on taxes,5350.71
2019-20,2089,Crow-Applegate-Lorane SD 66,100,General Fund,1500,Earnings on Investments,21013.54
2019-20,2089,Crow-Applegate-Lorane SD 66,100,General Fund,1700,Extra-Curricular Activities,3316.65
2019-20,2089,Crow-Applegate-Lorane SD 66,100,General Fund,1920,Contributions and Donations From Private Sources,6210
2019-20,2089,Crow-Applegate-Lorane SD 66,300,Debt Service Funds,1500,Earnings on Investments,1878.08
2019-20,2089,Crow-Applegate-Lorane SD 66,300,Debt Service Funds,5400,Resources - Beginning Fund Balance,33290.58
2019-20,2089,Crow-Applegate-Lorane SD 66,400,Capital Projects Funds,1500,Earnings on Investments,21755.71
2019-20,2089,Crow-Applegate-Lorane SD 66,400,Capital Projects Funds,1990,Miscellaneous,33594
2019-20,2089,Crow-Applegate-Lorane SD 66,400,Capital Projects Funds,5200,Interfund Transfers,6000
2019-20,2089,Crow-Applegate-Lorane SD 66,400,Capital Projects Funds,5400,Resources - Beginning Fund Balance,1377108.91
2019-20,2089,Crow-Applegate-Lorane SD 66,200,Special Revenue Funds,4500,Restricted Revenue From Federal Government Through the State,196166.72
2019-20,2089,Crow-Applegate-Lorane SD 66,200,Special Revenue Funds,4700,Grants-In-Aid From Federal Government Through Other Intermed,12961.93
2019-20,2089,Crow-Applegate-Lorane SD 66,200,Special Revenue Funds,4900,Revenue for/on Behalf of the District,6652.15
2019-20,2089,Crow-Applegate-Lorane SD 66,200,Special Revenue Funds,5200,Interfund Transfers,143441.43
2019-20,2089,Crow-Applegate-Lorane SD 66,200,Special Revenue Funds,5400,Resources - Beginning Fund Balance,105516.19
2019-20,2089,Crow-Applegate-Lorane SD 66,300,Debt Service Funds,1110,Ad valorem taxes levied by district,236031.86
2019-20,2089,Crow-Applegate-Lorane SD 66,200,Special Revenue Funds,1700,Extra-Curricular Activities,30973.8
2019-20,2089,Crow-Applegate-Lorane SD 66,200,Special Revenue Funds,1920,Contributions and Donations From Private Sources,20009.14
2019-20,2089,Crow-Applegate-Lorane SD 66,200,Special Revenue Funds,1990,Miscellaneous,2797.3
2019-20,2089,Crow-Applegate-Lorane SD 66,200,Special Revenue Funds,3222,State School Fund (SSF) Transportation Equipment,28486
2019-20,2089,Crow-Applegate-Lorane SD 66,200,Special Revenue Funds,3299,Other Restricted Grants-In-Aid,78430.76
2019-20,2089,Crow-Applegate-Lorane SD 66,200,Special Revenue Funds,4300,Restricted Revenue Direct From the Federal Government,12465
2019-20,2089,Crow-Applegate-Lorane SD 66,100,General Fund,3199,Other Unrestricted Grants-In-Aid,19620.94
2019-20,2089,Crow-Applegate-Lorane SD 66,100,General Fund,3299,Other Restricted Grants-In-Aid,3438.77
2019-20,2089,Crow-Applegate-Lorane SD 66,100,General Fund,4801,Federal Forest Fees,9199.57
2019-20,2089,Crow-Applegate-Lorane SD 66,100,General Fund,5400,Resources - Beginning Fund Balance,339728.02
2019-20,2089,Crow-Applegate-Lorane SD 66,200,Special Revenue Funds,1500,Earnings on Investments,1138.71
2019-20,2089,Crow-Applegate-Lorane SD 66,200,Special Revenue Funds,1600,Food Service,24426.41
2019-20,2089,Crow-Applegate-Lorane SD 66,100,General Fund,1980,Fees Charged to Grants,996.17
2019-20,2089,Crow-Applegate-Lorane SD 66,100,General Fund,1990,Miscellaneous,53481.51
2019-20,2089,Crow-Applegate-Lorane SD 66,100,General Fund,2101,County School Funds,9190.48
2019-20,2089,Crow-Applegate-Lorane SD 66,100,General Fund,3101,State School Fund --General Support,2284776.21
2019-20,2089,Crow-Applegate-Lorane SD 66,100,General Fund,3103,Common School Fund,25957.38
2019-20,2089,Crow-Applegate-Lorane SD 66,100,General Fund,3104,State Managed County Timber,167733.27
2019-20,2090,McKenzie SD 68,400,Capital Projects Funds,1500,Earnings on Investments,2168.65
2019-20,2090,McKenzie SD 68,400,Capital Projects Funds,1990,Miscellaneous,13930
2019-20,2090,McKenzie SD 68,400,Capital Projects Funds,3299,Other Restricted Grants-In-Aid,45000
2019-20,2090,McKenzie SD 68,400,Capital Projects Funds,5400,Resources - Beginning Fund Balance,82824.99
2019-20,2090,McKenzie SD 68,200,Special Revenue Funds,3199,Other Unrestricted Grants-In-Aid,78978.03
2019-20,2090,McKenzie SD 68,200,Special Revenue Funds,3299,Other Restricted Grants-In-Aid,39518.53
2019-20,2090,McKenzie SD 68,200,Special Revenue Funds,4500,Restricted Revenue From Federal Government Through the State,669164.37
2019-20,2090,McKenzie SD 68,200,Special Revenue Funds,4700,Grants-In-Aid From Federal Government Through Other Intermed,16798.36
2019-20,2090,McKenzie SD 68,200,Special Revenue Funds,5200,Interfund Transfers,121000
2019-20,2090,McKenzie SD 68,200,Special Revenue Funds,5400,Resources - Beginning Fund Balance,166441.29
2019-20,2090,McKenzie SD 68,400,Capital Projects Funds,1130,Construction Excise Tax,892.08
2019-20,2090,McKenzie SD 68,200,Special Revenue Funds,1600,Food Service,3851.55
2019-20,2090,McKenzie SD 68,200,Special Revenue Funds,1700,Extra-Curricular Activities,79420.86
2019-20,2090,McKenzie SD 68,200,Special Revenue Funds,1920,Contributions and Donations From Private Sources,12550.11
2019-20,2090,McKenzie SD 68,200,Special Revenue Funds,1990,Miscellaneous,226549.81
2019-20,2090,McKenzie SD 68,200,Special Revenue Funds,2200,Restricted Revenue,64297.47
2019-20,2090,McKenzie SD 68,200,Special Revenue Funds,3102,State School Fund--School Lunch Match,1023.68
2019-20,2090,McKenzie SD 68,100,General Fund,3101,State School Fund --General Support,1560449.31
2019-20,2090,McKenzie SD 68,100,General Fund,3103,Common School Fund,22094.13
2019-20,2090,McKenzie SD 68,100,General Fund,3199,Other Unrestricted Grants-In-Aid,4197.89
2019-20,2090,McKenzie SD 68,100,General Fund,4801,Federal Forest Fees,7515.28
2019-20,2090,McKenzie SD 68,100,General Fund,5400,Resources - Beginning Fund Balance,408309.33
2019-20,2090,McKenzie SD 68,200,Special Revenue Funds,1500,Earnings on Investments,1611.83
2019-20,2090,McKenzie SD 68,100,General Fund,1190,Penalties and interest on taxes,2132.06
2019-20,2090,McKenzie SD 68,100,General Fund,1500,Earnings on Investments,10782.03
2019-20,2090,McKenzie SD 68,100,General Fund,1920,Contributions and Donations From Private Sources,750
2019-20,2090,McKenzie SD 68,100,General Fund,1990,Miscellaneous,12185.97
2019-20,2090,McKenzie SD 68,100,General Fund,2101,County School Funds,7507.86
2019-20,2090,McKenzie SD 68,100,General Fund,2200,Restricted Revenue,25483
2019-20,2090,McKenzie SD 68,100,General Fund,1110,Ad valorem taxes levied by district,1859929.85
2019-20,2091,Junction City SD 69,200,Special Revenue Funds,5200,Interfund Transfers,404803.52
2019-20,2091,Junction City SD 69,300,Debt Service Funds,5200,Interfund Transfers,110000
2019-20,2091,Junction City SD 69,100,General Fund,5400,Resources - Beginning Fund Balance,2124727.45
2019-20,2091,Junction City SD 69,200,Special Revenue Funds,5400,Resources - Beginning Fund Balance,2446679.33
2019-20,2091,Junction City SD 69,300,Debt Service Funds,5400,Resources - Beginning Fund Balance,158227.96
2019-20,2091,Junction City SD 69,400,Capital Projects Funds,5400,Resources - Beginning Fund Balance,419265.36
2019-20,2091,Junction City SD 69,300,Debt Service Funds,4300,Restricted Revenue Direct From the Federal Government,20054.09
2019-20,2091,Junction City SD 69,100,General Fund,4500,Restricted Revenue From Federal Government Through the State,225
2019-20,2091,Junction City SD 69,200,Special Revenue Funds,4500,Restricted Revenue From Federal Government Through the State,1341168.62
2019-20,2091,Junction City SD 69,200,Special Revenue Funds,4700,Grants-In-Aid From Federal Government Through Other Intermed,31626.25
2019-20,2091,Junction City SD 69,100,General Fund,4900,Revenue for/on Behalf of the District,470.29
2019-20,2091,Junction City SD 69,200,Special Revenue Funds,4900,Revenue for/on Behalf of the District,41852.37
2019-20,2091,Junction City SD 69,300,Debt Service Funds,1990,Miscellaneous,-46118
2019-20,2091,Junction City SD 69,100,General Fund,2101,County School Funds,126864
2019-20,2091,Junction City SD 69,100,General Fund,2102,General Education Service District Funds,55175
2019-20,2091,Junction City SD 69,100,General Fund,3101,State School Fund --General Support,12012420.95
2019-20,2091,Junction City SD 69,100,General Fund,3103,Common School Fund,179066.5
2019-20,2091,Junction City SD 69,200,Special Revenue Funds,3299,Other Restricted Grants-In-Aid,358408.59
2019-20,2091,Junction City SD 69,100,General Fund,1910,Rentals,1193.5
2019-20,2091,Junction City SD 69,100,General Fund,1920,Contributions and Donations From Private Sources,2904.46
2019-20,2091,Junction City SD 69,200,Special Revenue Funds,1920,Contributions and Donations From Private Sources,77029.61
2019-20,2091,Junction City SD 69,300,Debt Service Funds,1970,Services Provided Other Funds,948142.47
2019-20,2091,Junction City SD 69,100,General Fund,1990,Miscellaneous,72924.43
2019-20,2091,Junction City SD 69,200,Special Revenue Funds,1990,Miscellaneous,87440.34
2019-20,2091,Junction City SD 69,300,Debt Service Funds,1500,Earnings on Investments,202.92
2019-20,2091,Junction City SD 69,400,Capital Projects Funds,1500,Earnings on Investments,19081.36
2019-20,2091,Junction City SD 69,200,Special Revenue Funds,1600,Food Service,124165.27
2019-20,2091,Junction City SD 69,100,General Fund,1700,Extra-Curricular Activities,5961.63
2019-20,2091,Junction City SD 69,200,Special Revenue Funds,1700,Extra-Curricular Activities,409781.86
2019-20,2091,Junction City SD 69,200,Special Revenue Funds,1800,Community Services Activities,56466
2019-20,2091,Junction City SD 69,200,Special Revenue Funds,1130,Construction Excise Tax,218767.28
2019-20,2091,Junction City SD 69,100,General Fund,1190,Penalties and interest on taxes,27583.44
2019-20,2091,Junction City SD 69,300,Debt Service Funds,1190,Penalties and interest on taxes,3315.84
2019-20,2091,Junction City SD 69,200,Special Revenue Funds,1312,Tuition from Other Districts within the State,201250
2019-20,2091,Junction City SD 69,200,Special Revenue Funds,1411,Transportation fees from Individuals,997.59
2019-20,2091,Junction City SD 69,100,General Fund,1500,Earnings on Investments,150930.28
2019-20,2091,Junction City SD 69,100,General Fund,1110,Ad valorem taxes levied by district,5365316.02
2019-20,2091,Junction City SD 69,300,Debt Service Funds,1110,Ad valorem taxes levied by district,1864491.37
2019-20,2092,Lowell SD 71,100,General Fund,1110,Ad valorem taxes levied by district,1213662.69
2019-20,2092,Lowell SD 71,100,General Fund,1190,Penalties and interest on taxes,3890.74
2019-20,2092,Lowell SD 71,100,General Fund,1500,Earnings on Investments,36625.71
2019-20,2092,Lowell SD 71,100,General Fund,1910,Rentals,56391.96
2019-20,2092,Lowell SD 71,100,General Fund,1920,Contributions and Donations From Private Sources,7440
2019-20,2092,Lowell SD 71,100,General Fund,1940,Services Provided Other Local Education Agencies,56914.22
2019-20,2092,Lowell SD 71,400,Capital Projects Funds,5100,Long Term Debt Financing Sources,302500
2019-20,2092,Lowell SD 71,400,Capital Projects Funds,1990,Miscellaneous,27421
2019-20,2092,Lowell SD 71,400,Capital Projects Funds,3299,Other Restricted Grants-In-Aid,3607519.32
2019-20,2092,Lowell SD 71,400,Capital Projects Funds,5400,Resources - Beginning Fund Balance,6203332.2
2019-20,2092,Lowell SD 71,500,Enterprise Funds,1940,Services Provided Other Local Education Agencies,83309.08
2019-20,2092,Lowell SD 71,500,Enterprise Funds,5400,Resources - Beginning Fund Balance,9289.16
2019-20,2092,Lowell SD 71,200,Special Revenue Funds,4500,Restricted Revenue From Federal Government Through the State,550499.64
2019-20,2092,Lowell SD 71,300,Debt Service Funds,1190,Penalties and interest on taxes,295.91
2019-20,2092,Lowell SD 71,300,Debt Service Funds,1500,Earnings on Investments,2002.61
2019-20,2092,Lowell SD 71,300,Debt Service Funds,1910,Rentals,45000
2019-20,2092,Lowell SD 71,300,Debt Service Funds,5200,Interfund Transfers,502460.5
2019-20,2092,Lowell SD 71,300,Debt Service Funds,5400,Resources - Beginning Fund Balance,7484.44
2019-20,2092,Lowell SD 71,400,Capital Projects Funds,1500,Earnings on Investments,74864.79
2019-20,2092,Lowell SD 71,200,Special Revenue Funds,4300,Restricted Revenue Direct From the Federal Government,5839.76
2019-20,2092,Lowell SD 71,200,Special Revenue Funds,4700,Grants-In-Aid From Federal Government Through Other Intermed,67887.75
2019-20,2092,Lowell SD 71,200,Special Revenue Funds,4900,Revenue for/on Behalf of the District,30789.05
2019-20,2092,Lowell SD 71,200,Special Revenue Funds,5200,Interfund Transfers,207549.01
2019-20,2092,Lowell SD 71,200,Special Revenue Funds,5400,Resources - Beginning Fund Balance,200225.14
2019-20,2092,Lowell SD 71,300,Debt Service Funds,1110,Ad valorem taxes levied by district,261971.34
2019-20,2092,Lowell SD 71,200,Special Revenue Funds,1700,Extra-Curricular Activities,73991.6
2019-20,2092,Lowell SD 71,200,Special Revenue Funds,1910,Rentals,48320.49
2019-20,2092,Lowell SD 71,200,Special Revenue Funds,1920,Contributions and Donations From Private Sources,36929.89
2019-20,2092,Lowell SD 71,200,Special Revenue Funds,1990,Miscellaneous,27120.51
2019-20,2092,Lowell SD 71,200,Special Revenue Funds,3222,State School Fund (SSF) Transportation Equipment,71886
2019-20,2092,Lowell SD 71,200,Special Revenue Funds,3299,Other Restricted Grants-In-Aid,150475.43
2019-20,2092,Lowell SD 71,100,General Fund,3299,Other Restricted Grants-In-Aid,11272.58
2019-20,2092,Lowell SD 71,100,General Fund,4801,Federal Forest Fees,28452.14
2019-20,2092,Lowell SD 71,100,General Fund,5400,Resources - Beginning Fund Balance,717342.85
2019-20,2092,Lowell SD 71,200,Special Revenue Funds,1130,Construction Excise Tax,27480.25
2019-20,2092,Lowell SD 71,200,Special Revenue Funds,1500,Earnings on Investments,29.35
2019-20,2092,Lowell SD 71,200,Special Revenue Funds,1600,Food Service,5771.92
2019-20,2092,Lowell SD 71,100,General Fund,1980,Fees Charged to Grants,6232.87
2019-20,2092,Lowell SD 71,100,General Fund,1990,Miscellaneous,55435.17
2019-20,2092,Lowell SD 71,100,General Fund,2101,County School Funds,28424.03
2019-20,2092,Lowell SD 71,100,General Fund,3101,State School Fund --General Support,8090919.7
2019-20,2092,Lowell SD 71,100,General Fund,3103,Common School Fund,80280.46
2019-20,2092,Lowell SD 71,100,General Fund,3199,Other Unrestricted Grants-In-Aid,26339.11
2019-20,2093,Oakridge SD 76,100,General Fund,1110,Ad valorem taxes levied by district,1313181.81
2019-20,2093,Oakridge SD 76,100,General Fund,1190,Penalties and interest on taxes,5541.87
2019-20,2093,Oakridge SD 76,100,General Fund,1500,Earnings on Investments,53520.31
2019-20,2093,Oakridge SD 76,100,General Fund,1910,Rentals,3861.22
2019-20,2093,Oakridge SD 76,100,General Fund,1990,Miscellaneous,49926.76
2019-20,2093,Oakridge SD 76,100,General Fund,2101,County School Funds,21316.7
2019-20,2093,Oakridge SD 76,400,Capital Projects Funds,5200,Interfund Transfers,36145.35
2019-20,2093,Oakridge SD 76,400,Capital Projects Funds,5400,Resources - Beginning Fund Balance,5873028.9
2019-20,2093,Oakridge SD 76,100,General Fund,1312,Tuition from Other Districts within the State,769.4
2019-20,2093,Oakridge SD 76,100,General Fund,3222,State School Fund (SSF) Transportation Equipment,275554
2019-20,2093,Oakridge SD 76,300,Debt Service Funds,1110,Ad valorem taxes levied by district,319464.22
2019-20,2093,Oakridge SD 76,300,Debt Service Funds,1190,Penalties and interest on taxes,1057.05
2019-20,2093,Oakridge SD 76,300,Debt Service Funds,5400,Resources - Beginning Fund Balance,25963.29
2019-20,2093,Oakridge SD 76,400,Capital Projects Funds,1130,Construction Excise Tax,11145.46
2019-20,2093,Oakridge SD 76,400,Capital Projects Funds,1500,Earnings on Investments,84151.78
2019-20,2093,Oakridge SD 76,400,Capital Projects Funds,3299,Other Restricted Grants-In-Aid,3306992
2019-20,2093,Oakridge SD 76,200,Special Revenue Funds,4300,Restricted Revenue Direct From the Federal Government,23750
2019-20,2093,Oakridge SD 76,200,Special Revenue Funds,4500,Restricted Revenue From Federal Government Through the State,1232338.54
2019-20,2093,Oakridge SD 76,200,Special Revenue Funds,4700,Grants-In-Aid From Federal Government Through Other Intermed,3000
2019-20,2093,Oakridge SD 76,200,Special Revenue Funds,4900,Revenue for/on Behalf of the District,30033.9
2019-20,2093,Oakridge SD 76,200,Special Revenue Funds,5200,Interfund Transfers,10000
2019-20,2093,Oakridge SD 76,200,Special Revenue Funds,5400,Resources - Beginning Fund Balance,387536.69
2019-20,2093,Oakridge SD 76,200,Special Revenue Funds,1700,Extra-Curricular Activities,26611.74
2019-20,2093,Oakridge SD 76,200,Special Revenue Funds,1920,Contributions and Donations From Private Sources,68497.31
2019-20,2093,Oakridge SD 76,200,Special Revenue Funds,1990,Miscellaneous,8336.47
2019-20,2093,Oakridge SD 76,200,Special Revenue Funds,2200,Restricted Revenue,33806.06
2019-20,2093,Oakridge SD 76,200,Special Revenue Funds,3102,State School Fund--School Lunch Match,2778.26
2019-20,2093,Oakridge SD 76,200,Special Revenue Funds,3299,Other Restricted Grants-In-Aid,109129.8
2019-20,2093,Oakridge SD 76,100,General Fund,3101,State School Fund --General Support,5074380.93
2019-20,2093,Oakridge SD 76,100,General Fund,3103,Common School Fund,60206.05
2019-20,2093,Oakridge SD 76,100,General Fund,4801,Federal Forest Fees,21337.79
2019-20,2093,Oakridge SD 76,100,General Fund,5400,Resources - Beginning Fund Balance,1500370
2019-20,2093,Oakridge SD 76,200,Special Revenue Funds,1500,Earnings on Investments,584.98
2019-20,2093,Oakridge SD 76,200,Special Revenue Funds,1600,Food Service,2126.12
2019-20,2094,Marcola SD 79J,100,General Fund,1110,Ad valorem taxes levied by district,894798.29
2019-20,2094,Marcola SD 79J,100,General Fund,1190,Penalties and interest on taxes,3190.66
2019-20,2094,Marcola SD 79J,100,General Fund,1500,Earnings on Investments,41057.27
2019-20,2094,Marcola SD 79J,100,General Fund,1920,Contributions and Donations From Private Sources,120000
2019-20,2094,Marcola SD 79J,100,General Fund,1980,Fees Charged to Grants,6526.89
2019-20,2094,Marcola SD 79J,100,General Fund,1990,Miscellaneous,41513.31
2019-20,2094,Marcola SD 79J,400,Capital Projects Funds,5200,Interfund Transfers,135000
2019-20,2094,Marcola SD 79J,400,Capital Projects Funds,5300,Sale of or Compensation for Loss of Fixed Assets,20345.56
2019-20,2094,Marcola SD 79J,400,Capital Projects Funds,5400,Resources - Beginning Fund Balance,244680.63
2019-20,2094,Marcola SD 79J,300,Debt Service Funds,1190,Penalties and interest on taxes,1378.56
2019-20,2094,Marcola SD 79J,300,Debt Service Funds,1500,Earnings on Investments,4321.32
2019-20,2094,Marcola SD 79J,300,Debt Service Funds,5400,Resources - Beginning Fund Balance,49997.25
2019-20,2094,Marcola SD 79J,400,Capital Projects Funds,1500,Earnings on Investments,34075.27
2019-20,2094,Marcola SD 79J,400,Capital Projects Funds,1990,Miscellaneous,3195.26
2019-20,2094,Marcola SD 79J,400,Capital Projects Funds,5100,Long Term Debt Financing Sources,1500000
2019-20,2094,Marcola SD 79J,200,Special Revenue Funds,4500,Restricted Revenue From Federal Government Through the State,158019.13
2019-20,2094,Marcola SD 79J,200,Special Revenue Funds,4700,Grants-In-Aid From Federal Government Through Other Intermed,86829.33
2019-20,2094,Marcola SD 79J,200,Special Revenue Funds,4900,Revenue for/on Behalf of the District,6385.62
2019-20,2094,Marcola SD 79J,200,Special Revenue Funds,5200,Interfund Transfers,90452.56
2019-20,2094,Marcola SD 79J,200,Special Revenue Funds,5400,Resources - Beginning Fund Balance,253092.03
2019-20,2094,Marcola SD 79J,300,Debt Service Funds,1110,Ad valorem taxes levied by district,408668.77
2019-20,2094,Marcola SD 79J,200,Special Revenue Funds,1940,Services Provided Other Local Education Agencies,496827.58
2019-20,2094,Marcola SD 79J,200,Special Revenue Funds,1990,Miscellaneous,2372.39
2019-20,2094,Marcola SD 79J,200,Special Revenue Funds,2200,Restricted Revenue,2299.62
2019-20,2094,Marcola SD 79J,200,Special Revenue Funds,3222,State School Fund (SSF) Transportation Equipment,20270
2019-20,2094,Marcola SD 79J,200,Special Revenue Funds,3299,Other Restricted Grants-In-Aid,55042.09
2019-20,2094,Marcola SD 79J,200,Special Revenue Funds,4300,Restricted Revenue Direct From the Federal Government,32140.17
2019-20,2094,Marcola SD 79J,100,General Fund,4801,Federal Forest Fees,688.03
2019-20,2094,Marcola SD 79J,100,General Fund,5400,Resources - Beginning Fund Balance,957950.06
2019-20,2094,Marcola SD 79J,200,Special Revenue Funds,1500,Earnings on Investments,710.56
2019-20,2094,Marcola SD 79J,200,Special Revenue Funds,1600,Food Service,18580.46
2019-20,2094,Marcola SD 79J,200,Special Revenue Funds,1700,Extra-Curricular Activities,96840.16
2019-20,2094,Marcola SD 79J,200,Special Revenue Funds,1920,Contributions and Donations From Private Sources,8181.17
2019-20,2094,Marcola SD 79J,100,General Fund,2101,County School Funds,38568.9
2019-20,2094,Marcola SD 79J,100,General Fund,3101,State School Fund --General Support,6016367.08
2019-20,2094,Marcola SD 79J,100,General Fund,3103,Common School Fund,56277.38
2019-20,2094,Marcola SD 79J,100,General Fund,3104,State Managed County Timber,110.57
2019-20,2094,Marcola SD 79J,100,General Fund,3199,Other Unrestricted Grants-In-Aid,11240.46
2019-20,2094,Marcola SD 79J,100,General Fund,3299,Other Restricted Grants-In-Aid,22391.05
2019-20,2095,Blachly SD 90,100,General Fund,1110,Ad valorem taxes levied by district,313703.3
2019-20,2095,Blachly SD 90,100,General Fund,1190,Penalties and interest on taxes,1091.14
2019-20,2095,Blachly SD 90,100,General Fund,1500,Earnings on Investments,29143.19
2019-20,2095,Blachly SD 90,100,General Fund,1910,Rentals,287
2019-20,2095,Blachly SD 90,100,General Fund,1920,Contributions and Donations From Private Sources,1644.59
2019-20,2095,Blachly SD 90,100,General Fund,1990,Miscellaneous,9160.47
2019-20,2095,Blachly SD 90,400,Capital Projects Funds,5400,Resources - Beginning Fund Balance,6749.09
2019-20,2095,Blachly SD 90,600,Internal Service Funds,5400,Resources - Beginning Fund Balance,55500
2019-20,2095,Blachly SD 90,700,Trust and Agency Funds,1500,Earnings on Investments,18188.57
2019-20,2095,Blachly SD 90,700,Trust and Agency Funds,1920,Contributions and Donations From Private Sources,1000
2019-20,2095,Blachly SD 90,700,Trust and Agency Funds,5400,Resources - Beginning Fund Balance,752936.39
2019-20,2095,Blachly SD 90,400,Capital Projects Funds,5100,Long Term Debt Financing Sources,533630
2019-20,2095,Blachly SD 90,200,Special Revenue Funds,4900,Revenue for/on Behalf of the District,6477.77
2019-20,2095,Blachly SD 90,200,Special Revenue Funds,5200,Interfund Transfers,145363.24
2019-20,2095,Blachly SD 90,200,Special Revenue Funds,5400,Resources - Beginning Fund Balance,273009.9
2019-20,2095,Blachly SD 90,400,Capital Projects Funds,1500,Earnings on Investments,544.89
2019-20,2095,Blachly SD 90,400,Capital Projects Funds,3299,Other Restricted Grants-In-Aid,2552853.26
2019-20,2095,Blachly SD 90,400,Capital Projects Funds,5200,Interfund Transfers,39123
2019-20,2095,Blachly SD 90,200,Special Revenue Funds,1990,Miscellaneous,13396.88
2019-20,2095,Blachly SD 90,200,Special Revenue Funds,3222,State School Fund (SSF) Transportation Equipment,36531.2
2019-20,2095,Blachly SD 90,200,Special Revenue Funds,3299,Other Restricted Grants-In-Aid,77761.48
2019-20,2095,Blachly SD 90,200,Special Revenue Funds,4300,Restricted Revenue Direct From the Federal Government,20862.88
2019-20,2095,Blachly SD 90,200,Special Revenue Funds,4500,Restricted Revenue From Federal Government Through the State,227745.46
2019-20,2095,Blachly SD 90,200,Special Revenue Funds,4700,Grants-In-Aid From Federal Government Through Other Intermed,8630.96
2019-20,2095,Blachly SD 90,100,General Fund,5200,Interfund Transfers,55896
2019-20,2095,Blachly SD 90,100,General Fund,5400,Resources - Beginning Fund Balance,404076.88
2019-20,2095,Blachly SD 90,200,Special Revenue Funds,1500,Earnings on Investments,771.01
2019-20,2095,Blachly SD 90,200,Special Revenue Funds,1600,Food Service,11461.49
2019-20,2095,Blachly SD 90,200,Special Revenue Funds,1700,Extra-Curricular Activities,21144.91
2019-20,2095,Blachly SD 90,200,Special Revenue Funds,1920,Contributions and Donations From Private Sources,35752.8
2019-20,2095,Blachly SD 90,100,General Fund,2101,County School Funds,17180.7
2019-20,2095,Blachly SD 90,100,General Fund,2200,Restricted Revenue,52197
2019-20,2095,Blachly SD 90,100,General Fund,3101,State School Fund --General Support,2272763.27
2019-20,2095,Blachly SD 90,100,General Fund,3103,Common School Fund,24250.82
2019-20,2095,Blachly SD 90,100,General Fund,3104,State Managed County Timber,754011.86
2019-20,2095,Blachly SD 90,100,General Fund,3299,Other Restricted Grants-In-Aid,33731.63
2019-20,2096,Siuslaw SD 97J,100,General Fund,1110,Ad valorem taxes levied by district,7480533.83
2019-20,2096,Siuslaw SD 97J,100,General Fund,1120,Local option ad valorem taxes levied by district,1369453.24
2019-20,2096,Siuslaw SD 97J,100,General Fund,1411,Transportation fees from Individuals,22893.66
2019-20,2096,Siuslaw SD 97J,100,General Fund,1500,Earnings on Investments,176992.01
2019-20,2096,Siuslaw SD 97J,100,General Fund,1910,Rentals,28114.43
2019-20,2096,Siuslaw SD 97J,100,General Fund,1920,Contributions and Donations From Private Sources,24990.84
2019-20,2096,Siuslaw SD 97J,200,Special Revenue Funds,5400,Resources - Beginning Fund Balance,1560721
2019-20,2096,Siuslaw SD 97J,300,Debt Service Funds,5400,Resources - Beginning Fund Balance,662507
2019-20,2096,Siuslaw SD 97J,400,Capital Projects Funds,5400,Resources - Beginning Fund Balance,131
2019-20,2096,Siuslaw SD 97J,100,General Fund,5400,Resources - Beginning Fund Balance,5092023
2019-20,2096,Siuslaw SD 97J,300,Debt Service Funds,1110,Ad valorem taxes levied by district,32982.54
2019-20,2096,Siuslaw SD 97J,300,Debt Service Funds,1500,Earnings on Investments,1607.29
2019-20,2096,Siuslaw SD 97J,300,Debt Service Funds,4900,Revenue for/on Behalf of the District,6669.15
2019-20,2096,Siuslaw SD 97J,300,Debt Service Funds,5200,Interfund Transfers,50198.3
2019-20,2096,Siuslaw SD 97J,400,Capital Projects Funds,1500,Earnings on Investments,3.17
2019-20,2096,Siuslaw SD 97J,200,Special Revenue Funds,1990,Miscellaneous,7020.35
2019-20,2096,Siuslaw SD 97J,200,Special Revenue Funds,3101,State School Fund --General Support,183728.64
2019-20,2096,Siuslaw SD 97J,200,Special Revenue Funds,3102,State School Fund--School Lunch Match,5481.67
2019-20,2096,Siuslaw SD 97J,200,Special Revenue Funds,3299,Other Restricted Grants-In-Aid,22827.43
2019-20,2096,Siuslaw SD 97J,200,Special Revenue Funds,4500,Restricted Revenue From Federal Government Through the State,2040635.23
2019-20,2096,Siuslaw SD 97J,200,Special Revenue Funds,5100,Long Term Debt Financing Sources,269592
2019-20,2096,Siuslaw SD 97J,100,General Fund,4801,Federal Forest Fees,49496.67
2019-20,2096,Siuslaw SD 97J,200,Special Revenue Funds,1130,Construction Excise Tax,110853.93
2019-20,2096,Siuslaw SD 97J,200,Special Revenue Funds,1411,Transportation fees from Individuals,46205.25
2019-20,2096,Siuslaw SD 97J,200,Special Revenue Funds,1500,Earnings on Investments,17189.81
2019-20,2096,Siuslaw SD 97J,200,Special Revenue Funds,1600,Food Service,56328.64
2019-20,2096,Siuslaw SD 97J,200,Special Revenue Funds,1700,Extra-Curricular Activities,370774.6
2019-20,2096,Siuslaw SD 97J,100,General Fund,1990,Miscellaneous,552246.76
2019-20,2096,Siuslaw SD 97J,100,General Fund,2101,County School Funds,49447.75
2019-20,2096,Siuslaw SD 97J,100,General Fund,2200,Restricted Revenue,296350
2019-20,2096,Siuslaw SD 97J,100,General Fund,3101,State School Fund --General Support,6095284.56
2019-20,2096,Siuslaw SD 97J,100,General Fund,3103,Common School Fund,146522.29
2019-20,2096,Siuslaw SD 97J,100,General Fund,3299,Other Restricted Grants-In-Aid,389145.64
2019-20,2097,Lincoln County SD,100,General Fund,1110,Ad valorem taxes levied by district,37954501.44
2019-20,2097,Lincoln County SD,100,General Fund,1200,Revenue From Local Governmental Units Other Than Districts,13062.66
2019-20,2097,Lincoln County SD,100,General Fund,1500,Earnings on Investments,499717.28
2019-20,2097,Lincoln County SD,100,General Fund,1910,Rentals,42788
2019-20,2097,Lincoln County SD,100,General Fund,1920,Contributions and Donations From Private Sources,2589.2
2019-20,2097,Lincoln County SD,100,General Fund,1940,Services Provided Other Local Education Agencies,192708.83
2019-20,2097,Lincoln County SD,600,Internal Service Funds,1970,Services Provided Other Funds,1375906.18
2019-20,2097,Lincoln County SD,600,Internal Service Funds,1990,Miscellaneous,35812.04
2019-20,2097,Lincoln County SD,600,Internal Service Funds,5400,Resources - Beginning Fund Balance,1121543.54
2019-20,2097,Lincoln County SD,700,Trust and Agency Funds,1990,Miscellaneous,16119.93
2019-20,2097,Lincoln County SD,100,General Fund,4201,Foster Transportation,48682.55
2019-20,2097,Lincoln County SD,300,Debt Service Funds,1970,Services Provided Other Funds,5385048.83
2019-20,2097,Lincoln County SD,300,Debt Service Funds,5400,Resources - Beginning Fund Balance,8458942.5
2019-20,2097,Lincoln County SD,400,Capital Projects Funds,1130,Construction Excise Tax,582800.1
2019-20,2097,Lincoln County SD,400,Capital Projects Funds,1500,Earnings on Investments,15168.3
2019-20,2097,Lincoln County SD,400,Capital Projects Funds,5400,Resources - Beginning Fund Balance,703403.72
2019-20,2097,Lincoln County SD,600,Internal Service Funds,1500,Earnings on Investments,24280.51
2019-20,2097,Lincoln County SD,200,Special Revenue Funds,4700,Grants-In-Aid From Federal Government Through Other Intermed,49893.9
2019-20,2097,Lincoln County SD,200,Special Revenue Funds,5200,Interfund Transfers,1400000
2019-20,2097,Lincoln County SD,200,Special Revenue Funds,5300,Sale of or Compensation for Loss of Fixed Assets,9999
2019-20,2097,Lincoln County SD,200,Special Revenue Funds,5400,Resources - Beginning Fund Balance,3030184.68
2019-20,2097,Lincoln County SD,300,Debt Service Funds,1110,Ad valorem taxes levied by district,5305258.2
2019-20,2097,Lincoln County SD,300,Debt Service Funds,1500,Earnings on Investments,200744.53
2019-20,2097,Lincoln County SD,200,Special Revenue Funds,3102,State School Fund--School Lunch Match,24777.93
2019-20,2097,Lincoln County SD,200,Special Revenue Funds,3199,Other Unrestricted Grants-In-Aid,72693.31
2019-20,2097,Lincoln County SD,200,Special Revenue Funds,3299,Other Restricted Grants-In-Aid,2531118.61
2019-20,2097,Lincoln County SD,200,Special Revenue Funds,4200,Unrestricted Revenue From Federal Government Through State,4773.25
2019-20,2097,Lincoln County SD,200,Special Revenue Funds,4300,Restricted Revenue Direct From the Federal Government,88900.64
2019-20,2097,Lincoln County SD,200,Special Revenue Funds,4500,Restricted Revenue From Federal Government Through the State,7691149.9
2019-20,2097,Lincoln County SD,200,Special Revenue Funds,1500,Earnings on Investments,19920.66
2019-20,2097,Lincoln County SD,200,Special Revenue Funds,1600,Food Service,83391.13
2019-20,2097,Lincoln County SD,200,Special Revenue Funds,1700,Extra-Curricular Activities,1063573.35
2019-20,2097,Lincoln County SD,200,Special Revenue Funds,1920,Contributions and Donations From Private Sources,273809.77
2019-20,2097,Lincoln County SD,200,Special Revenue Funds,1960,Recovery of Prior Years' Expenditure,1439.21
2019-20,2097,Lincoln County SD,200,Special Revenue Funds,1990,Miscellaneous,830793.07
2019-20,2097,Lincoln County SD,100,General Fund,3103,Common School Fund,452445.05
2019-20,2097,Lincoln County SD,100,General Fund,3104,State Managed County Timber,475782.17
2019-20,2097,Lincoln County SD,100,General Fund,3199,Other Unrestricted Grants-In-Aid,445455.89
2019-20,2097,Lincoln County SD,100,General Fund,4801,Federal Forest Fees,279095.94
2019-20,2097,Lincoln County SD,100,General Fund,5400,Resources - Beginning Fund Balance,8027922.97
2019-20,2097,Lincoln County SD,200,Special Revenue Funds,1110,Ad valorem taxes levied by district,678.83
2019-20,2097,Lincoln County SD,100,General Fund,1960,Recovery of Prior Years' Expenditure,33722.86
2019-20,2097,Lincoln County SD,100,General Fund,1980,Fees Charged to Grants,285841.31
2019-20,2097,Lincoln County SD,100,General Fund,1990,Miscellaneous,616365.6
2019-20,2097,Lincoln County SD,100,General Fund,2101,County School Funds,281941.86
2019-20,2097,Lincoln County SD,100,General Fund,2200,Restricted Revenue,180198
2019-20,2097,Lincoln County SD,100,General Fund,3101,State School Fund --General Support,22767621.61
2019-20,2098,Linn Benton Lincoln ESD,100,General Fund,1110,Ad valorem taxes levied by district,7991643.55
2019-20,2098,Linn Benton Lincoln ESD,100,General Fund,1190,Penalties and interest on taxes,33744.8
2019-20,2098,Linn Benton Lincoln ESD,100,General Fund,1500,Earnings on Investments,434422.29
2019-20,2098,Linn Benton Lincoln ESD,100,General Fund,1980,Fees Charged to Grants,1733631.94
2019-20,2098,Linn Benton Lincoln ESD,100,General Fund,1990,Miscellaneous,38607.98
2019-20,2098,Linn Benton Lincoln ESD,100,General Fund,3101,State School Fund --General Support,9048106.56
2019-20,2098,Linn Benton Lincoln ESD,600,Internal Service Funds,5200,Interfund Transfers,4722515.4
2019-20,2098,Linn Benton Lincoln ESD,600,Internal Service Funds,5400,Resources - Beginning Fund Balance,6100607.22
2019-20,2098,Linn Benton Lincoln ESD,400,Capital Projects Funds,5400,Resources - Beginning Fund Balance,1563749.06
2019-20,2098,Linn Benton Lincoln ESD,600,Internal Service Funds,1920,Contributions and Donations From Private Sources,9664.55
2019-20,2098,Linn Benton Lincoln ESD,600,Internal Service Funds,1940,Services Provided Other Local Education Agencies,2927704.68
2019-20,2098,Linn Benton Lincoln ESD,600,Internal Service Funds,1970,Services Provided Other Funds,602987.37
2019-20,2098,Linn Benton Lincoln ESD,600,Internal Service Funds,1990,Miscellaneous,451579.46
2019-20,2098,Linn Benton Lincoln ESD,600,Internal Service Funds,3299,Other Restricted Grants-In-Aid,500
2019-20,2098,Linn Benton Lincoln ESD,200,Special Revenue Funds,3299,Other Restricted Grants-In-Aid,10120178.31
2019-20,2098,Linn Benton Lincoln ESD,200,Special Revenue Funds,4500,Restricted Revenue From Federal Government Through the State,2853698.09
2019-20,2098,Linn Benton Lincoln ESD,200,Special Revenue Funds,5200,Interfund Transfers,300000
2019-20,2098,Linn Benton Lincoln ESD,200,Special Revenue Funds,5400,Resources - Beginning Fund Balance,3989217.87
2019-20,2098,Linn Benton Lincoln ESD,400,Capital Projects Funds,1910,Rentals,12018.93
2019-20,2098,Linn Benton Lincoln ESD,400,Capital Projects Funds,5200,Interfund Transfers,430269.64
2019-20,2098,Linn Benton Lincoln ESD,100,General Fund,3104,State Managed County Timber,42882.18
2019-20,2098,Linn Benton Lincoln ESD,100,General Fund,5300,Sale of or Compensation for Loss of Fixed Assets,82430.66
2019-20,2098,Linn Benton Lincoln ESD,100,General Fund,5400,Resources - Beginning Fund Balance,8015788.07
2019-20,2098,Linn Benton Lincoln ESD,200,Special Revenue Funds,1940,Services Provided Other Local Education Agencies,143529.09
2019-20,2098,Linn Benton Lincoln ESD,200,Special Revenue Funds,1990,Miscellaneous,3536819.36
2019-20,2098,Linn Benton Lincoln ESD,200,Special Revenue Funds,2200,Restricted Revenue,69632.93
2019-20,2099,Harrisburg SD 7J,100,General Fund,1110,Ad valorem taxes levied by district,1899646.4
2019-20,2099,Harrisburg SD 7J,100,General Fund,1190,Penalties and interest on taxes,518.8
2019-20,2099,Harrisburg SD 7J,100,General Fund,1311,Tuition from Individuals,1312.5
2019-20,2099,Harrisburg SD 7J,100,General Fund,1500,Earnings on Investments,69650.19
2019-20,2099,Harrisburg SD 7J,100,General Fund,1960,Recovery of Prior Years' Expenditure,82569.48
2019-20,2099,Harrisburg SD 7J,100,General Fund,1990,Miscellaneous,49121.86
2019-20,2099,Harrisburg SD 7J,400,Capital Projects Funds,3299,Other Restricted Grants-In-Aid,6499530
2019-20,2099,Harrisburg SD 7J,400,Capital Projects Funds,5400,Resources - Beginning Fund Balance,7781829.7
2019-20,2099,Harrisburg SD 7J,300,Debt Service Funds,1190,Penalties and interest on taxes,156.14
2019-20,2099,Harrisburg SD 7J,300,Debt Service Funds,1500,Earnings on Investments,1070.52
2019-20,2099,Harrisburg SD 7J,300,Debt Service Funds,5200,Interfund Transfers,51908
2019-20,2099,Harrisburg SD 7J,300,Debt Service Funds,5400,Resources - Beginning Fund Balance,11936.34
2019-20,2099,Harrisburg SD 7J,400,Capital Projects Funds,1500,Earnings on Investments,93159.03
2019-20,2099,Harrisburg SD 7J,400,Capital Projects Funds,1990,Miscellaneous,2500
2019-20,2099,Harrisburg SD 7J,200,Special Revenue Funds,4200,Unrestricted Revenue From Federal Government Through State,33490.98
2019-20,2099,Harrisburg SD 7J,200,Special Revenue Funds,4500,Restricted Revenue From Federal Government Through the State,589776.76
2019-20,2099,Harrisburg SD 7J,200,Special Revenue Funds,4900,Revenue for/on Behalf of the District,22897.74
2019-20,2099,Harrisburg SD 7J,200,Special Revenue Funds,5200,Interfund Transfers,176606
2019-20,2099,Harrisburg SD 7J,200,Special Revenue Funds,5400,Resources - Beginning Fund Balance,442783.8
2019-20,2099,Harrisburg SD 7J,300,Debt Service Funds,1110,Ad valorem taxes levied by district,767479.84
2019-20,2099,Harrisburg SD 7J,200,Special Revenue Funds,1990,Miscellaneous,132860.28
2019-20,2099,Harrisburg SD 7J,200,Special Revenue Funds,2102,General Education Service District Funds,660.63
2019-20,2099,Harrisburg SD 7J,200,Special Revenue Funds,2103,Excess ESD Local Revenue,3250
2019-20,2099,Harrisburg SD 7J,200,Special Revenue Funds,3102,State School Fund--School Lunch Match,2927.23
2019-20,2099,Harrisburg SD 7J,200,Special Revenue Funds,3199,Other Unrestricted Grants-In-Aid,8722.27
2019-20,2099,Harrisburg SD 7J,200,Special Revenue Funds,3299,Other Restricted Grants-In-Aid,238146.66
2019-20,2099,Harrisburg SD 7J,100,General Fund,4801,Federal Forest Fees,28478.2
2019-20,2099,Harrisburg SD 7J,100,General Fund,5400,Resources - Beginning Fund Balance,1749542.55
2019-20,2099,Harrisburg SD 7J,200,Special Revenue Funds,1600,Food Service,78345.52
2019-20,2099,Harrisburg SD 7J,200,Special Revenue Funds,1700,Extra-Curricular Activities,135892.68
2019-20,2099,Harrisburg SD 7J,200,Special Revenue Funds,1920,Contributions and Donations From Private Sources,13894.74
2019-20,2099,Harrisburg SD 7J,200,Special Revenue Funds,1960,Recovery of Prior Years' Expenditure,114
2019-20,2099,Harrisburg SD 7J,100,General Fund,2101,County School Funds,6718.81
2019-20,2099,Harrisburg SD 7J,100,General Fund,2200,Restricted Revenue,39025.08
2019-20,2099,Harrisburg SD 7J,100,General Fund,3101,State School Fund --General Support,6776931.78
2019-20,2099,Harrisburg SD 7J,100,General Fund,3102,State School Fund--School Lunch Match,-2927.23
2019-20,2099,Harrisburg SD 7J,100,General Fund,3103,Common School Fund,77253.3
2019-20,2099,Harrisburg SD 7J,100,General Fund,3104,State Managed County Timber,41236.86
2019-20,2100,Greater Albany Public SD 8J,400,Capital Projects Funds,5100,Long Term Debt Financing Sources,8973950.25
2019-20,2100,Greater Albany Public SD 8J,400,Capital Projects Funds,5200,Interfund Transfers,1081177
2019-20,2100,Greater Albany Public SD 8J,400,Capital Projects Funds,5300,Sale of or Compensation for Loss of Fixed Assets,500000
2019-20,2100,Greater Albany Public SD 8J,400,Capital Projects Funds,5400,Resources - Beginning Fund Balance,115556233.23
2019-20,2100,Greater Albany Public SD 8J,300,Debt Service Funds,5400,Resources - Beginning Fund Balance,2766099.95
2019-20,2100,Greater Albany Public SD 8J,400,Capital Projects Funds,1130,Construction Excise Tax,914360.3
2019-20,2100,Greater Albany Public SD 8J,400,Capital Projects Funds,1200,Revenue From Local Governmental Units Other Than Districts,25000
2019-20,2100,Greater Albany Public SD 8J,400,Capital Projects Funds,1500,Earnings on Investments,1589503.55
2019-20,2100,Greater Albany Public SD 8J,400,Capital Projects Funds,1990,Miscellaneous,112541.61
2019-20,2100,Greater Albany Public SD 8J,400,Capital Projects Funds,3299,Other Restricted Grants-In-Aid,7108370.94
2019-20,2100,Greater Albany Public SD 8J,200,Special Revenue Funds,5200,Interfund Transfers,276196.77
2019-20,2100,Greater Albany Public SD 8J,200,Special Revenue Funds,5300,Sale of or Compensation for Loss of Fixed Assets,100000
2019-20,2100,Greater Albany Public SD 8J,200,Special Revenue Funds,5400,Resources - Beginning Fund Balance,2842162.26
2019-20,2100,Greater Albany Public SD 8J,300,Debt Service Funds,1110,Ad valorem taxes levied by district,12760829.32
2019-20,2100,Greater Albany Public SD 8J,300,Debt Service Funds,1500,Earnings on Investments,211085.21
2019-20,2100,Greater Albany Public SD 8J,300,Debt Service Funds,1970,Services Provided Other Funds,4229963.64
2019-20,2100,Greater Albany Public SD 8J,200,Special Revenue Funds,3222,State School Fund (SSF) Transportation Equipment,593538
2019-20,2100,Greater Albany Public SD 8J,200,Special Revenue Funds,3299,Other Restricted Grants-In-Aid,2260703.67
2019-20,2100,Greater Albany Public SD 8J,200,Special Revenue Funds,4500,Restricted Revenue From Federal Government Through the State,6755293.34
2019-20,2100,Greater Albany Public SD 8J,200,Special Revenue Funds,4700,Grants-In-Aid From Federal Government Through Other Intermed,260169.69
2019-20,2100,Greater Albany Public SD 8J,200,Special Revenue Funds,4900,Revenue for/on Behalf of the District,227151.47
2019-20,2100,Greater Albany Public SD 8J,200,Special Revenue Funds,5100,Long Term Debt Financing Sources,780282.25
2019-20,2100,Greater Albany Public SD 8J,200,Special Revenue Funds,1600,Food Service,396513.75
2019-20,2100,Greater Albany Public SD 8J,200,Special Revenue Funds,1700,Extra-Curricular Activities,1420686.65
2019-20,2100,Greater Albany Public SD 8J,200,Special Revenue Funds,1920,Contributions and Donations From Private Sources,165668.32
2019-20,2100,Greater Albany Public SD 8J,200,Special Revenue Funds,1960,Recovery of Prior Years' Expenditure,45567.73
2019-20,2100,Greater Albany Public SD 8J,200,Special Revenue Funds,1990,Miscellaneous,1608901.17
2019-20,2100,Greater Albany Public SD 8J,200,Special Revenue Funds,2200,Restricted Revenue,248369.71
2019-20,2100,Greater Albany Public SD 8J,100,General Fund,3199,Other Unrestricted Grants-In-Aid,495396.69
2019-20,2100,Greater Albany Public SD 8J,100,General Fund,3299,Other Restricted Grants-In-Aid,323633.91
2019-20,2100,Greater Albany Public SD 8J,100,General Fund,4801,Federal Forest Fees,278723.35
2019-20,2100,Greater Albany Public SD 8J,100,General Fund,4900,Revenue for/on Behalf of the District,1645.6
2019-20,2100,Greater Albany Public SD 8J,100,General Fund,5400,Resources - Beginning Fund Balance,11011429
2019-20,2100,Greater Albany Public SD 8J,200,Special Revenue Funds,1500,Earnings on Investments,93621.23
2019-20,2100,Greater Albany Public SD 8J,100,General Fund,1980,Fees Charged to Grants,185944.25
2019-20,2100,Greater Albany Public SD 8J,100,General Fund,1990,Miscellaneous,305772.85
2019-20,2100,Greater Albany Public SD 8J,100,General Fund,2101,County School Funds,99018.63
2019-20,2100,Greater Albany Public SD 8J,100,General Fund,3101,State School Fund --General Support,67375447.84
2019-20,2100,Greater Albany Public SD 8J,100,General Fund,3103,Common School Fund,929425.3
2019-20,2100,Greater Albany Public SD 8J,100,General Fund,3104,State Managed County Timber,401533.36
2019-20,2100,Greater Albany Public SD 8J,400,Capital Projects Funds,1960,Recovery of Prior Years' Expenditure,580138.4
2019-20,2100,Greater Albany Public SD 8J,100,General Fund,1110,Ad valorem taxes levied by district,25935490.16
2019-20,2100,Greater Albany Public SD 8J,100,General Fund,1411,Transportation fees from Individuals,10582.08
2019-20,2100,Greater Albany Public SD 8J,100,General Fund,1500,Earnings on Investments,595168.89
2019-20,2100,Greater Albany Public SD 8J,100,General Fund,1910,Rentals,52230.61
2019-20,2101,Lebanon Community SD 9,100,General Fund,2101,County School Funds,209250.19
2019-20,2101,Lebanon Community SD 9,100,General Fund,3101,State School Fund --General Support,30942140.38
2019-20,2101,Lebanon Community SD 9,100,General Fund,3103,Common School Fund,196120.16
2019-20,2101,Lebanon Community SD 9,100,General Fund,3104,State Managed County Timber,23587.38
2019-20,2101,Lebanon Community SD 9,100,General Fund,4300,Restricted Revenue Direct From the Federal Government,77981.74
2019-20,2101,Lebanon Community SD 9,100,General Fund,1411,Transportation fees from Individuals,4537.76
2019-20,2101,Lebanon Community SD 9,100,General Fund,1500,Earnings on Investments,320316.95
2019-20,2101,Lebanon Community SD 9,100,General Fund,1910,Rentals,1582
2019-20,2101,Lebanon Community SD 9,100,General Fund,1940,Services Provided Other Local Education Agencies,120211
2019-20,2101,Lebanon Community SD 9,100,General Fund,1980,Fees Charged to Grants,14915.14
2019-20,2101,Lebanon Community SD 9,100,General Fund,1990,Miscellaneous,168820.36
2019-20,2101,Lebanon Community SD 9,600,Internal Service Funds,5200,Interfund Transfers,25000
2019-20,2101,Lebanon Community SD 9,600,Internal Service Funds,5400,Resources - Beginning Fund Balance,117617.54
2019-20,2101,Lebanon Community SD 9,700,Trust and Agency Funds,1990,Miscellaneous,324
2019-20,2101,Lebanon Community SD 9,700,Trust and Agency Funds,5400,Resources - Beginning Fund Balance,1846.89
2019-20,2101,Lebanon Community SD 9,100,General Fund,1110,Ad valorem taxes levied by district,10509103.42
2019-20,2101,Lebanon Community SD 9,100,General Fund,1190,Penalties and interest on taxes,76.04
2019-20,2101,Lebanon Community SD 9,300,Debt Service Funds,1990,Miscellaneous,18342.24
2019-20,2101,Lebanon Community SD 9,300,Debt Service Funds,5100,Long Term Debt Financing Sources,43113.93
2019-20,2101,Lebanon Community SD 9,300,Debt Service Funds,5200,Interfund Transfers,50000
2019-20,2101,Lebanon Community SD 9,300,Debt Service Funds,5400,Resources - Beginning Fund Balance,429782.85
2019-20,2101,Lebanon Community SD 9,500,Enterprise Funds,5300,Sale of or Compensation for Loss of Fixed Assets,244525.64
2019-20,2101,Lebanon Community SD 9,500,Enterprise Funds,5400,Resources - Beginning Fund Balance,-16920.92
2019-20,2101,Lebanon Community SD 9,200,Special Revenue Funds,4700,Grants-In-Aid From Federal Government Through Other Intermed,118811.01
2019-20,2101,Lebanon Community SD 9,200,Special Revenue Funds,4900,Revenue for/on Behalf of the District,169156.7
2019-20,2101,Lebanon Community SD 9,200,Special Revenue Funds,5200,Interfund Transfers,1110000
2019-20,2101,Lebanon Community SD 9,200,Special Revenue Funds,5400,Resources - Beginning Fund Balance,4485559.76
2019-20,2101,Lebanon Community SD 9,300,Debt Service Funds,1110,Ad valorem taxes levied by district,3803750.77
2019-20,2101,Lebanon Community SD 9,300,Debt Service Funds,1500,Earnings on Investments,6148.48
2019-20,2101,Lebanon Community SD 9,200,Special Revenue Funds,1700,Extra-Curricular Activities,622598.25
2019-20,2101,Lebanon Community SD 9,200,Special Revenue Funds,1920,Contributions and Donations From Private Sources,162032.06
2019-20,2101,Lebanon Community SD 9,200,Special Revenue Funds,1990,Miscellaneous,296088.63
2019-20,2101,Lebanon Community SD 9,200,Special Revenue Funds,2200,Restricted Revenue,39152.62
2019-20,2101,Lebanon Community SD 9,200,Special Revenue Funds,3299,Other Restricted Grants-In-Aid,1357417.39
2019-20,2101,Lebanon Community SD 9,200,Special Revenue Funds,4500,Restricted Revenue From Federal Government Through the State,3683593.68
2019-20,2101,Lebanon Community SD 9,100,General Fund,4801,Federal Forest Fees,157803.79
2019-20,2101,Lebanon Community SD 9,100,General Fund,5200,Interfund Transfers,850000
2019-20,2101,Lebanon Community SD 9,100,General Fund,5300,Sale of or Compensation for Loss of Fixed Assets,15750
2019-20,2101,Lebanon Community SD 9,100,General Fund,5400,Resources - Beginning Fund Balance,2126603
2019-20,2101,Lebanon Community SD 9,200,Special Revenue Funds,1500,Earnings on Investments,14012.62
2019-20,2101,Lebanon Community SD 9,200,Special Revenue Funds,1600,Food Service,73366.73
2019-20,2101,Lebanon Community SD 9,100,General Fund,2200,Restricted Revenue,212376
2019-20,2102,Sweet Home SD 55,400,Capital Projects Funds,3299,Other Restricted Grants-In-Aid,3536375.37
2019-20,2102,Sweet Home SD 55,400,Capital Projects Funds,5400,Resources - Beginning Fund Balance,4314510.93
2019-20,2102,Sweet Home SD 55,700,Trust and Agency Funds,1990,Miscellaneous,479504.57
2019-20,2102,Sweet Home SD 55,700,Trust and Agency Funds,5200,Interfund Transfers,7500
2019-20,2102,Sweet Home SD 55,700,Trust and Agency Funds,5400,Resources - Beginning Fund Balance,1597128.69
2019-20,2102,Sweet Home SD 55,300,Debt Service Funds,1500,Earnings on Investments,18120.14
2019-20,2102,Sweet Home SD 55,300,Debt Service Funds,1970,Services Provided Other Funds,1422261.94
2019-20,2102,Sweet Home SD 55,300,Debt Service Funds,5200,Interfund Transfers,65000
2019-20,2102,Sweet Home SD 55,300,Debt Service Funds,5400,Resources - Beginning Fund Balance,4015172.31
2019-20,2102,Sweet Home SD 55,400,Capital Projects Funds,1500,Earnings on Investments,44094.06
2019-20,2102,Sweet Home SD 55,400,Capital Projects Funds,1990,Miscellaneous,699542.32
2019-20,2102,Sweet Home SD 55,200,Special Revenue Funds,3222,State School Fund (SSF) Transportation Equipment,90805
2019-20,2102,Sweet Home SD 55,200,Special Revenue Funds,3299,Other Restricted Grants-In-Aid,3394748.77
2019-20,2102,Sweet Home SD 55,200,Special Revenue Funds,4500,Restricted Revenue From Federal Government Through the State,2121035.72
2019-20,2102,Sweet Home SD 55,200,Special Revenue Funds,5200,Interfund Transfers,1250000
2019-20,2102,Sweet Home SD 55,200,Special Revenue Funds,5400,Resources - Beginning Fund Balance,5951377.85
2019-20,2102,Sweet Home SD 55,300,Debt Service Funds,1110,Ad valorem taxes levied by district,1573018.23
2019-20,2102,Sweet Home SD 55,200,Special Revenue Funds,1500,Earnings on Investments,77598.22
2019-20,2102,Sweet Home SD 55,200,Special Revenue Funds,1600,Food Service,114521.62
2019-20,2102,Sweet Home SD 55,200,Special Revenue Funds,1920,Contributions and Donations From Private Sources,57457.38
2019-20,2102,Sweet Home SD 55,200,Special Revenue Funds,1990,Miscellaneous,692062.95
2019-20,2102,Sweet Home SD 55,200,Special Revenue Funds,3102,State School Fund--School Lunch Match,10155.19
2019-20,2102,Sweet Home SD 55,200,Special Revenue Funds,3199,Other Unrestricted Grants-In-Aid,189694
2019-20,2102,Sweet Home SD 55,100,General Fund,3101,State School Fund --General Support,18654570.97
2019-20,2102,Sweet Home SD 55,100,General Fund,3103,Common School Fund,224905.9
2019-20,2102,Sweet Home SD 55,100,General Fund,3104,State Managed County Timber,116600.03
2019-20,2102,Sweet Home SD 55,100,General Fund,3199,Other Unrestricted Grants-In-Aid,14764.87
2019-20,2102,Sweet Home SD 55,100,General Fund,4801,Federal Forest Fees,79873.88
2019-20,2102,Sweet Home SD 55,100,General Fund,5400,Resources - Beginning Fund Balance,1846170.66
2019-20,2102,Sweet Home SD 55,100,General Fund,1500,Earnings on Investments,250677.95
2019-20,2102,Sweet Home SD 55,100,General Fund,1800,Community Services Activities,20771.61
2019-20,2102,Sweet Home SD 55,100,General Fund,1910,Rentals,46691.75
2019-20,2102,Sweet Home SD 55,100,General Fund,1980,Fees Charged to Grants,52198.65
2019-20,2102,Sweet Home SD 55,100,General Fund,1990,Miscellaneous,70071.78
2019-20,2102,Sweet Home SD 55,100,General Fund,2102,General Education Service District Funds,110159.67
2019-20,2102,Sweet Home SD 55,100,General Fund,1110,Ad valorem taxes levied by district,4914263.14
2019-20,2102,Sweet Home SD 55,100,General Fund,1120,Local option ad valorem taxes levied by district,256066.21
2019-20,2103,Scio SD 95,200,Special Revenue Funds,5400,Resources - Beginning Fund Balance,3028401.53
2019-20,2103,Scio SD 95,400,Capital Projects Funds,3299,Other Restricted Grants-In-Aid,515919
2019-20,2103,Scio SD 95,400,Capital Projects Funds,5200,Interfund Transfers,85000
2019-20,2103,Scio SD 95,400,Capital Projects Funds,5400,Resources - Beginning Fund Balance,4079461.71
2019-20,2103,Scio SD 95,200,Special Revenue Funds,2200,Restricted Revenue,16697.88
2019-20,2103,Scio SD 95,200,Special Revenue Funds,3299,Other Restricted Grants-In-Aid,200173.69
2019-20,2103,Scio SD 95,200,Special Revenue Funds,4500,Restricted Revenue From Federal Government Through the State,447539.82
2019-20,2103,Scio SD 95,200,Special Revenue Funds,4700,Grants-In-Aid From Federal Government Through Other Intermed,11071.61
2019-20,2103,Scio SD 95,200,Special Revenue Funds,4900,Revenue for/on Behalf of the District,15992.25
2019-20,2103,Scio SD 95,200,Special Revenue Funds,5200,Interfund Transfers,126000.58
2019-20,2103,Scio SD 95,200,Special Revenue Funds,1500,Earnings on Investments,18.38
2019-20,2103,Scio SD 95,200,Special Revenue Funds,1600,Food Service,49878.11
2019-20,2103,Scio SD 95,200,Special Revenue Funds,1700,Extra-Curricular Activities,148996.93
2019-20,2103,Scio SD 95,200,Special Revenue Funds,1920,Contributions and Donations From Private Sources,12869.93
2019-20,2103,Scio SD 95,200,Special Revenue Funds,1960,Recovery of Prior Years' Expenditure,436.14
2019-20,2103,Scio SD 95,200,Special Revenue Funds,1990,Miscellaneous,18376.36
2019-20,2103,Scio SD 95,100,General Fund,3104,State Managed County Timber,47021.98
2019-20,2103,Scio SD 95,100,General Fund,3204,Driver Education,10100
2019-20,2103,Scio SD 95,100,General Fund,3299,Other Restricted Grants-In-Aid,2000
2019-20,2103,Scio SD 95,100,General Fund,4500,Restricted Revenue From Federal Government Through the State,4024.98
2019-20,2103,Scio SD 95,100,General Fund,4801,Federal Forest Fees,26158.57
2019-20,2103,Scio SD 95,100,General Fund,5400,Resources - Beginning Fund Balance,2931020.42
2019-20,2103,Scio SD 95,100,General Fund,1960,Recovery of Prior Years' Expenditure,8467.78
2019-20,2103,Scio SD 95,100,General Fund,1990,Miscellaneous,57503.13
2019-20,2103,Scio SD 95,100,General Fund,2101,County School Funds,5354.4
2019-20,2103,Scio SD 95,100,General Fund,2200,Restricted Revenue,32828.32
2019-20,2103,Scio SD 95,100,General Fund,3101,State School Fund --General Support,7709256.17
2019-20,2103,Scio SD 95,100,General Fund,3103,Common School Fund,69905.04
2019-20,2103,Scio SD 95,100,General Fund,1110,Ad valorem taxes levied by district,1449395.84
2019-20,2103,Scio SD 95,100,General Fund,1190,Penalties and interest on taxes,2576.72
2019-20,2103,Scio SD 95,100,General Fund,1500,Earnings on Investments,238471.97
2019-20,2103,Scio SD 95,100,General Fund,1700,Extra-Curricular Activities,982.65
2019-20,2103,Scio SD 95,100,General Fund,1910,Rentals,8400
2019-20,2103,Scio SD 95,100,General Fund,1920,Contributions and Donations From Private Sources,4.1
2019-20,2104,Santiam Canyon SD 129J,100,General Fund,1110,Ad valorem taxes levied by district,1928773.13
2019-20,2104,Santiam Canyon SD 129J,100,General Fund,1190,Penalties and interest on taxes,4626.72
2019-20,2104,Santiam Canyon SD 129J,100,General Fund,1500,Earnings on Investments,168731.52
2019-20,2104,Santiam Canyon SD 129J,100,General Fund,1700,Extra-Curricular Activities,12251.15
2019-20,2104,Santiam Canyon SD 129J,100,General Fund,1910,Rentals,6439
2019-20,2104,Santiam Canyon SD 129J,100,General Fund,1940,Services Provided Other Local Education Agencies,1755844.71
2019-20,2104,Santiam Canyon SD 129J,400,Capital Projects Funds,3299,Other Restricted Grants-In-Aid,1032926.5
2019-20,2104,Santiam Canyon SD 129J,400,Capital Projects Funds,5100,Long Term Debt Financing Sources,21743581
2019-20,2104,Santiam Canyon SD 129J,400,Capital Projects Funds,5200,Interfund Transfers,1228744
2019-20,2104,Santiam Canyon SD 129J,400,Capital Projects Funds,5400,Resources - Beginning Fund Balance,1028345.75
2019-20,2104,Santiam Canyon SD 129J,300,Debt Service Funds,1190,Penalties and interest on taxes,128.83
2019-20,2104,Santiam Canyon SD 129J,300,Debt Service Funds,1500,Earnings on Investments,4457.58
2019-20,2104,Santiam Canyon SD 129J,300,Debt Service Funds,1970,Services Provided Other Funds,526490.84
2019-20,2104,Santiam Canyon SD 129J,300,Debt Service Funds,5400,Resources - Beginning Fund Balance,657903.32
2019-20,2104,Santiam Canyon SD 129J,400,Capital Projects Funds,1500,Earnings on Investments,355672.61
2019-20,2104,Santiam Canyon SD 129J,400,Capital Projects Funds,1920,Contributions and Donations From Private Sources,50000
2019-20,2104,Santiam Canyon SD 129J,200,Special Revenue Funds,3299,Other Restricted Grants-In-Aid,395372.97
2019-20,2104,Santiam Canyon SD 129J,200,Special Revenue Funds,4500,Restricted Revenue From Federal Government Through the State,894105.92
2019-20,2104,Santiam Canyon SD 129J,200,Special Revenue Funds,4900,Revenue for/on Behalf of the District,15202.03
2019-20,2104,Santiam Canyon SD 129J,200,Special Revenue Funds,5200,Interfund Transfers,26154.55
2019-20,2104,Santiam Canyon SD 129J,200,Special Revenue Funds,5400,Resources - Beginning Fund Balance,782092.53
2019-20,2104,Santiam Canyon SD 129J,300,Debt Service Funds,1110,Ad valorem taxes levied by district,928589.22
2019-20,2104,Santiam Canyon SD 129J,200,Special Revenue Funds,1500,Earnings on Investments,7558.86
2019-20,2104,Santiam Canyon SD 129J,200,Special Revenue Funds,1600,Food Service,30466.57
2019-20,2104,Santiam Canyon SD 129J,200,Special Revenue Funds,1700,Extra-Curricular Activities,94873.84
2019-20,2104,Santiam Canyon SD 129J,200,Special Revenue Funds,1910,Rentals,780
2019-20,2104,Santiam Canyon SD 129J,200,Special Revenue Funds,1920,Contributions and Donations From Private Sources,37684
2019-20,2104,Santiam Canyon SD 129J,200,Special Revenue Funds,1990,Miscellaneous,25610.52
2019-20,2104,Santiam Canyon SD 129J,100,General Fund,3104,State Managed County Timber,673693.39
2019-20,2104,Santiam Canyon SD 129J,100,General Fund,3299,Other Restricted Grants-In-Aid,13148.96
2019-20,2104,Santiam Canyon SD 129J,100,General Fund,4200,Unrestricted Revenue From Federal Government Through State,13748.25
2019-20,2104,Santiam Canyon SD 129J,100,General Fund,4801,Federal Forest Fees,49066.44
2019-20,2104,Santiam Canyon SD 129J,100,General Fund,5300,Sale of or Compensation for Loss of Fixed Assets,373427.42
2019-20,2104,Santiam Canyon SD 129J,100,General Fund,5400,Resources - Beginning Fund Balance,3525238.13
2019-20,2104,Santiam Canyon SD 129J,100,General Fund,1960,Recovery of Prior Years' Expenditure,1928.37
2019-20,2104,Santiam Canyon SD 129J,100,General Fund,1990,Miscellaneous,50367.47
2019-20,2104,Santiam Canyon SD 129J,100,General Fund,2101,County School Funds,2426.45
2019-20,2104,Santiam Canyon SD 129J,100,General Fund,2102,General Education Service District Funds,192937.09
2019-20,2104,Santiam Canyon SD 129J,100,General Fund,3101,State School Fund --General Support,42756590.66
2019-20,2104,Santiam Canyon SD 129J,100,General Fund,3103,Common School Fund,176540.06
2019-20,2105,Central Linn SD 552,100,General Fund,1110,Ad valorem taxes levied by district,3279194.94
2019-20,2105,Central Linn SD 552,100,General Fund,1500,Earnings on Investments,51695.13
2019-20,2105,Central Linn SD 552,100,General Fund,1700,Extra-Curricular Activities,41709.65
2019-20,2105,Central Linn SD 552,100,General Fund,1920,Contributions and Donations From Private Sources,767
2019-20,2105,Central Linn SD 552,100,General Fund,1990,Miscellaneous,75090.4
2019-20,2105,Central Linn SD 552,100,General Fund,2200,Restricted Revenue,13148.96
2019-20,2105,Central Linn SD 552,400,Capital Projects Funds,3299,Other Restricted Grants-In-Aid,700000
2019-20,2105,Central Linn SD 552,400,Capital Projects Funds,5200,Interfund Transfers,200000
2019-20,2105,Central Linn SD 552,400,Capital Projects Funds,5400,Resources - Beginning Fund Balance,148796
2019-20,2105,Central Linn SD 552,500,Enterprise Funds,5400,Resources - Beginning Fund Balance,1518.21
2019-20,2105,Central Linn SD 552,200,Special Revenue Funds,3102,State School Fund--School Lunch Match,5523.72
2019-20,2105,Central Linn SD 552,200,Special Revenue Funds,3299,Other Restricted Grants-In-Aid,187925.91
2019-20,2105,Central Linn SD 552,200,Special Revenue Funds,4500,Restricted Revenue From Federal Government Through the State,689446.55
2019-20,2105,Central Linn SD 552,200,Special Revenue Funds,4900,Revenue for/on Behalf of the District,13903.21
2019-20,2105,Central Linn SD 552,200,Special Revenue Funds,5200,Interfund Transfers,104786.49
2019-20,2105,Central Linn SD 552,200,Special Revenue Funds,5400,Resources - Beginning Fund Balance,499147.6
2019-20,2105,Central Linn SD 552,100,General Fund,4801,Federal Forest Fees,22699.81
2019-20,2105,Central Linn SD 552,100,General Fund,5400,Resources - Beginning Fund Balance,378887.99
2019-20,2105,Central Linn SD 552,200,Special Revenue Funds,1500,Earnings on Investments,67.17
2019-20,2105,Central Linn SD 552,200,Special Revenue Funds,1600,Food Service,28069.75
2019-20,2105,Central Linn SD 552,200,Special Revenue Funds,1700,Extra-Curricular Activities,165676.79
2019-20,2105,Central Linn SD 552,200,Special Revenue Funds,1990,Miscellaneous,1744.34
2019-20,2105,Central Linn SD 552,100,General Fund,3101,State School Fund --General Support,3894869.3
2019-20,2105,Central Linn SD 552,100,General Fund,3103,Common School Fund,63514.33
2019-20,2105,Central Linn SD 552,100,General Fund,3104,State Managed County Timber,31785.9
2019-20,2105,Central Linn SD 552,100,General Fund,3199,Other Unrestricted Grants-In-Aid,45532.16
2019-20,2105,Central Linn SD 552,100,General Fund,3299,Other Restricted Grants-In-Aid,203973.1
2019-20,2105,Central Linn SD 552,100,General Fund,4200,Unrestricted Revenue From Federal Government Through State,7732.65
2019-20,2106,Malheur ESD Region 14,400,Capital Projects Funds,1990,Miscellaneous,32927.12
2019-20,2106,Malheur ESD Region 14,400,Capital Projects Funds,5200,Interfund Transfers,25000
2019-20,2106,Malheur ESD Region 14,400,Capital Projects Funds,5400,Resources - Beginning Fund Balance,51922.77
2019-20,2106,Malheur ESD Region 14,600,Internal Service Funds,1940,Services Provided Other Local Education Agencies,140000
2019-20,2106,Malheur ESD Region 14,600,Internal Service Funds,1990,Miscellaneous,60724.71
2019-20,2106,Malheur ESD Region 14,600,Internal Service Funds,5400,Resources - Beginning Fund Balance,35286.45
2019-20,2106,Malheur ESD Region 14,200,Special Revenue Funds,1990,Miscellaneous,82229.79
2019-20,2106,Malheur ESD Region 14,200,Special Revenue Funds,3204,Driver Education,4860
2019-20,2106,Malheur ESD Region 14,200,Special Revenue Funds,3299,Other Restricted Grants-In-Aid,2885335.33
2019-20,2106,Malheur ESD Region 14,200,Special Revenue Funds,4500,Restricted Revenue From Federal Government Through the State,494436.66
2019-20,2106,Malheur ESD Region 14,200,Special Revenue Funds,5200,Interfund Transfers,91000
2019-20,2106,Malheur ESD Region 14,200,Special Revenue Funds,5400,Resources - Beginning Fund Balance,558893.93
2019-20,2106,Malheur ESD Region 14,100,General Fund,1940,Services Provided Other Local Education Agencies,530177.88
2019-20,2106,Malheur ESD Region 14,100,General Fund,1980,Fees Charged to Grants,245608.09
2019-20,2106,Malheur ESD Region 14,100,General Fund,1990,Miscellaneous,48079.94
2019-20,2106,Malheur ESD Region 14,100,General Fund,3101,State School Fund --General Support,2303466.13
2019-20,2106,Malheur ESD Region 14,100,General Fund,5400,Resources - Beginning Fund Balance,985720.97
2019-20,2106,Malheur ESD Region 14,200,Special Revenue Funds,1940,Services Provided Other Local Education Agencies,508396.37
2019-20,2106,Malheur ESD Region 14,100,General Fund,1110,Ad valorem taxes levied by district,693252.73
2019-20,2106,Malheur ESD Region 14,100,General Fund,1500,Earnings on Investments,32169.6
2019-20,2107,Jordan Valley SD 3,100,General Fund,1110,Ad valorem taxes levied by district,197682.9
2019-20,2107,Jordan Valley SD 3,100,General Fund,1313,Tuition from Other Districts outside the State,38833.53
2019-20,2107,Jordan Valley SD 3,100,General Fund,1500,Earnings on Investments,41237.47
2019-20,2107,Jordan Valley SD 3,100,General Fund,1910,Rentals,1970
2019-20,2107,Jordan Valley SD 3,100,General Fund,1990,Miscellaneous,17507.46
2019-20,2107,Jordan Valley SD 3,100,General Fund,2101,County School Funds,303.77
2019-20,2107,Jordan Valley SD 3,200,Special Revenue Funds,3299,Other Restricted Grants-In-Aid,116737.87
2019-20,2107,Jordan Valley SD 3,200,Special Revenue Funds,4500,Restricted Revenue From Federal Government Through the State,41770
2019-20,2107,Jordan Valley SD 3,200,Special Revenue Funds,5400,Resources - Beginning Fund Balance,59906.65
2019-20,2107,Jordan Valley SD 3,400,Capital Projects Funds,3101,State School Fund --General Support,12900
2019-20,2107,Jordan Valley SD 3,400,Capital Projects Funds,5200,Interfund Transfers,54983
2019-20,2107,Jordan Valley SD 3,400,Capital Projects Funds,5400,Resources - Beginning Fund Balance,15017.27
2019-20,2107,Jordan Valley SD 3,100,General Fund,3101,State School Fund --General Support,1425033.64
2019-20,2107,Jordan Valley SD 3,100,General Fund,3103,Common School Fund,5579.06
2019-20,2107,Jordan Valley SD 3,100,General Fund,3299,Other Restricted Grants-In-Aid,5492.74
2019-20,2107,Jordan Valley SD 3,100,General Fund,4500,Restricted Revenue From Federal Government Through the State,15000
2019-20,2107,Jordan Valley SD 3,100,General Fund,5400,Resources - Beginning Fund Balance,1681349.79
2019-20,2107,Jordan Valley SD 3,200,Special Revenue Funds,1700,Extra-Curricular Activities,82318
2019-20,2108,Ontario SD 8C,100,General Fund,1110,Ad valorem taxes levied by district,4396346.35
2019-20,2108,Ontario SD 8C,100,General Fund,1190,Penalties and interest on taxes,1495.65
2019-20,2108,Ontario SD 8C,100,General Fund,1500,Earnings on Investments,284512.63
2019-20,2108,Ontario SD 8C,100,General Fund,1700,Extra-Curricular Activities,44500.8
2019-20,2108,Ontario SD 8C,100,General Fund,1910,Rentals,8310.83
2019-20,2108,Ontario SD 8C,100,General Fund,1970,Services Provided Other Funds,36344.79
2019-20,2108,Ontario SD 8C,500,Enterprise Funds,3299,Other Restricted Grants-In-Aid,2564
2019-20,2108,Ontario SD 8C,500,Enterprise Funds,5200,Interfund Transfers,1912.43
2019-20,2108,Ontario SD 8C,500,Enterprise Funds,5400,Resources - Beginning Fund Balance,9945.83
2019-20,2108,Ontario SD 8C,600,Internal Service Funds,5400,Resources - Beginning Fund Balance,415361.07
2019-20,2108,Ontario SD 8C,300,Debt Service Funds,4500,Restricted Revenue From Federal Government Through the State,917427.94
2019-20,2108,Ontario SD 8C,300,Debt Service Funds,5400,Resources - Beginning Fund Balance,9640737.39
2019-20,2108,Ontario SD 8C,400,Capital Projects Funds,1990,Miscellaneous,11135.63
2019-20,2108,Ontario SD 8C,400,Capital Projects Funds,5200,Interfund Transfers,293000
2019-20,2108,Ontario SD 8C,400,Capital Projects Funds,5400,Resources - Beginning Fund Balance,1356230.22
2019-20,2108,Ontario SD 8C,500,Enterprise Funds,1990,Miscellaneous,16431.36
2019-20,2108,Ontario SD 8C,200,Special Revenue Funds,5200,Interfund Transfers,2000
2019-20,2108,Ontario SD 8C,200,Special Revenue Funds,5400,Resources - Beginning Fund Balance,2342032.83
2019-20,2108,Ontario SD 8C,300,Debt Service Funds,1110,Ad valorem taxes levied by district,1188317.12
2019-20,2108,Ontario SD 8C,300,Debt Service Funds,1190,Penalties and interest on taxes,404.47
2019-20,2108,Ontario SD 8C,300,Debt Service Funds,1500,Earnings on Investments,224563.63
2019-20,2108,Ontario SD 8C,300,Debt Service Funds,1970,Services Provided Other Funds,1118977.71
2019-20,2108,Ontario SD 8C,200,Special Revenue Funds,1920,Contributions and Donations From Private Sources,900
2019-20,2108,Ontario SD 8C,200,Special Revenue Funds,1990,Miscellaneous,102887.13
2019-20,2108,Ontario SD 8C,200,Special Revenue Funds,3102,State School Fund--School Lunch Match,17653.52
2019-20,2108,Ontario SD 8C,200,Special Revenue Funds,3299,Other Restricted Grants-In-Aid,553340.56
2019-20,2108,Ontario SD 8C,200,Special Revenue Funds,4500,Restricted Revenue From Federal Government Through the State,5947176.35
2019-20,2108,Ontario SD 8C,200,Special Revenue Funds,4900,Revenue for/on Behalf of the District,140635.42
2019-20,2108,Ontario SD 8C,100,General Fund,3299,Other Restricted Grants-In-Aid,51661.8
2019-20,2108,Ontario SD 8C,100,General Fund,4500,Restricted Revenue From Federal Government Through the State,60267.69
2019-20,2108,Ontario SD 8C,100,General Fund,5400,Resources - Beginning Fund Balance,5693356.82
2019-20,2108,Ontario SD 8C,200,Special Revenue Funds,1500,Earnings on Investments,4.67
2019-20,2108,Ontario SD 8C,200,Special Revenue Funds,1600,Food Service,11876.37
2019-20,2108,Ontario SD 8C,200,Special Revenue Funds,1700,Extra-Curricular Activities,196296.41
2019-20,2108,Ontario SD 8C,100,General Fund,1980,Fees Charged to Grants,346368.48
2019-20,2108,Ontario SD 8C,100,General Fund,1990,Miscellaneous,48729.74
2019-20,2108,Ontario SD 8C,100,General Fund,2101,County School Funds,785.68
2019-20,2108,Ontario SD 8C,100,General Fund,2200,Restricted Revenue,843013.28
2019-20,2108,Ontario SD 8C,100,General Fund,3101,State School Fund --General Support,25060622.17
2019-20,2108,Ontario SD 8C,100,General Fund,3103,Common School Fund,217799.58
2019-20,2109,Juntura SD 12,400,Capital Projects Funds,5200,Interfund Transfers,20000
2019-20,2109,Juntura SD 12,400,Capital Projects Funds,5400,Resources - Beginning Fund Balance,97201
2019-20,2109,Juntura SD 12,600,Internal Service Funds,5400,Resources - Beginning Fund Balance,19145.2
2019-20,2109,Juntura SD 12,100,General Fund,1110,Ad valorem taxes levied by district,66164.82
2019-20,2109,Juntura SD 12,100,General Fund,1120,Local option ad valorem taxes levied by district,266.99
2019-20,2109,Juntura SD 12,100,General Fund,1500,Earnings on Investments,11320.27
2019-20,2109,Juntura SD 12,100,General Fund,1990,Miscellaneous,450
2019-20,2109,Juntura SD 12,200,Special Revenue Funds,4300,Restricted Revenue Direct From the Federal Government,13867.28
2019-20,2109,Juntura SD 12,200,Special Revenue Funds,4500,Restricted Revenue From Federal Government Through the State,1643.95
2019-20,2109,Juntura SD 12,100,General Fund,3101,State School Fund --General Support,190187.09
2019-20,2109,Juntura SD 12,100,General Fund,3103,Common School Fund,206.59
2019-20,2109,Juntura SD 12,100,General Fund,5400,Resources - Beginning Fund Balance,363111.81
2019-20,2110,Nyssa SD 26,100,General Fund,1110,Ad valorem taxes levied by district,926080.03
2019-20,2110,Nyssa SD 26,100,General Fund,1990,Miscellaneous,38670.77
2019-20,2110,Nyssa SD 26,200,Special Revenue Funds,1990,Miscellaneous,184406.32
2019-20,2110,Nyssa SD 26,200,Special Revenue Funds,3299,Other Restricted Grants-In-Aid,829025.61
2019-20,2110,Nyssa SD 26,200,Special Revenue Funds,4500,Restricted Revenue From Federal Government Through the State,2671665.16
2019-20,2110,Nyssa SD 26,200,Special Revenue Funds,5200,Interfund Transfers,324996.17
2019-20,2110,Nyssa SD 26,200,Special Revenue Funds,2200,Restricted Revenue,24213.36
2019-20,2110,Nyssa SD 26,300,Debt Service Funds,1500,Earnings on Investments,797.82
2019-20,2110,Nyssa SD 26,300,Debt Service Funds,2200,Restricted Revenue,2163.15
2019-20,2110,Nyssa SD 26,300,Debt Service Funds,5400,Resources - Beginning Fund Balance,-12403.02
2019-20,2110,Nyssa SD 26,100,General Fund,3101,State School Fund --General Support,12401714.02
2019-20,2110,Nyssa SD 26,100,General Fund,3103,Common School Fund,113217.57
2019-20,2110,Nyssa SD 26,100,General Fund,5200,Interfund Transfers,9280.02
2019-20,2110,Nyssa SD 26,100,General Fund,5300,Sale of or Compensation for Loss of Fixed Assets,1000
2019-20,2110,Nyssa SD 26,100,General Fund,5400,Resources - Beginning Fund Balance,3784127.51
2019-20,2110,Nyssa SD 26,200,Special Revenue Funds,1600,Food Service,12674.81
2019-20,2110,Nyssa SD 26,100,General Fund,1500,Earnings on Investments,86998.33
2019-20,2110,Nyssa SD 26,100,General Fund,1700,Extra-Curricular Activities,11893.61
2019-20,2110,Nyssa SD 26,100,General Fund,1910,Rentals,1485
2019-20,2110,Nyssa SD 26,100,General Fund,1980,Fees Charged to Grants,47748.86
2019-20,2110,Nyssa SD 26,100,General Fund,2101,County School Funds,394.13
2019-20,2110,Nyssa SD 26,100,General Fund,2200,Restricted Revenue,11404.33
2019-20,2110,Nyssa SD 26,200,Special Revenue Funds,5400,Resources - Beginning Fund Balance,352510.73
2019-20,2110,Nyssa SD 26,300,Debt Service Funds,1110,Ad valorem taxes levied by district,388880.07
2019-20,2110,Nyssa SD 26,400,Capital Projects Funds,1500,Earnings on Investments,68728.94
2019-20,2110,Nyssa SD 26,400,Capital Projects Funds,5200,Interfund Transfers,664725.17
2019-20,2110,Nyssa SD 26,400,Capital Projects Funds,5400,Resources - Beginning Fund Balance,1113644.27
2019-20,2110,Nyssa SD 26,100,General Fund,1312,Tuition from Other Districts within the State,2376.25
2019-20,2111,Annex SD 29,400,Capital Projects Funds,5200,Interfund Transfers,500000
2019-20,2111,Annex SD 29,600,Internal Service Funds,1500,Earnings on Investments,2658.63
2019-20,2111,Annex SD 29,100,General Fund,5400,Resources - Beginning Fund Balance,1302704
2019-20,2111,Annex SD 29,200,Special Revenue Funds,5400,Resources - Beginning Fund Balance,7945
2019-20,2111,Annex SD 29,400,Capital Projects Funds,5400,Resources - Beginning Fund Balance,288398
2019-20,2111,Annex SD 29,600,Internal Service Funds,5400,Resources - Beginning Fund Balance,20282
2019-20,2111,Annex SD 29,100,General Fund,5300,Sale of or Compensation for Loss of Fixed Assets,3500
2019-20,2111,Annex SD 29,200,Special Revenue Funds,1600,Food Service,673.2
2019-20,2111,Annex SD 29,200,Special Revenue Funds,1700,Extra-Curricular Activities,5924.02
2019-20,2111,Annex SD 29,200,Special Revenue Funds,3299,Other Restricted Grants-In-Aid,17115.34
2019-20,2111,Annex SD 29,200,Special Revenue Funds,4300,Restricted Revenue Direct From the Federal Government,145518
2019-20,2111,Annex SD 29,200,Special Revenue Funds,5200,Interfund Transfers,13003.26
2019-20,2111,Annex SD 29,100,General Fund,1110,Ad valorem taxes levied by district,202226.29
2019-20,2111,Annex SD 29,100,General Fund,1500,Earnings on Investments,41721.01
2019-20,2111,Annex SD 29,100,General Fund,1990,Miscellaneous,3568
2019-20,2111,Annex SD 29,100,General Fund,3101,State School Fund --General Support,1538371.8
2019-20,2111,Annex SD 29,100,General Fund,3103,Common School Fund,9870.98
2019-20,2112,Malheur County SD 51,100,General Fund,1110,Ad valorem taxes levied by district,19946.91
2019-20,2112,Malheur County SD 51,100,General Fund,1500,Earnings on Investments,4828.36
2019-20,2112,Malheur County SD 51,100,General Fund,1990,Miscellaneous,0.99
2019-20,2112,Malheur County SD 51,100,General Fund,3101,State School Fund --General Support,6978
2019-20,2112,Malheur County SD 51,100,General Fund,3103,Common School Fund,265.54
2019-20,2112,Malheur County SD 51,100,General Fund,5400,Resources - Beginning Fund Balance,231649.57
2019-20,2113,Adrian SD 61,100,General Fund,1110,Ad valorem taxes levied by district,368727.87
2019-20,2113,Adrian SD 61,100,General Fund,1500,Earnings on Investments,42775.78
2019-20,2113,Adrian SD 61,100,General Fund,1700,Extra-Curricular Activities,5726.68
2019-20,2113,Adrian SD 61,100,General Fund,1910,Rentals,9031.43
2019-20,2113,Adrian SD 61,100,General Fund,1990,Miscellaneous,25724.69
2019-20,2113,Adrian SD 61,100,General Fund,2101,County School Funds,95.6
2019-20,2113,Adrian SD 61,200,Special Revenue Funds,5400,Resources - Beginning Fund Balance,101654
2019-20,2113,Adrian SD 61,300,Debt Service Funds,5400,Resources - Beginning Fund Balance,88507
2019-20,2113,Adrian SD 61,300,Debt Service Funds,1500,Earnings on Investments,1250.62
2019-20,2113,Adrian SD 61,300,Debt Service Funds,3101,State School Fund --General Support,16601.89
2019-20,2113,Adrian SD 61,300,Debt Service Funds,4900,Revenue for/on Behalf of the District,4717.88
2019-20,2113,Adrian SD 61,300,Debt Service Funds,5200,Interfund Transfers,1650
2019-20,2113,Adrian SD 61,400,Capital Projects Funds,3299,Other Restricted Grants-In-Aid,33233.2
2019-20,2113,Adrian SD 61,100,General Fund,5400,Resources - Beginning Fund Balance,1346720
2019-20,2113,Adrian SD 61,200,Special Revenue Funds,4300,Restricted Revenue Direct From the Federal Government,19645.44
2019-20,2113,Adrian SD 61,200,Special Revenue Funds,4500,Restricted Revenue From Federal Government Through the State,250353.6
2019-20,2113,Adrian SD 61,200,Special Revenue Funds,4700,Grants-In-Aid From Federal Government Through Other Intermed,32885.86
2019-20,2113,Adrian SD 61,200,Special Revenue Funds,4900,Revenue for/on Behalf of the District,13633.12
2019-20,2113,Adrian SD 61,200,Special Revenue Funds,5200,Interfund Transfers,148719.96
2019-20,2113,Adrian SD 61,300,Debt Service Funds,1110,Ad valorem taxes levied by district,219514.8
2019-20,2113,Adrian SD 61,200,Special Revenue Funds,1700,Extra-Curricular Activities,65852.16
2019-20,2113,Adrian SD 61,200,Special Revenue Funds,1920,Contributions and Donations From Private Sources,17737.02
2019-20,2113,Adrian SD 61,200,Special Revenue Funds,1990,Miscellaneous,58002.31
2019-20,2113,Adrian SD 61,200,Special Revenue Funds,3102,State School Fund--School Lunch Match,1650.22
2019-20,2113,Adrian SD 61,200,Special Revenue Funds,3222,State School Fund (SSF) Transportation Equipment,23396.53
2019-20,2113,Adrian SD 61,200,Special Revenue Funds,3299,Other Restricted Grants-In-Aid,96998.25
2019-20,2113,Adrian SD 61,100,General Fund,3101,State School Fund --General Support,3776892.59
2019-20,2113,Adrian SD 61,100,General Fund,3103,Common School Fund,13178.09
2019-20,2113,Adrian SD 61,100,General Fund,3199,Other Unrestricted Grants-In-Aid,15400.47
2019-20,2113,Adrian SD 61,100,General Fund,3299,Other Restricted Grants-In-Aid,2496.7
2019-20,2113,Adrian SD 61,200,Special Revenue Funds,1500,Earnings on Investments,297.8
2019-20,2113,Adrian SD 61,200,Special Revenue Funds,1600,Food Service,45698.98
2019-20,2114,Harper SD 66,100,General Fund,1110,Ad valorem taxes levied by district,124166.77
2019-20,2114,Harper SD 66,100,General Fund,1500,Earnings on Investments,23161.01
2019-20,2114,Harper SD 66,100,General Fund,1990,Miscellaneous,3549.96
2019-20,2114,Harper SD 66,100,General Fund,3101,State School Fund --General Support,2161363.99
2019-20,2114,Harper SD 66,100,General Fund,3103,Common School Fund,10016.23
2019-20,2114,Harper SD 66,200,Special Revenue Funds,1500,Earnings on Investments,2502.81
2019-20,2114,Harper SD 66,200,Special Revenue Funds,5400,Resources - Beginning Fund Balance,82507
2019-20,2114,Harper SD 66,400,Capital Projects Funds,5400,Resources - Beginning Fund Balance,183529
2019-20,2114,Harper SD 66,200,Special Revenue Funds,5200,Interfund Transfers,73847.74
2019-20,2114,Harper SD 66,400,Capital Projects Funds,1500,Earnings on Investments,2224.68
2019-20,2114,Harper SD 66,400,Capital Projects Funds,3299,Other Restricted Grants-In-Aid,38923
2019-20,2114,Harper SD 66,400,Capital Projects Funds,5200,Interfund Transfers,180000
2019-20,2114,Harper SD 66,400,Capital Projects Funds,5300,Sale of or Compensation for Loss of Fixed Assets,1111.11
2019-20,2114,Harper SD 66,100,General Fund,5400,Resources - Beginning Fund Balance,956101
2019-20,2114,Harper SD 66,200,Special Revenue Funds,1600,Food Service,15
2019-20,2114,Harper SD 66,200,Special Revenue Funds,1700,Extra-Curricular Activities,34832.24
2019-20,2114,Harper SD 66,200,Special Revenue Funds,3199,Other Unrestricted Grants-In-Aid,1691.85
2019-20,2114,Harper SD 66,200,Special Revenue Funds,3299,Other Restricted Grants-In-Aid,38904.24
2019-20,2114,Harper SD 66,200,Special Revenue Funds,4500,Restricted Revenue From Federal Government Through the State,110865.9
2019-20,2114,Harper SD 66,200,Special Revenue Funds,4900,Revenue for/on Behalf of the District,1274.21
2019-20,2115,Arock SD 81,100,General Fund,5400,Resources - Beginning Fund Balance,358764.6
2019-20,2115,Arock SD 81,100,General Fund,1110,Ad valorem taxes levied by district,83301
2019-20,2115,Arock SD 81,100,General Fund,1120,Local option ad valorem taxes levied by district,343
2019-20,2115,Arock SD 81,100,General Fund,1500,Earnings on Investments,10310
2019-20,2115,Arock SD 81,100,General Fund,1990,Miscellaneous,12139
2019-20,2115,Arock SD 81,100,General Fund,3101,State School Fund --General Support,389581
2019-20,2115,Arock SD 81,100,General Fund,3103,Common School Fund,1641
2019-20,2115,Arock SD 81,200,Special Revenue Funds,4500,Restricted Revenue From Federal Government Through the State,8228.44
2019-20,2115,Arock SD 81,400,Capital Projects Funds,5200,Interfund Transfers,30000
2019-20,2115,Arock SD 81,200,Special Revenue Funds,5400,Resources - Beginning Fund Balance,1032
2019-20,2115,Arock SD 81,400,Capital Projects Funds,5400,Resources - Beginning Fund Balance,50000
2019-20,2116,Vale SD 84,100,General Fund,1110,Ad valorem taxes levied by district,1784318.42
2019-20,2116,Vale SD 84,100,General Fund,1500,Earnings on Investments,92784.48
2019-20,2116,Vale SD 84,100,General Fund,1700,Extra-Curricular Activities,38085.9
2019-20,2116,Vale SD 84,100,General Fund,1910,Rentals,300
2019-20,2116,Vale SD 84,100,General Fund,1920,Contributions and Donations From Private Sources,1460
2019-20,2116,Vale SD 84,100,General Fund,1940,Services Provided Other Local Education Agencies,1364.09
2019-20,2116,Vale SD 84,700,Trust and Agency Funds,1500,Earnings on Investments,11361
2019-20,2116,Vale SD 84,700,Trust and Agency Funds,1920,Contributions and Donations From Private Sources,986
2019-20,2116,Vale SD 84,700,Trust and Agency Funds,5400,Resources - Beginning Fund Balance,124291.2
2019-20,2116,Vale SD 84,400,Capital Projects Funds,1990,Miscellaneous,9378.86
2019-20,2116,Vale SD 84,400,Capital Projects Funds,3299,Other Restricted Grants-In-Aid,81686.8
2019-20,2116,Vale SD 84,400,Capital Projects Funds,5200,Interfund Transfers,192600
2019-20,2116,Vale SD 84,400,Capital Projects Funds,5400,Resources - Beginning Fund Balance,1806346.61
2019-20,2116,Vale SD 84,600,Internal Service Funds,1990,Miscellaneous,34890.72
2019-20,2116,Vale SD 84,600,Internal Service Funds,5400,Resources - Beginning Fund Balance,7446.12
2019-20,2116,Vale SD 84,200,Special Revenue Funds,5200,Interfund Transfers,204870
2019-20,2116,Vale SD 84,200,Special Revenue Funds,5400,Resources - Beginning Fund Balance,389723.51
2019-20,2116,Vale SD 84,300,Debt Service Funds,1110,Ad valorem taxes levied by district,478577.84
2019-20,2116,Vale SD 84,300,Debt Service Funds,1500,Earnings on Investments,5615.85
2019-20,2116,Vale SD 84,300,Debt Service Funds,5400,Resources - Beginning Fund Balance,-28.75
2019-20,2116,Vale SD 84,400,Capital Projects Funds,1500,Earnings on Investments,19407.5
2019-20,2116,Vale SD 84,100,General Fund,5400,Resources - Beginning Fund Balance,2084108.62
2019-20,2116,Vale SD 84,200,Special Revenue Funds,1600,Food Service,13059.83
2019-20,2116,Vale SD 84,200,Special Revenue Funds,1920,Contributions and Donations From Private Sources,81270.22
2019-20,2116,Vale SD 84,200,Special Revenue Funds,1990,Miscellaneous,329967.38
2019-20,2116,Vale SD 84,200,Special Revenue Funds,3299,Other Restricted Grants-In-Aid,220112.33
2019-20,2116,Vale SD 84,200,Special Revenue Funds,4500,Restricted Revenue From Federal Government Through the State,1090736.61
2019-20,2116,Vale SD 84,100,General Fund,1990,Miscellaneous,25546.86
2019-20,2116,Vale SD 84,100,General Fund,2101,County School Funds,296.25
2019-20,2116,Vale SD 84,100,General Fund,3101,State School Fund --General Support,9232831.38
2019-20,2116,Vale SD 84,100,General Fund,3103,Common School Fund,87955.4
2019-20,2116,Vale SD 84,100,General Fund,3299,Other Restricted Grants-In-Aid,10000
2019-20,2116,Vale SD 84,100,General Fund,5300,Sale of or Compensation for Loss of Fixed Assets,526
2019-20,2117,Willamette ESD,100,General Fund,1110,Ad valorem taxes levied by district,12041965.71
2019-20,2117,Willamette ESD,100,General Fund,1500,Earnings on Investments,344595.5
2019-20,2117,Willamette ESD,100,General Fund,1910,Rentals,41240.6
2019-20,2117,Willamette ESD,100,General Fund,1940,Services Provided Other Local Education Agencies,3939.9
2019-20,2117,Willamette ESD,100,General Fund,1960,Recovery of Prior Years' Expenditure,3154.84
2019-20,2117,Willamette ESD,100,General Fund,1980,Fees Charged to Grants,1520281.31
2019-20,2117,Willamette ESD,700,Trust and Agency Funds,5400,Resources - Beginning Fund Balance,712243.95
2019-20,2117,Willamette ESD,400,Capital Projects Funds,1940,Services Provided Other Local Education Agencies,372638.4
2019-20,2117,Willamette ESD,400,Capital Projects Funds,5200,Interfund Transfers,358778.61
2019-20,2117,Willamette ESD,600,Internal Service Funds,1940,Services Provided Other Local Education Agencies,1640612.24
2019-20,2117,Willamette ESD,600,Internal Service Funds,1990,Miscellaneous,237047.79
2019-20,2117,Willamette ESD,600,Internal Service Funds,5400,Resources - Beginning Fund Balance,883972.13
2019-20,2117,Willamette ESD,700,Trust and Agency Funds,5200,Interfund Transfers,37257111.56
2019-20,2117,Willamette ESD,200,Special Revenue Funds,5200,Interfund Transfers,11371487.22
2019-20,2117,Willamette ESD,200,Special Revenue Funds,5400,Resources - Beginning Fund Balance,2432509.49
2019-20,2117,Willamette ESD,300,Debt Service Funds,1500,Earnings on Investments,14821.44
2019-20,2117,Willamette ESD,300,Debt Service Funds,1970,Services Provided Other Funds,2266953.37
2019-20,2117,Willamette ESD,300,Debt Service Funds,5200,Interfund Transfers,516936
2019-20,2117,Willamette ESD,300,Debt Service Funds,5400,Resources - Beginning Fund Balance,22433.85
2019-20,2117,Willamette ESD,200,Special Revenue Funds,1940,Services Provided Other Local Education Agencies,2085747.87
2019-20,2117,Willamette ESD,200,Special Revenue Funds,1960,Recovery of Prior Years' Expenditure,23766.34
2019-20,2117,Willamette ESD,200,Special Revenue Funds,1990,Miscellaneous,2945363.22
2019-20,2117,Willamette ESD,200,Special Revenue Funds,2200,Restricted Revenue,12207.81
2019-20,2117,Willamette ESD,200,Special Revenue Funds,3299,Other Restricted Grants-In-Aid,18179208.55
2019-20,2117,Willamette ESD,200,Special Revenue Funds,4500,Restricted Revenue From Federal Government Through the State,7447160.33
2019-20,2117,Willamette ESD,100,General Fund,1990,Miscellaneous,124302.74
2019-20,2117,Willamette ESD,100,General Fund,3101,State School Fund --General Support,28711008.88
2019-20,2117,Willamette ESD,100,General Fund,3104,State Managed County Timber,29211.97
2019-20,2117,Willamette ESD,100,General Fund,5400,Resources - Beginning Fund Balance,3854568.39
2019-20,2117,Willamette ESD,200,Special Revenue Funds,1700,Extra-Curricular Activities,46282.58
2019-20,2117,Willamette ESD,200,Special Revenue Funds,1920,Contributions and Donations From Private Sources,46045.25
2019-20,2137,Gervais SD 1,300,Debt Service Funds,5200,Interfund Transfers,244500
2019-20,2137,Gervais SD 1,300,Debt Service Funds,5400,Resources - Beginning Fund Balance,359101.04
2019-20,2137,Gervais SD 1,400,Capital Projects Funds,5400,Resources - Beginning Fund Balance,6383.99
2019-20,2137,Gervais SD 1,200,Special Revenue Funds,4900,Revenue for/on Behalf of the District,51250.86
2019-20,2137,Gervais SD 1,200,Special Revenue Funds,5200,Interfund Transfers,342000
2019-20,2137,Gervais SD 1,200,Special Revenue Funds,5300,Sale of or Compensation for Loss of Fixed Assets,362967.5
2019-20,2137,Gervais SD 1,200,Special Revenue Funds,5400,Resources - Beginning Fund Balance,2232521.75
2019-20,2137,Gervais SD 1,300,Debt Service Funds,1500,Earnings on Investments,11065.58
2019-20,2137,Gervais SD 1,300,Debt Service Funds,1970,Services Provided Other Funds,1008244.62
2019-20,2137,Gervais SD 1,200,Special Revenue Funds,1930,Rental or Lease Payments from Private Contractors,15000
2019-20,2137,Gervais SD 1,200,Special Revenue Funds,1990,Miscellaneous,117234.57
2019-20,2137,Gervais SD 1,200,Special Revenue Funds,3102,State School Fund--School Lunch Match,6680.43
2019-20,2137,Gervais SD 1,200,Special Revenue Funds,3204,Driver Education,5310
2019-20,2137,Gervais SD 1,200,Special Revenue Funds,3299,Other Restricted Grants-In-Aid,353459.42
2019-20,2137,Gervais SD 1,200,Special Revenue Funds,4500,Restricted Revenue From Federal Government Through the State,1691947.57
2019-20,2137,Gervais SD 1,200,Special Revenue Funds,1130,Construction Excise Tax,60860.89
2019-20,2137,Gervais SD 1,200,Special Revenue Funds,1500,Earnings on Investments,135.45
2019-20,2137,Gervais SD 1,200,Special Revenue Funds,1600,Food Service,2339.85
2019-20,2137,Gervais SD 1,200,Special Revenue Funds,1700,Extra-Curricular Activities,94693.73
2019-20,2137,Gervais SD 1,200,Special Revenue Funds,1910,Rentals,23946.17
2019-20,2137,Gervais SD 1,200,Special Revenue Funds,1920,Contributions and Donations From Private Sources,57189.12
2019-20,2137,Gervais SD 1,100,General Fund,3101,State School Fund --General Support,12635405.48
2019-20,2137,Gervais SD 1,100,General Fund,3103,Common School Fund,99256.72
2019-20,2137,Gervais SD 1,100,General Fund,3199,Other Unrestricted Grants-In-Aid,119807.99
2019-20,2137,Gervais SD 1,100,General Fund,3222,State School Fund (SSF) Transportation Equipment,7046
2019-20,2137,Gervais SD 1,100,General Fund,3299,Other Restricted Grants-In-Aid,585.6
2019-20,2137,Gervais SD 1,100,General Fund,5400,Resources - Beginning Fund Balance,2745086.46
2019-20,2137,Gervais SD 1,100,General Fund,1950,Textbook Sales and Rentals,350
2019-20,2137,Gervais SD 1,100,General Fund,1960,Recovery of Prior Years' Expenditure,9081.8
2019-20,2137,Gervais SD 1,100,General Fund,1980,Fees Charged to Grants,76012.25
2019-20,2137,Gervais SD 1,100,General Fund,1990,Miscellaneous,864.8
2019-20,2137,Gervais SD 1,100,General Fund,2101,County School Funds,28223.64
2019-20,2137,Gervais SD 1,100,General Fund,2102,General Education Service District Funds,76037.55
2019-20,2137,Gervais SD 1,100,General Fund,1311,Tuition from Individuals,96198.69
2019-20,2137,Gervais SD 1,100,General Fund,1312,Tuition from Other Districts within the State,30000
2019-20,2137,Gervais SD 1,100,General Fund,1500,Earnings on Investments,135910.35
2019-20,2137,Gervais SD 1,100,General Fund,1700,Extra-Curricular Activities,10535.35
2019-20,2137,Gervais SD 1,100,General Fund,1920,Contributions and Donations From Private Sources,260
2019-20,2137,Gervais SD 1,100,General Fund,1940,Services Provided Other Local Education Agencies,69078.84
2019-20,2137,Gervais SD 1,100,General Fund,1110,Ad valorem taxes levied by district,2645422.41
2019-20,2137,Gervais SD 1,100,General Fund,1190,Penalties and interest on taxes,737.89
2019-20,2137,Gervais SD 1,100,General Fund,1200,Revenue From Local Governmental Units Other Than Districts,447.5
2019-20,2138,Silver Falls SD 4J,100,General Fund,1110,Ad valorem taxes levied by district,8205219.38
2019-20,2138,Silver Falls SD 4J,100,General Fund,1190,Penalties and interest on taxes,29344.73
2019-20,2138,Silver Falls SD 4J,100,General Fund,1500,Earnings on Investments,287342.32
2019-20,2138,Silver Falls SD 4J,100,General Fund,1700,Extra-Curricular Activities,38327.8
2019-20,2138,Silver Falls SD 4J,100,General Fund,1920,Contributions and Donations From Private Sources,184.1
2019-20,2138,Silver Falls SD 4J,100,General Fund,1930,Rental or Lease Payments from Private Contractors,22350.65
2019-20,2138,Silver Falls SD 4J,700,Trust and Agency Funds,3101,State School Fund --General Support,1834752.84
2019-20,2138,Silver Falls SD 4J,700,Trust and Agency Funds,3299,Other Restricted Grants-In-Aid,398099.85
2019-20,2138,Silver Falls SD 4J,700,Trust and Agency Funds,5400,Resources - Beginning Fund Balance,210556.15
2019-20,2138,Silver Falls SD 4J,400,Capital Projects Funds,5400,Resources - Beginning Fund Balance,751139.38
2019-20,2138,Silver Falls SD 4J,600,Internal Service Funds,1970,Services Provided Other Funds,68095.49
2019-20,2138,Silver Falls SD 4J,600,Internal Service Funds,5400,Resources - Beginning Fund Balance,493334.81
2019-20,2138,Silver Falls SD 4J,700,Trust and Agency Funds,1700,Extra-Curricular Activities,41705
2019-20,2138,Silver Falls SD 4J,700,Trust and Agency Funds,1920,Contributions and Donations From Private Sources,24230.76
2019-20,2138,Silver Falls SD 4J,700,Trust and Agency Funds,1990,Miscellaneous,230.77
2019-20,2138,Silver Falls SD 4J,300,Debt Service Funds,5200,Interfund Transfers,270000
2019-20,2138,Silver Falls SD 4J,300,Debt Service Funds,5400,Resources - Beginning Fund Balance,470335.43
2019-20,2138,Silver Falls SD 4J,400,Capital Projects Funds,1130,Construction Excise Tax,199482.46
2019-20,2138,Silver Falls SD 4J,400,Capital Projects Funds,1500,Earnings on Investments,0.03
2019-20,2138,Silver Falls SD 4J,400,Capital Projects Funds,1990,Miscellaneous,109638.79
2019-20,2138,Silver Falls SD 4J,400,Capital Projects Funds,3299,Other Restricted Grants-In-Aid,2313279.5
2019-20,2138,Silver Falls SD 4J,300,Debt Service Funds,1110,Ad valorem taxes levied by district,3884162.12
2019-20,2138,Silver Falls SD 4J,300,Debt Service Funds,1190,Penalties and interest on taxes,14097.96
2019-20,2138,Silver Falls SD 4J,300,Debt Service Funds,1500,Earnings on Investments,16476
2019-20,2138,Silver Falls SD 4J,300,Debt Service Funds,1970,Services Provided Other Funds,1632976.04
2019-20,2138,Silver Falls SD 4J,300,Debt Service Funds,1990,Miscellaneous,-17218.18
2019-20,2138,Silver Falls SD 4J,300,Debt Service Funds,3299,Other Restricted Grants-In-Aid,161207.75
2019-20,2138,Silver Falls SD 4J,200,Special Revenue Funds,1990,Miscellaneous,953371.76
2019-20,2138,Silver Falls SD 4J,200,Special Revenue Funds,3102,State School Fund--School Lunch Match,8787.21
2019-20,2138,Silver Falls SD 4J,200,Special Revenue Funds,3299,Other Restricted Grants-In-Aid,1062735.11
2019-20,2138,Silver Falls SD 4J,200,Special Revenue Funds,4500,Restricted Revenue From Federal Government Through the State,1759359.14
2019-20,2138,Silver Falls SD 4J,200,Special Revenue Funds,5200,Interfund Transfers,360000
2019-20,2138,Silver Falls SD 4J,200,Special Revenue Funds,5400,Resources - Beginning Fund Balance,666355.9
2019-20,2138,Silver Falls SD 4J,200,Special Revenue Funds,1600,Food Service,226761.6
2019-20,2138,Silver Falls SD 4J,200,Special Revenue Funds,1700,Extra-Curricular Activities,105364.07
2019-20,2138,Silver Falls SD 4J,200,Special Revenue Funds,1910,Rentals,22803.7
2019-20,2138,Silver Falls SD 4J,200,Special Revenue Funds,1920,Contributions and Donations From Private Sources,176966.96
2019-20,2138,Silver Falls SD 4J,200,Special Revenue Funds,1940,Services Provided Other Local Education Agencies,4491.25
2019-20,2138,Silver Falls SD 4J,200,Special Revenue Funds,1970,Services Provided Other Funds,6988
2019-20,2138,Silver Falls SD 4J,100,General Fund,3102,State School Fund--School Lunch Match,-8787.21
2019-20,2138,Silver Falls SD 4J,100,General Fund,3103,Common School Fund,383592.61
2019-20,2138,Silver Falls SD 4J,100,General Fund,3104,State Managed County Timber,404720.46
2019-20,2138,Silver Falls SD 4J,100,General Fund,3299,Other Restricted Grants-In-Aid,1038345.17
2019-20,2138,Silver Falls SD 4J,100,General Fund,4899,Other Federal Revenue in Lieu of Taxes,6389.99
2019-20,2138,Silver Falls SD 4J,100,General Fund,5400,Resources - Beginning Fund Balance,4669750.78
2019-20,2138,Silver Falls SD 4J,100,General Fund,1940,Services Provided Other Local Education Agencies,66130
2019-20,2138,Silver Falls SD 4J,100,General Fund,1960,Recovery of Prior Years' Expenditure,3028.57
2019-20,2138,Silver Falls SD 4J,100,General Fund,1990,Miscellaneous,100952.1
2019-20,2138,Silver Falls SD 4J,100,General Fund,2101,County School Funds,103527.32
2019-20,2138,Silver Falls SD 4J,100,General Fund,2102,General Education Service District Funds,1017853.6
2019-20,2138,Silver Falls SD 4J,100,General Fund,3101,State School Fund --General Support,30633552.35
2019-20,2139,Cascade SD 5,100,General Fund,1910,Rentals,84000
2019-20,2139,Cascade SD 5,300,Debt Service Funds,5200,Interfund Transfers,150000
2019-20,2139,Cascade SD 5,100,General Fund,3900,Revenue for/on Behalf of the District,3129.6
2019-20,2139,Cascade SD 5,200,Special Revenue Funds,1970,Services Provided Other Funds,6803.79
2019-20,2139,Cascade SD 5,100,General Fund,1110,Ad valorem taxes levied by district,5639166.85
2019-20,2139,Cascade SD 5,100,General Fund,1500,Earnings on Investments,224285.58
2019-20,2139,Cascade SD 5,400,Capital Projects Funds,5400,Resources - Beginning Fund Balance,1971607
2019-20,2139,Cascade SD 5,700,Trust and Agency Funds,1500,Earnings on Investments,2593.34
2019-20,2139,Cascade SD 5,700,Trust and Agency Funds,5400,Resources - Beginning Fund Balance,119266
2019-20,2139,Cascade SD 5,200,Special Revenue Funds,3299,Other Restricted Grants-In-Aid,614530
2019-20,2139,Cascade SD 5,300,Debt Service Funds,5400,Resources - Beginning Fund Balance,171744
2019-20,2139,Cascade SD 5,400,Capital Projects Funds,1130,Construction Excise Tax,386881.85
2019-20,2139,Cascade SD 5,400,Capital Projects Funds,1910,Rentals,26830
2019-20,2139,Cascade SD 5,400,Capital Projects Funds,1990,Miscellaneous,40666.22
2019-20,2139,Cascade SD 5,400,Capital Projects Funds,3299,Other Restricted Grants-In-Aid,1012370
2019-20,2139,Cascade SD 5,400,Capital Projects Funds,5200,Interfund Transfers,400000
2019-20,2139,Cascade SD 5,200,Special Revenue Funds,4900,Revenue for/on Behalf of the District,63527.71
2019-20,2139,Cascade SD 5,200,Special Revenue Funds,5200,Interfund Transfers,1399275.55
2019-20,2139,Cascade SD 5,200,Special Revenue Funds,5400,Resources - Beginning Fund Balance,1194943
2019-20,2139,Cascade SD 5,300,Debt Service Funds,1110,Ad valorem taxes levied by district,1587692.42
2019-20,2139,Cascade SD 5,300,Debt Service Funds,1500,Earnings on Investments,17645.47
2019-20,2139,Cascade SD 5,300,Debt Service Funds,1970,Services Provided Other Funds,1571715.38
2019-20,2139,Cascade SD 5,200,Special Revenue Funds,1700,Extra-Curricular Activities,649356.32
2019-20,2139,Cascade SD 5,200,Special Revenue Funds,1910,Rentals,1950
2019-20,2139,Cascade SD 5,200,Special Revenue Funds,1920,Contributions and Donations From Private Sources,45861.84
2019-20,2139,Cascade SD 5,200,Special Revenue Funds,1990,Miscellaneous,149217.05
2019-20,2139,Cascade SD 5,200,Special Revenue Funds,2102,General Education Service District Funds,16923.89
2019-20,2139,Cascade SD 5,200,Special Revenue Funds,4500,Restricted Revenue From Federal Government Through the State,1764275.97
2019-20,2139,Cascade SD 5,100,General Fund,3199,Other Unrestricted Grants-In-Aid,210836.73
2019-20,2139,Cascade SD 5,100,General Fund,3204,Driver Education,11488.92
2019-20,2139,Cascade SD 5,100,General Fund,5400,Resources - Beginning Fund Balance,2873971
2019-20,2139,Cascade SD 5,200,Special Revenue Funds,1312,Tuition from Other Districts within the State,175000
2019-20,2139,Cascade SD 5,200,Special Revenue Funds,1500,Earnings on Investments,1088.83
2019-20,2139,Cascade SD 5,200,Special Revenue Funds,1600,Food Service,241889.69
2019-20,2139,Cascade SD 5,100,General Fund,1700,Extra-Curricular Activities,61825.94
2019-20,2139,Cascade SD 5,100,General Fund,1990,Miscellaneous,281748.25
2019-20,2139,Cascade SD 5,100,General Fund,2101,County School Funds,65248.41
2019-20,2139,Cascade SD 5,100,General Fund,2102,General Education Service District Funds,252130.24
2019-20,2139,Cascade SD 5,100,General Fund,3101,State School Fund --General Support,20195202.17
2019-20,2139,Cascade SD 5,100,General Fund,3103,Common School Fund,238974.72
2019-20,2140,Jefferson SD 14J,100,General Fund,1110,Ad valorem taxes levied by district,2331728.69
2019-20,2140,Jefferson SD 14J,100,General Fund,1500,Earnings on Investments,66126.6
2019-20,2140,Jefferson SD 14J,100,General Fund,1910,Rentals,3995
2019-20,2140,Jefferson SD 14J,100,General Fund,1920,Contributions and Donations From Private Sources,4588.52
2019-20,2140,Jefferson SD 14J,100,General Fund,1960,Recovery of Prior Years' Expenditure,26
2019-20,2140,Jefferson SD 14J,100,General Fund,1990,Miscellaneous,45584.56
2019-20,2140,Jefferson SD 14J,400,Capital Projects Funds,1500,Earnings on Investments,31118.77
2019-20,2140,Jefferson SD 14J,400,Capital Projects Funds,1920,Contributions and Donations From Private Sources,12763.27
2019-20,2140,Jefferson SD 14J,400,Capital Projects Funds,1990,Miscellaneous,252524.75
2019-20,2140,Jefferson SD 14J,400,Capital Projects Funds,3299,Other Restricted Grants-In-Aid,1418555
2019-20,2140,Jefferson SD 14J,400,Capital Projects Funds,5100,Long Term Debt Financing Sources,600000
2019-20,2140,Jefferson SD 14J,400,Capital Projects Funds,5400,Resources - Beginning Fund Balance,3648378.6
2019-20,2140,Jefferson SD 14J,300,Debt Service Funds,1920,Contributions and Donations From Private Sources,19746.68
2019-20,2140,Jefferson SD 14J,300,Debt Service Funds,1970,Services Provided Other Funds,700886.55
2019-20,2140,Jefferson SD 14J,300,Debt Service Funds,1990,Miscellaneous,-12245
2019-20,2140,Jefferson SD 14J,300,Debt Service Funds,5200,Interfund Transfers,47000
2019-20,2140,Jefferson SD 14J,300,Debt Service Funds,5400,Resources - Beginning Fund Balance,159431.44
2019-20,2140,Jefferson SD 14J,400,Capital Projects Funds,1130,Construction Excise Tax,40658.88
2019-20,2140,Jefferson SD 14J,200,Special Revenue Funds,3900,Revenue for/on Behalf of the District,12490.68
2019-20,2140,Jefferson SD 14J,200,Special Revenue Funds,4500,Restricted Revenue From Federal Government Through the State,824853.93
2019-20,2140,Jefferson SD 14J,200,Special Revenue Funds,5200,Interfund Transfers,160500
2019-20,2140,Jefferson SD 14J,200,Special Revenue Funds,5400,Resources - Beginning Fund Balance,-18427.27
2019-20,2140,Jefferson SD 14J,300,Debt Service Funds,1110,Ad valorem taxes levied by district,709198.23
2019-20,2140,Jefferson SD 14J,300,Debt Service Funds,1500,Earnings on Investments,4720.99
2019-20,2140,Jefferson SD 14J,200,Special Revenue Funds,1700,Extra-Curricular Activities,143791.43
2019-20,2140,Jefferson SD 14J,200,Special Revenue Funds,1920,Contributions and Donations From Private Sources,50
2019-20,2140,Jefferson SD 14J,200,Special Revenue Funds,1960,Recovery of Prior Years' Expenditure,38679.04
2019-20,2140,Jefferson SD 14J,200,Special Revenue Funds,1990,Miscellaneous,23078.04
2019-20,2140,Jefferson SD 14J,200,Special Revenue Funds,3199,Other Unrestricted Grants-In-Aid,-3029.49
2019-20,2140,Jefferson SD 14J,200,Special Revenue Funds,3299,Other Restricted Grants-In-Aid,193732.58
2019-20,2140,Jefferson SD 14J,100,General Fund,2101,County School Funds,25061.47
2019-20,2140,Jefferson SD 14J,100,General Fund,3101,State School Fund --General Support,7138081.86
2019-20,2140,Jefferson SD 14J,100,General Fund,3103,Common School Fund,81609.55
2019-20,2140,Jefferson SD 14J,100,General Fund,3199,Other Unrestricted Grants-In-Aid,44089.22
2019-20,2140,Jefferson SD 14J,100,General Fund,5400,Resources - Beginning Fund Balance,1048588.08
2019-20,2140,Jefferson SD 14J,200,Special Revenue Funds,1600,Food Service,53922.02
2019-20,2141,North Marion SD 15,100,General Fund,1110,Ad valorem taxes levied by district,3623807
2019-20,2141,North Marion SD 15,100,General Fund,1311,Tuition from Individuals,60176
2019-20,2141,North Marion SD 15,100,General Fund,1312,Tuition from Other Districts within the State,143500
2019-20,2141,North Marion SD 15,100,General Fund,1500,Earnings on Investments,115794.09
2019-20,2141,North Marion SD 15,100,General Fund,1700,Extra-Curricular Activities,50883.5
2019-20,2141,North Marion SD 15,100,General Fund,1910,Rentals,16362.5
2019-20,2141,North Marion SD 15,400,Capital Projects Funds,1130,Construction Excise Tax,68690.8
2019-20,2141,North Marion SD 15,400,Capital Projects Funds,1500,Earnings on Investments,741045.93
2019-20,2141,North Marion SD 15,400,Capital Projects Funds,1990,Miscellaneous,75957.86
2019-20,2141,North Marion SD 15,400,Capital Projects Funds,3299,Other Restricted Grants-In-Aid,4875720.19
2019-20,2141,North Marion SD 15,400,Capital Projects Funds,5400,Resources - Beginning Fund Balance,40037367.04
2019-20,2141,North Marion SD 15,200,Special Revenue Funds,4900,Revenue for/on Behalf of the District,66647.87
2019-20,2141,North Marion SD 15,200,Special Revenue Funds,5400,Resources - Beginning Fund Balance,794808.87
2019-20,2141,North Marion SD 15,300,Debt Service Funds,1110,Ad valorem taxes levied by district,1881862
2019-20,2141,North Marion SD 15,300,Debt Service Funds,1500,Earnings on Investments,27372.39
2019-20,2141,North Marion SD 15,300,Debt Service Funds,1970,Services Provided Other Funds,1221846.28
2019-20,2141,North Marion SD 15,300,Debt Service Funds,5400,Resources - Beginning Fund Balance,718115.9
2019-20,2141,North Marion SD 15,200,Special Revenue Funds,1990,Miscellaneous,75236.68
2019-20,2141,North Marion SD 15,200,Special Revenue Funds,2199,Other Intermediate Sources,3863.3
2019-20,2141,North Marion SD 15,200,Special Revenue Funds,3102,State School Fund--School Lunch Match,9063.37
2019-20,2141,North Marion SD 15,200,Special Revenue Funds,3299,Other Restricted Grants-In-Aid,530614.63
2019-20,2141,North Marion SD 15,200,Special Revenue Funds,4500,Restricted Revenue From Federal Government Through the State,1685767.86
2019-20,2141,North Marion SD 15,200,Special Revenue Funds,4700,Grants-In-Aid From Federal Government Through Other Intermed,78494.75
2019-20,2141,North Marion SD 15,100,General Fund,3204,Driver Education,10040
2019-20,2141,North Marion SD 15,100,General Fund,5400,Resources - Beginning Fund Balance,1736813.97
2019-20,2141,North Marion SD 15,200,Special Revenue Funds,1500,Earnings on Investments,31183
2019-20,2141,North Marion SD 15,200,Special Revenue Funds,1600,Food Service,112076.9
2019-20,2141,North Marion SD 15,200,Special Revenue Funds,1700,Extra-Curricular Activities,236870.78
2019-20,2141,North Marion SD 15,200,Special Revenue Funds,1920,Contributions and Donations From Private Sources,17689.24
2019-20,2141,North Marion SD 15,100,General Fund,1960,Recovery of Prior Years' Expenditure,29408.42
2019-20,2141,North Marion SD 15,100,General Fund,1990,Miscellaneous,14130.97
2019-20,2141,North Marion SD 15,100,General Fund,2101,County School Funds,51844.52
2019-20,2141,North Marion SD 15,100,General Fund,2102,General Education Service District Funds,236484.4
2019-20,2141,North Marion SD 15,100,General Fund,3101,State School Fund --General Support,16434268.02
2019-20,2141,North Marion SD 15,100,General Fund,3103,Common School Fund,182326.57
2019-20,2142,Salem-Keizer SD 24J,400,Capital Projects Funds,1990,Miscellaneous,40937.84
2019-20,2142,Salem-Keizer SD 24J,400,Capital Projects Funds,5200,Interfund Transfers,1250000
2019-20,2142,Salem-Keizer SD 24J,400,Capital Projects Funds,5400,Resources - Beginning Fund Balance,430077026.41
2019-20,2142,Salem-Keizer SD 24J,500,Enterprise Funds,5400,Resources - Beginning Fund Balance,38320.63
2019-20,2142,Salem-Keizer SD 24J,600,Internal Service Funds,1500,Earnings on Investments,563192
2019-20,2142,Salem-Keizer SD 24J,600,Internal Service Funds,1940,Services Provided Other Local Education Agencies,96759.91
2019-20,2142,Salem-Keizer SD 24J,200,Special Revenue Funds,5400,Resources - Beginning Fund Balance,14402047.5
2019-20,2142,Salem-Keizer SD 24J,300,Debt Service Funds,1110,Ad valorem taxes levied by district,50846389
2019-20,2142,Salem-Keizer SD 24J,300,Debt Service Funds,1500,Earnings on Investments,959848.86
2019-20,2142,Salem-Keizer SD 24J,300,Debt Service Funds,1970,Services Provided Other Funds,23870941.35
2019-20,2142,Salem-Keizer SD 24J,300,Debt Service Funds,5400,Resources - Beginning Fund Balance,37552851.43
2019-20,2142,Salem-Keizer SD 24J,400,Capital Projects Funds,1500,Earnings on Investments,11036774.36
2019-20,2142,Salem-Keizer SD 24J,200,Special Revenue Funds,3222,State School Fund (SSF) Transportation Equipment,1157622
2019-20,2142,Salem-Keizer SD 24J,200,Special Revenue Funds,3299,Other Restricted Grants-In-Aid,13915157.69
2019-20,2142,Salem-Keizer SD 24J,200,Special Revenue Funds,4300,Restricted Revenue Direct From the Federal Government,165632.87
2019-20,2142,Salem-Keizer SD 24J,200,Special Revenue Funds,4500,Restricted Revenue From Federal Government Through the State,37679049.83
2019-20,2142,Salem-Keizer SD 24J,200,Special Revenue Funds,4900,Revenue for/on Behalf of the District,1463916.44
2019-20,2142,Salem-Keizer SD 24J,200,Special Revenue Funds,5200,Interfund Transfers,320000
2019-20,2142,Salem-Keizer SD 24J,200,Special Revenue Funds,1920,Contributions and Donations From Private Sources,481568.02
2019-20,2142,Salem-Keizer SD 24J,200,Special Revenue Funds,1950,Textbook Sales and Rentals,8698.14
2019-20,2142,Salem-Keizer SD 24J,200,Special Revenue Funds,1960,Recovery of Prior Years' Expenditure,6383.41
2019-20,2142,Salem-Keizer SD 24J,200,Special Revenue Funds,1990,Miscellaneous,1832149.1
2019-20,2142,Salem-Keizer SD 24J,200,Special Revenue Funds,2200,Restricted Revenue,1289728.8
2019-20,2142,Salem-Keizer SD 24J,200,Special Revenue Funds,3102,State School Fund--School Lunch Match,181445.27
2019-20,2142,Salem-Keizer SD 24J,200,Special Revenue Funds,1312,Tuition from Other Districts within the State,25798
2019-20,2142,Salem-Keizer SD 24J,200,Special Revenue Funds,1500,Earnings on Investments,253969
2019-20,2142,Salem-Keizer SD 24J,200,Special Revenue Funds,1600,Food Service,1217925.46
2019-20,2142,Salem-Keizer SD 24J,200,Special Revenue Funds,1700,Extra-Curricular Activities,3114599.54
2019-20,2142,Salem-Keizer SD 24J,200,Special Revenue Funds,1800,Community Services Activities,5765
2019-20,2142,Salem-Keizer SD 24J,200,Special Revenue Funds,1910,Rentals,80431.09
2019-20,2142,Salem-Keizer SD 24J,100,General Fund,4200,Unrestricted Revenue From Federal Government Through State,138409.45
2019-20,2142,Salem-Keizer SD 24J,100,General Fund,4801,Federal Forest Fees,373
2019-20,2142,Salem-Keizer SD 24J,100,General Fund,5200,Interfund Transfers,38320.63
2019-20,2142,Salem-Keizer SD 24J,100,General Fund,5300,Sale of or Compensation for Loss of Fixed Assets,32194.67
2019-20,2142,Salem-Keizer SD 24J,100,General Fund,5400,Resources - Beginning Fund Balance,58847652.68
2019-20,2142,Salem-Keizer SD 24J,200,Special Revenue Funds,1311,Tuition from Individuals,433867.62
2019-20,2142,Salem-Keizer SD 24J,100,General Fund,1990,Miscellaneous,996982.43
2019-20,2142,Salem-Keizer SD 24J,100,General Fund,2101,County School Funds,1003437.47
2019-20,2142,Salem-Keizer SD 24J,100,General Fund,2102,General Education Service District Funds,17027679.17
2019-20,2142,Salem-Keizer SD 24J,100,General Fund,3101,State School Fund --General Support,356415908.81
2019-20,2142,Salem-Keizer SD 24J,100,General Fund,3103,Common School Fund,4044246.13
2019-20,2142,Salem-Keizer SD 24J,100,General Fund,3199,Other Unrestricted Grants-In-Aid,2218808.8
2019-20,2142,Salem-Keizer SD 24J,100,General Fund,1500,Earnings on Investments,2977005.99
2019-20,2142,Salem-Keizer SD 24J,100,General Fund,1910,Rentals,403225.03
2019-20,2142,Salem-Keizer SD 24J,100,General Fund,1920,Contributions and Donations From Private Sources,4478.87
2019-20,2142,Salem-Keizer SD 24J,100,General Fund,1940,Services Provided Other Local Education Agencies,103077
2019-20,2142,Salem-Keizer SD 24J,100,General Fund,1960,Recovery of Prior Years' Expenditure,119946.37
2019-20,2142,Salem-Keizer SD 24J,100,General Fund,1980,Fees Charged to Grants,1597245.75
2019-20,2142,Salem-Keizer SD 24J,600,Internal Service Funds,3299,Other Restricted Grants-In-Aid,7552.16
2019-20,2142,Salem-Keizer SD 24J,600,Internal Service Funds,5400,Resources - Beginning Fund Balance,17678325.27
2019-20,2142,Salem-Keizer SD 24J,700,Trust and Agency Funds,1990,Miscellaneous,93379.77
2019-20,2142,Salem-Keizer SD 24J,700,Trust and Agency Funds,5400,Resources - Beginning Fund Balance,450826.43
2019-20,2142,Salem-Keizer SD 24J,100,General Fund,1110,Ad valorem taxes levied by district,85146197.22
2019-20,2142,Salem-Keizer SD 24J,100,General Fund,1312,Tuition from Other Districts within the State,13064
2019-20,2142,Salem-Keizer SD 24J,600,Internal Service Funds,1960,Recovery of Prior Years' Expenditure,13948.45
2019-20,2142,Salem-Keizer SD 24J,600,Internal Service Funds,1970,Services Provided Other Funds,10061971.46
2019-20,2142,Salem-Keizer SD 24J,600,Internal Service Funds,1990,Miscellaneous,6582950.2
2019-20,2143,North Santiam SD 29J,100,General Fund,1960,Recovery of Prior Years' Expenditure,503.12
2019-20,2143,North Santiam SD 29J,100,General Fund,2200,Restricted Revenue,1534.89
2019-20,2143,North Santiam SD 29J,200,Special Revenue Funds,1920,Contributions and Donations From Private Sources,904
2019-20,2143,North Santiam SD 29J,200,Special Revenue Funds,1960,Recovery of Prior Years' Expenditure,2446.41
2019-20,2143,North Santiam SD 29J,100,General Fund,1110,Ad valorem taxes levied by district,6321096.14
2019-20,2143,North Santiam SD 29J,100,General Fund,1500,Earnings on Investments,261855.08
2019-20,2143,North Santiam SD 29J,200,Special Revenue Funds,1990,Miscellaneous,96518
2019-20,2143,North Santiam SD 29J,600,Internal Service Funds,5400,Resources - Beginning Fund Balance,361069.6
2019-20,2143,North Santiam SD 29J,200,Special Revenue Funds,5200,Interfund Transfers,15000
2019-20,2143,North Santiam SD 29J,400,Capital Projects Funds,2200,Restricted Revenue,14377.67
2019-20,2143,North Santiam SD 29J,300,Debt Service Funds,5400,Resources - Beginning Fund Balance,1642924.98
2019-20,2143,North Santiam SD 29J,400,Capital Projects Funds,1130,Construction Excise Tax,218726.66
2019-20,2143,North Santiam SD 29J,400,Capital Projects Funds,1500,Earnings on Investments,17101.78
2019-20,2143,North Santiam SD 29J,400,Capital Projects Funds,1990,Miscellaneous,21325.48
2019-20,2143,North Santiam SD 29J,400,Capital Projects Funds,5200,Interfund Transfers,203000
2019-20,2143,North Santiam SD 29J,400,Capital Projects Funds,5400,Resources - Beginning Fund Balance,1333396.21
2019-20,2143,North Santiam SD 29J,200,Special Revenue Funds,4500,Restricted Revenue From Federal Government Through the State,1855479.59
2019-20,2143,North Santiam SD 29J,200,Special Revenue Funds,4900,Revenue for/on Behalf of the District,73124.91
2019-20,2143,North Santiam SD 29J,200,Special Revenue Funds,5400,Resources - Beginning Fund Balance,2187282.26
2019-20,2143,North Santiam SD 29J,300,Debt Service Funds,1110,Ad valorem taxes levied by district,1564183.51
2019-20,2143,North Santiam SD 29J,300,Debt Service Funds,1500,Earnings on Investments,18097.79
2019-20,2143,North Santiam SD 29J,300,Debt Service Funds,1970,Services Provided Other Funds,1717022.82
2019-20,2143,North Santiam SD 29J,200,Special Revenue Funds,1700,Extra-Curricular Activities,624367.69
2019-20,2143,North Santiam SD 29J,200,Special Revenue Funds,1940,Services Provided Other Local Education Agencies,5779
2019-20,2143,North Santiam SD 29J,200,Special Revenue Funds,2199,Other Intermediate Sources,94448.8
2019-20,2143,North Santiam SD 29J,200,Special Revenue Funds,2200,Restricted Revenue,94013.11
2019-20,2143,North Santiam SD 29J,200,Special Revenue Funds,3102,State School Fund--School Lunch Match,9397.18
2019-20,2143,North Santiam SD 29J,200,Special Revenue Funds,3299,Other Restricted Grants-In-Aid,582570.21
2019-20,2143,North Santiam SD 29J,100,General Fund,3101,State School Fund --General Support,16068687.98
2019-20,2143,North Santiam SD 29J,100,General Fund,3103,Common School Fund,217605.18
2019-20,2143,North Santiam SD 29J,100,General Fund,3104,State Managed County Timber,53989.53
2019-20,2143,North Santiam SD 29J,100,General Fund,4801,Federal Forest Fees,9648.24
2019-20,2143,North Santiam SD 29J,100,General Fund,5400,Resources - Beginning Fund Balance,2405852.23
2019-20,2143,North Santiam SD 29J,200,Special Revenue Funds,1600,Food Service,155519.51
2019-20,2143,North Santiam SD 29J,100,General Fund,1700,Extra-Curricular Activities,28921.66
2019-20,2143,North Santiam SD 29J,100,General Fund,1910,Rentals,9182.5
2019-20,2143,North Santiam SD 29J,100,General Fund,1980,Fees Charged to Grants,37508.66
2019-20,2143,North Santiam SD 29J,100,General Fund,1990,Miscellaneous,6826.82
2019-20,2143,North Santiam SD 29J,100,General Fund,2101,County School Funds,54544.48
2019-20,2143,North Santiam SD 29J,100,General Fund,2102,General Education Service District Funds,620000
2019-20,2144,St Paul SD 45,300,Debt Service Funds,5400,Resources - Beginning Fund Balance,33478.89
2019-20,2144,St Paul SD 45,400,Capital Projects Funds,1500,Earnings on Investments,9781.63
2019-20,2144,St Paul SD 45,400,Capital Projects Funds,3199,Other Unrestricted Grants-In-Aid,148113
2019-20,2144,St Paul SD 45,400,Capital Projects Funds,5200,Interfund Transfers,100000
2019-20,2144,St Paul SD 45,400,Capital Projects Funds,5400,Resources - Beginning Fund Balance,301824.36
2019-20,2144,St Paul SD 45,200,Special Revenue Funds,1700,Extra-Curricular Activities,154675.74
2019-20,2144,St Paul SD 45,200,Special Revenue Funds,3299,Other Restricted Grants-In-Aid,62548
2019-20,2144,St Paul SD 45,200,Special Revenue Funds,4500,Restricted Revenue From Federal Government Through the State,203219
2019-20,2144,St Paul SD 45,200,Special Revenue Funds,5200,Interfund Transfers,24980.91
2019-20,2144,St Paul SD 45,200,Special Revenue Funds,5400,Resources - Beginning Fund Balance,295202.25
2019-20,2144,St Paul SD 45,300,Debt Service Funds,1110,Ad valorem taxes levied by district,533737.06
2019-20,2144,St Paul SD 45,300,Debt Service Funds,1190,Penalties and interest on taxes,1987.68
2019-20,2144,St Paul SD 45,100,General Fund,4500,Restricted Revenue From Federal Government Through the State,43627.1
2019-20,2144,St Paul SD 45,100,General Fund,5400,Resources - Beginning Fund Balance,1150121.01
2019-20,2144,St Paul SD 45,200,Special Revenue Funds,1500,Earnings on Investments,50.4
2019-20,2144,St Paul SD 45,200,Special Revenue Funds,1920,Contributions and Donations From Private Sources,2050
2019-20,2144,St Paul SD 45,200,Special Revenue Funds,1990,Miscellaneous,6583.86
2019-20,2144,St Paul SD 45,200,Special Revenue Funds,3199,Other Unrestricted Grants-In-Aid,56038.19
2019-20,2144,St Paul SD 45,100,General Fund,1910,Rentals,1600
2019-20,2144,St Paul SD 45,100,General Fund,1960,Recovery of Prior Years' Expenditure,45232.88
2019-20,2144,St Paul SD 45,100,General Fund,1990,Miscellaneous,4641.05
2019-20,2144,St Paul SD 45,100,General Fund,2101,County School Funds,6438.04
2019-20,2144,St Paul SD 45,100,General Fund,3101,State School Fund --General Support,2742726.43
2019-20,2144,St Paul SD 45,100,General Fund,3103,Common School Fund,22195.65
2019-20,2144,St Paul SD 45,100,General Fund,1110,Ad valorem taxes levied by district,820536.28
2019-20,2144,St Paul SD 45,100,General Fund,1190,Penalties and interest on taxes,3021.03
2019-20,2144,St Paul SD 45,100,General Fund,1311,Tuition from Individuals,8943.81
2019-20,2144,St Paul SD 45,100,General Fund,1500,Earnings on Investments,34156.96
2019-20,2144,St Paul SD 45,100,General Fund,1600,Food Service,21696.84
2019-20,2144,St Paul SD 45,100,General Fund,1700,Extra-Curricular Activities,12097.05
2019-20,2145,Mt Angel SD 91,100,General Fund,1960,Recovery of Prior Years' Expenditure,160.34
2019-20,2145,Mt Angel SD 91,200,Special Revenue Funds,2200,Restricted Revenue,35000
2019-20,2145,Mt Angel SD 91,300,Debt Service Funds,5400,Resources - Beginning Fund Balance,60438.17
2019-20,2145,Mt Angel SD 91,400,Capital Projects Funds,2200,Restricted Revenue,22017.3
2019-20,2145,Mt Angel SD 91,100,General Fund,1110,Ad valorem taxes levied by district,1221737.06
2019-20,2145,Mt Angel SD 91,100,General Fund,1500,Earnings on Investments,56159.79
2019-20,2145,Mt Angel SD 91,300,Debt Service Funds,1500,Earnings on Investments,10093.3
2019-20,2145,Mt Angel SD 91,400,Capital Projects Funds,1500,Earnings on Investments,36.1
2019-20,2145,Mt Angel SD 91,400,Capital Projects Funds,5200,Interfund Transfers,176132.29
2019-20,2145,Mt Angel SD 91,400,Capital Projects Funds,5400,Resources - Beginning Fund Balance,281831.72
2019-20,2145,Mt Angel SD 91,200,Special Revenue Funds,5400,Resources - Beginning Fund Balance,1106402.27
2019-20,2145,Mt Angel SD 91,200,Special Revenue Funds,3102,State School Fund--School Lunch Match,3770.61
2019-20,2145,Mt Angel SD 91,200,Special Revenue Funds,3199,Other Unrestricted Grants-In-Aid,316.7
2019-20,2145,Mt Angel SD 91,200,Special Revenue Funds,3299,Other Restricted Grants-In-Aid,170735.43
2019-20,2145,Mt Angel SD 91,200,Special Revenue Funds,4500,Restricted Revenue From Federal Government Through the State,616094.9
2019-20,2145,Mt Angel SD 91,200,Special Revenue Funds,5200,Interfund Transfers,97581.45
2019-20,2145,Mt Angel SD 91,300,Debt Service Funds,1110,Ad valorem taxes levied by district,804796.88
2019-20,2145,Mt Angel SD 91,200,Special Revenue Funds,1500,Earnings on Investments,9026.55
2019-20,2145,Mt Angel SD 91,200,Special Revenue Funds,1600,Food Service,73347.51
2019-20,2145,Mt Angel SD 91,200,Special Revenue Funds,1700,Extra-Curricular Activities,178315.47
2019-20,2145,Mt Angel SD 91,200,Special Revenue Funds,1910,Rentals,50
2019-20,2145,Mt Angel SD 91,200,Special Revenue Funds,1920,Contributions and Donations From Private Sources,21192.7
2019-20,2145,Mt Angel SD 91,200,Special Revenue Funds,1990,Miscellaneous,18578.19
2019-20,2145,Mt Angel SD 91,100,General Fund,3101,State School Fund --General Support,6904573.27
2019-20,2145,Mt Angel SD 91,100,General Fund,3103,Common School Fund,76080.42
2019-20,2145,Mt Angel SD 91,100,General Fund,3299,Other Restricted Grants-In-Aid,3461.37
2019-20,2145,Mt Angel SD 91,100,General Fund,4200,Unrestricted Revenue From Federal Government Through State,3787.24
2019-20,2145,Mt Angel SD 91,100,General Fund,5200,Interfund Transfers,15612
2019-20,2145,Mt Angel SD 91,100,General Fund,5400,Resources - Beginning Fund Balance,1292645.52
2019-20,2145,Mt Angel SD 91,100,General Fund,1700,Extra-Curricular Activities,5115
2019-20,2145,Mt Angel SD 91,100,General Fund,1910,Rentals,4930
2019-20,2145,Mt Angel SD 91,100,General Fund,1920,Contributions and Donations From Private Sources,5000
2019-20,2145,Mt Angel SD 91,100,General Fund,1990,Miscellaneous,76731.35
2019-20,2145,Mt Angel SD 91,100,General Fund,2101,County School Funds,20258.57
2019-20,2145,Mt Angel SD 91,100,General Fund,2200,Restricted Revenue,22500
2019-20,2146,Woodburn SD 103,400,Capital Projects Funds,5200,Interfund Transfers,750000
2019-20,2146,Woodburn SD 103,400,Capital Projects Funds,5400,Resources - Beginning Fund Balance,53822960.73
2019-20,2146,Woodburn SD 103,300,Debt Service Funds,1110,Ad valorem taxes levied by district,4702893.59
2019-20,2146,Woodburn SD 103,300,Debt Service Funds,1990,Miscellaneous,-3728.93
2019-20,2146,Woodburn SD 103,300,Debt Service Funds,5200,Interfund Transfers,1074600
2019-20,2146,Woodburn SD 103,300,Debt Service Funds,5400,Resources - Beginning Fund Balance,362856.93
2019-20,2146,Woodburn SD 103,400,Capital Projects Funds,1130,Construction Excise Tax,147528.43
2019-20,2146,Woodburn SD 103,400,Capital Projects Funds,1990,Miscellaneous,8188.22
2019-20,2146,Woodburn SD 103,200,Special Revenue Funds,2200,Restricted Revenue,61967.54
2019-20,2146,Woodburn SD 103,200,Special Revenue Funds,3102,State School Fund--School Lunch Match,35741.97
2019-20,2146,Woodburn SD 103,200,Special Revenue Funds,3299,Other Restricted Grants-In-Aid,67222.86
2019-20,2146,Woodburn SD 103,200,Special Revenue Funds,4500,Restricted Revenue From Federal Government Through the State,11897167.16
2019-20,2146,Woodburn SD 103,200,Special Revenue Funds,5200,Interfund Transfers,5200
2019-20,2146,Woodburn SD 103,200,Special Revenue Funds,5400,Resources - Beginning Fund Balance,2067336.29
2019-20,2146,Woodburn SD 103,100,General Fund,5400,Resources - Beginning Fund Balance,13960253.87
2019-20,2146,Woodburn SD 103,200,Special Revenue Funds,1600,Food Service,23506.1
2019-20,2146,Woodburn SD 103,200,Special Revenue Funds,1700,Extra-Curricular Activities,213386.44
2019-20,2146,Woodburn SD 103,200,Special Revenue Funds,1920,Contributions and Donations From Private Sources,3273.44
2019-20,2146,Woodburn SD 103,200,Special Revenue Funds,1960,Recovery of Prior Years' Expenditure,490.35
2019-20,2146,Woodburn SD 103,200,Special Revenue Funds,1990,Miscellaneous,2329351.99
2019-20,2146,Woodburn SD 103,100,General Fund,3103,Common School Fund,571860.59
2019-20,2146,Woodburn SD 103,100,General Fund,3199,Other Unrestricted Grants-In-Aid,5420.8
2019-20,2146,Woodburn SD 103,100,General Fund,3299,Other Restricted Grants-In-Aid,28111.11
2019-20,2146,Woodburn SD 103,100,General Fund,4500,Restricted Revenue From Federal Government Through the State,11998.98
2019-20,2146,Woodburn SD 103,100,General Fund,4900,Revenue for/on Behalf of the District,861.9
2019-20,2146,Woodburn SD 103,100,General Fund,5300,Sale of or Compensation for Loss of Fixed Assets,9425.25
2019-20,2146,Woodburn SD 103,100,General Fund,1920,Contributions and Donations From Private Sources,60000
2019-20,2146,Woodburn SD 103,100,General Fund,1960,Recovery of Prior Years' Expenditure,26233.44
2019-20,2146,Woodburn SD 103,100,General Fund,1980,Fees Charged to Grants,286694.8
2019-20,2146,Woodburn SD 103,100,General Fund,1990,Miscellaneous,287699.06
2019-20,2146,Woodburn SD 103,100,General Fund,2101,County School Funds,154795.06
2019-20,2146,Woodburn SD 103,100,General Fund,3101,State School Fund --General Support,56279502.96
2019-20,2146,Woodburn SD 103,300,Debt Service Funds,1500,Earnings on Investments,11678.68
2019-20,2146,Woodburn SD 103,400,Capital Projects Funds,1500,Earnings on Investments,893366.09
2019-20,2146,Woodburn SD 103,100,General Fund,1110,Ad valorem taxes levied by district,8347109.94
2019-20,2146,Woodburn SD 103,100,General Fund,1312,Tuition from Other Districts within the State,94806.04
2019-20,2146,Woodburn SD 103,100,General Fund,1320,Adult/Continuing Education Tuition,29412.12
2019-20,2146,Woodburn SD 103,100,General Fund,1910,Rentals,20457.5
2019-20,2146,Woodburn SD 103,100,General Fund,1500,Earnings on Investments,590480.96
2019-20,2147,Morrow SD 1,100,General Fund,1110,Ad valorem taxes levied by district,8578733.29
2019-20,2147,Morrow SD 1,100,General Fund,1190,Penalties and interest on taxes,3732.52
2019-20,2147,Morrow SD 1,100,General Fund,1500,Earnings on Investments,243059.22
2019-20,2147,Morrow SD 1,100,General Fund,1920,Contributions and Donations From Private Sources,463895
2019-20,2147,Morrow SD 1,100,General Fund,1940,Services Provided Other Local Education Agencies,95862.29
2019-20,2147,Morrow SD 1,100,General Fund,1960,Recovery of Prior Years' Expenditure,97970.99
2019-20,2147,Morrow SD 1,400,Capital Projects Funds,1920,Contributions and Donations From Private Sources,33679
2019-20,2147,Morrow SD 1,400,Capital Projects Funds,1990,Miscellaneous,27472.24
2019-20,2147,Morrow SD 1,400,Capital Projects Funds,5400,Resources - Beginning Fund Balance,910251.55
2019-20,2147,Morrow SD 1,300,Debt Service Funds,1500,Earnings on Investments,4652.72
2019-20,2147,Morrow SD 1,300,Debt Service Funds,1970,Services Provided Other Funds,740361.27
2019-20,2147,Morrow SD 1,300,Debt Service Funds,2800,Revenue in Lieu of Taxes,1644.69
2019-20,2147,Morrow SD 1,300,Debt Service Funds,5200,Interfund Transfers,301078
2019-20,2147,Morrow SD 1,300,Debt Service Funds,5400,Resources - Beginning Fund Balance,184118.68
2019-20,2147,Morrow SD 1,400,Capital Projects Funds,1910,Rentals,12000
2019-20,2147,Morrow SD 1,200,Special Revenue Funds,4700,Grants-In-Aid From Federal Government Through Other Intermed,171243.35
2019-20,2147,Morrow SD 1,200,Special Revenue Funds,4900,Revenue for/on Behalf of the District,88864.54
2019-20,2147,Morrow SD 1,200,Special Revenue Funds,5200,Interfund Transfers,93215.99
2019-20,2147,Morrow SD 1,200,Special Revenue Funds,5400,Resources - Beginning Fund Balance,2755785.51
2019-20,2147,Morrow SD 1,300,Debt Service Funds,1110,Ad valorem taxes levied by district,1664683.99
2019-20,2147,Morrow SD 1,300,Debt Service Funds,1190,Penalties and interest on taxes,16658.12
2019-20,2147,Morrow SD 1,200,Special Revenue Funds,1700,Extra-Curricular Activities,352995.66
2019-20,2147,Morrow SD 1,200,Special Revenue Funds,1920,Contributions and Donations From Private Sources,408596.73
2019-20,2147,Morrow SD 1,200,Special Revenue Funds,1960,Recovery of Prior Years' Expenditure,3637.22
2019-20,2147,Morrow SD 1,200,Special Revenue Funds,1990,Miscellaneous,252468.4
2019-20,2147,Morrow SD 1,200,Special Revenue Funds,3299,Other Restricted Grants-In-Aid,731976.6
2019-20,2147,Morrow SD 1,200,Special Revenue Funds,4500,Restricted Revenue From Federal Government Through the State,2473112.78
2019-20,2147,Morrow SD 1,100,General Fund,4801,Federal Forest Fees,45787.64
2019-20,2147,Morrow SD 1,100,General Fund,4899,Other Federal Revenue in Lieu of Taxes,282.73
2019-20,2147,Morrow SD 1,100,General Fund,5400,Resources - Beginning Fund Balance,4382736.49
2019-20,2147,Morrow SD 1,200,Special Revenue Funds,1200,Revenue From Local Governmental Units Other Than Districts,822750
2019-20,2147,Morrow SD 1,200,Special Revenue Funds,1500,Earnings on Investments,187.08
2019-20,2147,Morrow SD 1,200,Special Revenue Funds,1600,Food Service,89174.34
2019-20,2147,Morrow SD 1,100,General Fund,1990,Miscellaneous,125839.18
2019-20,2147,Morrow SD 1,100,General Fund,2101,County School Funds,29825.13
2019-20,2147,Morrow SD 1,100,General Fund,2800,Revenue in Lieu of Taxes,162118.74
2019-20,2147,Morrow SD 1,100,General Fund,3101,State School Fund --General Support,17481208.97
2019-20,2147,Morrow SD 1,100,General Fund,3103,Common School Fund,179799.64
2019-20,2147,Morrow SD 1,100,General Fund,4500,Restricted Revenue From Federal Government Through the State,54295.7
2019-20,2148,Multnomah ESD,100,General Fund,1110,Ad valorem taxes levied by district,34726938.79
2019-20,2148,Multnomah ESD,100,General Fund,1190,Penalties and interest on taxes,44053.25
2019-20,2148,Multnomah ESD,100,General Fund,1500,Earnings on Investments,352158.52
2019-20,2148,Multnomah ESD,100,General Fund,1800,Community Services Activities,3740
2019-20,2148,Multnomah ESD,100,General Fund,1910,Rentals,23940
2019-20,2148,Multnomah ESD,100,General Fund,1920,Contributions and Donations From Private Sources,15300
2019-20,2148,Multnomah ESD,300,Debt Service Funds,1500,Earnings on Investments,32958.8
2019-20,2148,Multnomah ESD,300,Debt Service Funds,1970,Services Provided Other Funds,3131958.57
2019-20,2148,Multnomah ESD,300,Debt Service Funds,5400,Resources - Beginning Fund Balance,7412.52
2019-20,2148,Multnomah ESD,200,Special Revenue Funds,2200,Restricted Revenue,129065.33
2019-20,2148,Multnomah ESD,200,Special Revenue Funds,3102,State School Fund--School Lunch Match,3419.15
2019-20,2148,Multnomah ESD,200,Special Revenue Funds,3299,Other Restricted Grants-In-Aid,7469510.28
2019-20,2148,Multnomah ESD,200,Special Revenue Funds,4300,Restricted Revenue Direct From the Federal Government,268936.48
2019-20,2148,Multnomah ESD,200,Special Revenue Funds,4500,Restricted Revenue From Federal Government Through the State,1113856.94
2019-20,2148,Multnomah ESD,200,Special Revenue Funds,5400,Resources - Beginning Fund Balance,1583453.2
2019-20,2148,Multnomah ESD,200,Special Revenue Funds,1600,Food Service,0
2019-20,2148,Multnomah ESD,200,Special Revenue Funds,1800,Community Services Activities,2684
2019-20,2148,Multnomah ESD,200,Special Revenue Funds,1920,Contributions and Donations From Private Sources,38872
2019-20,2148,Multnomah ESD,200,Special Revenue Funds,1940,Services Provided Other Local Education Agencies,16675033.67
2019-20,2148,Multnomah ESD,200,Special Revenue Funds,1960,Recovery of Prior Years' Expenditure,3126.54
2019-20,2148,Multnomah ESD,200,Special Revenue Funds,1990,Miscellaneous,140199.4
2019-20,2148,Multnomah ESD,100,General Fund,3101,State School Fund --General Support,9504952.48
2019-20,2148,Multnomah ESD,100,General Fund,3102,State School Fund--School Lunch Match,-3419.15
2019-20,2148,Multnomah ESD,100,General Fund,3299,Other Restricted Grants-In-Aid,1580032.95
2019-20,2148,Multnomah ESD,100,General Fund,5200,Interfund Transfers,4865334.95
2019-20,2148,Multnomah ESD,100,General Fund,5400,Resources - Beginning Fund Balance,13945900.76
2019-20,2148,Multnomah ESD,200,Special Revenue Funds,1500,Earnings on Investments,115.84
2019-20,2148,Multnomah ESD,100,General Fund,1940,Services Provided Other Local Education Agencies,182536.8
2019-20,2148,Multnomah ESD,100,General Fund,1960,Recovery of Prior Years' Expenditure,1198.81
2019-20,2148,Multnomah ESD,100,General Fund,1970,Services Provided Other Funds,876692.48
2019-20,2148,Multnomah ESD,100,General Fund,1980,Fees Charged to Grants,980741.57
2019-20,2148,Multnomah ESD,100,General Fund,1990,Miscellaneous,473748.27
2019-20,2148,Multnomah ESD,100,General Fund,2200,Restricted Revenue,12460
2019-20,2180,Portland SD 1J,100,General Fund,1110,Ad valorem taxes levied by district,246848275.99
2019-20,2180,Portland SD 1J,100,General Fund,1120,Local option ad valorem taxes levied by district,124762714.15
2019-20,2180,Portland SD 1J,100,General Fund,1190,Penalties and interest on taxes,337298.91
2019-20,2180,Portland SD 1J,100,General Fund,1200,Revenue From Local Governmental Units Other Than Districts,7560
2019-20,2180,Portland SD 1J,100,General Fund,1311,Tuition from Individuals,43064.42
2019-20,2180,Portland SD 1J,100,General Fund,1500,Earnings on Investments,3162174.47
2019-20,2180,Portland SD 1J,200,Special Revenue Funds,5400,Resources - Beginning Fund Balance,37427899.15
2019-20,2180,Portland SD 1J,300,Debt Service Funds,5400,Resources - Beginning Fund Balance,10782750.81
2019-20,2180,Portland SD 1J,400,Capital Projects Funds,5400,Resources - Beginning Fund Balance,330978230.92
2019-20,2180,Portland SD 1J,600,Internal Service Funds,5400,Resources - Beginning Fund Balance,8116709.29
2019-20,2180,Portland SD 1J,400,Capital Projects Funds,5300,Sale of or Compensation for Loss of Fixed Assets,10500000
2019-20,2180,Portland SD 1J,600,Internal Service Funds,1500,Earnings on Investments,133517.77
2019-20,2180,Portland SD 1J,600,Internal Service Funds,1970,Services Provided Other Funds,594951.68
2019-20,2180,Portland SD 1J,600,Internal Service Funds,1990,Miscellaneous,35
2019-20,2180,Portland SD 1J,600,Internal Service Funds,3199,Other Unrestricted Grants-In-Aid,220727.3
2019-20,2180,Portland SD 1J,100,General Fund,5400,Resources - Beginning Fund Balance,39886901.3
2019-20,2180,Portland SD 1J,400,Capital Projects Funds,1960,Recovery of Prior Years' Expenditure,262836.23
2019-20,2180,Portland SD 1J,400,Capital Projects Funds,1990,Miscellaneous,1215736.57
2019-20,2180,Portland SD 1J,400,Capital Projects Funds,2200,Restricted Revenue,226718.87
2019-20,2180,Portland SD 1J,400,Capital Projects Funds,3299,Other Restricted Grants-In-Aid,11368255
2019-20,2180,Portland SD 1J,400,Capital Projects Funds,5100,Long Term Debt Financing Sources,509522151.4
2019-20,2180,Portland SD 1J,400,Capital Projects Funds,5200,Interfund Transfers,109609.61
2019-20,2180,Portland SD 1J,300,Debt Service Funds,1970,Services Provided Other Funds,51327841.59
2019-20,2180,Portland SD 1J,300,Debt Service Funds,4900,Revenue for/on Behalf of the District,75547.51
2019-20,2180,Portland SD 1J,300,Debt Service Funds,5200,Interfund Transfers,1752337.22
2019-20,2180,Portland SD 1J,400,Capital Projects Funds,1130,Construction Excise Tax,4290696.24
2019-20,2180,Portland SD 1J,400,Capital Projects Funds,1500,Earnings on Investments,7322214.04
2019-20,2180,Portland SD 1J,400,Capital Projects Funds,1910,Rentals,816422.74
2019-20,2180,Portland SD 1J,200,Special Revenue Funds,4700,Grants-In-Aid From Federal Government Through Other Intermed,431708.05
2019-20,2180,Portland SD 1J,200,Special Revenue Funds,5200,Interfund Transfers,69293.02
2019-20,2180,Portland SD 1J,200,Special Revenue Funds,1950,Textbook Sales and Rentals,300
2019-20,2180,Portland SD 1J,300,Debt Service Funds,1110,Ad valorem taxes levied by district,125962216.85
2019-20,2180,Portland SD 1J,300,Debt Service Funds,1190,Penalties and interest on taxes,156139.47
2019-20,2180,Portland SD 1J,300,Debt Service Funds,1500,Earnings on Investments,1500487.43
2019-20,2180,Portland SD 1J,200,Special Revenue Funds,2200,Restricted Revenue,43270.01
2019-20,2180,Portland SD 1J,200,Special Revenue Funds,3102,State School Fund--School Lunch Match,142202.34
2019-20,2180,Portland SD 1J,200,Special Revenue Funds,3299,Other Restricted Grants-In-Aid,24839663.02
2019-20,2180,Portland SD 1J,200,Special Revenue Funds,4200,Unrestricted Revenue From Federal Government Through State,57753.1
2019-20,2180,Portland SD 1J,200,Special Revenue Funds,4300,Restricted Revenue Direct From the Federal Government,4861288.9
2019-20,2180,Portland SD 1J,200,Special Revenue Funds,4500,Restricted Revenue From Federal Government Through the State,48632874.51
2019-20,2180,Portland SD 1J,200,Special Revenue Funds,1920,Contributions and Donations From Private Sources,6008879.7
2019-20,2180,Portland SD 1J,200,Special Revenue Funds,1940,Services Provided Other Local Education Agencies,1614300.85
2019-20,2180,Portland SD 1J,200,Special Revenue Funds,1960,Recovery of Prior Years' Expenditure,2806.53
2019-20,2180,Portland SD 1J,200,Special Revenue Funds,1970,Services Provided Other Funds,655520.2
2019-20,2180,Portland SD 1J,200,Special Revenue Funds,1980,Fees Charged to Grants,0
2019-20,2180,Portland SD 1J,200,Special Revenue Funds,1990,Miscellaneous,242977.64
2019-20,2180,Portland SD 1J,200,Special Revenue Funds,1200,Revenue From Local Governmental Units Other Than Districts,3682893.26
2019-20,2180,Portland SD 1J,200,Special Revenue Funds,1311,Tuition from Individuals,140214.23
2019-20,2180,Portland SD 1J,200,Special Revenue Funds,1330,Summer School Tuition,21040
2019-20,2180,Portland SD 1J,200,Special Revenue Funds,1500,Earnings on Investments,416362.22
2019-20,2180,Portland SD 1J,200,Special Revenue Funds,1600,Food Service,2751342.07
2019-20,2180,Portland SD 1J,200,Special Revenue Funds,1700,Extra-Curricular Activities,4913928.39
2019-20,2180,Portland SD 1J,100,General Fund,4200,Unrestricted Revenue From Federal Government Through State,44786.08
2019-20,2180,Portland SD 1J,100,General Fund,4300,Restricted Revenue Direct From the Federal Government,0
2019-20,2180,Portland SD 1J,100,General Fund,4801,Federal Forest Fees,38735.72
2019-20,2180,Portland SD 1J,100,General Fund,5300,Sale of or Compensation for Loss of Fixed Assets,16748
2019-20,2180,Portland SD 1J,200,Special Revenue Funds,1110,Ad valorem taxes levied by district,267447.99
2019-20,2180,Portland SD 1J,200,Special Revenue Funds,1120,Local option ad valorem taxes levied by district,28221.66
2019-20,2180,Portland SD 1J,100,General Fund,1990,Miscellaneous,799328.51
2019-20,2180,Portland SD 1J,100,General Fund,2101,County School Funds,20910.31
2019-20,2180,Portland SD 1J,100,General Fund,2102,General Education Service District Funds,8500000
2019-20,2180,Portland SD 1J,100,General Fund,2199,Other Intermediate Sources,5246741.44
2019-20,2180,Portland SD 1J,100,General Fund,3101,State School Fund --General Support,266607494.65
2019-20,2180,Portland SD 1J,100,General Fund,3103,Common School Fund,5012153.8
2019-20,2180,Portland SD 1J,100,General Fund,1600,Food Service,96566.49
2019-20,2180,Portland SD 1J,100,General Fund,1700,Extra-Curricular Activities,1073853.91
2019-20,2180,Portland SD 1J,100,General Fund,1910,Rentals,2622769.54
2019-20,2180,Portland SD 1J,100,General Fund,1920,Contributions and Donations From Private Sources,25920.49
2019-20,2180,Portland SD 1J,100,General Fund,1960,Recovery of Prior Years' Expenditure,19490.02
2019-20,2180,Portland SD 1J,100,General Fund,1980,Fees Charged to Grants,3918170.21
2019-20,2181,Parkrose SD 3,300,Debt Service Funds,1500,Earnings on Investments,50607.65
2019-20,2181,Parkrose SD 3,300,Debt Service Funds,3101,State School Fund --General Support,1195781.37
2019-20,2181,Parkrose SD 3,300,Debt Service Funds,4300,Restricted Revenue Direct From the Federal Government,345817.5
2019-20,2181,Parkrose SD 3,300,Debt Service Funds,5100,Long Term Debt Financing Sources,35130000
2019-20,2181,Parkrose SD 3,300,Debt Service Funds,5400,Resources - Beginning Fund Balance,2036104
2019-20,2181,Parkrose SD 3,400,Capital Projects Funds,1130,Construction Excise Tax,41006.57
2019-20,2181,Parkrose SD 3,300,Debt Service Funds,1110,Ad valorem taxes levied by district,3984384.9
2019-20,2181,Parkrose SD 3,200,Special Revenue Funds,1910,Rentals,784343.36
2019-20,2181,Parkrose SD 3,200,Special Revenue Funds,1920,Contributions and Donations From Private Sources,107662.76
2019-20,2181,Parkrose SD 3,200,Special Revenue Funds,3102,State School Fund--School Lunch Match,13925.47
2019-20,2181,Parkrose SD 3,200,Special Revenue Funds,3299,Other Restricted Grants-In-Aid,919605.31
2019-20,2181,Parkrose SD 3,200,Special Revenue Funds,4500,Restricted Revenue From Federal Government Through the State,2940144.5
2019-20,2181,Parkrose SD 3,200,Special Revenue Funds,4900,Revenue for/on Behalf of the District,101461.79
2019-20,2181,Parkrose SD 3,200,Special Revenue Funds,5200,Interfund Transfers,720000
2019-20,2181,Parkrose SD 3,200,Special Revenue Funds,5400,Resources - Beginning Fund Balance,4474378
2019-20,2181,Parkrose SD 3,100,General Fund,5300,Sale of or Compensation for Loss of Fixed Assets,1280
2019-20,2181,Parkrose SD 3,100,General Fund,5400,Resources - Beginning Fund Balance,2399372
2019-20,2181,Parkrose SD 3,200,Special Revenue Funds,1500,Earnings on Investments,1420.85
2019-20,2181,Parkrose SD 3,200,Special Revenue Funds,1600,Food Service,79414.25
2019-20,2181,Parkrose SD 3,200,Special Revenue Funds,1700,Extra-Curricular Activities,494646.63
2019-20,2181,Parkrose SD 3,200,Special Revenue Funds,1990,Miscellaneous,137913.32
2019-20,2181,Parkrose SD 3,100,General Fund,2101,County School Funds,442.99
2019-20,2181,Parkrose SD 3,100,General Fund,2200,Restricted Revenue,320657.9
2019-20,2181,Parkrose SD 3,100,General Fund,2900,Revenue for/on Behalf of the District,102000
2019-20,2181,Parkrose SD 3,100,General Fund,3101,State School Fund --General Support,11088825.63
2019-20,2181,Parkrose SD 3,100,General Fund,3103,Common School Fund,323620.79
2019-20,2181,Parkrose SD 3,100,General Fund,4500,Restricted Revenue From Federal Government Through the State,8721.74
2019-20,2181,Parkrose SD 3,100,General Fund,1500,Earnings on Investments,251763.46
2019-20,2181,Parkrose SD 3,100,General Fund,1700,Extra-Curricular Activities,24598
2019-20,2181,Parkrose SD 3,100,General Fund,1920,Contributions and Donations From Private Sources,9556.54
2019-20,2181,Parkrose SD 3,100,General Fund,1960,Recovery of Prior Years' Expenditure,352.69
2019-20,2181,Parkrose SD 3,100,General Fund,1980,Fees Charged to Grants,16957.59
2019-20,2181,Parkrose SD 3,100,General Fund,1990,Miscellaneous,70332.39
2019-20,2181,Parkrose SD 3,400,Capital Projects Funds,1500,Earnings on Investments,39078.26
2019-20,2181,Parkrose SD 3,400,Capital Projects Funds,1910,Rentals,4614.83
2019-20,2181,Parkrose SD 3,400,Capital Projects Funds,1990,Miscellaneous,71678.45
2019-20,2181,Parkrose SD 3,400,Capital Projects Funds,5400,Resources - Beginning Fund Balance,1324301
2019-20,2181,Parkrose SD 3,100,General Fund,1110,Ad valorem taxes levied by district,20318840.74
2019-20,2181,Parkrose SD 3,100,General Fund,1312,Tuition from Other Districts within the State,4900
2019-20,2182,Reynolds SD 7,100,General Fund,1110,Ad valorem taxes levied by district,27273729.51
2019-20,2182,Reynolds SD 7,100,General Fund,1190,Penalties and interest on taxes,33742.2
2019-20,2182,Reynolds SD 7,100,General Fund,1411,Transportation fees from Individuals,220069.99
2019-20,2182,Reynolds SD 7,100,General Fund,1500,Earnings on Investments,637174.44
2019-20,2182,Reynolds SD 7,100,General Fund,1700,Extra-Curricular Activities,57239.25
2019-20,2182,Reynolds SD 7,100,General Fund,1910,Rentals,4177.33
2019-20,2182,Reynolds SD 7,400,Capital Projects Funds,5400,Resources - Beginning Fund Balance,5674515.41
2019-20,2182,Reynolds SD 7,400,Capital Projects Funds,1500,Earnings on Investments,48445.78
2019-20,2182,Reynolds SD 7,400,Capital Projects Funds,1910,Rentals,172265
2019-20,2182,Reynolds SD 7,400,Capital Projects Funds,1990,Miscellaneous,27316
2019-20,2182,Reynolds SD 7,400,Capital Projects Funds,5100,Long Term Debt Financing Sources,2054952
2019-20,2182,Reynolds SD 7,400,Capital Projects Funds,5200,Interfund Transfers,1180000
2019-20,2182,Reynolds SD 7,400,Capital Projects Funds,5300,Sale of or Compensation for Loss of Fixed Assets,500000
2019-20,2182,Reynolds SD 7,300,Debt Service Funds,1110,Ad valorem taxes levied by district,8050317.32
2019-20,2182,Reynolds SD 7,300,Debt Service Funds,1190,Penalties and interest on taxes,9975.83
2019-20,2182,Reynolds SD 7,300,Debt Service Funds,1500,Earnings on Investments,452135.24
2019-20,2182,Reynolds SD 7,300,Debt Service Funds,1970,Services Provided Other Funds,8342769.06
2019-20,2182,Reynolds SD 7,300,Debt Service Funds,5400,Resources - Beginning Fund Balance,7149466.07
2019-20,2182,Reynolds SD 7,400,Capital Projects Funds,1130,Construction Excise Tax,915597.83
2019-20,2182,Reynolds SD 7,200,Special Revenue Funds,3204,Driver Education,59475
2019-20,2182,Reynolds SD 7,200,Special Revenue Funds,3299,Other Restricted Grants-In-Aid,2553341.45
2019-20,2182,Reynolds SD 7,200,Special Revenue Funds,4100,Unrestricted Revenue Direct From the Federal Government,366974.69
2019-20,2182,Reynolds SD 7,200,Special Revenue Funds,4500,Restricted Revenue From Federal Government Through the State,12972319.62
2019-20,2182,Reynolds SD 7,200,Special Revenue Funds,5200,Interfund Transfers,225852.46
2019-20,2182,Reynolds SD 7,200,Special Revenue Funds,5400,Resources - Beginning Fund Balance,6240503.35
2019-20,2182,Reynolds SD 7,200,Special Revenue Funds,1500,Earnings on Investments,13069.36
2019-20,2182,Reynolds SD 7,200,Special Revenue Funds,1600,Food Service,325753.98
2019-20,2182,Reynolds SD 7,200,Special Revenue Funds,1920,Contributions and Donations From Private Sources,39062.34
2019-20,2182,Reynolds SD 7,200,Special Revenue Funds,1990,Miscellaneous,1240165.47
2019-20,2182,Reynolds SD 7,200,Special Revenue Funds,2199,Other Intermediate Sources,1263886.34
2019-20,2182,Reynolds SD 7,200,Special Revenue Funds,2200,Restricted Revenue,272838.2
2019-20,2182,Reynolds SD 7,100,General Fund,3103,Common School Fund,1140429.42
2019-20,2182,Reynolds SD 7,100,General Fund,3199,Other Unrestricted Grants-In-Aid,919209.4
2019-20,2182,Reynolds SD 7,100,General Fund,4300,Restricted Revenue Direct From the Federal Government,39361.03
2019-20,2182,Reynolds SD 7,100,General Fund,4500,Restricted Revenue From Federal Government Through the State,13647.59
2019-20,2182,Reynolds SD 7,100,General Fund,5400,Resources - Beginning Fund Balance,17832460.53
2019-20,2182,Reynolds SD 7,200,Special Revenue Funds,1412,Transportation fees from Other Districts within the State,92173.65
2019-20,2182,Reynolds SD 7,100,General Fund,1980,Fees Charged to Grants,426597.45
2019-20,2182,Reynolds SD 7,100,General Fund,1990,Miscellaneous,458039.51
2019-20,2182,Reynolds SD 7,100,General Fund,2101,County School Funds,3556.64
2019-20,2182,Reynolds SD 7,100,General Fund,2102,General Education Service District Funds,1457719
2019-20,2182,Reynolds SD 7,100,General Fund,2110,Intermediate 'I' Tax,384951.98
2019-20,2182,Reynolds SD 7,100,General Fund,3101,State School Fund --General Support,99054471.12
2019-20,2183,Gresham-Barlow SD 10J,100,General Fund,1110,Ad valorem taxes levied by district,30036543.86
2019-20,2183,Gresham-Barlow SD 10J,100,General Fund,1190,Penalties and interest on taxes,35151.42
2019-20,2183,Gresham-Barlow SD 10J,100,General Fund,1330,Summer School Tuition,5600
2019-20,2183,Gresham-Barlow SD 10J,100,General Fund,1411,Transportation fees from Individuals,18346.02
2019-20,2183,Gresham-Barlow SD 10J,100,General Fund,1500,Earnings on Investments,776780.69
2019-20,2183,Gresham-Barlow SD 10J,100,General Fund,1700,Extra-Curricular Activities,227371.8
2019-20,2183,Gresham-Barlow SD 10J,700,Trust and Agency Funds,1970,Services Provided Other Funds,366345.69
2019-20,2183,Gresham-Barlow SD 10J,700,Trust and Agency Funds,5200,Interfund Transfers,300000
2019-20,2183,Gresham-Barlow SD 10J,700,Trust and Agency Funds,5400,Resources - Beginning Fund Balance,1855782.47
2019-20,2183,Gresham-Barlow SD 10J,400,Capital Projects Funds,1910,Rentals,1537
2019-20,2183,Gresham-Barlow SD 10J,400,Capital Projects Funds,1960,Recovery of Prior Years' Expenditure,671748.3
2019-20,2183,Gresham-Barlow SD 10J,400,Capital Projects Funds,2900,Revenue for/on Behalf of the District,290000
2019-20,2183,Gresham-Barlow SD 10J,400,Capital Projects Funds,3299,Other Restricted Grants-In-Aid,1631817.57
2019-20,2183,Gresham-Barlow SD 10J,400,Capital Projects Funds,5400,Resources - Beginning Fund Balance,133829037.78
2019-20,2183,Gresham-Barlow SD 10J,700,Trust and Agency Funds,1500,Earnings on Investments,47042.2
2019-20,2183,Gresham-Barlow SD 10J,300,Debt Service Funds,1110,Ad valorem taxes levied by district,19070644.93
2019-20,2183,Gresham-Barlow SD 10J,300,Debt Service Funds,1190,Penalties and interest on taxes,19833.25
2019-20,2183,Gresham-Barlow SD 10J,300,Debt Service Funds,1500,Earnings on Investments,159036.79
2019-20,2183,Gresham-Barlow SD 10J,300,Debt Service Funds,5400,Resources - Beginning Fund Balance,943099.52
2019-20,2183,Gresham-Barlow SD 10J,400,Capital Projects Funds,1130,Construction Excise Tax,806373.86
2019-20,2183,Gresham-Barlow SD 10J,400,Capital Projects Funds,1500,Earnings on Investments,1788075.03
2019-20,2183,Gresham-Barlow SD 10J,200,Special Revenue Funds,2900,Revenue for/on Behalf of the District,477475.46
2019-20,2183,Gresham-Barlow SD 10J,200,Special Revenue Funds,3102,State School Fund--School Lunch Match,40442.52
2019-20,2183,Gresham-Barlow SD 10J,200,Special Revenue Funds,3299,Other Restricted Grants-In-Aid,10253763.37
2019-20,2183,Gresham-Barlow SD 10J,200,Special Revenue Funds,4500,Restricted Revenue From Federal Government Through the State,9605376.01
2019-20,2183,Gresham-Barlow SD 10J,200,Special Revenue Funds,5200,Interfund Transfers,260000
2019-20,2183,Gresham-Barlow SD 10J,200,Special Revenue Funds,5400,Resources - Beginning Fund Balance,5121877.5
2019-20,2183,Gresham-Barlow SD 10J,200,Special Revenue Funds,1920,Contributions and Donations From Private Sources,195483.83
2019-20,2183,Gresham-Barlow SD 10J,200,Special Revenue Funds,1940,Services Provided Other Local Education Agencies,17264.8
2019-20,2183,Gresham-Barlow SD 10J,200,Special Revenue Funds,1950,Textbook Sales and Rentals,13440.91
2019-20,2183,Gresham-Barlow SD 10J,200,Special Revenue Funds,1960,Recovery of Prior Years' Expenditure,50367.78
2019-20,2183,Gresham-Barlow SD 10J,200,Special Revenue Funds,1970,Services Provided Other Funds,1150980.35
2019-20,2183,Gresham-Barlow SD 10J,200,Special Revenue Funds,1990,Miscellaneous,111088.09
2019-20,2183,Gresham-Barlow SD 10J,100,General Fund,5400,Resources - Beginning Fund Balance,18172676.46
2019-20,2183,Gresham-Barlow SD 10J,200,Special Revenue Funds,1311,Tuition from Individuals,57135.28
2019-20,2183,Gresham-Barlow SD 10J,200,Special Revenue Funds,1500,Earnings on Investments,91774.46
2019-20,2183,Gresham-Barlow SD 10J,200,Special Revenue Funds,1600,Food Service,433359.52
2019-20,2183,Gresham-Barlow SD 10J,200,Special Revenue Funds,1700,Extra-Curricular Activities,975641.55
2019-20,2183,Gresham-Barlow SD 10J,200,Special Revenue Funds,1800,Community Services Activities,7444
2019-20,2183,Gresham-Barlow SD 10J,100,General Fund,3199,Other Unrestricted Grants-In-Aid,718526.49
2019-20,2183,Gresham-Barlow SD 10J,100,General Fund,3299,Other Restricted Grants-In-Aid,13582
2019-20,2183,Gresham-Barlow SD 10J,100,General Fund,4500,Restricted Revenue From Federal Government Through the State,44842.94
2019-20,2183,Gresham-Barlow SD 10J,100,General Fund,4700,Grants-In-Aid From Federal Government Through Other Intermed,19357.5
2019-20,2183,Gresham-Barlow SD 10J,100,General Fund,4801,Federal Forest Fees,9464.29
2019-20,2183,Gresham-Barlow SD 10J,100,General Fund,5300,Sale of or Compensation for Loss of Fixed Assets,4845
2019-20,2183,Gresham-Barlow SD 10J,100,General Fund,1990,Miscellaneous,247669.95
2019-20,2183,Gresham-Barlow SD 10J,100,General Fund,2101,County School Funds,3798.03
2019-20,2183,Gresham-Barlow SD 10J,100,General Fund,2102,General Education Service District Funds,1925000
2019-20,2183,Gresham-Barlow SD 10J,100,General Fund,2900,Revenue for/on Behalf of the District,4239.14
2019-20,2183,Gresham-Barlow SD 10J,100,General Fund,3101,State School Fund --General Support,93830195.28
2019-20,2183,Gresham-Barlow SD 10J,100,General Fund,3103,Common School Fund,1221637.72
2019-20,2183,Gresham-Barlow SD 10J,100,General Fund,1800,Community Services Activities,42140
2019-20,2183,Gresham-Barlow SD 10J,100,General Fund,1910,Rentals,268505.97
2019-20,2183,Gresham-Barlow SD 10J,100,General Fund,1920,Contributions and Donations From Private Sources,10323.86
2019-20,2183,Gresham-Barlow SD 10J,100,General Fund,1940,Services Provided Other Local Education Agencies,180000
2019-20,2183,Gresham-Barlow SD 10J,100,General Fund,1960,Recovery of Prior Years' Expenditure,236
2019-20,2183,Gresham-Barlow SD 10J,100,General Fund,1980,Fees Charged to Grants,480580.76
2019-20,2185,Centennial SD 28J,100,General Fund,1110,Ad valorem taxes levied by district,13430250.13
2019-20,2185,Centennial SD 28J,100,General Fund,1190,Penalties and interest on taxes,2388.53
2019-20,2185,Centennial SD 28J,100,General Fund,1411,Transportation fees from Individuals,35039.35
2019-20,2185,Centennial SD 28J,100,General Fund,1500,Earnings on Investments,165754.45
2019-20,2185,Centennial SD 28J,100,General Fund,1700,Extra-Curricular Activities,78406.99
2019-20,2185,Centennial SD 28J,100,General Fund,1800,Community Services Activities,1434.5
2019-20,2185,Centennial SD 28J,700,Trust and Agency Funds,1700,Extra-Curricular Activities,514912
2019-20,2185,Centennial SD 28J,100,General Fund,5400,Resources - Beginning Fund Balance,176827.49
2019-20,2185,Centennial SD 28J,200,Special Revenue Funds,5400,Resources - Beginning Fund Balance,1121084.84
2019-20,2185,Centennial SD 28J,300,Debt Service Funds,5400,Resources - Beginning Fund Balance,3456916.21
2019-20,2185,Centennial SD 28J,400,Capital Projects Funds,5400,Resources - Beginning Fund Balance,1263708.99
2019-20,2185,Centennial SD 28J,600,Internal Service Funds,5400,Resources - Beginning Fund Balance,311619.03
2019-20,2185,Centennial SD 28J,700,Trust and Agency Funds,5400,Resources - Beginning Fund Balance,843184.71
2019-20,2185,Centennial SD 28J,400,Capital Projects Funds,1910,Rentals,68850.38
2019-20,2185,Centennial SD 28J,600,Internal Service Funds,1500,Earnings on Investments,2347.14
2019-20,2185,Centennial SD 28J,600,Internal Service Funds,1970,Services Provided Other Funds,928432.89
2019-20,2185,Centennial SD 28J,600,Internal Service Funds,1990,Miscellaneous,1076.19
2019-20,2185,Centennial SD 28J,600,Internal Service Funds,5300,Sale of or Compensation for Loss of Fixed Assets,113162.25
2019-20,2185,Centennial SD 28J,700,Trust and Agency Funds,1970,Services Provided Other Funds,245419.37
2019-20,2185,Centennial SD 28J,200,Special Revenue Funds,4500,Restricted Revenue From Federal Government Through the State,8002674.79
2019-20,2185,Centennial SD 28J,200,Special Revenue Funds,5100,Long Term Debt Financing Sources,3933711.99
2019-20,2185,Centennial SD 28J,300,Debt Service Funds,1110,Ad valorem taxes levied by district,3380472.12
2019-20,2185,Centennial SD 28J,300,Debt Service Funds,1500,Earnings on Investments,100992.55
2019-20,2185,Centennial SD 28J,400,Capital Projects Funds,1130,Construction Excise Tax,292982.83
2019-20,2185,Centennial SD 28J,400,Capital Projects Funds,1500,Earnings on Investments,9700.67
2019-20,2185,Centennial SD 28J,200,Special Revenue Funds,1700,Extra-Curricular Activities,337.68
2019-20,2185,Centennial SD 28J,200,Special Revenue Funds,1920,Contributions and Donations From Private Sources,56872.83
2019-20,2185,Centennial SD 28J,200,Special Revenue Funds,1990,Miscellaneous,544196.95
2019-20,2185,Centennial SD 28J,200,Special Revenue Funds,3102,State School Fund--School Lunch Match,27474.34
2019-20,2185,Centennial SD 28J,200,Special Revenue Funds,3222,State School Fund (SSF) Transportation Equipment,157800
2019-20,2185,Centennial SD 28J,200,Special Revenue Funds,3299,Other Restricted Grants-In-Aid,1816467.76
2019-20,2185,Centennial SD 28J,100,General Fund,3299,Other Restricted Grants-In-Aid,12307.26
2019-20,2185,Centennial SD 28J,100,General Fund,4200,Unrestricted Revenue From Federal Government Through State,36246.74
2019-20,2185,Centennial SD 28J,200,Special Revenue Funds,1200,Revenue From Local Governmental Units Other Than Districts,7698.48
2019-20,2185,Centennial SD 28J,200,Special Revenue Funds,1500,Earnings on Investments,3755.27
2019-20,2185,Centennial SD 28J,100,General Fund,3199,Other Unrestricted Grants-In-Aid,1498057.13
2019-20,2185,Centennial SD 28J,200,Special Revenue Funds,1600,Food Service,1384387.83
2019-20,2185,Centennial SD 28J,100,General Fund,1910,Rentals,9069.2
2019-20,2185,Centennial SD 28J,100,General Fund,1980,Fees Charged to Grants,227102.89
2019-20,2185,Centennial SD 28J,100,General Fund,1990,Miscellaneous,822285.98
2019-20,2185,Centennial SD 28J,100,General Fund,2101,County School Funds,3499.29
2019-20,2185,Centennial SD 28J,100,General Fund,3101,State School Fund --General Support,53553031.65
2019-20,2185,Centennial SD 28J,100,General Fund,3103,Common School Fund,629355.96
2019-20,2186,Corbett SD 39,100,General Fund,1110,Ad valorem taxes levied by district,1841648
2019-20,2186,Corbett SD 39,100,General Fund,1190,Penalties and interest on taxes,2283
2019-20,2186,Corbett SD 39,100,General Fund,1311,Tuition from Individuals,124049
2019-20,2186,Corbett SD 39,100,General Fund,1500,Earnings on Investments,74521
2019-20,2186,Corbett SD 39,100,General Fund,1700,Extra-Curricular Activities,2050
2019-20,2186,Corbett SD 39,100,General Fund,1910,Rentals,550
2019-20,2186,Corbett SD 39,400,Capital Projects Funds,3299,Other Restricted Grants-In-Aid,610034
2019-20,2186,Corbett SD 39,400,Capital Projects Funds,5200,Interfund Transfers,185000
2019-20,2186,Corbett SD 39,400,Capital Projects Funds,5400,Resources - Beginning Fund Balance,19902
2019-20,2186,Corbett SD 39,200,Special Revenue Funds,1990,Miscellaneous,22438
2019-20,2186,Corbett SD 39,200,Special Revenue Funds,3102,State School Fund--School Lunch Match,2197
2019-20,2186,Corbett SD 39,200,Special Revenue Funds,3299,Other Restricted Grants-In-Aid,6804
2019-20,2186,Corbett SD 39,200,Special Revenue Funds,4500,Restricted Revenue From Federal Government Through the State,359072
2019-20,2186,Corbett SD 39,200,Special Revenue Funds,5200,Interfund Transfers,103526
2019-20,2186,Corbett SD 39,200,Special Revenue Funds,5400,Resources - Beginning Fund Balance,151881
2019-20,2186,Corbett SD 39,100,General Fund,5100,Long Term Debt Financing Sources,3211694
2019-20,2186,Corbett SD 39,100,General Fund,5200,Interfund Transfers,25000
2019-20,2186,Corbett SD 39,100,General Fund,5400,Resources - Beginning Fund Balance,2069238
2019-20,2186,Corbett SD 39,200,Special Revenue Funds,1600,Food Service,92322
2019-20,2186,Corbett SD 39,200,Special Revenue Funds,1700,Extra-Curricular Activities,136956
2019-20,2186,Corbett SD 39,200,Special Revenue Funds,1920,Contributions and Donations From Private Sources,2500
2019-20,2186,Corbett SD 39,100,General Fund,3101,State School Fund --General Support,10134897
2019-20,2186,Corbett SD 39,100,General Fund,3102,State School Fund--School Lunch Match,-2197
2019-20,2186,Corbett SD 39,100,General Fund,3103,Common School Fund,127146
2019-20,2186,Corbett SD 39,100,General Fund,3299,Other Restricted Grants-In-Aid,601349
2019-20,2186,Corbett SD 39,100,General Fund,4100,Unrestricted Revenue Direct From the Federal Government,43544
2019-20,2186,Corbett SD 39,100,General Fund,4500,Restricted Revenue From Federal Government Through the State,39756
2019-20,2186,Corbett SD 39,100,General Fund,1920,Contributions and Donations From Private Sources,25465
2019-20,2186,Corbett SD 39,100,General Fund,1940,Services Provided Other Local Education Agencies,27911
2019-20,2186,Corbett SD 39,100,General Fund,1960,Recovery of Prior Years' Expenditure,1500
2019-20,2186,Corbett SD 39,100,General Fund,1990,Miscellaneous,109148
2019-20,2186,Corbett SD 39,100,General Fund,2101,County School Funds,657
2019-20,2186,Corbett SD 39,100,General Fund,2102,General Education Service District Funds,200000
2019-20,2187,David Douglas SD 40,100,General Fund,1110,Ad valorem taxes levied by district,15584629.86
2019-20,2187,David Douglas SD 40,100,General Fund,1190,Penalties and interest on taxes,19278.28
2019-20,2187,David Douglas SD 40,100,General Fund,1312,Tuition from Other Districts within the State,16461.12
2019-20,2187,David Douglas SD 40,100,General Fund,1330,Summer School Tuition,14400
2019-20,2187,David Douglas SD 40,100,General Fund,1411,Transportation fees from Individuals,12259.39
2019-20,2187,David Douglas SD 40,100,General Fund,1500,Earnings on Investments,640695.95
2019-20,2187,David Douglas SD 40,600,Internal Service Funds,1970,Services Provided Other Funds,280241.94
2019-20,2187,David Douglas SD 40,600,Internal Service Funds,1990,Miscellaneous,63680.65
2019-20,2187,David Douglas SD 40,600,Internal Service Funds,5400,Resources - Beginning Fund Balance,138063.33
2019-20,2187,David Douglas SD 40,300,Debt Service Funds,1970,Services Provided Other Funds,3387129.6
2019-20,2187,David Douglas SD 40,300,Debt Service Funds,5400,Resources - Beginning Fund Balance,827794.9
2019-20,2187,David Douglas SD 40,400,Capital Projects Funds,1130,Construction Excise Tax,237794.7
2019-20,2187,David Douglas SD 40,400,Capital Projects Funds,1500,Earnings on Investments,29546.51
2019-20,2187,David Douglas SD 40,400,Capital Projects Funds,5400,Resources - Beginning Fund Balance,1327109.42
2019-20,2187,David Douglas SD 40,600,Internal Service Funds,1500,Earnings on Investments,5700.45
2019-20,2187,David Douglas SD 40,200,Special Revenue Funds,4700,Grants-In-Aid From Federal Government Through Other Intermed,274633.49
2019-20,2187,David Douglas SD 40,200,Special Revenue Funds,4900,Revenue for/on Behalf of the District,397989.89
2019-20,2187,David Douglas SD 40,200,Special Revenue Funds,5400,Resources - Beginning Fund Balance,4806562.8
2019-20,2187,David Douglas SD 40,300,Debt Service Funds,1110,Ad valorem taxes levied by district,5080884.12
2019-20,2187,David Douglas SD 40,300,Debt Service Funds,1190,Penalties and interest on taxes,6282.28
2019-20,2187,David Douglas SD 40,300,Debt Service Funds,1500,Earnings on Investments,55886.55
2019-20,2187,David Douglas SD 40,200,Special Revenue Funds,3102,State School Fund--School Lunch Match,49563.86
2019-20,2187,David Douglas SD 40,200,Special Revenue Funds,3222,State School Fund (SSF) Transportation Equipment,210467.6
2019-20,2187,David Douglas SD 40,200,Special Revenue Funds,3299,Other Restricted Grants-In-Aid,22383927.14
2019-20,2187,David Douglas SD 40,200,Special Revenue Funds,4200,Unrestricted Revenue From Federal Government Through State,457145.72
2019-20,2187,David Douglas SD 40,200,Special Revenue Funds,4300,Restricted Revenue Direct From the Federal Government,86898.83
2019-20,2187,David Douglas SD 40,200,Special Revenue Funds,4500,Restricted Revenue From Federal Government Through the State,14243546
2019-20,2187,David Douglas SD 40,200,Special Revenue Funds,1500,Earnings on Investments,12104.46
2019-20,2187,David Douglas SD 40,200,Special Revenue Funds,1600,Food Service,501134.13
2019-20,2187,David Douglas SD 40,200,Special Revenue Funds,1700,Extra-Curricular Activities,101887.35
2019-20,2187,David Douglas SD 40,200,Special Revenue Funds,1920,Contributions and Donations From Private Sources,140203.59
2019-20,2187,David Douglas SD 40,200,Special Revenue Funds,1990,Miscellaneous,880780.76
2019-20,2187,David Douglas SD 40,200,Special Revenue Funds,2200,Restricted Revenue,3112753.15
2019-20,2187,David Douglas SD 40,100,General Fund,3299,Other Restricted Grants-In-Aid,-1.47
2019-20,2187,David Douglas SD 40,100,General Fund,4200,Unrestricted Revenue From Federal Government Through State,167683.1
2019-20,2187,David Douglas SD 40,100,General Fund,4700,Grants-In-Aid From Federal Government Through Other Intermed,8671.66
2019-20,2187,David Douglas SD 40,100,General Fund,5300,Sale of or Compensation for Loss of Fixed Assets,285
2019-20,2187,David Douglas SD 40,100,General Fund,5400,Resources - Beginning Fund Balance,16391409
2019-20,2187,David Douglas SD 40,200,Special Revenue Funds,1330,Summer School Tuition,410
2019-20,2187,David Douglas SD 40,100,General Fund,2101,County School Funds,3161.77
2019-20,2187,David Douglas SD 40,100,General Fund,2200,Restricted Revenue,1533042.67
2019-20,2187,David Douglas SD 40,100,General Fund,3101,State School Fund --General Support,95307198.97
2019-20,2187,David Douglas SD 40,100,General Fund,3103,Common School Fund,1038920.59
2019-20,2187,David Douglas SD 40,100,General Fund,3199,Other Unrestricted Grants-In-Aid,976386.62
2019-20,2187,David Douglas SD 40,100,General Fund,3204,Driver Education,42772
2019-20,2187,David Douglas SD 40,100,General Fund,1700,Extra-Curricular Activities,196956.76
2019-20,2187,David Douglas SD 40,100,General Fund,1910,Rentals,56291.47
2019-20,2187,David Douglas SD 40,100,General Fund,1920,Contributions and Donations From Private Sources,247.39
2019-20,2187,David Douglas SD 40,100,General Fund,1960,Recovery of Prior Years' Expenditure,58063.88
2019-20,2187,David Douglas SD 40,100,General Fund,1980,Fees Charged to Grants,1500943.16
2019-20,2187,David Douglas SD 40,100,General Fund,1990,Miscellaneous,417463.13
2019-20,2188,Riverdale SD 51J,100,General Fund,1110,Ad valorem taxes levied by district,2727646.59
2019-20,2188,Riverdale SD 51J,100,General Fund,1120,Local option ad valorem taxes levied by district,930382.2
2019-20,2188,Riverdale SD 51J,100,General Fund,1190,Penalties and interest on taxes,3983.92
2019-20,2188,Riverdale SD 51J,100,General Fund,1311,Tuition from Individuals,836645.65
2019-20,2188,Riverdale SD 51J,100,General Fund,1500,Earnings on Investments,72183.64
2019-20,2188,Riverdale SD 51J,100,General Fund,1700,Extra-Curricular Activities,126001.75
2019-20,2188,Riverdale SD 51J,300,Debt Service Funds,1970,Services Provided Other Funds,459286.58
2019-20,2188,Riverdale SD 51J,300,Debt Service Funds,5400,Resources - Beginning Fund Balance,660975.61
2019-20,2188,Riverdale SD 51J,400,Capital Projects Funds,1130,Construction Excise Tax,10059.84
2019-20,2188,Riverdale SD 51J,400,Capital Projects Funds,1500,Earnings on Investments,2411.65
2019-20,2188,Riverdale SD 51J,400,Capital Projects Funds,5400,Resources - Beginning Fund Balance,165410.03
2019-20,2188,Riverdale SD 51J,100,General Fund,2110,Intermediate 'I' Tax,60728.8
2019-20,2188,Riverdale SD 51J,200,Special Revenue Funds,4500,Restricted Revenue From Federal Government Through the State,128098.84
2019-20,2188,Riverdale SD 51J,200,Special Revenue Funds,5200,Interfund Transfers,15096.64
2019-20,2188,Riverdale SD 51J,200,Special Revenue Funds,5400,Resources - Beginning Fund Balance,595475
2019-20,2188,Riverdale SD 51J,300,Debt Service Funds,1110,Ad valorem taxes levied by district,1632217.45
2019-20,2188,Riverdale SD 51J,300,Debt Service Funds,1190,Penalties and interest on taxes,2249.8
2019-20,2188,Riverdale SD 51J,300,Debt Service Funds,1500,Earnings on Investments,20532.91
2019-20,2188,Riverdale SD 51J,200,Special Revenue Funds,1600,Food Service,151.42
2019-20,2188,Riverdale SD 51J,200,Special Revenue Funds,1700,Extra-Curricular Activities,294687.15
2019-20,2188,Riverdale SD 51J,200,Special Revenue Funds,1920,Contributions and Donations From Private Sources,71650.13
2019-20,2188,Riverdale SD 51J,200,Special Revenue Funds,1960,Recovery of Prior Years' Expenditure,18735.86
2019-20,2188,Riverdale SD 51J,200,Special Revenue Funds,1990,Miscellaneous,4577.24
2019-20,2188,Riverdale SD 51J,200,Special Revenue Funds,3299,Other Restricted Grants-In-Aid,119634
2019-20,2188,Riverdale SD 51J,100,General Fund,3101,State School Fund --General Support,3414514.84
2019-20,2188,Riverdale SD 51J,100,General Fund,3103,Common School Fund,91405.07
2019-20,2188,Riverdale SD 51J,100,General Fund,3199,Other Unrestricted Grants-In-Aid,43795.63
2019-20,2188,Riverdale SD 51J,100,General Fund,3299,Other Restricted Grants-In-Aid,640
2019-20,2188,Riverdale SD 51J,100,General Fund,4500,Restricted Revenue From Federal Government Through the State,84473
2019-20,2188,Riverdale SD 51J,100,General Fund,5400,Resources - Beginning Fund Balance,874478.22
2019-20,2188,Riverdale SD 51J,100,General Fund,1910,Rentals,2736.5
2019-20,2188,Riverdale SD 51J,100,General Fund,1920,Contributions and Donations From Private Sources,1420341.64
2019-20,2188,Riverdale SD 51J,100,General Fund,1960,Recovery of Prior Years' Expenditure,79.45
2019-20,2188,Riverdale SD 51J,100,General Fund,1970,Services Provided Other Funds,10444.36
2019-20,2188,Riverdale SD 51J,100,General Fund,1990,Miscellaneous,82841.36
2019-20,2188,Riverdale SD 51J,100,General Fund,2101,County School Funds,689.14
2019-20,2190,Dallas SD 2,400,Capital Projects Funds,1960,Recovery of Prior Years' Expenditure,27000
2019-20,2190,Dallas SD 2,400,Capital Projects Funds,3299,Other Restricted Grants-In-Aid,2500
2019-20,2190,Dallas SD 2,400,Capital Projects Funds,5100,Long Term Debt Financing Sources,1249000
2019-20,2190,Dallas SD 2,400,Capital Projects Funds,5400,Resources - Beginning Fund Balance,4041259.53
2019-20,2190,Dallas SD 2,300,Debt Service Funds,1110,Ad valorem taxes levied by district,2967127.93
2019-20,2190,Dallas SD 2,300,Debt Service Funds,1500,Earnings on Investments,34907.05
2019-20,2190,Dallas SD 2,300,Debt Service Funds,1990,Miscellaneous,-8072
2019-20,2190,Dallas SD 2,300,Debt Service Funds,5200,Interfund Transfers,117977.27
2019-20,2190,Dallas SD 2,300,Debt Service Funds,5400,Resources - Beginning Fund Balance,318138.96
2019-20,2190,Dallas SD 2,400,Capital Projects Funds,1500,Earnings on Investments,88192.16
2019-20,2190,Dallas SD 2,200,Special Revenue Funds,3299,Other Restricted Grants-In-Aid,1197859.31
2019-20,2190,Dallas SD 2,200,Special Revenue Funds,4200,Unrestricted Revenue From Federal Government Through State,23916.78
2019-20,2190,Dallas SD 2,200,Special Revenue Funds,4500,Restricted Revenue From Federal Government Through the State,2224966.54
2019-20,2190,Dallas SD 2,200,Special Revenue Funds,4900,Revenue for/on Behalf of the District,73844.54
2019-20,2190,Dallas SD 2,200,Special Revenue Funds,5200,Interfund Transfers,80000
2019-20,2190,Dallas SD 2,200,Special Revenue Funds,5400,Resources - Beginning Fund Balance,310136.05
2019-20,2190,Dallas SD 2,200,Special Revenue Funds,1920,Contributions and Donations From Private Sources,24560.75
2019-20,2190,Dallas SD 2,200,Special Revenue Funds,1990,Miscellaneous,93335.56
2019-20,2190,Dallas SD 2,200,Special Revenue Funds,2102,General Education Service District Funds,590397.53
2019-20,2190,Dallas SD 2,200,Special Revenue Funds,2200,Restricted Revenue,385
2019-20,2190,Dallas SD 2,200,Special Revenue Funds,3102,State School Fund--School Lunch Match,9331.49
2019-20,2190,Dallas SD 2,200,Special Revenue Funds,3199,Other Unrestricted Grants-In-Aid,8550.55
2019-20,2190,Dallas SD 2,100,General Fund,5200,Interfund Transfers,88194.83
2019-20,2190,Dallas SD 2,100,General Fund,5400,Resources - Beginning Fund Balance,2364066.44
2019-20,2190,Dallas SD 2,200,Special Revenue Funds,1500,Earnings on Investments,62.74
2019-20,2190,Dallas SD 2,200,Special Revenue Funds,1600,Food Service,139011.63
2019-20,2190,Dallas SD 2,200,Special Revenue Funds,1700,Extra-Curricular Activities,486926.8
2019-20,2190,Dallas SD 2,200,Special Revenue Funds,1800,Community Services Activities,3251.74
2019-20,2190,Dallas SD 2,100,General Fund,3199,Other Unrestricted Grants-In-Aid,208138.41
2019-20,2190,Dallas SD 2,100,General Fund,3299,Other Restricted Grants-In-Aid,5940
2019-20,2190,Dallas SD 2,100,General Fund,4200,Unrestricted Revenue From Federal Government Through State,2819.14
2019-20,2190,Dallas SD 2,100,General Fund,4500,Restricted Revenue From Federal Government Through the State,105
2019-20,2190,Dallas SD 2,100,General Fund,4801,Federal Forest Fees,224.02
2019-20,2190,Dallas SD 2,100,General Fund,4899,Other Federal Revenue in Lieu of Taxes,6745.16
2019-20,2190,Dallas SD 2,100,General Fund,1980,Fees Charged to Grants,122579.54
2019-20,2190,Dallas SD 2,100,General Fund,1990,Miscellaneous,73048.26
2019-20,2190,Dallas SD 2,100,General Fund,2101,County School Funds,37031.06
2019-20,2190,Dallas SD 2,100,General Fund,2102,General Education Service District Funds,98120.44
2019-20,2190,Dallas SD 2,100,General Fund,3101,State School Fund --General Support,25549917.3
2019-20,2190,Dallas SD 2,100,General Fund,3103,Common School Fund,335204.35
2019-20,2190,Dallas SD 2,100,General Fund,1312,Tuition from Other Districts within the State,595.57
2019-20,2190,Dallas SD 2,100,General Fund,1500,Earnings on Investments,167426.67
2019-20,2190,Dallas SD 2,100,General Fund,1700,Extra-Curricular Activities,63179.34
2019-20,2190,Dallas SD 2,100,General Fund,1910,Rentals,1905
2019-20,2190,Dallas SD 2,100,General Fund,1940,Services Provided Other Local Education Agencies,194083.6
2019-20,2190,Dallas SD 2,100,General Fund,1960,Recovery of Prior Years' Expenditure,1521.95
2019-20,2190,Dallas SD 2,100,General Fund,1110,Ad valorem taxes levied by district,7764090.24
2019-20,2190,Dallas SD 2,100,General Fund,1190,Penalties and interest on taxes,4046.88
2019-20,2191,Central SD 13J,300,Debt Service Funds,3299,Other Restricted Grants-In-Aid,39574
2019-20,2191,Central SD 13J,300,Debt Service Funds,4300,Restricted Revenue Direct From the Federal Government,50437.6
2019-20,2191,Central SD 13J,300,Debt Service Funds,5200,Interfund Transfers,408164.56
2019-20,2191,Central SD 13J,300,Debt Service Funds,5400,Resources - Beginning Fund Balance,1739831.87
2019-20,2191,Central SD 13J,400,Capital Projects Funds,1130,Construction Excise Tax,519006.33
2019-20,2191,Central SD 13J,400,Capital Projects Funds,5400,Resources - Beginning Fund Balance,1231254.25
2019-20,2191,Central SD 13J,200,Special Revenue Funds,4900,Revenue for/on Behalf of the District,107123.59
2019-20,2191,Central SD 13J,200,Special Revenue Funds,5200,Interfund Transfers,146786.97
2019-20,2191,Central SD 13J,200,Special Revenue Funds,5400,Resources - Beginning Fund Balance,635472.92
2019-20,2191,Central SD 13J,300,Debt Service Funds,1110,Ad valorem taxes levied by district,3955722.73
2019-20,2191,Central SD 13J,300,Debt Service Funds,1190,Penalties and interest on taxes,1657.8
2019-20,2191,Central SD 13J,300,Debt Service Funds,1500,Earnings on Investments,1898.54
2019-20,2191,Central SD 13J,200,Special Revenue Funds,1920,Contributions and Donations From Private Sources,74267.57
2019-20,2191,Central SD 13J,200,Special Revenue Funds,1990,Miscellaneous,36784.11
2019-20,2191,Central SD 13J,200,Special Revenue Funds,3102,State School Fund--School Lunch Match,12102.96
2019-20,2191,Central SD 13J,200,Special Revenue Funds,3199,Other Unrestricted Grants-In-Aid,20815.85
2019-20,2191,Central SD 13J,200,Special Revenue Funds,3299,Other Restricted Grants-In-Aid,793899.72
2019-20,2191,Central SD 13J,200,Special Revenue Funds,4500,Restricted Revenue From Federal Government Through the State,3199577.08
2019-20,2191,Central SD 13J,100,General Fund,5300,Sale of or Compensation for Loss of Fixed Assets,9685.5
2019-20,2191,Central SD 13J,100,General Fund,5400,Resources - Beginning Fund Balance,7522647.55
2019-20,2191,Central SD 13J,200,Special Revenue Funds,1500,Earnings on Investments,3440.87
2019-20,2191,Central SD 13J,200,Special Revenue Funds,1600,Food Service,110876.47
2019-20,2191,Central SD 13J,200,Special Revenue Funds,1700,Extra-Curricular Activities,381085.03
2019-20,2191,Central SD 13J,200,Special Revenue Funds,1800,Community Services Activities,38209
2019-20,2191,Central SD 13J,100,General Fund,3101,State School Fund --General Support,27208905.87
2019-20,2191,Central SD 13J,100,General Fund,3103,Common School Fund,352661.51
2019-20,2191,Central SD 13J,100,General Fund,3199,Other Unrestricted Grants-In-Aid,248532.9
2019-20,2191,Central SD 13J,100,General Fund,3299,Other Restricted Grants-In-Aid,13430.24
2019-20,2191,Central SD 13J,100,General Fund,4200,Unrestricted Revenue From Federal Government Through State,1145.19
2019-20,2191,Central SD 13J,100,General Fund,4801,Federal Forest Fees,237.85
2019-20,2191,Central SD 13J,100,General Fund,1910,Rentals,39925.44
2019-20,2191,Central SD 13J,100,General Fund,1920,Contributions and Donations From Private Sources,18425
2019-20,2191,Central SD 13J,100,General Fund,1960,Recovery of Prior Years' Expenditure,8101.7
2019-20,2191,Central SD 13J,100,General Fund,1980,Fees Charged to Grants,132501.04
2019-20,2191,Central SD 13J,100,General Fund,1990,Miscellaneous,243810.14
2019-20,2191,Central SD 13J,100,General Fund,2102,General Education Service District Funds,910392.45
2019-20,2191,Central SD 13J,100,General Fund,1110,Ad valorem taxes levied by district,6782989.73
2019-20,2191,Central SD 13J,100,General Fund,1190,Penalties and interest on taxes,2779.75
2019-20,2191,Central SD 13J,100,General Fund,1411,Transportation fees from Individuals,11200.35
2019-20,2191,Central SD 13J,100,General Fund,1412,Transportation fees from Other Districts within the State,2788.23
2019-20,2191,Central SD 13J,100,General Fund,1500,Earnings on Investments,292819.69
2019-20,2192,Perrydale SD 21,100,General Fund,1110,Ad valorem taxes levied by district,512211.58
2019-20,2192,Perrydale SD 21,100,General Fund,1500,Earnings on Investments,42654.29
2019-20,2192,Perrydale SD 21,100,General Fund,1700,Extra-Curricular Activities,20
2019-20,2192,Perrydale SD 21,100,General Fund,1920,Contributions and Donations From Private Sources,250
2019-20,2192,Perrydale SD 21,100,General Fund,1990,Miscellaneous,12523.34
2019-20,2192,Perrydale SD 21,100,General Fund,3101,State School Fund --General Support,3449204.78
2019-20,2192,Perrydale SD 21,300,Debt Service Funds,5400,Resources - Beginning Fund Balance,73112.91
2019-20,2192,Perrydale SD 21,200,Special Revenue Funds,1990,Miscellaneous,36827.24
2019-20,2192,Perrydale SD 21,200,Special Revenue Funds,4500,Restricted Revenue From Federal Government Through the State,131809.99
2019-20,2192,Perrydale SD 21,200,Special Revenue Funds,4900,Revenue for/on Behalf of the District,7549.04
2019-20,2192,Perrydale SD 21,200,Special Revenue Funds,5200,Interfund Transfers,211911.21
2019-20,2192,Perrydale SD 21,200,Special Revenue Funds,5400,Resources - Beginning Fund Balance,226389.3
2019-20,2192,Perrydale SD 21,300,Debt Service Funds,1110,Ad valorem taxes levied by district,112344.65
2019-20,2192,Perrydale SD 21,300,Debt Service Funds,1500,Earnings on Investments,42.66
2019-20,2192,Perrydale SD 21,200,Special Revenue Funds,1500,Earnings on Investments,380.17
2019-20,2192,Perrydale SD 21,200,Special Revenue Funds,1600,Food Service,33923.22
2019-20,2192,Perrydale SD 21,200,Special Revenue Funds,1700,Extra-Curricular Activities,74918.69
2019-20,2192,Perrydale SD 21,200,Special Revenue Funds,1920,Contributions and Donations From Private Sources,28133.5
2019-20,2192,Perrydale SD 21,200,Special Revenue Funds,3102,State School Fund--School Lunch Match,858.07
2019-20,2192,Perrydale SD 21,200,Special Revenue Funds,3299,Other Restricted Grants-In-Aid,602139.75
2019-20,2192,Perrydale SD 21,100,General Fund,3103,Common School Fund,33407.16
2019-20,2192,Perrydale SD 21,100,General Fund,3199,Other Unrestricted Grants-In-Aid,19205.26
2019-20,2192,Perrydale SD 21,100,General Fund,4100,Unrestricted Revenue Direct From the Federal Government,5620.6
2019-20,2192,Perrydale SD 21,100,General Fund,4801,Federal Forest Fees,22.46
2019-20,2192,Perrydale SD 21,100,General Fund,5400,Resources - Beginning Fund Balance,1432626.36
2019-20,2192,Perrydale SD 21,200,Special Revenue Funds,1311,Tuition from Individuals,14262.5
2019-20,2193,Falls City SD 57,300,Debt Service Funds,5200,Interfund Transfers,65400
2019-20,2193,Falls City SD 57,300,Debt Service Funds,5400,Resources - Beginning Fund Balance,173969.31
2019-20,2193,Falls City SD 57,400,Capital Projects Funds,5200,Interfund Transfers,100000
2019-20,2193,Falls City SD 57,400,Capital Projects Funds,5300,Sale of or Compensation for Loss of Fixed Assets,3
2019-20,2193,Falls City SD 57,400,Capital Projects Funds,5400,Resources - Beginning Fund Balance,598285.09
2019-20,2193,Falls City SD 57,200,Special Revenue Funds,3299,Other Restricted Grants-In-Aid,67283.03
2019-20,2193,Falls City SD 57,200,Special Revenue Funds,4500,Restricted Revenue From Federal Government Through the State,334043.8
2019-20,2193,Falls City SD 57,200,Special Revenue Funds,4900,Revenue for/on Behalf of the District,7656.86
2019-20,2193,Falls City SD 57,200,Special Revenue Funds,5200,Interfund Transfers,15991.7
2019-20,2193,Falls City SD 57,200,Special Revenue Funds,5400,Resources - Beginning Fund Balance,208574.27
2019-20,2193,Falls City SD 57,300,Debt Service Funds,1970,Services Provided Other Funds,232600.94
2019-20,2193,Falls City SD 57,200,Special Revenue Funds,1120,Local option ad valorem taxes levied by district,102118.91
2019-20,2193,Falls City SD 57,200,Special Revenue Funds,1700,Extra-Curricular Activities,1025
2019-20,2193,Falls City SD 57,200,Special Revenue Funds,1920,Contributions and Donations From Private Sources,82550
2019-20,2193,Falls City SD 57,200,Special Revenue Funds,1990,Miscellaneous,27904.51
2019-20,2193,Falls City SD 57,200,Special Revenue Funds,3102,State School Fund--School Lunch Match,37.15
2019-20,2193,Falls City SD 57,200,Special Revenue Funds,3199,Other Unrestricted Grants-In-Aid,244446.21
2019-20,2193,Falls City SD 57,100,General Fund,3101,State School Fund --General Support,2652722.64
2019-20,2193,Falls City SD 57,100,General Fund,3103,Common School Fund,21863.78
2019-20,2193,Falls City SD 57,100,General Fund,3199,Other Unrestricted Grants-In-Aid,14714.37
2019-20,2193,Falls City SD 57,100,General Fund,4801,Federal Forest Fees,15.23
2019-20,2193,Falls City SD 57,100,General Fund,5200,Interfund Transfers,405.12
2019-20,2193,Falls City SD 57,100,General Fund,5400,Resources - Beginning Fund Balance,962003.58
2019-20,2193,Falls City SD 57,100,General Fund,1110,Ad valorem taxes levied by district,391555.89
2019-20,2193,Falls City SD 57,100,General Fund,1190,Penalties and interest on taxes,160.02
2019-20,2193,Falls City SD 57,100,General Fund,1500,Earnings on Investments,42287.06
2019-20,2193,Falls City SD 57,100,General Fund,1700,Extra-Curricular Activities,4551.25
2019-20,2193,Falls City SD 57,100,General Fund,1960,Recovery of Prior Years' Expenditure,181918.1
2019-20,2193,Falls City SD 57,100,General Fund,1990,Miscellaneous,16729.95
2019-20,2195,Sherman County SD,700,Trust and Agency Funds,1500,Earnings on Investments,1525.1
2019-20,2195,Sherman County SD,700,Trust and Agency Funds,1920,Contributions and Donations From Private Sources,11.99
2019-20,2195,Sherman County SD,700,Trust and Agency Funds,1990,Miscellaneous,21
2019-20,2195,Sherman County SD,700,Trust and Agency Funds,2200,Restricted Revenue,119217.75
2019-20,2195,Sherman County SD,700,Trust and Agency Funds,5400,Resources - Beginning Fund Balance,136671.78
2019-20,2195,Sherman County SD,200,Special Revenue Funds,4500,Restricted Revenue From Federal Government Through the State,185138.95
2019-20,2195,Sherman County SD,200,Special Revenue Funds,4700,Grants-In-Aid From Federal Government Through Other Intermed,27569.45
2019-20,2195,Sherman County SD,200,Special Revenue Funds,4900,Revenue for/on Behalf of the District,9229.6
2019-20,2195,Sherman County SD,200,Special Revenue Funds,5200,Interfund Transfers,96501.7
2019-20,2195,Sherman County SD,200,Special Revenue Funds,5400,Resources - Beginning Fund Balance,5867136.51
2019-20,2195,Sherman County SD,300,Debt Service Funds,5200,Interfund Transfers,411044
2019-20,2195,Sherman County SD,200,Special Revenue Funds,1700,Extra-Curricular Activities,14057
2019-20,2195,Sherman County SD,200,Special Revenue Funds,1990,Miscellaneous,103.82
2019-20,2195,Sherman County SD,200,Special Revenue Funds,2199,Other Intermediate Sources,1731024
2019-20,2195,Sherman County SD,200,Special Revenue Funds,3102,State School Fund--School Lunch Match,1266.74
2019-20,2195,Sherman County SD,200,Special Revenue Funds,3299,Other Restricted Grants-In-Aid,91027.12
2019-20,2195,Sherman County SD,200,Special Revenue Funds,4300,Restricted Revenue Direct From the Federal Government,19237
2019-20,2195,Sherman County SD,100,General Fund,3101,State School Fund --General Support,2323252.24
2019-20,2195,Sherman County SD,100,General Fund,3103,Common School Fund,18474.11
2019-20,2195,Sherman County SD,100,General Fund,3299,Other Restricted Grants-In-Aid,13969.99
2019-20,2195,Sherman County SD,100,General Fund,5400,Resources - Beginning Fund Balance,2151824.2
2019-20,2195,Sherman County SD,200,Special Revenue Funds,1500,Earnings on Investments,129691.93
2019-20,2195,Sherman County SD,200,Special Revenue Funds,1600,Food Service,42585.05
2019-20,2195,Sherman County SD,100,General Fund,1920,Contributions and Donations From Private Sources,3500
2019-20,2195,Sherman County SD,100,General Fund,1960,Recovery of Prior Years' Expenditure,1360.24
2019-20,2195,Sherman County SD,100,General Fund,1990,Miscellaneous,3891.22
2019-20,2195,Sherman County SD,100,General Fund,2101,County School Funds,30167.41
2019-20,2195,Sherman County SD,100,General Fund,2103,Excess ESD Local Revenue,198894.61
2019-20,2195,Sherman County SD,100,General Fund,2200,Restricted Revenue,140530.31
2019-20,2195,Sherman County SD,100,General Fund,1110,Ad valorem taxes levied by district,1530777.54
2019-20,2195,Sherman County SD,100,General Fund,1500,Earnings on Investments,76058.73
2019-20,2195,Sherman County SD,100,General Fund,1700,Extra-Curricular Activities,2027.5
2019-20,2195,Sherman County SD,100,General Fund,1910,Rentals,3300
2019-20,2197,Tillamook SD 9,100,General Fund,1110,Ad valorem taxes levied by district,8719076.36
2019-20,2197,Tillamook SD 9,100,General Fund,1190,Penalties and interest on taxes,28364.32
2019-20,2197,Tillamook SD 9,100,General Fund,1312,Tuition from Other Districts within the State,35000
2019-20,2197,Tillamook SD 9,100,General Fund,1500,Earnings on Investments,322937.15
2019-20,2197,Tillamook SD 9,100,General Fund,1700,Extra-Curricular Activities,7964.45
2019-20,2197,Tillamook SD 9,100,General Fund,1800,Community Services Activities,4875
2019-20,2197,Tillamook SD 9,700,Trust and Agency Funds,5400,Resources - Beginning Fund Balance,109924.13
2019-20,2197,Tillamook SD 9,400,Capital Projects Funds,5400,Resources - Beginning Fund Balance,4893751.58
2019-20,2197,Tillamook SD 9,600,Internal Service Funds,1990,Miscellaneous,69700
2019-20,2197,Tillamook SD 9,600,Internal Service Funds,5200,Interfund Transfers,400000
2019-20,2197,Tillamook SD 9,600,Internal Service Funds,5400,Resources - Beginning Fund Balance,757171.12
2019-20,2197,Tillamook SD 9,700,Trust and Agency Funds,1500,Earnings on Investments,2396.31
2019-20,2197,Tillamook SD 9,700,Trust and Agency Funds,5200,Interfund Transfers,8111.32
2019-20,2197,Tillamook SD 9,400,Capital Projects Funds,2102,General Education Service District Funds,50000
2019-20,2197,Tillamook SD 9,400,Capital Projects Funds,3101,State School Fund --General Support,325233.02
2019-20,2197,Tillamook SD 9,400,Capital Projects Funds,3222,State School Fund (SSF) Transportation Equipment,550000
2019-20,2197,Tillamook SD 9,400,Capital Projects Funds,3299,Other Restricted Grants-In-Aid,2494241
2019-20,2197,Tillamook SD 9,400,Capital Projects Funds,5200,Interfund Transfers,180000
2019-20,2197,Tillamook SD 9,400,Capital Projects Funds,5300,Sale of or Compensation for Loss of Fixed Assets,3803
2019-20,2197,Tillamook SD 9,300,Debt Service Funds,1960,Recovery of Prior Years' Expenditure,16402.22
2019-20,2197,Tillamook SD 9,300,Debt Service Funds,1990,Miscellaneous,1875897.97
2019-20,2197,Tillamook SD 9,300,Debt Service Funds,5400,Resources - Beginning Fund Balance,708376.21
2019-20,2197,Tillamook SD 9,400,Capital Projects Funds,1130,Construction Excise Tax,141763.05
2019-20,2197,Tillamook SD 9,400,Capital Projects Funds,1500,Earnings on Investments,51327.87
2019-20,2197,Tillamook SD 9,400,Capital Projects Funds,1990,Miscellaneous,10060.98
2019-20,2197,Tillamook SD 9,200,Special Revenue Funds,4900,Revenue for/on Behalf of the District,58690.95
2019-20,2197,Tillamook SD 9,200,Special Revenue Funds,5200,Interfund Transfers,244321.83
2019-20,2197,Tillamook SD 9,200,Special Revenue Funds,5400,Resources - Beginning Fund Balance,950222.08
2019-20,2197,Tillamook SD 9,300,Debt Service Funds,1110,Ad valorem taxes levied by district,1303418.67
2019-20,2197,Tillamook SD 9,300,Debt Service Funds,1190,Penalties and interest on taxes,994.39
2019-20,2197,Tillamook SD 9,300,Debt Service Funds,1500,Earnings on Investments,11857.19
2019-20,2197,Tillamook SD 9,200,Special Revenue Funds,1990,Miscellaneous,40873.08
2019-20,2197,Tillamook SD 9,200,Special Revenue Funds,2200,Restricted Revenue,185561.17
2019-20,2197,Tillamook SD 9,200,Special Revenue Funds,3102,State School Fund--School Lunch Match,8595.8
2019-20,2197,Tillamook SD 9,200,Special Revenue Funds,3299,Other Restricted Grants-In-Aid,2377370.63
2019-20,2197,Tillamook SD 9,200,Special Revenue Funds,4500,Restricted Revenue From Federal Government Through the State,1936289.87
2019-20,2197,Tillamook SD 9,200,Special Revenue Funds,4700,Grants-In-Aid From Federal Government Through Other Intermed,185826.51
2019-20,2197,Tillamook SD 9,100,General Fund,4801,Federal Forest Fees,116159.89
2019-20,2197,Tillamook SD 9,100,General Fund,5400,Resources - Beginning Fund Balance,6011775.36
2019-20,2197,Tillamook SD 9,200,Special Revenue Funds,1600,Food Service,137943.45
2019-20,2197,Tillamook SD 9,200,Special Revenue Funds,1700,Extra-Curricular Activities,694607.23
2019-20,2197,Tillamook SD 9,200,Special Revenue Funds,1920,Contributions and Donations From Private Sources,15398.4
2019-20,2197,Tillamook SD 9,200,Special Revenue Funds,1940,Services Provided Other Local Education Agencies,30126.25
2019-20,2197,Tillamook SD 9,100,General Fund,3103,Common School Fund,190980.9
2019-20,2197,Tillamook SD 9,100,General Fund,3104,State Managed County Timber,8641705.34
2019-20,2197,Tillamook SD 9,100,General Fund,3199,Other Unrestricted Grants-In-Aid,55173.24
2019-20,2197,Tillamook SD 9,100,General Fund,3299,Other Restricted Grants-In-Aid,173529.46
2019-20,2197,Tillamook SD 9,100,General Fund,4200,Unrestricted Revenue From Federal Government Through State,1320.48
2019-20,2197,Tillamook SD 9,100,General Fund,4500,Restricted Revenue From Federal Government Through the State,44547.25
2019-20,2197,Tillamook SD 9,100,General Fund,1910,Rentals,71627.33
2019-20,2197,Tillamook SD 9,100,General Fund,1960,Recovery of Prior Years' Expenditure,120
2019-20,2197,Tillamook SD 9,100,General Fund,1980,Fees Charged to Grants,57054.04
2019-20,2197,Tillamook SD 9,100,General Fund,1990,Miscellaneous,88542.59
2019-20,2197,Tillamook SD 9,100,General Fund,2200,Restricted Revenue,128526.98
2019-20,2197,Tillamook SD 9,100,General Fund,3101,State School Fund --General Support,4972066.61
2019-20,2198,Neah-Kah-Nie SD 56,100,General Fund,1110,Ad valorem taxes levied by district,9624177
2019-20,2198,Neah-Kah-Nie SD 56,100,General Fund,1500,Earnings on Investments,290042.07
2019-20,2198,Neah-Kah-Nie SD 56,100,General Fund,1910,Rentals,150
2019-20,2198,Neah-Kah-Nie SD 56,100,General Fund,1920,Contributions and Donations From Private Sources,3083.36
2019-20,2198,Neah-Kah-Nie SD 56,100,General Fund,1960,Recovery of Prior Years' Expenditure,2840.46
2019-20,2198,Neah-Kah-Nie SD 56,100,General Fund,1990,Miscellaneous,69169.52
2019-20,2198,Neah-Kah-Nie SD 56,400,Capital Projects Funds,5400,Resources - Beginning Fund Balance,510805.85
2019-20,2198,Neah-Kah-Nie SD 56,300,Debt Service Funds,5400,Resources - Beginning Fund Balance,44924.53
2019-20,2198,Neah-Kah-Nie SD 56,400,Capital Projects Funds,1130,Construction Excise Tax,140402.88
2019-20,2198,Neah-Kah-Nie SD 56,400,Capital Projects Funds,1500,Earnings on Investments,2713.49
2019-20,2198,Neah-Kah-Nie SD 56,400,Capital Projects Funds,1920,Contributions and Donations From Private Sources,30000
2019-20,2198,Neah-Kah-Nie SD 56,400,Capital Projects Funds,3299,Other Restricted Grants-In-Aid,1348674
2019-20,2198,Neah-Kah-Nie SD 56,400,Capital Projects Funds,5200,Interfund Transfers,855000
2019-20,2198,Neah-Kah-Nie SD 56,200,Special Revenue Funds,4700,Grants-In-Aid From Federal Government Through Other Intermed,31835.07
2019-20,2198,Neah-Kah-Nie SD 56,200,Special Revenue Funds,5200,Interfund Transfers,542500
2019-20,2198,Neah-Kah-Nie SD 56,200,Special Revenue Funds,5400,Resources - Beginning Fund Balance,689805.85
2019-20,2198,Neah-Kah-Nie SD 56,300,Debt Service Funds,1110,Ad valorem taxes levied by district,1121680.38
2019-20,2198,Neah-Kah-Nie SD 56,300,Debt Service Funds,1500,Earnings on Investments,11445.74
2019-20,2198,Neah-Kah-Nie SD 56,300,Debt Service Funds,5200,Interfund Transfers,200000
2019-20,2198,Neah-Kah-Nie SD 56,200,Special Revenue Funds,1920,Contributions and Donations From Private Sources,170569.87
2019-20,2198,Neah-Kah-Nie SD 56,200,Special Revenue Funds,1960,Recovery of Prior Years' Expenditure,15259.52
2019-20,2198,Neah-Kah-Nie SD 56,200,Special Revenue Funds,1990,Miscellaneous,2267.59
2019-20,2198,Neah-Kah-Nie SD 56,200,Special Revenue Funds,3199,Other Unrestricted Grants-In-Aid,41017.69
2019-20,2198,Neah-Kah-Nie SD 56,200,Special Revenue Funds,3299,Other Restricted Grants-In-Aid,208826.3
2019-20,2198,Neah-Kah-Nie SD 56,200,Special Revenue Funds,4500,Restricted Revenue From Federal Government Through the State,611438.34
2019-20,2198,Neah-Kah-Nie SD 56,100,General Fund,5400,Resources - Beginning Fund Balance,11430844.48
2019-20,2198,Neah-Kah-Nie SD 56,200,Special Revenue Funds,1110,Ad valorem taxes levied by district,24.33
2019-20,2198,Neah-Kah-Nie SD 56,200,Special Revenue Funds,1500,Earnings on Investments,11165.81
2019-20,2198,Neah-Kah-Nie SD 56,200,Special Revenue Funds,1600,Food Service,43113.76
2019-20,2198,Neah-Kah-Nie SD 56,200,Special Revenue Funds,1700,Extra-Curricular Activities,99489.32
2019-20,2198,Neah-Kah-Nie SD 56,200,Special Revenue Funds,1910,Rentals,50
2019-20,2198,Neah-Kah-Nie SD 56,100,General Fund,2101,County School Funds,1356367.36
2019-20,2198,Neah-Kah-Nie SD 56,100,General Fund,2199,Other Intermediate Sources,3333.35
2019-20,2198,Neah-Kah-Nie SD 56,100,General Fund,3103,Common School Fund,70861.06
2019-20,2198,Neah-Kah-Nie SD 56,100,General Fund,3104,State Managed County Timber,4366550.22
2019-20,2198,Neah-Kah-Nie SD 56,100,General Fund,3299,Other Restricted Grants-In-Aid,9107.76
2019-20,2198,Neah-Kah-Nie SD 56,100,General Fund,4801,Federal Forest Fees,41051.34
2019-20,2199,Nestucca Valley SD 101J,100,General Fund,1110,Ad valorem taxes levied by district,6188728.37
2019-20,2199,Nestucca Valley SD 101J,100,General Fund,1190,Penalties and interest on taxes,5339.21
2019-20,2199,Nestucca Valley SD 101J,100,General Fund,1411,Transportation fees from Individuals,1284.23
2019-20,2199,Nestucca Valley SD 101J,100,General Fund,1500,Earnings on Investments,70437.53
2019-20,2199,Nestucca Valley SD 101J,100,General Fund,1700,Extra-Curricular Activities,174
2019-20,2199,Nestucca Valley SD 101J,100,General Fund,1920,Contributions and Donations From Private Sources,12444.43
2019-20,2199,Nestucca Valley SD 101J,400,Capital Projects Funds,5400,Resources - Beginning Fund Balance,29520985.57
2019-20,2199,Nestucca Valley SD 101J,100,General Fund,5100,Long Term Debt Financing Sources,8109.6
2019-20,2199,Nestucca Valley SD 101J,100,General Fund,1980,Fees Charged to Grants,2693.63
2019-20,2199,Nestucca Valley SD 101J,200,Special Revenue Funds,1600,Food Service,16588.39
2019-20,2199,Nestucca Valley SD 101J,200,Special Revenue Funds,1920,Contributions and Donations From Private Sources,5539.8
2019-20,2199,Nestucca Valley SD 101J,200,Special Revenue Funds,4900,Revenue for/on Behalf of the District,17957.98
2019-20,2199,Nestucca Valley SD 101J,400,Capital Projects Funds,3299,Other Restricted Grants-In-Aid,3435718.37
2019-20,2199,Nestucca Valley SD 101J,300,Debt Service Funds,1190,Penalties and interest on taxes,994.45
2019-20,2199,Nestucca Valley SD 101J,300,Debt Service Funds,1500,Earnings on Investments,18666.98
2019-20,2199,Nestucca Valley SD 101J,300,Debt Service Funds,1970,Services Provided Other Funds,278892.95
2019-20,2199,Nestucca Valley SD 101J,300,Debt Service Funds,5400,Resources - Beginning Fund Balance,286773.8
2019-20,2199,Nestucca Valley SD 101J,400,Capital Projects Funds,1500,Earnings on Investments,589156.6
2019-20,2199,Nestucca Valley SD 101J,400,Capital Projects Funds,1990,Miscellaneous,46369
2019-20,2199,Nestucca Valley SD 101J,200,Special Revenue Funds,1990,Miscellaneous,267.99
2019-20,2199,Nestucca Valley SD 101J,200,Special Revenue Funds,3299,Other Restricted Grants-In-Aid,182470.62
2019-20,2199,Nestucca Valley SD 101J,200,Special Revenue Funds,4500,Restricted Revenue From Federal Government Through the State,1124317.37
2019-20,2199,Nestucca Valley SD 101J,200,Special Revenue Funds,5200,Interfund Transfers,67673.07
2019-20,2199,Nestucca Valley SD 101J,200,Special Revenue Funds,5400,Resources - Beginning Fund Balance,762173.37
2019-20,2199,Nestucca Valley SD 101J,300,Debt Service Funds,1110,Ad valorem taxes levied by district,2109366.89
2019-20,2199,Nestucca Valley SD 101J,100,General Fund,3299,Other Restricted Grants-In-Aid,2464
2019-20,2199,Nestucca Valley SD 101J,100,General Fund,4500,Restricted Revenue From Federal Government Through the State,11397
2019-20,2199,Nestucca Valley SD 101J,100,General Fund,5400,Resources - Beginning Fund Balance,1414546.35
2019-20,2199,Nestucca Valley SD 101J,200,Special Revenue Funds,1130,Construction Excise Tax,81748.15
2019-20,2199,Nestucca Valley SD 101J,200,Special Revenue Funds,1700,Extra-Curricular Activities,84322.92
2019-20,2199,Nestucca Valley SD 101J,200,Special Revenue Funds,1960,Recovery of Prior Years' Expenditure,536.61
2019-20,2199,Nestucca Valley SD 101J,100,General Fund,1960,Recovery of Prior Years' Expenditure,22652.39
2019-20,2199,Nestucca Valley SD 101J,100,General Fund,1990,Miscellaneous,30974.23
2019-20,2199,Nestucca Valley SD 101J,100,General Fund,2101,County School Funds,847663.44
2019-20,2199,Nestucca Valley SD 101J,100,General Fund,3103,Common School Fund,41822.78
2019-20,2199,Nestucca Valley SD 101J,100,General Fund,3104,State Managed County Timber,1083937.62
2019-20,2199,Nestucca Valley SD 101J,100,General Fund,3199,Other Unrestricted Grants-In-Aid,30768.99
2019-20,2200,InterMountain ESD,100,General Fund,1110,Ad valorem taxes levied by district,7080549.86
2019-20,2200,InterMountain ESD,100,General Fund,1500,Earnings on Investments,97687.53
2019-20,2200,InterMountain ESD,100,General Fund,1940,Services Provided Other Local Education Agencies,466646.15
2019-20,2200,InterMountain ESD,100,General Fund,1980,Fees Charged to Grants,777442.85
2019-20,2200,InterMountain ESD,100,General Fund,1990,Miscellaneous,396531.32
2019-20,2200,InterMountain ESD,100,General Fund,2199,Other Intermediate Sources,118912.58
2019-20,2200,InterMountain ESD,500,Enterprise Funds,5400,Resources - Beginning Fund Balance,1154167.78
2019-20,2200,InterMountain ESD,400,Capital Projects Funds,5400,Resources - Beginning Fund Balance,963670.12
2019-20,2200,InterMountain ESD,500,Enterprise Funds,1910,Rentals,3900
2019-20,2200,InterMountain ESD,500,Enterprise Funds,1940,Services Provided Other Local Education Agencies,7318383.86
2019-20,2200,InterMountain ESD,500,Enterprise Funds,1970,Services Provided Other Funds,41845.87
2019-20,2200,InterMountain ESD,500,Enterprise Funds,1990,Miscellaneous,36006.74
2019-20,2200,InterMountain ESD,500,Enterprise Funds,5200,Interfund Transfers,370000
2019-20,2200,InterMountain ESD,300,Debt Service Funds,1500,Earnings on Investments,9550.64
2019-20,2200,InterMountain ESD,300,Debt Service Funds,1970,Services Provided Other Funds,915681.49
2019-20,2200,InterMountain ESD,300,Debt Service Funds,5400,Resources - Beginning Fund Balance,13037.64
2019-20,2200,InterMountain ESD,400,Capital Projects Funds,1500,Earnings on Investments,4529.22
2019-20,2200,InterMountain ESD,400,Capital Projects Funds,1910,Rentals,107402.62
2019-20,2200,InterMountain ESD,400,Capital Projects Funds,1990,Miscellaneous,61903.19
2019-20,2200,InterMountain ESD,200,Special Revenue Funds,1990,Miscellaneous,1490622.91
2019-20,2200,InterMountain ESD,200,Special Revenue Funds,3299,Other Restricted Grants-In-Aid,8474154.39
2019-20,2200,InterMountain ESD,200,Special Revenue Funds,4300,Restricted Revenue Direct From the Federal Government,1621623.87
2019-20,2200,InterMountain ESD,200,Special Revenue Funds,4500,Restricted Revenue From Federal Government Through the State,3052961.55
2019-20,2200,InterMountain ESD,200,Special Revenue Funds,5200,Interfund Transfers,4767.14
2019-20,2200,InterMountain ESD,200,Special Revenue Funds,5400,Resources - Beginning Fund Balance,1366845.43
2019-20,2200,InterMountain ESD,100,General Fund,3101,State School Fund --General Support,4938817.52
2019-20,2200,InterMountain ESD,100,General Fund,3299,Other Restricted Grants-In-Aid,30625
2019-20,2200,InterMountain ESD,100,General Fund,5200,Interfund Transfers,541523.68
2019-20,2200,InterMountain ESD,100,General Fund,5400,Resources - Beginning Fund Balance,3893854.11
2019-20,2200,InterMountain ESD,200,Special Revenue Funds,1920,Contributions and Donations From Private Sources,25500
2019-20,2200,InterMountain ESD,200,Special Revenue Funds,1940,Services Provided Other Local Education Agencies,1083580.74
2019-20,2201,Helix SD 1,100,General Fund,1110,Ad valorem taxes levied by district,650496.48
2019-20,2201,Helix SD 1,100,General Fund,1500,Earnings on Investments,70761.23
2019-20,2201,Helix SD 1,100,General Fund,1960,Recovery of Prior Years' Expenditure,239.88
2019-20,2201,Helix SD 1,100,General Fund,1990,Miscellaneous,16262.26
2019-20,2201,Helix SD 1,100,General Fund,2101,County School Funds,5154.53
2019-20,2201,Helix SD 1,100,General Fund,3101,State School Fund --General Support,2181256.78
2019-20,2201,Helix SD 1,300,Debt Service Funds,5400,Resources - Beginning Fund Balance,21929.68
2019-20,2201,Helix SD 1,400,Capital Projects Funds,1500,Earnings on Investments,2022.89
2019-20,2201,Helix SD 1,400,Capital Projects Funds,1990,Miscellaneous,6664.12
2019-20,2201,Helix SD 1,400,Capital Projects Funds,3299,Other Restricted Grants-In-Aid,2750.7
2019-20,2201,Helix SD 1,400,Capital Projects Funds,5200,Interfund Transfers,280000
2019-20,2201,Helix SD 1,400,Capital Projects Funds,5400,Resources - Beginning Fund Balance,647112.67
2019-20,2201,Helix SD 1,200,Special Revenue Funds,3299,Other Restricted Grants-In-Aid,28607.64
2019-20,2201,Helix SD 1,200,Special Revenue Funds,4500,Restricted Revenue From Federal Government Through the State,26439.31
2019-20,2201,Helix SD 1,200,Special Revenue Funds,4700,Grants-In-Aid From Federal Government Through Other Intermed,13985.37
2019-20,2201,Helix SD 1,200,Special Revenue Funds,5200,Interfund Transfers,302724.74
2019-20,2201,Helix SD 1,200,Special Revenue Funds,5400,Resources - Beginning Fund Balance,604459.06
2019-20,2201,Helix SD 1,300,Debt Service Funds,1110,Ad valorem taxes levied by district,476683.89
2019-20,2201,Helix SD 1,200,Special Revenue Funds,1600,Food Service,30309.79
2019-20,2201,Helix SD 1,200,Special Revenue Funds,1700,Extra-Curricular Activities,25544.45
2019-20,2201,Helix SD 1,200,Special Revenue Funds,1920,Contributions and Donations From Private Sources,19855.25
2019-20,2201,Helix SD 1,200,Special Revenue Funds,1940,Services Provided Other Local Education Agencies,1110.04
2019-20,2201,Helix SD 1,200,Special Revenue Funds,1990,Miscellaneous,1774.12
2019-20,2201,Helix SD 1,200,Special Revenue Funds,2200,Restricted Revenue,28500
2019-20,2201,Helix SD 1,100,General Fund,3103,Common School Fund,16388.83
2019-20,2201,Helix SD 1,100,General Fund,3299,Other Restricted Grants-In-Aid,2330.48
2019-20,2201,Helix SD 1,100,General Fund,4801,Federal Forest Fees,362.86
2019-20,2201,Helix SD 1,100,General Fund,5200,Interfund Transfers,6000
2019-20,2201,Helix SD 1,100,General Fund,5400,Resources - Beginning Fund Balance,1439678.35
2019-20,2201,Helix SD 1,200,Special Revenue Funds,1500,Earnings on Investments,2176.7
2019-20,2202,Pilot Rock SD 2,100,General Fund,1110,Ad valorem taxes levied by district,604543.34
2019-20,2202,Pilot Rock SD 2,100,General Fund,1500,Earnings on Investments,52967.93
2019-20,2202,Pilot Rock SD 2,100,General Fund,1920,Contributions and Donations From Private Sources,2500
2019-20,2202,Pilot Rock SD 2,100,General Fund,1960,Recovery of Prior Years' Expenditure,99.36
2019-20,2202,Pilot Rock SD 2,100,General Fund,1970,Services Provided Other Funds,204397.5
2019-20,2202,Pilot Rock SD 2,100,General Fund,1990,Miscellaneous,51694.61
2019-20,2202,Pilot Rock SD 2,300,Debt Service Funds,1110,Ad valorem taxes levied by district,252541.16
2019-20,2202,Pilot Rock SD 2,300,Debt Service Funds,1500,Earnings on Investments,2757.5
2019-20,2202,Pilot Rock SD 2,300,Debt Service Funds,5400,Resources - Beginning Fund Balance,20512.57
2019-20,2202,Pilot Rock SD 2,400,Capital Projects Funds,1990,Miscellaneous,9217.67
2019-20,2202,Pilot Rock SD 2,400,Capital Projects Funds,3299,Other Restricted Grants-In-Aid,87084.45
2019-20,2202,Pilot Rock SD 2,400,Capital Projects Funds,5400,Resources - Beginning Fund Balance,95459.06
2019-20,2202,Pilot Rock SD 2,200,Special Revenue Funds,3299,Other Restricted Grants-In-Aid,108162.48
2019-20,2202,Pilot Rock SD 2,200,Special Revenue Funds,4300,Restricted Revenue Direct From the Federal Government,22603
2019-20,2202,Pilot Rock SD 2,200,Special Revenue Funds,4500,Restricted Revenue From Federal Government Through the State,201739.32
2019-20,2202,Pilot Rock SD 2,200,Special Revenue Funds,4900,Revenue for/on Behalf of the District,9585.12
2019-20,2202,Pilot Rock SD 2,200,Special Revenue Funds,5200,Interfund Transfers,100993
2019-20,2202,Pilot Rock SD 2,200,Special Revenue Funds,5400,Resources - Beginning Fund Balance,423941.13
2019-20,2202,Pilot Rock SD 2,100,General Fund,5200,Interfund Transfers,15980.7
2019-20,2202,Pilot Rock SD 2,100,General Fund,5400,Resources - Beginning Fund Balance,1550401.11
2019-20,2202,Pilot Rock SD 2,200,Special Revenue Funds,1500,Earnings on Investments,22.76
2019-20,2202,Pilot Rock SD 2,200,Special Revenue Funds,1600,Food Service,15837.32
2019-20,2202,Pilot Rock SD 2,200,Special Revenue Funds,1700,Extra-Curricular Activities,44714.19
2019-20,2202,Pilot Rock SD 2,200,Special Revenue Funds,1920,Contributions and Donations From Private Sources,21332.88
2019-20,2202,Pilot Rock SD 2,100,General Fund,2101,County School Funds,9157.8
2019-20,2202,Pilot Rock SD 2,100,General Fund,3101,State School Fund --General Support,3515695.6
2019-20,2202,Pilot Rock SD 2,100,General Fund,3103,Common School Fund,28631.38
2019-20,2202,Pilot Rock SD 2,100,General Fund,3199,Other Unrestricted Grants-In-Aid,19702.08
2019-20,2202,Pilot Rock SD 2,100,General Fund,3299,Other Restricted Grants-In-Aid,2000
2019-20,2202,Pilot Rock SD 2,100,General Fund,4801,Federal Forest Fees,644.68
2019-20,2203,Echo SD 5,100,General Fund,1110,Ad valorem taxes levied by district,562332.33
2019-20,2203,Echo SD 5,100,General Fund,1500,Earnings on Investments,48400.27
2019-20,2203,Echo SD 5,100,General Fund,1700,Extra-Curricular Activities,4885.69
2019-20,2203,Echo SD 5,100,General Fund,1960,Recovery of Prior Years' Expenditure,361.69
2019-20,2203,Echo SD 5,100,General Fund,1990,Miscellaneous,24811
2019-20,2203,Echo SD 5,100,General Fund,2101,County School Funds,8256.21
2019-20,2203,Echo SD 5,400,Capital Projects Funds,5400,Resources - Beginning Fund Balance,614083.87
2019-20,2203,Echo SD 5,300,Debt Service Funds,1110,Ad valorem taxes levied by district,348883.74
2019-20,2203,Echo SD 5,300,Debt Service Funds,1500,Earnings on Investments,9279.13
2019-20,2203,Echo SD 5,300,Debt Service Funds,5200,Interfund Transfers,178860.87
2019-20,2203,Echo SD 5,300,Debt Service Funds,5400,Resources - Beginning Fund Balance,526286.72
2019-20,2203,Echo SD 5,400,Capital Projects Funds,1500,Earnings on Investments,7218.87
2019-20,2203,Echo SD 5,400,Capital Projects Funds,3299,Other Restricted Grants-In-Aid,63008.4
2019-20,2203,Echo SD 5,200,Special Revenue Funds,4300,Restricted Revenue Direct From the Federal Government,21012
2019-20,2203,Echo SD 5,200,Special Revenue Funds,4500,Restricted Revenue From Federal Government Through the State,85404.08
2019-20,2203,Echo SD 5,200,Special Revenue Funds,4700,Grants-In-Aid From Federal Government Through Other Intermed,13049.7
2019-20,2203,Echo SD 5,200,Special Revenue Funds,4900,Revenue for/on Behalf of the District,8169.41
2019-20,2203,Echo SD 5,200,Special Revenue Funds,5200,Interfund Transfers,5228
2019-20,2203,Echo SD 5,200,Special Revenue Funds,5400,Resources - Beginning Fund Balance,320663.94
2019-20,2203,Echo SD 5,200,Special Revenue Funds,1960,Recovery of Prior Years' Expenditure,6451.49
2019-20,2203,Echo SD 5,200,Special Revenue Funds,1990,Miscellaneous,7983.21
2019-20,2203,Echo SD 5,200,Special Revenue Funds,3102,State School Fund--School Lunch Match,1315.71
2019-20,2203,Echo SD 5,200,Special Revenue Funds,3199,Other Unrestricted Grants-In-Aid,13253.37
2019-20,2203,Echo SD 5,200,Special Revenue Funds,3222,State School Fund (SSF) Transportation Equipment,25944.67
2019-20,2203,Echo SD 5,200,Special Revenue Funds,3299,Other Restricted Grants-In-Aid,85426.6
2019-20,2203,Echo SD 5,100,General Fund,5400,Resources - Beginning Fund Balance,1384062.53
2019-20,2203,Echo SD 5,200,Special Revenue Funds,1500,Earnings on Investments,8.27
2019-20,2203,Echo SD 5,200,Special Revenue Funds,1600,Food Service,30411
2019-20,2203,Echo SD 5,200,Special Revenue Funds,1700,Extra-Curricular Activities,109381.04
2019-20,2203,Echo SD 5,200,Special Revenue Funds,1800,Community Services Activities,43500
2019-20,2203,Echo SD 5,200,Special Revenue Funds,1920,Contributions and Donations From Private Sources,8054.6
2019-20,2203,Echo SD 5,100,General Fund,3101,State School Fund --General Support,3004734.78
2019-20,2203,Echo SD 5,100,General Fund,3103,Common School Fund,27565.84
2019-20,2203,Echo SD 5,100,General Fund,3299,Other Restricted Grants-In-Aid,12612.45
2019-20,2203,Echo SD 5,100,General Fund,4500,Restricted Revenue From Federal Government Through the State,165
2019-20,2203,Echo SD 5,100,General Fund,4801,Federal Forest Fees,581.21
2019-20,2203,Echo SD 5,100,General Fund,5100,Long Term Debt Financing Sources,170887.92
2019-20,2204,Umatilla SD 6R,100,General Fund,1110,Ad valorem taxes levied by district,3203890.29
2019-20,2204,Umatilla SD 6R,100,General Fund,1190,Penalties and interest on taxes,1509.17
2019-20,2204,Umatilla SD 6R,100,General Fund,1500,Earnings on Investments,121463.84
2019-20,2204,Umatilla SD 6R,100,General Fund,1920,Contributions and Donations From Private Sources,54123
2019-20,2204,Umatilla SD 6R,100,General Fund,1960,Recovery of Prior Years' Expenditure,2835.48
2019-20,2204,Umatilla SD 6R,100,General Fund,1990,Miscellaneous,77278.73
2019-20,2204,Umatilla SD 6R,300,Debt Service Funds,5400,Resources - Beginning Fund Balance,154666.12
2019-20,2204,Umatilla SD 6R,400,Capital Projects Funds,1500,Earnings on Investments,3067.26
2019-20,2204,Umatilla SD 6R,400,Capital Projects Funds,1920,Contributions and Donations From Private Sources,1500
2019-20,2204,Umatilla SD 6R,400,Capital Projects Funds,1990,Miscellaneous,14374.5
2019-20,2204,Umatilla SD 6R,400,Capital Projects Funds,5200,Interfund Transfers,268184.4
2019-20,2204,Umatilla SD 6R,400,Capital Projects Funds,5400,Resources - Beginning Fund Balance,269840.41
2019-20,2204,Umatilla SD 6R,200,Special Revenue Funds,5400,Resources - Beginning Fund Balance,242825.4
2019-20,2204,Umatilla SD 6R,300,Debt Service Funds,1110,Ad valorem taxes levied by district,961497.28
2019-20,2204,Umatilla SD 6R,300,Debt Service Funds,1190,Penalties and interest on taxes,328.87
2019-20,2204,Umatilla SD 6R,300,Debt Service Funds,1500,Earnings on Investments,12570.31
2019-20,2204,Umatilla SD 6R,300,Debt Service Funds,1970,Services Provided Other Funds,396792.21
2019-20,2204,Umatilla SD 6R,300,Debt Service Funds,5200,Interfund Transfers,41139.7
2019-20,2204,Umatilla SD 6R,200,Special Revenue Funds,3102,State School Fund--School Lunch Match,8749.35
2019-20,2204,Umatilla SD 6R,200,Special Revenue Funds,3299,Other Restricted Grants-In-Aid,776252.21
2019-20,2204,Umatilla SD 6R,200,Special Revenue Funds,4500,Restricted Revenue From Federal Government Through the State,2382039.81
2019-20,2204,Umatilla SD 6R,200,Special Revenue Funds,4700,Grants-In-Aid From Federal Government Through Other Intermed,262558.02
2019-20,2204,Umatilla SD 6R,200,Special Revenue Funds,4900,Revenue for/on Behalf of the District,67347.85
2019-20,2204,Umatilla SD 6R,200,Special Revenue Funds,5200,Interfund Transfers,39.34
2019-20,2204,Umatilla SD 6R,200,Special Revenue Funds,1500,Earnings on Investments,475.63
2019-20,2204,Umatilla SD 6R,200,Special Revenue Funds,1600,Food Service,31329.46
2019-20,2204,Umatilla SD 6R,200,Special Revenue Funds,1700,Extra-Curricular Activities,117085.19
2019-20,2204,Umatilla SD 6R,200,Special Revenue Funds,1800,Community Services Activities,3460
2019-20,2204,Umatilla SD 6R,200,Special Revenue Funds,1920,Contributions and Donations From Private Sources,77418.95
2019-20,2204,Umatilla SD 6R,200,Special Revenue Funds,1990,Miscellaneous,66281.69
2019-20,2204,Umatilla SD 6R,100,General Fund,2101,County School Funds,37514.89
2019-20,2204,Umatilla SD 6R,100,General Fund,3101,State School Fund --General Support,11962211.87
2019-20,2204,Umatilla SD 6R,100,General Fund,3103,Common School Fund,129466.94
2019-20,2204,Umatilla SD 6R,100,General Fund,3299,Other Restricted Grants-In-Aid,12516.5
2019-20,2204,Umatilla SD 6R,100,General Fund,4801,Federal Forest Fees,2640.93
2019-20,2204,Umatilla SD 6R,100,General Fund,5400,Resources - Beginning Fund Balance,2953253.49
2019-20,2205,Milton-Freewater Unified SD 7,400,Capital Projects Funds,1920,Contributions and Donations From Private Sources,13582.4
2019-20,2205,Milton-Freewater Unified SD 7,400,Capital Projects Funds,3222,State School Fund (SSF) Transportation Equipment,222754
2019-20,2205,Milton-Freewater Unified SD 7,400,Capital Projects Funds,3299,Other Restricted Grants-In-Aid,204478.98
2019-20,2205,Milton-Freewater Unified SD 7,400,Capital Projects Funds,5200,Interfund Transfers,400000
2019-20,2205,Milton-Freewater Unified SD 7,400,Capital Projects Funds,5300,Sale of or Compensation for Loss of Fixed Assets,2754.42
2019-20,2205,Milton-Freewater Unified SD 7,400,Capital Projects Funds,5400,Resources - Beginning Fund Balance,1400572.99
2019-20,2205,Milton-Freewater Unified SD 7,300,Debt Service Funds,1110,Ad valorem taxes levied by district,775057.2
2019-20,2205,Milton-Freewater Unified SD 7,300,Debt Service Funds,1500,Earnings on Investments,14912.56
2019-20,2205,Milton-Freewater Unified SD 7,300,Debt Service Funds,1970,Services Provided Other Funds,1255632.42
2019-20,2205,Milton-Freewater Unified SD 7,300,Debt Service Funds,5200,Interfund Transfers,182000
2019-20,2205,Milton-Freewater Unified SD 7,300,Debt Service Funds,5400,Resources - Beginning Fund Balance,239008.5
2019-20,2205,Milton-Freewater Unified SD 7,400,Capital Projects Funds,1500,Earnings on Investments,19673.36
2019-20,2205,Milton-Freewater Unified SD 7,200,Special Revenue Funds,3299,Other Restricted Grants-In-Aid,371282.53
2019-20,2205,Milton-Freewater Unified SD 7,200,Special Revenue Funds,4500,Restricted Revenue From Federal Government Through the State,2012724.21
2019-20,2205,Milton-Freewater Unified SD 7,200,Special Revenue Funds,4700,Grants-In-Aid From Federal Government Through Other Intermed,91276.11
2019-20,2205,Milton-Freewater Unified SD 7,200,Special Revenue Funds,4900,Revenue for/on Behalf of the District,83005.68
2019-20,2205,Milton-Freewater Unified SD 7,200,Special Revenue Funds,5200,Interfund Transfers,120000
2019-20,2205,Milton-Freewater Unified SD 7,200,Special Revenue Funds,5400,Resources - Beginning Fund Balance,1028781.36
2019-20,2205,Milton-Freewater Unified SD 7,200,Special Revenue Funds,1500,Earnings on Investments,813.56
2019-20,2205,Milton-Freewater Unified SD 7,200,Special Revenue Funds,1600,Food Service,6152.75
2019-20,2205,Milton-Freewater Unified SD 7,200,Special Revenue Funds,1700,Extra-Curricular Activities,131979.2
2019-20,2205,Milton-Freewater Unified SD 7,200,Special Revenue Funds,1920,Contributions and Donations From Private Sources,70254.5
2019-20,2205,Milton-Freewater Unified SD 7,200,Special Revenue Funds,1990,Miscellaneous,10052.55
2019-20,2205,Milton-Freewater Unified SD 7,200,Special Revenue Funds,3102,State School Fund--School Lunch Match,10583.78
2019-20,2205,Milton-Freewater Unified SD 7,100,General Fund,3299,Other Restricted Grants-In-Aid,27712.36
2019-20,2205,Milton-Freewater Unified SD 7,100,General Fund,4700,Grants-In-Aid From Federal Government Through Other Intermed,74696.62
2019-20,2205,Milton-Freewater Unified SD 7,100,General Fund,4801,Federal Forest Fees,3377.95
2019-20,2205,Milton-Freewater Unified SD 7,100,General Fund,5200,Interfund Transfers,4390
2019-20,2205,Milton-Freewater Unified SD 7,100,General Fund,5300,Sale of or Compensation for Loss of Fixed Assets,3913
2019-20,2205,Milton-Freewater Unified SD 7,100,General Fund,5400,Resources - Beginning Fund Balance,2996501.04
2019-20,2205,Milton-Freewater Unified SD 7,100,General Fund,1960,Recovery of Prior Years' Expenditure,44118.98
2019-20,2205,Milton-Freewater Unified SD 7,100,General Fund,1980,Fees Charged to Grants,63021.51
2019-20,2205,Milton-Freewater Unified SD 7,100,General Fund,1990,Miscellaneous,129698.41
2019-20,2205,Milton-Freewater Unified SD 7,100,General Fund,2101,County School Funds,47984.35
2019-20,2205,Milton-Freewater Unified SD 7,100,General Fund,3101,State School Fund --General Support,14943070.61
2019-20,2205,Milton-Freewater Unified SD 7,100,General Fund,3103,Common School Fund,155811.85
2019-20,2205,Milton-Freewater Unified SD 7,100,General Fund,1110,Ad valorem taxes levied by district,3202096.82
2019-20,2205,Milton-Freewater Unified SD 7,100,General Fund,1120,Local option ad valorem taxes levied by district,201.1
2019-20,2205,Milton-Freewater Unified SD 7,100,General Fund,1500,Earnings on Investments,137874.39
2019-20,2205,Milton-Freewater Unified SD 7,100,General Fund,1700,Extra-Curricular Activities,9570.75
2019-20,2205,Milton-Freewater Unified SD 7,100,General Fund,1910,Rentals,13800
2019-20,2205,Milton-Freewater Unified SD 7,100,General Fund,1920,Contributions and Donations From Private Sources,24083.05
2019-20,2206,Hermiston SD 8,100,General Fund,1110,Ad valorem taxes levied by district,9572047.58
2019-20,2206,Hermiston SD 8,100,General Fund,1190,Penalties and interest on taxes,3280.26
2019-20,2206,Hermiston SD 8,100,General Fund,1500,Earnings on Investments,703992.31
2019-20,2206,Hermiston SD 8,100,General Fund,1700,Extra-Curricular Activities,67616.17
2019-20,2206,Hermiston SD 8,100,General Fund,1910,Rentals,12510
2019-20,2206,Hermiston SD 8,100,General Fund,1920,Contributions and Donations From Private Sources,5021.62
2019-20,2206,Hermiston SD 8,400,Capital Projects Funds,1500,Earnings on Investments,-38072.79
2019-20,2206,Hermiston SD 8,400,Capital Projects Funds,1990,Miscellaneous,5500
2019-20,2206,Hermiston SD 8,400,Capital Projects Funds,5100,Long Term Debt Financing Sources,84466388.7
2019-20,2206,Hermiston SD 8,300,Debt Service Funds,1110,Ad valorem taxes levied by district,7700703.85
2019-20,2206,Hermiston SD 8,300,Debt Service Funds,1190,Penalties and interest on taxes,2627.86
2019-20,2206,Hermiston SD 8,300,Debt Service Funds,1500,Earnings on Investments,78056.24
2019-20,2206,Hermiston SD 8,300,Debt Service Funds,1970,Services Provided Other Funds,2097948.32
2019-20,2206,Hermiston SD 8,300,Debt Service Funds,5100,Long Term Debt Financing Sources,2804744.45
2019-20,2206,Hermiston SD 8,300,Debt Service Funds,5400,Resources - Beginning Fund Balance,816889.22
2019-20,2206,Hermiston SD 8,200,Special Revenue Funds,3299,Other Restricted Grants-In-Aid,1606785.29
2019-20,2206,Hermiston SD 8,200,Special Revenue Funds,4500,Restricted Revenue From Federal Government Through the State,4554244.09
2019-20,2206,Hermiston SD 8,200,Special Revenue Funds,4900,Revenue for/on Behalf of the District,236199.74
2019-20,2206,Hermiston SD 8,200,Special Revenue Funds,5200,Interfund Transfers,220162.74
2019-20,2206,Hermiston SD 8,200,Special Revenue Funds,5300,Sale of or Compensation for Loss of Fixed Assets,388350.8
2019-20,2206,Hermiston SD 8,200,Special Revenue Funds,5400,Resources - Beginning Fund Balance,13761891.8
2019-20,2206,Hermiston SD 8,200,Special Revenue Funds,1700,Extra-Curricular Activities,457846.01
2019-20,2206,Hermiston SD 8,200,Special Revenue Funds,1920,Contributions and Donations From Private Sources,167672.71
2019-20,2206,Hermiston SD 8,200,Special Revenue Funds,1960,Recovery of Prior Years' Expenditure,373.5
2019-20,2206,Hermiston SD 8,200,Special Revenue Funds,1970,Services Provided Other Funds,64465.25
2019-20,2206,Hermiston SD 8,200,Special Revenue Funds,1990,Miscellaneous,185766.39
2019-20,2206,Hermiston SD 8,200,Special Revenue Funds,3102,State School Fund--School Lunch Match,26958.92
2019-20,2206,Hermiston SD 8,100,General Fund,3103,Common School Fund,516555.13
2019-20,2206,Hermiston SD 8,100,General Fund,3204,Driver Education,11670
2019-20,2206,Hermiston SD 8,100,General Fund,3299,Other Restricted Grants-In-Aid,45468.24
2019-20,2206,Hermiston SD 8,100,General Fund,4500,Restricted Revenue From Federal Government Through the State,405
2019-20,2206,Hermiston SD 8,100,General Fund,5400,Resources - Beginning Fund Balance,9942028.84
2019-20,2206,Hermiston SD 8,200,Special Revenue Funds,1600,Food Service,349380.29
2019-20,2206,Hermiston SD 8,100,General Fund,1960,Recovery of Prior Years' Expenditure,1179.62
2019-20,2206,Hermiston SD 8,100,General Fund,1980,Fees Charged to Grants,62538.83
2019-20,2206,Hermiston SD 8,100,General Fund,1990,Miscellaneous,83037.28
2019-20,2206,Hermiston SD 8,100,General Fund,2101,County School Funds,171266.34
2019-20,2206,Hermiston SD 8,100,General Fund,2102,General Education Service District Funds,2358394
2019-20,2206,Hermiston SD 8,100,General Fund,3101,State School Fund --General Support,49544553.16
2019-20,2207,Pendleton SD 16,100,General Fund,1110,Ad valorem taxes levied by district,6259396.08
2019-20,2207,Pendleton SD 16,100,General Fund,1120,Local option ad valorem taxes levied by district,368116.64
2019-20,2207,Pendleton SD 16,100,General Fund,1190,Penalties and interest on taxes,7837.6
2019-20,2207,Pendleton SD 16,100,General Fund,1500,Earnings on Investments,149578.7
2019-20,2207,Pendleton SD 16,100,General Fund,1700,Extra-Curricular Activities,85890.3
2019-20,2207,Pendleton SD 16,100,General Fund,1910,Rentals,92021
2019-20,2207,Pendleton SD 16,300,Debt Service Funds,5100,Long Term Debt Financing Sources,46450000
2019-20,2207,Pendleton SD 16,300,Debt Service Funds,5400,Resources - Beginning Fund Balance,832844.52
2019-20,2207,Pendleton SD 16,200,Special Revenue Funds,4900,Revenue for/on Behalf of the District,102523.38
2019-20,2207,Pendleton SD 16,200,Special Revenue Funds,5400,Resources - Beginning Fund Balance,560401.71
2019-20,2207,Pendleton SD 16,300,Debt Service Funds,1110,Ad valorem taxes levied by district,3131563.94
2019-20,2207,Pendleton SD 16,300,Debt Service Funds,1190,Penalties and interest on taxes,3254.25
2019-20,2207,Pendleton SD 16,300,Debt Service Funds,1500,Earnings on Investments,66004.28
2019-20,2207,Pendleton SD 16,300,Debt Service Funds,1970,Services Provided Other Funds,2624147.01
2019-20,2207,Pendleton SD 16,200,Special Revenue Funds,1920,Contributions and Donations From Private Sources,111834.92
2019-20,2207,Pendleton SD 16,200,Special Revenue Funds,1990,Miscellaneous,73592.83
2019-20,2207,Pendleton SD 16,200,Special Revenue Funds,3102,State School Fund--School Lunch Match,12500
2019-20,2207,Pendleton SD 16,200,Special Revenue Funds,3299,Other Restricted Grants-In-Aid,1156013.18
2019-20,2207,Pendleton SD 16,200,Special Revenue Funds,4500,Restricted Revenue From Federal Government Through the State,1948117.08
2019-20,2207,Pendleton SD 16,200,Special Revenue Funds,4700,Grants-In-Aid From Federal Government Through Other Intermed,216984.95
2019-20,2207,Pendleton SD 16,100,General Fund,4801,Federal Forest Fees,6085.7
2019-20,2207,Pendleton SD 16,100,General Fund,4802,Impact Aid to School Districts for Operation,287080.27
2019-20,2207,Pendleton SD 16,100,General Fund,5400,Resources - Beginning Fund Balance,5210566.81
2019-20,2207,Pendleton SD 16,200,Special Revenue Funds,1500,Earnings on Investments,70.13
2019-20,2207,Pendleton SD 16,200,Special Revenue Funds,1600,Food Service,153049.72
2019-20,2207,Pendleton SD 16,200,Special Revenue Funds,1700,Extra-Curricular Activities,523113.94
2019-20,2207,Pendleton SD 16,100,General Fund,3103,Common School Fund,295958.02
2019-20,2207,Pendleton SD 16,100,General Fund,3199,Other Unrestricted Grants-In-Aid,201739
2019-20,2207,Pendleton SD 16,100,General Fund,3222,State School Fund (SSF) Transportation Equipment,938000
2019-20,2207,Pendleton SD 16,100,General Fund,3299,Other Restricted Grants-In-Aid,44534.6
2019-20,2207,Pendleton SD 16,100,General Fund,4500,Restricted Revenue From Federal Government Through the State,9089.4
2019-20,2207,Pendleton SD 16,100,General Fund,4700,Grants-In-Aid From Federal Government Through Other Intermed,14657.8
2019-20,2207,Pendleton SD 16,100,General Fund,1920,Contributions and Donations From Private Sources,3969
2019-20,2207,Pendleton SD 16,100,General Fund,1960,Recovery of Prior Years' Expenditure,1799.35
2019-20,2207,Pendleton SD 16,100,General Fund,1990,Miscellaneous,36044.31
2019-20,2207,Pendleton SD 16,100,General Fund,2101,County School Funds,86448.41
2019-20,2207,Pendleton SD 16,100,General Fund,2200,Restricted Revenue,93853.39
2019-20,2207,Pendleton SD 16,100,General Fund,3101,State School Fund --General Support,24295248.13
2019-20,2208,Athena-Weston SD 29RJ,400,Capital Projects Funds,1990,Miscellaneous,460
2019-20,2208,Athena-Weston SD 29RJ,400,Capital Projects Funds,5200,Interfund Transfers,10000
2019-20,2208,Athena-Weston SD 29RJ,400,Capital Projects Funds,5400,Resources - Beginning Fund Balance,469415.38
2019-20,2208,Athena-Weston SD 29RJ,200,Special Revenue Funds,5200,Interfund Transfers,128201
2019-20,2208,Athena-Weston SD 29RJ,200,Special Revenue Funds,5400,Resources - Beginning Fund Balance,926508
2019-20,2208,Athena-Weston SD 29RJ,200,Special Revenue Funds,4500,Restricted Revenue From Federal Government Through the State,152443
2019-20,2208,Athena-Weston SD 29RJ,200,Special Revenue Funds,4700,Grants-In-Aid From Federal Government Through Other Intermed,30392.26
2019-20,2208,Athena-Weston SD 29RJ,200,Special Revenue Funds,5300,Sale of or Compensation for Loss of Fixed Assets,98250
2019-20,2208,Athena-Weston SD 29RJ,300,Debt Service Funds,1110,Ad valorem taxes levied by district,467899.95
2019-20,2208,Athena-Weston SD 29RJ,300,Debt Service Funds,5400,Resources - Beginning Fund Balance,41584.32
2019-20,2208,Athena-Weston SD 29RJ,400,Capital Projects Funds,1500,Earnings on Investments,14371.56
2019-20,2208,Athena-Weston SD 29RJ,200,Special Revenue Funds,1700,Extra-Curricular Activities,104101.04
2019-20,2208,Athena-Weston SD 29RJ,200,Special Revenue Funds,1910,Rentals,22830
2019-20,2208,Athena-Weston SD 29RJ,200,Special Revenue Funds,1920,Contributions and Donations From Private Sources,12382
2019-20,2208,Athena-Weston SD 29RJ,200,Special Revenue Funds,1990,Miscellaneous,14482.92
2019-20,2208,Athena-Weston SD 29RJ,200,Special Revenue Funds,2200,Restricted Revenue,50172.65
2019-20,2208,Athena-Weston SD 29RJ,200,Special Revenue Funds,3299,Other Restricted Grants-In-Aid,284475.78
2019-20,2208,Athena-Weston SD 29RJ,100,General Fund,4500,Restricted Revenue From Federal Government Through the State,240465.14
2019-20,2208,Athena-Weston SD 29RJ,100,General Fund,4801,Federal Forest Fees,1119.53
2019-20,2208,Athena-Weston SD 29RJ,100,General Fund,4802,Impact Aid to School Districts for Operation,79142.62
2019-20,2208,Athena-Weston SD 29RJ,100,General Fund,4900,Revenue for/on Behalf of the District,21106.29
2019-20,2208,Athena-Weston SD 29RJ,100,General Fund,5400,Resources - Beginning Fund Balance,2863512.42
2019-20,2208,Athena-Weston SD 29RJ,200,Special Revenue Funds,1500,Earnings on Investments,73.04
2019-20,2208,Athena-Weston SD 29RJ,100,General Fund,1990,Miscellaneous,107743.84
2019-20,2208,Athena-Weston SD 29RJ,100,General Fund,2101,County School Funds,15903.07
2019-20,2208,Athena-Weston SD 29RJ,100,General Fund,3101,State School Fund --General Support,5320871.77
2019-20,2208,Athena-Weston SD 29RJ,100,General Fund,3102,State School Fund--School Lunch Match,2638.07
2019-20,2208,Athena-Weston SD 29RJ,100,General Fund,3103,Common School Fund,55303.58
2019-20,2208,Athena-Weston SD 29RJ,100,General Fund,3299,Other Restricted Grants-In-Aid,2890.6
2019-20,2208,Athena-Weston SD 29RJ,100,General Fund,1110,Ad valorem taxes levied by district,1377482.12
2019-20,2208,Athena-Weston SD 29RJ,100,General Fund,1500,Earnings on Investments,97372.63
2019-20,2208,Athena-Weston SD 29RJ,100,General Fund,1600,Food Service,12411.2
2019-20,2208,Athena-Weston SD 29RJ,100,General Fund,1930,Rental or Lease Payments from Private Contractors,1129.67
2019-20,2209,Stanfield SD 61,100,General Fund,1110,Ad valorem taxes levied by district,1274901.68
2019-20,2209,Stanfield SD 61,100,General Fund,1500,Earnings on Investments,34418.61
2019-20,2209,Stanfield SD 61,100,General Fund,1920,Contributions and Donations From Private Sources,4500
2019-20,2209,Stanfield SD 61,100,General Fund,1960,Recovery of Prior Years' Expenditure,1209.42
2019-20,2209,Stanfield SD 61,100,General Fund,1990,Miscellaneous,47529.85
2019-20,2209,Stanfield SD 61,100,General Fund,2101,County School Funds,12798.03
2019-20,2209,Stanfield SD 61,400,Capital Projects Funds,1500,Earnings on Investments,257983.65
2019-20,2209,Stanfield SD 61,400,Capital Projects Funds,1990,Miscellaneous,12626.79
2019-20,2209,Stanfield SD 61,400,Capital Projects Funds,5100,Long Term Debt Financing Sources,14747749.4
2019-20,2209,Stanfield SD 61,400,Capital Projects Funds,5400,Resources - Beginning Fund Balance,155899.65
2019-20,2209,Stanfield SD 61,200,Special Revenue Funds,5200,Interfund Transfers,35000
2019-20,2209,Stanfield SD 61,200,Special Revenue Funds,5400,Resources - Beginning Fund Balance,283272.24
2019-20,2209,Stanfield SD 61,300,Debt Service Funds,1110,Ad valorem taxes levied by district,737924.86
2019-20,2209,Stanfield SD 61,300,Debt Service Funds,1500,Earnings on Investments,16353.76
2019-20,2209,Stanfield SD 61,300,Debt Service Funds,1970,Services Provided Other Funds,371813.81
2019-20,2209,Stanfield SD 61,300,Debt Service Funds,5400,Resources - Beginning Fund Balance,68689.11
2019-20,2209,Stanfield SD 61,200,Special Revenue Funds,1990,Miscellaneous,134
2019-20,2209,Stanfield SD 61,200,Special Revenue Funds,3102,State School Fund--School Lunch Match,2161.26
2019-20,2209,Stanfield SD 61,200,Special Revenue Funds,3299,Other Restricted Grants-In-Aid,187910.26
2019-20,2209,Stanfield SD 61,200,Special Revenue Funds,4500,Restricted Revenue From Federal Government Through the State,273522.07
2019-20,2209,Stanfield SD 61,200,Special Revenue Funds,4700,Grants-In-Aid From Federal Government Through Other Intermed,33753.5
2019-20,2209,Stanfield SD 61,200,Special Revenue Funds,4900,Revenue for/on Behalf of the District,22852.3
2019-20,2209,Stanfield SD 61,100,General Fund,5200,Interfund Transfers,249558.64
2019-20,2209,Stanfield SD 61,100,General Fund,5400,Resources - Beginning Fund Balance,1129297.93
2019-20,2209,Stanfield SD 61,200,Special Revenue Funds,1500,Earnings on Investments,169.42
2019-20,2209,Stanfield SD 61,200,Special Revenue Funds,1600,Food Service,28035.26
2019-20,2209,Stanfield SD 61,200,Special Revenue Funds,1700,Extra-Curricular Activities,102428.47
2019-20,2209,Stanfield SD 61,200,Special Revenue Funds,1920,Contributions and Donations From Private Sources,5000
2019-20,2209,Stanfield SD 61,100,General Fund,3101,State School Fund --General Support,4883696.83
2019-20,2209,Stanfield SD 61,100,General Fund,3102,State School Fund--School Lunch Match,-2161.26
2019-20,2209,Stanfield SD 61,100,General Fund,3103,Common School Fund,44914.36
2019-20,2209,Stanfield SD 61,100,General Fund,3199,Other Unrestricted Grants-In-Aid,27651.76
2019-20,2209,Stanfield SD 61,100,General Fund,3299,Other Restricted Grants-In-Aid,211.2
2019-20,2209,Stanfield SD 61,100,General Fund,4801,Federal Forest Fees,900.94
2019-20,2210,Ukiah SD 80R,100,General Fund,1110,Ad valorem taxes levied by district,92243.62
2019-20,2210,Ukiah SD 80R,100,General Fund,1311,Tuition from Individuals,7380.7
2019-20,2210,Ukiah SD 80R,100,General Fund,1500,Earnings on Investments,10451.07
2019-20,2210,Ukiah SD 80R,100,General Fund,1920,Contributions and Donations From Private Sources,1250
2019-20,2210,Ukiah SD 80R,100,General Fund,1940,Services Provided Other Local Education Agencies,2260.02
2019-20,2210,Ukiah SD 80R,100,General Fund,1960,Recovery of Prior Years' Expenditure,1046.56
2019-20,2210,Ukiah SD 80R,200,Special Revenue Funds,2200,Restricted Revenue,1000
2019-20,2210,Ukiah SD 80R,200,Special Revenue Funds,3299,Other Restricted Grants-In-Aid,51833.58
2019-20,2210,Ukiah SD 80R,200,Special Revenue Funds,4100,Unrestricted Revenue Direct From the Federal Government,4995.05
2019-20,2210,Ukiah SD 80R,200,Special Revenue Funds,4500,Restricted Revenue From Federal Government Through the State,2172.94
2019-20,2210,Ukiah SD 80R,200,Special Revenue Funds,5200,Interfund Transfers,23000
2019-20,2210,Ukiah SD 80R,200,Special Revenue Funds,5400,Resources - Beginning Fund Balance,116942.28
2019-20,2210,Ukiah SD 80R,200,Special Revenue Funds,1200,Revenue From Local Governmental Units Other Than Districts,28948.65
2019-20,2210,Ukiah SD 80R,200,Special Revenue Funds,1500,Earnings on Investments,236.26
2019-20,2210,Ukiah SD 80R,200,Special Revenue Funds,1600,Food Service,140
2019-20,2210,Ukiah SD 80R,200,Special Revenue Funds,1700,Extra-Curricular Activities,7532.06
2019-20,2210,Ukiah SD 80R,200,Special Revenue Funds,1920,Contributions and Donations From Private Sources,500
2019-20,2210,Ukiah SD 80R,200,Special Revenue Funds,1990,Miscellaneous,1524
2019-20,2210,Ukiah SD 80R,100,General Fund,1990,Miscellaneous,5141.17
2019-20,2210,Ukiah SD 80R,100,General Fund,2101,County School Funds,763.59
2019-20,2210,Ukiah SD 80R,100,General Fund,3101,State School Fund --General Support,1023427.83
2019-20,2210,Ukiah SD 80R,100,General Fund,3103,Common School Fund,3061.73
2019-20,2210,Ukiah SD 80R,100,General Fund,4801,Federal Forest Fees,53.76
2019-20,2210,Ukiah SD 80R,100,General Fund,5400,Resources - Beginning Fund Balance,205281.96
2019-20,2212,La Grande SD 1,400,Capital Projects Funds,5400,Resources - Beginning Fund Balance,761404.36
2019-20,2212,La Grande SD 1,700,Trust and Agency Funds,1920,Contributions and Donations From Private Sources,12451.72
2019-20,2212,La Grande SD 1,300,Debt Service Funds,5400,Resources - Beginning Fund Balance,2029083.49
2019-20,2212,La Grande SD 1,400,Capital Projects Funds,1500,Earnings on Investments,26111.14
2019-20,2212,La Grande SD 1,400,Capital Projects Funds,1920,Contributions and Donations From Private Sources,13057.53
2019-20,2212,La Grande SD 1,400,Capital Projects Funds,1990,Miscellaneous,236105.09
2019-20,2212,La Grande SD 1,400,Capital Projects Funds,3299,Other Restricted Grants-In-Aid,1934458.11
2019-20,2212,La Grande SD 1,400,Capital Projects Funds,5200,Interfund Transfers,450000
2019-20,2212,La Grande SD 1,300,Debt Service Funds,1110,Ad valorem taxes levied by district,2353087.13
2019-20,2212,La Grande SD 1,300,Debt Service Funds,1190,Penalties and interest on taxes,462.95
2019-20,2212,La Grande SD 1,300,Debt Service Funds,1500,Earnings on Investments,54257.01
2019-20,2212,La Grande SD 1,300,Debt Service Funds,1970,Services Provided Other Funds,1036705.54
2019-20,2212,La Grande SD 1,300,Debt Service Funds,3199,Other Unrestricted Grants-In-Aid,1196.14
2019-20,2212,La Grande SD 1,300,Debt Service Funds,5200,Interfund Transfers,70588.24
2019-20,2212,La Grande SD 1,200,Special Revenue Funds,3299,Other Restricted Grants-In-Aid,933570.4
2019-20,2212,La Grande SD 1,200,Special Revenue Funds,4200,Unrestricted Revenue From Federal Government Through State,113509.77
2019-20,2212,La Grande SD 1,200,Special Revenue Funds,4500,Restricted Revenue From Federal Government Through the State,1952496.34
2019-20,2212,La Grande SD 1,200,Special Revenue Funds,4900,Revenue for/on Behalf of the District,81453.1
2019-20,2212,La Grande SD 1,200,Special Revenue Funds,5200,Interfund Transfers,511847.86
2019-20,2212,La Grande SD 1,200,Special Revenue Funds,5400,Resources - Beginning Fund Balance,763845.83
2019-20,2212,La Grande SD 1,200,Special Revenue Funds,1700,Extra-Curricular Activities,93278.13
2019-20,2212,La Grande SD 1,200,Special Revenue Funds,1910,Rentals,6501.75
2019-20,2212,La Grande SD 1,200,Special Revenue Funds,1920,Contributions and Donations From Private Sources,21174.2
2019-20,2212,La Grande SD 1,200,Special Revenue Funds,1960,Recovery of Prior Years' Expenditure,5267.03
2019-20,2212,La Grande SD 1,200,Special Revenue Funds,1990,Miscellaneous,692500.92
2019-20,2212,La Grande SD 1,200,Special Revenue Funds,3102,State School Fund--School Lunch Match,9507.5
2019-20,2212,La Grande SD 1,100,General Fund,3103,Common School Fund,228328.4
2019-20,2212,La Grande SD 1,100,General Fund,3199,Other Unrestricted Grants-In-Aid,2931.77
2019-20,2212,La Grande SD 1,100,General Fund,3299,Other Restricted Grants-In-Aid,97848.24
2019-20,2212,La Grande SD 1,100,General Fund,4801,Federal Forest Fees,97167.33
2019-20,2212,La Grande SD 1,100,General Fund,5400,Resources - Beginning Fund Balance,2185022.71
2019-20,2212,La Grande SD 1,200,Special Revenue Funds,1600,Food Service,128017.9
2019-20,2212,La Grande SD 1,100,General Fund,1950,Textbook Sales and Rentals,1375.11
2019-20,2212,La Grande SD 1,100,General Fund,1960,Recovery of Prior Years' Expenditure,500
2019-20,2212,La Grande SD 1,100,General Fund,1980,Fees Charged to Grants,6917.14
2019-20,2212,La Grande SD 1,100,General Fund,1990,Miscellaneous,124469.45
2019-20,2212,La Grande SD 1,100,General Fund,2101,County School Funds,36089.39
2019-20,2212,La Grande SD 1,100,General Fund,3101,State School Fund --General Support,17187958.54
2019-20,2212,La Grande SD 1,100,General Fund,1110,Ad valorem taxes levied by district,5763896.34
2019-20,2212,La Grande SD 1,100,General Fund,1190,Penalties and interest on taxes,2282.77
2019-20,2212,La Grande SD 1,100,General Fund,1500,Earnings on Investments,123836.66
2019-20,2212,La Grande SD 1,100,General Fund,1600,Food Service,1204.67
2019-20,2212,La Grande SD 1,100,General Fund,1910,Rentals,10200
2019-20,2212,La Grande SD 1,100,General Fund,1940,Services Provided Other Local Education Agencies,27647.65
2019-20,2213,Union SD 5,400,Capital Projects Funds,5100,Long Term Debt Financing Sources,4361276
2019-20,2213,Union SD 5,200,Special Revenue Funds,5400,Resources - Beginning Fund Balance,212975.94
2019-20,2213,Union SD 5,300,Debt Service Funds,1500,Earnings on Investments,0.1
2019-20,2213,Union SD 5,300,Debt Service Funds,1970,Services Provided Other Funds,173868
2019-20,2213,Union SD 5,300,Debt Service Funds,5100,Long Term Debt Financing Sources,0.28
2019-20,2213,Union SD 5,300,Debt Service Funds,5400,Resources - Beginning Fund Balance,-0.16
2019-20,2213,Union SD 5,400,Capital Projects Funds,1500,Earnings on Investments,6187
2019-20,2213,Union SD 5,200,Special Revenue Funds,3299,Other Restricted Grants-In-Aid,125341
2019-20,2213,Union SD 5,200,Special Revenue Funds,4100,Unrestricted Revenue Direct From the Federal Government,69094.17
2019-20,2213,Union SD 5,200,Special Revenue Funds,4200,Unrestricted Revenue From Federal Government Through State,11763
2019-20,2213,Union SD 5,200,Special Revenue Funds,4500,Restricted Revenue From Federal Government Through the State,157717.17
2019-20,2213,Union SD 5,200,Special Revenue Funds,4900,Revenue for/on Behalf of the District,10101.14
2019-20,2213,Union SD 5,200,Special Revenue Funds,5200,Interfund Transfers,133016
2019-20,2213,Union SD 5,100,General Fund,5200,Interfund Transfers,2500
2019-20,2213,Union SD 5,100,General Fund,5400,Resources - Beginning Fund Balance,1274433.94
2019-20,2213,Union SD 5,200,Special Revenue Funds,1600,Food Service,17936.85
2019-20,2213,Union SD 5,200,Special Revenue Funds,1700,Extra-Curricular Activities,4332
2019-20,2213,Union SD 5,200,Special Revenue Funds,1920,Contributions and Donations From Private Sources,32841.94
2019-20,2213,Union SD 5,200,Special Revenue Funds,1990,Miscellaneous,275.78
2019-20,2213,Union SD 5,100,General Fund,3101,State School Fund --General Support,3519416.78
2019-20,2213,Union SD 5,100,General Fund,3103,Common School Fund,35442.48
2019-20,2213,Union SD 5,100,General Fund,3299,Other Restricted Grants-In-Aid,13731.85
2019-20,2213,Union SD 5,100,General Fund,4300,Restricted Revenue Direct From the Federal Government,75475.58
2019-20,2213,Union SD 5,100,General Fund,4500,Restricted Revenue From Federal Government Through the State,2049
2019-20,2213,Union SD 5,100,General Fund,4801,Federal Forest Fees,13907.29
2019-20,2213,Union SD 5,100,General Fund,1110,Ad valorem taxes levied by district,970028.33
2019-20,2213,Union SD 5,100,General Fund,1500,Earnings on Investments,42073.46
2019-20,2213,Union SD 5,100,General Fund,1700,Extra-Curricular Activities,22308.35
2019-20,2213,Union SD 5,100,General Fund,1940,Services Provided Other Local Education Agencies,53592.56
2019-20,2213,Union SD 5,100,General Fund,1990,Miscellaneous,44533.77
2019-20,2213,Union SD 5,100,General Fund,2101,County School Funds,5165.37
2019-20,2214,North Powder SD 8J,200,Special Revenue Funds,1311,Tuition from Individuals,25
2019-20,2214,North Powder SD 8J,100,General Fund,1110,Ad valorem taxes levied by district,463799.61
2019-20,2214,North Powder SD 8J,100,General Fund,1500,Earnings on Investments,21440.27
2019-20,2214,North Powder SD 8J,100,General Fund,1940,Services Provided Other Local Education Agencies,5687.06
2019-20,2214,North Powder SD 8J,100,General Fund,1990,Miscellaneous,34066.1
2019-20,2214,North Powder SD 8J,100,General Fund,2101,County School Funds,2873.07
2019-20,2214,North Powder SD 8J,400,Capital Projects Funds,3299,Other Restricted Grants-In-Aid,55870.92
2019-20,2214,North Powder SD 8J,400,Capital Projects Funds,5200,Interfund Transfers,92868.32
2019-20,2214,North Powder SD 8J,400,Capital Projects Funds,5400,Resources - Beginning Fund Balance,476313.83
2019-20,2214,North Powder SD 8J,200,Special Revenue Funds,5400,Resources - Beginning Fund Balance,195226.92
2019-20,2214,North Powder SD 8J,300,Debt Service Funds,1110,Ad valorem taxes levied by district,168886.66
2019-20,2214,North Powder SD 8J,300,Debt Service Funds,1500,Earnings on Investments,23.53
2019-20,2214,North Powder SD 8J,300,Debt Service Funds,5400,Resources - Beginning Fund Balance,15958.92
2019-20,2214,North Powder SD 8J,400,Capital Projects Funds,1500,Earnings on Investments,1622.77
2019-20,2214,North Powder SD 8J,400,Capital Projects Funds,1990,Miscellaneous,18858.41
2019-20,2214,North Powder SD 8J,200,Special Revenue Funds,1990,Miscellaneous,3794.39
2019-20,2214,North Powder SD 8J,200,Special Revenue Funds,3299,Other Restricted Grants-In-Aid,155554.73
2019-20,2214,North Powder SD 8J,200,Special Revenue Funds,4100,Unrestricted Revenue Direct From the Federal Government,21988
2019-20,2214,North Powder SD 8J,200,Special Revenue Funds,4500,Restricted Revenue From Federal Government Through the State,225860.8
2019-20,2214,North Powder SD 8J,200,Special Revenue Funds,4900,Revenue for/on Behalf of the District,59220.91
2019-20,2214,North Powder SD 8J,200,Special Revenue Funds,5200,Interfund Transfers,72131.68
2019-20,2214,North Powder SD 8J,100,General Fund,5400,Resources - Beginning Fund Balance,511659.21
2019-20,2214,North Powder SD 8J,200,Special Revenue Funds,1500,Earnings on Investments,49.29
2019-20,2214,North Powder SD 8J,200,Special Revenue Funds,1600,Food Service,17391.36
2019-20,2214,North Powder SD 8J,200,Special Revenue Funds,1700,Extra-Curricular Activities,96048.6
2019-20,2214,North Powder SD 8J,200,Special Revenue Funds,1910,Rentals,10
2019-20,2214,North Powder SD 8J,200,Special Revenue Funds,1920,Contributions and Donations From Private Sources,26438.65
2019-20,2214,North Powder SD 8J,100,General Fund,3101,State School Fund --General Support,3479310.22
2019-20,2214,North Powder SD 8J,100,General Fund,3103,Common School Fund,25485.13
2019-20,2214,North Powder SD 8J,100,General Fund,3299,Other Restricted Grants-In-Aid,1787.45
2019-20,2214,North Powder SD 8J,100,General Fund,4801,Federal Forest Fees,16084.25
2019-20,2214,North Powder SD 8J,100,General Fund,5100,Long Term Debt Financing Sources,17457.33
2019-20,2214,North Powder SD 8J,100,General Fund,5200,Interfund Transfers,105000
2019-20,2215,Imbler SD 11,300,Debt Service Funds,1500,Earnings on Investments,33784.84
2019-20,2215,Imbler SD 11,300,Debt Service Funds,4900,Revenue for/on Behalf of the District,101063.4
2019-20,2215,Imbler SD 11,300,Debt Service Funds,5200,Interfund Transfers,90612
2019-20,2215,Imbler SD 11,300,Debt Service Funds,5400,Resources - Beginning Fund Balance,1560732.44
2019-20,2215,Imbler SD 11,200,Special Revenue Funds,3102,State School Fund--School Lunch Match,1252.66
2019-20,2215,Imbler SD 11,200,Special Revenue Funds,3222,State School Fund (SSF) Transportation Equipment,47071
2019-20,2215,Imbler SD 11,200,Special Revenue Funds,4500,Restricted Revenue From Federal Government Through the State,194826.38
2019-20,2215,Imbler SD 11,200,Special Revenue Funds,4900,Revenue for/on Behalf of the District,8951.68
2019-20,2215,Imbler SD 11,200,Special Revenue Funds,5200,Interfund Transfers,48747.34
2019-20,2215,Imbler SD 11,300,Debt Service Funds,1110,Ad valorem taxes levied by district,191759.53
2019-20,2215,Imbler SD 11,100,General Fund,5200,Interfund Transfers,725000.48
2019-20,2215,Imbler SD 11,100,General Fund,5400,Resources - Beginning Fund Balance,2407072.89
2019-20,2215,Imbler SD 11,200,Special Revenue Funds,3299,Other Restricted Grants-In-Aid,109197.2
2019-20,2215,Imbler SD 11,200,Special Revenue Funds,5400,Resources - Beginning Fund Balance,340159.58
2019-20,2215,Imbler SD 11,200,Special Revenue Funds,1960,Recovery of Prior Years' Expenditure,228.48
2019-20,2215,Imbler SD 11,200,Special Revenue Funds,1990,Miscellaneous,690.42
2019-20,2215,Imbler SD 11,100,General Fund,2101,County School Funds,4736.13
2019-20,2215,Imbler SD 11,100,General Fund,3101,State School Fund --General Support,3210860.01
2019-20,2215,Imbler SD 11,100,General Fund,3103,Common School Fund,31179.24
2019-20,2215,Imbler SD 11,100,General Fund,3299,Other Restricted Grants-In-Aid,6810.88
2019-20,2215,Imbler SD 11,100,General Fund,4500,Restricted Revenue From Federal Government Through the State,1591
2019-20,2215,Imbler SD 11,100,General Fund,4801,Federal Forest Fees,13186.6
2019-20,2215,Imbler SD 11,100,General Fund,1110,Ad valorem taxes levied by district,574439.45
2019-20,2215,Imbler SD 11,100,General Fund,1500,Earnings on Investments,65300.03
2019-20,2215,Imbler SD 11,200,Special Revenue Funds,1500,Earnings on Investments,100
2019-20,2215,Imbler SD 11,200,Special Revenue Funds,1600,Food Service,41386.29
2019-20,2215,Imbler SD 11,200,Special Revenue Funds,1700,Extra-Curricular Activities,230106.4
2019-20,2215,Imbler SD 11,100,General Fund,1990,Miscellaneous,43359.17
2019-20,2216,Cove SD 15,100,General Fund,1110,Ad valorem taxes levied by district,710963
2019-20,2216,Cove SD 15,100,General Fund,1500,Earnings on Investments,51515.7
2019-20,2216,Cove SD 15,100,General Fund,1990,Miscellaneous,70427.26
2019-20,2216,Cove SD 15,100,General Fund,2101,County School Funds,4236.26
2019-20,2216,Cove SD 15,100,General Fund,3101,State School Fund --General Support,3392772.7
2019-20,2216,Cove SD 15,100,General Fund,3103,Common School Fund,29470.72
2019-20,2216,Cove SD 15,200,Special Revenue Funds,4900,Revenue for/on Behalf of the District,7196.67
2019-20,2216,Cove SD 15,200,Special Revenue Funds,5200,Interfund Transfers,75000
2019-20,2216,Cove SD 15,200,Special Revenue Funds,5400,Resources - Beginning Fund Balance,54198.18
2019-20,2216,Cove SD 15,300,Debt Service Funds,1110,Ad valorem taxes levied by district,35.61
2019-20,2216,Cove SD 15,300,Debt Service Funds,1500,Earnings on Investments,522.89
2019-20,2216,Cove SD 15,300,Debt Service Funds,5400,Resources - Beginning Fund Balance,56.24
2019-20,2216,Cove SD 15,200,Special Revenue Funds,1600,Food Service,20032.85
2019-20,2216,Cove SD 15,200,Special Revenue Funds,1700,Extra-Curricular Activities,48663.5
2019-20,2216,Cove SD 15,200,Special Revenue Funds,1990,Miscellaneous,146
2019-20,2216,Cove SD 15,200,Special Revenue Funds,3102,State School Fund--School Lunch Match,297.8
2019-20,2216,Cove SD 15,200,Special Revenue Funds,3299,Other Restricted Grants-In-Aid,137449.94
2019-20,2216,Cove SD 15,200,Special Revenue Funds,4500,Restricted Revenue From Federal Government Through the State,194853.35
2019-20,2216,Cove SD 15,100,General Fund,3199,Other Unrestricted Grants-In-Aid,2902
2019-20,2216,Cove SD 15,100,General Fund,4500,Restricted Revenue From Federal Government Through the State,4041.8
2019-20,2216,Cove SD 15,100,General Fund,4801,Federal Forest Fees,11405.73
2019-20,2216,Cove SD 15,100,General Fund,5200,Interfund Transfers,1821710
2019-20,2216,Cove SD 15,100,General Fund,5400,Resources - Beginning Fund Balance,2470773.36
2019-20,2216,Cove SD 15,200,Special Revenue Funds,1500,Earnings on Investments,522.85
2019-20,2217,Elgin SD 23,100,General Fund,1110,Ad valorem taxes levied by district,907010.9
2019-20,2217,Elgin SD 23,100,General Fund,1200,Revenue From Local Governmental Units Other Than Districts,462.99
2019-20,2217,Elgin SD 23,100,General Fund,1320,Adult/Continuing Education Tuition,800
2019-20,2217,Elgin SD 23,100,General Fund,1500,Earnings on Investments,38968.48
2019-20,2217,Elgin SD 23,100,General Fund,1700,Extra-Curricular Activities,10977.84
2019-20,2217,Elgin SD 23,100,General Fund,1990,Miscellaneous,23042.01
2019-20,2217,Elgin SD 23,200,Special Revenue Funds,3299,Other Restricted Grants-In-Aid,184085
2019-20,2217,Elgin SD 23,200,Special Revenue Funds,4200,Unrestricted Revenue From Federal Government Through State,71043.21
2019-20,2217,Elgin SD 23,200,Special Revenue Funds,4500,Restricted Revenue From Federal Government Through the State,285445.77
2019-20,2217,Elgin SD 23,200,Special Revenue Funds,4900,Revenue for/on Behalf of the District,14804
2019-20,2217,Elgin SD 23,200,Special Revenue Funds,5200,Interfund Transfers,40000
2019-20,2217,Elgin SD 23,200,Special Revenue Funds,5400,Resources - Beginning Fund Balance,85747.48
2019-20,2217,Elgin SD 23,200,Special Revenue Funds,1320,Adult/Continuing Education Tuition,23787.7
2019-20,2217,Elgin SD 23,100,General Fund,4801,Federal Forest Fees,16355.2
2019-20,2217,Elgin SD 23,100,General Fund,5200,Interfund Transfers,30000
2019-20,2217,Elgin SD 23,100,General Fund,5400,Resources - Beginning Fund Balance,1181961.94
2019-20,2217,Elgin SD 23,200,Special Revenue Funds,1600,Food Service,16992.55
2019-20,2217,Elgin SD 23,200,Special Revenue Funds,1700,Extra-Curricular Activities,121148
2019-20,2217,Elgin SD 23,200,Special Revenue Funds,1990,Miscellaneous,12093.5
2019-20,2217,Elgin SD 23,100,General Fund,2101,County School Funds,6074.57
2019-20,2217,Elgin SD 23,100,General Fund,3101,State School Fund --General Support,3658585.2
2019-20,2217,Elgin SD 23,100,General Fund,3103,Common School Fund,40337.24
2019-20,2217,Elgin SD 23,100,General Fund,3199,Other Unrestricted Grants-In-Aid,19210.32
2019-20,2217,Elgin SD 23,100,General Fund,4300,Restricted Revenue Direct From the Federal Government,10626
2019-20,2217,Elgin SD 23,100,General Fund,4500,Restricted Revenue From Federal Government Through the State,10000
2019-20,2218,Region 18 ESD,100,General Fund,1110,Ad valorem taxes levied by district,3179057
2019-20,2218,Region 18 ESD,100,General Fund,1500,Earnings on Investments,53944
2019-20,2218,Region 18 ESD,100,General Fund,1910,Rentals,5360
2019-20,2218,Region 18 ESD,100,General Fund,1940,Services Provided Other Local Education Agencies,88683
2019-20,2218,Region 18 ESD,100,General Fund,1990,Miscellaneous,18079
2019-20,2218,Region 18 ESD,100,General Fund,3800,Revenue in Lieu of Taxes,1960
2019-20,2218,Region 18 ESD,200,Special Revenue Funds,4500,Restricted Revenue From Federal Government Through the State,215445
2019-20,2218,Region 18 ESD,200,Special Revenue Funds,5200,Interfund Transfers,45000
2019-20,2218,Region 18 ESD,200,Special Revenue Funds,5400,Resources - Beginning Fund Balance,171129
2019-20,2218,Region 18 ESD,500,Enterprise Funds,1990,Miscellaneous,175670
2019-20,2218,Region 18 ESD,500,Enterprise Funds,5200,Interfund Transfers,320000
2019-20,2218,Region 18 ESD,500,Enterprise Funds,5400,Resources - Beginning Fund Balance,170528
2019-20,2218,Region 18 ESD,100,General Fund,5400,Resources - Beginning Fund Balance,1375168
2019-20,2218,Region 18 ESD,200,Special Revenue Funds,1940,Services Provided Other Local Education Agencies,861212
2019-20,2218,Region 18 ESD,200,Special Revenue Funds,1980,Fees Charged to Grants,14539
2019-20,2218,Region 18 ESD,200,Special Revenue Funds,1990,Miscellaneous,27214
2019-20,2218,Region 18 ESD,200,Special Revenue Funds,3299,Other Restricted Grants-In-Aid,115138
2019-20,2218,Region 18 ESD,200,Special Revenue Funds,4200,Unrestricted Revenue From Federal Government Through State,54269
2019-20,2219,Joseph SD 6,100,General Fund,1110,Ad valorem taxes levied by district,545554.98
2019-20,2219,Joseph SD 6,100,General Fund,1500,Earnings on Investments,129518.13
2019-20,2219,Joseph SD 6,100,General Fund,1700,Extra-Curricular Activities,6341
2019-20,2219,Joseph SD 6,100,General Fund,1990,Miscellaneous,23616.93
2019-20,2219,Joseph SD 6,100,General Fund,2103,Excess ESD Local Revenue,581417.9
2019-20,2219,Joseph SD 6,100,General Fund,3101,State School Fund --General Support,2866423.6
2019-20,2219,Joseph SD 6,300,Debt Service Funds,5400,Resources - Beginning Fund Balance,1238580.83
2019-20,2219,Joseph SD 6,400,Capital Projects Funds,1990,Miscellaneous,1500000
2019-20,2219,Joseph SD 6,400,Capital Projects Funds,5200,Interfund Transfers,400000
2019-20,2219,Joseph SD 6,400,Capital Projects Funds,5400,Resources - Beginning Fund Balance,331130.82
2019-20,2219,Joseph SD 6,200,Special Revenue Funds,1990,Miscellaneous,32592.34
2019-20,2219,Joseph SD 6,200,Special Revenue Funds,3102,State School Fund--School Lunch Match,887.83
2019-20,2219,Joseph SD 6,200,Special Revenue Funds,3900,Revenue for/on Behalf of the District,6346.14
2019-20,2219,Joseph SD 6,200,Special Revenue Funds,4500,Restricted Revenue From Federal Government Through the State,238871.61
2019-20,2219,Joseph SD 6,200,Special Revenue Funds,5200,Interfund Transfers,60000
2019-20,2219,Joseph SD 6,200,Special Revenue Funds,5400,Resources - Beginning Fund Balance,1630106.97
2019-20,2219,Joseph SD 6,100,General Fund,3103,Common School Fund,23378.4
2019-20,2219,Joseph SD 6,100,General Fund,3199,Other Unrestricted Grants-In-Aid,5473.92
2019-20,2219,Joseph SD 6,100,General Fund,3800,Revenue in Lieu of Taxes,611.86
2019-20,2219,Joseph SD 6,100,General Fund,4801,Federal Forest Fees,69069.25
2019-20,2219,Joseph SD 6,100,General Fund,5400,Resources - Beginning Fund Balance,2502361.82
2019-20,2219,Joseph SD 6,200,Special Revenue Funds,1600,Food Service,22921.22
2019-20,2220,Wallowa SD 12,100,General Fund,1110,Ad valorem taxes levied by district,253666
2019-20,2220,Wallowa SD 12,100,General Fund,1311,Tuition from Individuals,2860
2019-20,2220,Wallowa SD 12,100,General Fund,1500,Earnings on Investments,49381
2019-20,2220,Wallowa SD 12,100,General Fund,1700,Extra-Curricular Activities,8923
2019-20,2220,Wallowa SD 12,100,General Fund,1910,Rentals,62
2019-20,2220,Wallowa SD 12,100,General Fund,1990,Miscellaneous,48865
2019-20,2220,Wallowa SD 12,400,Capital Projects Funds,5400,Resources - Beginning Fund Balance,11518
2019-20,2220,Wallowa SD 12,200,Special Revenue Funds,3299,Other Restricted Grants-In-Aid,66292
2019-20,2220,Wallowa SD 12,200,Special Revenue Funds,3900,Revenue for/on Behalf of the District,3870
2019-20,2220,Wallowa SD 12,200,Special Revenue Funds,4500,Restricted Revenue From Federal Government Through the State,252344
2019-20,2220,Wallowa SD 12,200,Special Revenue Funds,5200,Interfund Transfers,45000
2019-20,2220,Wallowa SD 12,200,Special Revenue Funds,5400,Resources - Beginning Fund Balance,1434413
2019-20,2220,Wallowa SD 12,400,Capital Projects Funds,5300,Sale of or Compensation for Loss of Fixed Assets,160165
2019-20,2220,Wallowa SD 12,100,General Fund,5400,Resources - Beginning Fund Balance,763487
2019-20,2220,Wallowa SD 12,200,Special Revenue Funds,1600,Food Service,13280
2019-20,2220,Wallowa SD 12,200,Special Revenue Funds,1910,Rentals,1000
2019-20,2220,Wallowa SD 12,200,Special Revenue Funds,1990,Miscellaneous,6570
2019-20,2220,Wallowa SD 12,200,Special Revenue Funds,3102,State School Fund--School Lunch Match,723
2019-20,2220,Wallowa SD 12,200,Special Revenue Funds,3199,Other Unrestricted Grants-In-Aid,1434
2019-20,2220,Wallowa SD 12,100,General Fund,2103,Excess ESD Local Revenue,425641
2019-20,2220,Wallowa SD 12,100,General Fund,2200,Restricted Revenue,4645
2019-20,2220,Wallowa SD 12,100,General Fund,3101,State School Fund --General Support,2195367
2019-20,2220,Wallowa SD 12,100,General Fund,3103,Common School Fund,16848
2019-20,2220,Wallowa SD 12,100,General Fund,3800,Revenue in Lieu of Taxes,156
2019-20,2220,Wallowa SD 12,100,General Fund,4801,Federal Forest Fees,52843
2019-20,2221,Enterprise SD 21,100,General Fund,1110,Ad valorem taxes levied by district,503956.95
2019-20,2221,Enterprise SD 21,100,General Fund,1500,Earnings on Investments,123909.42
2019-20,2221,Enterprise SD 21,100,General Fund,1700,Extra-Curricular Activities,8492.06
2019-20,2221,Enterprise SD 21,100,General Fund,1910,Rentals,377.85
2019-20,2221,Enterprise SD 21,100,General Fund,1990,Miscellaneous,60680.55
2019-20,2221,Enterprise SD 21,100,General Fund,2103,Excess ESD Local Revenue,719307.15
2019-20,2221,Enterprise SD 21,400,Capital Projects Funds,5200,Interfund Transfers,101639.25
2019-20,2221,Enterprise SD 21,400,Capital Projects Funds,5400,Resources - Beginning Fund Balance,480768
2019-20,2221,Enterprise SD 21,200,Special Revenue Funds,3900,Revenue for/on Behalf of the District,54994.44
2019-20,2221,Enterprise SD 21,200,Special Revenue Funds,4500,Restricted Revenue From Federal Government Through the State,314358.01
2019-20,2221,Enterprise SD 21,200,Special Revenue Funds,5200,Interfund Transfers,50000
2019-20,2221,Enterprise SD 21,200,Special Revenue Funds,5400,Resources - Beginning Fund Balance,1004715.61
2019-20,2221,Enterprise SD 21,300,Debt Service Funds,1500,Earnings on Investments,4838.16
2019-20,2221,Enterprise SD 21,300,Debt Service Funds,5400,Resources - Beginning Fund Balance,1296441.48
2019-20,2221,Enterprise SD 21,100,General Fund,5400,Resources - Beginning Fund Balance,2972939.3
2019-20,2221,Enterprise SD 21,200,Special Revenue Funds,1600,Food Service,44997.75
2019-20,2221,Enterprise SD 21,200,Special Revenue Funds,1920,Contributions and Donations From Private Sources,43228.55
2019-20,2221,Enterprise SD 21,200,Special Revenue Funds,1990,Miscellaneous,50121.64
2019-20,2221,Enterprise SD 21,200,Special Revenue Funds,3102,State School Fund--School Lunch Match,1473.93
2019-20,2221,Enterprise SD 21,200,Special Revenue Funds,3199,Other Unrestricted Grants-In-Aid,33522.76
2019-20,2221,Enterprise SD 21,100,General Fund,3101,State School Fund --General Support,3926200.21
2019-20,2221,Enterprise SD 21,100,General Fund,3103,Common School Fund,39439.11
2019-20,2221,Enterprise SD 21,100,General Fund,3199,Other Unrestricted Grants-In-Aid,8109.6
2019-20,2221,Enterprise SD 21,100,General Fund,3800,Revenue in Lieu of Taxes,566.01
2019-20,2221,Enterprise SD 21,100,General Fund,3900,Revenue for/on Behalf of the District,33514.78
2019-20,2221,Enterprise SD 21,100,General Fund,4801,Federal Forest Fees,93276.36
2019-20,2222,Troy SD 54,100,General Fund,1110,Ad valorem taxes levied by district,9514
2019-20,2222,Troy SD 54,100,General Fund,1500,Earnings on Investments,21891
2019-20,2222,Troy SD 54,100,General Fund,1910,Rentals,3600
2019-20,2222,Troy SD 54,100,General Fund,1990,Miscellaneous,17272
2019-20,2222,Troy SD 54,100,General Fund,2103,Excess ESD Local Revenue,37021
2019-20,2222,Troy SD 54,100,General Fund,3101,State School Fund --General Support,220320
2019-20,2222,Troy SD 54,100,General Fund,3103,Common School Fund,94
2019-20,2222,Troy SD 54,100,General Fund,3800,Revenue in Lieu of Taxes,6
2019-20,2222,Troy SD 54,100,General Fund,4801,Federal Forest Fees,4078
2019-20,2222,Troy SD 54,100,General Fund,5400,Resources - Beginning Fund Balance,853864
2019-20,2222,Troy SD 54,200,Special Revenue Funds,4500,Restricted Revenue From Federal Government Through the State,2049
2019-20,2222,Troy SD 54,200,Special Revenue Funds,5400,Resources - Beginning Fund Balance,123011
2019-20,2223,Columbia Gorge ESD,100,General Fund,1110,Ad valorem taxes levied by district,2221881.73
2019-20,2223,Columbia Gorge ESD,100,General Fund,1190,Penalties and interest on taxes,7562.3
2019-20,2223,Columbia Gorge ESD,100,General Fund,1500,Earnings on Investments,31042.66
2019-20,2223,Columbia Gorge ESD,100,General Fund,1940,Services Provided Other Local Education Agencies,138500.92
2019-20,2223,Columbia Gorge ESD,100,General Fund,1960,Recovery of Prior Years' Expenditure,3334
2019-20,2223,Columbia Gorge ESD,100,General Fund,1980,Fees Charged to Grants,251266.05
2019-20,2223,Columbia Gorge ESD,200,Special Revenue Funds,5400,Resources - Beginning Fund Balance,173213.24
2019-20,2223,Columbia Gorge ESD,400,Capital Projects Funds,5400,Resources - Beginning Fund Balance,26498.31
2019-20,2223,Columbia Gorge ESD,600,Internal Service Funds,1970,Services Provided Other Funds,9178.1
2019-20,2223,Columbia Gorge ESD,600,Internal Service Funds,5400,Resources - Beginning Fund Balance,17412.71
2019-20,2223,Columbia Gorge ESD,200,Special Revenue Funds,1940,Services Provided Other Local Education Agencies,111769.94
2019-20,2223,Columbia Gorge ESD,200,Special Revenue Funds,1990,Miscellaneous,105368.12
2019-20,2223,Columbia Gorge ESD,200,Special Revenue Funds,3299,Other Restricted Grants-In-Aid,1996999.77
2019-20,2223,Columbia Gorge ESD,200,Special Revenue Funds,4200,Unrestricted Revenue From Federal Government Through State,62079.33
2019-20,2223,Columbia Gorge ESD,200,Special Revenue Funds,4500,Restricted Revenue From Federal Government Through the State,1336030.54
2019-20,2223,Columbia Gorge ESD,200,Special Revenue Funds,5200,Interfund Transfers,14942.54
2019-20,2223,Columbia Gorge ESD,100,General Fund,1990,Miscellaneous,129885.43
2019-20,2223,Columbia Gorge ESD,100,General Fund,3101,State School Fund --General Support,1578563.01
2019-20,2223,Columbia Gorge ESD,100,General Fund,4200,Unrestricted Revenue From Federal Government Through State,29889.29
2019-20,2223,Columbia Gorge ESD,100,General Fund,5400,Resources - Beginning Fund Balance,687984.26
2019-20,2223,Columbia Gorge ESD,200,Special Revenue Funds,1500,Earnings on Investments,2.87
2019-20,2223,Columbia Gorge ESD,200,Special Revenue Funds,1920,Contributions and Donations From Private Sources,259591.57
2019-20,2225,South Wasco County SD 1,100,General Fund,1110,Ad valorem taxes levied by district,1628546.53
2019-20,2225,South Wasco County SD 1,100,General Fund,1500,Earnings on Investments,27684.82
2019-20,2225,South Wasco County SD 1,100,General Fund,1700,Extra-Curricular Activities,2763.4
2019-20,2225,South Wasco County SD 1,100,General Fund,1990,Miscellaneous,33645.55
2019-20,2225,South Wasco County SD 1,100,General Fund,2900,Revenue for/on Behalf of the District,45665.71
2019-20,2225,South Wasco County SD 1,100,General Fund,3101,State School Fund --General Support,2230896.46
2019-20,2225,South Wasco County SD 1,400,Capital Projects Funds,5400,Resources - Beginning Fund Balance,184989.43
2019-20,2225,South Wasco County SD 1,700,Trust and Agency Funds,1500,Earnings on Investments,2121.83
2019-20,2225,South Wasco County SD 1,700,Trust and Agency Funds,1920,Contributions and Donations From Private Sources,7000
2019-20,2225,South Wasco County SD 1,700,Trust and Agency Funds,5400,Resources - Beginning Fund Balance,106833.48
2019-20,2225,South Wasco County SD 1,200,Special Revenue Funds,4300,Restricted Revenue Direct From the Federal Government,44750
2019-20,2225,South Wasco County SD 1,200,Special Revenue Funds,5200,Interfund Transfers,32532.21
2019-20,2225,South Wasco County SD 1,200,Special Revenue Funds,5400,Resources - Beginning Fund Balance,124048.92
2019-20,2225,South Wasco County SD 1,400,Capital Projects Funds,1500,Earnings on Investments,1817.96
2019-20,2225,South Wasco County SD 1,400,Capital Projects Funds,1990,Miscellaneous,45000
2019-20,2225,South Wasco County SD 1,400,Capital Projects Funds,5200,Interfund Transfers,200000
2019-20,2225,South Wasco County SD 1,400,Capital Projects Funds,5300,Sale of or Compensation for Loss of Fixed Assets,1575
2019-20,2225,South Wasco County SD 1,200,Special Revenue Funds,1700,Extra-Curricular Activities,61449.1
2019-20,2225,South Wasco County SD 1,200,Special Revenue Funds,1990,Miscellaneous,2776.31
2019-20,2225,South Wasco County SD 1,200,Special Revenue Funds,3101,State School Fund --General Support,93000
2019-20,2225,South Wasco County SD 1,200,Special Revenue Funds,3299,Other Restricted Grants-In-Aid,62374.79
2019-20,2225,South Wasco County SD 1,200,Special Revenue Funds,4500,Restricted Revenue From Federal Government Through the State,275355.01
2019-20,2225,South Wasco County SD 1,200,Special Revenue Funds,4900,Revenue for/on Behalf of the District,9941.09
2019-20,2225,South Wasco County SD 1,100,General Fund,3103,Common School Fund,23095.1
2019-20,2225,South Wasco County SD 1,100,General Fund,3199,Other Unrestricted Grants-In-Aid,18160.81
2019-20,2225,South Wasco County SD 1,100,General Fund,3299,Other Restricted Grants-In-Aid,160
2019-20,2225,South Wasco County SD 1,100,General Fund,4500,Restricted Revenue From Federal Government Through the State,1143
2019-20,2225,South Wasco County SD 1,100,General Fund,5400,Resources - Beginning Fund Balance,547896.53
2019-20,2225,South Wasco County SD 1,200,Special Revenue Funds,1600,Food Service,782.66
2019-20,2229,Dufur SD 29,100,General Fund,1110,Ad valorem taxes levied by district,1177879.1
2019-20,2229,Dufur SD 29,100,General Fund,1311,Tuition from Individuals,47410.04
2019-20,2229,Dufur SD 29,100,General Fund,1500,Earnings on Investments,11476.51
2019-20,2229,Dufur SD 29,100,General Fund,1700,Extra-Curricular Activities,8114.75
2019-20,2229,Dufur SD 29,100,General Fund,1800,Community Services Activities,91200
2019-20,2229,Dufur SD 29,100,General Fund,1910,Rentals,10704.68
2019-20,2229,Dufur SD 29,100,General Fund,4200,Unrestricted Revenue From Federal Government Through State,74422
2019-20,2229,Dufur SD 29,700,Trust and Agency Funds,1920,Contributions and Donations From Private Sources,13270
2019-20,2229,Dufur SD 29,700,Trust and Agency Funds,5400,Resources - Beginning Fund Balance,1162118
2019-20,2229,Dufur SD 29,300,Debt Service Funds,1500,Earnings on Investments,3031.98
2019-20,2229,Dufur SD 29,300,Debt Service Funds,5400,Resources - Beginning Fund Balance,654.98
2019-20,2229,Dufur SD 29,400,Capital Projects Funds,1500,Earnings on Investments,65830.14
2019-20,2229,Dufur SD 29,400,Capital Projects Funds,3299,Other Restricted Grants-In-Aid,3360436.84
2019-20,2229,Dufur SD 29,400,Capital Projects Funds,5400,Resources - Beginning Fund Balance,4344260.94
2019-20,2229,Dufur SD 29,700,Trust and Agency Funds,1500,Earnings on Investments,106848.23
2019-20,2229,Dufur SD 29,200,Special Revenue Funds,3299,Other Restricted Grants-In-Aid,120625.49
2019-20,2229,Dufur SD 29,200,Special Revenue Funds,4500,Restricted Revenue From Federal Government Through the State,391569.03
2019-20,2229,Dufur SD 29,200,Special Revenue Funds,4900,Revenue for/on Behalf of the District,14294.75
2019-20,2229,Dufur SD 29,200,Special Revenue Funds,5200,Interfund Transfers,155000
2019-20,2229,Dufur SD 29,200,Special Revenue Funds,5400,Resources - Beginning Fund Balance,96557.82
2019-20,2229,Dufur SD 29,300,Debt Service Funds,1110,Ad valorem taxes levied by district,432063.56
2019-20,2229,Dufur SD 29,100,General Fund,5400,Resources - Beginning Fund Balance,474902.91
2019-20,2229,Dufur SD 29,200,Special Revenue Funds,1500,Earnings on Investments,3006.6
2019-20,2229,Dufur SD 29,200,Special Revenue Funds,1600,Food Service,6886.61
2019-20,2229,Dufur SD 29,200,Special Revenue Funds,1800,Community Services Activities,42717
2019-20,2229,Dufur SD 29,200,Special Revenue Funds,1920,Contributions and Donations From Private Sources,127020.68
2019-20,2229,Dufur SD 29,200,Special Revenue Funds,3102,State School Fund--School Lunch Match,1951.58
2019-20,2229,Dufur SD 29,100,General Fund,3199,Other Unrestricted Grants-In-Aid,21952.83
2019-20,2229,Dufur SD 29,100,General Fund,3299,Other Restricted Grants-In-Aid,11612.81
2019-20,2229,Dufur SD 29,100,General Fund,4500,Restricted Revenue From Federal Government Through the State,110909
2019-20,2229,Dufur SD 29,100,General Fund,4700,Grants-In-Aid From Federal Government Through Other Intermed,83595.25
2019-20,2229,Dufur SD 29,100,General Fund,4801,Federal Forest Fees,15698.24
2019-20,2229,Dufur SD 29,100,General Fund,5200,Interfund Transfers,39984.48
2019-20,2229,Dufur SD 29,100,General Fund,1960,Recovery of Prior Years' Expenditure,2810.68
2019-20,2229,Dufur SD 29,100,General Fund,1990,Miscellaneous,9739.64
2019-20,2229,Dufur SD 29,100,General Fund,2102,General Education Service District Funds,111249
2019-20,2229,Dufur SD 29,100,General Fund,2200,Restricted Revenue,2633
2019-20,2229,Dufur SD 29,100,General Fund,3101,State School Fund --General Support,2946819.74
2019-20,2229,Dufur SD 29,100,General Fund,3103,Common School Fund,33120.73
2019-20,2230,Northwest Regional ESD,700,Trust and Agency Funds,1920,Contributions and Donations From Private Sources,88000
2019-20,2230,Northwest Regional ESD,700,Trust and Agency Funds,2102,General Education Service District Funds,715354
2019-20,2230,Northwest Regional ESD,700,Trust and Agency Funds,3299,Other Restricted Grants-In-Aid,500
2019-20,2230,Northwest Regional ESD,700,Trust and Agency Funds,5200,Interfund Transfers,40150703
2019-20,2230,Northwest Regional ESD,700,Trust and Agency Funds,5400,Resources - Beginning Fund Balance,10222937.47
2019-20,2230,Northwest Regional ESD,400,Capital Projects Funds,5400,Resources - Beginning Fund Balance,122888.2
2019-20,2230,Northwest Regional ESD,500,Enterprise Funds,1940,Services Provided Other Local Education Agencies,2982981.05
2019-20,2230,Northwest Regional ESD,500,Enterprise Funds,1960,Recovery of Prior Years' Expenditure,203495.41
2019-20,2230,Northwest Regional ESD,500,Enterprise Funds,1990,Miscellaneous,2276345.07
2019-20,2230,Northwest Regional ESD,500,Enterprise Funds,5200,Interfund Transfers,1313387.7
2019-20,2230,Northwest Regional ESD,500,Enterprise Funds,5400,Resources - Beginning Fund Balance,2903418.21
2019-20,2230,Northwest Regional ESD,200,Special Revenue Funds,3900,Revenue for/on Behalf of the District,115417
2019-20,2230,Northwest Regional ESD,200,Special Revenue Funds,4500,Restricted Revenue From Federal Government Through the State,7358783.37
2019-20,2230,Northwest Regional ESD,200,Special Revenue Funds,4900,Revenue for/on Behalf of the District,13286.89
2019-20,2230,Northwest Regional ESD,200,Special Revenue Funds,5200,Interfund Transfers,3116787.34
2019-20,2230,Northwest Regional ESD,200,Special Revenue Funds,5400,Resources - Beginning Fund Balance,2186131.26
2019-20,2230,Northwest Regional ESD,400,Capital Projects Funds,5200,Interfund Transfers,50000
2019-20,2230,Northwest Regional ESD,200,Special Revenue Funds,1920,Contributions and Donations From Private Sources,500718.43
2019-20,2230,Northwest Regional ESD,200,Special Revenue Funds,1940,Services Provided Other Local Education Agencies,21681762.66
2019-20,2230,Northwest Regional ESD,200,Special Revenue Funds,1960,Recovery of Prior Years' Expenditure,67985.83
2019-20,2230,Northwest Regional ESD,200,Special Revenue Funds,1990,Miscellaneous,2987489.97
2019-20,2230,Northwest Regional ESD,200,Special Revenue Funds,3102,State School Fund--School Lunch Match,2195.68
2019-20,2230,Northwest Regional ESD,200,Special Revenue Funds,3299,Other Restricted Grants-In-Aid,27574147.14
2019-20,2230,Northwest Regional ESD,100,General Fund,5200,Interfund Transfers,236175.91
2019-20,2230,Northwest Regional ESD,100,General Fund,5400,Resources - Beginning Fund Balance,3928173.1
2019-20,2230,Northwest Regional ESD,200,Special Revenue Funds,1311,Tuition from Individuals,663205.87
2019-20,2230,Northwest Regional ESD,200,Special Revenue Funds,1312,Tuition from Other Districts within the State,1149863.72
2019-20,2230,Northwest Regional ESD,200,Special Revenue Funds,1700,Extra-Curricular Activities,736
2019-20,2230,Northwest Regional ESD,200,Special Revenue Funds,1800,Community Services Activities,2893.14
2019-20,2230,Northwest Regional ESD,100,General Fund,1970,Services Provided Other Funds,686654.9
2019-20,2230,Northwest Regional ESD,100,General Fund,1980,Fees Charged to Grants,1751702.8
2019-20,2230,Northwest Regional ESD,100,General Fund,1990,Miscellaneous,54708.59
2019-20,2230,Northwest Regional ESD,100,General Fund,2105,Natural Gas; Oil; And Mineral Receipts,5159.84
2019-20,2230,Northwest Regional ESD,100,General Fund,3101,State School Fund --General Support,36249998.62
2019-20,2230,Northwest Regional ESD,100,General Fund,3104,State Managed County Timber,439590.74
2019-20,2230,Northwest Regional ESD,100,General Fund,1110,Ad valorem taxes levied by district,12546913.78
2019-20,2230,Northwest Regional ESD,100,General Fund,1190,Penalties and interest on taxes,11368.19
2019-20,2230,Northwest Regional ESD,100,General Fund,1500,Earnings on Investments,426026.13
2019-20,2230,Northwest Regional ESD,100,General Fund,1910,Rentals,11914
2019-20,2230,Northwest Regional ESD,100,General Fund,1940,Services Provided Other Local Education Agencies,79692.93
2019-20,2230,Northwest Regional ESD,100,General Fund,1960,Recovery of Prior Years' Expenditure,144063.86
2019-20,2239,Hillsboro SD 1J,300,Debt Service Funds,1990,Miscellaneous,57.18
2019-20,2239,Hillsboro SD 1J,400,Capital Projects Funds,1500,Earnings on Investments,4107675.87
2019-20,2239,Hillsboro SD 1J,400,Capital Projects Funds,1960,Recovery of Prior Years' Expenditure,5211.43
2019-20,2239,Hillsboro SD 1J,400,Capital Projects Funds,5100,Long Term Debt Financing Sources,167306843.35
2019-20,2239,Hillsboro SD 1J,200,Special Revenue Funds,5100,Long Term Debt Financing Sources,1200388
2019-20,2239,Hillsboro SD 1J,200,Special Revenue Funds,5300,Sale of or Compensation for Loss of Fixed Assets,10312.1
2019-20,2239,Hillsboro SD 1J,300,Debt Service Funds,1110,Ad valorem taxes levied by district,35689280.35
2019-20,2239,Hillsboro SD 1J,300,Debt Service Funds,1190,Penalties and interest on taxes,34465.5
2019-20,2239,Hillsboro SD 1J,300,Debt Service Funds,1500,Earnings on Investments,428089.73
2019-20,2239,Hillsboro SD 1J,300,Debt Service Funds,1970,Services Provided Other Funds,11877350.31
2019-20,2239,Hillsboro SD 1J,200,Special Revenue Funds,3299,Other Restricted Grants-In-Aid,4423964.35
2019-20,2239,Hillsboro SD 1J,200,Special Revenue Funds,4100,Unrestricted Revenue Direct From the Federal Government,12833.71
2019-20,2239,Hillsboro SD 1J,200,Special Revenue Funds,4200,Unrestricted Revenue From Federal Government Through State,26005.25
2019-20,2239,Hillsboro SD 1J,200,Special Revenue Funds,4500,Restricted Revenue From Federal Government Through the State,13685275.15
2019-20,2239,Hillsboro SD 1J,200,Special Revenue Funds,4700,Grants-In-Aid From Federal Government Through Other Intermed,402237.14
2019-20,2239,Hillsboro SD 1J,200,Special Revenue Funds,4900,Revenue for/on Behalf of the District,562009.89
2019-20,2239,Hillsboro SD 1J,200,Special Revenue Funds,1970,Services Provided Other Funds,11782
2019-20,2239,Hillsboro SD 1J,200,Special Revenue Funds,1990,Miscellaneous,726932.37
2019-20,2239,Hillsboro SD 1J,200,Special Revenue Funds,2200,Restricted Revenue,1485223.21
2019-20,2239,Hillsboro SD 1J,200,Special Revenue Funds,3102,State School Fund--School Lunch Match,81221.25
2019-20,2239,Hillsboro SD 1J,200,Special Revenue Funds,3199,Other Unrestricted Grants-In-Aid,12818.74
2019-20,2239,Hillsboro SD 1J,200,Special Revenue Funds,3222,State School Fund (SSF) Transportation Equipment,1464000
2019-20,2239,Hillsboro SD 1J,200,Special Revenue Funds,1600,Food Service,1481150.91
2019-20,2239,Hillsboro SD 1J,200,Special Revenue Funds,1700,Extra-Curricular Activities,2917483.97
2019-20,2239,Hillsboro SD 1J,200,Special Revenue Funds,1800,Community Services Activities,71745.19
2019-20,2239,Hillsboro SD 1J,200,Special Revenue Funds,1910,Rentals,60000
2019-20,2239,Hillsboro SD 1J,200,Special Revenue Funds,1920,Contributions and Donations From Private Sources,1264364.74
2019-20,2239,Hillsboro SD 1J,200,Special Revenue Funds,1960,Recovery of Prior Years' Expenditure,135989.94
2019-20,2239,Hillsboro SD 1J,100,General Fund,2199,Other Intermediate Sources,3197681
2019-20,2239,Hillsboro SD 1J,100,General Fund,3101,State School Fund --General Support,137866819.91
2019-20,2239,Hillsboro SD 1J,100,General Fund,3103,Common School Fund,2012688.58
2019-20,2239,Hillsboro SD 1J,100,General Fund,3104,State Managed County Timber,852362.85
2019-20,2239,Hillsboro SD 1J,100,General Fund,5300,Sale of or Compensation for Loss of Fixed Assets,41.24
2019-20,2239,Hillsboro SD 1J,200,Special Revenue Funds,1200,Revenue From Local Governmental Units Other Than Districts,2557114.9
2019-20,2239,Hillsboro SD 1J,100,General Fund,1910,Rentals,188857.62
2019-20,2239,Hillsboro SD 1J,100,General Fund,1960,Recovery of Prior Years' Expenditure,24313.68
2019-20,2239,Hillsboro SD 1J,100,General Fund,1970,Services Provided Other Funds,131474.91
2019-20,2239,Hillsboro SD 1J,100,General Fund,1980,Fees Charged to Grants,461200.82
2019-20,2239,Hillsboro SD 1J,100,General Fund,1990,Miscellaneous,390655.07
2019-20,2239,Hillsboro SD 1J,100,General Fund,2101,County School Funds,382068.56
2019-20,2239,Hillsboro SD 1J,400,Capital Projects Funds,5400,Resources - Beginning Fund Balance,223535859.35
2019-20,2239,Hillsboro SD 1J,100,General Fund,1110,Ad valorem taxes levied by district,78341258.45
2019-20,2239,Hillsboro SD 1J,100,General Fund,1190,Penalties and interest on taxes,76478.17
2019-20,2239,Hillsboro SD 1J,100,General Fund,1411,Transportation fees from Individuals,12562.48
2019-20,2239,Hillsboro SD 1J,100,General Fund,1500,Earnings on Investments,952123.75
2019-20,2239,Hillsboro SD 1J,100,General Fund,1700,Extra-Curricular Activities,406141.14
2019-20,2239,Hillsboro SD 1J,100,General Fund,3299,Other Restricted Grants-In-Aid,50000
2019-20,2239,Hillsboro SD 1J,100,General Fund,1311,Tuition from Individuals,576.95
2019-20,2239,Hillsboro SD 1J,100,General Fund,5400,Resources - Beginning Fund Balance,10090542.18
2019-20,2239,Hillsboro SD 1J,200,Special Revenue Funds,5400,Resources - Beginning Fund Balance,7098095.18
2019-20,2239,Hillsboro SD 1J,300,Debt Service Funds,5400,Resources - Beginning Fund Balance,2400289.93
2019-20,2239,Hillsboro SD 1J,400,Capital Projects Funds,3299,Other Restricted Grants-In-Aid,8000000
2019-20,2240,Banks SD 13,100,General Fund,1110,Ad valorem taxes levied by district,3136165.19
2019-20,2240,Banks SD 13,100,General Fund,1500,Earnings on Investments,35846.11
2019-20,2240,Banks SD 13,100,General Fund,1910,Rentals,8862.98
2019-20,2240,Banks SD 13,100,General Fund,1990,Miscellaneous,163163.29
2019-20,2240,Banks SD 13,100,General Fund,2101,County School Funds,36608.47
2019-20,2240,Banks SD 13,100,General Fund,3101,State School Fund --General Support,6951696.48
2019-20,2240,Banks SD 13,400,Capital Projects Funds,1500,Earnings on Investments,1905.37
2019-20,2240,Banks SD 13,400,Capital Projects Funds,5400,Resources - Beginning Fund Balance,491507.79
2019-20,2240,Banks SD 13,600,Internal Service Funds,1970,Services Provided Other Funds,317521.31
2019-20,2240,Banks SD 13,600,Internal Service Funds,5400,Resources - Beginning Fund Balance,82565.06
2019-20,2240,Banks SD 13,200,Special Revenue Funds,5200,Interfund Transfers,294353
2019-20,2240,Banks SD 13,200,Special Revenue Funds,5400,Resources - Beginning Fund Balance,313422.3
2019-20,2240,Banks SD 13,300,Debt Service Funds,1110,Ad valorem taxes levied by district,1267086.13
2019-20,2240,Banks SD 13,300,Debt Service Funds,1500,Earnings on Investments,19553.58
2019-20,2240,Banks SD 13,300,Debt Service Funds,5400,Resources - Beginning Fund Balance,177782.87
2019-20,2240,Banks SD 13,400,Capital Projects Funds,1130,Construction Excise Tax,71803.1
2019-20,2240,Banks SD 13,200,Special Revenue Funds,1920,Contributions and Donations From Private Sources,74728.53
2019-20,2240,Banks SD 13,200,Special Revenue Funds,1990,Miscellaneous,106381.35
2019-20,2240,Banks SD 13,200,Special Revenue Funds,3199,Other Unrestricted Grants-In-Aid,216491.41
2019-20,2240,Banks SD 13,200,Special Revenue Funds,3299,Other Restricted Grants-In-Aid,23917.22
2019-20,2240,Banks SD 13,200,Special Revenue Funds,4500,Restricted Revenue From Federal Government Through the State,430167.76
2019-20,2240,Banks SD 13,200,Special Revenue Funds,4900,Revenue for/on Behalf of the District,15205.73
2019-20,2240,Banks SD 13,100,General Fund,3103,Common School Fund,118053.11
2019-20,2240,Banks SD 13,100,General Fund,3104,State Managed County Timber,834258.56
2019-20,2240,Banks SD 13,100,General Fund,5400,Resources - Beginning Fund Balance,2304974.92
2019-20,2240,Banks SD 13,200,Special Revenue Funds,1500,Earnings on Investments,2915.71
2019-20,2240,Banks SD 13,200,Special Revenue Funds,1600,Food Service,82033.5
2019-20,2240,Banks SD 13,200,Special Revenue Funds,1700,Extra-Curricular Activities,140463.7
2019-20,2241,Forest Grove SD 15,100,General Fund,1110,Ad valorem taxes levied by district,13224973.44
2019-20,2241,Forest Grove SD 15,100,General Fund,1190,Penalties and interest on taxes,13659.87
2019-20,2241,Forest Grove SD 15,100,General Fund,1500,Earnings on Investments,438242.76
2019-20,2241,Forest Grove SD 15,100,General Fund,1700,Extra-Curricular Activities,75783.82
2019-20,2241,Forest Grove SD 15,100,General Fund,1910,Rentals,35093.98
2019-20,2241,Forest Grove SD 15,100,General Fund,1920,Contributions and Donations From Private Sources,3225
2019-20,2241,Forest Grove SD 15,700,Trust and Agency Funds,1500,Earnings on Investments,597.32
2019-20,2241,Forest Grove SD 15,700,Trust and Agency Funds,1920,Contributions and Donations From Private Sources,44000
2019-20,2241,Forest Grove SD 15,700,Trust and Agency Funds,1990,Miscellaneous,267037.5
2019-20,2241,Forest Grove SD 15,700,Trust and Agency Funds,5400,Resources - Beginning Fund Balance,1124130.83
2019-20,2241,Forest Grove SD 15,500,Enterprise Funds,1920,Contributions and Donations From Private Sources,4953.4
2019-20,2241,Forest Grove SD 15,500,Enterprise Funds,1990,Miscellaneous,556282.13
2019-20,2241,Forest Grove SD 15,500,Enterprise Funds,5400,Resources - Beginning Fund Balance,577313.47
2019-20,2241,Forest Grove SD 15,600,Internal Service Funds,1700,Extra-Curricular Activities,7940.89
2019-20,2241,Forest Grove SD 15,600,Internal Service Funds,1990,Miscellaneous,5000
2019-20,2241,Forest Grove SD 15,600,Internal Service Funds,5400,Resources - Beginning Fund Balance,300312.65
2019-20,2241,Forest Grove SD 15,400,Capital Projects Funds,1500,Earnings on Investments,80656.71
2019-20,2241,Forest Grove SD 15,400,Capital Projects Funds,1920,Contributions and Donations From Private Sources,56850
2019-20,2241,Forest Grove SD 15,400,Capital Projects Funds,1990,Miscellaneous,20186.98
2019-20,2241,Forest Grove SD 15,400,Capital Projects Funds,3299,Other Restricted Grants-In-Aid,1071370
2019-20,2241,Forest Grove SD 15,400,Capital Projects Funds,5200,Interfund Transfers,50000
2019-20,2241,Forest Grove SD 15,400,Capital Projects Funds,5400,Resources - Beginning Fund Balance,4528959.4
2019-20,2241,Forest Grove SD 15,300,Debt Service Funds,1970,Services Provided Other Funds,2429885.55
2019-20,2241,Forest Grove SD 15,300,Debt Service Funds,1990,Miscellaneous,3015.73
2019-20,2241,Forest Grove SD 15,300,Debt Service Funds,4900,Revenue for/on Behalf of the District,1023808
2019-20,2241,Forest Grove SD 15,300,Debt Service Funds,5200,Interfund Transfers,600000
2019-20,2241,Forest Grove SD 15,300,Debt Service Funds,5400,Resources - Beginning Fund Balance,4918538.07
2019-20,2241,Forest Grove SD 15,400,Capital Projects Funds,1130,Construction Excise Tax,394756.68
2019-20,2241,Forest Grove SD 15,200,Special Revenue Funds,4900,Revenue for/on Behalf of the District,169827
2019-20,2241,Forest Grove SD 15,200,Special Revenue Funds,5200,Interfund Transfers,537803.89
2019-20,2241,Forest Grove SD 15,200,Special Revenue Funds,5400,Resources - Beginning Fund Balance,573512.54
2019-20,2241,Forest Grove SD 15,300,Debt Service Funds,1110,Ad valorem taxes levied by district,7191911.86
2019-20,2241,Forest Grove SD 15,300,Debt Service Funds,1190,Penalties and interest on taxes,6960.24
2019-20,2241,Forest Grove SD 15,300,Debt Service Funds,1500,Earnings on Investments,116596.02
2019-20,2241,Forest Grove SD 15,200,Special Revenue Funds,2200,Restricted Revenue,439415.99
2019-20,2241,Forest Grove SD 15,200,Special Revenue Funds,2900,Revenue for/on Behalf of the District,4360
2019-20,2241,Forest Grove SD 15,200,Special Revenue Funds,3102,State School Fund--School Lunch Match,43618.7
2019-20,2241,Forest Grove SD 15,200,Special Revenue Funds,3299,Other Restricted Grants-In-Aid,2634426.02
2019-20,2241,Forest Grove SD 15,200,Special Revenue Funds,4200,Unrestricted Revenue From Federal Government Through State,101527.53
2019-20,2241,Forest Grove SD 15,200,Special Revenue Funds,4500,Restricted Revenue From Federal Government Through the State,5385147.64
2019-20,2241,Forest Grove SD 15,200,Special Revenue Funds,1600,Food Service,334201.66
2019-20,2241,Forest Grove SD 15,200,Special Revenue Funds,1700,Extra-Curricular Activities,25
2019-20,2241,Forest Grove SD 15,200,Special Revenue Funds,1920,Contributions and Donations From Private Sources,964949.08
2019-20,2241,Forest Grove SD 15,200,Special Revenue Funds,1960,Recovery of Prior Years' Expenditure,190443.67
2019-20,2241,Forest Grove SD 15,200,Special Revenue Funds,1990,Miscellaneous,167095.03
2019-20,2241,Forest Grove SD 15,200,Special Revenue Funds,2102,General Education Service District Funds,11561.02
2019-20,2241,Forest Grove SD 15,100,General Fund,3101,State School Fund --General Support,50632748.11
2019-20,2241,Forest Grove SD 15,100,General Fund,3103,Common School Fund,636143.3
2019-20,2241,Forest Grove SD 15,100,General Fund,3104,State Managed County Timber,897973.82
2019-20,2241,Forest Grove SD 15,100,General Fund,4200,Unrestricted Revenue From Federal Government Through State,2709.74
2019-20,2241,Forest Grove SD 15,100,General Fund,5400,Resources - Beginning Fund Balance,9674216.6
2019-20,2241,Forest Grove SD 15,200,Special Revenue Funds,1312,Tuition from Other Districts within the State,997360.04
2019-20,2241,Forest Grove SD 15,100,General Fund,1940,Services Provided Other Local Education Agencies,15111.53
2019-20,2241,Forest Grove SD 15,100,General Fund,1960,Recovery of Prior Years' Expenditure,177860.98
2019-20,2241,Forest Grove SD 15,100,General Fund,1980,Fees Charged to Grants,236235.8
2019-20,2241,Forest Grove SD 15,100,General Fund,1990,Miscellaneous,190018.47
2019-20,2241,Forest Grove SD 15,100,General Fund,2101,County School Funds,161804.87
2019-20,2241,Forest Grove SD 15,100,General Fund,2102,General Education Service District Funds,1200000
2019-20,2242,Tigard-Tualatin SD 23J,100,General Fund,1110,Ad valorem taxes levied by district,57555961.38
2019-20,2242,Tigard-Tualatin SD 23J,100,General Fund,1120,Local option ad valorem taxes levied by district,9517783.13
2019-20,2242,Tigard-Tualatin SD 23J,100,General Fund,1190,Penalties and interest on taxes,70319.63
2019-20,2242,Tigard-Tualatin SD 23J,100,General Fund,1311,Tuition from Individuals,17320
2019-20,2242,Tigard-Tualatin SD 23J,100,General Fund,1312,Tuition from Other Districts within the State,215000
2019-20,2242,Tigard-Tualatin SD 23J,100,General Fund,1500,Earnings on Investments,1073431.39
2019-20,2242,Tigard-Tualatin SD 23J,200,Special Revenue Funds,5400,Resources - Beginning Fund Balance,9088749
2019-20,2242,Tigard-Tualatin SD 23J,300,Debt Service Funds,5400,Resources - Beginning Fund Balance,1085261
2019-20,2242,Tigard-Tualatin SD 23J,400,Capital Projects Funds,5400,Resources - Beginning Fund Balance,232163487
2019-20,2242,Tigard-Tualatin SD 23J,600,Internal Service Funds,5400,Resources - Beginning Fund Balance,2308597
2019-20,2242,Tigard-Tualatin SD 23J,700,Trust and Agency Funds,5400,Resources - Beginning Fund Balance,2841309
2019-20,2242,Tigard-Tualatin SD 23J,100,General Fund,5400,Resources - Beginning Fund Balance,27964941
2019-20,2242,Tigard-Tualatin SD 23J,400,Capital Projects Funds,1500,Earnings on Investments,3728805.86
2019-20,2242,Tigard-Tualatin SD 23J,600,Internal Service Funds,1960,Recovery of Prior Years' Expenditure,44757.56
2019-20,2242,Tigard-Tualatin SD 23J,600,Internal Service Funds,1970,Services Provided Other Funds,108995.55
2019-20,2242,Tigard-Tualatin SD 23J,600,Internal Service Funds,1990,Miscellaneous,188023.15
2019-20,2242,Tigard-Tualatin SD 23J,700,Trust and Agency Funds,1500,Earnings on Investments,61906.42
2019-20,2242,Tigard-Tualatin SD 23J,700,Trust and Agency Funds,1990,Miscellaneous,1193147.28
2019-20,2242,Tigard-Tualatin SD 23J,300,Debt Service Funds,1500,Earnings on Investments,201590.15
2019-20,2242,Tigard-Tualatin SD 23J,300,Debt Service Funds,1910,Rentals,-146979.25
2019-20,2242,Tigard-Tualatin SD 23J,300,Debt Service Funds,1970,Services Provided Other Funds,3740666.3
2019-20,2242,Tigard-Tualatin SD 23J,300,Debt Service Funds,5100,Long Term Debt Financing Sources,950060.88
2019-20,2242,Tigard-Tualatin SD 23J,300,Debt Service Funds,5200,Interfund Transfers,698506.85
2019-20,2242,Tigard-Tualatin SD 23J,400,Capital Projects Funds,1130,Construction Excise Tax,463255.33
2019-20,2242,Tigard-Tualatin SD 23J,200,Special Revenue Funds,4500,Restricted Revenue From Federal Government Through the State,6387520.22
2019-20,2242,Tigard-Tualatin SD 23J,200,Special Revenue Funds,4700,Grants-In-Aid From Federal Government Through Other Intermed,5459.25
2019-20,2242,Tigard-Tualatin SD 23J,200,Special Revenue Funds,4900,Revenue for/on Behalf of the District,302199.89
2019-20,2242,Tigard-Tualatin SD 23J,200,Special Revenue Funds,5200,Interfund Transfers,991733.05
2019-20,2242,Tigard-Tualatin SD 23J,300,Debt Service Funds,1110,Ad valorem taxes levied by district,20982052.54
2019-20,2242,Tigard-Tualatin SD 23J,300,Debt Service Funds,1190,Penalties and interest on taxes,19663.11
2019-20,2242,Tigard-Tualatin SD 23J,200,Special Revenue Funds,2200,Restricted Revenue,252852.16
2019-20,2242,Tigard-Tualatin SD 23J,200,Special Revenue Funds,3102,State School Fund--School Lunch Match,36467.13
2019-20,2242,Tigard-Tualatin SD 23J,200,Special Revenue Funds,3199,Other Unrestricted Grants-In-Aid,-7861.04
2019-20,2242,Tigard-Tualatin SD 23J,200,Special Revenue Funds,3222,State School Fund (SSF) Transportation Equipment,146390.45
2019-20,2242,Tigard-Tualatin SD 23J,200,Special Revenue Funds,3299,Other Restricted Grants-In-Aid,3019636.08
2019-20,2242,Tigard-Tualatin SD 23J,200,Special Revenue Funds,4300,Restricted Revenue Direct From the Federal Government,302534.82
2019-20,2242,Tigard-Tualatin SD 23J,200,Special Revenue Funds,1800,Community Services Activities,59109.2
2019-20,2242,Tigard-Tualatin SD 23J,200,Special Revenue Funds,1910,Rentals,321335.77
2019-20,2242,Tigard-Tualatin SD 23J,200,Special Revenue Funds,1920,Contributions and Donations From Private Sources,1960509.46
2019-20,2242,Tigard-Tualatin SD 23J,200,Special Revenue Funds,1990,Miscellaneous,1804318.49
2019-20,2242,Tigard-Tualatin SD 23J,200,Special Revenue Funds,2102,General Education Service District Funds,3234926.63
2019-20,2242,Tigard-Tualatin SD 23J,200,Special Revenue Funds,2199,Other Intermediate Sources,9107.96
2019-20,2242,Tigard-Tualatin SD 23J,100,General Fund,4300,Restricted Revenue Direct From the Federal Government,36917.15
2019-20,2242,Tigard-Tualatin SD 23J,100,General Fund,4500,Restricted Revenue From Federal Government Through the State,12748.35
2019-20,2242,Tigard-Tualatin SD 23J,100,General Fund,5300,Sale of or Compensation for Loss of Fixed Assets,1347.5
2019-20,2242,Tigard-Tualatin SD 23J,200,Special Revenue Funds,1500,Earnings on Investments,11839.49
2019-20,2242,Tigard-Tualatin SD 23J,200,Special Revenue Funds,1600,Food Service,881414.14
2019-20,2242,Tigard-Tualatin SD 23J,200,Special Revenue Funds,1700,Extra-Curricular Activities,23311.58
2019-20,2242,Tigard-Tualatin SD 23J,100,General Fund,2102,General Education Service District Funds,970000
2019-20,2242,Tigard-Tualatin SD 23J,100,General Fund,3101,State School Fund --General Support,69207359.36
2019-20,2242,Tigard-Tualatin SD 23J,100,General Fund,3103,Common School Fund,1239774.17
2019-20,2242,Tigard-Tualatin SD 23J,100,General Fund,3199,Other Unrestricted Grants-In-Aid,3440568.02
2019-20,2242,Tigard-Tualatin SD 23J,100,General Fund,3204,Driver Education,20280
2019-20,2242,Tigard-Tualatin SD 23J,100,General Fund,3299,Other Restricted Grants-In-Aid,11017.6
2019-20,2242,Tigard-Tualatin SD 23J,100,General Fund,1700,Extra-Curricular Activities,256038.07
2019-20,2242,Tigard-Tualatin SD 23J,100,General Fund,1800,Community Services Activities,111962.08
2019-20,2242,Tigard-Tualatin SD 23J,100,General Fund,1960,Recovery of Prior Years' Expenditure,136651.54
2019-20,2242,Tigard-Tualatin SD 23J,100,General Fund,1980,Fees Charged to Grants,211611.42
2019-20,2242,Tigard-Tualatin SD 23J,100,General Fund,1990,Miscellaneous,565819.86
2019-20,2242,Tigard-Tualatin SD 23J,100,General Fund,2101,County School Funds,331561.87
2019-20,2243,Beaverton SD 48J,100,General Fund,1110,Ad valorem taxes levied by district,143660936.6
2019-20,2243,Beaverton SD 48J,100,General Fund,1120,Local option ad valorem taxes levied by district,34194060.13
2019-20,2243,Beaverton SD 48J,100,General Fund,1311,Tuition from Individuals,18300
2019-20,2243,Beaverton SD 48J,100,General Fund,1312,Tuition from Other Districts within the State,835216.68
2019-20,2243,Beaverton SD 48J,100,General Fund,1330,Summer School Tuition,170547.81
2019-20,2243,Beaverton SD 48J,100,General Fund,1411,Transportation fees from Individuals,170081.96
2019-20,2243,Beaverton SD 48J,600,Internal Service Funds,5400,Resources - Beginning Fund Balance,3897335.44
2019-20,2243,Beaverton SD 48J,700,Trust and Agency Funds,1500,Earnings on Investments,2378.67
2019-20,2243,Beaverton SD 48J,700,Trust and Agency Funds,1920,Contributions and Donations From Private Sources,85169.75
2019-20,2243,Beaverton SD 48J,700,Trust and Agency Funds,5400,Resources - Beginning Fund Balance,376816.03
2019-20,2243,Beaverton SD 48J,400,Capital Projects Funds,5400,Resources - Beginning Fund Balance,212499473.04
2019-20,2243,Beaverton SD 48J,600,Internal Service Funds,1500,Earnings on Investments,37124.42
2019-20,2243,Beaverton SD 48J,600,Internal Service Funds,1960,Recovery of Prior Years' Expenditure,226614.58
2019-20,2243,Beaverton SD 48J,600,Internal Service Funds,1970,Services Provided Other Funds,3762845.03
2019-20,2243,Beaverton SD 48J,600,Internal Service Funds,1990,Miscellaneous,173101.92
2019-20,2243,Beaverton SD 48J,600,Internal Service Funds,5200,Interfund Transfers,2884648
2019-20,2243,Beaverton SD 48J,400,Capital Projects Funds,1500,Earnings on Investments,4063949.26
2019-20,2243,Beaverton SD 48J,400,Capital Projects Funds,1910,Rentals,29160
2019-20,2243,Beaverton SD 48J,400,Capital Projects Funds,1920,Contributions and Donations From Private Sources,969464.04
2019-20,2243,Beaverton SD 48J,400,Capital Projects Funds,1960,Recovery of Prior Years' Expenditure,3595036.5
2019-20,2243,Beaverton SD 48J,400,Capital Projects Funds,1990,Miscellaneous,314536.09
2019-20,2243,Beaverton SD 48J,400,Capital Projects Funds,5300,Sale of or Compensation for Loss of Fixed Assets,380834.68
2019-20,2243,Beaverton SD 48J,300,Debt Service Funds,1960,Recovery of Prior Years' Expenditure,2707.9
2019-20,2243,Beaverton SD 48J,300,Debt Service Funds,1970,Services Provided Other Funds,21762753.07
2019-20,2243,Beaverton SD 48J,300,Debt Service Funds,5100,Long Term Debt Financing Sources,432745000
2019-20,2243,Beaverton SD 48J,300,Debt Service Funds,5200,Interfund Transfers,1336850
2019-20,2243,Beaverton SD 48J,300,Debt Service Funds,5400,Resources - Beginning Fund Balance,3437650.48
2019-20,2243,Beaverton SD 48J,400,Capital Projects Funds,1130,Construction Excise Tax,2465594.68
2019-20,2243,Beaverton SD 48J,200,Special Revenue Funds,4700,Grants-In-Aid From Federal Government Through Other Intermed,52432.99
2019-20,2243,Beaverton SD 48J,200,Special Revenue Funds,4900,Revenue for/on Behalf of the District,967752.55
2019-20,2243,Beaverton SD 48J,200,Special Revenue Funds,5200,Interfund Transfers,10380
2019-20,2243,Beaverton SD 48J,200,Special Revenue Funds,5400,Resources - Beginning Fund Balance,35729758.38
2019-20,2243,Beaverton SD 48J,300,Debt Service Funds,1110,Ad valorem taxes levied by district,60651035.64
2019-20,2243,Beaverton SD 48J,300,Debt Service Funds,1500,Earnings on Investments,587880.58
2019-20,2243,Beaverton SD 48J,200,Special Revenue Funds,3102,State School Fund--School Lunch Match,124744.42
2019-20,2243,Beaverton SD 48J,200,Special Revenue Funds,3199,Other Unrestricted Grants-In-Aid,114657.83
2019-20,2243,Beaverton SD 48J,200,Special Revenue Funds,3222,State School Fund (SSF) Transportation Equipment,1289633
2019-20,2243,Beaverton SD 48J,200,Special Revenue Funds,3299,Other Restricted Grants-In-Aid,9896653.76
2019-20,2243,Beaverton SD 48J,200,Special Revenue Funds,4300,Restricted Revenue Direct From the Federal Government,156217.06
2019-20,2243,Beaverton SD 48J,200,Special Revenue Funds,4500,Restricted Revenue From Federal Government Through the State,21571464.61
2019-20,2243,Beaverton SD 48J,200,Special Revenue Funds,1910,Rentals,1759.5
2019-20,2243,Beaverton SD 48J,200,Special Revenue Funds,1920,Contributions and Donations From Private Sources,2553411.55
2019-20,2243,Beaverton SD 48J,200,Special Revenue Funds,1950,Textbook Sales and Rentals,32477.8
2019-20,2243,Beaverton SD 48J,200,Special Revenue Funds,1960,Recovery of Prior Years' Expenditure,6315.08
2019-20,2243,Beaverton SD 48J,200,Special Revenue Funds,1990,Miscellaneous,364486.55
2019-20,2243,Beaverton SD 48J,200,Special Revenue Funds,2200,Restricted Revenue,222137.54
2019-20,2243,Beaverton SD 48J,100,General Fund,5100,Long Term Debt Financing Sources,358389.54
2019-20,2243,Beaverton SD 48J,100,General Fund,5200,Interfund Transfers,18413036
2019-20,2243,Beaverton SD 48J,100,General Fund,5400,Resources - Beginning Fund Balance,16915100.27
2019-20,2243,Beaverton SD 48J,200,Special Revenue Funds,1500,Earnings on Investments,78313.63
2019-20,2243,Beaverton SD 48J,200,Special Revenue Funds,1600,Food Service,3631466.72
2019-20,2243,Beaverton SD 48J,200,Special Revenue Funds,1700,Extra-Curricular Activities,3499230.12
2019-20,2243,Beaverton SD 48J,100,General Fund,1990,Miscellaneous,1284793.24
2019-20,2243,Beaverton SD 48J,100,General Fund,2101,County School Funds,1082872.26
2019-20,2243,Beaverton SD 48J,100,General Fund,2102,General Education Service District Funds,11067460
2019-20,2243,Beaverton SD 48J,100,General Fund,3101,State School Fund --General Support,281611302.65
2019-20,2243,Beaverton SD 48J,100,General Fund,3103,Common School Fund,4036355.46
2019-20,2243,Beaverton SD 48J,100,General Fund,3199,Other Unrestricted Grants-In-Aid,3564790.89
2019-20,2243,Beaverton SD 48J,100,General Fund,1500,Earnings on Investments,1961287.46
2019-20,2243,Beaverton SD 48J,100,General Fund,1700,Extra-Curricular Activities,1525332.23
2019-20,2243,Beaverton SD 48J,100,General Fund,1910,Rentals,831406.51
2019-20,2243,Beaverton SD 48J,100,General Fund,1920,Contributions and Donations From Private Sources,12136.96
2019-20,2243,Beaverton SD 48J,100,General Fund,1960,Recovery of Prior Years' Expenditure,163201.34
2019-20,2243,Beaverton SD 48J,100,General Fund,1980,Fees Charged to Grants,541779.94
2019-20,2244,Sherwood SD 88J,100,General Fund,1110,Ad valorem taxes levied by district,16996379.12
2019-20,2244,Sherwood SD 88J,100,General Fund,1330,Summer School Tuition,27434.5
2019-20,2244,Sherwood SD 88J,100,General Fund,1411,Transportation fees from Individuals,66340.45
2019-20,2244,Sherwood SD 88J,100,General Fund,1500,Earnings on Investments,212344.37
2019-20,2244,Sherwood SD 88J,100,General Fund,1910,Rentals,79029.2
2019-20,2244,Sherwood SD 88J,100,General Fund,1960,Recovery of Prior Years' Expenditure,32862.83
2019-20,2244,Sherwood SD 88J,200,Special Revenue Funds,5400,Resources - Beginning Fund Balance,3299675
2019-20,2244,Sherwood SD 88J,300,Debt Service Funds,5400,Resources - Beginning Fund Balance,504905
2019-20,2244,Sherwood SD 88J,400,Capital Projects Funds,5400,Resources - Beginning Fund Balance,139608888
2019-20,2244,Sherwood SD 88J,100,General Fund,5400,Resources - Beginning Fund Balance,3578628
2019-20,2244,Sherwood SD 88J,400,Capital Projects Funds,1990,Miscellaneous,-75749.2
2019-20,2244,Sherwood SD 88J,400,Capital Projects Funds,5300,Sale of or Compensation for Loss of Fixed Assets,65000
2019-20,2244,Sherwood SD 88J,300,Debt Service Funds,1110,Ad valorem taxes levied by district,13881707.43
2019-20,2244,Sherwood SD 88J,300,Debt Service Funds,1500,Earnings on Investments,140841.85
2019-20,2244,Sherwood SD 88J,300,Debt Service Funds,1970,Services Provided Other Funds,1276388.96
2019-20,2244,Sherwood SD 88J,300,Debt Service Funds,2800,Revenue in Lieu of Taxes,2168.82
2019-20,2244,Sherwood SD 88J,400,Capital Projects Funds,1500,Earnings on Investments,2804514.28
2019-20,2244,Sherwood SD 88J,400,Capital Projects Funds,1960,Recovery of Prior Years' Expenditure,166967.41
2019-20,2244,Sherwood SD 88J,200,Special Revenue Funds,3222,State School Fund (SSF) Transportation Equipment,137500
2019-20,2244,Sherwood SD 88J,200,Special Revenue Funds,3299,Other Restricted Grants-In-Aid,167984.91
2019-20,2244,Sherwood SD 88J,200,Special Revenue Funds,4100,Unrestricted Revenue Direct From the Federal Government,335814.71
2019-20,2244,Sherwood SD 88J,200,Special Revenue Funds,4500,Restricted Revenue From Federal Government Through the State,971712.39
2019-20,2244,Sherwood SD 88J,200,Special Revenue Funds,5100,Long Term Debt Financing Sources,361624
2019-20,2244,Sherwood SD 88J,200,Special Revenue Funds,5200,Interfund Transfers,596280.5
2019-20,2244,Sherwood SD 88J,200,Special Revenue Funds,1700,Extra-Curricular Activities,1066654.93
2019-20,2244,Sherwood SD 88J,200,Special Revenue Funds,1920,Contributions and Donations From Private Sources,272313.15
2019-20,2244,Sherwood SD 88J,200,Special Revenue Funds,1990,Miscellaneous,831429.95
2019-20,2244,Sherwood SD 88J,200,Special Revenue Funds,2200,Restricted Revenue,149067.16
2019-20,2244,Sherwood SD 88J,200,Special Revenue Funds,3102,State School Fund--School Lunch Match,10663.92
2019-20,2244,Sherwood SD 88J,200,Special Revenue Funds,3199,Other Unrestricted Grants-In-Aid,1129616.85
2019-20,2244,Sherwood SD 88J,100,General Fund,3106,State School Fund - Accrual,-428929.39
2019-20,2244,Sherwood SD 88J,100,General Fund,3199,Other Unrestricted Grants-In-Aid,193141.85
2019-20,2244,Sherwood SD 88J,100,General Fund,5200,Interfund Transfers,545000
2019-20,2244,Sherwood SD 88J,200,Special Revenue Funds,1130,Construction Excise Tax,348895.24
2019-20,2244,Sherwood SD 88J,200,Special Revenue Funds,1500,Earnings on Investments,45593.42
2019-20,2244,Sherwood SD 88J,200,Special Revenue Funds,1600,Food Service,563310.34
2019-20,2244,Sherwood SD 88J,100,General Fund,1980,Fees Charged to Grants,55774.5
2019-20,2244,Sherwood SD 88J,100,General Fund,1990,Miscellaneous,83027.91
2019-20,2244,Sherwood SD 88J,100,General Fund,2101,County School Funds,91511.33
2019-20,2244,Sherwood SD 88J,100,General Fund,2800,Revenue in Lieu of Taxes,2660.63
2019-20,2244,Sherwood SD 88J,100,General Fund,3101,State School Fund --General Support,35537028.49
2019-20,2244,Sherwood SD 88J,100,General Fund,3103,Common School Fund,574549.6
2019-20,2245,Gaston SD 511J,300,Debt Service Funds,5200,Interfund Transfers,29412
2019-20,2245,Gaston SD 511J,300,Debt Service Funds,5400,Resources - Beginning Fund Balance,425219.92
2019-20,2245,Gaston SD 511J,400,Capital Projects Funds,1500,Earnings on Investments,13735.87
2019-20,2245,Gaston SD 511J,400,Capital Projects Funds,5400,Resources - Beginning Fund Balance,713638.6
2019-20,2245,Gaston SD 511J,700,Trust and Agency Funds,1920,Contributions and Donations From Private Sources,3002
2019-20,2245,Gaston SD 511J,700,Trust and Agency Funds,5400,Resources - Beginning Fund Balance,10476.41
2019-20,2245,Gaston SD 511J,200,Special Revenue Funds,5200,Interfund Transfers,5613.33
2019-20,2245,Gaston SD 511J,200,Special Revenue Funds,5400,Resources - Beginning Fund Balance,308741.26
2019-20,2245,Gaston SD 511J,300,Debt Service Funds,1110,Ad valorem taxes levied by district,516814.92
2019-20,2245,Gaston SD 511J,300,Debt Service Funds,1190,Penalties and interest on taxes,832.15
2019-20,2245,Gaston SD 511J,300,Debt Service Funds,1500,Earnings on Investments,2743.7
2019-20,2245,Gaston SD 511J,300,Debt Service Funds,1970,Services Provided Other Funds,599184.8
2019-20,2245,Gaston SD 511J,200,Special Revenue Funds,2102,General Education Service District Funds,101620.02
2019-20,2245,Gaston SD 511J,200,Special Revenue Funds,2199,Other Intermediate Sources,24265.99
2019-20,2245,Gaston SD 511J,200,Special Revenue Funds,3102,State School Fund--School Lunch Match,1686.62
2019-20,2245,Gaston SD 511J,200,Special Revenue Funds,3299,Other Restricted Grants-In-Aid,182145.14
2019-20,2245,Gaston SD 511J,200,Special Revenue Funds,4500,Restricted Revenue From Federal Government Through the State,349085.22
2019-20,2245,Gaston SD 511J,200,Special Revenue Funds,4900,Revenue for/on Behalf of the District,3926.2
2019-20,2245,Gaston SD 511J,200,Special Revenue Funds,1130,Construction Excise Tax,19664.64
2019-20,2245,Gaston SD 511J,200,Special Revenue Funds,1311,Tuition from Individuals,6256.6
2019-20,2245,Gaston SD 511J,200,Special Revenue Funds,1600,Food Service,38155.61
2019-20,2245,Gaston SD 511J,200,Special Revenue Funds,1700,Extra-Curricular Activities,89399.07
2019-20,2245,Gaston SD 511J,200,Special Revenue Funds,1920,Contributions and Donations From Private Sources,11685.31
2019-20,2245,Gaston SD 511J,200,Special Revenue Funds,1990,Miscellaneous,39482.08
2019-20,2245,Gaston SD 511J,100,General Fund,3103,Common School Fund,56505.27
2019-20,2245,Gaston SD 511J,100,General Fund,3104,State Managed County Timber,1063822.32
2019-20,2245,Gaston SD 511J,100,General Fund,3199,Other Unrestricted Grants-In-Aid,37708.72
2019-20,2245,Gaston SD 511J,100,General Fund,3299,Other Restricted Grants-In-Aid,84401.58
2019-20,2245,Gaston SD 511J,100,General Fund,4500,Restricted Revenue From Federal Government Through the State,21684
2019-20,2245,Gaston SD 511J,100,General Fund,5400,Resources - Beginning Fund Balance,1539664.71
2019-20,2245,Gaston SD 511J,100,General Fund,1700,Extra-Curricular Activities,18873.8
2019-20,2245,Gaston SD 511J,100,General Fund,1920,Contributions and Donations From Private Sources,781.57
2019-20,2245,Gaston SD 511J,100,General Fund,1960,Recovery of Prior Years' Expenditure,370.22
2019-20,2245,Gaston SD 511J,100,General Fund,1990,Miscellaneous,14075.24
2019-20,2245,Gaston SD 511J,100,General Fund,2101,County School Funds,12944.46
2019-20,2245,Gaston SD 511J,100,General Fund,3101,State School Fund --General Support,4038072.1
2019-20,2245,Gaston SD 511J,100,General Fund,1110,Ad valorem taxes levied by district,1341830.65
2019-20,2245,Gaston SD 511J,100,General Fund,1190,Penalties and interest on taxes,2806.92
2019-20,2245,Gaston SD 511J,100,General Fund,1500,Earnings on Investments,72602.18
2019-20,2247,Spray SD 1,100,General Fund,1110,Ad valorem taxes levied by district,214753.19
2019-20,2247,Spray SD 1,100,General Fund,1190,Penalties and interest on taxes,4564.08
2019-20,2247,Spray SD 1,100,General Fund,1500,Earnings on Investments,14552.01
2019-20,2247,Spray SD 1,100,General Fund,1990,Miscellaneous,12277.22
2019-20,2247,Spray SD 1,100,General Fund,2101,County School Funds,49075.31
2019-20,2247,Spray SD 1,100,General Fund,2103,Excess ESD Local Revenue,73723.37
2019-20,2247,Spray SD 1,400,Capital Projects Funds,5400,Resources - Beginning Fund Balance,87199.88
2019-20,2247,Spray SD 1,700,Trust and Agency Funds,1500,Earnings on Investments,4451.07
2019-20,2247,Spray SD 1,700,Trust and Agency Funds,5400,Resources - Beginning Fund Balance,195175.31
2019-20,2247,Spray SD 1,200,Special Revenue Funds,3299,Other Restricted Grants-In-Aid,48872.53
2019-20,2247,Spray SD 1,200,Special Revenue Funds,4300,Restricted Revenue Direct From the Federal Government,10662.76
2019-20,2247,Spray SD 1,200,Special Revenue Funds,4500,Restricted Revenue From Federal Government Through the State,67211.3
2019-20,2247,Spray SD 1,200,Special Revenue Funds,4700,Grants-In-Aid From Federal Government Through Other Intermed,7000
2019-20,2247,Spray SD 1,200,Special Revenue Funds,5400,Resources - Beginning Fund Balance,43645.82
2019-20,2247,Spray SD 1,400,Capital Projects Funds,5200,Interfund Transfers,234088
2019-20,2247,Spray SD 1,100,General Fund,3101,State School Fund --General Support,1356875.88
2019-20,2247,Spray SD 1,100,General Fund,3103,Common School Fund,5336.79
2019-20,2247,Spray SD 1,100,General Fund,5400,Resources - Beginning Fund Balance,585910.34
2019-20,2247,Spray SD 1,200,Special Revenue Funds,1600,Food Service,1388.74
2019-20,2247,Spray SD 1,200,Special Revenue Funds,1990,Miscellaneous,32962.01
2019-20,2247,Spray SD 1,200,Special Revenue Funds,3102,State School Fund--School Lunch Match,379.05
2019-20,2248,Fossil SD 21J,200,Special Revenue Funds,4900,Revenue for/on Behalf of the District,2246.23
2019-20,2248,Fossil SD 21J,200,Special Revenue Funds,5200,Interfund Transfers,47127.97
2019-20,2248,Fossil SD 21J,200,Special Revenue Funds,5400,Resources - Beginning Fund Balance,33926.03
2019-20,2248,Fossil SD 21J,400,Capital Projects Funds,5200,Interfund Transfers,105339.19
2019-20,2248,Fossil SD 21J,700,Trust and Agency Funds,1500,Earnings on Investments,4469.28
2019-20,2248,Fossil SD 21J,700,Trust and Agency Funds,5400,Resources - Beginning Fund Balance,446592.1
2019-20,2248,Fossil SD 21J,200,Special Revenue Funds,1920,Contributions and Donations From Private Sources,13000
2019-20,2248,Fossil SD 21J,200,Special Revenue Funds,3102,State School Fund--School Lunch Match,219.6
2019-20,2248,Fossil SD 21J,200,Special Revenue Funds,3299,Other Restricted Grants-In-Aid,22868.05
2019-20,2248,Fossil SD 21J,200,Special Revenue Funds,4300,Restricted Revenue Direct From the Federal Government,52459
2019-20,2248,Fossil SD 21J,200,Special Revenue Funds,4500,Restricted Revenue From Federal Government Through the State,118690.68
2019-20,2248,Fossil SD 21J,200,Special Revenue Funds,4700,Grants-In-Aid From Federal Government Through Other Intermed,44368.6
2019-20,2248,Fossil SD 21J,100,General Fund,3101,State School Fund --General Support,8910596.3
2019-20,2248,Fossil SD 21J,100,General Fund,3103,Common School Fund,4418.86
2019-20,2248,Fossil SD 21J,100,General Fund,4801,Federal Forest Fees,35314.96
2019-20,2248,Fossil SD 21J,100,General Fund,5400,Resources - Beginning Fund Balance,2681848.26
2019-20,2248,Fossil SD 21J,200,Special Revenue Funds,1600,Food Service,2592.6
2019-20,2248,Fossil SD 21J,200,Special Revenue Funds,1700,Extra-Curricular Activities,38568.23
2019-20,2248,Fossil SD 21J,100,General Fund,1940,Services Provided Other Local Education Agencies,2850
2019-20,2248,Fossil SD 21J,100,General Fund,1960,Recovery of Prior Years' Expenditure,19.99
2019-20,2248,Fossil SD 21J,100,General Fund,1990,Miscellaneous,1470.66
2019-20,2248,Fossil SD 21J,100,General Fund,2101,County School Funds,4955.32
2019-20,2248,Fossil SD 21J,100,General Fund,2103,Excess ESD Local Revenue,455694.61
2019-20,2248,Fossil SD 21J,100,General Fund,2200,Restricted Revenue,21325.14
2019-20,2248,Fossil SD 21J,100,General Fund,1110,Ad valorem taxes levied by district,224529.36
2019-20,2248,Fossil SD 21J,100,General Fund,1190,Penalties and interest on taxes,5137.02
2019-20,2248,Fossil SD 21J,100,General Fund,1500,Earnings on Investments,65661.75
2019-20,2248,Fossil SD 21J,100,General Fund,1920,Contributions and Donations From Private Sources,17013.31
2019-20,2249,Mitchell SD 55,100,General Fund,1110,Ad valorem taxes levied by district,179681.8
2019-20,2249,Mitchell SD 55,100,General Fund,1190,Penalties and interest on taxes,4271.21
2019-20,2249,Mitchell SD 55,100,General Fund,1500,Earnings on Investments,9630.28
2019-20,2249,Mitchell SD 55,100,General Fund,1910,Rentals,6000
2019-20,2249,Mitchell SD 55,100,General Fund,1920,Contributions and Donations From Private Sources,50
2019-20,2249,Mitchell SD 55,100,General Fund,1990,Miscellaneous,83399.54
2019-20,2249,Mitchell SD 55,200,Special Revenue Funds,4700,Grants-In-Aid From Federal Government Through Other Intermed,51055
2019-20,2249,Mitchell SD 55,200,Special Revenue Funds,5200,Interfund Transfers,59675.42
2019-20,2249,Mitchell SD 55,200,Special Revenue Funds,5400,Resources - Beginning Fund Balance,48423.05
2019-20,2249,Mitchell SD 55,400,Capital Projects Funds,5200,Interfund Transfers,31000
2019-20,2249,Mitchell SD 55,400,Capital Projects Funds,5400,Resources - Beginning Fund Balance,129726.52
2019-20,2249,Mitchell SD 55,100,General Fund,5400,Resources - Beginning Fund Balance,577925.08
2019-20,2249,Mitchell SD 55,200,Special Revenue Funds,1600,Food Service,7521
2019-20,2249,Mitchell SD 55,200,Special Revenue Funds,1700,Extra-Curricular Activities,8729.18
2019-20,2249,Mitchell SD 55,200,Special Revenue Funds,1990,Miscellaneous,1500
2019-20,2249,Mitchell SD 55,200,Special Revenue Funds,3299,Other Restricted Grants-In-Aid,20058
2019-20,2249,Mitchell SD 55,200,Special Revenue Funds,4500,Restricted Revenue From Federal Government Through the State,124137.54
2019-20,2249,Mitchell SD 55,100,General Fund,2101,County School Funds,4803.99
2019-20,2249,Mitchell SD 55,100,General Fund,2103,Excess ESD Local Revenue,359869.2
2019-20,2249,Mitchell SD 55,100,General Fund,3101,State School Fund --General Support,6399465.51
2019-20,2249,Mitchell SD 55,100,General Fund,3102,State School Fund--School Lunch Match,253.38
2019-20,2249,Mitchell SD 55,100,General Fund,3103,Common School Fund,2144.15
2019-20,2249,Mitchell SD 55,100,General Fund,4801,Federal Forest Fees,34236.46
2019-20,2251,Yamhill Carlton SD 1,100,General Fund,1110,Ad valorem taxes levied by district,3379005.66
2019-20,2251,Yamhill Carlton SD 1,100,General Fund,1190,Penalties and interest on taxes,14734.13
2019-20,2251,Yamhill Carlton SD 1,100,General Fund,1312,Tuition from Other Districts within the State,200700
2019-20,2251,Yamhill Carlton SD 1,100,General Fund,1330,Summer School Tuition,3980
2019-20,2251,Yamhill Carlton SD 1,100,General Fund,1500,Earnings on Investments,135091.69
2019-20,2251,Yamhill Carlton SD 1,100,General Fund,1700,Extra-Curricular Activities,37780.7
2019-20,2251,Yamhill Carlton SD 1,700,Trust and Agency Funds,5400,Resources - Beginning Fund Balance,43801.56
2019-20,2251,Yamhill Carlton SD 1,400,Capital Projects Funds,1960,Recovery of Prior Years' Expenditure,125000
2019-20,2251,Yamhill Carlton SD 1,400,Capital Projects Funds,3299,Other Restricted Grants-In-Aid,53973.62
2019-20,2251,Yamhill Carlton SD 1,400,Capital Projects Funds,5100,Long Term Debt Financing Sources,3445765.05
2019-20,2251,Yamhill Carlton SD 1,400,Capital Projects Funds,5300,Sale of or Compensation for Loss of Fixed Assets,2150000
2019-20,2251,Yamhill Carlton SD 1,400,Capital Projects Funds,5400,Resources - Beginning Fund Balance,1119962.78
2019-20,2251,Yamhill Carlton SD 1,700,Trust and Agency Funds,1920,Contributions and Donations From Private Sources,1360
2019-20,2251,Yamhill Carlton SD 1,300,Debt Service Funds,5200,Interfund Transfers,2222729.6
2019-20,2251,Yamhill Carlton SD 1,300,Debt Service Funds,5400,Resources - Beginning Fund Balance,785893.81
2019-20,2251,Yamhill Carlton SD 1,400,Capital Projects Funds,1130,Construction Excise Tax,69142
2019-20,2251,Yamhill Carlton SD 1,400,Capital Projects Funds,1500,Earnings on Investments,10139.67
2019-20,2251,Yamhill Carlton SD 1,400,Capital Projects Funds,1910,Rentals,16284.33
2019-20,2251,Yamhill Carlton SD 1,400,Capital Projects Funds,1920,Contributions and Donations From Private Sources,10000
2019-20,2251,Yamhill Carlton SD 1,300,Debt Service Funds,1110,Ad valorem taxes levied by district,1513967.31
2019-20,2251,Yamhill Carlton SD 1,300,Debt Service Funds,1190,Penalties and interest on taxes,6358.88
2019-20,2251,Yamhill Carlton SD 1,300,Debt Service Funds,1500,Earnings on Investments,7871.2
2019-20,2251,Yamhill Carlton SD 1,300,Debt Service Funds,1970,Services Provided Other Funds,970374.53
2019-20,2251,Yamhill Carlton SD 1,300,Debt Service Funds,1990,Miscellaneous,40289.21
2019-20,2251,Yamhill Carlton SD 1,300,Debt Service Funds,3900,Revenue for/on Behalf of the District,8703.26
2019-20,2251,Yamhill Carlton SD 1,200,Special Revenue Funds,3199,Other Unrestricted Grants-In-Aid,140934.38
2019-20,2251,Yamhill Carlton SD 1,200,Special Revenue Funds,3299,Other Restricted Grants-In-Aid,37811.75
2019-20,2251,Yamhill Carlton SD 1,200,Special Revenue Funds,4500,Restricted Revenue From Federal Government Through the State,494839.28
2019-20,2251,Yamhill Carlton SD 1,200,Special Revenue Funds,4900,Revenue for/on Behalf of the District,31186.01
2019-20,2251,Yamhill Carlton SD 1,200,Special Revenue Funds,5200,Interfund Transfers,72689
2019-20,2251,Yamhill Carlton SD 1,200,Special Revenue Funds,5400,Resources - Beginning Fund Balance,374716.31
2019-20,2251,Yamhill Carlton SD 1,200,Special Revenue Funds,1700,Extra-Curricular Activities,185434.08
2019-20,2251,Yamhill Carlton SD 1,200,Special Revenue Funds,1920,Contributions and Donations From Private Sources,44691.08
2019-20,2251,Yamhill Carlton SD 1,200,Special Revenue Funds,1960,Recovery of Prior Years' Expenditure,397
2019-20,2251,Yamhill Carlton SD 1,200,Special Revenue Funds,1990,Miscellaneous,905
2019-20,2251,Yamhill Carlton SD 1,200,Special Revenue Funds,2200,Restricted Revenue,2971
2019-20,2251,Yamhill Carlton SD 1,200,Special Revenue Funds,3102,State School Fund--School Lunch Match,3000.17
2019-20,2251,Yamhill Carlton SD 1,100,General Fund,3101,State School Fund --General Support,6430823.21
2019-20,2251,Yamhill Carlton SD 1,100,General Fund,3103,Common School Fund,103223.5
2019-20,2251,Yamhill Carlton SD 1,100,General Fund,3199,Other Unrestricted Grants-In-Aid,118602.6
2019-20,2251,Yamhill Carlton SD 1,100,General Fund,5400,Resources - Beginning Fund Balance,1176211.24
2019-20,2251,Yamhill Carlton SD 1,200,Special Revenue Funds,1500,Earnings on Investments,321.69
2019-20,2251,Yamhill Carlton SD 1,200,Special Revenue Funds,1600,Food Service,55863.79
2019-20,2251,Yamhill Carlton SD 1,100,General Fund,1910,Rentals,2030
2019-20,2251,Yamhill Carlton SD 1,100,General Fund,1920,Contributions and Donations From Private Sources,10000
2019-20,2251,Yamhill Carlton SD 1,100,General Fund,1960,Recovery of Prior Years' Expenditure,120
2019-20,2251,Yamhill Carlton SD 1,100,General Fund,1990,Miscellaneous,58940.06
2019-20,2251,Yamhill Carlton SD 1,100,General Fund,2101,County School Funds,3190
2019-20,2251,Yamhill Carlton SD 1,100,General Fund,2102,General Education Service District Funds,157427
2019-20,2252,Amity SD 4J,100,General Fund,1110,Ad valorem taxes levied by district,1865660.14
2019-20,2252,Amity SD 4J,100,General Fund,1190,Penalties and interest on taxes,7563.08
2019-20,2252,Amity SD 4J,100,General Fund,1312,Tuition from Other Districts within the State,9515.97
2019-20,2252,Amity SD 4J,100,General Fund,1500,Earnings on Investments,45721.87
2019-20,2252,Amity SD 4J,100,General Fund,1700,Extra-Curricular Activities,33682.5
2019-20,2252,Amity SD 4J,100,General Fund,1910,Rentals,8450
2019-20,2252,Amity SD 4J,400,Capital Projects Funds,5400,Resources - Beginning Fund Balance,351324.9
2019-20,2252,Amity SD 4J,300,Debt Service Funds,1500,Earnings on Investments,22056.73
2019-20,2252,Amity SD 4J,300,Debt Service Funds,1970,Services Provided Other Funds,617717.16
2019-20,2252,Amity SD 4J,300,Debt Service Funds,5400,Resources - Beginning Fund Balance,712536.76
2019-20,2252,Amity SD 4J,400,Capital Projects Funds,1500,Earnings on Investments,7369.26
2019-20,2252,Amity SD 4J,400,Capital Projects Funds,1990,Miscellaneous,21391.9
2019-20,2252,Amity SD 4J,400,Capital Projects Funds,5200,Interfund Transfers,75000
2019-20,2252,Amity SD 4J,200,Special Revenue Funds,4700,Grants-In-Aid From Federal Government Through Other Intermed,1686.26
2019-20,2252,Amity SD 4J,200,Special Revenue Funds,4900,Revenue for/on Behalf of the District,21728.1
2019-20,2252,Amity SD 4J,200,Special Revenue Funds,5200,Interfund Transfers,120000
2019-20,2252,Amity SD 4J,200,Special Revenue Funds,5400,Resources - Beginning Fund Balance,814070.04
2019-20,2252,Amity SD 4J,300,Debt Service Funds,1110,Ad valorem taxes levied by district,601289.97
2019-20,2252,Amity SD 4J,300,Debt Service Funds,1190,Penalties and interest on taxes,2649.41
2019-20,2252,Amity SD 4J,200,Special Revenue Funds,1800,Community Services Activities,10762.5
2019-20,2252,Amity SD 4J,200,Special Revenue Funds,1990,Miscellaneous,54740
2019-20,2252,Amity SD 4J,200,Special Revenue Funds,3102,State School Fund--School Lunch Match,2565.27
2019-20,2252,Amity SD 4J,200,Special Revenue Funds,3222,State School Fund (SSF) Transportation Equipment,23782
2019-20,2252,Amity SD 4J,200,Special Revenue Funds,3299,Other Restricted Grants-In-Aid,191870.53
2019-20,2252,Amity SD 4J,200,Special Revenue Funds,4500,Restricted Revenue From Federal Government Through the State,505155.83
2019-20,2252,Amity SD 4J,100,General Fund,4801,Federal Forest Fees,4.22
2019-20,2252,Amity SD 4J,100,General Fund,5300,Sale of or Compensation for Loss of Fixed Assets,235000
2019-20,2252,Amity SD 4J,100,General Fund,5400,Resources - Beginning Fund Balance,1259461.6
2019-20,2252,Amity SD 4J,200,Special Revenue Funds,1500,Earnings on Investments,4059.09
2019-20,2252,Amity SD 4J,200,Special Revenue Funds,1600,Food Service,47228.79
2019-20,2252,Amity SD 4J,200,Special Revenue Funds,1700,Extra-Curricular Activities,201131.16
2019-20,2252,Amity SD 4J,100,General Fund,2199,Other Intermediate Sources,696.38
2019-20,2252,Amity SD 4J,100,General Fund,2200,Restricted Revenue,2262.76
2019-20,2252,Amity SD 4J,100,General Fund,3101,State School Fund --General Support,7113768.43
2019-20,2252,Amity SD 4J,100,General Fund,3103,Common School Fund,84512.3
2019-20,2252,Amity SD 4J,100,General Fund,3199,Other Unrestricted Grants-In-Aid,12753.27
2019-20,2252,Amity SD 4J,100,General Fund,3299,Other Restricted Grants-In-Aid,979.2
2019-20,2252,Amity SD 4J,100,General Fund,1920,Contributions and Donations From Private Sources,5820
2019-20,2252,Amity SD 4J,100,General Fund,1940,Services Provided Other Local Education Agencies,1000
2019-20,2252,Amity SD 4J,100,General Fund,1960,Recovery of Prior Years' Expenditure,47938.75
2019-20,2252,Amity SD 4J,100,General Fund,1990,Miscellaneous,75986.08
2019-20,2252,Amity SD 4J,100,General Fund,2101,County School Funds,2355
2019-20,2252,Amity SD 4J,100,General Fund,2102,General Education Service District Funds,144492.45
2019-20,2253,Dayton SD 8,100,General Fund,1110,Ad valorem taxes levied by district,2447891.65
2019-20,2253,Dayton SD 8,100,General Fund,1500,Earnings on Investments,108908.28
2019-20,2253,Dayton SD 8,100,General Fund,1700,Extra-Curricular Activities,11403.95
2019-20,2253,Dayton SD 8,100,General Fund,1910,Rentals,1350.05
2019-20,2253,Dayton SD 8,100,General Fund,1920,Contributions and Donations From Private Sources,2272.68
2019-20,2253,Dayton SD 8,100,General Fund,1940,Services Provided Other Local Education Agencies,189000
2019-20,2253,Dayton SD 8,400,Capital Projects Funds,5400,Resources - Beginning Fund Balance,474277.51
2019-20,2253,Dayton SD 8,300,Debt Service Funds,5100,Long Term Debt Financing Sources,8993937.15
2019-20,2253,Dayton SD 8,300,Debt Service Funds,5400,Resources - Beginning Fund Balance,983348.12
2019-20,2253,Dayton SD 8,400,Capital Projects Funds,1130,Construction Excise Tax,42920.42
2019-20,2253,Dayton SD 8,400,Capital Projects Funds,1500,Earnings on Investments,238443.12
2019-20,2253,Dayton SD 8,400,Capital Projects Funds,1990,Miscellaneous,76475.05
2019-20,2253,Dayton SD 8,400,Capital Projects Funds,5100,Long Term Debt Financing Sources,13624349.85
2019-20,2253,Dayton SD 8,200,Special Revenue Funds,5200,Interfund Transfers,6075.93
2019-20,2253,Dayton SD 8,200,Special Revenue Funds,5400,Resources - Beginning Fund Balance,300318.91
2019-20,2253,Dayton SD 8,300,Debt Service Funds,1110,Ad valorem taxes levied by district,1389054.16
2019-20,2253,Dayton SD 8,300,Debt Service Funds,1500,Earnings on Investments,30162.31
2019-20,2253,Dayton SD 8,300,Debt Service Funds,1970,Services Provided Other Funds,788821.89
2019-20,2253,Dayton SD 8,300,Debt Service Funds,4900,Revenue for/on Behalf of the District,50262.77
2019-20,2253,Dayton SD 8,200,Special Revenue Funds,1990,Miscellaneous,2560
2019-20,2253,Dayton SD 8,200,Special Revenue Funds,3102,State School Fund--School Lunch Match,5700.25
2019-20,2253,Dayton SD 8,200,Special Revenue Funds,3299,Other Restricted Grants-In-Aid,177997.67
2019-20,2253,Dayton SD 8,200,Special Revenue Funds,4500,Restricted Revenue From Federal Government Through the State,895404.3
2019-20,2253,Dayton SD 8,200,Special Revenue Funds,4700,Grants-In-Aid From Federal Government Through Other Intermed,49275.2
2019-20,2253,Dayton SD 8,200,Special Revenue Funds,4900,Revenue for/on Behalf of the District,41896.17
2019-20,2253,Dayton SD 8,100,General Fund,4500,Restricted Revenue From Federal Government Through the State,37931.77
2019-20,2253,Dayton SD 8,100,General Fund,5400,Resources - Beginning Fund Balance,2159073.29
2019-20,2253,Dayton SD 8,200,Special Revenue Funds,1500,Earnings on Investments,2383.35
2019-20,2253,Dayton SD 8,200,Special Revenue Funds,1600,Food Service,7738.05
2019-20,2253,Dayton SD 8,200,Special Revenue Funds,1700,Extra-Curricular Activities,205676.3
2019-20,2253,Dayton SD 8,200,Special Revenue Funds,1920,Contributions and Donations From Private Sources,66751.96
2019-20,2253,Dayton SD 8,100,General Fund,1990,Miscellaneous,56897.28
2019-20,2253,Dayton SD 8,100,General Fund,2101,County School Funds,3205
2019-20,2253,Dayton SD 8,100,General Fund,2102,General Education Service District Funds,206094
2019-20,2253,Dayton SD 8,100,General Fund,3101,State School Fund --General Support,8299718.81
2019-20,2253,Dayton SD 8,100,General Fund,3103,Common School Fund,103648.35
2019-20,2253,Dayton SD 8,100,General Fund,3299,Other Restricted Grants-In-Aid,28918.73
2019-20,2254,Newberg SD 29J,400,Capital Projects Funds,1500,Earnings on Investments,30248.21
2019-20,2254,Newberg SD 29J,400,Capital Projects Funds,5400,Resources - Beginning Fund Balance,1277065.85
2019-20,2254,Newberg SD 29J,300,Debt Service Funds,1110,Ad valorem taxes levied by district,3121656.75
2019-20,2254,Newberg SD 29J,300,Debt Service Funds,1500,Earnings on Investments,140976.91
2019-20,2254,Newberg SD 29J,300,Debt Service Funds,1970,Services Provided Other Funds,3816523.63
2019-20,2254,Newberg SD 29J,300,Debt Service Funds,1990,Miscellaneous,85218.41
2019-20,2254,Newberg SD 29J,300,Debt Service Funds,5400,Resources - Beginning Fund Balance,1795540.18
2019-20,2254,Newberg SD 29J,400,Capital Projects Funds,1130,Construction Excise Tax,370577.08
2019-20,2254,Newberg SD 29J,200,Special Revenue Funds,4500,Restricted Revenue From Federal Government Through the State,3438181.83
2019-20,2254,Newberg SD 29J,200,Special Revenue Funds,4900,Revenue for/on Behalf of the District,134290.29
2019-20,2254,Newberg SD 29J,200,Special Revenue Funds,5200,Interfund Transfers,550000
2019-20,2254,Newberg SD 29J,200,Special Revenue Funds,5400,Resources - Beginning Fund Balance,1131005.02
2019-20,2254,Newberg SD 29J,200,Special Revenue Funds,1960,Recovery of Prior Years' Expenditure,5522.35
2019-20,2254,Newberg SD 29J,200,Special Revenue Funds,2200,Restricted Revenue,10725
2019-20,2254,Newberg SD 29J,200,Special Revenue Funds,1910,Rentals,56505.15
2019-20,2254,Newberg SD 29J,200,Special Revenue Funds,1920,Contributions and Donations From Private Sources,245940.08
2019-20,2254,Newberg SD 29J,200,Special Revenue Funds,1990,Miscellaneous,78150.86
2019-20,2254,Newberg SD 29J,200,Special Revenue Funds,2199,Other Intermediate Sources,63302.59
2019-20,2254,Newberg SD 29J,200,Special Revenue Funds,3102,State School Fund--School Lunch Match,17344.15
2019-20,2254,Newberg SD 29J,200,Special Revenue Funds,3299,Other Restricted Grants-In-Aid,1235147.73
2019-20,2254,Newberg SD 29J,100,General Fund,3299,Other Restricted Grants-In-Aid,184987.56
2019-20,2254,Newberg SD 29J,100,General Fund,5400,Resources - Beginning Fund Balance,7469677.7
2019-20,2254,Newberg SD 29J,200,Special Revenue Funds,1500,Earnings on Investments,3429.93
2019-20,2254,Newberg SD 29J,200,Special Revenue Funds,1600,Food Service,440101.43
2019-20,2254,Newberg SD 29J,200,Special Revenue Funds,1700,Extra-Curricular Activities,983028.77
2019-20,2254,Newberg SD 29J,200,Special Revenue Funds,1800,Community Services Activities,10933.5
2019-20,2254,Newberg SD 29J,100,General Fund,1980,Fees Charged to Grants,95262.79
2019-20,2254,Newberg SD 29J,100,General Fund,1990,Miscellaneous,286852.53
2019-20,2254,Newberg SD 29J,100,General Fund,2101,County School Funds,15340
2019-20,2254,Newberg SD 29J,100,General Fund,2102,General Education Service District Funds,1642865.72
2019-20,2254,Newberg SD 29J,100,General Fund,3101,State School Fund --General Support,33284956.56
2019-20,2254,Newberg SD 29J,100,General Fund,3103,Common School Fund,501602.64
2019-20,2254,Newberg SD 29J,100,General Fund,1500,Earnings on Investments,405225.14
2019-20,2254,Newberg SD 29J,100,General Fund,1700,Extra-Curricular Activities,74148.81
2019-20,2254,Newberg SD 29J,100,General Fund,1800,Community Services Activities,11800
2019-20,2254,Newberg SD 29J,100,General Fund,1910,Rentals,46695.37
2019-20,2254,Newberg SD 29J,100,General Fund,1940,Services Provided Other Local Education Agencies,87776.59
2019-20,2254,Newberg SD 29J,100,General Fund,1960,Recovery of Prior Years' Expenditure,52354.24
2019-20,2254,Newberg SD 29J,100,General Fund,1420,Summer School Transportation,3724.04
2019-20,2254,Newberg SD 29J,100,General Fund,1110,Ad valorem taxes levied by district,17374084.96
2019-20,2254,Newberg SD 29J,100,General Fund,1312,Tuition from Other Districts within the State,50233.59
2019-20,2255,Willamina SD 30J,100,General Fund,1110,Ad valorem taxes levied by district,2169584.58
2019-20,2255,Willamina SD 30J,100,General Fund,1190,Penalties and interest on taxes,5732.51
2019-20,2255,Willamina SD 30J,100,General Fund,1312,Tuition from Other Districts within the State,104020.5
2019-20,2255,Willamina SD 30J,100,General Fund,1330,Summer School Tuition,1404.99
2019-20,2255,Willamina SD 30J,100,General Fund,1500,Earnings on Investments,106303.57
2019-20,2255,Willamina SD 30J,100,General Fund,1990,Miscellaneous,40013.21
2019-20,2255,Willamina SD 30J,200,Special Revenue Funds,1990,Miscellaneous,295989.6
2019-20,2255,Willamina SD 30J,200,Special Revenue Funds,3102,State School Fund--School Lunch Match,4460.07
2019-20,2255,Willamina SD 30J,400,Capital Projects Funds,5400,Resources - Beginning Fund Balance,301646.25
2019-20,2255,Willamina SD 30J,700,Trust and Agency Funds,1500,Earnings on Investments,3007.1
2019-20,2255,Willamina SD 30J,700,Trust and Agency Funds,5400,Resources - Beginning Fund Balance,89587.84
2019-20,2255,Willamina SD 30J,300,Debt Service Funds,1500,Earnings on Investments,8108.28
2019-20,2255,Willamina SD 30J,300,Debt Service Funds,1970,Services Provided Other Funds,299698.91
2019-20,2255,Willamina SD 30J,300,Debt Service Funds,1990,Miscellaneous,17875.46
2019-20,2255,Willamina SD 30J,300,Debt Service Funds,5200,Interfund Transfers,76873
2019-20,2255,Willamina SD 30J,300,Debt Service Funds,5400,Resources - Beginning Fund Balance,210025.2
2019-20,2255,Willamina SD 30J,400,Capital Projects Funds,1500,Earnings on Investments,24236.91
2019-20,2255,Willamina SD 30J,200,Special Revenue Funds,4500,Restricted Revenue From Federal Government Through the State,1059326.68
2019-20,2255,Willamina SD 30J,200,Special Revenue Funds,4700,Grants-In-Aid From Federal Government Through Other Intermed,212988.03
2019-20,2255,Willamina SD 30J,200,Special Revenue Funds,4900,Revenue for/on Behalf of the District,36599
2019-20,2255,Willamina SD 30J,200,Special Revenue Funds,5200,Interfund Transfers,247577
2019-20,2255,Willamina SD 30J,200,Special Revenue Funds,5400,Resources - Beginning Fund Balance,1668503.42
2019-20,2255,Willamina SD 30J,300,Debt Service Funds,1110,Ad valorem taxes levied by district,188083.75
2019-20,2255,Willamina SD 30J,100,General Fund,5400,Resources - Beginning Fund Balance,3498716.17
2019-20,2255,Willamina SD 30J,200,Special Revenue Funds,1500,Earnings on Investments,14040
2019-20,2255,Willamina SD 30J,200,Special Revenue Funds,1600,Food Service,1819.7
2019-20,2255,Willamina SD 30J,200,Special Revenue Funds,1700,Extra-Curricular Activities,160887.55
2019-20,2255,Willamina SD 30J,200,Special Revenue Funds,3299,Other Restricted Grants-In-Aid,448475.39
2019-20,2255,Willamina SD 30J,200,Special Revenue Funds,4300,Restricted Revenue Direct From the Federal Government,1568.13
2019-20,2255,Willamina SD 30J,100,General Fund,2101,County School Funds,4068.46
2019-20,2255,Willamina SD 30J,100,General Fund,2102,General Education Service District Funds,297761.12
2019-20,2255,Willamina SD 30J,100,General Fund,3101,State School Fund --General Support,6971217.91
2019-20,2255,Willamina SD 30J,100,General Fund,3103,Common School Fund,92585.35
2019-20,2255,Willamina SD 30J,100,General Fund,3104,State Managed County Timber,24.02
2019-20,2255,Willamina SD 30J,100,General Fund,4802,Impact Aid to School Districts for Operation,341527.56
2019-20,2256,McMinnville SD 40,100,General Fund,1110,Ad valorem taxes levied by district,14804430.31
2019-20,2256,McMinnville SD 40,100,General Fund,1190,Penalties and interest on taxes,70849.17
2019-20,2256,McMinnville SD 40,100,General Fund,1330,Summer School Tuition,255
2019-20,2256,McMinnville SD 40,100,General Fund,1500,Earnings on Investments,487195.13
2019-20,2256,McMinnville SD 40,100,General Fund,1700,Extra-Curricular Activities,108618.52
2019-20,2256,McMinnville SD 40,100,General Fund,1800,Community Services Activities,106284.19
2019-20,2256,McMinnville SD 40,400,Capital Projects Funds,1500,Earnings on Investments,158543.22
2019-20,2256,McMinnville SD 40,400,Capital Projects Funds,1990,Miscellaneous,2372
2019-20,2256,McMinnville SD 40,400,Capital Projects Funds,5400,Resources - Beginning Fund Balance,12492813.25
2019-20,2256,McMinnville SD 40,700,Trust and Agency Funds,1500,Earnings on Investments,3398.76
2019-20,2256,McMinnville SD 40,700,Trust and Agency Funds,1920,Contributions and Donations From Private Sources,5525
2019-20,2256,McMinnville SD 40,700,Trust and Agency Funds,5400,Resources - Beginning Fund Balance,160762.4
2019-20,2256,McMinnville SD 40,200,Special Revenue Funds,5400,Resources - Beginning Fund Balance,4437504.18
2019-20,2256,McMinnville SD 40,300,Debt Service Funds,1110,Ad valorem taxes levied by district,9325948.9
2019-20,2256,McMinnville SD 40,300,Debt Service Funds,1190,Penalties and interest on taxes,45407.34
2019-20,2256,McMinnville SD 40,300,Debt Service Funds,1500,Earnings on Investments,135441.28
2019-20,2256,McMinnville SD 40,300,Debt Service Funds,1970,Services Provided Other Funds,2930377.52
2019-20,2256,McMinnville SD 40,300,Debt Service Funds,5400,Resources - Beginning Fund Balance,1196667
2019-20,2256,McMinnville SD 40,200,Special Revenue Funds,3102,State School Fund--School Lunch Match,24446.53
2019-20,2256,McMinnville SD 40,200,Special Revenue Funds,3299,Other Restricted Grants-In-Aid,1792212.31
2019-20,2256,McMinnville SD 40,200,Special Revenue Funds,4500,Restricted Revenue From Federal Government Through the State,5384055.27
2019-20,2256,McMinnville SD 40,200,Special Revenue Funds,4700,Grants-In-Aid From Federal Government Through Other Intermed,87735.8
2019-20,2256,McMinnville SD 40,200,Special Revenue Funds,4900,Revenue for/on Behalf of the District,227027.89
2019-20,2256,McMinnville SD 40,200,Special Revenue Funds,5200,Interfund Transfers,850000
2019-20,2256,McMinnville SD 40,200,Special Revenue Funds,1700,Extra-Curricular Activities,1008290
2019-20,2256,McMinnville SD 40,200,Special Revenue Funds,1910,Rentals,77066.45
2019-20,2256,McMinnville SD 40,200,Special Revenue Funds,1920,Contributions and Donations From Private Sources,94319.19
2019-20,2256,McMinnville SD 40,200,Special Revenue Funds,1940,Services Provided Other Local Education Agencies,40494
2019-20,2256,McMinnville SD 40,200,Special Revenue Funds,1990,Miscellaneous,189815.62
2019-20,2256,McMinnville SD 40,200,Special Revenue Funds,2199,Other Intermediate Sources,47165.48
2019-20,2256,McMinnville SD 40,100,General Fund,3103,Common School Fund,673420.2
2019-20,2256,McMinnville SD 40,100,General Fund,4200,Unrestricted Revenue From Federal Government Through State,17513.21
2019-20,2256,McMinnville SD 40,100,General Fund,5400,Resources - Beginning Fund Balance,8476261.29
2019-20,2256,McMinnville SD 40,200,Special Revenue Funds,1130,Construction Excise Tax,652326.73
2019-20,2256,McMinnville SD 40,200,Special Revenue Funds,1500,Earnings on Investments,78326.41
2019-20,2256,McMinnville SD 40,200,Special Revenue Funds,1600,Food Service,206018.99
2019-20,2256,McMinnville SD 40,100,General Fund,1910,Rentals,6082.5
2019-20,2256,McMinnville SD 40,100,General Fund,1980,Fees Charged to Grants,67103.35
2019-20,2256,McMinnville SD 40,100,General Fund,1990,Miscellaneous,42559.52
2019-20,2256,McMinnville SD 40,100,General Fund,2101,County School Funds,20825
2019-20,2256,McMinnville SD 40,100,General Fund,2102,General Education Service District Funds,1990221.83
2019-20,2256,McMinnville SD 40,100,General Fund,3101,State School Fund --General Support,53422963.49
2019-20,2257,Sheridan SD 48J,100,General Fund,1110,Ad valorem taxes levied by district,1826076.3
2019-20,2257,Sheridan SD 48J,100,General Fund,1500,Earnings on Investments,65849.63
2019-20,2257,Sheridan SD 48J,100,General Fund,1990,Miscellaneous,22424.72
2019-20,2257,Sheridan SD 48J,100,General Fund,2101,County School Funds,2945
2019-20,2257,Sheridan SD 48J,100,General Fund,3101,State School Fund --General Support,7509954.79
2019-20,2257,Sheridan SD 48J,100,General Fund,3103,Common School Fund,96604.54
2019-20,2257,Sheridan SD 48J,600,Internal Service Funds,1500,Earnings on Investments,6496.99
2019-20,2257,Sheridan SD 48J,600,Internal Service Funds,3101,State School Fund --General Support,100000
2019-20,2257,Sheridan SD 48J,600,Internal Service Funds,5400,Resources - Beginning Fund Balance,301391.57
2019-20,2257,Sheridan SD 48J,300,Debt Service Funds,3101,State School Fund --General Support,50000
2019-20,2257,Sheridan SD 48J,300,Debt Service Funds,5400,Resources - Beginning Fund Balance,471725.93
2019-20,2257,Sheridan SD 48J,400,Capital Projects Funds,1500,Earnings on Investments,12874.31
2019-20,2257,Sheridan SD 48J,400,Capital Projects Funds,3101,State School Fund --General Support,200000
2019-20,2257,Sheridan SD 48J,400,Capital Projects Funds,5300,Sale of or Compensation for Loss of Fixed Assets,8243.86
2019-20,2257,Sheridan SD 48J,400,Capital Projects Funds,5400,Resources - Beginning Fund Balance,722354.23
2019-20,2257,Sheridan SD 48J,200,Special Revenue Funds,4500,Restricted Revenue From Federal Government Through the State,1107426.24
2019-20,2257,Sheridan SD 48J,200,Special Revenue Funds,5200,Interfund Transfers,95411.8
2019-20,2257,Sheridan SD 48J,200,Special Revenue Funds,5400,Resources - Beginning Fund Balance,1446548.6
2019-20,2257,Sheridan SD 48J,300,Debt Service Funds,1110,Ad valorem taxes levied by district,808513.72
2019-20,2257,Sheridan SD 48J,300,Debt Service Funds,1500,Earnings on Investments,16786.55
2019-20,2257,Sheridan SD 48J,300,Debt Service Funds,2200,Restricted Revenue,14876.39
2019-20,2257,Sheridan SD 48J,200,Special Revenue Funds,1990,Miscellaneous,8683.09
2019-20,2257,Sheridan SD 48J,200,Special Revenue Funds,2199,Other Intermediate Sources,127092.67
2019-20,2257,Sheridan SD 48J,200,Special Revenue Funds,2900,Revenue for/on Behalf of the District,52863.57
2019-20,2257,Sheridan SD 48J,200,Special Revenue Funds,3101,State School Fund --General Support,350000
2019-20,2257,Sheridan SD 48J,200,Special Revenue Funds,3199,Other Unrestricted Grants-In-Aid,192158.47
2019-20,2257,Sheridan SD 48J,200,Special Revenue Funds,3299,Other Restricted Grants-In-Aid,36519.58
2019-20,2257,Sheridan SD 48J,100,General Fund,5400,Resources - Beginning Fund Balance,1039513.54
2019-20,2257,Sheridan SD 48J,200,Special Revenue Funds,1500,Earnings on Investments,7292.73
2019-20,2257,Sheridan SD 48J,200,Special Revenue Funds,1600,Food Service,5184
2019-20,2257,Sheridan SD 48J,200,Special Revenue Funds,1700,Extra-Curricular Activities,82764.95
2019-20,2257,Sheridan SD 48J,200,Special Revenue Funds,1920,Contributions and Donations From Private Sources,6201.68
2019-20,2257,Sheridan SD 48J,200,Special Revenue Funds,1960,Recovery of Prior Years' Expenditure,2350
2019-20,2262,Knappa SD 4,100,General Fund,1110,Ad valorem taxes levied by district,1280378.61
2019-20,2262,Knappa SD 4,100,General Fund,1190,Penalties and interest on taxes,32.91
2019-20,2262,Knappa SD 4,100,General Fund,1500,Earnings on Investments,73716.15
2019-20,2262,Knappa SD 4,100,General Fund,1960,Recovery of Prior Years' Expenditure,44704.72
2019-20,2262,Knappa SD 4,100,General Fund,1990,Miscellaneous,5543.59
2019-20,2262,Knappa SD 4,100,General Fund,2101,County School Funds,483400.17
2019-20,2262,Knappa SD 4,300,Debt Service Funds,5400,Resources - Beginning Fund Balance,76719.14
2019-20,2262,Knappa SD 4,200,Special Revenue Funds,4500,Restricted Revenue From Federal Government Through the State,441960.69
2019-20,2262,Knappa SD 4,200,Special Revenue Funds,5200,Interfund Transfers,259000
2019-20,2262,Knappa SD 4,200,Special Revenue Funds,5400,Resources - Beginning Fund Balance,765087.83
2019-20,2262,Knappa SD 4,300,Debt Service Funds,1110,Ad valorem taxes levied by district,495869.67
2019-20,2262,Knappa SD 4,300,Debt Service Funds,1190,Penalties and interest on taxes,12.81
2019-20,2262,Knappa SD 4,300,Debt Service Funds,1500,Earnings on Investments,421.96
2019-20,2262,Knappa SD 4,200,Special Revenue Funds,2200,Restricted Revenue,23500
2019-20,2262,Knappa SD 4,200,Special Revenue Funds,3102,State School Fund--School Lunch Match,2329.27
2019-20,2262,Knappa SD 4,200,Special Revenue Funds,3199,Other Unrestricted Grants-In-Aid,20000
2019-20,2262,Knappa SD 4,200,Special Revenue Funds,3222,State School Fund (SSF) Transportation Equipment,31334.2
2019-20,2262,Knappa SD 4,200,Special Revenue Funds,3299,Other Restricted Grants-In-Aid,201580.02
2019-20,2262,Knappa SD 4,200,Special Revenue Funds,4300,Restricted Revenue Direct From the Federal Government,34370.11
2019-20,2262,Knappa SD 4,200,Special Revenue Funds,1600,Food Service,55383.45
2019-20,2262,Knappa SD 4,200,Special Revenue Funds,1700,Extra-Curricular Activities,151353.57
2019-20,2262,Knappa SD 4,200,Special Revenue Funds,1910,Rentals,12435.04
2019-20,2262,Knappa SD 4,200,Special Revenue Funds,1920,Contributions and Donations From Private Sources,54032
2019-20,2262,Knappa SD 4,200,Special Revenue Funds,1960,Recovery of Prior Years' Expenditure,14809.76
2019-20,2262,Knappa SD 4,200,Special Revenue Funds,1990,Miscellaneous,23796.92
2019-20,2262,Knappa SD 4,100,General Fund,3101,State School Fund --General Support,3889444.81
2019-20,2262,Knappa SD 4,100,General Fund,3103,Common School Fund,44621.43
2019-20,2262,Knappa SD 4,100,General Fund,3104,State Managed County Timber,46629.07
2019-20,2262,Knappa SD 4,100,General Fund,3199,Other Unrestricted Grants-In-Aid,26409.43
2019-20,2262,Knappa SD 4,100,General Fund,5400,Resources - Beginning Fund Balance,1630208.7
2019-20,2262,Knappa SD 4,200,Special Revenue Funds,1500,Earnings on Investments,4462.73
2019-20,3997,Ione SD R2,300,Debt Service Funds,1110,Ad valorem taxes levied by district,274619.21
2019-20,3997,Ione SD R2,300,Debt Service Funds,1500,Earnings on Investments,1730.71
2019-20,3997,Ione SD R2,300,Debt Service Funds,5400,Resources - Beginning Fund Balance,40186.62
2019-20,3997,Ione SD R2,400,Capital Projects Funds,1500,Earnings on Investments,564.21
2019-20,3997,Ione SD R2,400,Capital Projects Funds,1920,Contributions and Donations From Private Sources,25776
2019-20,3997,Ione SD R2,400,Capital Projects Funds,5400,Resources - Beginning Fund Balance,320472.29
2019-20,3997,Ione SD R2,200,Special Revenue Funds,4300,Restricted Revenue Direct From the Federal Government,21798.69
2019-20,3997,Ione SD R2,200,Special Revenue Funds,4500,Restricted Revenue From Federal Government Through the State,58269.09
2019-20,3997,Ione SD R2,200,Special Revenue Funds,4700,Grants-In-Aid From Federal Government Through Other Intermed,10656.67
2019-20,3997,Ione SD R2,200,Special Revenue Funds,4900,Revenue for/on Behalf of the District,4576.15
2019-20,3997,Ione SD R2,200,Special Revenue Funds,5200,Interfund Transfers,56000
2019-20,3997,Ione SD R2,200,Special Revenue Funds,5400,Resources - Beginning Fund Balance,153436.2
2019-20,3997,Ione SD R2,200,Special Revenue Funds,1800,Community Services Activities,572.9
2019-20,3997,Ione SD R2,200,Special Revenue Funds,1910,Rentals,191850
2019-20,3997,Ione SD R2,200,Special Revenue Funds,1920,Contributions and Donations From Private Sources,71066.38
2019-20,3997,Ione SD R2,200,Special Revenue Funds,1990,Miscellaneous,9819.46
2019-20,3997,Ione SD R2,200,Special Revenue Funds,3102,State School Fund--School Lunch Match,502.5
2019-20,3997,Ione SD R2,200,Special Revenue Funds,3299,Other Restricted Grants-In-Aid,127276.17
2019-20,3997,Ione SD R2,100,General Fund,4801,Federal Forest Fees,4040.7
2019-20,3997,Ione SD R2,100,General Fund,5400,Resources - Beginning Fund Balance,884362.81
2019-20,3997,Ione SD R2,200,Special Revenue Funds,1200,Revenue From Local Governmental Units Other Than Districts,5000
2019-20,3997,Ione SD R2,200,Special Revenue Funds,1500,Earnings on Investments,40.74
2019-20,3997,Ione SD R2,200,Special Revenue Funds,1600,Food Service,18768.9
2019-20,3997,Ione SD R2,200,Special Revenue Funds,1700,Extra-Curricular Activities,46339.08
2019-20,3997,Ione SD R2,100,General Fund,1960,Recovery of Prior Years' Expenditure,560
2019-20,3997,Ione SD R2,100,General Fund,1990,Miscellaneous,15261.41
2019-20,3997,Ione SD R2,100,General Fund,2101,County School Funds,19418.25
2019-20,3997,Ione SD R2,100,General Fund,3101,State School Fund --General Support,2187955.57
2019-20,3997,Ione SD R2,100,General Fund,3103,Common School Fund,14442.94
2019-20,3997,Ione SD R2,100,General Fund,3299,Other Restricted Grants-In-Aid,3788
2019-20,3997,Ione SD R2,100,General Fund,1110,Ad valorem taxes levied by district,825557.18
2019-20,3997,Ione SD R2,100,General Fund,1500,Earnings on Investments,38122.86
2019-20,4131,North Wasco County SD 21,100,General Fund,5400,Resources - Beginning Fund Balance,1960243
2019-20,4131,North Wasco County SD 21,300,Debt Service Funds,5400,Resources - Beginning Fund Balance,714518
2019-20,4131,North Wasco County SD 21,200,Special Revenue Funds,5400,Resources - Beginning Fund Balance,1381963
2019-20,4131,North Wasco County SD 21,300,Debt Service Funds,1110,Ad valorem taxes levied by district,1806986.16
2019-20,4131,North Wasco County SD 21,300,Debt Service Funds,1500,Earnings on Investments,43849.52
2019-20,4131,North Wasco County SD 21,300,Debt Service Funds,1970,Services Provided Other Funds,1576120.91
2019-20,4131,North Wasco County SD 21,300,Debt Service Funds,5200,Interfund Transfers,380000
2019-20,4131,North Wasco County SD 21,200,Special Revenue Funds,3102,State School Fund--School Lunch Match,12589.75
2019-20,4131,North Wasco County SD 21,200,Special Revenue Funds,3222,State School Fund (SSF) Transportation Equipment,110000
2019-20,4131,North Wasco County SD 21,200,Special Revenue Funds,3299,Other Restricted Grants-In-Aid,1631058.84
2019-20,4131,North Wasco County SD 21,200,Special Revenue Funds,4500,Restricted Revenue From Federal Government Through the State,2766888.26
2019-20,4131,North Wasco County SD 21,200,Special Revenue Funds,4900,Revenue for/on Behalf of the District,96539.61
2019-20,4131,North Wasco County SD 21,200,Special Revenue Funds,5200,Interfund Transfers,330000
2019-20,4131,North Wasco County SD 21,200,Special Revenue Funds,1600,Food Service,11356.6
2019-20,4131,North Wasco County SD 21,200,Special Revenue Funds,1700,Extra-Curricular Activities,258342.34
2019-20,4131,North Wasco County SD 21,200,Special Revenue Funds,1920,Contributions and Donations From Private Sources,38818.49
2019-20,4131,North Wasco County SD 21,200,Special Revenue Funds,1960,Recovery of Prior Years' Expenditure,587.49
2019-20,4131,North Wasco County SD 21,200,Special Revenue Funds,1990,Miscellaneous,47191.87
2019-20,4131,North Wasco County SD 21,200,Special Revenue Funds,2200,Restricted Revenue,17500
2019-20,4131,North Wasco County SD 21,100,General Fund,3103,Common School Fund,292205.04
2019-20,4131,North Wasco County SD 21,100,General Fund,4500,Restricted Revenue From Federal Government Through the State,44677.51
2019-20,4131,North Wasco County SD 21,100,General Fund,4801,Federal Forest Fees,139411.93
2019-20,4131,North Wasco County SD 21,100,General Fund,5200,Interfund Transfers,637294.59
2019-20,4131,North Wasco County SD 21,200,Special Revenue Funds,1200,Revenue From Local Governmental Units Other Than Districts,240000
2019-20,4131,North Wasco County SD 21,200,Special Revenue Funds,1500,Earnings on Investments,12864.84
2019-20,4131,North Wasco County SD 21,100,General Fund,1920,Contributions and Donations From Private Sources,66.68
2019-20,4131,North Wasco County SD 21,100,General Fund,1960,Recovery of Prior Years' Expenditure,244407.15
2019-20,4131,North Wasco County SD 21,100,General Fund,1980,Fees Charged to Grants,114744.84
2019-20,4131,North Wasco County SD 21,100,General Fund,1990,Miscellaneous,185315.86
2019-20,4131,North Wasco County SD 21,100,General Fund,2101,County School Funds,61593.82
2019-20,4131,North Wasco County SD 21,100,General Fund,3101,State School Fund --General Support,22332964.6
2019-20,4131,North Wasco County SD 21,100,General Fund,1110,Ad valorem taxes levied by district,9025530.28
2019-20,4131,North Wasco County SD 21,100,General Fund,1130,Construction Excise Tax,206188.31
2019-20,4131,North Wasco County SD 21,100,General Fund,1330,Summer School Tuition,30479.82
2019-20,4131,North Wasco County SD 21,100,General Fund,1500,Earnings on Investments,75316.14
2019-20,4131,North Wasco County SD 21,100,General Fund,1700,Extra-Curricular Activities,41268.95
2019-20,4131,North Wasco County SD 21,100,General Fund,1910,Rentals,47178.12
