SchoolYear,Institution_ID,Institution_Name,FundCd,FundDesc,SrcCd,SourceDesc,ActualRevAmt
2020-21,1894,Baker SD 5J,700,Trust and Agency Funds,1500,Earnings on Investments,4442.65
2020-21,1894,Baker SD 5J,700,Trust and Agency Funds,1920,Contributions and Donations From Private Sources,30000
2020-21,1894,Baker SD 5J,700,Trust and Agency Funds,1990,Miscellaneous,293670.81
2020-21,1894,Baker SD 5J,700,Trust and Agency Funds,5400,Resources - Beginning Fund Balance,512109.08
2020-21,1894,Baker SD 5J,250,Non-Federal Sources,1500,Earnings on Investments,227.33
2020-21,1894,Baker SD 5J,300,Debt Service Funds,5400,Resources - Beginning Fund Balance,563561.37
2020-21,1894,Baker SD 5J,400,Capital Projects Funds,1500,Earnings on Investments,18275.79
2020-21,1894,Baker SD 5J,400,Capital Projects Funds,5200,Interfund Transfers,1200000
2020-21,1894,Baker SD 5J,400,Capital Projects Funds,5400,Resources - Beginning Fund Balance,2248706.55
2020-21,1894,Baker SD 5J,500,Enterprise Funds,1311,Tuition from Individuals,17333
2020-21,1894,Baker SD 5J,500,Enterprise Funds,1990,Miscellaneous,61.47
2020-21,1894,Baker SD 5J,100,General Fund,3299,Other Restricted Grants-In-Aid,11522.44
2020-21,1894,Baker SD 5J,100,General Fund,4801,Federal Forest Fees,139204.7
2020-21,1894,Baker SD 5J,100,General Fund,5200,Interfund Transfers,275500
2020-21,1894,Baker SD 5J,100,General Fund,5400,Resources - Beginning Fund Balance,7750822.75
2020-21,1894,Baker SD 5J,300,Debt Service Funds,1500,Earnings on Investments,7669.08
2020-21,1894,Baker SD 5J,300,Debt Service Funds,1970,Services Provided Other Funds,880505.99
2020-21,1894,Baker SD 5J,100,General Fund,1970,Services Provided Other Funds,59361.13
2020-21,1894,Baker SD 5J,100,General Fund,1980,Fees Charged to Grants,61288.43
2020-21,1894,Baker SD 5J,100,General Fund,1990,Miscellaneous,102770.05
2020-21,1894,Baker SD 5J,100,General Fund,2200,Restricted Revenue,1954144.46
2020-21,1894,Baker SD 5J,100,General Fund,3101,State School Fund --General Support,39557582.6
2020-21,1894,Baker SD 5J,100,General Fund,3103,Common School Fund,174919.96
2020-21,1894,Baker SD 5J,299,Child Nutrition,5400,Resources - Beginning Fund Balance,226993.97
2020-21,1894,Baker SD 5J,100,General Fund,1110,Ad valorem taxes levied by district,5575617.77
2020-21,1894,Baker SD 5J,100,General Fund,1320,Adult/Continuing Education Tuition,792792.62
2020-21,1894,Baker SD 5J,100,General Fund,1500,Earnings on Investments,109945.62
2020-21,1894,Baker SD 5J,100,General Fund,1910,Rentals,36050
2020-21,1894,Baker SD 5J,100,General Fund,1940,Services Provided Other Local Education Agencies,223798.63
2020-21,1894,Baker SD 5J,299,Child Nutrition,4500,Restricted Revenue From Federal Government Through the State,566437.73
2020-21,1894,Baker SD 5J,299,Child Nutrition,4900,Revenue for/on Behalf of the District,35387.47
2020-21,1894,Baker SD 5J,400,Capital Projects Funds,1920,Contributions and Donations From Private Sources,112558
2020-21,1894,Baker SD 5J,400,Capital Projects Funds,3299,Other Restricted Grants-In-Aid,2538
2020-21,1894,Baker SD 5J,252,Measure 98 - High School Success,5400,Resources - Beginning Fund Balance,2.19
2020-21,1894,Baker SD 5J,250,Non-Federal Sources,5400,Resources - Beginning Fund Balance,1767311.06
2020-21,1894,Baker SD 5J,251,Student Investment Account,3299,Other Restricted Grants-In-Aid,586375.08
2020-21,1894,Baker SD 5J,252,Measure 98 - High School Success,3299,Other Restricted Grants-In-Aid,428610.8
2020-21,1894,Baker SD 5J,299,Child Nutrition,1600,Food Service,2790.59
2020-21,1894,Baker SD 5J,299,Child Nutrition,1990,Miscellaneous,348.42
2020-21,1894,Baker SD 5J,299,Child Nutrition,3102,State School Fund--School Lunch Match,4841.05
2020-21,1894,Baker SD 5J,299,Child Nutrition,3299,Other Restricted Grants-In-Aid,23125.3
2020-21,1894,Baker SD 5J,250,Non-Federal Sources,3222,State School Fund (SSF) Transportation Equipment,121000
2020-21,1894,Baker SD 5J,250,Non-Federal Sources,3299,Other Restricted Grants-In-Aid,328656.5
2020-21,1894,Baker SD 5J,250,Non-Federal Sources,4500,Restricted Revenue From Federal Government Through the State,145533.16
2020-21,1894,Baker SD 5J,250,Non-Federal Sources,5100,Long Term Debt Financing Sources,220587
2020-21,1894,Baker SD 5J,250,Non-Federal Sources,5200,Interfund Transfers,450568.13
2020-21,1894,Baker SD 5J,250,Non-Federal Sources,5300,Sale of or Compensation for Loss of Fixed Assets,195000
2020-21,1894,Baker SD 5J,250,Non-Federal Sources,1920,Contributions and Donations From Private Sources,82386.94
2020-21,1894,Baker SD 5J,250,Non-Federal Sources,1940,Services Provided Other Local Education Agencies,910398.49
2020-21,1894,Baker SD 5J,250,Non-Federal Sources,1970,Services Provided Other Funds,6465.92
2020-21,1894,Baker SD 5J,250,Non-Federal Sources,1990,Miscellaneous,128546.08
2020-21,1894,Baker SD 5J,250,Non-Federal Sources,2200,Restricted Revenue,176164.68
2020-21,1894,Baker SD 5J,250,Non-Federal Sources,3101,State School Fund --General Support,659300
2020-21,1894,Baker SD 5J,201,Federal Sources,5400,Resources - Beginning Fund Balance,217.89
2020-21,1894,Baker SD 5J,100,General Fund,1800,Community Services Activities,11120
2020-21,1894,Baker SD 5J,100,General Fund,1960,Recovery of Prior Years' Expenditure,22579.78
2020-21,1894,Baker SD 5J,201,Federal Sources,4700,Grants-In-Aid From Federal Government Through Other Intermed,25471
2020-21,1894,Baker SD 5J,250,Non-Federal Sources,1320,Adult/Continuing Education Tuition,114311.39
2020-21,1894,Baker SD 5J,250,Non-Federal Sources,1700,Extra-Curricular Activities,145036.49
2020-21,1894,Baker SD 5J,300,Debt Service Funds,5200,Interfund Transfers,200000
2020-21,1894,Baker SD 5J,201,Federal Sources,4500,Restricted Revenue From Federal Government Through the State,2635089.13
2020-21,1895,Huntington SD 16J,252,Measure 98 - High School Success,3299,Other Restricted Grants-In-Aid,82305.98
2020-21,1895,Huntington SD 16J,299,Child Nutrition,4500,Restricted Revenue From Federal Government Through the State,30344.8
2020-21,1895,Huntington SD 16J,299,Child Nutrition,5200,Interfund Transfers,68329.33
2020-21,1895,Huntington SD 16J,400,Capital Projects Funds,5400,Resources - Beginning Fund Balance,25000
2020-21,1895,Huntington SD 16J,600,Internal Service Funds,1500,Earnings on Investments,335.83
2020-21,1895,Huntington SD 16J,600,Internal Service Funds,5400,Resources - Beginning Fund Balance,18904
2020-21,1895,Huntington SD 16J,250,Non-Federal Sources,1700,Extra-Curricular Activities,36761.66
2020-21,1895,Huntington SD 16J,250,Non-Federal Sources,1910,Rentals,4225
2020-21,1895,Huntington SD 16J,250,Non-Federal Sources,3299,Other Restricted Grants-In-Aid,141900
2020-21,1895,Huntington SD 16J,250,Non-Federal Sources,5200,Interfund Transfers,25000
2020-21,1895,Huntington SD 16J,251,Student Investment Account,3299,Other Restricted Grants-In-Aid,46834.2
2020-21,1895,Huntington SD 16J,251,Student Investment Account,5400,Resources - Beginning Fund Balance,69927.47
2020-21,1895,Huntington SD 16J,100,General Fund,4801,Federal Forest Fees,7039.99
2020-21,1895,Huntington SD 16J,100,General Fund,5300,Sale of or Compensation for Loss of Fixed Assets,6000
2020-21,1895,Huntington SD 16J,100,General Fund,5400,Resources - Beginning Fund Balance,1894051
2020-21,1895,Huntington SD 16J,201,Federal Sources,4300,Restricted Revenue Direct From the Federal Government,11951
2020-21,1895,Huntington SD 16J,201,Federal Sources,4500,Restricted Revenue From Federal Government Through the State,156553.49
2020-21,1895,Huntington SD 16J,250,Non-Federal Sources,1500,Earnings on Investments,11.09
2020-21,1895,Huntington SD 16J,100,General Fund,1110,Ad valorem taxes levied by district,632678.56
2020-21,1895,Huntington SD 16J,100,General Fund,1500,Earnings on Investments,15852.97
2020-21,1895,Huntington SD 16J,100,General Fund,1990,Miscellaneous,24037.65
2020-21,1895,Huntington SD 16J,100,General Fund,3101,State School Fund --General Support,1132300.63
2020-21,1895,Huntington SD 16J,100,General Fund,3103,Common School Fund,8638.69
2020-21,1896,Burnt River SD 30J,100,General Fund,1110,Ad valorem taxes levied by district,328134
2020-21,1896,Burnt River SD 30J,100,General Fund,1500,Earnings on Investments,8532
2020-21,1896,Burnt River SD 30J,100,General Fund,1700,Extra-Curricular Activities,15
2020-21,1896,Burnt River SD 30J,100,General Fund,1910,Rentals,7370
2020-21,1896,Burnt River SD 30J,100,General Fund,1990,Miscellaneous,15357
2020-21,1896,Burnt River SD 30J,100,General Fund,2800,Revenue in Lieu of Taxes,3073
2020-21,1896,Burnt River SD 30J,251,Student Investment Account,3299,Other Restricted Grants-In-Aid,30617
2020-21,1896,Burnt River SD 30J,200,Special Revenue Funds,4900,Revenue for/on Behalf of the District,1315
2020-21,1896,Burnt River SD 30J,200,Special Revenue Funds,5200,Interfund Transfers,24351
2020-21,1896,Burnt River SD 30J,200,Special Revenue Funds,5400,Resources - Beginning Fund Balance,49053
2020-21,1896,Burnt River SD 30J,600,Internal Service Funds,1500,Earnings on Investments,212
2020-21,1896,Burnt River SD 30J,600,Internal Service Funds,5400,Resources - Beginning Fund Balance,29264
2020-21,1896,Burnt River SD 30J,200,Special Revenue Funds,1500,Earnings on Investments,188
2020-21,1896,Burnt River SD 30J,200,Special Revenue Funds,1600,Food Service,1635
2020-21,1896,Burnt River SD 30J,200,Special Revenue Funds,1920,Contributions and Donations From Private Sources,1000
2020-21,1896,Burnt River SD 30J,200,Special Revenue Funds,1990,Miscellaneous,7665
2020-21,1896,Burnt River SD 30J,200,Special Revenue Funds,3102,State School Fund--School Lunch Match,189
2020-21,1896,Burnt River SD 30J,200,Special Revenue Funds,4500,Restricted Revenue From Federal Government Through the State,49784
2020-21,1896,Burnt River SD 30J,100,General Fund,3101,State School Fund --General Support,868239
2020-21,1896,Burnt River SD 30J,100,General Fund,3103,Common School Fund,3826
2020-21,1896,Burnt River SD 30J,100,General Fund,3299,Other Restricted Grants-In-Aid,79543
2020-21,1896,Burnt River SD 30J,100,General Fund,4500,Restricted Revenue From Federal Government Through the State,87172
2020-21,1896,Burnt River SD 30J,100,General Fund,4801,Federal Forest Fees,2527
2020-21,1896,Burnt River SD 30J,100,General Fund,5400,Resources - Beginning Fund Balance,934085
2020-21,1897,Pine Eagle SD 61,100,General Fund,1110,Ad valorem taxes levied by district,1043074.52
2020-21,1897,Pine Eagle SD 61,100,General Fund,1500,Earnings on Investments,19472.36
2020-21,1897,Pine Eagle SD 61,100,General Fund,1990,Miscellaneous,2842.66
2020-21,1897,Pine Eagle SD 61,100,General Fund,2200,Restricted Revenue,142120.77
2020-21,1897,Pine Eagle SD 61,100,General Fund,3101,State School Fund --General Support,2333099.54
2020-21,1897,Pine Eagle SD 61,100,General Fund,3103,Common School Fund,18584.79
2020-21,1897,Pine Eagle SD 61,200,Special Revenue Funds,1920,Contributions and Donations From Private Sources,6265.85
2020-21,1897,Pine Eagle SD 61,200,Special Revenue Funds,1990,Miscellaneous,27970.3
2020-21,1897,Pine Eagle SD 61,200,Special Revenue Funds,3299,Other Restricted Grants-In-Aid,232390.38
2020-21,1897,Pine Eagle SD 61,200,Special Revenue Funds,4500,Restricted Revenue From Federal Government Through the State,275458.73
2020-21,1897,Pine Eagle SD 61,200,Special Revenue Funds,5200,Interfund Transfers,215099.13
2020-21,1897,Pine Eagle SD 61,200,Special Revenue Funds,5400,Resources - Beginning Fund Balance,482017.28
2020-21,1897,Pine Eagle SD 61,100,General Fund,4801,Federal Forest Fees,15925.39
2020-21,1897,Pine Eagle SD 61,100,General Fund,5300,Sale of or Compensation for Loss of Fixed Assets,22468.22
2020-21,1897,Pine Eagle SD 61,100,General Fund,5400,Resources - Beginning Fund Balance,1596064.39
2020-21,1897,Pine Eagle SD 61,200,Special Revenue Funds,1500,Earnings on Investments,11.24
2020-21,1897,Pine Eagle SD 61,200,Special Revenue Funds,1600,Food Service,17165.38
2020-21,1897,Pine Eagle SD 61,200,Special Revenue Funds,1700,Extra-Curricular Activities,55141.16
2020-21,1898,Monroe SD 1J,299,Child Nutrition,3299,Other Restricted Grants-In-Aid,13928.44
2020-21,1898,Monroe SD 1J,299,Child Nutrition,4500,Restricted Revenue From Federal Government Through the State,109587.03
2020-21,1898,Monroe SD 1J,299,Child Nutrition,5200,Interfund Transfers,79302.06
2020-21,1898,Monroe SD 1J,299,Child Nutrition,5400,Resources - Beginning Fund Balance,0.57
2020-21,1898,Monroe SD 1J,400,Capital Projects Funds,1130,Construction Excise Tax,68772.48
2020-21,1898,Monroe SD 1J,400,Capital Projects Funds,3299,Other Restricted Grants-In-Aid,238408.22
2020-21,1898,Monroe SD 1J,400,Capital Projects Funds,5400,Resources - Beginning Fund Balance,1755974.99
2020-21,1898,Monroe SD 1J,252,Measure 98 - High School Success,3299,Other Restricted Grants-In-Aid,111725.83
2020-21,1898,Monroe SD 1J,251,Student Investment Account,3299,Other Restricted Grants-In-Aid,114747.42
2020-21,1898,Monroe SD 1J,299,Child Nutrition,1600,Food Service,855.3
2020-21,1898,Monroe SD 1J,250,Non-Federal Sources,5400,Resources - Beginning Fund Balance,75945.71
2020-21,1898,Monroe SD 1J,300,Debt Service Funds,1120,Local option ad valorem taxes levied by district,402997.36
2020-21,1898,Monroe SD 1J,300,Debt Service Funds,1500,Earnings on Investments,-1182.65
2020-21,1898,Monroe SD 1J,300,Debt Service Funds,1970,Services Provided Other Funds,174792.45
2020-21,1898,Monroe SD 1J,300,Debt Service Funds,5200,Interfund Transfers,28976.54
2020-21,1898,Monroe SD 1J,300,Debt Service Funds,5400,Resources - Beginning Fund Balance,204031.03
2020-21,1898,Monroe SD 1J,250,Non-Federal Sources,1700,Extra-Curricular Activities,6064.24
2020-21,1898,Monroe SD 1J,250,Non-Federal Sources,1920,Contributions and Donations From Private Sources,3807.15
2020-21,1898,Monroe SD 1J,250,Non-Federal Sources,1990,Miscellaneous,4345.01
2020-21,1898,Monroe SD 1J,250,Non-Federal Sources,3299,Other Restricted Grants-In-Aid,18465.23
2020-21,1898,Monroe SD 1J,250,Non-Federal Sources,4700,Grants-In-Aid From Federal Government Through Other Intermed,6170.44
2020-21,1898,Monroe SD 1J,250,Non-Federal Sources,5200,Interfund Transfers,80602.49
2020-21,1898,Monroe SD 1J,100,General Fund,5400,Resources - Beginning Fund Balance,1204625.37
2020-21,1898,Monroe SD 1J,201,Federal Sources,3299,Other Restricted Grants-In-Aid,84782.19
2020-21,1898,Monroe SD 1J,201,Federal Sources,4300,Restricted Revenue Direct From the Federal Government,16284
2020-21,1898,Monroe SD 1J,201,Federal Sources,4500,Restricted Revenue From Federal Government Through the State,392677.06
2020-21,1898,Monroe SD 1J,201,Federal Sources,5200,Interfund Transfers,14275.99
2020-21,1898,Monroe SD 1J,201,Federal Sources,5400,Resources - Beginning Fund Balance,-223.41
2020-21,1898,Monroe SD 1J,100,General Fund,3101,State School Fund --General Support,3325280.59
2020-21,1898,Monroe SD 1J,100,General Fund,3103,Common School Fund,53751.2
2020-21,1898,Monroe SD 1J,100,General Fund,3199,Other Unrestricted Grants-In-Aid,21623.46
2020-21,1898,Monroe SD 1J,100,General Fund,3299,Other Restricted Grants-In-Aid,33589.63
2020-21,1898,Monroe SD 1J,100,General Fund,4200,Unrestricted Revenue From Federal Government Through State,6659.09
2020-21,1898,Monroe SD 1J,100,General Fund,4899,Other Federal Revenue in Lieu of Taxes,1323.24
2020-21,1898,Monroe SD 1J,100,General Fund,1700,Extra-Curricular Activities,1551
2020-21,1898,Monroe SD 1J,100,General Fund,1960,Recovery of Prior Years' Expenditure,66.32
2020-21,1898,Monroe SD 1J,100,General Fund,1980,Fees Charged to Grants,1260.72
2020-21,1898,Monroe SD 1J,100,General Fund,1990,Miscellaneous,16921.73
2020-21,1898,Monroe SD 1J,100,General Fund,2101,County School Funds,8281.65
2020-21,1898,Monroe SD 1J,100,General Fund,2200,Restricted Revenue,15385
2020-21,1898,Monroe SD 1J,100,General Fund,1110,Ad valorem taxes levied by district,1383542.99
2020-21,1898,Monroe SD 1J,100,General Fund,1500,Earnings on Investments,13276.77
2020-21,1899,Alsea SD 7J,100,General Fund,1110,Ad valorem taxes levied by district,443048.31
2020-21,1899,Alsea SD 7J,100,General Fund,1190,Penalties and interest on taxes,1333.15
2020-21,1899,Alsea SD 7J,100,General Fund,1500,Earnings on Investments,20400.58
2020-21,1899,Alsea SD 7J,100,General Fund,1940,Services Provided Other Local Education Agencies,45802.02
2020-21,1899,Alsea SD 7J,100,General Fund,1960,Recovery of Prior Years' Expenditure,423.5
2020-21,1899,Alsea SD 7J,100,General Fund,1980,Fees Charged to Grants,2147.68
2020-21,1899,Alsea SD 7J,400,Capital Projects Funds,5400,Resources - Beginning Fund Balance,18819.53
2020-21,1899,Alsea SD 7J,299,Child Nutrition,1600,Food Service,315.45
2020-21,1899,Alsea SD 7J,299,Child Nutrition,3299,Other Restricted Grants-In-Aid,141900
2020-21,1899,Alsea SD 7J,299,Child Nutrition,5200,Interfund Transfers,55756.03
2020-21,1899,Alsea SD 7J,299,Child Nutrition,5400,Resources - Beginning Fund Balance,3160.4
2020-21,1899,Alsea SD 7J,400,Capital Projects Funds,5100,Long Term Debt Financing Sources,2289477
2020-21,1899,Alsea SD 7J,400,Capital Projects Funds,5200,Interfund Transfers,159304.31
2020-21,1899,Alsea SD 7J,250,Non-Federal Sources,2200,Restricted Revenue,38942.35
2020-21,1899,Alsea SD 7J,250,Non-Federal Sources,3299,Other Restricted Grants-In-Aid,80139.32
2020-21,1899,Alsea SD 7J,250,Non-Federal Sources,5200,Interfund Transfers,9939.66
2020-21,1899,Alsea SD 7J,250,Non-Federal Sources,5400,Resources - Beginning Fund Balance,2571.42
2020-21,1899,Alsea SD 7J,251,Student Investment Account,3299,Other Restricted Grants-In-Aid,99567.96
2020-21,1899,Alsea SD 7J,252,Measure 98 - High School Success,3299,Other Restricted Grants-In-Aid,149735.2
2020-21,1899,Alsea SD 7J,201,Federal Sources,5400,Resources - Beginning Fund Balance,-37702.95
2020-21,1899,Alsea SD 7J,250,Non-Federal Sources,1500,Earnings on Investments,7.64
2020-21,1899,Alsea SD 7J,250,Non-Federal Sources,1700,Extra-Curricular Activities,10185.02
2020-21,1899,Alsea SD 7J,250,Non-Federal Sources,1920,Contributions and Donations From Private Sources,3053.1
2020-21,1899,Alsea SD 7J,250,Non-Federal Sources,1960,Recovery of Prior Years' Expenditure,50.48
2020-21,1899,Alsea SD 7J,250,Non-Federal Sources,1990,Miscellaneous,1876.51
2020-21,1899,Alsea SD 7J,100,General Fund,3299,Other Restricted Grants-In-Aid,11921.28
2020-21,1899,Alsea SD 7J,100,General Fund,5100,Long Term Debt Financing Sources,116800
2020-21,1899,Alsea SD 7J,100,General Fund,5300,Sale of or Compensation for Loss of Fixed Assets,5927.11
2020-21,1899,Alsea SD 7J,100,General Fund,5400,Resources - Beginning Fund Balance,2300054.82
2020-21,1899,Alsea SD 7J,201,Federal Sources,4100,Unrestricted Revenue Direct From the Federal Government,26808
2020-21,1899,Alsea SD 7J,201,Federal Sources,4500,Restricted Revenue From Federal Government Through the State,353173.19
2020-21,1899,Alsea SD 7J,100,General Fund,1990,Miscellaneous,33436.77
2020-21,1899,Alsea SD 7J,100,General Fund,2101,County School Funds,3450.49
2020-21,1899,Alsea SD 7J,100,General Fund,2102,General Education Service District Funds,11538
2020-21,1899,Alsea SD 7J,100,General Fund,2199,Other Intermediate Sources,17.07
2020-21,1899,Alsea SD 7J,100,General Fund,3101,State School Fund --General Support,7667487.99
2020-21,1899,Alsea SD 7J,100,General Fund,3103,Common School Fund,25344.16
2020-21,1900,Philomath SD 17J,400,Capital Projects Funds,5400,Resources - Beginning Fund Balance,400072.03
2020-21,1900,Philomath SD 17J,600,Internal Service Funds,5400,Resources - Beginning Fund Balance,773.38
2020-21,1900,Philomath SD 17J,700,Trust and Agency Funds,1990,Miscellaneous,7399.6
2020-21,1900,Philomath SD 17J,700,Trust and Agency Funds,5200,Interfund Transfers,75000
2020-21,1900,Philomath SD 17J,700,Trust and Agency Funds,5400,Resources - Beginning Fund Balance,681252.95
2020-21,1900,Philomath SD 17J,300,Debt Service Funds,1500,Earnings on Investments,1052732.24
2020-21,1900,Philomath SD 17J,300,Debt Service Funds,1970,Services Provided Other Funds,780822.5
2020-21,1900,Philomath SD 17J,300,Debt Service Funds,5400,Resources - Beginning Fund Balance,5850430.54
2020-21,1900,Philomath SD 17J,400,Capital Projects Funds,1500,Earnings on Investments,121.14
2020-21,1900,Philomath SD 17J,400,Capital Projects Funds,5200,Interfund Transfers,166000
2020-21,1900,Philomath SD 17J,400,Capital Projects Funds,5300,Sale of or Compensation for Loss of Fixed Assets,45666.6
2020-21,1900,Philomath SD 17J,299,Child Nutrition,3299,Other Restricted Grants-In-Aid,8362.46
2020-21,1900,Philomath SD 17J,299,Child Nutrition,4900,Revenue for/on Behalf of the District,8775.32
2020-21,1900,Philomath SD 17J,299,Child Nutrition,5200,Interfund Transfers,3692.21
2020-21,1900,Philomath SD 17J,299,Child Nutrition,5400,Resources - Beginning Fund Balance,21264.65
2020-21,1900,Philomath SD 17J,300,Debt Service Funds,1110,Ad valorem taxes levied by district,2058241.76
2020-21,1900,Philomath SD 17J,300,Debt Service Funds,1190,Penalties and interest on taxes,5299.7
2020-21,1900,Philomath SD 17J,250,Non-Federal Sources,4500,Restricted Revenue From Federal Government Through the State,1058265.28
2020-21,1900,Philomath SD 17J,250,Non-Federal Sources,5400,Resources - Beginning Fund Balance,-51422.01
2020-21,1900,Philomath SD 17J,251,Student Investment Account,3299,Other Restricted Grants-In-Aid,422846.56
2020-21,1900,Philomath SD 17J,252,Measure 98 - High School Success,1990,Miscellaneous,13
2020-21,1900,Philomath SD 17J,252,Measure 98 - High School Success,3299,Other Restricted Grants-In-Aid,450600.44
2020-21,1900,Philomath SD 17J,252,Measure 98 - High School Success,5400,Resources - Beginning Fund Balance,-13
2020-21,1900,Philomath SD 17J,201,Federal Sources,3204,Driver Education,8355
2020-21,1900,Philomath SD 17J,201,Federal Sources,3299,Other Restricted Grants-In-Aid,128714.67
2020-21,1900,Philomath SD 17J,201,Federal Sources,4700,Grants-In-Aid From Federal Government Through Other Intermed,21483.46
2020-21,1900,Philomath SD 17J,201,Federal Sources,5200,Interfund Transfers,50000
2020-21,1900,Philomath SD 17J,201,Federal Sources,5400,Resources - Beginning Fund Balance,732177.33
2020-21,1900,Philomath SD 17J,250,Non-Federal Sources,3299,Other Restricted Grants-In-Aid,8391.76
2020-21,1900,Philomath SD 17J,201,Federal Sources,1500,Earnings on Investments,1982.45
2020-21,1900,Philomath SD 17J,201,Federal Sources,1700,Extra-Curricular Activities,61176.69
2020-21,1900,Philomath SD 17J,201,Federal Sources,1800,Community Services Activities,13405.62
2020-21,1900,Philomath SD 17J,201,Federal Sources,1920,Contributions and Donations From Private Sources,46780.97
2020-21,1900,Philomath SD 17J,201,Federal Sources,1990,Miscellaneous,87772.21
2020-21,1900,Philomath SD 17J,201,Federal Sources,3199,Other Unrestricted Grants-In-Aid,45819.76
2020-21,1900,Philomath SD 17J,100,General Fund,3103,Common School Fund,238372.76
2020-21,1900,Philomath SD 17J,100,General Fund,3104,State Managed County Timber,8.11
2020-21,1900,Philomath SD 17J,100,General Fund,3199,Other Unrestricted Grants-In-Aid,514472
2020-21,1900,Philomath SD 17J,100,General Fund,3299,Other Restricted Grants-In-Aid,100505.16
2020-21,1900,Philomath SD 17J,100,General Fund,4200,Unrestricted Revenue From Federal Government Through State,12149.6
2020-21,1900,Philomath SD 17J,100,General Fund,5400,Resources - Beginning Fund Balance,2743643.23
2020-21,1900,Philomath SD 17J,100,General Fund,1980,Fees Charged to Grants,9643.26
2020-21,1900,Philomath SD 17J,100,General Fund,1990,Miscellaneous,30242.21
2020-21,1900,Philomath SD 17J,100,General Fund,2101,County School Funds,18887.21
2020-21,1900,Philomath SD 17J,100,General Fund,2199,Other Intermediate Sources,108671.57
2020-21,1900,Philomath SD 17J,100,General Fund,2200,Restricted Revenue,2214.68
2020-21,1900,Philomath SD 17J,100,General Fund,3101,State School Fund --General Support,12633134.43
2020-21,1900,Philomath SD 17J,100,General Fund,1330,Summer School Tuition,75
2020-21,1900,Philomath SD 17J,100,General Fund,1500,Earnings on Investments,64844.83
2020-21,1900,Philomath SD 17J,100,General Fund,1700,Extra-Curricular Activities,26982.5
2020-21,1900,Philomath SD 17J,100,General Fund,1910,Rentals,3670
2020-21,1900,Philomath SD 17J,100,General Fund,1920,Contributions and Donations From Private Sources,4166.93
2020-21,1900,Philomath SD 17J,100,General Fund,1940,Services Provided Other Local Education Agencies,132501.78
2020-21,1900,Philomath SD 17J,100,General Fund,1110,Ad valorem taxes levied by district,3914745.94
2020-21,1900,Philomath SD 17J,100,General Fund,1120,Local option ad valorem taxes levied by district,998606.5
2020-21,1900,Philomath SD 17J,100,General Fund,1190,Penalties and interest on taxes,10447.07
2020-21,1901,Corvallis SD 509J,100,General Fund,1110,Ad valorem taxes levied by district,31096320.39
2020-21,1901,Corvallis SD 509J,100,General Fund,1120,Local option ad valorem taxes levied by district,8120744.79
2020-21,1901,Corvallis SD 509J,100,General Fund,1311,Tuition from Individuals,150
2020-21,1901,Corvallis SD 509J,100,General Fund,1910,Rentals,42130.24
2020-21,1901,Corvallis SD 509J,100,General Fund,1960,Recovery of Prior Years' Expenditure,22653.12
2020-21,1901,Corvallis SD 509J,100,General Fund,1980,Fees Charged to Grants,324623.88
2020-21,1901,Corvallis SD 509J,700,Trust and Agency Funds,5400,Resources - Beginning Fund Balance,296823.62
2020-21,1901,Corvallis SD 509J,100,General Fund,1500,Earnings on Investments,-33324.33
2020-21,1901,Corvallis SD 509J,400,Capital Projects Funds,1500,Earnings on Investments,344427.2
2020-21,1901,Corvallis SD 509J,600,Internal Service Funds,1960,Recovery of Prior Years' Expenditure,1787.5
2020-21,1901,Corvallis SD 509J,600,Internal Service Funds,1970,Services Provided Other Funds,14606224.03
2020-21,1901,Corvallis SD 509J,600,Internal Service Funds,1990,Miscellaneous,2724.77
2020-21,1901,Corvallis SD 509J,600,Internal Service Funds,5400,Resources - Beginning Fund Balance,7485268.37
2020-21,1901,Corvallis SD 509J,700,Trust and Agency Funds,1500,Earnings on Investments,2312.07
2020-21,1901,Corvallis SD 509J,700,Trust and Agency Funds,1920,Contributions and Donations From Private Sources,255381.1
2020-21,1901,Corvallis SD 509J,300,Debt Service Funds,1970,Services Provided Other Funds,2392673.1
2020-21,1901,Corvallis SD 509J,300,Debt Service Funds,2800,Revenue in Lieu of Taxes,1217.67
2020-21,1901,Corvallis SD 509J,300,Debt Service Funds,5400,Resources - Beginning Fund Balance,960239.32
2020-21,1901,Corvallis SD 509J,400,Capital Projects Funds,1990,Miscellaneous,18670
2020-21,1901,Corvallis SD 509J,400,Capital Projects Funds,5100,Long Term Debt Financing Sources,50420388.65
2020-21,1901,Corvallis SD 509J,400,Capital Projects Funds,5400,Resources - Beginning Fund Balance,165325450.4
2020-21,1901,Corvallis SD 509J,299,Child Nutrition,3299,Other Restricted Grants-In-Aid,11236.4
2020-21,1901,Corvallis SD 509J,299,Child Nutrition,4500,Restricted Revenue From Federal Government Through the State,1968233.05
2020-21,1901,Corvallis SD 509J,299,Child Nutrition,4900,Revenue for/on Behalf of the District,158709.15
2020-21,1901,Corvallis SD 509J,299,Child Nutrition,5400,Resources - Beginning Fund Balance,140127.99
2020-21,1901,Corvallis SD 509J,300,Debt Service Funds,1110,Ad valorem taxes levied by district,12719906.79
2020-21,1901,Corvallis SD 509J,300,Debt Service Funds,1500,Earnings on Investments,75287.65
2020-21,1901,Corvallis SD 509J,252,Measure 98 - High School Success,3299,Other Restricted Grants-In-Aid,1366448.14
2020-21,1901,Corvallis SD 509J,299,Child Nutrition,1500,Earnings on Investments,1599.93
2020-21,1901,Corvallis SD 509J,299,Child Nutrition,1600,Food Service,64852.21
2020-21,1901,Corvallis SD 509J,299,Child Nutrition,1920,Contributions and Donations From Private Sources,500
2020-21,1901,Corvallis SD 509J,299,Child Nutrition,1990,Miscellaneous,14381.46
2020-21,1901,Corvallis SD 509J,299,Child Nutrition,3102,State School Fund--School Lunch Match,15778.55
2020-21,1901,Corvallis SD 509J,250,Non-Federal Sources,1920,Contributions and Donations From Private Sources,252450.93
2020-21,1901,Corvallis SD 509J,250,Non-Federal Sources,1990,Miscellaneous,3404486.12
2020-21,1901,Corvallis SD 509J,250,Non-Federal Sources,2200,Restricted Revenue,357842.24
2020-21,1901,Corvallis SD 509J,250,Non-Federal Sources,3299,Other Restricted Grants-In-Aid,6550591.93
2020-21,1901,Corvallis SD 509J,250,Non-Federal Sources,5400,Resources - Beginning Fund Balance,3688639.12
2020-21,1901,Corvallis SD 509J,251,Student Investment Account,3299,Other Restricted Grants-In-Aid,1464452.75
2020-21,1901,Corvallis SD 509J,100,General Fund,5400,Resources - Beginning Fund Balance,12679135.8
2020-21,1901,Corvallis SD 509J,201,Federal Sources,4201,Foster Transportation,7914.48
2020-21,1901,Corvallis SD 509J,201,Federal Sources,4500,Restricted Revenue From Federal Government Through the State,4840353.74
2020-21,1901,Corvallis SD 509J,250,Non-Federal Sources,1130,Construction Excise Tax,348906.72
2020-21,1901,Corvallis SD 509J,250,Non-Federal Sources,1500,Earnings on Investments,27326.6
2020-21,1901,Corvallis SD 509J,250,Non-Federal Sources,1700,Extra-Curricular Activities,311841.84
2020-21,1901,Corvallis SD 509J,100,General Fund,3103,Common School Fund,1010695.52
2020-21,1901,Corvallis SD 509J,100,General Fund,3199,Other Unrestricted Grants-In-Aid,424094.15
2020-21,1901,Corvallis SD 509J,100,General Fund,4202,Medicaid Reimbursement for Eligible K-12 Expenses (Ages Five to Twenty-One),78041.37
2020-21,1901,Corvallis SD 509J,100,General Fund,4801,Federal Forest Fees,4895.36
2020-21,1901,Corvallis SD 509J,100,General Fund,4899,Other Federal Revenue in Lieu of Taxes,6943.18
2020-21,1901,Corvallis SD 509J,100,General Fund,5100,Long Term Debt Financing Sources,789812.53
2020-21,1901,Corvallis SD 509J,100,General Fund,1990,Miscellaneous,360057.3
2020-21,1901,Corvallis SD 509J,100,General Fund,2101,County School Funds,93864.14
2020-21,1901,Corvallis SD 509J,100,General Fund,2102,General Education Service District Funds,233623
2020-21,1901,Corvallis SD 509J,100,General Fund,2200,Restricted Revenue,294641.37
2020-21,1901,Corvallis SD 509J,100,General Fund,2800,Revenue in Lieu of Taxes,3753.92
2020-21,1901,Corvallis SD 509J,100,General Fund,3101,State School Fund --General Support,37723032.56
2020-21,1902,Clackamas ESD,100,General Fund,1110,Ad valorem taxes levied by district,18226235
2020-21,1902,Clackamas ESD,100,General Fund,3101,State School Fund --General Support,11293616
2020-21,1902,Clackamas ESD,200,Special Revenue Funds,3299,Other Restricted Grants-In-Aid,20386804
2020-21,1902,Clackamas ESD,100,General Fund,1190,Penalties and interest on taxes,47141
2020-21,1902,Clackamas ESD,100,General Fund,1312,Tuition from Other Districts within the State,1070126
2020-21,1902,Clackamas ESD,100,General Fund,1500,Earnings on Investments,84278
2020-21,1902,Clackamas ESD,700,Trust and Agency Funds,1920,Contributions and Donations From Private Sources,216
2020-21,1902,Clackamas ESD,700,Trust and Agency Funds,5400,Resources - Beginning Fund Balance,168818
2020-21,1902,Clackamas ESD,600,Internal Service Funds,1910,Rentals,523470
2020-21,1902,Clackamas ESD,600,Internal Service Funds,1940,Services Provided Other Local Education Agencies,54630
2020-21,1902,Clackamas ESD,600,Internal Service Funds,1970,Services Provided Other Funds,320836
2020-21,1902,Clackamas ESD,600,Internal Service Funds,1990,Miscellaneous,35672
2020-21,1902,Clackamas ESD,600,Internal Service Funds,4900,Revenue for/on Behalf of the District,1094
2020-21,1902,Clackamas ESD,600,Internal Service Funds,5400,Resources - Beginning Fund Balance,962628
2020-21,1902,Clackamas ESD,400,Capital Projects Funds,5400,Resources - Beginning Fund Balance,337880
2020-21,1902,Clackamas ESD,500,Enterprise Funds,1940,Services Provided Other Local Education Agencies,1344762
2020-21,1902,Clackamas ESD,500,Enterprise Funds,1970,Services Provided Other Funds,39236
2020-21,1902,Clackamas ESD,500,Enterprise Funds,1990,Miscellaneous,58658
2020-21,1902,Clackamas ESD,500,Enterprise Funds,4202,Medicaid Reimbursement for Eligible K-12 Expenses (Ages Five to Twenty-One),304128
2020-21,1902,Clackamas ESD,500,Enterprise Funds,5400,Resources - Beginning Fund Balance,1697019
2020-21,1902,Clackamas ESD,200,Special Revenue Funds,4700,Grants-In-Aid From Federal Government Through Other Intermed,806118
2020-21,1902,Clackamas ESD,200,Special Revenue Funds,5400,Resources - Beginning Fund Balance,2457565
2020-21,1902,Clackamas ESD,300,Debt Service Funds,1500,Earnings on Investments,6408
2020-21,1902,Clackamas ESD,300,Debt Service Funds,1970,Services Provided Other Funds,1861099
2020-21,1902,Clackamas ESD,300,Debt Service Funds,5400,Resources - Beginning Fund Balance,527150
2020-21,1902,Clackamas ESD,400,Capital Projects Funds,5100,Long Term Debt Financing Sources,4713000
2020-21,1902,Clackamas ESD,200,Special Revenue Funds,1312,Tuition from Other Districts within the State,3743426
2020-21,1902,Clackamas ESD,200,Special Revenue Funds,1920,Contributions and Donations From Private Sources,29050
2020-21,1902,Clackamas ESD,200,Special Revenue Funds,1940,Services Provided Other Local Education Agencies,826351
2020-21,1902,Clackamas ESD,200,Special Revenue Funds,1960,Recovery of Prior Years' Expenditure,-60
2020-21,1902,Clackamas ESD,200,Special Revenue Funds,1990,Miscellaneous,166032
2020-21,1902,Clackamas ESD,200,Special Revenue Funds,4500,Restricted Revenue From Federal Government Through the State,3445499
2020-21,1902,Clackamas ESD,100,General Fund,1960,Recovery of Prior Years' Expenditure,30799
2020-21,1902,Clackamas ESD,100,General Fund,1940,Services Provided Other Local Education Agencies,2890
2020-21,1902,Clackamas ESD,100,General Fund,1980,Fees Charged to Grants,1052284
2020-21,1902,Clackamas ESD,100,General Fund,1990,Miscellaneous,4893
2020-21,1902,Clackamas ESD,100,General Fund,2199,Other Intermediate Sources,10696
2020-21,1902,Clackamas ESD,100,General Fund,5400,Resources - Beginning Fund Balance,8786055
2020-21,1922,West Linn-Wilsonville SD 3J,400,Capital Projects Funds,3299,Other Restricted Grants-In-Aid,2554633.75
2020-21,1922,West Linn-Wilsonville SD 3J,400,Capital Projects Funds,5200,Interfund Transfers,505121.35
2020-21,1922,West Linn-Wilsonville SD 3J,400,Capital Projects Funds,5400,Resources - Beginning Fund Balance,158815256.6
2020-21,1922,West Linn-Wilsonville SD 3J,700,Trust and Agency Funds,1500,Earnings on Investments,2085.58
2020-21,1922,West Linn-Wilsonville SD 3J,700,Trust and Agency Funds,1920,Contributions and Donations From Private Sources,17830
2020-21,1922,West Linn-Wilsonville SD 3J,700,Trust and Agency Funds,5400,Resources - Beginning Fund Balance,258121.5
2020-21,1922,West Linn-Wilsonville SD 3J,300,Debt Service Funds,1970,Services Provided Other Funds,4455088.51
2020-21,1922,West Linn-Wilsonville SD 3J,300,Debt Service Funds,5400,Resources - Beginning Fund Balance,2016913.84
2020-21,1922,West Linn-Wilsonville SD 3J,400,Capital Projects Funds,1130,Construction Excise Tax,375382.62
2020-21,1922,West Linn-Wilsonville SD 3J,400,Capital Projects Funds,1500,Earnings on Investments,1804072.47
2020-21,1922,West Linn-Wilsonville SD 3J,400,Capital Projects Funds,1960,Recovery of Prior Years' Expenditure,-1801.01
2020-21,1922,West Linn-Wilsonville SD 3J,400,Capital Projects Funds,1990,Miscellaneous,4729
2020-21,1922,West Linn-Wilsonville SD 3J,200,Special Revenue Funds,4700,Grants-In-Aid From Federal Government Through Other Intermed,173033.87
2020-21,1922,West Linn-Wilsonville SD 3J,200,Special Revenue Funds,5200,Interfund Transfers,20335.09
2020-21,1922,West Linn-Wilsonville SD 3J,200,Special Revenue Funds,5400,Resources - Beginning Fund Balance,8214537.78
2020-21,1922,West Linn-Wilsonville SD 3J,300,Debt Service Funds,1110,Ad valorem taxes levied by district,29433883.98
2020-21,1922,West Linn-Wilsonville SD 3J,300,Debt Service Funds,1190,Penalties and interest on taxes,82866.57
2020-21,1922,West Linn-Wilsonville SD 3J,300,Debt Service Funds,1500,Earnings on Investments,15739.23
2020-21,1922,West Linn-Wilsonville SD 3J,200,Special Revenue Funds,1990,Miscellaneous,2293.04
2020-21,1922,West Linn-Wilsonville SD 3J,200,Special Revenue Funds,2199,Other Intermediate Sources,371733.69
2020-21,1922,West Linn-Wilsonville SD 3J,200,Special Revenue Funds,2200,Restricted Revenue,170500
2020-21,1922,West Linn-Wilsonville SD 3J,200,Special Revenue Funds,3199,Other Unrestricted Grants-In-Aid,167740.49
2020-21,1922,West Linn-Wilsonville SD 3J,200,Special Revenue Funds,3299,Other Restricted Grants-In-Aid,5612065.8
2020-21,1922,West Linn-Wilsonville SD 3J,200,Special Revenue Funds,4500,Restricted Revenue From Federal Government Through the State,9782291.96
2020-21,1922,West Linn-Wilsonville SD 3J,100,General Fund,5400,Resources - Beginning Fund Balance,11903004.26
2020-21,1922,West Linn-Wilsonville SD 3J,200,Special Revenue Funds,1200,Revenue From Local Governmental Units Other Than Districts,60000
2020-21,1922,West Linn-Wilsonville SD 3J,200,Special Revenue Funds,1500,Earnings on Investments,38900.02
2020-21,1922,West Linn-Wilsonville SD 3J,200,Special Revenue Funds,1700,Extra-Curricular Activities,1030955.61
2020-21,1922,West Linn-Wilsonville SD 3J,200,Special Revenue Funds,1910,Rentals,21254.63
2020-21,1922,West Linn-Wilsonville SD 3J,200,Special Revenue Funds,1920,Contributions and Donations From Private Sources,31475
2020-21,1922,West Linn-Wilsonville SD 3J,200,Special Revenue Funds,1600,Food Service,-1817.45
2020-21,1922,West Linn-Wilsonville SD 3J,100,General Fund,1110,Ad valorem taxes levied by district,39383355.87
2020-21,1922,West Linn-Wilsonville SD 3J,100,General Fund,1120,Local option ad valorem taxes levied by district,9664945.85
2020-21,1922,West Linn-Wilsonville SD 3J,100,General Fund,1190,Penalties and interest on taxes,116439.06
2020-21,1922,West Linn-Wilsonville SD 3J,100,General Fund,1311,Tuition from Individuals,250
2020-21,1922,West Linn-Wilsonville SD 3J,100,General Fund,5100,Long Term Debt Financing Sources,1500000
2020-21,1922,West Linn-Wilsonville SD 3J,100,General Fund,2102,General Education Service District Funds,2392934.81
2020-21,1922,West Linn-Wilsonville SD 3J,100,General Fund,2199,Other Intermediate Sources,46615.07
2020-21,1922,West Linn-Wilsonville SD 3J,100,General Fund,3101,State School Fund --General Support,60186478.02
2020-21,1922,West Linn-Wilsonville SD 3J,100,General Fund,3103,Common School Fund,949151.9
2020-21,1922,West Linn-Wilsonville SD 3J,100,General Fund,3199,Other Unrestricted Grants-In-Aid,1037668.81
2020-21,1922,West Linn-Wilsonville SD 3J,100,General Fund,3299,Other Restricted Grants-In-Aid,105000
2020-21,1922,West Linn-Wilsonville SD 3J,100,General Fund,1700,Extra-Curricular Activities,8460.55
2020-21,1922,West Linn-Wilsonville SD 3J,100,General Fund,1910,Rentals,27968.1
2020-21,1922,West Linn-Wilsonville SD 3J,100,General Fund,1920,Contributions and Donations From Private Sources,70770
2020-21,1922,West Linn-Wilsonville SD 3J,100,General Fund,1960,Recovery of Prior Years' Expenditure,8972.2
2020-21,1922,West Linn-Wilsonville SD 3J,100,General Fund,1990,Miscellaneous,361589.09
2020-21,1922,West Linn-Wilsonville SD 3J,100,General Fund,2101,County School Funds,955.55
2020-21,1922,West Linn-Wilsonville SD 3J,100,General Fund,1500,Earnings on Investments,316044.57
2020-21,1923,Lake Oswego SD 7J,400,Capital Projects Funds,5400,Resources - Beginning Fund Balance,100320348
2020-21,1923,Lake Oswego SD 7J,400,Capital Projects Funds,1960,Recovery of Prior Years' Expenditure,26770.78
2020-21,1923,Lake Oswego SD 7J,400,Capital Projects Funds,1990,Miscellaneous,437358.08
2020-21,1923,Lake Oswego SD 7J,400,Capital Projects Funds,5200,Interfund Transfers,675402.45
2020-21,1923,Lake Oswego SD 7J,100,General Fund,5400,Resources - Beginning Fund Balance,14960350
2020-21,1923,Lake Oswego SD 7J,250,Non-Federal Sources,5400,Resources - Beginning Fund Balance,1511147
2020-21,1923,Lake Oswego SD 7J,300,Debt Service Funds,5400,Resources - Beginning Fund Balance,552650
2020-21,1923,Lake Oswego SD 7J,300,Debt Service Funds,1110,Ad valorem taxes levied by district,17300747.6
2020-21,1923,Lake Oswego SD 7J,300,Debt Service Funds,1500,Earnings on Investments,45499.98
2020-21,1923,Lake Oswego SD 7J,300,Debt Service Funds,2199,Other Intermediate Sources,35.92
2020-21,1923,Lake Oswego SD 7J,400,Capital Projects Funds,1130,Construction Excise Tax,274289.08
2020-21,1923,Lake Oswego SD 7J,400,Capital Projects Funds,1500,Earnings on Investments,870454.15
2020-21,1923,Lake Oswego SD 7J,400,Capital Projects Funds,1920,Contributions and Donations From Private Sources,11670
2020-21,1923,Lake Oswego SD 7J,299,Child Nutrition,1600,Food Service,3236.34
2020-21,1923,Lake Oswego SD 7J,299,Child Nutrition,3102,State School Fund--School Lunch Match,13667.43
2020-21,1923,Lake Oswego SD 7J,299,Child Nutrition,3299,Other Restricted Grants-In-Aid,14477.73
2020-21,1923,Lake Oswego SD 7J,299,Child Nutrition,4500,Restricted Revenue From Federal Government Through the State,1159394.08
2020-21,1923,Lake Oswego SD 7J,299,Child Nutrition,4900,Revenue for/on Behalf of the District,129349
2020-21,1923,Lake Oswego SD 7J,299,Child Nutrition,5200,Interfund Transfers,5941
2020-21,1923,Lake Oswego SD 7J,250,Non-Federal Sources,1990,Miscellaneous,4023.17
2020-21,1923,Lake Oswego SD 7J,250,Non-Federal Sources,2200,Restricted Revenue,257446.95
2020-21,1923,Lake Oswego SD 7J,250,Non-Federal Sources,3299,Other Restricted Grants-In-Aid,72899.52
2020-21,1923,Lake Oswego SD 7J,250,Non-Federal Sources,3900,Revenue for/on Behalf of the District,5000
2020-21,1923,Lake Oswego SD 7J,250,Non-Federal Sources,5200,Interfund Transfers,1043947.8
2020-21,1923,Lake Oswego SD 7J,252,Measure 98 - High School Success,3299,Other Restricted Grants-In-Aid,2005717.53
2020-21,1923,Lake Oswego SD 7J,100,General Fund,4200,Unrestricted Revenue From Federal Government Through State,475.64
2020-21,1923,Lake Oswego SD 7J,100,General Fund,5300,Sale of or Compensation for Loss of Fixed Assets,51127.65
2020-21,1923,Lake Oswego SD 7J,201,Federal Sources,4500,Restricted Revenue From Federal Government Through the State,1770253.75
2020-21,1923,Lake Oswego SD 7J,201,Federal Sources,5200,Interfund Transfers,173102.84
2020-21,1923,Lake Oswego SD 7J,250,Non-Federal Sources,1800,Community Services Activities,370350.9
2020-21,1923,Lake Oswego SD 7J,250,Non-Federal Sources,1920,Contributions and Donations From Private Sources,846385.04
2020-21,1923,Lake Oswego SD 7J,100,General Fund,1990,Miscellaneous,18219.33
2020-21,1923,Lake Oswego SD 7J,100,General Fund,2101,County School Funds,2171.93
2020-21,1923,Lake Oswego SD 7J,100,General Fund,2102,General Education Service District Funds,2353698.5
2020-21,1923,Lake Oswego SD 7J,100,General Fund,2199,Other Intermediate Sources,41147.19
2020-21,1923,Lake Oswego SD 7J,100,General Fund,3101,State School Fund --General Support,33687918.94
2020-21,1923,Lake Oswego SD 7J,100,General Fund,3103,Common School Fund,755013.23
2020-21,1923,Lake Oswego SD 7J,100,General Fund,1910,Rentals,201410.45
2020-21,1923,Lake Oswego SD 7J,100,General Fund,1920,Contributions and Donations From Private Sources,1500
2020-21,1923,Lake Oswego SD 7J,100,General Fund,1930,Rental or Lease Payments from Private Contractors,77974.92
2020-21,1923,Lake Oswego SD 7J,100,General Fund,1950,Textbook Sales and Rentals,2947.57
2020-21,1923,Lake Oswego SD 7J,100,General Fund,1960,Recovery of Prior Years' Expenditure,686709.1
2020-21,1923,Lake Oswego SD 7J,100,General Fund,1980,Fees Charged to Grants,108270.58
2020-21,1923,Lake Oswego SD 7J,251,Student Investment Account,3299,Other Restricted Grants-In-Aid,1684723.97
2020-21,1923,Lake Oswego SD 7J,100,General Fund,1110,Ad valorem taxes levied by district,37828530.85
2020-21,1923,Lake Oswego SD 7J,100,General Fund,1120,Local option ad valorem taxes levied by district,13825966
2020-21,1923,Lake Oswego SD 7J,100,General Fund,1311,Tuition from Individuals,172619.31
2020-21,1923,Lake Oswego SD 7J,100,General Fund,1500,Earnings on Investments,243581.2
2020-21,1923,Lake Oswego SD 7J,100,General Fund,1700,Extra-Curricular Activities,203312
2020-21,1923,Lake Oswego SD 7J,100,General Fund,3299,Other Restricted Grants-In-Aid,5868.8
2020-21,1924,North Clackamas SD 12,100,General Fund,1190,Penalties and interest on taxes,200636.65
2020-21,1924,North Clackamas SD 12,100,General Fund,1960,Recovery of Prior Years' Expenditure,21984.27
2020-21,1924,North Clackamas SD 12,100,General Fund,1970,Services Provided Other Funds,2139225.81
2020-21,1924,North Clackamas SD 12,100,General Fund,1980,Fees Charged to Grants,888395.81
2020-21,1924,North Clackamas SD 12,100,General Fund,1990,Miscellaneous,1036637.76
2020-21,1924,North Clackamas SD 12,100,General Fund,2102,General Education Service District Funds,2770717
2020-21,1924,North Clackamas SD 12,100,General Fund,1700,Extra-Curricular Activities,32126.94
2020-21,1924,North Clackamas SD 12,300,Debt Service Funds,1110,Ad valorem taxes levied by district,33932197
2020-21,1924,North Clackamas SD 12,300,Debt Service Funds,5100,Long Term Debt Financing Sources,139415000
2020-21,1924,North Clackamas SD 12,100,General Fund,3101,State School Fund --General Support,116918789.3
2020-21,1924,North Clackamas SD 12,200,Special Revenue Funds,1311,Tuition from Individuals,-500
2020-21,1924,North Clackamas SD 12,600,Internal Service Funds,1990,Miscellaneous,93733
2020-21,1924,North Clackamas SD 12,700,Trust and Agency Funds,1990,Miscellaneous,42.6
2020-21,1924,North Clackamas SD 12,700,Trust and Agency Funds,5400,Resources - Beginning Fund Balance,197760
2020-21,1924,North Clackamas SD 12,100,General Fund,1110,Ad valorem taxes levied by district,71836571
2020-21,1924,North Clackamas SD 12,100,General Fund,1120,Local option ad valorem taxes levied by district,19333350
2020-21,1924,North Clackamas SD 12,100,General Fund,1200,Revenue From Local Governmental Units Other Than Districts,14794.11
2020-21,1924,North Clackamas SD 12,100,General Fund,1500,Earnings on Investments,425517
2020-21,1924,North Clackamas SD 12,700,Trust and Agency Funds,3101,State School Fund --General Support,9835568
2020-21,1924,North Clackamas SD 12,700,Trust and Agency Funds,1120,Local option ad valorem taxes levied by district,392801
2020-21,1924,North Clackamas SD 12,500,Enterprise Funds,1800,Community Services Activities,-4994.5
2020-21,1924,North Clackamas SD 12,600,Internal Service Funds,1960,Recovery of Prior Years' Expenditure,997661
2020-21,1924,North Clackamas SD 12,600,Internal Service Funds,1970,Services Provided Other Funds,37073802
2020-21,1924,North Clackamas SD 12,200,Special Revenue Funds,1600,Food Service,32002.35
2020-21,1924,North Clackamas SD 12,600,Internal Service Funds,1500,Earnings on Investments,41050
2020-21,1924,North Clackamas SD 12,400,Capital Projects Funds,1500,Earnings on Investments,1755305
2020-21,1924,North Clackamas SD 12,400,Capital Projects Funds,1910,Rentals,70000
2020-21,1924,North Clackamas SD 12,400,Capital Projects Funds,5300,Sale of or Compensation for Loss of Fixed Assets,4225000
2020-21,1924,North Clackamas SD 12,600,Internal Service Funds,5200,Interfund Transfers,1000000
2020-21,1924,North Clackamas SD 12,700,Trust and Agency Funds,1920,Contributions and Donations From Private Sources,39088.71
2020-21,1924,North Clackamas SD 12,300,Debt Service Funds,1970,Services Provided Other Funds,12461956.74
2020-21,1924,North Clackamas SD 12,300,Debt Service Funds,5200,Interfund Transfers,2384201
2020-21,1924,North Clackamas SD 12,400,Capital Projects Funds,1130,Construction Excise Tax,2185682.67
2020-21,1924,North Clackamas SD 12,400,Capital Projects Funds,1990,Miscellaneous,683072
2020-21,1924,North Clackamas SD 12,400,Capital Projects Funds,5400,Resources - Beginning Fund Balance,164323241
2020-21,1924,North Clackamas SD 12,400,Capital Projects Funds,5200,Interfund Transfers,95813.76
2020-21,1924,North Clackamas SD 12,200,Special Revenue Funds,4900,Revenue for/on Behalf of the District,353537.15
2020-21,1924,North Clackamas SD 12,300,Debt Service Funds,1500,Earnings on Investments,137418
2020-21,1924,North Clackamas SD 12,200,Special Revenue Funds,5200,Interfund Transfers,1148300
2020-21,1924,North Clackamas SD 12,200,Special Revenue Funds,5300,Sale of or Compensation for Loss of Fixed Assets,27900
2020-21,1924,North Clackamas SD 12,200,Special Revenue Funds,1700,Extra-Curricular Activities,-2609773.98
2020-21,1924,North Clackamas SD 12,200,Special Revenue Funds,1920,Contributions and Donations From Private Sources,34170
2020-21,1924,North Clackamas SD 12,200,Special Revenue Funds,4500,Restricted Revenue From Federal Government Through the State,17711223
2020-21,1924,North Clackamas SD 12,200,Special Revenue Funds,3299,Other Restricted Grants-In-Aid,10249323
2020-21,1924,North Clackamas SD 12,200,Special Revenue Funds,5400,Resources - Beginning Fund Balance,6108852
2020-21,1924,North Clackamas SD 12,200,Special Revenue Funds,3222,State School Fund (SSF) Transportation Equipment,715000
2020-21,1924,North Clackamas SD 12,200,Special Revenue Funds,3102,State School Fund--School Lunch Match,54446.26
2020-21,1924,North Clackamas SD 12,200,Special Revenue Funds,1990,Miscellaneous,3888258
2020-21,1924,North Clackamas SD 12,300,Debt Service Funds,1190,Penalties and interest on taxes,101663.56
2020-21,1924,North Clackamas SD 12,500,Enterprise Funds,1910,Rentals,15879.11
2020-21,1924,North Clackamas SD 12,100,General Fund,5400,Resources - Beginning Fund Balance,23554298
2020-21,1924,North Clackamas SD 12,300,Debt Service Funds,5400,Resources - Beginning Fund Balance,7782089
2020-21,1924,North Clackamas SD 12,500,Enterprise Funds,5400,Resources - Beginning Fund Balance,1026581.36
2020-21,1924,North Clackamas SD 12,600,Internal Service Funds,5400,Resources - Beginning Fund Balance,9972713
2020-21,1924,North Clackamas SD 12,100,General Fund,2199,Other Intermediate Sources,30613.33
2020-21,1924,North Clackamas SD 12,100,General Fund,3103,Common School Fund,1676919.18
2020-21,1924,North Clackamas SD 12,100,General Fund,3199,Other Unrestricted Grants-In-Aid,2128818.11
2020-21,1924,North Clackamas SD 12,100,General Fund,4500,Restricted Revenue From Federal Government Through the State,18596.8
2020-21,1924,North Clackamas SD 12,100,General Fund,4801,Federal Forest Fees,158339.41
2020-21,1924,North Clackamas SD 12,100,General Fund,5300,Sale of or Compensation for Loss of Fixed Assets,3850
2020-21,1925,Molalla River SD 35,100,General Fund,1110,Ad valorem taxes levied by district,9220963.53
2020-21,1925,Molalla River SD 35,100,General Fund,1190,Penalties and interest on taxes,27671.34
2020-21,1925,Molalla River SD 35,100,General Fund,1500,Earnings on Investments,94428.46
2020-21,1925,Molalla River SD 35,100,General Fund,1700,Extra-Curricular Activities,1250
2020-21,1925,Molalla River SD 35,100,General Fund,1910,Rentals,13478.5
2020-21,1925,Molalla River SD 35,100,General Fund,1920,Contributions and Donations From Private Sources,53795.44
2020-21,1925,Molalla River SD 35,700,Trust and Agency Funds,1920,Contributions and Donations From Private Sources,77410.63
2020-21,1925,Molalla River SD 35,700,Trust and Agency Funds,5400,Resources - Beginning Fund Balance,329256.67
2020-21,1925,Molalla River SD 35,400,Capital Projects Funds,5200,Interfund Transfers,200000
2020-21,1925,Molalla River SD 35,400,Capital Projects Funds,5400,Resources - Beginning Fund Balance,971052.3
2020-21,1925,Molalla River SD 35,600,Internal Service Funds,1990,Miscellaneous,12306
2020-21,1925,Molalla River SD 35,600,Internal Service Funds,5200,Interfund Transfers,60000
2020-21,1925,Molalla River SD 35,600,Internal Service Funds,5400,Resources - Beginning Fund Balance,205046.97
2020-21,1925,Molalla River SD 35,700,Trust and Agency Funds,1500,Earnings on Investments,1980.18
2020-21,1925,Molalla River SD 35,300,Debt Service Funds,1500,Earnings on Investments,7355.63
2020-21,1925,Molalla River SD 35,300,Debt Service Funds,1970,Services Provided Other Funds,2029266.62
2020-21,1925,Molalla River SD 35,300,Debt Service Funds,5400,Resources - Beginning Fund Balance,1304392.34
2020-21,1925,Molalla River SD 35,400,Capital Projects Funds,1130,Construction Excise Tax,146956.04
2020-21,1925,Molalla River SD 35,400,Capital Projects Funds,1910,Rentals,41004
2020-21,1925,Molalla River SD 35,400,Capital Projects Funds,3299,Other Restricted Grants-In-Aid,2207232
2020-21,1925,Molalla River SD 35,200,Special Revenue Funds,3102,State School Fund--School Lunch Match,7990.54
2020-21,1925,Molalla River SD 35,200,Special Revenue Funds,3299,Other Restricted Grants-In-Aid,1393053.78
2020-21,1925,Molalla River SD 35,200,Special Revenue Funds,4500,Restricted Revenue From Federal Government Through the State,2794227.74
2020-21,1925,Molalla River SD 35,200,Special Revenue Funds,4900,Revenue for/on Behalf of the District,51774.73
2020-21,1925,Molalla River SD 35,200,Special Revenue Funds,5200,Interfund Transfers,541968.47
2020-21,1925,Molalla River SD 35,200,Special Revenue Funds,5400,Resources - Beginning Fund Balance,645883.36
2020-21,1925,Molalla River SD 35,100,General Fund,5400,Resources - Beginning Fund Balance,5316783.66
2020-21,1925,Molalla River SD 35,200,Special Revenue Funds,1500,Earnings on Investments,422.78
2020-21,1925,Molalla River SD 35,200,Special Revenue Funds,1600,Food Service,35689.69
2020-21,1925,Molalla River SD 35,200,Special Revenue Funds,1700,Extra-Curricular Activities,63107.64
2020-21,1925,Molalla River SD 35,200,Special Revenue Funds,1920,Contributions and Donations From Private Sources,22350
2020-21,1925,Molalla River SD 35,200,Special Revenue Funds,1990,Miscellaneous,160044.79
2020-21,1925,Molalla River SD 35,100,General Fund,3101,State School Fund --General Support,19654946.29
2020-21,1925,Molalla River SD 35,100,General Fund,3103,Common School Fund,271053.18
2020-21,1925,Molalla River SD 35,100,General Fund,3104,State Managed County Timber,167346.51
2020-21,1925,Molalla River SD 35,100,General Fund,3299,Other Restricted Grants-In-Aid,59550
2020-21,1925,Molalla River SD 35,100,General Fund,4200,Unrestricted Revenue From Federal Government Through State,1704.67
2020-21,1925,Molalla River SD 35,100,General Fund,4500,Restricted Revenue From Federal Government Through the State,41790.3
2020-21,1925,Molalla River SD 35,100,General Fund,1960,Recovery of Prior Years' Expenditure,374.97
2020-21,1925,Molalla River SD 35,100,General Fund,1980,Fees Charged to Grants,69696.87
2020-21,1925,Molalla River SD 35,100,General Fund,1990,Miscellaneous,106951.87
2020-21,1925,Molalla River SD 35,100,General Fund,2101,County School Funds,25593.67
2020-21,1925,Molalla River SD 35,100,General Fund,2102,General Education Service District Funds,309482.65
2020-21,1925,Molalla River SD 35,100,General Fund,2199,Other Intermediate Sources,2978.97
2020-21,1926,Oregon Trail SD 46,100,General Fund,1110,Ad valorem taxes levied by district,16830721.83
2020-21,1926,Oregon Trail SD 46,100,General Fund,1500,Earnings on Investments,180171.31
2020-21,1926,Oregon Trail SD 46,100,General Fund,1700,Extra-Curricular Activities,5857.19
2020-21,1926,Oregon Trail SD 46,100,General Fund,1910,Rentals,170250
2020-21,1926,Oregon Trail SD 46,100,General Fund,1940,Services Provided Other Local Education Agencies,138239.36
2020-21,1926,Oregon Trail SD 46,100,General Fund,1960,Recovery of Prior Years' Expenditure,2355
2020-21,1926,Oregon Trail SD 46,600,Internal Service Funds,1970,Services Provided Other Funds,753333.2
2020-21,1926,Oregon Trail SD 46,600,Internal Service Funds,1990,Miscellaneous,195792.4
2020-21,1926,Oregon Trail SD 46,600,Internal Service Funds,5200,Interfund Transfers,120000
2020-21,1926,Oregon Trail SD 46,600,Internal Service Funds,5400,Resources - Beginning Fund Balance,1160250.05
2020-21,1926,Oregon Trail SD 46,700,Trust and Agency Funds,1920,Contributions and Donations From Private Sources,12750
2020-21,1926,Oregon Trail SD 46,700,Trust and Agency Funds,5400,Resources - Beginning Fund Balance,118835.34
2020-21,1926,Oregon Trail SD 46,299,Child Nutrition,4900,Revenue for/on Behalf of the District,116015.98
2020-21,1926,Oregon Trail SD 46,299,Child Nutrition,5200,Interfund Transfers,390000
2020-21,1926,Oregon Trail SD 46,300,Debt Service Funds,1110,Ad valorem taxes levied by district,6729396.3
2020-21,1926,Oregon Trail SD 46,300,Debt Service Funds,1500,Earnings on Investments,18632.96
2020-21,1926,Oregon Trail SD 46,300,Debt Service Funds,5400,Resources - Beginning Fund Balance,221206.27
2020-21,1926,Oregon Trail SD 46,600,Internal Service Funds,1500,Earnings on Investments,5649.61
2020-21,1926,Oregon Trail SD 46,252,Measure 98 - High School Success,3299,Other Restricted Grants-In-Aid,1121768.15
2020-21,1926,Oregon Trail SD 46,299,Child Nutrition,1600,Food Service,751.49
2020-21,1926,Oregon Trail SD 46,299,Child Nutrition,1990,Miscellaneous,10867.1
2020-21,1926,Oregon Trail SD 46,299,Child Nutrition,3102,State School Fund--School Lunch Match,14828.51
2020-21,1926,Oregon Trail SD 46,299,Child Nutrition,3299,Other Restricted Grants-In-Aid,20896.13
2020-21,1926,Oregon Trail SD 46,299,Child Nutrition,4500,Restricted Revenue From Federal Government Through the State,964564.67
2020-21,1926,Oregon Trail SD 46,250,Non-Federal Sources,1990,Miscellaneous,211338.76
2020-21,1926,Oregon Trail SD 46,250,Non-Federal Sources,2200,Restricted Revenue,84451.41
2020-21,1926,Oregon Trail SD 46,250,Non-Federal Sources,3299,Other Restricted Grants-In-Aid,515282.79
2020-21,1926,Oregon Trail SD 46,250,Non-Federal Sources,5200,Interfund Transfers,1110000
2020-21,1926,Oregon Trail SD 46,250,Non-Federal Sources,5400,Resources - Beginning Fund Balance,2286861.63
2020-21,1926,Oregon Trail SD 46,251,Student Investment Account,3299,Other Restricted Grants-In-Aid,1117913.81
2020-21,1926,Oregon Trail SD 46,201,Federal Sources,4700,Grants-In-Aid From Federal Government Through Other Intermed,2518.72
2020-21,1926,Oregon Trail SD 46,250,Non-Federal Sources,1130,Construction Excise Tax,181970.7
2020-21,1926,Oregon Trail SD 46,250,Non-Federal Sources,1700,Extra-Curricular Activities,78473.02
2020-21,1926,Oregon Trail SD 46,250,Non-Federal Sources,1910,Rentals,98738.76
2020-21,1926,Oregon Trail SD 46,250,Non-Federal Sources,1920,Contributions and Donations From Private Sources,59665.77
2020-21,1926,Oregon Trail SD 46,250,Non-Federal Sources,1940,Services Provided Other Local Education Agencies,57000
2020-21,1926,Oregon Trail SD 46,100,General Fund,4200,Unrestricted Revenue From Federal Government Through State,11506.66
2020-21,1926,Oregon Trail SD 46,100,General Fund,4700,Grants-In-Aid From Federal Government Through Other Intermed,39364.16
2020-21,1926,Oregon Trail SD 46,100,General Fund,5400,Resources - Beginning Fund Balance,12641592.75
2020-21,1926,Oregon Trail SD 46,201,Federal Sources,1990,Miscellaneous,36243.27
2020-21,1926,Oregon Trail SD 46,201,Federal Sources,3299,Other Restricted Grants-In-Aid,15455.1
2020-21,1926,Oregon Trail SD 46,201,Federal Sources,4500,Restricted Revenue From Federal Government Through the State,2407762.34
2020-21,1926,Oregon Trail SD 46,100,General Fund,1980,Fees Charged to Grants,185852.72
2020-21,1926,Oregon Trail SD 46,100,General Fund,1990,Miscellaneous,31661.1
2020-21,1926,Oregon Trail SD 46,100,General Fund,2199,Other Intermediate Sources,865459.84
2020-21,1926,Oregon Trail SD 46,100,General Fund,2200,Restricted Revenue,58000
2020-21,1926,Oregon Trail SD 46,100,General Fund,3101,State School Fund --General Support,30942625
2020-21,1926,Oregon Trail SD 46,100,General Fund,3103,Common School Fund,482920.82
2020-21,1927,Colton SD 53,100,General Fund,1190,Penalties and interest on taxes,5251.52
2020-21,1927,Colton SD 53,100,General Fund,1500,Earnings on Investments,24005.88
2020-21,1927,Colton SD 53,100,General Fund,1920,Contributions and Donations From Private Sources,6200
2020-21,1927,Colton SD 53,100,General Fund,1990,Miscellaneous,15962.37
2020-21,1927,Colton SD 53,100,General Fund,2102,General Education Service District Funds,188377.27
2020-21,1927,Colton SD 53,100,General Fund,2199,Other Intermediate Sources,708.15
2020-21,1927,Colton SD 53,400,Capital Projects Funds,5400,Resources - Beginning Fund Balance,238.38
2020-21,1927,Colton SD 53,299,Child Nutrition,1600,Food Service,1736.67
2020-21,1927,Colton SD 53,299,Child Nutrition,3102,State School Fund--School Lunch Match,1599.98
2020-21,1927,Colton SD 53,299,Child Nutrition,4500,Restricted Revenue From Federal Government Through the State,408168.86
2020-21,1927,Colton SD 53,299,Child Nutrition,4900,Revenue for/on Behalf of the District,18987.62
2020-21,1927,Colton SD 53,100,General Fund,5400,Resources - Beginning Fund Balance,2525158.26
2020-21,1927,Colton SD 53,300,Debt Service Funds,5400,Resources - Beginning Fund Balance,9727.78
2020-21,1927,Colton SD 53,300,Debt Service Funds,1110,Ad valorem taxes levied by district,150512.16
2020-21,1927,Colton SD 53,300,Debt Service Funds,1190,Penalties and interest on taxes,447.71
2020-21,1927,Colton SD 53,300,Debt Service Funds,1500,Earnings on Investments,-236.28
2020-21,1927,Colton SD 53,400,Capital Projects Funds,5200,Interfund Transfers,81484
2020-21,1927,Colton SD 53,100,General Fund,1110,Ad valorem taxes levied by district,2039621.54
2020-21,1927,Colton SD 53,201,Federal Sources,4500,Restricted Revenue From Federal Government Through the State,574590.23
2020-21,1927,Colton SD 53,200,Special Revenue Funds,1990,Miscellaneous,45226.47
2020-21,1927,Colton SD 53,200,Special Revenue Funds,2199,Other Intermediate Sources,19647.5
2020-21,1927,Colton SD 53,200,Special Revenue Funds,3199,Other Unrestricted Grants-In-Aid,182286.28
2020-21,1927,Colton SD 53,200,Special Revenue Funds,3299,Other Restricted Grants-In-Aid,177024.25
2020-21,1927,Colton SD 53,200,Special Revenue Funds,5200,Interfund Transfers,70000
2020-21,1927,Colton SD 53,200,Special Revenue Funds,5400,Resources - Beginning Fund Balance,143697
2020-21,1927,Colton SD 53,100,General Fund,3101,State School Fund --General Support,5047179.98
2020-21,1927,Colton SD 53,100,General Fund,3103,Common School Fund,62705.78
2020-21,1927,Colton SD 53,100,General Fund,3299,Other Restricted Grants-In-Aid,1600
2020-21,1927,Colton SD 53,100,General Fund,4500,Restricted Revenue From Federal Government Through the State,4074.75
2020-21,1927,Colton SD 53,200,Special Revenue Funds,1700,Extra-Curricular Activities,11026.35
2020-21,1927,Colton SD 53,200,Special Revenue Funds,1920,Contributions and Donations From Private Sources,2500
2020-21,1928,Oregon City SD 62,700,Trust and Agency Funds,3101,State School Fund --General Support,3919170.61
2020-21,1928,Oregon City SD 62,700,Trust and Agency Funds,3299,Other Restricted Grants-In-Aid,588621.12
2020-21,1928,Oregon City SD 62,700,Trust and Agency Funds,4500,Restricted Revenue From Federal Government Through the State,440853.05
2020-21,1928,Oregon City SD 62,700,Trust and Agency Funds,5400,Resources - Beginning Fund Balance,274582.6
2020-21,1928,Oregon City SD 62,600,Internal Service Funds,1970,Services Provided Other Funds,733151.33
2020-21,1928,Oregon City SD 62,600,Internal Service Funds,5200,Interfund Transfers,100000
2020-21,1928,Oregon City SD 62,600,Internal Service Funds,5400,Resources - Beginning Fund Balance,850676.11
2020-21,1928,Oregon City SD 62,700,Trust and Agency Funds,1500,Earnings on Investments,341.71
2020-21,1928,Oregon City SD 62,700,Trust and Agency Funds,1700,Extra-Curricular Activities,512.84
2020-21,1928,Oregon City SD 62,700,Trust and Agency Funds,1920,Contributions and Donations From Private Sources,3593.99
2020-21,1928,Oregon City SD 62,400,Capital Projects Funds,3222,State School Fund (SSF) Transportation Equipment,416312
2020-21,1928,Oregon City SD 62,400,Capital Projects Funds,3299,Other Restricted Grants-In-Aid,8000000
2020-21,1928,Oregon City SD 62,400,Capital Projects Funds,5100,Long Term Debt Financing Sources,7535000
2020-21,1928,Oregon City SD 62,400,Capital Projects Funds,5400,Resources - Beginning Fund Balance,140239158.54
2020-21,1928,Oregon City SD 62,600,Internal Service Funds,1500,Earnings on Investments,3225.01
2020-21,1928,Oregon City SD 62,600,Internal Service Funds,1960,Recovery of Prior Years' Expenditure,46655.86
2020-21,1928,Oregon City SD 62,400,Capital Projects Funds,1130,Construction Excise Tax,619034.52
2020-21,1928,Oregon City SD 62,400,Capital Projects Funds,1500,Earnings on Investments,795022.07
2020-21,1928,Oregon City SD 62,400,Capital Projects Funds,1700,Extra-Curricular Activities,3000
2020-21,1928,Oregon City SD 62,400,Capital Projects Funds,1910,Rentals,823.86
2020-21,1928,Oregon City SD 62,400,Capital Projects Funds,1960,Recovery of Prior Years' Expenditure,36207
2020-21,1928,Oregon City SD 62,400,Capital Projects Funds,1990,Miscellaneous,285042.69
2020-21,1928,Oregon City SD 62,299,Child Nutrition,5400,Resources - Beginning Fund Balance,173580.05
2020-21,1928,Oregon City SD 62,300,Debt Service Funds,1110,Ad valorem taxes levied by district,7170477.08
2020-21,1928,Oregon City SD 62,300,Debt Service Funds,1190,Penalties and interest on taxes,23031.66
2020-21,1928,Oregon City SD 62,300,Debt Service Funds,1500,Earnings on Investments,9647.62
2020-21,1928,Oregon City SD 62,300,Debt Service Funds,1970,Services Provided Other Funds,5520706.9
2020-21,1928,Oregon City SD 62,300,Debt Service Funds,5400,Resources - Beginning Fund Balance,1416802.64
2020-21,1928,Oregon City SD 62,299,Child Nutrition,3102,State School Fund--School Lunch Match,21548.02
2020-21,1928,Oregon City SD 62,299,Child Nutrition,3199,Other Unrestricted Grants-In-Aid,8843.98
2020-21,1928,Oregon City SD 62,299,Child Nutrition,3299,Other Restricted Grants-In-Aid,22643.23
2020-21,1928,Oregon City SD 62,299,Child Nutrition,4500,Restricted Revenue From Federal Government Through the State,8408065.39
2020-21,1928,Oregon City SD 62,299,Child Nutrition,4700,Grants-In-Aid From Federal Government Through Other Intermed,159011.24
2020-21,1928,Oregon City SD 62,299,Child Nutrition,4900,Revenue for/on Behalf of the District,133905.56
2020-21,1928,Oregon City SD 62,299,Child Nutrition,1600,Food Service,1614.5
2020-21,1928,Oregon City SD 62,299,Child Nutrition,1920,Contributions and Donations From Private Sources,-14350
2020-21,1928,Oregon City SD 62,299,Child Nutrition,1960,Recovery of Prior Years' Expenditure,550
2020-21,1928,Oregon City SD 62,299,Child Nutrition,1990,Miscellaneous,30144.12
2020-21,1928,Oregon City SD 62,299,Child Nutrition,2200,Restricted Revenue,28837.46
2020-21,1928,Oregon City SD 62,299,Child Nutrition,3101,State School Fund --General Support,427777.77
2020-21,1928,Oregon City SD 62,250,Non-Federal Sources,4500,Restricted Revenue From Federal Government Through the State,1530
2020-21,1928,Oregon City SD 62,250,Non-Federal Sources,5200,Interfund Transfers,100000
2020-21,1928,Oregon City SD 62,250,Non-Federal Sources,5400,Resources - Beginning Fund Balance,3538680.24
2020-21,1928,Oregon City SD 62,251,Student Investment Account,3299,Other Restricted Grants-In-Aid,1314629.96
2020-21,1928,Oregon City SD 62,252,Measure 98 - High School Success,3299,Other Restricted Grants-In-Aid,1905833.43
2020-21,1928,Oregon City SD 62,299,Child Nutrition,1500,Earnings on Investments,69.57
2020-21,1928,Oregon City SD 62,250,Non-Federal Sources,1990,Miscellaneous,6580.66
2020-21,1928,Oregon City SD 62,250,Non-Federal Sources,2102,General Education Service District Funds,8689.96
2020-21,1928,Oregon City SD 62,250,Non-Federal Sources,2200,Restricted Revenue,99282
2020-21,1928,Oregon City SD 62,250,Non-Federal Sources,3199,Other Unrestricted Grants-In-Aid,337473.14
2020-21,1928,Oregon City SD 62,250,Non-Federal Sources,3222,State School Fund (SSF) Transportation Equipment,452020
2020-21,1928,Oregon City SD 62,250,Non-Federal Sources,3299,Other Restricted Grants-In-Aid,517478.31
2020-21,1928,Oregon City SD 62,250,Non-Federal Sources,1700,Extra-Curricular Activities,360061.7
2020-21,1928,Oregon City SD 62,100,General Fund,1920,Contributions and Donations From Private Sources,639.28
2020-21,1928,Oregon City SD 62,250,Non-Federal Sources,1800,Community Services Activities,963756.2
2020-21,1928,Oregon City SD 62,250,Non-Federal Sources,1910,Rentals,48.4
2020-21,1928,Oregon City SD 62,250,Non-Federal Sources,1920,Contributions and Donations From Private Sources,5877.24
2020-21,1928,Oregon City SD 62,250,Non-Federal Sources,1970,Services Provided Other Funds,34030.97
2020-21,1928,Oregon City SD 62,100,General Fund,3101,State School Fund --General Support,53724363.85
2020-21,1928,Oregon City SD 62,100,General Fund,3103,Common School Fund,849625.98
2020-21,1928,Oregon City SD 62,100,General Fund,3199,Other Unrestricted Grants-In-Aid,125659.91
2020-21,1928,Oregon City SD 62,100,General Fund,4200,Unrestricted Revenue From Federal Government Through State,12107.26
2020-21,1928,Oregon City SD 62,100,General Fund,5400,Resources - Beginning Fund Balance,5009911.96
2020-21,1928,Oregon City SD 62,250,Non-Federal Sources,1500,Earnings on Investments,4455.14
2020-21,1928,Oregon City SD 62,100,General Fund,1910,Rentals,136483.97
2020-21,1928,Oregon City SD 62,100,General Fund,1960,Recovery of Prior Years' Expenditure,39270.25
2020-21,1928,Oregon City SD 62,100,General Fund,1970,Services Provided Other Funds,0.41
2020-21,1928,Oregon City SD 62,100,General Fund,1980,Fees Charged to Grants,240213.2
2020-21,1928,Oregon City SD 62,100,General Fund,1990,Miscellaneous,149621.32
2020-21,1928,Oregon City SD 62,100,General Fund,2102,General Education Service District Funds,1638683
2020-21,1928,Oregon City SD 62,100,General Fund,1110,Ad valorem taxes levied by district,29338780.76
2020-21,1928,Oregon City SD 62,100,General Fund,1190,Penalties and interest on taxes,94120.57
2020-21,1928,Oregon City SD 62,100,General Fund,1411,Transportation fees from Individuals,-252.73
2020-21,1928,Oregon City SD 62,100,General Fund,1500,Earnings on Investments,177169.7
2020-21,1928,Oregon City SD 62,100,General Fund,1700,Extra-Curricular Activities,36951.16
2020-21,1928,Oregon City SD 62,100,General Fund,1800,Community Services Activities,321479.61
2020-21,1929,Canby SD 86,700,Trust and Agency Funds,1920,Contributions and Donations From Private Sources,74499
2020-21,1929,Canby SD 86,700,Trust and Agency Funds,1990,Miscellaneous,0.04
2020-21,1929,Canby SD 86,700,Trust and Agency Funds,5400,Resources - Beginning Fund Balance,334572.38
2020-21,1929,Canby SD 86,600,Internal Service Funds,1500,Earnings on Investments,11.57
2020-21,1929,Canby SD 86,600,Internal Service Funds,1910,Rentals,10829
2020-21,1929,Canby SD 86,600,Internal Service Funds,1990,Miscellaneous,151682.34
2020-21,1929,Canby SD 86,600,Internal Service Funds,5200,Interfund Transfers,50000
2020-21,1929,Canby SD 86,600,Internal Service Funds,5400,Resources - Beginning Fund Balance,397394
2020-21,1929,Canby SD 86,700,Trust and Agency Funds,1500,Earnings on Investments,2743.74
2020-21,1929,Canby SD 86,300,Debt Service Funds,1970,Services Provided Other Funds,4096159.95
2020-21,1929,Canby SD 86,300,Debt Service Funds,1990,Miscellaneous,-8349.67
2020-21,1929,Canby SD 86,300,Debt Service Funds,5400,Resources - Beginning Fund Balance,1140081.23
2020-21,1929,Canby SD 86,400,Capital Projects Funds,1500,Earnings on Investments,65918.96
2020-21,1929,Canby SD 86,400,Capital Projects Funds,5100,Long Term Debt Financing Sources,106048263.75
2020-21,1929,Canby SD 86,400,Capital Projects Funds,5400,Resources - Beginning Fund Balance,228425.73
2020-21,1929,Canby SD 86,299,Child Nutrition,4500,Restricted Revenue From Federal Government Through the State,966160.05
2020-21,1929,Canby SD 86,299,Child Nutrition,4900,Revenue for/on Behalf of the District,78443.88
2020-21,1929,Canby SD 86,299,Child Nutrition,5400,Resources - Beginning Fund Balance,73316.93
2020-21,1929,Canby SD 86,300,Debt Service Funds,1110,Ad valorem taxes levied by district,7504078.94
2020-21,1929,Canby SD 86,300,Debt Service Funds,1190,Penalties and interest on taxes,19292.98
2020-21,1929,Canby SD 86,300,Debt Service Funds,1500,Earnings on Investments,26445.31
2020-21,1929,Canby SD 86,252,Measure 98 - High School Success,3299,Other Restricted Grants-In-Aid,914585.3
2020-21,1929,Canby SD 86,299,Child Nutrition,1600,Food Service,3327.79
2020-21,1929,Canby SD 86,299,Child Nutrition,1920,Contributions and Donations From Private Sources,24000
2020-21,1929,Canby SD 86,299,Child Nutrition,1990,Miscellaneous,2458.96
2020-21,1929,Canby SD 86,299,Child Nutrition,3102,State School Fund--School Lunch Match,19108.62
2020-21,1929,Canby SD 86,299,Child Nutrition,3299,Other Restricted Grants-In-Aid,20053.96
2020-21,1929,Canby SD 86,250,Non-Federal Sources,3204,Driver Education,26325
2020-21,1929,Canby SD 86,250,Non-Federal Sources,3299,Other Restricted Grants-In-Aid,781924.92
2020-21,1929,Canby SD 86,250,Non-Federal Sources,5200,Interfund Transfers,35000
2020-21,1929,Canby SD 86,250,Non-Federal Sources,5400,Resources - Beginning Fund Balance,2402419.28
2020-21,1929,Canby SD 86,251,Student Investment Account,3299,Other Restricted Grants-In-Aid,1269022.78
2020-21,1929,Canby SD 86,252,Measure 98 - High School Success,1990,Miscellaneous,7138.55
2020-21,1929,Canby SD 86,250,Non-Federal Sources,1700,Extra-Curricular Activities,233990
2020-21,1929,Canby SD 86,250,Non-Federal Sources,1800,Community Services Activities,730
2020-21,1929,Canby SD 86,250,Non-Federal Sources,1910,Rentals,40
2020-21,1929,Canby SD 86,250,Non-Federal Sources,1920,Contributions and Donations From Private Sources,32734.93
2020-21,1929,Canby SD 86,250,Non-Federal Sources,1980,Fees Charged to Grants,266324.46
2020-21,1929,Canby SD 86,250,Non-Federal Sources,1990,Miscellaneous,84981.97
2020-21,1929,Canby SD 86,100,General Fund,5400,Resources - Beginning Fund Balance,2166561.72
2020-21,1929,Canby SD 86,201,Federal Sources,4300,Restricted Revenue Direct From the Federal Government,8979
2020-21,1929,Canby SD 86,201,Federal Sources,4500,Restricted Revenue From Federal Government Through the State,5665682.14
2020-21,1929,Canby SD 86,201,Federal Sources,5400,Resources - Beginning Fund Balance,13286.21
2020-21,1929,Canby SD 86,250,Non-Federal Sources,1130,Construction Excise Tax,530969.55
2020-21,1929,Canby SD 86,250,Non-Federal Sources,1500,Earnings on Investments,9830.44
2020-21,1929,Canby SD 86,100,General Fund,2101,County School Funds,42650.96
2020-21,1929,Canby SD 86,100,General Fund,2102,General Education Service District Funds,639451
2020-21,1929,Canby SD 86,100,General Fund,2199,Other Intermediate Sources,13849.58
2020-21,1929,Canby SD 86,100,General Fund,3101,State School Fund --General Support,34424105.84
2020-21,1929,Canby SD 86,100,General Fund,3103,Common School Fund,451702
2020-21,1929,Canby SD 86,100,General Fund,4500,Restricted Revenue From Federal Government Through the State,2557.2
2020-21,1929,Canby SD 86,100,General Fund,1110,Ad valorem taxes levied by district,16083605.02
2020-21,1929,Canby SD 86,100,General Fund,1190,Penalties and interest on taxes,44376.91
2020-21,1929,Canby SD 86,100,General Fund,1500,Earnings on Investments,72085.84
2020-21,1929,Canby SD 86,100,General Fund,1700,Extra-Curricular Activities,2346
2020-21,1929,Canby SD 86,100,General Fund,1910,Rentals,21370
2020-21,1929,Canby SD 86,100,General Fund,1990,Miscellaneous,110111.91
2020-21,1930,Estacada SD 108,100,General Fund,5400,Resources - Beginning Fund Balance,4129568.76
2020-21,1930,Estacada SD 108,100,General Fund,1110,Ad valorem taxes levied by district,7433904.95
2020-21,1930,Estacada SD 108,100,General Fund,1312,Tuition from Other Districts within the State,2666
2020-21,1930,Estacada SD 108,100,General Fund,1500,Earnings on Investments,96262.46
2020-21,1930,Estacada SD 108,100,General Fund,1910,Rentals,42092.36
2020-21,1930,Estacada SD 108,100,General Fund,1920,Contributions and Donations From Private Sources,146.77
2020-21,1930,Estacada SD 108,400,Capital Projects Funds,5200,Interfund Transfers,286445.46
2020-21,1930,Estacada SD 108,250,Non-Federal Sources,5400,Resources - Beginning Fund Balance,2143255.6
2020-21,1930,Estacada SD 108,300,Debt Service Funds,5400,Resources - Beginning Fund Balance,701701.35
2020-21,1930,Estacada SD 108,400,Capital Projects Funds,5400,Resources - Beginning Fund Balance,2164047.67
2020-21,1930,Estacada SD 108,201,Federal Sources,5400,Resources - Beginning Fund Balance,44.5
2020-21,1930,Estacada SD 108,300,Debt Service Funds,1970,Services Provided Other Funds,1241334.57
2020-21,1930,Estacada SD 108,300,Debt Service Funds,1990,Miscellaneous,12558.62
2020-21,1930,Estacada SD 108,300,Debt Service Funds,5200,Interfund Transfers,50000
2020-21,1930,Estacada SD 108,400,Capital Projects Funds,1130,Construction Excise Tax,271692.6
2020-21,1930,Estacada SD 108,400,Capital Projects Funds,1500,Earnings on Investments,20933.23
2020-21,1930,Estacada SD 108,400,Capital Projects Funds,1990,Miscellaneous,35856.82
2020-21,1930,Estacada SD 108,299,Child Nutrition,3299,Other Restricted Grants-In-Aid,10137.2
2020-21,1930,Estacada SD 108,299,Child Nutrition,4500,Restricted Revenue From Federal Government Through the State,608721.97
2020-21,1930,Estacada SD 108,299,Child Nutrition,4900,Revenue for/on Behalf of the District,45607.31
2020-21,1930,Estacada SD 108,299,Child Nutrition,5200,Interfund Transfers,184000
2020-21,1930,Estacada SD 108,300,Debt Service Funds,1110,Ad valorem taxes levied by district,2304885.21
2020-21,1930,Estacada SD 108,300,Debt Service Funds,1500,Earnings on Investments,5591.69
2020-21,1930,Estacada SD 108,251,Student Investment Account,3199,Other Unrestricted Grants-In-Aid,448523.23
2020-21,1930,Estacada SD 108,252,Measure 98 - High School Success,3299,Other Restricted Grants-In-Aid,352124.61
2020-21,1930,Estacada SD 108,299,Child Nutrition,1600,Food Service,2298.67
2020-21,1930,Estacada SD 108,299,Child Nutrition,1920,Contributions and Donations From Private Sources,20000
2020-21,1930,Estacada SD 108,299,Child Nutrition,3102,State School Fund--School Lunch Match,6280.84
2020-21,1930,Estacada SD 108,299,Child Nutrition,3199,Other Unrestricted Grants-In-Aid,2830.95
2020-21,1930,Estacada SD 108,250,Non-Federal Sources,1920,Contributions and Donations From Private Sources,22322
2020-21,1930,Estacada SD 108,250,Non-Federal Sources,1960,Recovery of Prior Years' Expenditure,358655.55
2020-21,1930,Estacada SD 108,250,Non-Federal Sources,1990,Miscellaneous,182374.56
2020-21,1930,Estacada SD 108,250,Non-Federal Sources,3199,Other Unrestricted Grants-In-Aid,61840
2020-21,1930,Estacada SD 108,250,Non-Federal Sources,3299,Other Restricted Grants-In-Aid,270577
2020-21,1930,Estacada SD 108,250,Non-Federal Sources,5200,Interfund Transfers,679554.54
2020-21,1930,Estacada SD 108,100,General Fund,3103,Common School Fund,212975.32
2020-21,1930,Estacada SD 108,100,General Fund,3299,Other Restricted Grants-In-Aid,9724.51
2020-21,1930,Estacada SD 108,100,General Fund,4500,Restricted Revenue From Federal Government Through the State,120323.84
2020-21,1930,Estacada SD 108,201,Federal Sources,1990,Miscellaneous,11336.93
2020-21,1930,Estacada SD 108,201,Federal Sources,4500,Restricted Revenue From Federal Government Through the State,1937796.33
2020-21,1930,Estacada SD 108,250,Non-Federal Sources,1700,Extra-Curricular Activities,86948.88
2020-21,1930,Estacada SD 108,100,General Fund,1980,Fees Charged to Grants,21358.25
2020-21,1930,Estacada SD 108,100,General Fund,1990,Miscellaneous,196571.12
2020-21,1930,Estacada SD 108,100,General Fund,2101,County School Funds,20109.72
2020-21,1930,Estacada SD 108,100,General Fund,2102,General Education Service District Funds,613320.98
2020-21,1930,Estacada SD 108,100,General Fund,2199,Other Intermediate Sources,3747.94
2020-21,1930,Estacada SD 108,100,General Fund,3101,State School Fund --General Support,26666946.94
2020-21,1931,Gladstone SD 115,700,Trust and Agency Funds,1700,Extra-Curricular Activities,8650
2020-21,1931,Gladstone SD 115,700,Trust and Agency Funds,1800,Community Services Activities,50
2020-21,1931,Gladstone SD 115,700,Trust and Agency Funds,1990,Miscellaneous,142
2020-21,1931,Gladstone SD 115,700,Trust and Agency Funds,5400,Resources - Beginning Fund Balance,27969.11
2020-21,1931,Gladstone SD 115,300,Debt Service Funds,5400,Resources - Beginning Fund Balance,1361437.52
2020-21,1931,Gladstone SD 115,400,Capital Projects Funds,1130,Construction Excise Tax,19783.01
2020-21,1931,Gladstone SD 115,400,Capital Projects Funds,1500,Earnings on Investments,9244.36
2020-21,1931,Gladstone SD 115,400,Capital Projects Funds,1910,Rentals,20912.04
2020-21,1931,Gladstone SD 115,400,Capital Projects Funds,1990,Miscellaneous,91447.97
2020-21,1931,Gladstone SD 115,400,Capital Projects Funds,5400,Resources - Beginning Fund Balance,2658192.13
2020-21,1931,Gladstone SD 115,100,General Fund,4801,Federal Forest Fees,4288.89
2020-21,1931,Gladstone SD 115,100,General Fund,5400,Resources - Beginning Fund Balance,3161552.71
2020-21,1931,Gladstone SD 115,300,Debt Service Funds,1110,Ad valorem taxes levied by district,4106321.79
2020-21,1931,Gladstone SD 115,300,Debt Service Funds,1190,Penalties and interest on taxes,13169.54
2020-21,1931,Gladstone SD 115,300,Debt Service Funds,1500,Earnings on Investments,76203.34
2020-21,1931,Gladstone SD 115,300,Debt Service Funds,1970,Services Provided Other Funds,1771344.1
2020-21,1931,Gladstone SD 115,100,General Fund,1990,Miscellaneous,87070.82
2020-21,1931,Gladstone SD 115,100,General Fund,2101,County School Funds,13420.77
2020-21,1931,Gladstone SD 115,100,General Fund,2102,General Education Service District Funds,299101.12
2020-21,1931,Gladstone SD 115,100,General Fund,2199,Other Intermediate Sources,5020.56
2020-21,1931,Gladstone SD 115,100,General Fund,3103,Common School Fund,188842
2020-21,1931,Gladstone SD 115,100,General Fund,3199,Other Unrestricted Grants-In-Aid,-50
2020-21,1931,Gladstone SD 115,299,Child Nutrition,5400,Resources - Beginning Fund Balance,39146.34
2020-21,1931,Gladstone SD 115,100,General Fund,1110,Ad valorem taxes levied by district,4451837.47
2020-21,1931,Gladstone SD 115,100,General Fund,1190,Penalties and interest on taxes,16341.35
2020-21,1931,Gladstone SD 115,100,General Fund,1500,Earnings on Investments,103.62
2020-21,1931,Gladstone SD 115,100,General Fund,1910,Rentals,122099.38
2020-21,1931,Gladstone SD 115,100,General Fund,1980,Fees Charged to Grants,109428.15
2020-21,1931,Gladstone SD 115,299,Child Nutrition,1500,Earnings on Investments,1856.67
2020-21,1931,Gladstone SD 115,299,Child Nutrition,1600,Food Service,3402.2
2020-21,1931,Gladstone SD 115,299,Child Nutrition,3299,Other Restricted Grants-In-Aid,17005.93
2020-21,1931,Gladstone SD 115,299,Child Nutrition,4500,Restricted Revenue From Federal Government Through the State,418602.41
2020-21,1931,Gladstone SD 115,299,Child Nutrition,4900,Revenue for/on Behalf of the District,63498.2
2020-21,1931,Gladstone SD 115,299,Child Nutrition,5200,Interfund Transfers,7183.03
2020-21,1931,Gladstone SD 115,250,Non-Federal Sources,1940,Services Provided Other Local Education Agencies,36419.64
2020-21,1931,Gladstone SD 115,250,Non-Federal Sources,1990,Miscellaneous,7352
2020-21,1931,Gladstone SD 115,250,Non-Federal Sources,2199,Other Intermediate Sources,37012.58
2020-21,1931,Gladstone SD 115,250,Non-Federal Sources,2200,Restricted Revenue,5312.99
2020-21,1931,Gladstone SD 115,250,Non-Federal Sources,5200,Interfund Transfers,23984.99
2020-21,1931,Gladstone SD 115,250,Non-Federal Sources,5400,Resources - Beginning Fund Balance,1060092.53
2020-21,1931,Gladstone SD 115,201,Federal Sources,4500,Restricted Revenue From Federal Government Through the State,1775935.66
2020-21,1931,Gladstone SD 115,250,Non-Federal Sources,1200,Revenue From Local Governmental Units Other Than Districts,52649.56
2020-21,1931,Gladstone SD 115,250,Non-Federal Sources,1320,Adult/Continuing Education Tuition,10957.53
2020-21,1931,Gladstone SD 115,250,Non-Federal Sources,1500,Earnings on Investments,13217.87
2020-21,1931,Gladstone SD 115,250,Non-Federal Sources,1700,Extra-Curricular Activities,142186.82
2020-21,1931,Gladstone SD 115,250,Non-Federal Sources,1920,Contributions and Donations From Private Sources,96051.97
2020-21,1931,Gladstone SD 115,100,General Fund,3101,State School Fund --General Support,15907152.31
2020-21,1931,Gladstone SD 115,251,Student Investment Account,3299,Other Restricted Grants-In-Aid,497830.6
2020-21,1931,Gladstone SD 115,252,Measure 98 - High School Success,3299,Other Restricted Grants-In-Aid,643606.33
2020-21,1931,Gladstone SD 115,250,Non-Federal Sources,3299,Other Restricted Grants-In-Aid,292336.15
2020-21,1933,Astoria SD 1,300,Debt Service Funds,5400,Resources - Beginning Fund Balance,223310.88
2020-21,1933,Astoria SD 1,400,Capital Projects Funds,1500,Earnings on Investments,436047.36
2020-21,1933,Astoria SD 1,400,Capital Projects Funds,1990,Miscellaneous,10943.3
2020-21,1933,Astoria SD 1,400,Capital Projects Funds,3299,Other Restricted Grants-In-Aid,4000000
2020-21,1933,Astoria SD 1,400,Capital Projects Funds,5400,Resources - Beginning Fund Balance,69402164.37
2020-21,1933,Astoria SD 1,100,General Fund,4899,Other Federal Revenue in Lieu of Taxes,3239.47
2020-21,1933,Astoria SD 1,100,General Fund,5400,Resources - Beginning Fund Balance,4743201.84
2020-21,1933,Astoria SD 1,300,Debt Service Funds,1110,Ad valorem taxes levied by district,3660245.61
2020-21,1933,Astoria SD 1,300,Debt Service Funds,1190,Penalties and interest on taxes,977.36
2020-21,1933,Astoria SD 1,300,Debt Service Funds,1500,Earnings on Investments,15359.41
2020-21,1933,Astoria SD 1,300,Debt Service Funds,1970,Services Provided Other Funds,1917187.55
2020-21,1933,Astoria SD 1,100,General Fund,2101,County School Funds,1800386.88
2020-21,1933,Astoria SD 1,100,General Fund,2800,Revenue in Lieu of Taxes,5885.32
2020-21,1933,Astoria SD 1,100,General Fund,3101,State School Fund --General Support,10973918.57
2020-21,1933,Astoria SD 1,100,General Fund,3103,Common School Fund,178901.4
2020-21,1933,Astoria SD 1,100,General Fund,3104,State Managed County Timber,724324.67
2020-21,1933,Astoria SD 1,100,General Fund,4802,Impact Aid to School Districts for Operation,42042
2020-21,1933,Astoria SD 1,100,General Fund,1110,Ad valorem taxes levied by district,6424175.87
2020-21,1933,Astoria SD 1,100,General Fund,1190,Penalties and interest on taxes,3502.76
2020-21,1933,Astoria SD 1,100,General Fund,1500,Earnings on Investments,77505.53
2020-21,1933,Astoria SD 1,100,General Fund,1940,Services Provided Other Local Education Agencies,264207.84
2020-21,1933,Astoria SD 1,100,General Fund,1960,Recovery of Prior Years' Expenditure,1191.2
2020-21,1933,Astoria SD 1,100,General Fund,1990,Miscellaneous,95126.29
2020-21,1933,Astoria SD 1,299,Child Nutrition,1990,Miscellaneous,2076.33
2020-21,1933,Astoria SD 1,299,Child Nutrition,3299,Other Restricted Grants-In-Aid,13686.85
2020-21,1933,Astoria SD 1,299,Child Nutrition,4500,Restricted Revenue From Federal Government Through the State,562401.38
2020-21,1933,Astoria SD 1,299,Child Nutrition,4900,Revenue for/on Behalf of the District,54297.2
2020-21,1933,Astoria SD 1,299,Child Nutrition,5200,Interfund Transfers,80000
2020-21,1933,Astoria SD 1,299,Child Nutrition,5400,Resources - Beginning Fund Balance,-483081.06
2020-21,1933,Astoria SD 1,250,Non-Federal Sources,5400,Resources - Beginning Fund Balance,1069846.25
2020-21,1933,Astoria SD 1,251,Student Investment Account,3299,Other Restricted Grants-In-Aid,480607.49
2020-21,1933,Astoria SD 1,252,Measure 98 - High School Success,3299,Other Restricted Grants-In-Aid,541116.8
2020-21,1933,Astoria SD 1,299,Child Nutrition,1500,Earnings on Investments,0.35
2020-21,1933,Astoria SD 1,299,Child Nutrition,1600,Food Service,464.7
2020-21,1933,Astoria SD 1,299,Child Nutrition,1920,Contributions and Donations From Private Sources,3000
2020-21,1933,Astoria SD 1,250,Non-Federal Sources,1700,Extra-Curricular Activities,104135.79
2020-21,1933,Astoria SD 1,250,Non-Federal Sources,1920,Contributions and Donations From Private Sources,36775
2020-21,1933,Astoria SD 1,250,Non-Federal Sources,1940,Services Provided Other Local Education Agencies,121225.67
2020-21,1933,Astoria SD 1,250,Non-Federal Sources,1990,Miscellaneous,112568.97
2020-21,1933,Astoria SD 1,250,Non-Federal Sources,3299,Other Restricted Grants-In-Aid,183963.39
2020-21,1933,Astoria SD 1,250,Non-Federal Sources,5200,Interfund Transfers,599000
2020-21,1933,Astoria SD 1,201,Federal Sources,4500,Restricted Revenue From Federal Government Through the State,1276872.95
2020-21,1933,Astoria SD 1,250,Non-Federal Sources,1130,Construction Excise Tax,38492.3
2020-21,1934,Jewell SD 8,100,General Fund,1110,Ad valorem taxes levied by district,562861.41
2020-21,1934,Jewell SD 8,100,General Fund,1190,Penalties and interest on taxes,141.9
2020-21,1934,Jewell SD 8,100,General Fund,1500,Earnings on Investments,18766.75
2020-21,1934,Jewell SD 8,100,General Fund,1700,Extra-Curricular Activities,430.25
2020-21,1934,Jewell SD 8,100,General Fund,1920,Contributions and Donations From Private Sources,1244
2020-21,1934,Jewell SD 8,100,General Fund,1960,Recovery of Prior Years' Expenditure,7051.06
2020-21,1934,Jewell SD 8,400,Capital Projects Funds,5400,Resources - Beginning Fund Balance,1489390.67
2020-21,1934,Jewell SD 8,299,Child Nutrition,1600,Food Service,120
2020-21,1934,Jewell SD 8,299,Child Nutrition,4500,Restricted Revenue From Federal Government Through the State,132587.1
2020-21,1934,Jewell SD 8,299,Child Nutrition,4900,Revenue for/on Behalf of the District,7550.79
2020-21,1934,Jewell SD 8,299,Child Nutrition,5200,Interfund Transfers,104149.7
2020-21,1934,Jewell SD 8,400,Capital Projects Funds,2200,Restricted Revenue,60000
2020-21,1934,Jewell SD 8,400,Capital Projects Funds,5200,Interfund Transfers,1060000
2020-21,1934,Jewell SD 8,250,Non-Federal Sources,3299,Other Restricted Grants-In-Aid,234319.47
2020-21,1934,Jewell SD 8,250,Non-Federal Sources,4500,Restricted Revenue From Federal Government Through the State,5678.72
2020-21,1934,Jewell SD 8,250,Non-Federal Sources,5200,Interfund Transfers,5113847.36
2020-21,1934,Jewell SD 8,250,Non-Federal Sources,5400,Resources - Beginning Fund Balance,16155394.36
2020-21,1934,Jewell SD 8,251,Student Investment Account,3299,Other Restricted Grants-In-Aid,59938.87
2020-21,1934,Jewell SD 8,252,Measure 98 - High School Success,3299,Other Restricted Grants-In-Aid,56978.79
2020-21,1934,Jewell SD 8,201,Federal Sources,4500,Restricted Revenue From Federal Government Through the State,371566.34
2020-21,1934,Jewell SD 8,201,Federal Sources,4700,Grants-In-Aid From Federal Government Through Other Intermed,12186
2020-21,1934,Jewell SD 8,250,Non-Federal Sources,1500,Earnings on Investments,123205.5
2020-21,1934,Jewell SD 8,250,Non-Federal Sources,1700,Extra-Curricular Activities,6108.6
2020-21,1934,Jewell SD 8,250,Non-Federal Sources,1910,Rentals,58519
2020-21,1934,Jewell SD 8,250,Non-Federal Sources,1990,Miscellaneous,825.88
2020-21,1934,Jewell SD 8,100,General Fund,3103,Common School Fund,14374.58
2020-21,1934,Jewell SD 8,100,General Fund,3104,State Managed County Timber,5021437.72
2020-21,1934,Jewell SD 8,100,General Fund,3199,Other Unrestricted Grants-In-Aid,8960.68
2020-21,1934,Jewell SD 8,100,General Fund,3299,Other Restricted Grants-In-Aid,13387.16
2020-21,1934,Jewell SD 8,100,General Fund,5200,Interfund Transfers,4287884
2020-21,1934,Jewell SD 8,100,General Fund,5400,Resources - Beginning Fund Balance,953174
2020-21,1934,Jewell SD 8,100,General Fund,1980,Fees Charged to Grants,1419.89
2020-21,1934,Jewell SD 8,100,General Fund,1990,Miscellaneous,42645.22
2020-21,1934,Jewell SD 8,100,General Fund,2101,County School Funds,147970.89
2020-21,1934,Jewell SD 8,100,General Fund,2102,General Education Service District Funds,4885.59
2020-21,1934,Jewell SD 8,100,General Fund,2199,Other Intermediate Sources,190.96
2020-21,1934,Jewell SD 8,100,General Fund,2200,Restricted Revenue,195
2020-21,1935,Seaside SD 10,100,General Fund,1110,Ad valorem taxes levied by district,16728369.78
2020-21,1935,Seaside SD 10,100,General Fund,1120,Local option ad valorem taxes levied by district,1599665.54
2020-21,1935,Seaside SD 10,100,General Fund,1500,Earnings on Investments,56268.69
2020-21,1935,Seaside SD 10,100,General Fund,1910,Rentals,3178.09
2020-21,1935,Seaside SD 10,100,General Fund,1960,Recovery of Prior Years' Expenditure,21462.6
2020-21,1935,Seaside SD 10,100,General Fund,1990,Miscellaneous,147906.36
2020-21,1935,Seaside SD 10,400,Capital Projects Funds,5300,Sale of or Compensation for Loss of Fixed Assets,2600000
2020-21,1935,Seaside SD 10,400,Capital Projects Funds,5400,Resources - Beginning Fund Balance,8178426.03
2020-21,1935,Seaside SD 10,300,Debt Service Funds,5400,Resources - Beginning Fund Balance,532751.27
2020-21,1935,Seaside SD 10,400,Capital Projects Funds,1500,Earnings on Investments,60368.07
2020-21,1935,Seaside SD 10,400,Capital Projects Funds,1990,Miscellaneous,1028938.29
2020-21,1935,Seaside SD 10,400,Capital Projects Funds,3299,Other Restricted Grants-In-Aid,1615825
2020-21,1935,Seaside SD 10,400,Capital Projects Funds,5100,Long Term Debt Financing Sources,11345164.2
2020-21,1935,Seaside SD 10,400,Capital Projects Funds,5200,Interfund Transfers,75000
2020-21,1935,Seaside SD 10,299,Child Nutrition,3299,Other Restricted Grants-In-Aid,11345.68
2020-21,1935,Seaside SD 10,299,Child Nutrition,4500,Restricted Revenue From Federal Government Through the State,544451.95
2020-21,1935,Seaside SD 10,299,Child Nutrition,4900,Revenue for/on Behalf of the District,45414.26
2020-21,1935,Seaside SD 10,300,Debt Service Funds,1110,Ad valorem taxes levied by district,5161081.28
2020-21,1935,Seaside SD 10,300,Debt Service Funds,1500,Earnings on Investments,15239.89
2020-21,1935,Seaside SD 10,300,Debt Service Funds,5200,Interfund Transfers,370440
2020-21,1935,Seaside SD 10,250,Non-Federal Sources,5200,Interfund Transfers,3214.92
2020-21,1935,Seaside SD 10,250,Non-Federal Sources,5400,Resources - Beginning Fund Balance,590041.06
2020-21,1935,Seaside SD 10,251,Student Investment Account,3299,Other Restricted Grants-In-Aid,449787.08
2020-21,1935,Seaside SD 10,252,Measure 98 - High School Success,3299,Other Restricted Grants-In-Aid,393825.27
2020-21,1935,Seaside SD 10,299,Child Nutrition,1600,Food Service,1078.45
2020-21,1935,Seaside SD 10,299,Child Nutrition,1990,Miscellaneous,44286.69
2020-21,1935,Seaside SD 10,250,Non-Federal Sources,1500,Earnings on Investments,90.84
2020-21,1935,Seaside SD 10,250,Non-Federal Sources,1700,Extra-Curricular Activities,45178.04
2020-21,1935,Seaside SD 10,250,Non-Federal Sources,1920,Contributions and Donations From Private Sources,177000
2020-21,1935,Seaside SD 10,250,Non-Federal Sources,1990,Miscellaneous,303479.43
2020-21,1935,Seaside SD 10,250,Non-Federal Sources,2102,General Education Service District Funds,109948.79
2020-21,1935,Seaside SD 10,250,Non-Federal Sources,3299,Other Restricted Grants-In-Aid,243451.21
2020-21,1935,Seaside SD 10,100,General Fund,4500,Restricted Revenue From Federal Government Through the State,8893.95
2020-21,1935,Seaside SD 10,100,General Fund,5300,Sale of or Compensation for Loss of Fixed Assets,9298
2020-21,1935,Seaside SD 10,100,General Fund,5400,Resources - Beginning Fund Balance,3548206.38
2020-21,1935,Seaside SD 10,201,Federal Sources,4500,Restricted Revenue From Federal Government Through the State,1400060.09
2020-21,1935,Seaside SD 10,201,Federal Sources,4900,Revenue for/on Behalf of the District,57344.05
2020-21,1935,Seaside SD 10,201,Federal Sources,5400,Resources - Beginning Fund Balance,40646.96
2020-21,1935,Seaside SD 10,100,General Fund,2101,County School Funds,1054604.58
2020-21,1935,Seaside SD 10,100,General Fund,2102,General Education Service District Funds,2500
2020-21,1935,Seaside SD 10,100,General Fund,2199,Other Intermediate Sources,7888.85
2020-21,1935,Seaside SD 10,100,General Fund,3103,Common School Fund,227290.27
2020-21,1935,Seaside SD 10,100,General Fund,3104,State Managed County Timber,1071876.6
2020-21,1935,Seaside SD 10,100,General Fund,3299,Other Restricted Grants-In-Aid,3993.61
2020-21,1936,Warrenton-Hammond SD 30,100,General Fund,1110,Ad valorem taxes levied by district,3210287.63
2020-21,1936,Warrenton-Hammond SD 30,100,General Fund,1311,Tuition from Individuals,290909.52
2020-21,1936,Warrenton-Hammond SD 30,100,General Fund,1500,Earnings on Investments,32115.5
2020-21,1936,Warrenton-Hammond SD 30,100,General Fund,1700,Extra-Curricular Activities,582.4
2020-21,1936,Warrenton-Hammond SD 30,100,General Fund,2101,County School Funds,977085.42
2020-21,1936,Warrenton-Hammond SD 30,100,General Fund,3101,State School Fund --General Support,6318560.19
2020-21,1936,Warrenton-Hammond SD 30,300,Debt Service Funds,1110,Ad valorem taxes levied by district,2054790
2020-21,1936,Warrenton-Hammond SD 30,100,General Fund,1990,Miscellaneous,39722.1
2020-21,1936,Warrenton-Hammond SD 30,300,Debt Service Funds,5200,Interfund Transfers,234200
2020-21,1936,Warrenton-Hammond SD 30,300,Debt Service Funds,5400,Resources - Beginning Fund Balance,623490.81
2020-21,1936,Warrenton-Hammond SD 30,400,Capital Projects Funds,1500,Earnings on Investments,211349.54
2020-21,1936,Warrenton-Hammond SD 30,400,Capital Projects Funds,1910,Rentals,25020
2020-21,1936,Warrenton-Hammond SD 30,400,Capital Projects Funds,5400,Resources - Beginning Fund Balance,32267731.18
2020-21,1936,Warrenton-Hammond SD 30,400,Capital Projects Funds,2900,Revenue for/on Behalf of the District,4000000
2020-21,1936,Warrenton-Hammond SD 30,200,Special Revenue Funds,4500,Restricted Revenue From Federal Government Through the State,1248060.06
2020-21,1936,Warrenton-Hammond SD 30,200,Special Revenue Funds,4900,Revenue for/on Behalf of the District,30862
2020-21,1936,Warrenton-Hammond SD 30,200,Special Revenue Funds,5200,Interfund Transfers,70000
2020-21,1936,Warrenton-Hammond SD 30,200,Special Revenue Funds,5400,Resources - Beginning Fund Balance,223696.91
2020-21,1936,Warrenton-Hammond SD 30,300,Debt Service Funds,1500,Earnings on Investments,2242.23
2020-21,1936,Warrenton-Hammond SD 30,300,Debt Service Funds,1970,Services Provided Other Funds,345081.75
2020-21,1936,Warrenton-Hammond SD 30,200,Special Revenue Funds,1920,Contributions and Donations From Private Sources,17500
2020-21,1936,Warrenton-Hammond SD 30,200,Special Revenue Funds,1990,Miscellaneous,230316.63
2020-21,1936,Warrenton-Hammond SD 30,200,Special Revenue Funds,2900,Revenue for/on Behalf of the District,541674.31
2020-21,1936,Warrenton-Hammond SD 30,200,Special Revenue Funds,3101,State School Fund --General Support,62805.03
2020-21,1936,Warrenton-Hammond SD 30,200,Special Revenue Funds,3102,State School Fund--School Lunch Match,7614.91
2020-21,1936,Warrenton-Hammond SD 30,200,Special Revenue Funds,3199,Other Unrestricted Grants-In-Aid,271358.5
2020-21,1936,Warrenton-Hammond SD 30,100,General Fund,3103,Common School Fund,97747.76
2020-21,1936,Warrenton-Hammond SD 30,100,General Fund,3104,State Managed County Timber,590473.01
2020-21,1936,Warrenton-Hammond SD 30,100,General Fund,3199,Other Unrestricted Grants-In-Aid,52476.29
2020-21,1936,Warrenton-Hammond SD 30,100,General Fund,5400,Resources - Beginning Fund Balance,1642318.6
2020-21,1936,Warrenton-Hammond SD 30,200,Special Revenue Funds,1500,Earnings on Investments,1.8
2020-21,1936,Warrenton-Hammond SD 30,200,Special Revenue Funds,1600,Food Service,144.1
2020-21,1944,Scappoose SD 1J,400,Capital Projects Funds,1500,Earnings on Investments,2917.65
2020-21,1944,Scappoose SD 1J,400,Capital Projects Funds,2199,Other Intermediate Sources,136380.32
2020-21,1944,Scappoose SD 1J,400,Capital Projects Funds,5400,Resources - Beginning Fund Balance,421759.69
2020-21,1944,Scappoose SD 1J,200,Special Revenue Funds,5200,Interfund Transfers,549148.38
2020-21,1944,Scappoose SD 1J,200,Special Revenue Funds,5400,Resources - Beginning Fund Balance,1048141.67
2020-21,1944,Scappoose SD 1J,300,Debt Service Funds,1110,Ad valorem taxes levied by district,2697927.71
2020-21,1944,Scappoose SD 1J,300,Debt Service Funds,1500,Earnings on Investments,6958.68
2020-21,1944,Scappoose SD 1J,300,Debt Service Funds,2199,Other Intermediate Sources,631.07
2020-21,1944,Scappoose SD 1J,300,Debt Service Funds,5400,Resources - Beginning Fund Balance,208635.34
2020-21,1944,Scappoose SD 1J,200,Special Revenue Funds,2102,General Education Service District Funds,152821.91
2020-21,1944,Scappoose SD 1J,200,Special Revenue Funds,2199,Other Intermediate Sources,31470
2020-21,1944,Scappoose SD 1J,200,Special Revenue Funds,3204,Driver Education,12120
2020-21,1944,Scappoose SD 1J,200,Special Revenue Funds,3299,Other Restricted Grants-In-Aid,1153512.58
2020-21,1944,Scappoose SD 1J,200,Special Revenue Funds,4500,Restricted Revenue From Federal Government Through the State,1556670.03
2020-21,1944,Scappoose SD 1J,200,Special Revenue Funds,4900,Revenue for/on Behalf of the District,39606.6
2020-21,1944,Scappoose SD 1J,100,General Fund,5400,Resources - Beginning Fund Balance,2402649.8
2020-21,1944,Scappoose SD 1J,200,Special Revenue Funds,1500,Earnings on Investments,9670.98
2020-21,1944,Scappoose SD 1J,200,Special Revenue Funds,1600,Food Service,1028.4
2020-21,1944,Scappoose SD 1J,200,Special Revenue Funds,1700,Extra-Curricular Activities,5700
2020-21,1944,Scappoose SD 1J,200,Special Revenue Funds,1910,Rentals,55990.67
2020-21,1944,Scappoose SD 1J,200,Special Revenue Funds,1990,Miscellaneous,39436.56
2020-21,1944,Scappoose SD 1J,100,General Fund,3101,State School Fund --General Support,14341249.35
2020-21,1944,Scappoose SD 1J,100,General Fund,3103,Common School Fund,241574.14
2020-21,1944,Scappoose SD 1J,100,General Fund,3104,State Managed County Timber,32603.85
2020-21,1944,Scappoose SD 1J,100,General Fund,3299,Other Restricted Grants-In-Aid,7192
2020-21,1944,Scappoose SD 1J,100,General Fund,4200,Unrestricted Revenue From Federal Government Through State,5531.23
2020-21,1944,Scappoose SD 1J,100,General Fund,4500,Restricted Revenue From Federal Government Through the State,6822.99
2020-21,1944,Scappoose SD 1J,100,General Fund,1980,Fees Charged to Grants,30103
2020-21,1944,Scappoose SD 1J,100,General Fund,1990,Miscellaneous,7827.99
2020-21,1944,Scappoose SD 1J,100,General Fund,2101,County School Funds,35762.83
2020-21,1944,Scappoose SD 1J,100,General Fund,2105,Natural Gas; Oil; And Mineral Receipts,122895.5
2020-21,1944,Scappoose SD 1J,100,General Fund,2199,Other Intermediate Sources,2184.03
2020-21,1944,Scappoose SD 1J,100,General Fund,2800,Revenue in Lieu of Taxes,414367.18
2020-21,1944,Scappoose SD 1J,100,General Fund,1110,Ad valorem taxes levied by district,9355290.98
2020-21,1944,Scappoose SD 1J,100,General Fund,1500,Earnings on Investments,47565.17
2020-21,1944,Scappoose SD 1J,100,General Fund,1910,Rentals,18754
2020-21,1944,Scappoose SD 1J,100,General Fund,1940,Services Provided Other Local Education Agencies,52797.39
2020-21,1944,Scappoose SD 1J,100,General Fund,1960,Recovery of Prior Years' Expenditure,92005.69
2020-21,1945,Clatskanie SD 6J,201,Federal Sources,5400,Resources - Beginning Fund Balance,618594.29
2020-21,1945,Clatskanie SD 6J,300,Debt Service Funds,1110,Ad valorem taxes levied by district,724909.16
2020-21,1945,Clatskanie SD 6J,300,Debt Service Funds,1190,Penalties and interest on taxes,106.69
2020-21,1945,Clatskanie SD 6J,400,Capital Projects Funds,5300,Sale of or Compensation for Loss of Fixed Assets,116022.11
2020-21,1945,Clatskanie SD 6J,100,General Fund,3103,Common School Fund,70832.24
2020-21,1945,Clatskanie SD 6J,100,General Fund,3104,State Managed County Timber,64653.17
2020-21,1945,Clatskanie SD 6J,201,Federal Sources,1990,Miscellaneous,4835.73
2020-21,1945,Clatskanie SD 6J,201,Federal Sources,3299,Other Restricted Grants-In-Aid,474391.87
2020-21,1945,Clatskanie SD 6J,201,Federal Sources,4300,Restricted Revenue Direct From the Federal Government,34654.25
2020-21,1945,Clatskanie SD 6J,201,Federal Sources,4500,Restricted Revenue From Federal Government Through the State,1135843.88
2020-21,1945,Clatskanie SD 6J,201,Federal Sources,5100,Long Term Debt Financing Sources,73854
2020-21,1945,Clatskanie SD 6J,201,Federal Sources,5200,Interfund Transfers,141806.32
2020-21,1945,Clatskanie SD 6J,100,General Fund,1110,Ad valorem taxes levied by district,3568600.62
2020-21,1945,Clatskanie SD 6J,100,General Fund,1190,Penalties and interest on taxes,604.29
2020-21,1945,Clatskanie SD 6J,100,General Fund,1990,Miscellaneous,71145.81
2020-21,1945,Clatskanie SD 6J,100,General Fund,2800,Revenue in Lieu of Taxes,494.63
2020-21,1945,Clatskanie SD 6J,201,Federal Sources,1920,Contributions and Donations From Private Sources,444302.73
2020-21,1945,Clatskanie SD 6J,201,Federal Sources,1960,Recovery of Prior Years' Expenditure,40
2020-21,1945,Clatskanie SD 6J,201,Federal Sources,2200,Restricted Revenue,74177
2020-21,1945,Clatskanie SD 6J,201,Federal Sources,3102,State School Fund--School Lunch Match,3226.75
2020-21,1945,Clatskanie SD 6J,201,Federal Sources,3222,State School Fund (SSF) Transportation Equipment,106436
2020-21,1945,Clatskanie SD 6J,201,Federal Sources,4900,Revenue for/on Behalf of the District,26048.7
2020-21,1945,Clatskanie SD 6J,400,Capital Projects Funds,5400,Resources - Beginning Fund Balance,138182
2020-21,1945,Clatskanie SD 6J,700,Trust and Agency Funds,1500,Earnings on Investments,419.64
2020-21,1945,Clatskanie SD 6J,700,Trust and Agency Funds,5400,Resources - Beginning Fund Balance,52607.43
2020-21,1945,Clatskanie SD 6J,100,General Fund,1920,Contributions and Donations From Private Sources,6225
2020-21,1945,Clatskanie SD 6J,201,Federal Sources,1600,Food Service,714.87
2020-21,1945,Clatskanie SD 6J,201,Federal Sources,1700,Extra-Curricular Activities,9534.81
2020-21,1945,Clatskanie SD 6J,100,General Fund,5200,Interfund Transfers,445673
2020-21,1945,Clatskanie SD 6J,100,General Fund,5400,Resources - Beginning Fund Balance,296491
2020-21,1945,Clatskanie SD 6J,201,Federal Sources,4201,Foster Transportation,2639
2020-21,1945,Clatskanie SD 6J,300,Debt Service Funds,1500,Earnings on Investments,0.02
2020-21,1945,Clatskanie SD 6J,300,Debt Service Funds,5200,Interfund Transfers,57000
2020-21,1945,Clatskanie SD 6J,300,Debt Service Funds,5400,Resources - Beginning Fund Balance,25459.5
2020-21,1945,Clatskanie SD 6J,100,General Fund,1500,Earnings on Investments,16696.51
2020-21,1945,Clatskanie SD 6J,100,General Fund,1700,Extra-Curricular Activities,283
2020-21,1945,Clatskanie SD 6J,100,General Fund,1910,Rentals,5000
2020-21,1945,Clatskanie SD 6J,100,General Fund,1960,Recovery of Prior Years' Expenditure,98249.01
2020-21,1945,Clatskanie SD 6J,100,General Fund,2200,Restricted Revenue,53192.51
2020-21,1945,Clatskanie SD 6J,100,General Fund,3101,State School Fund --General Support,5071939.37
2020-21,1945,Clatskanie SD 6J,100,General Fund,1411,Transportation fees from Individuals,6997.23
2020-21,1946,Rainier SD 13,100,General Fund,1110,Ad valorem taxes levied by district,4103339.14
2020-21,1946,Rainier SD 13,100,General Fund,1190,Penalties and interest on taxes,529.96
2020-21,1946,Rainier SD 13,100,General Fund,1411,Transportation fees from Individuals,5681.7
2020-21,1946,Rainier SD 13,100,General Fund,1500,Earnings on Investments,18167.72
2020-21,1946,Rainier SD 13,100,General Fund,1700,Extra-Curricular Activities,-250
2020-21,1946,Rainier SD 13,100,General Fund,1920,Contributions and Donations From Private Sources,500
2020-21,1946,Rainier SD 13,400,Capital Projects Funds,5400,Resources - Beginning Fund Balance,56094.57
2020-21,1946,Rainier SD 13,700,Trust and Agency Funds,1500,Earnings on Investments,723.4
2020-21,1946,Rainier SD 13,700,Trust and Agency Funds,1920,Contributions and Donations From Private Sources,13000
2020-21,1946,Rainier SD 13,700,Trust and Agency Funds,5400,Resources - Beginning Fund Balance,93018.98
2020-21,1946,Rainier SD 13,299,Child Nutrition,5400,Resources - Beginning Fund Balance,40006.61
2020-21,1946,Rainier SD 13,300,Debt Service Funds,1500,Earnings on Investments,31.21
2020-21,1946,Rainier SD 13,300,Debt Service Funds,1970,Services Provided Other Funds,678151.68
2020-21,1946,Rainier SD 13,300,Debt Service Funds,4900,Revenue for/on Behalf of the District,26168.25
2020-21,1946,Rainier SD 13,300,Debt Service Funds,5200,Interfund Transfers,55500
2020-21,1946,Rainier SD 13,300,Debt Service Funds,5400,Resources - Beginning Fund Balance,541136.41
2020-21,1946,Rainier SD 13,299,Child Nutrition,1920,Contributions and Donations From Private Sources,450
2020-21,1946,Rainier SD 13,299,Child Nutrition,1990,Miscellaneous,617.18
2020-21,1946,Rainier SD 13,299,Child Nutrition,3102,State School Fund--School Lunch Match,3407.33
2020-21,1946,Rainier SD 13,299,Child Nutrition,3299,Other Restricted Grants-In-Aid,10574.24
2020-21,1946,Rainier SD 13,299,Child Nutrition,4500,Restricted Revenue From Federal Government Through the State,605889.85
2020-21,1946,Rainier SD 13,299,Child Nutrition,4900,Revenue for/on Behalf of the District,48162.01
2020-21,1946,Rainier SD 13,250,Non-Federal Sources,5200,Interfund Transfers,251931.22
2020-21,1946,Rainier SD 13,250,Non-Federal Sources,5400,Resources - Beginning Fund Balance,88196.19
2020-21,1946,Rainier SD 13,251,Student Investment Account,3299,Other Restricted Grants-In-Aid,184288.44
2020-21,1946,Rainier SD 13,252,Measure 98 - High School Success,3299,Other Restricted Grants-In-Aid,262810.74
2020-21,1946,Rainier SD 13,299,Child Nutrition,1500,Earnings on Investments,13.28
2020-21,1946,Rainier SD 13,299,Child Nutrition,1600,Food Service,884.48
2020-21,1946,Rainier SD 13,250,Non-Federal Sources,1500,Earnings on Investments,732.68
2020-21,1946,Rainier SD 13,250,Non-Federal Sources,1700,Extra-Curricular Activities,78717.7
2020-21,1946,Rainier SD 13,250,Non-Federal Sources,1920,Contributions and Donations From Private Sources,33167.88
2020-21,1946,Rainier SD 13,250,Non-Federal Sources,1990,Miscellaneous,73891.31
2020-21,1946,Rainier SD 13,250,Non-Federal Sources,2200,Restricted Revenue,68564.53
2020-21,1946,Rainier SD 13,250,Non-Federal Sources,3299,Other Restricted Grants-In-Aid,263340.61
2020-21,1946,Rainier SD 13,100,General Fund,5400,Resources - Beginning Fund Balance,558377.01
2020-21,1946,Rainier SD 13,201,Federal Sources,3299,Other Restricted Grants-In-Aid,20462.81
2020-21,1946,Rainier SD 13,201,Federal Sources,4300,Restricted Revenue Direct From the Federal Government,5324.06
2020-21,1946,Rainier SD 13,201,Federal Sources,4500,Restricted Revenue From Federal Government Through the State,792393.84
2020-21,1946,Rainier SD 13,250,Non-Federal Sources,1200,Revenue From Local Governmental Units Other Than Districts,43333.33
2020-21,1946,Rainier SD 13,250,Non-Federal Sources,1311,Tuition from Individuals,8988.96
2020-21,1946,Rainier SD 13,100,General Fund,3101,State School Fund --General Support,5425708.51
2020-21,1946,Rainier SD 13,100,General Fund,3103,Common School Fund,90580.18
2020-21,1946,Rainier SD 13,100,General Fund,3104,State Managed County Timber,13643.96
2020-21,1946,Rainier SD 13,100,General Fund,3199,Other Unrestricted Grants-In-Aid,52873.56
2020-21,1946,Rainier SD 13,100,General Fund,3299,Other Restricted Grants-In-Aid,14113.24
2020-21,1946,Rainier SD 13,100,General Fund,5200,Interfund Transfers,140000
2020-21,1946,Rainier SD 13,100,General Fund,1930,Rental or Lease Payments from Private Contractors,27005
2020-21,1946,Rainier SD 13,100,General Fund,1960,Recovery of Prior Years' Expenditure,10430.97
2020-21,1946,Rainier SD 13,100,General Fund,1990,Miscellaneous,25441.61
2020-21,1946,Rainier SD 13,100,General Fund,2101,County School Funds,11947.24
2020-21,1946,Rainier SD 13,100,General Fund,2105,Natural Gas; Oil; And Mineral Receipts,51428.75
2020-21,1946,Rainier SD 13,100,General Fund,2200,Restricted Revenue,3832
2020-21,1947,Vernonia SD 47J,100,General Fund,1110,Ad valorem taxes levied by district,3017404.32
2020-21,1947,Vernonia SD 47J,100,General Fund,1190,Penalties and interest on taxes,871.37
2020-21,1947,Vernonia SD 47J,100,General Fund,1500,Earnings on Investments,17778.95
2020-21,1947,Vernonia SD 47J,100,General Fund,1910,Rentals,5500
2020-21,1947,Vernonia SD 47J,100,General Fund,1920,Contributions and Donations From Private Sources,20482.75
2020-21,1947,Vernonia SD 47J,100,General Fund,1960,Recovery of Prior Years' Expenditure,1179.11
2020-21,1947,Vernonia SD 47J,201,Federal Sources,4300,Restricted Revenue Direct From the Federal Government,42590.36
2020-21,1947,Vernonia SD 47J,201,Federal Sources,4500,Restricted Revenue From Federal Government Through the State,655605.84
2020-21,1947,Vernonia SD 47J,300,Debt Service Funds,1500,Earnings on Investments,1.96
2020-21,1947,Vernonia SD 47J,300,Debt Service Funds,5200,Interfund Transfers,104433.67
2020-21,1947,Vernonia SD 47J,300,Debt Service Funds,5400,Resources - Beginning Fund Balance,43038.9
2020-21,1947,Vernonia SD 47J,400,Capital Projects Funds,1500,Earnings on Investments,4345.36
2020-21,1947,Vernonia SD 47J,400,Capital Projects Funds,1920,Contributions and Donations From Private Sources,30275
2020-21,1947,Vernonia SD 47J,400,Capital Projects Funds,5400,Resources - Beginning Fund Balance,912289.02
2020-21,1947,Vernonia SD 47J,299,Child Nutrition,3299,Other Restricted Grants-In-Aid,2866.1
2020-21,1947,Vernonia SD 47J,299,Child Nutrition,4500,Restricted Revenue From Federal Government Through the State,384013.26
2020-21,1947,Vernonia SD 47J,299,Child Nutrition,4900,Revenue for/on Behalf of the District,30646.21
2020-21,1947,Vernonia SD 47J,299,Child Nutrition,5400,Resources - Beginning Fund Balance,-0.01
2020-21,1947,Vernonia SD 47J,300,Debt Service Funds,1110,Ad valorem taxes levied by district,980147.9
2020-21,1947,Vernonia SD 47J,300,Debt Service Funds,1190,Penalties and interest on taxes,305.28
2020-21,1947,Vernonia SD 47J,250,Non-Federal Sources,5400,Resources - Beginning Fund Balance,236935.57
2020-21,1947,Vernonia SD 47J,251,Student Investment Account,3299,Other Restricted Grants-In-Aid,170959.47
2020-21,1947,Vernonia SD 47J,252,Measure 98 - High School Success,3299,Other Restricted Grants-In-Aid,173324.86
2020-21,1947,Vernonia SD 47J,299,Child Nutrition,1600,Food Service,1654.57
2020-21,1947,Vernonia SD 47J,299,Child Nutrition,1990,Miscellaneous,48
2020-21,1947,Vernonia SD 47J,299,Child Nutrition,3102,State School Fund--School Lunch Match,2087.81
2020-21,1947,Vernonia SD 47J,250,Non-Federal Sources,1700,Extra-Curricular Activities,65352.09
2020-21,1947,Vernonia SD 47J,250,Non-Federal Sources,1920,Contributions and Donations From Private Sources,44685
2020-21,1947,Vernonia SD 47J,250,Non-Federal Sources,1990,Miscellaneous,24245.51
2020-21,1947,Vernonia SD 47J,250,Non-Federal Sources,2102,General Education Service District Funds,11631.22
2020-21,1947,Vernonia SD 47J,250,Non-Federal Sources,3299,Other Restricted Grants-In-Aid,107744.39
2020-21,1947,Vernonia SD 47J,250,Non-Federal Sources,5200,Interfund Transfers,10000
2020-21,1947,Vernonia SD 47J,100,General Fund,3104,State Managed County Timber,985035.94
2020-21,1947,Vernonia SD 47J,100,General Fund,3199,Other Unrestricted Grants-In-Aid,33036.86
2020-21,1947,Vernonia SD 47J,100,General Fund,3299,Other Restricted Grants-In-Aid,35302.27
2020-21,1947,Vernonia SD 47J,100,General Fund,5200,Interfund Transfers,20000
2020-21,1947,Vernonia SD 47J,100,General Fund,5400,Resources - Beginning Fund Balance,609824.09
2020-21,1947,Vernonia SD 47J,201,Federal Sources,3299,Other Restricted Grants-In-Aid,4503.03
2020-21,1947,Vernonia SD 47J,100,General Fund,1990,Miscellaneous,141218.69
2020-21,1947,Vernonia SD 47J,100,General Fund,2101,County School Funds,11013.48
2020-21,1947,Vernonia SD 47J,100,General Fund,2102,General Education Service District Funds,16600
2020-21,1947,Vernonia SD 47J,100,General Fund,2105,Natural Gas; Oil; And Mineral Receipts,49555.17
2020-21,1947,Vernonia SD 47J,100,General Fund,3101,State School Fund --General Support,3285221.54
2020-21,1947,Vernonia SD 47J,100,General Fund,3103,Common School Fund,56998.12
2020-21,1948,St Helens SD 502,300,Debt Service Funds,1110,Ad valorem taxes levied by district,2457568.31
2020-21,1948,St Helens SD 502,100,General Fund,1110,Ad valorem taxes levied by district,9681047.3
2020-21,1948,St Helens SD 502,400,Capital Projects Funds,1130,Construction Excise Tax,354579.03
2020-21,1948,St Helens SD 502,300,Debt Service Funds,1190,Penalties and interest on taxes,308.5
2020-21,1948,St Helens SD 502,100,General Fund,1190,Penalties and interest on taxes,1207.45
2020-21,1948,St Helens SD 502,250,Non-Federal Sources,1311,Tuition from Individuals,635.03
2020-21,1948,St Helens SD 502,299,Child Nutrition,5400,Resources - Beginning Fund Balance,221175.2
2020-21,1948,St Helens SD 502,201,Federal Sources,5400,Resources - Beginning Fund Balance,2502.21
2020-21,1948,St Helens SD 502,250,Non-Federal Sources,5400,Resources - Beginning Fund Balance,575804.41
2020-21,1948,St Helens SD 502,201,Federal Sources,4500,Restricted Revenue From Federal Government Through the State,2402136.32
2020-21,1948,St Helens SD 502,250,Non-Federal Sources,5200,Interfund Transfers,184204.9
2020-21,1948,St Helens SD 502,100,General Fund,5300,Sale of or Compensation for Loss of Fixed Assets,12750
2020-21,1948,St Helens SD 502,300,Debt Service Funds,5400,Resources - Beginning Fund Balance,394657.1
2020-21,1948,St Helens SD 502,400,Capital Projects Funds,5400,Resources - Beginning Fund Balance,8637730.06
2020-21,1948,St Helens SD 502,100,General Fund,5400,Resources - Beginning Fund Balance,4701922.26
2020-21,1948,St Helens SD 502,252,Measure 98 - High School Success,5400,Resources - Beginning Fund Balance,5039.07
2020-21,1948,St Helens SD 502,250,Non-Federal Sources,4500,Restricted Revenue From Federal Government Through the State,705
2020-21,1948,St Helens SD 502,299,Child Nutrition,4500,Restricted Revenue From Federal Government Through the State,824807.68
2020-21,1948,St Helens SD 502,299,Child Nutrition,4900,Revenue for/on Behalf of the District,84430.98
2020-21,1948,St Helens SD 502,400,Capital Projects Funds,5100,Long Term Debt Financing Sources,64986985.55
2020-21,1948,St Helens SD 502,400,Capital Projects Funds,5200,Interfund Transfers,50000
2020-21,1948,St Helens SD 502,201,Federal Sources,5200,Interfund Transfers,47167.87
2020-21,1948,St Helens SD 502,100,General Fund,3199,Other Unrestricted Grants-In-Aid,108254.91
2020-21,1948,St Helens SD 502,250,Non-Federal Sources,3299,Other Restricted Grants-In-Aid,626617.31
2020-21,1948,St Helens SD 502,251,Student Investment Account,3299,Other Restricted Grants-In-Aid,684259.31
2020-21,1948,St Helens SD 502,252,Measure 98 - High School Success,3299,Other Restricted Grants-In-Aid,610010.16
2020-21,1948,St Helens SD 502,299,Child Nutrition,3299,Other Restricted Grants-In-Aid,16141.97
2020-21,1948,St Helens SD 502,100,General Fund,4201,Foster Transportation,3615.18
2020-21,1948,St Helens SD 502,201,Federal Sources,2200,Restricted Revenue,2500
2020-21,1948,St Helens SD 502,250,Non-Federal Sources,2200,Restricted Revenue,103487.04
2020-21,1948,St Helens SD 502,100,General Fund,3101,State School Fund --General Support,19348846.86
2020-21,1948,St Helens SD 502,299,Child Nutrition,3102,State School Fund--School Lunch Match,8967.46
2020-21,1948,St Helens SD 502,100,General Fund,3103,Common School Fund,281294.56
2020-21,1948,St Helens SD 502,100,General Fund,3104,State Managed County Timber,40338.9
2020-21,1948,St Helens SD 502,100,General Fund,2101,County School Funds,40338.9
2020-21,1948,St Helens SD 502,100,General Fund,2102,General Education Service District Funds,50000
2020-21,1948,St Helens SD 502,100,General Fund,2105,Natural Gas; Oil; And Mineral Receipts,152051.38
2020-21,1948,St Helens SD 502,100,General Fund,2199,Other Intermediate Sources,2335.19
2020-21,1948,St Helens SD 502,400,Capital Projects Funds,2200,Restricted Revenue,2250
2020-21,1948,St Helens SD 502,100,General Fund,2200,Restricted Revenue,20075.57
2020-21,1948,St Helens SD 502,300,Debt Service Funds,1970,Services Provided Other Funds,2771673.5
2020-21,1948,St Helens SD 502,251,Student Investment Account,1980,Fees Charged to Grants,2104.45
2020-21,1948,St Helens SD 502,400,Capital Projects Funds,1990,Miscellaneous,162252.07
2020-21,1948,St Helens SD 502,100,General Fund,1990,Miscellaneous,135677.73
2020-21,1948,St Helens SD 502,201,Federal Sources,1990,Miscellaneous,1700
2020-21,1948,St Helens SD 502,250,Non-Federal Sources,1990,Miscellaneous,77792.14
2020-21,1948,St Helens SD 502,201,Federal Sources,1920,Contributions and Donations From Private Sources,87.38
2020-21,1948,St Helens SD 502,250,Non-Federal Sources,1920,Contributions and Donations From Private Sources,66210.62
2020-21,1948,St Helens SD 502,100,General Fund,1950,Textbook Sales and Rentals,280
2020-21,1948,St Helens SD 502,100,General Fund,1960,Recovery of Prior Years' Expenditure,64292.93
2020-21,1948,St Helens SD 502,299,Child Nutrition,1960,Recovery of Prior Years' Expenditure,3499.12
2020-21,1948,St Helens SD 502,250,Non-Federal Sources,1960,Recovery of Prior Years' Expenditure,30307.66
2020-21,1948,St Helens SD 502,100,General Fund,1700,Extra-Curricular Activities,330.87
2020-21,1948,St Helens SD 502,250,Non-Federal Sources,1800,Community Services Activities,55
2020-21,1948,St Helens SD 502,400,Capital Projects Funds,1910,Rentals,1053.5
2020-21,1948,St Helens SD 502,100,General Fund,1910,Rentals,5030.5
2020-21,1948,St Helens SD 502,100,General Fund,1920,Contributions and Donations From Private Sources,489.99
2020-21,1948,St Helens SD 502,299,Child Nutrition,1920,Contributions and Donations From Private Sources,16.85
2020-21,1948,St Helens SD 502,300,Debt Service Funds,1500,Earnings on Investments,3.13
2020-21,1948,St Helens SD 502,400,Capital Projects Funds,1500,Earnings on Investments,245414.44
2020-21,1948,St Helens SD 502,100,General Fund,1500,Earnings on Investments,79114.69
2020-21,1948,St Helens SD 502,250,Non-Federal Sources,1500,Earnings on Investments,17.48
2020-21,1948,St Helens SD 502,299,Child Nutrition,1600,Food Service,25873.04
2020-21,1948,St Helens SD 502,250,Non-Federal Sources,1700,Extra-Curricular Activities,52186.21
2020-21,1949,South Coast ESD,100,General Fund,1110,Ad valorem taxes levied by district,4113267.76
2020-21,1949,South Coast ESD,100,General Fund,1500,Earnings on Investments,37988.76
2020-21,1949,South Coast ESD,100,General Fund,1910,Rentals,12000
2020-21,1949,South Coast ESD,100,General Fund,1940,Services Provided Other Local Education Agencies,2357312.64
2020-21,1949,South Coast ESD,100,General Fund,1960,Recovery of Prior Years' Expenditure,26138.58
2020-21,1949,South Coast ESD,100,General Fund,1970,Services Provided Other Funds,1074364.15
2020-21,1949,South Coast ESD,700,Trust and Agency Funds,1500,Earnings on Investments,654.58
2020-21,1949,South Coast ESD,700,Trust and Agency Funds,5200,Interfund Transfers,5961176.39
2020-21,1949,South Coast ESD,700,Trust and Agency Funds,5400,Resources - Beginning Fund Balance,1188698.63
2020-21,1949,South Coast ESD,300,Debt Service Funds,5400,Resources - Beginning Fund Balance,1876.34
2020-21,1949,South Coast ESD,400,Capital Projects Funds,5400,Resources - Beginning Fund Balance,3703.73
2020-21,1949,South Coast ESD,500,Enterprise Funds,1940,Services Provided Other Local Education Agencies,178472.81
2020-21,1949,South Coast ESD,500,Enterprise Funds,5400,Resources - Beginning Fund Balance,196435.32
2020-21,1949,South Coast ESD,600,Internal Service Funds,1970,Services Provided Other Funds,28479.48
2020-21,1949,South Coast ESD,600,Internal Service Funds,5400,Resources - Beginning Fund Balance,16437.28
2020-21,1949,South Coast ESD,250,Non-Federal Sources,1990,Miscellaneous,214219.61
2020-21,1949,South Coast ESD,250,Non-Federal Sources,2200,Restricted Revenue,3708424.88
2020-21,1949,South Coast ESD,250,Non-Federal Sources,3299,Other Restricted Grants-In-Aid,646994.87
2020-21,1949,South Coast ESD,250,Non-Federal Sources,5200,Interfund Transfers,52000
2020-21,1949,South Coast ESD,250,Non-Federal Sources,5400,Resources - Beginning Fund Balance,830628.3
2020-21,1949,South Coast ESD,300,Debt Service Funds,5200,Interfund Transfers,52000
2020-21,1949,South Coast ESD,201,Federal Sources,3299,Other Restricted Grants-In-Aid,72905.12
2020-21,1949,South Coast ESD,201,Federal Sources,4500,Restricted Revenue From Federal Government Through the State,780875.8
2020-21,1949,South Coast ESD,201,Federal Sources,5400,Resources - Beginning Fund Balance,49889.34
2020-21,1949,South Coast ESD,250,Non-Federal Sources,1920,Contributions and Donations From Private Sources,168449.68
2020-21,1949,South Coast ESD,250,Non-Federal Sources,1940,Services Provided Other Local Education Agencies,16074
2020-21,1949,South Coast ESD,250,Non-Federal Sources,1970,Services Provided Other Funds,51329.21
2020-21,1949,South Coast ESD,100,General Fund,1990,Miscellaneous,28715.69
2020-21,1949,South Coast ESD,100,General Fund,2199,Other Intermediate Sources,5018.87
2020-21,1949,South Coast ESD,100,General Fund,3101,State School Fund --General Support,2902677.35
2020-21,1949,South Coast ESD,100,General Fund,3104,State Managed County Timber,2.08
2020-21,1949,South Coast ESD,100,General Fund,5200,Interfund Transfers,6510503.43
2020-21,1949,South Coast ESD,100,General Fund,5400,Resources - Beginning Fund Balance,1662866.94
2020-21,1964,Coquille SD 8,100,General Fund,1110,Ad valorem taxes levied by district,2345363.57
2020-21,1964,Coquille SD 8,100,General Fund,1500,Earnings on Investments,33321.75
2020-21,1964,Coquille SD 8,100,General Fund,1700,Extra-Curricular Activities,230
2020-21,1964,Coquille SD 8,100,General Fund,1800,Community Services Activities,95377.67
2020-21,1964,Coquille SD 8,100,General Fund,1910,Rentals,15000
2020-21,1964,Coquille SD 8,100,General Fund,1920,Contributions and Donations From Private Sources,1500
2020-21,1964,Coquille SD 8,700,Trust and Agency Funds,5400,Resources - Beginning Fund Balance,7988.15
2020-21,1964,Coquille SD 8,300,Debt Service Funds,5400,Resources - Beginning Fund Balance,157835.39
2020-21,1964,Coquille SD 8,400,Capital Projects Funds,1920,Contributions and Donations From Private Sources,4000
2020-21,1964,Coquille SD 8,400,Capital Projects Funds,1990,Miscellaneous,169.88
2020-21,1964,Coquille SD 8,400,Capital Projects Funds,5200,Interfund Transfers,427297.48
2020-21,1964,Coquille SD 8,400,Capital Projects Funds,5400,Resources - Beginning Fund Balance,-70038.32
2020-21,1964,Coquille SD 8,700,Trust and Agency Funds,1500,Earnings on Investments,208.35
2020-21,1964,Coquille SD 8,299,Child Nutrition,4500,Restricted Revenue From Federal Government Through the State,657051.64
2020-21,1964,Coquille SD 8,299,Child Nutrition,4900,Revenue for/on Behalf of the District,38971.15
2020-21,1964,Coquille SD 8,299,Child Nutrition,5200,Interfund Transfers,5443.49
2020-21,1964,Coquille SD 8,299,Child Nutrition,5400,Resources - Beginning Fund Balance,-45398.96
2020-21,1964,Coquille SD 8,300,Debt Service Funds,1110,Ad valorem taxes levied by district,379592.63
2020-21,1964,Coquille SD 8,300,Debt Service Funds,1500,Earnings on Investments,2.25
2020-21,1964,Coquille SD 8,250,Non-Federal Sources,5400,Resources - Beginning Fund Balance,594155.26
2020-21,1964,Coquille SD 8,251,Student Investment Account,3299,Other Restricted Grants-In-Aid,339452.1
2020-21,1964,Coquille SD 8,252,Measure 98 - High School Success,3299,Other Restricted Grants-In-Aid,420321.45
2020-21,1964,Coquille SD 8,299,Child Nutrition,1600,Food Service,1360.94
2020-21,1964,Coquille SD 8,299,Child Nutrition,1940,Services Provided Other Local Education Agencies,6000
2020-21,1964,Coquille SD 8,299,Child Nutrition,3199,Other Unrestricted Grants-In-Aid,2723.3
2020-21,1964,Coquille SD 8,250,Non-Federal Sources,1920,Contributions and Donations From Private Sources,37101.44
2020-21,1964,Coquille SD 8,250,Non-Federal Sources,1940,Services Provided Other Local Education Agencies,47557.81
2020-21,1964,Coquille SD 8,250,Non-Federal Sources,1990,Miscellaneous,10810.14
2020-21,1964,Coquille SD 8,250,Non-Federal Sources,2200,Restricted Revenue,47215.71
2020-21,1964,Coquille SD 8,250,Non-Federal Sources,3299,Other Restricted Grants-In-Aid,177399.67
2020-21,1964,Coquille SD 8,250,Non-Federal Sources,5200,Interfund Transfers,382007.03
2020-21,1964,Coquille SD 8,100,General Fund,5100,Long Term Debt Financing Sources,9347
2020-21,1964,Coquille SD 8,100,General Fund,5400,Resources - Beginning Fund Balance,1657651.05
2020-21,1964,Coquille SD 8,201,Federal Sources,4300,Restricted Revenue Direct From the Federal Government,21285.53
2020-21,1964,Coquille SD 8,201,Federal Sources,4500,Restricted Revenue From Federal Government Through the State,1371523
2020-21,1964,Coquille SD 8,250,Non-Federal Sources,1500,Earnings on Investments,2709.3
2020-21,1964,Coquille SD 8,250,Non-Federal Sources,1700,Extra-Curricular Activities,29059.32
2020-21,1964,Coquille SD 8,100,General Fund,3199,Other Unrestricted Grants-In-Aid,740587.52
2020-21,1964,Coquille SD 8,100,General Fund,3299,Other Restricted Grants-In-Aid,-5971
2020-21,1964,Coquille SD 8,100,General Fund,3900,Revenue for/on Behalf of the District,10243.73
2020-21,1964,Coquille SD 8,100,General Fund,4500,Restricted Revenue From Federal Government Through the State,46372.45
2020-21,1964,Coquille SD 8,100,General Fund,4801,Federal Forest Fees,5494.13
2020-21,1964,Coquille SD 8,100,General Fund,4900,Revenue for/on Behalf of the District,50070.3
2020-21,1964,Coquille SD 8,100,General Fund,1940,Services Provided Other Local Education Agencies,15038
2020-21,1964,Coquille SD 8,100,General Fund,1990,Miscellaneous,61089.79
2020-21,1964,Coquille SD 8,100,General Fund,2101,County School Funds,21829.7
2020-21,1964,Coquille SD 8,100,General Fund,2199,Other Intermediate Sources,5286.27
2020-21,1964,Coquille SD 8,100,General Fund,3101,State School Fund --General Support,11870109.23
2020-21,1964,Coquille SD 8,100,General Fund,3103,Common School Fund,98422.54
2020-21,1965,Coos Bay SD 9,100,General Fund,1110,Ad valorem taxes levied by district,9204801.87
2020-21,1965,Coos Bay SD 9,100,General Fund,1500,Earnings on Investments,78205.57
2020-21,1965,Coos Bay SD 9,100,General Fund,1700,Extra-Curricular Activities,48.02
2020-21,1965,Coos Bay SD 9,100,General Fund,1910,Rentals,245278.37
2020-21,1965,Coos Bay SD 9,100,General Fund,1930,Rental or Lease Payments from Private Contractors,21483.87
2020-21,1965,Coos Bay SD 9,100,General Fund,1980,Fees Charged to Grants,157012.83
2020-21,1965,Coos Bay SD 9,100,General Fund,4801,Federal Forest Fees,14093
2020-21,1965,Coos Bay SD 9,100,General Fund,4202,Medicaid Reimbursement for Eligible K-12 Expenses (Ages Five to Twenty-One),24161.12
2020-21,1965,Coos Bay SD 9,100,General Fund,4500,Restricted Revenue From Federal Government Through the State,20474
2020-21,1965,Coos Bay SD 9,400,Capital Projects Funds,1110,Ad valorem taxes levied by district,136.1
2020-21,1965,Coos Bay SD 9,400,Capital Projects Funds,1500,Earnings on Investments,369175.28
2020-21,1965,Coos Bay SD 9,400,Capital Projects Funds,1920,Contributions and Donations From Private Sources,62047
2020-21,1965,Coos Bay SD 9,400,Capital Projects Funds,1990,Miscellaneous,93034.99
2020-21,1965,Coos Bay SD 9,400,Capital Projects Funds,5200,Interfund Transfers,1165015.34
2020-21,1965,Coos Bay SD 9,400,Capital Projects Funds,5400,Resources - Beginning Fund Balance,52826544.22
2020-21,1965,Coos Bay SD 9,200,Special Revenue Funds,5200,Interfund Transfers,3659.93
2020-21,1965,Coos Bay SD 9,200,Special Revenue Funds,5400,Resources - Beginning Fund Balance,6448469.87
2020-21,1965,Coos Bay SD 9,300,Debt Service Funds,1110,Ad valorem taxes levied by district,3354789
2020-21,1965,Coos Bay SD 9,300,Debt Service Funds,1500,Earnings on Investments,4810.58
2020-21,1965,Coos Bay SD 9,300,Debt Service Funds,1970,Services Provided Other Funds,1248269.35
2020-21,1965,Coos Bay SD 9,300,Debt Service Funds,5400,Resources - Beginning Fund Balance,330750.65
2020-21,1965,Coos Bay SD 9,200,Special Revenue Funds,1990,Miscellaneous,44140.23
2020-21,1965,Coos Bay SD 9,200,Special Revenue Funds,2199,Other Intermediate Sources,10814.12
2020-21,1965,Coos Bay SD 9,200,Special Revenue Funds,3101,State School Fund --General Support,408952.58
2020-21,1965,Coos Bay SD 9,200,Special Revenue Funds,3102,State School Fund--School Lunch Match,14027.42
2020-21,1965,Coos Bay SD 9,200,Special Revenue Funds,3299,Other Restricted Grants-In-Aid,2609355.17
2020-21,1965,Coos Bay SD 9,200,Special Revenue Funds,4500,Restricted Revenue From Federal Government Through the State,4211518.89
2020-21,1965,Coos Bay SD 9,100,General Fund,5300,Sale of or Compensation for Loss of Fixed Assets,6532.3
2020-21,1965,Coos Bay SD 9,100,General Fund,5400,Resources - Beginning Fund Balance,5174726.52
2020-21,1965,Coos Bay SD 9,200,Special Revenue Funds,1500,Earnings on Investments,1894025.79
2020-21,1965,Coos Bay SD 9,200,Special Revenue Funds,1600,Food Service,50408.16
2020-21,1965,Coos Bay SD 9,200,Special Revenue Funds,1700,Extra-Curricular Activities,295177.64
2020-21,1965,Coos Bay SD 9,200,Special Revenue Funds,1920,Contributions and Donations From Private Sources,329650.76
2020-21,1965,Coos Bay SD 9,100,General Fund,1990,Miscellaneous,125250.37
2020-21,1965,Coos Bay SD 9,100,General Fund,2101,County School Funds,57171.92
2020-21,1965,Coos Bay SD 9,100,General Fund,2199,Other Intermediate Sources,24532.74
2020-21,1965,Coos Bay SD 9,100,General Fund,3101,State School Fund --General Support,26016050.55
2020-21,1965,Coos Bay SD 9,100,General Fund,3103,Common School Fund,252497.34
2020-21,1965,Coos Bay SD 9,100,General Fund,3104,State Managed County Timber,36134.24
2020-21,1966,North Bend SD 13,100,General Fund,3101,State School Fund --General Support,48151235.38
2020-21,1966,North Bend SD 13,100,General Fund,1110,Ad valorem taxes levied by district,5816048.67
2020-21,1966,North Bend SD 13,100,General Fund,1500,Earnings on Investments,83218
2020-21,1966,North Bend SD 13,100,General Fund,1910,Rentals,0.02
2020-21,1966,North Bend SD 13,100,General Fund,1920,Contributions and Donations From Private Sources,6200
2020-21,1966,North Bend SD 13,100,General Fund,1960,Recovery of Prior Years' Expenditure,48815.73
2020-21,1966,North Bend SD 13,300,Debt Service Funds,5400,Resources - Beginning Fund Balance,66074.66
2020-21,1966,North Bend SD 13,400,Capital Projects Funds,1500,Earnings on Investments,11455.62
2020-21,1966,North Bend SD 13,400,Capital Projects Funds,1910,Rentals,10856.75
2020-21,1966,North Bend SD 13,400,Capital Projects Funds,1990,Miscellaneous,2364
2020-21,1966,North Bend SD 13,400,Capital Projects Funds,5200,Interfund Transfers,35000
2020-21,1966,North Bend SD 13,400,Capital Projects Funds,5400,Resources - Beginning Fund Balance,1690246.59
2020-21,1966,North Bend SD 13,200,Special Revenue Funds,4900,Revenue for/on Behalf of the District,97753.81
2020-21,1966,North Bend SD 13,200,Special Revenue Funds,5200,Interfund Transfers,150000
2020-21,1966,North Bend SD 13,200,Special Revenue Funds,5400,Resources - Beginning Fund Balance,4805262.21
2020-21,1966,North Bend SD 13,300,Debt Service Funds,1110,Ad valorem taxes levied by district,1234543.19
2020-21,1966,North Bend SD 13,300,Debt Service Funds,4900,Revenue for/on Behalf of the District,21916.24
2020-21,1966,North Bend SD 13,300,Debt Service Funds,5200,Interfund Transfers,71250
2020-21,1966,North Bend SD 13,200,Special Revenue Funds,1920,Contributions and Donations From Private Sources,3250
2020-21,1966,North Bend SD 13,200,Special Revenue Funds,1990,Miscellaneous,666600.86
2020-21,1966,North Bend SD 13,200,Special Revenue Funds,3102,State School Fund--School Lunch Match,8159.53
2020-21,1966,North Bend SD 13,200,Special Revenue Funds,3299,Other Restricted Grants-In-Aid,2273078.67
2020-21,1966,North Bend SD 13,200,Special Revenue Funds,4300,Restricted Revenue Direct From the Federal Government,21724
2020-21,1966,North Bend SD 13,200,Special Revenue Funds,4500,Restricted Revenue From Federal Government Through the State,3197272.15
2020-21,1966,North Bend SD 13,100,General Fund,3299,Other Restricted Grants-In-Aid,30656.57
2020-21,1966,North Bend SD 13,100,General Fund,4500,Restricted Revenue From Federal Government Through the State,18131.93
2020-21,1966,North Bend SD 13,100,General Fund,5400,Resources - Beginning Fund Balance,3594347.75
2020-21,1966,North Bend SD 13,200,Special Revenue Funds,1500,Earnings on Investments,28581.96
2020-21,1966,North Bend SD 13,200,Special Revenue Funds,1600,Food Service,308857.77
2020-21,1966,North Bend SD 13,200,Special Revenue Funds,1700,Extra-Curricular Activities,65.3
2020-21,1966,North Bend SD 13,100,General Fund,1980,Fees Charged to Grants,65141.92
2020-21,1966,North Bend SD 13,100,General Fund,1990,Miscellaneous,384851.02
2020-21,1966,North Bend SD 13,100,General Fund,2101,County School Funds,47016.21
2020-21,1966,North Bend SD 13,100,General Fund,2199,Other Intermediate Sources,22023.78
2020-21,1966,North Bend SD 13,100,General Fund,3103,Common School Fund,324988.06
2020-21,1966,North Bend SD 13,100,General Fund,3104,State Managed County Timber,20408.15
2020-21,1967,Powers SD 31,252,Measure 98 - High School Success,5400,Resources - Beginning Fund Balance,-100
2020-21,1967,Powers SD 31,250,Non-Federal Sources,1920,Contributions and Donations From Private Sources,10143.17
2020-21,1967,Powers SD 31,250,Non-Federal Sources,1990,Miscellaneous,4611.75
2020-21,1967,Powers SD 31,251,Student Investment Account,3299,Other Restricted Grants-In-Aid,48105
2020-21,1967,Powers SD 31,251,Student Investment Account,4500,Restricted Revenue From Federal Government Through the State,0.15
2020-21,1967,Powers SD 31,252,Measure 98 - High School Success,3299,Other Restricted Grants-In-Aid,18747.96
2020-21,1967,Powers SD 31,250,Non-Federal Sources,5400,Resources - Beginning Fund Balance,95364.43
2020-21,1967,Powers SD 31,100,General Fund,5400,Resources - Beginning Fund Balance,1154336.3
2020-21,1967,Powers SD 31,201,Federal Sources,4300,Restricted Revenue Direct From the Federal Government,15791.14
2020-21,1967,Powers SD 31,201,Federal Sources,4500,Restricted Revenue From Federal Government Through the State,306395.65
2020-21,1967,Powers SD 31,201,Federal Sources,5400,Resources - Beginning Fund Balance,3962.4
2020-21,1967,Powers SD 31,250,Non-Federal Sources,1500,Earnings on Investments,237.28
2020-21,1967,Powers SD 31,250,Non-Federal Sources,1700,Extra-Curricular Activities,24724.32
2020-21,1967,Powers SD 31,100,General Fund,1990,Miscellaneous,12398.8
2020-21,1967,Powers SD 31,100,General Fund,2101,County School Funds,1871.04
2020-21,1967,Powers SD 31,100,General Fund,3101,State School Fund --General Support,1887405.64
2020-21,1967,Powers SD 31,100,General Fund,3103,Common School Fund,8945.99
2020-21,1967,Powers SD 31,100,General Fund,3299,Other Restricted Grants-In-Aid,3220
2020-21,1967,Powers SD 31,100,General Fund,4801,Federal Forest Fees,489.23
2020-21,1967,Powers SD 31,100,General Fund,1110,Ad valorem taxes levied by district,273795.34
2020-21,1967,Powers SD 31,100,General Fund,1500,Earnings on Investments,11045.45
2020-21,1968,Myrtle Point SD 41,100,General Fund,1110,Ad valorem taxes levied by district,1925364.29
2020-21,1968,Myrtle Point SD 41,100,General Fund,1500,Earnings on Investments,14336.12
2020-21,1968,Myrtle Point SD 41,100,General Fund,1700,Extra-Curricular Activities,719.5
2020-21,1968,Myrtle Point SD 41,100,General Fund,1990,Miscellaneous,34944.32
2020-21,1968,Myrtle Point SD 41,100,General Fund,2200,Restricted Revenue,13616.61
2020-21,1968,Myrtle Point SD 41,100,General Fund,3103,Common School Fund,39923.66
2020-21,1968,Myrtle Point SD 41,200,Special Revenue Funds,4500,Restricted Revenue From Federal Government Through the State,1160178
2020-21,1968,Myrtle Point SD 41,200,Special Revenue Funds,4900,Revenue for/on Behalf of the District,20727
2020-21,1968,Myrtle Point SD 41,200,Special Revenue Funds,3299,Other Restricted Grants-In-Aid,651917
2020-21,1968,Myrtle Point SD 41,700,Trust and Agency Funds,5400,Resources - Beginning Fund Balance,611730.88
2020-21,1968,Myrtle Point SD 41,100,General Fund,2102,General Education Service District Funds,3585.31
2020-21,1968,Myrtle Point SD 41,100,General Fund,3101,State School Fund --General Support,4644467.08
2020-21,1968,Myrtle Point SD 41,200,Special Revenue Funds,3102,State School Fund--School Lunch Match,3016.23
2020-21,1968,Myrtle Point SD 41,100,General Fund,2101,County School Funds,514.42
2020-21,1968,Myrtle Point SD 41,300,Debt Service Funds,5400,Resources - Beginning Fund Balance,264813.12
2020-21,1968,Myrtle Point SD 41,400,Capital Projects Funds,1990,Miscellaneous,10000
2020-21,1968,Myrtle Point SD 41,400,Capital Projects Funds,5200,Interfund Transfers,100000
2020-21,1968,Myrtle Point SD 41,400,Capital Projects Funds,5400,Resources - Beginning Fund Balance,52850.05
2020-21,1968,Myrtle Point SD 41,700,Trust and Agency Funds,1500,Earnings on Investments,4836.39
2020-21,1968,Myrtle Point SD 41,700,Trust and Agency Funds,1920,Contributions and Donations From Private Sources,5000
2020-21,1968,Myrtle Point SD 41,200,Special Revenue Funds,1970,Services Provided Other Funds,134582.52
2020-21,1968,Myrtle Point SD 41,200,Special Revenue Funds,1990,Miscellaneous,620.22
2020-21,1968,Myrtle Point SD 41,200,Special Revenue Funds,5200,Interfund Transfers,20000
2020-21,1968,Myrtle Point SD 41,200,Special Revenue Funds,5400,Resources - Beginning Fund Balance,531261.51
2020-21,1968,Myrtle Point SD 41,300,Debt Service Funds,1110,Ad valorem taxes levied by district,107919.7
2020-21,1968,Myrtle Point SD 41,300,Debt Service Funds,4900,Revenue for/on Behalf of the District,55089.29
2020-21,1968,Myrtle Point SD 41,100,General Fund,4900,Revenue for/on Behalf of the District,320966.96
2020-21,1968,Myrtle Point SD 41,100,General Fund,5200,Interfund Transfers,115000
2020-21,1968,Myrtle Point SD 41,100,General Fund,5400,Resources - Beginning Fund Balance,778813.49
2020-21,1968,Myrtle Point SD 41,200,Special Revenue Funds,1600,Food Service,29.8
2020-21,1968,Myrtle Point SD 41,200,Special Revenue Funds,1700,Extra-Curricular Activities,38741.28
2020-21,1968,Myrtle Point SD 41,200,Special Revenue Funds,1920,Contributions and Donations From Private Sources,10777
2020-21,1969,Bandon SD 54,201,Federal Sources,1990,Miscellaneous,10700.31
2020-21,1969,Bandon SD 54,201,Federal Sources,4500,Restricted Revenue From Federal Government Through the State,1014355.51
2020-21,1969,Bandon SD 54,201,Federal Sources,5200,Interfund Transfers,14140.1
2020-21,1969,Bandon SD 54,252,Measure 98 - High School Success,3299,Other Restricted Grants-In-Aid,186466.75
2020-21,1969,Bandon SD 54,251,Student Investment Account,3299,Other Restricted Grants-In-Aid,132009.9
2020-21,1969,Bandon SD 54,250,Non-Federal Sources,1700,Extra-Curricular Activities,58950.45
2020-21,1969,Bandon SD 54,250,Non-Federal Sources,5400,Resources - Beginning Fund Balance,423581.9
2020-21,1969,Bandon SD 54,300,Debt Service Funds,1500,Earnings on Investments,12192.24
2020-21,1969,Bandon SD 54,300,Debt Service Funds,4900,Revenue for/on Behalf of the District,24117.22
2020-21,1969,Bandon SD 54,300,Debt Service Funds,5400,Resources - Beginning Fund Balance,464566.13
2020-21,1969,Bandon SD 54,400,Capital Projects Funds,5100,Long Term Debt Financing Sources,4000000
2020-21,1969,Bandon SD 54,400,Capital Projects Funds,5400,Resources - Beginning Fund Balance,335485.76
2020-21,1969,Bandon SD 54,250,Non-Federal Sources,3299,Other Restricted Grants-In-Aid,100766.9
2020-21,1969,Bandon SD 54,100,General Fund,3204,Driver Education,4245
2020-21,1969,Bandon SD 54,100,General Fund,3299,Other Restricted Grants-In-Aid,16594.16
2020-21,1969,Bandon SD 54,100,General Fund,4500,Restricted Revenue From Federal Government Through the State,24389.92
2020-21,1969,Bandon SD 54,100,General Fund,4801,Federal Forest Fees,2796.85
2020-21,1969,Bandon SD 54,100,General Fund,5400,Resources - Beginning Fund Balance,3250773.94
2020-21,1969,Bandon SD 54,300,Debt Service Funds,1110,Ad valorem taxes levied by district,118074.71
2020-21,1969,Bandon SD 54,100,General Fund,1980,Fees Charged to Grants,36657.5
2020-21,1969,Bandon SD 54,100,General Fund,1990,Miscellaneous,35984.33
2020-21,1969,Bandon SD 54,100,General Fund,2101,County School Funds,11809.14
2020-21,1969,Bandon SD 54,100,General Fund,3101,State School Fund --General Support,3897289.88
2020-21,1969,Bandon SD 54,100,General Fund,3103,Common School Fund,50107.74
2020-21,1969,Bandon SD 54,100,General Fund,3199,Other Unrestricted Grants-In-Aid,231600.49
2020-21,1969,Bandon SD 54,100,General Fund,1110,Ad valorem taxes levied by district,4270658.1
2020-21,1969,Bandon SD 54,100,General Fund,1500,Earnings on Investments,33969.46
2020-21,1969,Bandon SD 54,100,General Fund,1700,Extra-Curricular Activities,3790.64
2020-21,1969,Bandon SD 54,100,General Fund,1910,Rentals,15770
2020-21,1969,Bandon SD 54,100,General Fund,1920,Contributions and Donations From Private Sources,31800
2020-21,1969,Bandon SD 54,100,General Fund,1960,Recovery of Prior Years' Expenditure,57062.56
2020-21,1969,Bandon SD 54,299,Child Nutrition,3299,Other Restricted Grants-In-Aid,4537.69
2020-21,1969,Bandon SD 54,299,Child Nutrition,4500,Restricted Revenue From Federal Government Through the State,210293.21
2020-21,1969,Bandon SD 54,299,Child Nutrition,4900,Revenue for/on Behalf of the District,30221.69
2020-21,1969,Bandon SD 54,299,Child Nutrition,5200,Interfund Transfers,20100
2020-21,1969,Bandon SD 54,299,Child Nutrition,5400,Resources - Beginning Fund Balance,78178.08
2020-21,1969,Bandon SD 54,250,Non-Federal Sources,1920,Contributions and Donations From Private Sources,93996.89
2020-21,1969,Bandon SD 54,250,Non-Federal Sources,1990,Miscellaneous,6788.85
2020-21,1969,Bandon SD 54,250,Non-Federal Sources,3222,State School Fund (SSF) Transportation Equipment,78679
2020-21,1969,Bandon SD 54,299,Child Nutrition,1600,Food Service,9777.7
2020-21,1969,Bandon SD 54,299,Child Nutrition,1920,Contributions and Donations From Private Sources,20000
2020-21,1969,Bandon SD 54,299,Child Nutrition,1990,Miscellaneous,-520.43
2020-21,1969,Bandon SD 54,299,Child Nutrition,3102,State School Fund--School Lunch Match,5000
2020-21,1970,Crook County SD,100,General Fund,1110,Ad valorem taxes levied by district,12004017.06
2020-21,1970,Crook County SD,100,General Fund,1190,Penalties and interest on taxes,1443.71
2020-21,1970,Crook County SD,100,General Fund,1411,Transportation fees from Individuals,1502.17
2020-21,1970,Crook County SD,100,General Fund,1500,Earnings on Investments,108201.74
2020-21,1970,Crook County SD,100,General Fund,1700,Extra-Curricular Activities,2027.35
2020-21,1970,Crook County SD,100,General Fund,1910,Rentals,8076
2020-21,1970,Crook County SD,300,Debt Service Funds,5400,Resources - Beginning Fund Balance,348898.01
2020-21,1970,Crook County SD,252,Measure 98 - High School Success,3299,Other Restricted Grants-In-Aid,838110.66
2020-21,1970,Crook County SD,300,Debt Service Funds,1110,Ad valorem taxes levied by district,2323932.46
2020-21,1970,Crook County SD,300,Debt Service Funds,1190,Penalties and interest on taxes,282.14
2020-21,1970,Crook County SD,300,Debt Service Funds,1500,Earnings on Investments,16741.38
2020-21,1970,Crook County SD,300,Debt Service Funds,2199,Other Intermediate Sources,15872.96
2020-21,1970,Crook County SD,300,Debt Service Funds,5200,Interfund Transfers,2581689.6
2020-21,1970,Crook County SD,250,Non-Federal Sources,4700,Grants-In-Aid From Federal Government Through Other Intermed,79505.2
2020-21,1970,Crook County SD,250,Non-Federal Sources,4900,Revenue for/on Behalf of the District,160160.17
2020-21,1970,Crook County SD,250,Non-Federal Sources,5200,Interfund Transfers,167141.54
2020-21,1970,Crook County SD,250,Non-Federal Sources,5300,Sale of or Compensation for Loss of Fixed Assets,11405
2020-21,1970,Crook County SD,250,Non-Federal Sources,5400,Resources - Beginning Fund Balance,6485652.2
2020-21,1970,Crook County SD,251,Student Investment Account,3299,Other Restricted Grants-In-Aid,793809.1
2020-21,1970,Crook County SD,250,Non-Federal Sources,2200,Restricted Revenue,4967.44
2020-21,1970,Crook County SD,250,Non-Federal Sources,3102,State School Fund--School Lunch Match,10259.44
2020-21,1970,Crook County SD,250,Non-Federal Sources,3222,State School Fund (SSF) Transportation Equipment,146622.65
2020-21,1970,Crook County SD,250,Non-Federal Sources,3299,Other Restricted Grants-In-Aid,178492.07
2020-21,1970,Crook County SD,250,Non-Federal Sources,4300,Restricted Revenue Direct From the Federal Government,74146.4
2020-21,1970,Crook County SD,250,Non-Federal Sources,4500,Restricted Revenue From Federal Government Through the State,1396310.64
2020-21,1970,Crook County SD,250,Non-Federal Sources,1700,Extra-Curricular Activities,214097.55
2020-21,1970,Crook County SD,250,Non-Federal Sources,1910,Rentals,3003.5
2020-21,1970,Crook County SD,250,Non-Federal Sources,1920,Contributions and Donations From Private Sources,1017474.51
2020-21,1970,Crook County SD,250,Non-Federal Sources,1960,Recovery of Prior Years' Expenditure,-240
2020-21,1970,Crook County SD,250,Non-Federal Sources,1990,Miscellaneous,343670.33
2020-21,1970,Crook County SD,250,Non-Federal Sources,2102,General Education Service District Funds,90000
2020-21,1970,Crook County SD,100,General Fund,5400,Resources - Beginning Fund Balance,4123889.34
2020-21,1970,Crook County SD,201,Federal Sources,4500,Restricted Revenue From Federal Government Through the State,2720031.95
2020-21,1970,Crook County SD,201,Federal Sources,5400,Resources - Beginning Fund Balance,582.53
2020-21,1970,Crook County SD,250,Non-Federal Sources,1330,Summer School Tuition,850
2020-21,1970,Crook County SD,250,Non-Federal Sources,1500,Earnings on Investments,6629.96
2020-21,1970,Crook County SD,250,Non-Federal Sources,1600,Food Service,21261.31
2020-21,1970,Crook County SD,100,General Fund,2199,Other Intermediate Sources,81101.08
2020-21,1970,Crook County SD,100,General Fund,3101,State School Fund --General Support,20180671.15
2020-21,1970,Crook County SD,100,General Fund,3103,Common School Fund,257960.78
2020-21,1970,Crook County SD,100,General Fund,3299,Other Restricted Grants-In-Aid,10083.65
2020-21,1970,Crook County SD,100,General Fund,4801,Federal Forest Fees,248858.01
2020-21,1970,Crook County SD,100,General Fund,5200,Interfund Transfers,24035.52
2020-21,1970,Crook County SD,100,General Fund,1920,Contributions and Donations From Private Sources,240
2020-21,1970,Crook County SD,100,General Fund,1940,Services Provided Other Local Education Agencies,5844
2020-21,1970,Crook County SD,100,General Fund,1960,Recovery of Prior Years' Expenditure,20448.45
2020-21,1970,Crook County SD,100,General Fund,1980,Fees Charged to Grants,2000
2020-21,1970,Crook County SD,100,General Fund,1990,Miscellaneous,3162739.77
2020-21,1970,Crook County SD,100,General Fund,2102,General Education Service District Funds,90000
2020-21,1972,Central Curry SD 1,252,Measure 98 - High School Success,3299,Other Restricted Grants-In-Aid,137067.87
2020-21,1972,Central Curry SD 1,300,Debt Service Funds,1110,Ad valorem taxes levied by district,387982.53
2020-21,1972,Central Curry SD 1,300,Debt Service Funds,1500,Earnings on Investments,1259.44
2020-21,1972,Central Curry SD 1,300,Debt Service Funds,5400,Resources - Beginning Fund Balance,23152.41
2020-21,1972,Central Curry SD 1,250,Non-Federal Sources,1700,Extra-Curricular Activities,18032.35
2020-21,1972,Central Curry SD 1,250,Non-Federal Sources,1920,Contributions and Donations From Private Sources,57035.91
2020-21,1972,Central Curry SD 1,250,Non-Federal Sources,1990,Miscellaneous,86982.68
2020-21,1972,Central Curry SD 1,250,Non-Federal Sources,3299,Other Restricted Grants-In-Aid,22976.99
2020-21,1972,Central Curry SD 1,250,Non-Federal Sources,5400,Resources - Beginning Fund Balance,203694.34
2020-21,1972,Central Curry SD 1,251,Student Investment Account,3299,Other Restricted Grants-In-Aid,136454
2020-21,1972,Central Curry SD 1,100,General Fund,4801,Federal Forest Fees,69339.49
2020-21,1972,Central Curry SD 1,100,General Fund,4900,Revenue for/on Behalf of the District,9756.2
2020-21,1972,Central Curry SD 1,100,General Fund,5300,Sale of or Compensation for Loss of Fixed Assets,4844.71
2020-21,1972,Central Curry SD 1,100,General Fund,5400,Resources - Beginning Fund Balance,1507381.75
2020-21,1972,Central Curry SD 1,201,Federal Sources,4500,Restricted Revenue From Federal Government Through the State,497316.88
2020-21,1972,Central Curry SD 1,250,Non-Federal Sources,1500,Earnings on Investments,48.63
2020-21,1972,Central Curry SD 1,100,General Fund,1990,Miscellaneous,116681.07
2020-21,1972,Central Curry SD 1,100,General Fund,3101,State School Fund --General Support,2239811.45
2020-21,1972,Central Curry SD 1,100,General Fund,3102,State School Fund--School Lunch Match,2218.61
2020-21,1972,Central Curry SD 1,100,General Fund,3103,Common School Fund,41932.12
2020-21,1972,Central Curry SD 1,100,General Fund,3299,Other Restricted Grants-In-Aid,8819.9
2020-21,1972,Central Curry SD 1,100,General Fund,4500,Restricted Revenue From Federal Government Through the State,430457.1
2020-21,1972,Central Curry SD 1,100,General Fund,1110,Ad valorem taxes levied by district,3416039.81
2020-21,1972,Central Curry SD 1,100,General Fund,1500,Earnings on Investments,14444.54
2020-21,1972,Central Curry SD 1,100,General Fund,1600,Food Service,3226.09
2020-21,1972,Central Curry SD 1,100,General Fund,1700,Extra-Curricular Activities,481.5
2020-21,1972,Central Curry SD 1,100,General Fund,1910,Rentals,550
2020-21,1972,Central Curry SD 1,100,General Fund,1920,Contributions and Donations From Private Sources,10178.06
2020-21,1973,Port Orford-Langlois SD 2CJ,200,Special Revenue Funds,5200,Interfund Transfers,40000
2020-21,1973,Port Orford-Langlois SD 2CJ,200,Special Revenue Funds,5400,Resources - Beginning Fund Balance,573182.11
2020-21,1973,Port Orford-Langlois SD 2CJ,200,Special Revenue Funds,1960,Recovery of Prior Years' Expenditure,108.81
2020-21,1973,Port Orford-Langlois SD 2CJ,200,Special Revenue Funds,1990,Miscellaneous,17769.6
2020-21,1973,Port Orford-Langlois SD 2CJ,200,Special Revenue Funds,3102,State School Fund--School Lunch Match,1157.6
2020-21,1973,Port Orford-Langlois SD 2CJ,200,Special Revenue Funds,3222,State School Fund (SSF) Transportation Equipment,45000
2020-21,1973,Port Orford-Langlois SD 2CJ,200,Special Revenue Funds,3299,Other Restricted Grants-In-Aid,171413.61
2020-21,1973,Port Orford-Langlois SD 2CJ,200,Special Revenue Funds,4500,Restricted Revenue From Federal Government Through the State,975614.38
2020-21,1973,Port Orford-Langlois SD 2CJ,100,General Fund,5300,Sale of or Compensation for Loss of Fixed Assets,44480.63
2020-21,1973,Port Orford-Langlois SD 2CJ,100,General Fund,5400,Resources - Beginning Fund Balance,1237673.46
2020-21,1973,Port Orford-Langlois SD 2CJ,200,Special Revenue Funds,1500,Earnings on Investments,453.58
2020-21,1973,Port Orford-Langlois SD 2CJ,200,Special Revenue Funds,1600,Food Service,1021.4
2020-21,1973,Port Orford-Langlois SD 2CJ,200,Special Revenue Funds,1700,Extra-Curricular Activities,1607.06
2020-21,1973,Port Orford-Langlois SD 2CJ,200,Special Revenue Funds,1920,Contributions and Donations From Private Sources,88403.19
2020-21,1973,Port Orford-Langlois SD 2CJ,100,General Fund,1960,Recovery of Prior Years' Expenditure,14927.17
2020-21,1973,Port Orford-Langlois SD 2CJ,100,General Fund,1990,Miscellaneous,13772.74
2020-21,1973,Port Orford-Langlois SD 2CJ,100,General Fund,2101,County School Funds,333.19
2020-21,1973,Port Orford-Langlois SD 2CJ,100,General Fund,3101,State School Fund --General Support,1603635.01
2020-21,1973,Port Orford-Langlois SD 2CJ,100,General Fund,3103,Common School Fund,20027.74
2020-21,1973,Port Orford-Langlois SD 2CJ,100,General Fund,4801,Federal Forest Fees,49358.72
2020-21,1973,Port Orford-Langlois SD 2CJ,100,General Fund,1110,Ad valorem taxes levied by district,1928303.48
2020-21,1973,Port Orford-Langlois SD 2CJ,100,General Fund,1500,Earnings on Investments,16267.96
2020-21,1974,Brookings-Harbor SD 17C,250,Non-Federal Sources,1500,Earnings on Investments,41624.54
2020-21,1974,Brookings-Harbor SD 17C,300,Debt Service Funds,1110,Ad valorem taxes levied by district,1138564.43
2020-21,1974,Brookings-Harbor SD 17C,300,Debt Service Funds,1500,Earnings on Investments,5227.24
2020-21,1974,Brookings-Harbor SD 17C,400,Capital Projects Funds,1500,Earnings on Investments,1730.37
2020-21,1974,Brookings-Harbor SD 17C,299,Child Nutrition,4900,Revenue for/on Behalf of the District,35879.02
2020-21,1974,Brookings-Harbor SD 17C,400,Capital Projects Funds,1970,Services Provided Other Funds,198
2020-21,1974,Brookings-Harbor SD 17C,400,Capital Projects Funds,1990,Miscellaneous,2000
2020-21,1974,Brookings-Harbor SD 17C,400,Capital Projects Funds,3299,Other Restricted Grants-In-Aid,779923
2020-21,1974,Brookings-Harbor SD 17C,400,Capital Projects Funds,5400,Resources - Beginning Fund Balance,331303.1
2020-21,1974,Brookings-Harbor SD 17C,100,General Fund,1110,Ad valorem taxes levied by district,6204921.96
2020-21,1974,Brookings-Harbor SD 17C,100,General Fund,1500,Earnings on Investments,26269.22
2020-21,1974,Brookings-Harbor SD 17C,299,Child Nutrition,3299,Other Restricted Grants-In-Aid,7050.05
2020-21,1974,Brookings-Harbor SD 17C,299,Child Nutrition,4500,Restricted Revenue From Federal Government Through the State,627331.9
2020-21,1974,Brookings-Harbor SD 17C,299,Child Nutrition,5200,Interfund Transfers,15000
2020-21,1974,Brookings-Harbor SD 17C,299,Child Nutrition,5400,Resources - Beginning Fund Balance,84722.45
2020-21,1974,Brookings-Harbor SD 17C,300,Debt Service Funds,5400,Resources - Beginning Fund Balance,232292.89
2020-21,1974,Brookings-Harbor SD 17C,400,Capital Projects Funds,1920,Contributions and Donations From Private Sources,77103.78
2020-21,1974,Brookings-Harbor SD 17C,250,Non-Federal Sources,5400,Resources - Beginning Fund Balance,3564648.68
2020-21,1974,Brookings-Harbor SD 17C,251,Student Investment Account,3299,Other Restricted Grants-In-Aid,400254.34
2020-21,1974,Brookings-Harbor SD 17C,252,Measure 98 - High School Success,3299,Other Restricted Grants-In-Aid,309234.46
2020-21,1974,Brookings-Harbor SD 17C,252,Measure 98 - High School Success,5400,Resources - Beginning Fund Balance,-44843.9
2020-21,1974,Brookings-Harbor SD 17C,299,Child Nutrition,1600,Food Service,1877.1
2020-21,1974,Brookings-Harbor SD 17C,299,Child Nutrition,1990,Miscellaneous,1751.88
2020-21,1974,Brookings-Harbor SD 17C,250,Non-Federal Sources,1700,Extra-Curricular Activities,516.54
2020-21,1974,Brookings-Harbor SD 17C,250,Non-Federal Sources,1920,Contributions and Donations From Private Sources,45453
2020-21,1974,Brookings-Harbor SD 17C,250,Non-Federal Sources,1990,Miscellaneous,71052.25
2020-21,1974,Brookings-Harbor SD 17C,250,Non-Federal Sources,2200,Restricted Revenue,18036.72
2020-21,1974,Brookings-Harbor SD 17C,250,Non-Federal Sources,3299,Other Restricted Grants-In-Aid,309600.5
2020-21,1974,Brookings-Harbor SD 17C,250,Non-Federal Sources,5200,Interfund Transfers,789000
2020-21,1974,Brookings-Harbor SD 17C,100,General Fund,5400,Resources - Beginning Fund Balance,1618135.19
2020-21,1974,Brookings-Harbor SD 17C,201,Federal Sources,3299,Other Restricted Grants-In-Aid,163629.59
2020-21,1974,Brookings-Harbor SD 17C,201,Federal Sources,4300,Restricted Revenue Direct From the Federal Government,91436.2
2020-21,1974,Brookings-Harbor SD 17C,201,Federal Sources,4500,Restricted Revenue From Federal Government Through the State,2165529.78
2020-21,1974,Brookings-Harbor SD 17C,201,Federal Sources,4700,Grants-In-Aid From Federal Government Through Other Intermed,18679.56
2020-21,1974,Brookings-Harbor SD 17C,201,Federal Sources,5400,Resources - Beginning Fund Balance,62165.95
2020-21,1974,Brookings-Harbor SD 17C,100,General Fund,2102,General Education Service District Funds,436274.25
2020-21,1974,Brookings-Harbor SD 17C,100,General Fund,3101,State School Fund --General Support,9606542.4
2020-21,1974,Brookings-Harbor SD 17C,100,General Fund,3103,Common School Fund,135226.54
2020-21,1974,Brookings-Harbor SD 17C,100,General Fund,4100,Unrestricted Revenue Direct From the Federal Government,190.02
2020-21,1974,Brookings-Harbor SD 17C,100,General Fund,4801,Federal Forest Fees,225523.53
2020-21,1974,Brookings-Harbor SD 17C,100,General Fund,5200,Interfund Transfers,225000
2020-21,1974,Brookings-Harbor SD 17C,100,General Fund,1412,Transportation fees from Other Districts within the State,1028.05
2020-21,1974,Brookings-Harbor SD 17C,100,General Fund,1960,Recovery of Prior Years' Expenditure,7803
2020-21,1974,Brookings-Harbor SD 17C,100,General Fund,1980,Fees Charged to Grants,89472.42
2020-21,1974,Brookings-Harbor SD 17C,100,General Fund,1990,Miscellaneous,92852.55
2020-21,1974,Brookings-Harbor SD 17C,100,General Fund,2101,County School Funds,136147.9
2020-21,1975,High Desert ESD,100,General Fund,1110,Ad valorem taxes levied by district,2792209.9
2020-21,1975,High Desert ESD,100,General Fund,1500,Earnings on Investments,28744.42
2020-21,1975,High Desert ESD,100,General Fund,1970,Services Provided Other Funds,548552.24
2020-21,1975,High Desert ESD,100,General Fund,1980,Fees Charged to Grants,1443936.48
2020-21,1975,High Desert ESD,100,General Fund,1990,Miscellaneous,86450.32
2020-21,1975,High Desert ESD,100,General Fund,3101,State School Fund --General Support,11278186.03
2020-21,1975,High Desert ESD,201,Federal Sources,4500,Restricted Revenue From Federal Government Through the State,3432185.23
2020-21,1975,High Desert ESD,600,Internal Service Funds,1970,Services Provided Other Funds,845838.81
2020-21,1975,High Desert ESD,600,Internal Service Funds,5200,Interfund Transfers,9589.15
2020-21,1975,High Desert ESD,600,Internal Service Funds,5400,Resources - Beginning Fund Balance,156023.61
2020-21,1975,High Desert ESD,700,Trust and Agency Funds,1990,Miscellaneous,1991492.9
2020-21,1975,High Desert ESD,201,Federal Sources,4501,Medicaid Reimbursement for Eligible Early Intervention (EI) Services (Birth to Age Three),103815.39
2020-21,1975,High Desert ESD,300,Debt Service Funds,1500,Earnings on Investments,4500.35
2020-21,1975,High Desert ESD,300,Debt Service Funds,1970,Services Provided Other Funds,1158483.61
2020-21,1975,High Desert ESD,300,Debt Service Funds,5400,Resources - Beginning Fund Balance,10402.58
2020-21,1975,High Desert ESD,600,Internal Service Funds,1500,Earnings on Investments,5.96
2020-21,1975,High Desert ESD,600,Internal Service Funds,1910,Rentals,10360
2020-21,1975,High Desert ESD,600,Internal Service Funds,1930,Rental or Lease Payments from Private Contractors,13236
2020-21,1975,High Desert ESD,250,Non-Federal Sources,3299,Other Restricted Grants-In-Aid,11294534.02
2020-21,1975,High Desert ESD,250,Non-Federal Sources,4300,Restricted Revenue Direct From the Federal Government,99798.63
2020-21,1975,High Desert ESD,250,Non-Federal Sources,4500,Restricted Revenue From Federal Government Through the State,1917032.65
2020-21,1975,High Desert ESD,250,Non-Federal Sources,4700,Grants-In-Aid From Federal Government Through Other Intermed,301955.52
2020-21,1975,High Desert ESD,250,Non-Federal Sources,5200,Interfund Transfers,5008630.8
2020-21,1975,High Desert ESD,250,Non-Federal Sources,5400,Resources - Beginning Fund Balance,3365063.12
2020-21,1975,High Desert ESD,250,Non-Federal Sources,1320,Adult/Continuing Education Tuition,331802.22
2020-21,1975,High Desert ESD,250,Non-Federal Sources,1500,Earnings on Investments,5693.01
2020-21,1975,High Desert ESD,250,Non-Federal Sources,1920,Contributions and Donations From Private Sources,417192.85
2020-21,1975,High Desert ESD,250,Non-Federal Sources,1940,Services Provided Other Local Education Agencies,4108271.65
2020-21,1975,High Desert ESD,250,Non-Federal Sources,1990,Miscellaneous,4251782.91
2020-21,1975,High Desert ESD,250,Non-Federal Sources,3204,Driver Education,142095
2020-21,1975,High Desert ESD,100,General Fund,5400,Resources - Beginning Fund Balance,1869312.61
2020-21,1975,High Desert ESD,201,Federal Sources,1920,Contributions and Donations From Private Sources,10350
2020-21,1975,High Desert ESD,201,Federal Sources,1990,Miscellaneous,-750
2020-21,1975,High Desert ESD,201,Federal Sources,3299,Other Restricted Grants-In-Aid,485859
2020-21,1975,High Desert ESD,201,Federal Sources,4700,Grants-In-Aid From Federal Government Through Other Intermed,100298.47
2020-21,1975,High Desert ESD,201,Federal Sources,5400,Resources - Beginning Fund Balance,1129590.52
2020-21,1976,Bend-LaPine Administrative SD 1,100,General Fund,3101,State School Fund --General Support,92053638.87
2020-21,1976,Bend-LaPine Administrative SD 1,100,General Fund,1110,Ad valorem taxes levied by district,89157959.17
2020-21,1976,Bend-LaPine Administrative SD 1,300,Debt Service Funds,1110,Ad valorem taxes levied by district,36019140.08
2020-21,1976,Bend-LaPine Administrative SD 1,201,Federal Sources,4500,Restricted Revenue From Federal Government Through the State,15494398.75
2020-21,1976,Bend-LaPine Administrative SD 1,300,Debt Service Funds,3101,State School Fund --General Support,8925147.63
2020-21,1976,Bend-LaPine Administrative SD 1,299,Child Nutrition,4500,Restricted Revenue From Federal Government Through the State,8202707.7
2020-21,1976,Bend-LaPine Administrative SD 1,400,Capital Projects Funds,5400,Resources - Beginning Fund Balance,145228074.21
2020-21,1976,Bend-LaPine Administrative SD 1,700,Trust and Agency Funds,5400,Resources - Beginning Fund Balance,99342.36
2020-21,1976,Bend-LaPine Administrative SD 1,100,General Fund,4801,Federal Forest Fees,153090.86
2020-21,1976,Bend-LaPine Administrative SD 1,100,General Fund,2101,County School Funds,231248.07
2020-21,1976,Bend-LaPine Administrative SD 1,201,Federal Sources,5400,Resources - Beginning Fund Balance,630213.78
2020-21,1976,Bend-LaPine Administrative SD 1,250,Non-Federal Sources,5400,Resources - Beginning Fund Balance,6497976.91
2020-21,1976,Bend-LaPine Administrative SD 1,252,Measure 98 - High School Success,5400,Resources - Beginning Fund Balance,68408.46
2020-21,1976,Bend-LaPine Administrative SD 1,299,Child Nutrition,5400,Resources - Beginning Fund Balance,1231033.68
2020-21,1976,Bend-LaPine Administrative SD 1,300,Debt Service Funds,5400,Resources - Beginning Fund Balance,4031466.91
2020-21,1976,Bend-LaPine Administrative SD 1,400,Capital Projects Funds,5200,Interfund Transfers,496249.72
2020-21,1976,Bend-LaPine Administrative SD 1,201,Federal Sources,1500,Earnings on Investments,13.6
2020-21,1976,Bend-LaPine Administrative SD 1,201,Federal Sources,1960,Recovery of Prior Years' Expenditure,5.35
2020-21,1976,Bend-LaPine Administrative SD 1,250,Non-Federal Sources,1960,Recovery of Prior Years' Expenditure,-4.9
2020-21,1976,Bend-LaPine Administrative SD 1,400,Capital Projects Funds,1500,Earnings on Investments,-71492.37
2020-21,1976,Bend-LaPine Administrative SD 1,100,General Fund,5200,Interfund Transfers,3750
2020-21,1976,Bend-LaPine Administrative SD 1,100,General Fund,5400,Resources - Beginning Fund Balance,23886866
2020-21,1976,Bend-LaPine Administrative SD 1,100,General Fund,1330,Summer School Tuition,10900
2020-21,1976,Bend-LaPine Administrative SD 1,299,Child Nutrition,1920,Contributions and Donations From Private Sources,6049.58
2020-21,1976,Bend-LaPine Administrative SD 1,400,Capital Projects Funds,1910,Rentals,3843.85
2020-21,1976,Bend-LaPine Administrative SD 1,299,Child Nutrition,1500,Earnings on Investments,2169.96
2020-21,1976,Bend-LaPine Administrative SD 1,100,General Fund,1700,Extra-Curricular Activities,1516.1
2020-21,1976,Bend-LaPine Administrative SD 1,700,Trust and Agency Funds,1500,Earnings on Investments,801.25
2020-21,1976,Bend-LaPine Administrative SD 1,201,Federal Sources,1920,Contributions and Donations From Private Sources,20000
2020-21,1976,Bend-LaPine Administrative SD 1,250,Non-Federal Sources,1500,Earnings on Investments,19715.87
2020-21,1976,Bend-LaPine Administrative SD 1,100,General Fund,4500,Restricted Revenue From Federal Government Through the State,17985.79
2020-21,1976,Bend-LaPine Administrative SD 1,100,General Fund,5300,Sale of or Compensation for Loss of Fixed Assets,14448.36
2020-21,1976,Bend-LaPine Administrative SD 1,100,General Fund,1311,Tuition from Individuals,13547.94
2020-21,1976,Bend-LaPine Administrative SD 1,700,Trust and Agency Funds,1920,Contributions and Donations From Private Sources,12530
2020-21,1976,Bend-LaPine Administrative SD 1,201,Federal Sources,4300,Restricted Revenue Direct From the Federal Government,82214.62
2020-21,1976,Bend-LaPine Administrative SD 1,300,Debt Service Funds,1500,Earnings on Investments,62181.67
2020-21,1976,Bend-LaPine Administrative SD 1,299,Child Nutrition,3102,State School Fund--School Lunch Match,56068.93
2020-21,1976,Bend-LaPine Administrative SD 1,100,General Fund,4200,Unrestricted Revenue From Federal Government Through State,28649.18
2020-21,1976,Bend-LaPine Administrative SD 1,299,Child Nutrition,1990,Miscellaneous,24179.17
2020-21,1976,Bend-LaPine Administrative SD 1,299,Child Nutrition,1600,Food Service,23115.05
2020-21,1976,Bend-LaPine Administrative SD 1,400,Capital Projects Funds,1990,Miscellaneous,177525.13
2020-21,1976,Bend-LaPine Administrative SD 1,299,Child Nutrition,3299,Other Restricted Grants-In-Aid,149764.65
2020-21,1976,Bend-LaPine Administrative SD 1,100,General Fund,4202,Medicaid Reimbursement for Eligible K-12 Expenses (Ages Five to Twenty-One),137864.05
2020-21,1976,Bend-LaPine Administrative SD 1,250,Non-Federal Sources,1920,Contributions and Donations From Private Sources,124170.16
2020-21,1976,Bend-LaPine Administrative SD 1,201,Federal Sources,3299,Other Restricted Grants-In-Aid,123799.96
2020-21,1976,Bend-LaPine Administrative SD 1,100,General Fund,1910,Rentals,103711.18
2020-21,1976,Bend-LaPine Administrative SD 1,100,General Fund,1980,Fees Charged to Grants,558447.77
2020-21,1976,Bend-LaPine Administrative SD 1,250,Non-Federal Sources,2102,General Education Service District Funds,395000
2020-21,1976,Bend-LaPine Administrative SD 1,100,General Fund,1500,Earnings on Investments,387028.83
2020-21,1976,Bend-LaPine Administrative SD 1,250,Non-Federal Sources,4500,Restricted Revenue From Federal Government Through the State,386530.4
2020-21,1976,Bend-LaPine Administrative SD 1,250,Non-Federal Sources,1990,Miscellaneous,362658.35
2020-21,1976,Bend-LaPine Administrative SD 1,400,Capital Projects Funds,5300,Sale of or Compensation for Loss of Fixed Assets,320123.27
2020-21,1976,Bend-LaPine Administrative SD 1,100,General Fund,1970,Services Provided Other Funds,1192823.35
2020-21,1976,Bend-LaPine Administrative SD 1,250,Non-Federal Sources,3299,Other Restricted Grants-In-Aid,1121903.85
2020-21,1976,Bend-LaPine Administrative SD 1,250,Non-Federal Sources,3199,Other Unrestricted Grants-In-Aid,867856.13
2020-21,1976,Bend-LaPine Administrative SD 1,100,General Fund,3222,State School Fund (SSF) Transportation Equipment,792332
2020-21,1976,Bend-LaPine Administrative SD 1,250,Non-Federal Sources,1700,Extra-Curricular Activities,786168.63
2020-21,1976,Bend-LaPine Administrative SD 1,100,General Fund,3299,Other Restricted Grants-In-Aid,624484.53
2020-21,1976,Bend-LaPine Administrative SD 1,252,Measure 98 - High School Success,3299,Other Restricted Grants-In-Aid,4736610.09
2020-21,1976,Bend-LaPine Administrative SD 1,251,Student Investment Account,3299,Other Restricted Grants-In-Aid,4525320.69
2020-21,1976,Bend-LaPine Administrative SD 1,201,Federal Sources,1990,Miscellaneous,2599181.69
2020-21,1976,Bend-LaPine Administrative SD 1,100,General Fund,2102,General Education Service District Funds,2144986
2020-21,1976,Bend-LaPine Administrative SD 1,100,General Fund,3103,Common School Fund,1988718.32
2020-21,1976,Bend-LaPine Administrative SD 1,100,General Fund,1990,Miscellaneous,1618602.64
2020-21,1977,Redmond SD 2J,100,General Fund,1110,Ad valorem taxes levied by district,27975313.58
2020-21,1977,Redmond SD 2J,100,General Fund,1190,Penalties and interest on taxes,9479.82
2020-21,1977,Redmond SD 2J,100,General Fund,1311,Tuition from Individuals,3928.5
2020-21,1977,Redmond SD 2J,100,General Fund,1312,Tuition from Other Districts within the State,1812
2020-21,1977,Redmond SD 2J,100,General Fund,1411,Transportation fees from Individuals,4009.22
2020-21,1977,Redmond SD 2J,100,General Fund,1412,Transportation fees from Other Districts within the State,6043.73
2020-21,1977,Redmond SD 2J,600,Internal Service Funds,1960,Recovery of Prior Years' Expenditure,165199.09
2020-21,1977,Redmond SD 2J,600,Internal Service Funds,1970,Services Provided Other Funds,475577.09
2020-21,1977,Redmond SD 2J,600,Internal Service Funds,1990,Miscellaneous,65103.16
2020-21,1977,Redmond SD 2J,600,Internal Service Funds,5200,Interfund Transfers,350000
2020-21,1977,Redmond SD 2J,600,Internal Service Funds,5400,Resources - Beginning Fund Balance,428341.42
2020-21,1977,Redmond SD 2J,300,Debt Service Funds,5100,Long Term Debt Financing Sources,65110000
2020-21,1977,Redmond SD 2J,300,Debt Service Funds,5400,Resources - Beginning Fund Balance,1919347.87
2020-21,1977,Redmond SD 2J,400,Capital Projects Funds,1500,Earnings on Investments,673.42
2020-21,1977,Redmond SD 2J,400,Capital Projects Funds,1990,Miscellaneous,2250
2020-21,1977,Redmond SD 2J,400,Capital Projects Funds,5100,Long Term Debt Financing Sources,33872785.9
2020-21,1977,Redmond SD 2J,600,Internal Service Funds,1500,Earnings on Investments,856.49
2020-21,1977,Redmond SD 2J,299,Child Nutrition,5400,Resources - Beginning Fund Balance,53.55
2020-21,1977,Redmond SD 2J,300,Debt Service Funds,1110,Ad valorem taxes levied by district,13299807.61
2020-21,1977,Redmond SD 2J,300,Debt Service Funds,1190,Penalties and interest on taxes,2244.73
2020-21,1977,Redmond SD 2J,300,Debt Service Funds,1500,Earnings on Investments,63862.79
2020-21,1977,Redmond SD 2J,300,Debt Service Funds,1970,Services Provided Other Funds,2780491.15
2020-21,1977,Redmond SD 2J,300,Debt Service Funds,2199,Other Intermediate Sources,20308.29
2020-21,1977,Redmond SD 2J,299,Child Nutrition,1940,Services Provided Other Local Education Agencies,40000
2020-21,1977,Redmond SD 2J,299,Child Nutrition,1990,Miscellaneous,2184.69
2020-21,1977,Redmond SD 2J,299,Child Nutrition,3102,State School Fund--School Lunch Match,20870.86
2020-21,1977,Redmond SD 2J,299,Child Nutrition,3299,Other Restricted Grants-In-Aid,45232.32
2020-21,1977,Redmond SD 2J,299,Child Nutrition,4500,Restricted Revenue From Federal Government Through the State,2021100.56
2020-21,1977,Redmond SD 2J,299,Child Nutrition,4900,Revenue for/on Behalf of the District,178591.48
2020-21,1977,Redmond SD 2J,250,Non-Federal Sources,5300,Sale of or Compensation for Loss of Fixed Assets,2030331
2020-21,1977,Redmond SD 2J,250,Non-Federal Sources,5400,Resources - Beginning Fund Balance,2761795.03
2020-21,1977,Redmond SD 2J,251,Student Investment Account,3299,Other Restricted Grants-In-Aid,1803241.96
2020-21,1977,Redmond SD 2J,252,Measure 98 - High School Success,3299,Other Restricted Grants-In-Aid,1568474.62
2020-21,1977,Redmond SD 2J,299,Child Nutrition,1600,Food Service,33703.96
2020-21,1977,Redmond SD 2J,299,Child Nutrition,1920,Contributions and Donations From Private Sources,21
2020-21,1977,Redmond SD 2J,250,Non-Federal Sources,1990,Miscellaneous,891625.56
2020-21,1977,Redmond SD 2J,250,Non-Federal Sources,2200,Restricted Revenue,2924.2
2020-21,1977,Redmond SD 2J,250,Non-Federal Sources,3222,State School Fund (SSF) Transportation Equipment,213067.92
2020-21,1977,Redmond SD 2J,250,Non-Federal Sources,3299,Other Restricted Grants-In-Aid,463699.43
2020-21,1977,Redmond SD 2J,250,Non-Federal Sources,5100,Long Term Debt Financing Sources,1205913.58
2020-21,1977,Redmond SD 2J,250,Non-Federal Sources,5200,Interfund Transfers,444479.96
2020-21,1977,Redmond SD 2J,201,Federal Sources,4500,Restricted Revenue From Federal Government Through the State,6241578.72
2020-21,1977,Redmond SD 2J,250,Non-Federal Sources,1500,Earnings on Investments,23637.21
2020-21,1977,Redmond SD 2J,250,Non-Federal Sources,1700,Extra-Curricular Activities,387407.71
2020-21,1977,Redmond SD 2J,250,Non-Federal Sources,1910,Rentals,8554.5
2020-21,1977,Redmond SD 2J,250,Non-Federal Sources,1920,Contributions and Donations From Private Sources,239605.49
2020-21,1977,Redmond SD 2J,250,Non-Federal Sources,1960,Recovery of Prior Years' Expenditure,2299.93
2020-21,1977,Redmond SD 2J,100,General Fund,3299,Other Restricted Grants-In-Aid,25387.2
2020-21,1977,Redmond SD 2J,100,General Fund,4201,Foster Transportation,8605.17
2020-21,1977,Redmond SD 2J,100,General Fund,4700,Grants-In-Aid From Federal Government Through Other Intermed,26543.1
2020-21,1977,Redmond SD 2J,100,General Fund,5100,Long Term Debt Financing Sources,1877347.42
2020-21,1977,Redmond SD 2J,100,General Fund,5400,Resources - Beginning Fund Balance,7193268.33
2020-21,1977,Redmond SD 2J,201,Federal Sources,3299,Other Restricted Grants-In-Aid,34162.68
2020-21,1977,Redmond SD 2J,100,General Fund,2101,County School Funds,160026.41
2020-21,1977,Redmond SD 2J,100,General Fund,2102,General Education Service District Funds,249991.02
2020-21,1977,Redmond SD 2J,100,General Fund,2199,Other Intermediate Sources,41969.83
2020-21,1977,Redmond SD 2J,100,General Fund,2200,Restricted Revenue,4496.03
2020-21,1977,Redmond SD 2J,100,General Fund,3101,State School Fund --General Support,48286674.25
2020-21,1977,Redmond SD 2J,100,General Fund,3103,Common School Fund,785315.38
2020-21,1977,Redmond SD 2J,100,General Fund,1500,Earnings on Investments,175199.76
2020-21,1977,Redmond SD 2J,100,General Fund,1920,Contributions and Donations From Private Sources,500
2020-21,1977,Redmond SD 2J,100,General Fund,1940,Services Provided Other Local Education Agencies,27566.56
2020-21,1977,Redmond SD 2J,100,General Fund,1960,Recovery of Prior Years' Expenditure,2839.91
2020-21,1977,Redmond SD 2J,100,General Fund,1980,Fees Charged to Grants,357057.07
2020-21,1977,Redmond SD 2J,100,General Fund,1990,Miscellaneous,603132.13
2020-21,1978,Sisters SD 6,100,General Fund,1120,Local option ad valorem taxes levied by district,1506018.04
2020-21,1978,Sisters SD 6,100,General Fund,1190,Penalties and interest on taxes,1856.07
2020-21,1978,Sisters SD 6,100,General Fund,1312,Tuition from Other Districts within the State,79608.36
2020-21,1978,Sisters SD 6,100,General Fund,1500,Earnings on Investments,56129.89
2020-21,1978,Sisters SD 6,100,General Fund,1910,Rentals,64216.91
2020-21,1978,Sisters SD 6,100,General Fund,1960,Recovery of Prior Years' Expenditure,155.76
2020-21,1978,Sisters SD 6,700,Trust and Agency Funds,1920,Contributions and Donations From Private Sources,87792.47
2020-21,1978,Sisters SD 6,700,Trust and Agency Funds,5400,Resources - Beginning Fund Balance,65379.47
2020-21,1978,Sisters SD 6,100,General Fund,1110,Ad valorem taxes levied by district,9119831.18
2020-21,1978,Sisters SD 6,300,Debt Service Funds,1110,Ad valorem taxes levied by district,2969094.6
2020-21,1978,Sisters SD 6,300,Debt Service Funds,1500,Earnings on Investments,8360.77
2020-21,1978,Sisters SD 6,300,Debt Service Funds,1970,Services Provided Other Funds,983246.15
2020-21,1978,Sisters SD 6,300,Debt Service Funds,2800,Revenue in Lieu of Taxes,2479.21
2020-21,1978,Sisters SD 6,300,Debt Service Funds,5400,Resources - Beginning Fund Balance,225773.61
2020-21,1978,Sisters SD 6,400,Capital Projects Funds,1500,Earnings on Investments,8625.98
2020-21,1978,Sisters SD 6,400,Capital Projects Funds,5400,Resources - Beginning Fund Balance,1847421.44
2020-21,1978,Sisters SD 6,299,Child Nutrition,1990,Miscellaneous,128.26
2020-21,1978,Sisters SD 6,299,Child Nutrition,4500,Restricted Revenue From Federal Government Through the State,145075.28
2020-21,1978,Sisters SD 6,299,Child Nutrition,5200,Interfund Transfers,52599.27
2020-21,1978,Sisters SD 6,299,Child Nutrition,5400,Resources - Beginning Fund Balance,50938.74
2020-21,1978,Sisters SD 6,300,Debt Service Funds,1120,Local option ad valorem taxes levied by district,0.56
2020-21,1978,Sisters SD 6,300,Debt Service Funds,1190,Penalties and interest on taxes,518.13
2020-21,1978,Sisters SD 6,250,Non-Federal Sources,5200,Interfund Transfers,1500
2020-21,1978,Sisters SD 6,250,Non-Federal Sources,5400,Resources - Beginning Fund Balance,975195.02
2020-21,1978,Sisters SD 6,251,Student Investment Account,3299,Other Restricted Grants-In-Aid,266040.47
2020-21,1978,Sisters SD 6,252,Measure 98 - High School Success,3299,Other Restricted Grants-In-Aid,334093.22
2020-21,1978,Sisters SD 6,252,Measure 98 - High School Success,5400,Resources - Beginning Fund Balance,-0.3
2020-21,1978,Sisters SD 6,299,Child Nutrition,1600,Food Service,274.17
2020-21,1978,Sisters SD 6,250,Non-Federal Sources,1910,Rentals,4350
2020-21,1978,Sisters SD 6,250,Non-Federal Sources,1920,Contributions and Donations From Private Sources,112884.98
2020-21,1978,Sisters SD 6,250,Non-Federal Sources,1990,Miscellaneous,126646.51
2020-21,1978,Sisters SD 6,250,Non-Federal Sources,2102,General Education Service District Funds,5959.15
2020-21,1978,Sisters SD 6,250,Non-Federal Sources,3222,State School Fund (SSF) Transportation Equipment,50894.01
2020-21,1978,Sisters SD 6,250,Non-Federal Sources,3299,Other Restricted Grants-In-Aid,363059.11
2020-21,1978,Sisters SD 6,100,General Fund,4801,Federal Forest Fees,9164.62
2020-21,1978,Sisters SD 6,100,General Fund,5100,Long Term Debt Financing Sources,471393.55
2020-21,1978,Sisters SD 6,100,General Fund,5400,Resources - Beginning Fund Balance,2451470.37
2020-21,1978,Sisters SD 6,201,Federal Sources,4500,Restricted Revenue From Federal Government Through the State,341039.19
2020-21,1978,Sisters SD 6,201,Federal Sources,4700,Grants-In-Aid From Federal Government Through Other Intermed,2124.65
2020-21,1978,Sisters SD 6,250,Non-Federal Sources,1700,Extra-Curricular Activities,100525.95
2020-21,1978,Sisters SD 6,100,General Fund,1990,Miscellaneous,113663.04
2020-21,1978,Sisters SD 6,100,General Fund,2101,County School Funds,13468.06
2020-21,1978,Sisters SD 6,100,General Fund,2800,Revenue in Lieu of Taxes,8899.27
2020-21,1978,Sisters SD 6,100,General Fund,3101,State School Fund --General Support,2136602.13
2020-21,1978,Sisters SD 6,100,General Fund,3103,Common School Fund,119052.62
2020-21,1978,Sisters SD 6,100,General Fund,4500,Restricted Revenue From Federal Government Through the State,535475.93
2020-21,1980,Douglas ESD,600,Internal Service Funds,1970,Services Provided Other Funds,219484.55
2020-21,1980,Douglas ESD,600,Internal Service Funds,5200,Interfund Transfers,30000
2020-21,1980,Douglas ESD,600,Internal Service Funds,5400,Resources - Beginning Fund Balance,1755122.83
2020-21,1980,Douglas ESD,300,Debt Service Funds,5200,Interfund Transfers,301056.13
2020-21,1980,Douglas ESD,300,Debt Service Funds,5400,Resources - Beginning Fund Balance,1191775.25
2020-21,1980,Douglas ESD,400,Capital Projects Funds,5100,Long Term Debt Financing Sources,6183050.75
2020-21,1980,Douglas ESD,500,Enterprise Funds,1910,Rentals,28542
2020-21,1980,Douglas ESD,500,Enterprise Funds,1940,Services Provided Other Local Education Agencies,190139.49
2020-21,1980,Douglas ESD,500,Enterprise Funds,5400,Resources - Beginning Fund Balance,-32710.55
2020-21,1980,Douglas ESD,251,Student Investment Account,1940,Services Provided Other Local Education Agencies,1500
2020-21,1980,Douglas ESD,251,Student Investment Account,3299,Other Restricted Grants-In-Aid,306784.23
2020-21,1980,Douglas ESD,251,Student Investment Account,5400,Resources - Beginning Fund Balance,137315.64
2020-21,1980,Douglas ESD,252,Measure 98 - High School Success,3299,Other Restricted Grants-In-Aid,10789.78
2020-21,1980,Douglas ESD,300,Debt Service Funds,1500,Earnings on Investments,25.19
2020-21,1980,Douglas ESD,300,Debt Service Funds,1970,Services Provided Other Funds,141904.56
2020-21,1980,Douglas ESD,250,Non-Federal Sources,3900,Revenue for/on Behalf of the District,11799650.61
2020-21,1980,Douglas ESD,250,Non-Federal Sources,4500,Restricted Revenue From Federal Government Through the State,1841231.26
2020-21,1980,Douglas ESD,250,Non-Federal Sources,4700,Grants-In-Aid From Federal Government Through Other Intermed,2000
2020-21,1980,Douglas ESD,250,Non-Federal Sources,5100,Long Term Debt Financing Sources,1522949.25
2020-21,1980,Douglas ESD,250,Non-Federal Sources,5200,Interfund Transfers,12742956.91
2020-21,1980,Douglas ESD,250,Non-Federal Sources,5400,Resources - Beginning Fund Balance,3277433.37
2020-21,1980,Douglas ESD,250,Non-Federal Sources,1970,Services Provided Other Funds,828879.54
2020-21,1980,Douglas ESD,250,Non-Federal Sources,1990,Miscellaneous,120744.17
2020-21,1980,Douglas ESD,250,Non-Federal Sources,2199,Other Intermediate Sources,308350
2020-21,1980,Douglas ESD,250,Non-Federal Sources,2200,Restricted Revenue,1608.55
2020-21,1980,Douglas ESD,250,Non-Federal Sources,2900,Revenue for/on Behalf of the District,936882.78
2020-21,1980,Douglas ESD,250,Non-Federal Sources,3299,Other Restricted Grants-In-Aid,8672689.69
2020-21,1980,Douglas ESD,201,Federal Sources,4700,Grants-In-Aid From Federal Government Through Other Intermed,187616.07
2020-21,1980,Douglas ESD,201,Federal Sources,5400,Resources - Beginning Fund Balance,842506.27
2020-21,1980,Douglas ESD,250,Non-Federal Sources,1320,Adult/Continuing Education Tuition,51394.08
2020-21,1980,Douglas ESD,250,Non-Federal Sources,1910,Rentals,236964.68
2020-21,1980,Douglas ESD,250,Non-Federal Sources,1920,Contributions and Donations From Private Sources,665110.85
2020-21,1980,Douglas ESD,250,Non-Federal Sources,1940,Services Provided Other Local Education Agencies,3919799.38
2020-21,1980,Douglas ESD,100,General Fund,1980,Fees Charged to Grants,1445223.73
2020-21,1980,Douglas ESD,100,General Fund,1990,Miscellaneous,10311.98
2020-21,1980,Douglas ESD,100,General Fund,3101,State School Fund --General Support,1830609.16
2020-21,1980,Douglas ESD,100,General Fund,5400,Resources - Beginning Fund Balance,1390554.02
2020-21,1980,Douglas ESD,201,Federal Sources,1990,Miscellaneous,70612.69
2020-21,1980,Douglas ESD,201,Federal Sources,4500,Restricted Revenue From Federal Government Through the State,1163736.64
2020-21,1980,Douglas ESD,100,General Fund,1110,Ad valorem taxes levied by district,5045061.09
2020-21,1980,Douglas ESD,100,General Fund,1500,Earnings on Investments,44235.26
2020-21,1980,Douglas ESD,100,General Fund,1940,Services Provided Other Local Education Agencies,1384895.78
2020-21,1980,Douglas ESD,100,General Fund,1960,Recovery of Prior Years' Expenditure,8333.51
2020-21,1980,Douglas ESD,100,General Fund,1970,Services Provided Other Funds,205565
2020-21,1990,Oakland SD 1,100,General Fund,1110,Ad valorem taxes levied by district,1498179.6
2020-21,1990,Oakland SD 1,100,General Fund,1190,Penalties and interest on taxes,405.21
2020-21,1990,Oakland SD 1,100,General Fund,1500,Earnings on Investments,32721.65
2020-21,1990,Oakland SD 1,100,General Fund,1960,Recovery of Prior Years' Expenditure,8294.73
2020-21,1990,Oakland SD 1,100,General Fund,1990,Miscellaneous,102186.83
2020-21,1990,Oakland SD 1,100,General Fund,2101,County School Funds,6088.54
2020-21,1990,Oakland SD 1,250,Non-Federal Sources,3199,Other Unrestricted Grants-In-Aid,31529.59
2020-21,1990,Oakland SD 1,250,Non-Federal Sources,3299,Other Restricted Grants-In-Aid,51753.18
2020-21,1990,Oakland SD 1,250,Non-Federal Sources,5200,Interfund Transfers,917368
2020-21,1990,Oakland SD 1,201,Federal Sources,4500,Restricted Revenue From Federal Government Through the State,747739.02
2020-21,1990,Oakland SD 1,250,Non-Federal Sources,1500,Earnings on Investments,35.09
2020-21,1990,Oakland SD 1,250,Non-Federal Sources,1700,Extra-Curricular Activities,47810.31
2020-21,1990,Oakland SD 1,250,Non-Federal Sources,1920,Contributions and Donations From Private Sources,46821.89
2020-21,1990,Oakland SD 1,250,Non-Federal Sources,1970,Services Provided Other Funds,153318.69
2020-21,1990,Oakland SD 1,250,Non-Federal Sources,1990,Miscellaneous,2821.2
2020-21,1990,Oakland SD 1,400,Capital Projects Funds,5200,Interfund Transfers,200000
2020-21,1990,Oakland SD 1,100,General Fund,5400,Resources - Beginning Fund Balance,1573646.88
2020-21,1990,Oakland SD 1,250,Non-Federal Sources,5400,Resources - Beginning Fund Balance,1150263.89
2020-21,1990,Oakland SD 1,299,Child Nutrition,5400,Resources - Beginning Fund Balance,56357.6
2020-21,1990,Oakland SD 1,300,Debt Service Funds,5400,Resources - Beginning Fund Balance,538.2
2020-21,1990,Oakland SD 1,400,Capital Projects Funds,5400,Resources - Beginning Fund Balance,467283.03
2020-21,1990,Oakland SD 1,299,Child Nutrition,1600,Food Service,298.45
2020-21,1990,Oakland SD 1,299,Child Nutrition,3102,State School Fund--School Lunch Match,1916.41
2020-21,1990,Oakland SD 1,299,Child Nutrition,3299,Other Restricted Grants-In-Aid,2139.39
2020-21,1990,Oakland SD 1,299,Child Nutrition,4500,Restricted Revenue From Federal Government Through the State,136210.24
2020-21,1990,Oakland SD 1,300,Debt Service Funds,1990,Miscellaneous,14290.89
2020-21,1990,Oakland SD 1,400,Capital Projects Funds,1500,Earnings on Investments,19.85
2020-21,1990,Oakland SD 1,100,General Fund,3101,State School Fund --General Support,5715185.78
2020-21,1990,Oakland SD 1,100,General Fund,3103,Common School Fund,57729.9
2020-21,1990,Oakland SD 1,100,General Fund,4801,Federal Forest Fees,53113.54
2020-21,1990,Oakland SD 1,100,General Fund,5200,Interfund Transfers,350000
2020-21,1990,Oakland SD 1,251,Student Investment Account,3299,Other Restricted Grants-In-Aid,180141.34
2020-21,1990,Oakland SD 1,252,Measure 98 - High School Success,3299,Other Restricted Grants-In-Aid,124124.37
2020-21,1991,Douglas County SD 4,100,General Fund,1110,Ad valorem taxes levied by district,18172439.47
2020-21,1991,Douglas County SD 4,100,General Fund,1500,Earnings on Investments,170518.11
2020-21,1991,Douglas County SD 4,100,General Fund,1700,Extra-Curricular Activities,22019.65
2020-21,1991,Douglas County SD 4,100,General Fund,1800,Community Services Activities,96520.5
2020-21,1991,Douglas County SD 4,100,General Fund,1980,Fees Charged to Grants,36283.05
2020-21,1991,Douglas County SD 4,100,General Fund,1990,Miscellaneous,188453.52
2020-21,1991,Douglas County SD 4,400,Capital Projects Funds,3299,Other Restricted Grants-In-Aid,175021
2020-21,1991,Douglas County SD 4,400,Capital Projects Funds,5200,Interfund Transfers,980000
2020-21,1991,Douglas County SD 4,400,Capital Projects Funds,5400,Resources - Beginning Fund Balance,1494620.43
2020-21,1991,Douglas County SD 4,300,Debt Service Funds,1110,Ad valorem taxes levied by district,1749937.66
2020-21,1991,Douglas County SD 4,300,Debt Service Funds,1500,Earnings on Investments,44273.4
2020-21,1991,Douglas County SD 4,300,Debt Service Funds,1970,Services Provided Other Funds,5715370.99
2020-21,1991,Douglas County SD 4,300,Debt Service Funds,5200,Interfund Transfers,108815
2020-21,1991,Douglas County SD 4,300,Debt Service Funds,5400,Resources - Beginning Fund Balance,4864397.42
2020-21,1991,Douglas County SD 4,400,Capital Projects Funds,1990,Miscellaneous,177979.41
2020-21,1991,Douglas County SD 4,299,Child Nutrition,1990,Miscellaneous,2267
2020-21,1991,Douglas County SD 4,299,Child Nutrition,3102,State School Fund--School Lunch Match,23926.12
2020-21,1991,Douglas County SD 4,299,Child Nutrition,3299,Other Restricted Grants-In-Aid,31711.65
2020-21,1991,Douglas County SD 4,299,Child Nutrition,4500,Restricted Revenue From Federal Government Through the State,2644002.08
2020-21,1991,Douglas County SD 4,299,Child Nutrition,4900,Revenue for/on Behalf of the District,172622.06
2020-21,1991,Douglas County SD 4,299,Child Nutrition,5400,Resources - Beginning Fund Balance,1043098.44
2020-21,1991,Douglas County SD 4,250,Non-Federal Sources,5200,Interfund Transfers,636000
2020-21,1991,Douglas County SD 4,250,Non-Federal Sources,5400,Resources - Beginning Fund Balance,2530807.47
2020-21,1991,Douglas County SD 4,251,Student Investment Account,3299,Other Restricted Grants-In-Aid,1094599.19
2020-21,1991,Douglas County SD 4,252,Measure 98 - High School Success,3299,Other Restricted Grants-In-Aid,2065300.98
2020-21,1991,Douglas County SD 4,252,Measure 98 - High School Success,5400,Resources - Beginning Fund Balance,205296
2020-21,1991,Douglas County SD 4,299,Child Nutrition,1600,Food Service,1742.5
2020-21,1991,Douglas County SD 4,250,Non-Federal Sources,1910,Rentals,198945.35
2020-21,1991,Douglas County SD 4,250,Non-Federal Sources,1920,Contributions and Donations From Private Sources,98207.18
2020-21,1991,Douglas County SD 4,250,Non-Federal Sources,1990,Miscellaneous,30254
2020-21,1991,Douglas County SD 4,250,Non-Federal Sources,2102,General Education Service District Funds,365848.77
2020-21,1991,Douglas County SD 4,250,Non-Federal Sources,3204,Driver Education,13245
2020-21,1991,Douglas County SD 4,250,Non-Federal Sources,3299,Other Restricted Grants-In-Aid,1771615.8
2020-21,1991,Douglas County SD 4,100,General Fund,5300,Sale of or Compensation for Loss of Fixed Assets,2852
2020-21,1991,Douglas County SD 4,100,General Fund,5400,Resources - Beginning Fund Balance,10229477.5
2020-21,1991,Douglas County SD 4,201,Federal Sources,4300,Restricted Revenue Direct From the Federal Government,18021
2020-21,1991,Douglas County SD 4,201,Federal Sources,4500,Restricted Revenue From Federal Government Through the State,6153505.83
2020-21,1991,Douglas County SD 4,201,Federal Sources,4900,Revenue for/on Behalf of the District,2917.98
2020-21,1991,Douglas County SD 4,250,Non-Federal Sources,1700,Extra-Curricular Activities,449940.98
2020-21,1991,Douglas County SD 4,100,General Fund,2101,County School Funds,62044.98
2020-21,1991,Douglas County SD 4,100,General Fund,2102,General Education Service District Funds,56253.23
2020-21,1991,Douglas County SD 4,100,General Fund,2199,Other Intermediate Sources,17964.4
2020-21,1991,Douglas County SD 4,100,General Fund,3101,State School Fund --General Support,43176995.08
2020-21,1991,Douglas County SD 4,100,General Fund,3103,Common School Fund,572230.86
2020-21,1991,Douglas County SD 4,100,General Fund,4801,Federal Forest Fees,541251.49
2020-21,1992,Glide SD 12,100,General Fund,1110,Ad valorem taxes levied by district,4462600.79
2020-21,1992,Glide SD 12,100,General Fund,1190,Penalties and interest on taxes,1111.06
2020-21,1992,Glide SD 12,100,General Fund,1500,Earnings on Investments,42830.08
2020-21,1992,Glide SD 12,100,General Fund,1700,Extra-Curricular Activities,817.89
2020-21,1992,Glide SD 12,100,General Fund,1910,Rentals,36005.08
2020-21,1992,Glide SD 12,100,General Fund,1960,Recovery of Prior Years' Expenditure,9164.61
2020-21,1992,Glide SD 12,700,Trust and Agency Funds,1990,Miscellaneous,292.8
2020-21,1992,Glide SD 12,700,Trust and Agency Funds,5400,Resources - Beginning Fund Balance,7928.92
2020-21,1992,Glide SD 12,400,Capital Projects Funds,1920,Contributions and Donations From Private Sources,110000
2020-21,1992,Glide SD 12,400,Capital Projects Funds,1990,Miscellaneous,18366.13
2020-21,1992,Glide SD 12,400,Capital Projects Funds,5200,Interfund Transfers,600000
2020-21,1992,Glide SD 12,400,Capital Projects Funds,5300,Sale of or Compensation for Loss of Fixed Assets,22915.92
2020-21,1992,Glide SD 12,400,Capital Projects Funds,5400,Resources - Beginning Fund Balance,1418128.5
2020-21,1992,Glide SD 12,700,Trust and Agency Funds,1920,Contributions and Donations From Private Sources,19000
2020-21,1992,Glide SD 12,300,Debt Service Funds,1110,Ad valorem taxes levied by district,900094.58
2020-21,1992,Glide SD 12,300,Debt Service Funds,1190,Penalties and interest on taxes,245.25
2020-21,1992,Glide SD 12,300,Debt Service Funds,1500,Earnings on Investments,20.31
2020-21,1992,Glide SD 12,300,Debt Service Funds,1970,Services Provided Other Funds,311112.23
2020-21,1992,Glide SD 12,300,Debt Service Funds,5400,Resources - Beginning Fund Balance,1017540.28
2020-21,1992,Glide SD 12,400,Capital Projects Funds,1500,Earnings on Investments,134
2020-21,1992,Glide SD 12,299,Child Nutrition,1990,Miscellaneous,10348.04
2020-21,1992,Glide SD 12,299,Child Nutrition,3102,State School Fund--School Lunch Match,2768.64
2020-21,1992,Glide SD 12,299,Child Nutrition,4500,Restricted Revenue From Federal Government Through the State,261551.68
2020-21,1992,Glide SD 12,299,Child Nutrition,4900,Revenue for/on Behalf of the District,16683.36
2020-21,1992,Glide SD 12,299,Child Nutrition,5200,Interfund Transfers,1912.9
2020-21,1992,Glide SD 12,299,Child Nutrition,5400,Resources - Beginning Fund Balance,90737.88
2020-21,1992,Glide SD 12,250,Non-Federal Sources,5200,Interfund Transfers,180000
2020-21,1992,Glide SD 12,250,Non-Federal Sources,5300,Sale of or Compensation for Loss of Fixed Assets,851.1
2020-21,1992,Glide SD 12,250,Non-Federal Sources,5400,Resources - Beginning Fund Balance,431657.28
2020-21,1992,Glide SD 12,251,Student Investment Account,3299,Other Restricted Grants-In-Aid,211609.82
2020-21,1992,Glide SD 12,252,Measure 98 - High School Success,3299,Other Restricted Grants-In-Aid,145312.57
2020-21,1992,Glide SD 12,299,Child Nutrition,1600,Food Service,6100.84
2020-21,1992,Glide SD 12,250,Non-Federal Sources,1910,Rentals,6300
2020-21,1992,Glide SD 12,250,Non-Federal Sources,1920,Contributions and Donations From Private Sources,29806.35
2020-21,1992,Glide SD 12,250,Non-Federal Sources,1990,Miscellaneous,788.99
2020-21,1992,Glide SD 12,250,Non-Federal Sources,3222,State School Fund (SSF) Transportation Equipment,75393
2020-21,1992,Glide SD 12,250,Non-Federal Sources,3299,Other Restricted Grants-In-Aid,90651.39
2020-21,1992,Glide SD 12,250,Non-Federal Sources,5100,Long Term Debt Financing Sources,259908
2020-21,1992,Glide SD 12,100,General Fund,4500,Restricted Revenue From Federal Government Through the State,111.06
2020-21,1992,Glide SD 12,100,General Fund,4801,Federal Forest Fees,68654.5
2020-21,1992,Glide SD 12,100,General Fund,5400,Resources - Beginning Fund Balance,1388081.07
2020-21,1992,Glide SD 12,201,Federal Sources,4500,Restricted Revenue From Federal Government Through the State,846476.29
2020-21,1992,Glide SD 12,250,Non-Federal Sources,1500,Earnings on Investments,37.05
2020-21,1992,Glide SD 12,250,Non-Federal Sources,1700,Extra-Curricular Activities,20788
2020-21,1992,Glide SD 12,100,General Fund,1990,Miscellaneous,60423.53
2020-21,1992,Glide SD 12,100,General Fund,2101,County School Funds,7870.03
2020-21,1992,Glide SD 12,100,General Fund,2102,General Education Service District Funds,70606
2020-21,1992,Glide SD 12,100,General Fund,2199,Other Intermediate Sources,4859.8
2020-21,1992,Glide SD 12,100,General Fund,3101,State School Fund --General Support,4565700.6
2020-21,1992,Glide SD 12,100,General Fund,3103,Common School Fund,71539.04
2020-21,1993,Douglas County SD 15,100,General Fund,1110,Ad valorem taxes levied by district,507586.13
2020-21,1993,Douglas County SD 15,100,General Fund,1500,Earnings on Investments,12272.11
2020-21,1993,Douglas County SD 15,100,General Fund,1910,Rentals,11200.01
2020-21,1993,Douglas County SD 15,100,General Fund,1960,Recovery of Prior Years' Expenditure,11.03
2020-21,1993,Douglas County SD 15,100,General Fund,1990,Miscellaneous,56779.61
2020-21,1993,Douglas County SD 15,100,General Fund,2101,County School Funds,2289.8
2020-21,1993,Douglas County SD 15,400,Capital Projects Funds,5400,Resources - Beginning Fund Balance,514707.22
2020-21,1993,Douglas County SD 15,252,Measure 98 - High School Success,3299,Other Restricted Grants-In-Aid,117580.12
2020-21,1993,Douglas County SD 15,299,Child Nutrition,4500,Restricted Revenue From Federal Government Through the State,68633.52
2020-21,1993,Douglas County SD 15,250,Non-Federal Sources,5400,Resources - Beginning Fund Balance,327550.71
2020-21,1993,Douglas County SD 15,100,General Fund,5400,Resources - Beginning Fund Balance,1320285.66
2020-21,1993,Douglas County SD 15,299,Child Nutrition,5400,Resources - Beginning Fund Balance,33876.43
2020-21,1993,Douglas County SD 15,300,Debt Service Funds,5400,Resources - Beginning Fund Balance,22514.75
2020-21,1993,Douglas County SD 15,300,Debt Service Funds,5200,Interfund Transfers,40000
2020-21,1993,Douglas County SD 15,400,Capital Projects Funds,1500,Earnings on Investments,5328.49
2020-21,1993,Douglas County SD 15,400,Capital Projects Funds,3299,Other Restricted Grants-In-Aid,2505.46
2020-21,1993,Douglas County SD 15,400,Capital Projects Funds,5200,Interfund Transfers,60000
2020-21,1993,Douglas County SD 15,250,Non-Federal Sources,5200,Interfund Transfers,10000
2020-21,1993,Douglas County SD 15,251,Student Investment Account,3299,Other Restricted Grants-In-Aid,79144.63
2020-21,1993,Douglas County SD 15,299,Child Nutrition,3102,State School Fund--School Lunch Match,920.56
2020-21,1993,Douglas County SD 15,250,Non-Federal Sources,3299,Other Restricted Grants-In-Aid,51134.72
2020-21,1993,Douglas County SD 15,201,Federal Sources,4500,Restricted Revenue From Federal Government Through the State,339056.06
2020-21,1993,Douglas County SD 15,299,Child Nutrition,4900,Revenue for/on Behalf of the District,6633
2020-21,1993,Douglas County SD 15,299,Child Nutrition,5200,Interfund Transfers,25000
2020-21,1993,Douglas County SD 15,300,Debt Service Funds,1990,Miscellaneous,7249.44
2020-21,1993,Douglas County SD 15,100,General Fund,2102,General Education Service District Funds,36245
2020-21,1993,Douglas County SD 15,100,General Fund,3101,State School Fund --General Support,2616430.64
2020-21,1993,Douglas County SD 15,100,General Fund,3103,Common School Fund,19083.49
2020-21,1993,Douglas County SD 15,100,General Fund,4801,Federal Forest Fees,19975.17
2020-21,1993,Douglas County SD 15,299,Child Nutrition,1600,Food Service,1049.53
2020-21,1993,Douglas County SD 15,250,Non-Federal Sources,1920,Contributions and Donations From Private Sources,44322.79
2020-21,1994,South Umpqua SD 19,400,Capital Projects Funds,5400,Resources - Beginning Fund Balance,875401.55
2020-21,1994,South Umpqua SD 19,400,Capital Projects Funds,3299,Other Restricted Grants-In-Aid,1113753.77
2020-21,1994,South Umpqua SD 19,400,Capital Projects Funds,5100,Long Term Debt Financing Sources,1600000
2020-21,1994,South Umpqua SD 19,400,Capital Projects Funds,5200,Interfund Transfers,552367.1
2020-21,1994,South Umpqua SD 19,100,General Fund,5400,Resources - Beginning Fund Balance,2775695.89
2020-21,1994,South Umpqua SD 19,200,Special Revenue Funds,5400,Resources - Beginning Fund Balance,205476.54
2020-21,1994,South Umpqua SD 19,300,Debt Service Funds,5400,Resources - Beginning Fund Balance,3201281.6
2020-21,1994,South Umpqua SD 19,300,Debt Service Funds,1500,Earnings on Investments,67540.2
2020-21,1994,South Umpqua SD 19,300,Debt Service Funds,1970,Services Provided Other Funds,1439831.89
2020-21,1994,South Umpqua SD 19,300,Debt Service Funds,4900,Revenue for/on Behalf of the District,24091.38
2020-21,1994,South Umpqua SD 19,300,Debt Service Funds,5200,Interfund Transfers,884243.66
2020-21,1994,South Umpqua SD 19,400,Capital Projects Funds,1960,Recovery of Prior Years' Expenditure,42778.69
2020-21,1994,South Umpqua SD 19,400,Capital Projects Funds,1990,Miscellaneous,37053.66
2020-21,1994,South Umpqua SD 19,252,Measure 98 - High School Success,3299,Other Restricted Grants-In-Aid,395161.2
2020-21,1994,South Umpqua SD 19,299,Child Nutrition,1600,Food Service,5931.46
2020-21,1994,South Umpqua SD 19,299,Child Nutrition,3299,Other Restricted Grants-In-Aid,17069.52
2020-21,1994,South Umpqua SD 19,299,Child Nutrition,4500,Restricted Revenue From Federal Government Through the State,1011187.43
2020-21,1994,South Umpqua SD 19,299,Child Nutrition,4900,Revenue for/on Behalf of the District,57245.98
2020-21,1994,South Umpqua SD 19,299,Child Nutrition,5200,Interfund Transfers,6777.52
2020-21,1994,South Umpqua SD 19,100,General Fund,4801,Federal Forest Fees,137429.63
2020-21,1994,South Umpqua SD 19,100,General Fund,5300,Sale of or Compensation for Loss of Fixed Assets,400200
2020-21,1994,South Umpqua SD 19,200,Special Revenue Funds,1700,Extra-Curricular Activities,59860.13
2020-21,1994,South Umpqua SD 19,200,Special Revenue Funds,4500,Restricted Revenue From Federal Government Through the State,2045310.82
2020-21,1994,South Umpqua SD 19,250,Non-Federal Sources,3299,Other Restricted Grants-In-Aid,319855.69
2020-21,1994,South Umpqua SD 19,251,Student Investment Account,3299,Other Restricted Grants-In-Aid,234079.49
2020-21,1994,South Umpqua SD 19,100,General Fund,1990,Miscellaneous,121005.21
2020-21,1994,South Umpqua SD 19,100,General Fund,2101,County School Funds,15753.9
2020-21,1994,South Umpqua SD 19,100,General Fund,2199,Other Intermediate Sources,3207.07
2020-21,1994,South Umpqua SD 19,100,General Fund,2200,Restricted Revenue,133283.6
2020-21,1994,South Umpqua SD 19,100,General Fund,3101,State School Fund --General Support,12398218.67
2020-21,1994,South Umpqua SD 19,100,General Fund,3103,Common School Fund,142293.7
2020-21,1994,South Umpqua SD 19,100,General Fund,1190,Penalties and interest on taxes,901.39
2020-21,1994,South Umpqua SD 19,100,General Fund,1500,Earnings on Investments,423.6
2020-21,1994,South Umpqua SD 19,100,General Fund,1700,Extra-Curricular Activities,18523
2020-21,1994,South Umpqua SD 19,100,General Fund,1910,Rentals,9775
2020-21,1994,South Umpqua SD 19,100,General Fund,1960,Recovery of Prior Years' Expenditure,24424.17
2020-21,1994,South Umpqua SD 19,100,General Fund,1980,Fees Charged to Grants,33578
2020-21,1994,South Umpqua SD 19,100,General Fund,1110,Ad valorem taxes levied by district,3543660.3
2020-21,1995,Camas Valley SD 21J,100,General Fund,1110,Ad valorem taxes levied by district,293837.07
2020-21,1995,Camas Valley SD 21J,100,General Fund,1500,Earnings on Investments,7869.28
2020-21,1995,Camas Valley SD 21J,100,General Fund,1990,Miscellaneous,51360.63
2020-21,1995,Camas Valley SD 21J,100,General Fund,2101,County School Funds,2493.58
2020-21,1995,Camas Valley SD 21J,100,General Fund,2102,General Education Service District Funds,36564
2020-21,1995,Camas Valley SD 21J,100,General Fund,2199,Other Intermediate Sources,264.54
2020-21,1995,Camas Valley SD 21J,250,Non-Federal Sources,1500,Earnings on Investments,2261.46
2020-21,1995,Camas Valley SD 21J,250,Non-Federal Sources,1700,Extra-Curricular Activities,3814.47
2020-21,1995,Camas Valley SD 21J,250,Non-Federal Sources,3299,Other Restricted Grants-In-Aid,59776.95
2020-21,1995,Camas Valley SD 21J,250,Non-Federal Sources,5400,Resources - Beginning Fund Balance,282699.18
2020-21,1995,Camas Valley SD 21J,400,Capital Projects Funds,5400,Resources - Beginning Fund Balance,763908.01
2020-21,1995,Camas Valley SD 21J,600,Internal Service Funds,1500,Earnings on Investments,520.56
2020-21,1995,Camas Valley SD 21J,600,Internal Service Funds,5400,Resources - Beginning Fund Balance,64458.89
2020-21,1995,Camas Valley SD 21J,700,Trust and Agency Funds,1500,Earnings on Investments,143.35
2020-21,1995,Camas Valley SD 21J,700,Trust and Agency Funds,1920,Contributions and Donations From Private Sources,516
2020-21,1995,Camas Valley SD 21J,700,Trust and Agency Funds,5400,Resources - Beginning Fund Balance,23225.23
2020-21,1995,Camas Valley SD 21J,299,Child Nutrition,4500,Restricted Revenue From Federal Government Through the State,100073.9
2020-21,1995,Camas Valley SD 21J,299,Child Nutrition,4900,Revenue for/on Behalf of the District,12841.59
2020-21,1995,Camas Valley SD 21J,299,Child Nutrition,5200,Interfund Transfers,20000
2020-21,1995,Camas Valley SD 21J,299,Child Nutrition,5400,Resources - Beginning Fund Balance,8359.19
2020-21,1995,Camas Valley SD 21J,400,Capital Projects Funds,1500,Earnings on Investments,5188.3
2020-21,1995,Camas Valley SD 21J,400,Capital Projects Funds,3299,Other Restricted Grants-In-Aid,2706730
2020-21,1995,Camas Valley SD 21J,250,Non-Federal Sources,1920,Contributions and Donations From Private Sources,48
2020-21,1995,Camas Valley SD 21J,250,Non-Federal Sources,3222,State School Fund (SSF) Transportation Equipment,35233.8
2020-21,1995,Camas Valley SD 21J,251,Student Investment Account,3299,Other Restricted Grants-In-Aid,77742.21
2020-21,1995,Camas Valley SD 21J,252,Measure 98 - High School Success,3299,Other Restricted Grants-In-Aid,87174.92
2020-21,1995,Camas Valley SD 21J,299,Child Nutrition,1600,Food Service,3471.21
2020-21,1995,Camas Valley SD 21J,299,Child Nutrition,3102,State School Fund--School Lunch Match,909.68
2020-21,1995,Camas Valley SD 21J,100,General Fund,3101,State School Fund --General Support,2945614.94
2020-21,1995,Camas Valley SD 21J,100,General Fund,3103,Common School Fund,19468.55
2020-21,1995,Camas Valley SD 21J,100,General Fund,4801,Federal Forest Fees,21752.8
2020-21,1995,Camas Valley SD 21J,100,General Fund,5400,Resources - Beginning Fund Balance,757215.39
2020-21,1995,Camas Valley SD 21J,201,Federal Sources,4300,Restricted Revenue Direct From the Federal Government,20774
2020-21,1995,Camas Valley SD 21J,201,Federal Sources,4500,Restricted Revenue From Federal Government Through the State,321154.39
2020-21,1996,North Douglas SD 22,100,General Fund,1500,Earnings on Investments,10015.35
2020-21,1996,North Douglas SD 22,100,General Fund,2101,County School Funds,3550.53
2020-21,1996,North Douglas SD 22,100,General Fund,2800,Revenue in Lieu of Taxes,980.28
2020-21,1996,North Douglas SD 22,100,General Fund,3101,State School Fund --General Support,2851616.7
2020-21,1996,North Douglas SD 22,100,General Fund,3102,State School Fund--School Lunch Match,-1513.1
2020-21,1996,North Douglas SD 22,100,General Fund,3103,Common School Fund,30315.06
2020-21,1996,North Douglas SD 22,299,Child Nutrition,4500,Restricted Revenue From Federal Government Through the State,147543.64
2020-21,1996,North Douglas SD 22,300,Debt Service Funds,1110,Ad valorem taxes levied by district,70793.84
2020-21,1996,North Douglas SD 22,300,Debt Service Funds,1500,Earnings on Investments,267.11
2020-21,1996,North Douglas SD 22,300,Debt Service Funds,5400,Resources - Beginning Fund Balance,8427.51
2020-21,1996,North Douglas SD 22,250,Non-Federal Sources,4500,Restricted Revenue From Federal Government Through the State,115333.99
2020-21,1996,North Douglas SD 22,250,Non-Federal Sources,5200,Interfund Transfers,25000
2020-21,1996,North Douglas SD 22,250,Non-Federal Sources,5400,Resources - Beginning Fund Balance,92408.09
2020-21,1996,North Douglas SD 22,251,Student Investment Account,3299,Other Restricted Grants-In-Aid,97888.01
2020-21,1996,North Douglas SD 22,252,Measure 98 - High School Success,3299,Other Restricted Grants-In-Aid,237315.55
2020-21,1996,North Douglas SD 22,299,Child Nutrition,1600,Food Service,105.5
2020-21,1996,North Douglas SD 22,200,Special Revenue Funds,1970,Services Provided Other Funds,329.89
2020-21,1996,North Douglas SD 22,200,Special Revenue Funds,3299,Other Restricted Grants-In-Aid,152606.05
2020-21,1996,North Douglas SD 22,201,Federal Sources,4300,Restricted Revenue Direct From the Federal Government,16474.18
2020-21,1996,North Douglas SD 22,201,Federal Sources,4500,Restricted Revenue From Federal Government Through the State,321066.84
2020-21,1996,North Douglas SD 22,201,Federal Sources,5400,Resources - Beginning Fund Balance,22.07
2020-21,1996,North Douglas SD 22,250,Non-Federal Sources,1500,Earnings on Investments,812.16
2020-21,1996,North Douglas SD 22,700,Trust and Agency Funds,5400,Resources - Beginning Fund Balance,859.45
2020-21,1996,North Douglas SD 22,100,General Fund,1110,Ad valorem taxes levied by district,1013202.63
2020-21,1996,North Douglas SD 22,100,General Fund,1980,Fees Charged to Grants,18309.8
2020-21,1996,North Douglas SD 22,100,General Fund,1990,Miscellaneous,39459.56
2020-21,1996,North Douglas SD 22,200,Special Revenue Funds,1700,Extra-Curricular Activities,49903.76
2020-21,1996,North Douglas SD 22,200,Special Revenue Funds,1920,Contributions and Donations From Private Sources,50000
2020-21,1996,North Douglas SD 22,200,Special Revenue Funds,5400,Resources - Beginning Fund Balance,935540.21
2020-21,1996,North Douglas SD 22,299,Child Nutrition,1500,Earnings on Investments,10.34
2020-21,1996,North Douglas SD 22,299,Child Nutrition,1990,Miscellaneous,632.75
2020-21,1996,North Douglas SD 22,299,Child Nutrition,3102,State School Fund--School Lunch Match,2696.7
2020-21,1996,North Douglas SD 22,299,Child Nutrition,4900,Revenue for/on Behalf of the District,8785.58
2020-21,1996,North Douglas SD 22,299,Child Nutrition,5400,Resources - Beginning Fund Balance,40393.78
2020-21,1996,North Douglas SD 22,100,General Fund,3299,Other Restricted Grants-In-Aid,15265.2
2020-21,1996,North Douglas SD 22,100,General Fund,4801,Federal Forest Fees,30973.18
2020-21,1996,North Douglas SD 22,100,General Fund,5400,Resources - Beginning Fund Balance,1018564.03
2020-21,1996,North Douglas SD 22,200,Special Revenue Funds,1311,Tuition from Individuals,3729.42
2020-21,1996,North Douglas SD 22,200,Special Revenue Funds,1500,Earnings on Investments,6265.97
2020-21,1996,North Douglas SD 22,200,Special Revenue Funds,1990,Miscellaneous,14300
2020-21,1997,Yoncalla SD 32,100,General Fund,1110,Ad valorem taxes levied by district,1041305.42
2020-21,1997,Yoncalla SD 32,100,General Fund,1500,Earnings on Investments,13690.56
2020-21,1997,Yoncalla SD 32,100,General Fund,1700,Extra-Curricular Activities,935
2020-21,1997,Yoncalla SD 32,100,General Fund,1990,Miscellaneous,84294.03
2020-21,1997,Yoncalla SD 32,100,General Fund,2101,County School Funds,2772.83
2020-21,1997,Yoncalla SD 32,100,General Fund,2102,General Education Service District Funds,40465
2020-21,1997,Yoncalla SD 32,250,Non-Federal Sources,3299,Other Restricted Grants-In-Aid,441634.04
2020-21,1997,Yoncalla SD 32,250,Non-Federal Sources,5200,Interfund Transfers,123944
2020-21,1997,Yoncalla SD 32,250,Non-Federal Sources,5400,Resources - Beginning Fund Balance,143805.3
2020-21,1997,Yoncalla SD 32,201,Federal Sources,5400,Resources - Beginning Fund Balance,15696.29
2020-21,1997,Yoncalla SD 32,700,Trust and Agency Funds,1500,Earnings on Investments,69.33
2020-21,1997,Yoncalla SD 32,700,Trust and Agency Funds,1920,Contributions and Donations From Private Sources,4925
2020-21,1997,Yoncalla SD 32,700,Trust and Agency Funds,5400,Resources - Beginning Fund Balance,16651.76
2020-21,1997,Yoncalla SD 32,201,Federal Sources,4500,Restricted Revenue From Federal Government Through the State,526667.44
2020-21,1997,Yoncalla SD 32,250,Non-Federal Sources,1500,Earnings on Investments,2304.8
2020-21,1997,Yoncalla SD 32,250,Non-Federal Sources,1700,Extra-Curricular Activities,7845.18
2020-21,1997,Yoncalla SD 32,250,Non-Federal Sources,1920,Contributions and Donations From Private Sources,50000
2020-21,1997,Yoncalla SD 32,250,Non-Federal Sources,1970,Services Provided Other Funds,17751.87
2020-21,1997,Yoncalla SD 32,250,Non-Federal Sources,4500,Restricted Revenue From Federal Government Through the State,28190.17
2020-21,1997,Yoncalla SD 32,201,Federal Sources,3299,Other Restricted Grants-In-Aid,26395.41
2020-21,1997,Yoncalla SD 32,201,Federal Sources,4300,Restricted Revenue Direct From the Federal Government,11955.5
2020-21,1997,Yoncalla SD 32,299,Child Nutrition,3102,State School Fund--School Lunch Match,882.28
2020-21,1997,Yoncalla SD 32,299,Child Nutrition,3299,Other Restricted Grants-In-Aid,5000
2020-21,1997,Yoncalla SD 32,299,Child Nutrition,4500,Restricted Revenue From Federal Government Through the State,296266
2020-21,1997,Yoncalla SD 32,299,Child Nutrition,4900,Revenue for/on Behalf of the District,7816.82
2020-21,1997,Yoncalla SD 32,299,Child Nutrition,5400,Resources - Beginning Fund Balance,1750.56
2020-21,1997,Yoncalla SD 32,252,Measure 98 - High School Success,3299,Other Restricted Grants-In-Aid,122624.43
2020-21,1997,Yoncalla SD 32,100,General Fund,2199,Other Intermediate Sources,937.16
2020-21,1997,Yoncalla SD 32,100,General Fund,3101,State School Fund --General Support,3032231.8
2020-21,1997,Yoncalla SD 32,100,General Fund,3103,Common School Fund,22947.08
2020-21,1997,Yoncalla SD 32,100,General Fund,4801,Federal Forest Fees,24188.9
2020-21,1997,Yoncalla SD 32,100,General Fund,5400,Resources - Beginning Fund Balance,1314265.74
2020-21,1997,Yoncalla SD 32,251,Student Investment Account,3299,Other Restricted Grants-In-Aid,97747.98
2020-21,1998,Elkton SD 34,100,General Fund,1110,Ad valorem taxes levied by district,840113.08
2020-21,1998,Elkton SD 34,100,General Fund,1500,Earnings on Investments,16381.13
2020-21,1998,Elkton SD 34,100,General Fund,1700,Extra-Curricular Activities,15
2020-21,1998,Elkton SD 34,100,General Fund,1940,Services Provided Other Local Education Agencies,37289
2020-21,1998,Elkton SD 34,100,General Fund,1990,Miscellaneous,50220.53
2020-21,1998,Elkton SD 34,100,General Fund,2101,County School Funds,2562.6
2020-21,1998,Elkton SD 34,400,Capital Projects Funds,5200,Interfund Transfers,20000
2020-21,1998,Elkton SD 34,400,Capital Projects Funds,5400,Resources - Beginning Fund Balance,4040823.48
2020-21,1998,Elkton SD 34,700,Trust and Agency Funds,1500,Earnings on Investments,519.34
2020-21,1998,Elkton SD 34,700,Trust and Agency Funds,1920,Contributions and Donations From Private Sources,500
2020-21,1998,Elkton SD 34,700,Trust and Agency Funds,5400,Resources - Beginning Fund Balance,45241.16
2020-21,1998,Elkton SD 34,299,Child Nutrition,5400,Resources - Beginning Fund Balance,36.24
2020-21,1998,Elkton SD 34,300,Debt Service Funds,1110,Ad valorem taxes levied by district,187289.89
2020-21,1998,Elkton SD 34,300,Debt Service Funds,1500,Earnings on Investments,1086.68
2020-21,1998,Elkton SD 34,300,Debt Service Funds,5400,Resources - Beginning Fund Balance,45581.93
2020-21,1998,Elkton SD 34,400,Capital Projects Funds,1500,Earnings on Investments,30122.56
2020-21,1998,Elkton SD 34,400,Capital Projects Funds,3299,Other Restricted Grants-In-Aid,275000
2020-21,1998,Elkton SD 34,299,Child Nutrition,1600,Food Service,654.25
2020-21,1998,Elkton SD 34,299,Child Nutrition,3102,State School Fund--School Lunch Match,1077.88
2020-21,1998,Elkton SD 34,299,Child Nutrition,3299,Other Restricted Grants-In-Aid,1618.93
2020-21,1998,Elkton SD 34,299,Child Nutrition,4500,Restricted Revenue From Federal Government Through the State,89288.57
2020-21,1998,Elkton SD 34,299,Child Nutrition,4900,Revenue for/on Behalf of the District,7118.94
2020-21,1998,Elkton SD 34,299,Child Nutrition,5200,Interfund Transfers,25000
2020-21,1998,Elkton SD 34,250,Non-Federal Sources,4500,Restricted Revenue From Federal Government Through the State,134034.39
2020-21,1998,Elkton SD 34,250,Non-Federal Sources,5200,Interfund Transfers,5000
2020-21,1998,Elkton SD 34,250,Non-Federal Sources,5400,Resources - Beginning Fund Balance,935178.82
2020-21,1998,Elkton SD 34,251,Student Investment Account,3299,Other Restricted Grants-In-Aid,87933.98
2020-21,1998,Elkton SD 34,251,Student Investment Account,5400,Resources - Beginning Fund Balance,3841.21
2020-21,1998,Elkton SD 34,252,Measure 98 - High School Success,3299,Other Restricted Grants-In-Aid,61289.2
2020-21,1998,Elkton SD 34,201,Federal Sources,4500,Restricted Revenue From Federal Government Through the State,226722.02
2020-21,1998,Elkton SD 34,250,Non-Federal Sources,1500,Earnings on Investments,4154.63
2020-21,1998,Elkton SD 34,250,Non-Federal Sources,1700,Extra-Curricular Activities,24267.71
2020-21,1998,Elkton SD 34,250,Non-Federal Sources,1920,Contributions and Donations From Private Sources,58515.86
2020-21,1998,Elkton SD 34,250,Non-Federal Sources,2110,Intermediate 'I' Tax,9233.42
2020-21,1998,Elkton SD 34,250,Non-Federal Sources,3299,Other Restricted Grants-In-Aid,134834.54
2020-21,1998,Elkton SD 34,100,General Fund,3101,State School Fund --General Support,2742267.85
2020-21,1998,Elkton SD 34,100,General Fund,3103,Common School Fund,20988.22
2020-21,1998,Elkton SD 34,100,General Fund,3299,Other Restricted Grants-In-Aid,23652
2020-21,1998,Elkton SD 34,100,General Fund,4500,Restricted Revenue From Federal Government Through the State,10633.81
2020-21,1998,Elkton SD 34,100,General Fund,4801,Federal Forest Fees,22354.91
2020-21,1998,Elkton SD 34,100,General Fund,5400,Resources - Beginning Fund Balance,1776975.04
2020-21,1999,Riddle SD 70,201,Federal Sources,4500,Restricted Revenue From Federal Government Through the State,447929.12
2020-21,1999,Riddle SD 70,250,Non-Federal Sources,5400,Resources - Beginning Fund Balance,221350.07
2020-21,1999,Riddle SD 70,100,General Fund,1110,Ad valorem taxes levied by district,1212503.77
2020-21,1999,Riddle SD 70,100,General Fund,1500,Earnings on Investments,11699.06
2020-21,1999,Riddle SD 70,100,General Fund,1990,Miscellaneous,56933.14
2020-21,1999,Riddle SD 70,100,General Fund,2101,County School Funds,4129.9
2020-21,1999,Riddle SD 70,600,Internal Service Funds,5400,Resources - Beginning Fund Balance,114702.27
2020-21,1999,Riddle SD 70,700,Trust and Agency Funds,1920,Contributions and Donations From Private Sources,1840
2020-21,1999,Riddle SD 70,700,Trust and Agency Funds,5400,Resources - Beginning Fund Balance,31991.66
2020-21,1999,Riddle SD 70,400,Capital Projects Funds,1500,Earnings on Investments,1263.57
2020-21,1999,Riddle SD 70,400,Capital Projects Funds,1990,Miscellaneous,8577.02
2020-21,1999,Riddle SD 70,400,Capital Projects Funds,3299,Other Restricted Grants-In-Aid,263409.5
2020-21,1999,Riddle SD 70,400,Capital Projects Funds,5400,Resources - Beginning Fund Balance,52419.94
2020-21,1999,Riddle SD 70,600,Internal Service Funds,1500,Earnings on Investments,252.05
2020-21,1999,Riddle SD 70,600,Internal Service Funds,1970,Services Provided Other Funds,114352.02
2020-21,1999,Riddle SD 70,251,Student Investment Account,3299,Other Restricted Grants-In-Aid,119316.96
2020-21,1999,Riddle SD 70,250,Non-Federal Sources,1500,Earnings on Investments,44.62
2020-21,1999,Riddle SD 70,250,Non-Federal Sources,1700,Extra-Curricular Activities,10206.92
2020-21,1999,Riddle SD 70,250,Non-Federal Sources,1990,Miscellaneous,6888.5
2020-21,1999,Riddle SD 70,250,Non-Federal Sources,3299,Other Restricted Grants-In-Aid,16000
2020-21,1999,Riddle SD 70,252,Measure 98 - High School Success,3299,Other Restricted Grants-In-Aid,103641.01
2020-21,1999,Riddle SD 70,201,Federal Sources,1920,Contributions and Donations From Private Sources,12418.54
2020-21,1999,Riddle SD 70,201,Federal Sources,3299,Other Restricted Grants-In-Aid,6713.64
2020-21,1999,Riddle SD 70,299,Child Nutrition,1600,Food Service,749.45
2020-21,1999,Riddle SD 70,299,Child Nutrition,3102,State School Fund--School Lunch Match,1807.68
2020-21,1999,Riddle SD 70,299,Child Nutrition,5200,Interfund Transfers,50000
2020-21,1999,Riddle SD 70,299,Child Nutrition,5400,Resources - Beginning Fund Balance,6233.44
2020-21,1999,Riddle SD 70,100,General Fund,2102,General Education Service District Funds,45478
2020-21,1999,Riddle SD 70,100,General Fund,3101,State School Fund --General Support,3708718.15
2020-21,1999,Riddle SD 70,100,General Fund,3103,Common School Fund,37295.38
2020-21,1999,Riddle SD 70,100,General Fund,4801,Federal Forest Fees,36027.28
2020-21,1999,Riddle SD 70,100,General Fund,5300,Sale of or Compensation for Loss of Fixed Assets,500
2020-21,1999,Riddle SD 70,100,General Fund,5400,Resources - Beginning Fund Balance,816365.46
2020-21,2000,Glendale SD 77,100,General Fund,4801,Federal Forest Fees,27995.29
2020-21,2000,Glendale SD 77,100,General Fund,2199,Other Intermediate Sources,927.33
2020-21,2000,Glendale SD 77,100,General Fund,5300,Sale of or Compensation for Loss of Fixed Assets,7895
2020-21,2000,Glendale SD 77,201,Federal Sources,4300,Restricted Revenue Direct From the Federal Government,20775
2020-21,2000,Glendale SD 77,201,Federal Sources,4500,Restricted Revenue From Federal Government Through the State,491245.78
2020-21,2000,Glendale SD 77,201,Federal Sources,4700,Grants-In-Aid From Federal Government Through Other Intermed,5238.45
2020-21,2000,Glendale SD 77,300,Debt Service Funds,5400,Resources - Beginning Fund Balance,9595.98
2020-21,2000,Glendale SD 77,700,Trust and Agency Funds,1500,Earnings on Investments,366.23
2020-21,2000,Glendale SD 77,700,Trust and Agency Funds,5400,Resources - Beginning Fund Balance,51851.15
2020-21,2000,Glendale SD 77,100,General Fund,3103,Common School Fund,27268.39
2020-21,2000,Glendale SD 77,100,General Fund,3104,State Managed County Timber,57130.43
2020-21,2000,Glendale SD 77,100,General Fund,5400,Resources - Beginning Fund Balance,1261624.29
2020-21,2000,Glendale SD 77,300,Debt Service Funds,1110,Ad valorem taxes levied by district,97717.91
2020-21,2000,Glendale SD 77,300,Debt Service Funds,1990,Miscellaneous,8401.11
2020-21,2000,Glendale SD 77,300,Debt Service Funds,5200,Interfund Transfers,41100
2020-21,2000,Glendale SD 77,100,General Fund,1110,Ad valorem taxes levied by district,1005906.5
2020-21,2000,Glendale SD 77,100,General Fund,1500,Earnings on Investments,15800.34
2020-21,2000,Glendale SD 77,100,General Fund,1990,Miscellaneous,33878.53
2020-21,2000,Glendale SD 77,100,General Fund,2101,County School Funds,3209.17
2020-21,2000,Glendale SD 77,100,General Fund,2102,General Education Service District Funds,42690
2020-21,2000,Glendale SD 77,100,General Fund,3101,State School Fund --General Support,3038181.78
2020-21,2000,Glendale SD 77,400,Capital Projects Funds,1500,Earnings on Investments,14736.46
2020-21,2000,Glendale SD 77,400,Capital Projects Funds,5100,Long Term Debt Financing Sources,2251050.03
2020-21,2000,Glendale SD 77,700,Trust and Agency Funds,1990,Miscellaneous,1470.05
2020-21,2000,Glendale SD 77,700,Trust and Agency Funds,2199,Other Intermediate Sources,1127444.44
2020-21,2000,Glendale SD 77,250,Non-Federal Sources,1500,Earnings on Investments,7228.56
2020-21,2000,Glendale SD 77,250,Non-Federal Sources,5400,Resources - Beginning Fund Balance,1411414.13
2020-21,2000,Glendale SD 77,299,Child Nutrition,4500,Restricted Revenue From Federal Government Through the State,291686.29
2020-21,2000,Glendale SD 77,299,Child Nutrition,4900,Revenue for/on Behalf of the District,18315.95
2020-21,2000,Glendale SD 77,299,Child Nutrition,5400,Resources - Beginning Fund Balance,65847.98
2020-21,2000,Glendale SD 77,300,Debt Service Funds,1500,Earnings on Investments,32.01
2020-21,2000,Glendale SD 77,300,Debt Service Funds,2199,Other Intermediate Sources,91.4
2020-21,2000,Glendale SD 77,300,Debt Service Funds,4900,Revenue for/on Behalf of the District,8658
2020-21,2000,Glendale SD 77,250,Non-Federal Sources,5200,Interfund Transfers,308000
2020-21,2000,Glendale SD 77,252,Measure 98 - High School Success,3299,Other Restricted Grants-In-Aid,80819.54
2020-21,2000,Glendale SD 77,299,Child Nutrition,1600,Food Service,6.15
2020-21,2000,Glendale SD 77,299,Child Nutrition,1990,Miscellaneous,383.84
2020-21,2000,Glendale SD 77,299,Child Nutrition,3102,State School Fund--School Lunch Match,1574.55
2020-21,2000,Glendale SD 77,299,Child Nutrition,3299,Other Restricted Grants-In-Aid,1838.9
2020-21,2000,Glendale SD 77,201,Federal Sources,5400,Resources - Beginning Fund Balance,407.78
2020-21,2000,Glendale SD 77,250,Non-Federal Sources,1700,Extra-Curricular Activities,1620
2020-21,2000,Glendale SD 77,250,Non-Federal Sources,1920,Contributions and Donations From Private Sources,3225
2020-21,2000,Glendale SD 77,250,Non-Federal Sources,3199,Other Unrestricted Grants-In-Aid,2000
2020-21,2000,Glendale SD 77,250,Non-Federal Sources,3222,State School Fund (SSF) Transportation Equipment,33205.44
2020-21,2000,Glendale SD 77,250,Non-Federal Sources,3299,Other Restricted Grants-In-Aid,151687.03
2020-21,2001,Reedsport SD 105,400,Capital Projects Funds,5400,Resources - Beginning Fund Balance,268470.06
2020-21,2001,Reedsport SD 105,700,Trust and Agency Funds,1920,Contributions and Donations From Private Sources,7575
2020-21,2001,Reedsport SD 105,700,Trust and Agency Funds,1990,Miscellaneous,6287.82
2020-21,2001,Reedsport SD 105,700,Trust and Agency Funds,2199,Other Intermediate Sources,3386777.68
2020-21,2001,Reedsport SD 105,700,Trust and Agency Funds,5200,Interfund Transfers,258543.02
2020-21,2001,Reedsport SD 105,700,Trust and Agency Funds,5400,Resources - Beginning Fund Balance,179008.61
2020-21,2001,Reedsport SD 105,250,Non-Federal Sources,5400,Resources - Beginning Fund Balance,491039.1
2020-21,2001,Reedsport SD 105,300,Debt Service Funds,1110,Ad valorem taxes levied by district,669075.64
2020-21,2001,Reedsport SD 105,300,Debt Service Funds,1500,Earnings on Investments,1602.84
2020-21,2001,Reedsport SD 105,300,Debt Service Funds,1970,Services Provided Other Funds,367827.15
2020-21,2001,Reedsport SD 105,300,Debt Service Funds,5400,Resources - Beginning Fund Balance,684949.91
2020-21,2001,Reedsport SD 105,400,Capital Projects Funds,1500,Earnings on Investments,2093.18
2020-21,2001,Reedsport SD 105,201,Federal Sources,4500,Restricted Revenue From Federal Government Through the State,1078146
2020-21,2001,Reedsport SD 105,250,Non-Federal Sources,1500,Earnings on Investments,9.2
2020-21,2001,Reedsport SD 105,250,Non-Federal Sources,1700,Extra-Curricular Activities,6915
2020-21,2001,Reedsport SD 105,250,Non-Federal Sources,1920,Contributions and Donations From Private Sources,4000
2020-21,2001,Reedsport SD 105,250,Non-Federal Sources,1990,Miscellaneous,5687.46
2020-21,2001,Reedsport SD 105,250,Non-Federal Sources,3299,Other Restricted Grants-In-Aid,19730.47
2020-21,2001,Reedsport SD 105,299,Child Nutrition,3299,Other Restricted Grants-In-Aid,20286.47
2020-21,2001,Reedsport SD 105,299,Child Nutrition,4500,Restricted Revenue From Federal Government Through the State,439510.23
2020-21,2001,Reedsport SD 105,299,Child Nutrition,4900,Revenue for/on Behalf of the District,26152.71
2020-21,2001,Reedsport SD 105,299,Child Nutrition,5400,Resources - Beginning Fund Balance,450739.58
2020-21,2001,Reedsport SD 105,201,Federal Sources,1990,Miscellaneous,15422
2020-21,2001,Reedsport SD 105,201,Federal Sources,3299,Other Restricted Grants-In-Aid,21242.39
2020-21,2001,Reedsport SD 105,100,General Fund,4801,Federal Forest Fees,56475.03
2020-21,2001,Reedsport SD 105,100,General Fund,5400,Resources - Beginning Fund Balance,985376.81
2020-21,2001,Reedsport SD 105,252,Measure 98 - High School Success,3299,Other Restricted Grants-In-Aid,282821.08
2020-21,2001,Reedsport SD 105,251,Student Investment Account,3299,Other Restricted Grants-In-Aid,116323.69
2020-21,2001,Reedsport SD 105,299,Child Nutrition,1990,Miscellaneous,53.4
2020-21,2001,Reedsport SD 105,299,Child Nutrition,3102,State School Fund--School Lunch Match,3026.45
2020-21,2001,Reedsport SD 105,100,General Fund,1940,Services Provided Other Local Education Agencies,1107416.38
2020-21,2001,Reedsport SD 105,100,General Fund,1990,Miscellaneous,53329.91
2020-21,2001,Reedsport SD 105,100,General Fund,2101,County School Funds,6473.87
2020-21,2001,Reedsport SD 105,100,General Fund,3101,State School Fund --General Support,5237471.49
2020-21,2001,Reedsport SD 105,100,General Fund,3103,Common School Fund,57611.77
2020-21,2001,Reedsport SD 105,100,General Fund,3299,Other Restricted Grants-In-Aid,1830
2020-21,2001,Reedsport SD 105,100,General Fund,1110,Ad valorem taxes levied by district,2200537.58
2020-21,2001,Reedsport SD 105,100,General Fund,1500,Earnings on Investments,20989.15
2020-21,2001,Reedsport SD 105,100,General Fund,1700,Extra-Curricular Activities,-80
2020-21,2001,Reedsport SD 105,100,General Fund,1910,Rentals,1975
2020-21,2001,Reedsport SD 105,100,General Fund,1920,Contributions and Donations From Private Sources,195
2020-21,2002,Winston-Dillard SD 116,100,General Fund,1190,Penalties and interest on taxes,1009.7
2020-21,2002,Winston-Dillard SD 116,100,General Fund,1960,Recovery of Prior Years' Expenditure,43412
2020-21,2002,Winston-Dillard SD 116,100,General Fund,1990,Miscellaneous,69050.69
2020-21,2002,Winston-Dillard SD 116,100,General Fund,2101,County School Funds,14370.77
2020-21,2002,Winston-Dillard SD 116,100,General Fund,2199,Other Intermediate Sources,3836.86
2020-21,2002,Winston-Dillard SD 116,100,General Fund,2200,Restricted Revenue,107786
2020-21,2002,Winston-Dillard SD 116,250,Non-Federal Sources,1700,Extra-Curricular Activities,58575.05
2020-21,2002,Winston-Dillard SD 116,299,Child Nutrition,1500,Earnings on Investments,1.22
2020-21,2002,Winston-Dillard SD 116,300,Debt Service Funds,1110,Ad valorem taxes levied by district,934147.68
2020-21,2002,Winston-Dillard SD 116,300,Debt Service Funds,1500,Earnings on Investments,65.01
2020-21,2002,Winston-Dillard SD 116,400,Capital Projects Funds,5400,Resources - Beginning Fund Balance,18003105.81
2020-21,2002,Winston-Dillard SD 116,100,General Fund,1110,Ad valorem taxes levied by district,3330087.51
2020-21,2002,Winston-Dillard SD 116,100,General Fund,1500,Earnings on Investments,192201.95
2020-21,2002,Winston-Dillard SD 116,100,General Fund,1700,Extra-Curricular Activities,3505.41
2020-21,2002,Winston-Dillard SD 116,250,Non-Federal Sources,1500,Earnings on Investments,44.33
2020-21,2002,Winston-Dillard SD 116,250,Non-Federal Sources,1600,Food Service,1405.6
2020-21,2002,Winston-Dillard SD 116,299,Child Nutrition,5400,Resources - Beginning Fund Balance,122993.43
2020-21,2002,Winston-Dillard SD 116,300,Debt Service Funds,1970,Services Provided Other Funds,1362385.3
2020-21,2002,Winston-Dillard SD 116,300,Debt Service Funds,4900,Revenue for/on Behalf of the District,23047.58
2020-21,2002,Winston-Dillard SD 116,300,Debt Service Funds,5400,Resources - Beginning Fund Balance,2137369.68
2020-21,2002,Winston-Dillard SD 116,400,Capital Projects Funds,1930,Rental or Lease Payments from Private Contractors,53080
2020-21,2002,Winston-Dillard SD 116,400,Capital Projects Funds,5200,Interfund Transfers,5340000
2020-21,2002,Winston-Dillard SD 116,251,Student Investment Account,3299,Other Restricted Grants-In-Aid,360127.69
2020-21,2002,Winston-Dillard SD 116,252,Measure 98 - High School Success,3299,Other Restricted Grants-In-Aid,207767.91
2020-21,2002,Winston-Dillard SD 116,299,Child Nutrition,3102,State School Fund--School Lunch Match,4921.8
2020-21,2002,Winston-Dillard SD 116,299,Child Nutrition,3299,Other Restricted Grants-In-Aid,24808.88
2020-21,2002,Winston-Dillard SD 116,299,Child Nutrition,4500,Restricted Revenue From Federal Government Through the State,623959.22
2020-21,2002,Winston-Dillard SD 116,299,Child Nutrition,4900,Revenue for/on Behalf of the District,28605.7
2020-21,2002,Winston-Dillard SD 116,201,Federal Sources,5400,Resources - Beginning Fund Balance,148220.24
2020-21,2002,Winston-Dillard SD 116,250,Non-Federal Sources,1920,Contributions and Donations From Private Sources,15871.99
2020-21,2002,Winston-Dillard SD 116,250,Non-Federal Sources,1990,Miscellaneous,27155.47
2020-21,2002,Winston-Dillard SD 116,250,Non-Federal Sources,2200,Restricted Revenue,2683.96
2020-21,2002,Winston-Dillard SD 116,250,Non-Federal Sources,3299,Other Restricted Grants-In-Aid,4196184.34
2020-21,2002,Winston-Dillard SD 116,250,Non-Federal Sources,5400,Resources - Beginning Fund Balance,160465.92
2020-21,2002,Winston-Dillard SD 116,100,General Fund,3101,State School Fund --General Support,11197857.51
2020-21,2002,Winston-Dillard SD 116,100,General Fund,3103,Common School Fund,131073.32
2020-21,2002,Winston-Dillard SD 116,100,General Fund,4801,Federal Forest Fees,125363.85
2020-21,2002,Winston-Dillard SD 116,100,General Fund,5300,Sale of or Compensation for Loss of Fixed Assets,24781.75
2020-21,2002,Winston-Dillard SD 116,100,General Fund,5400,Resources - Beginning Fund Balance,5111350.23
2020-21,2002,Winston-Dillard SD 116,201,Federal Sources,4500,Restricted Revenue From Federal Government Through the State,1570132.96
2020-21,2003,Sutherlin SD 130,100,General Fund,1110,Ad valorem taxes levied by district,3131550
2020-21,2003,Sutherlin SD 130,100,General Fund,1190,Penalties and interest on taxes,17763
2020-21,2003,Sutherlin SD 130,100,General Fund,1500,Earnings on Investments,47262
2020-21,2003,Sutherlin SD 130,100,General Fund,1990,Miscellaneous,46258
2020-21,2003,Sutherlin SD 130,100,General Fund,2101,County School Funds,15102
2020-21,2003,Sutherlin SD 130,100,General Fund,2102,General Education Service District Funds,113379
2020-21,2003,Sutherlin SD 130,299,Child Nutrition,3299,Other Restricted Grants-In-Aid,11876
2020-21,2003,Sutherlin SD 130,299,Child Nutrition,4500,Restricted Revenue From Federal Government Through the State,437364
2020-21,2003,Sutherlin SD 130,299,Child Nutrition,5400,Resources - Beginning Fund Balance,78760
2020-21,2003,Sutherlin SD 130,299,Child Nutrition,1600,Food Service,401
2020-21,2003,Sutherlin SD 130,299,Child Nutrition,3102,State School Fund--School Lunch Match,5943
2020-21,2003,Sutherlin SD 130,299,Child Nutrition,4900,Revenue for/on Behalf of the District,48946
2020-21,2003,Sutherlin SD 130,250,Non-Federal Sources,3299,Other Restricted Grants-In-Aid,348427
2020-21,2003,Sutherlin SD 130,250,Non-Federal Sources,5400,Resources - Beginning Fund Balance,341195
2020-21,2003,Sutherlin SD 130,250,Non-Federal Sources,5200,Interfund Transfers,310000
2020-21,2003,Sutherlin SD 130,250,Non-Federal Sources,1700,Extra-Curricular Activities,125494
2020-21,2003,Sutherlin SD 130,251,Student Investment Account,3101,State School Fund --General Support,354525
2020-21,2003,Sutherlin SD 130,252,Measure 98 - High School Success,3299,Other Restricted Grants-In-Aid,450183
2020-21,2003,Sutherlin SD 130,400,Capital Projects Funds,3199,Other Unrestricted Grants-In-Aid,30195
2020-21,2003,Sutherlin SD 130,400,Capital Projects Funds,5200,Interfund Transfers,225000
2020-21,2003,Sutherlin SD 130,400,Capital Projects Funds,5400,Resources - Beginning Fund Balance,25749
2020-21,2003,Sutherlin SD 130,201,Federal Sources,4500,Restricted Revenue From Federal Government Through the State,1239593
2020-21,2003,Sutherlin SD 130,201,Federal Sources,4700,Grants-In-Aid From Federal Government Through Other Intermed,15981
2020-21,2003,Sutherlin SD 130,250,Non-Federal Sources,1920,Contributions and Donations From Private Sources,3488
2020-21,2003,Sutherlin SD 130,300,Debt Service Funds,1110,Ad valorem taxes levied by district,11416
2020-21,2003,Sutherlin SD 130,300,Debt Service Funds,1190,Penalties and interest on taxes,1568
2020-21,2003,Sutherlin SD 130,300,Debt Service Funds,1500,Earnings on Investments,64
2020-21,2003,Sutherlin SD 130,300,Debt Service Funds,1970,Services Provided Other Funds,1710716
2020-21,2003,Sutherlin SD 130,300,Debt Service Funds,5200,Interfund Transfers,37500
2020-21,2003,Sutherlin SD 130,300,Debt Service Funds,5400,Resources - Beginning Fund Balance,3096049
2020-21,2003,Sutherlin SD 130,100,General Fund,2199,Other Intermediate Sources,2849
2020-21,2003,Sutherlin SD 130,100,General Fund,3101,State School Fund --General Support,11323203
2020-21,2003,Sutherlin SD 130,100,General Fund,3103,Common School Fund,131708
2020-21,2003,Sutherlin SD 130,100,General Fund,4201,Foster Transportation,3693
2020-21,2003,Sutherlin SD 130,100,General Fund,4801,Federal Forest Fees,131742
2020-21,2003,Sutherlin SD 130,100,General Fund,5400,Resources - Beginning Fund Balance,3664587
2020-21,2004,North Central ESD,100,General Fund,1110,Ad valorem taxes levied by district,3190317.78
2020-21,2004,North Central ESD,100,General Fund,1190,Penalties and interest on taxes,12973.19
2020-21,2004,North Central ESD,100,General Fund,1500,Earnings on Investments,10750.25
2020-21,2004,North Central ESD,100,General Fund,1910,Rentals,60952.7
2020-21,2004,North Central ESD,100,General Fund,1940,Services Provided Other Local Education Agencies,116429.06
2020-21,2004,North Central ESD,100,General Fund,1980,Fees Charged to Grants,15806.36
2020-21,2004,North Central ESD,300,Debt Service Funds,5200,Interfund Transfers,39451
2020-21,2004,North Central ESD,300,Debt Service Funds,5400,Resources - Beginning Fund Balance,39487.52
2020-21,2004,North Central ESD,600,Internal Service Funds,5400,Resources - Beginning Fund Balance,150986.83
2020-21,2004,North Central ESD,250,Non-Federal Sources,1990,Miscellaneous,3734.38
2020-21,2004,North Central ESD,250,Non-Federal Sources,3299,Other Restricted Grants-In-Aid,422350.27
2020-21,2004,North Central ESD,100,General Fund,1990,Miscellaneous,16068.66
2020-21,2004,North Central ESD,100,General Fund,2199,Other Intermediate Sources,173533.05
2020-21,2004,North Central ESD,100,General Fund,5400,Resources - Beginning Fund Balance,789767.36
2020-21,2004,North Central ESD,201,Federal Sources,4500,Restricted Revenue From Federal Government Through the State,30000
2020-21,2004,North Central ESD,251,Student Investment Account,3299,Other Restricted Grants-In-Aid,51311.9
2020-21,2004,North Central ESD,250,Non-Federal Sources,1940,Services Provided Other Local Education Agencies,409007.02
2020-21,2005,Arlington SD 3,250,Non-Federal Sources,1320,Adult/Continuing Education Tuition,955
2020-21,2005,Arlington SD 3,700,Trust and Agency Funds,1500,Earnings on Investments,7122.48
2020-21,2005,Arlington SD 3,700,Trust and Agency Funds,5400,Resources - Beginning Fund Balance,28870.99
2020-21,2005,Arlington SD 3,100,General Fund,4700,Grants-In-Aid From Federal Government Through Other Intermed,10000
2020-21,2005,Arlington SD 3,100,General Fund,5400,Resources - Beginning Fund Balance,2158665.57
2020-21,2005,Arlington SD 3,201,Federal Sources,4300,Restricted Revenue Direct From the Federal Government,14936
2020-21,2005,Arlington SD 3,201,Federal Sources,4500,Restricted Revenue From Federal Government Through the State,63724.74
2020-21,2005,Arlington SD 3,201,Federal Sources,5400,Resources - Beginning Fund Balance,534.99
2020-21,2005,Arlington SD 3,250,Non-Federal Sources,1200,Revenue From Local Governmental Units Other Than Districts,10000
2020-21,2005,Arlington SD 3,100,General Fund,2103,Excess ESD Local Revenue,162758.46
2020-21,2005,Arlington SD 3,100,General Fund,2199,Other Intermediate Sources,15248.9
2020-21,2005,Arlington SD 3,100,General Fund,3101,State School Fund --General Support,1130790.25
2020-21,2005,Arlington SD 3,100,General Fund,3103,Common School Fund,9694.22
2020-21,2005,Arlington SD 3,100,General Fund,3299,Other Restricted Grants-In-Aid,79604
2020-21,2005,Arlington SD 3,100,General Fund,4500,Restricted Revenue From Federal Government Through the State,163003.12
2020-21,2005,Arlington SD 3,100,General Fund,1110,Ad valorem taxes levied by district,2394476.54
2020-21,2005,Arlington SD 3,100,General Fund,1190,Penalties and interest on taxes,7680.08
2020-21,2005,Arlington SD 3,100,General Fund,1200,Revenue From Local Governmental Units Other Than Districts,579483.94
2020-21,2005,Arlington SD 3,100,General Fund,1500,Earnings on Investments,20799
2020-21,2005,Arlington SD 3,100,General Fund,1920,Contributions and Donations From Private Sources,15320
2020-21,2005,Arlington SD 3,100,General Fund,1990,Miscellaneous,59278.99
2020-21,2005,Arlington SD 3,299,Child Nutrition,3102,State School Fund--School Lunch Match,859.49
2020-21,2005,Arlington SD 3,299,Child Nutrition,4500,Restricted Revenue From Federal Government Through the State,120748.48
2020-21,2005,Arlington SD 3,299,Child Nutrition,5200,Interfund Transfers,150000
2020-21,2005,Arlington SD 3,299,Child Nutrition,5400,Resources - Beginning Fund Balance,19284.11
2020-21,2005,Arlington SD 3,251,Student Investment Account,3299,Other Restricted Grants-In-Aid,69457.33
2020-21,2005,Arlington SD 3,600,Internal Service Funds,5400,Resources - Beginning Fund Balance,14977.97
2020-21,2005,Arlington SD 3,250,Non-Federal Sources,1700,Extra-Curricular Activities,16539.98
2020-21,2005,Arlington SD 3,250,Non-Federal Sources,1920,Contributions and Donations From Private Sources,3743.26
2020-21,2005,Arlington SD 3,250,Non-Federal Sources,1990,Miscellaneous,2500
2020-21,2005,Arlington SD 3,250,Non-Federal Sources,3299,Other Restricted Grants-In-Aid,5981.26
2020-21,2005,Arlington SD 3,250,Non-Federal Sources,5400,Resources - Beginning Fund Balance,45293.81
2020-21,2005,Arlington SD 3,299,Child Nutrition,1600,Food Service,331.65
2020-21,2005,Arlington SD 3,250,Non-Federal Sources,1500,Earnings on Investments,12.49
2020-21,2006,Condon SD 25J,100,General Fund,1110,Ad valorem taxes levied by district,657459.19
2020-21,2006,Condon SD 25J,100,General Fund,1120,Local option ad valorem taxes levied by district,846.57
2020-21,2006,Condon SD 25J,100,General Fund,1500,Earnings on Investments,49270.33
2020-21,2006,Condon SD 25J,100,General Fund,1920,Contributions and Donations From Private Sources,1135
2020-21,2006,Condon SD 25J,100,General Fund,1990,Miscellaneous,17441
2020-21,2006,Condon SD 25J,100,General Fund,2103,Excess ESD Local Revenue,142012.3
2020-21,2006,Condon SD 25J,600,Internal Service Funds,5400,Resources - Beginning Fund Balance,1154288.67
2020-21,2006,Condon SD 25J,300,Debt Service Funds,1500,Earnings on Investments,810.55
2020-21,2006,Condon SD 25J,300,Debt Service Funds,5400,Resources - Beginning Fund Balance,30231.29
2020-21,2006,Condon SD 25J,400,Capital Projects Funds,1500,Earnings on Investments,26780.07
2020-21,2006,Condon SD 25J,400,Capital Projects Funds,5200,Interfund Transfers,500000
2020-21,2006,Condon SD 25J,400,Capital Projects Funds,5400,Resources - Beginning Fund Balance,5013840.17
2020-21,2006,Condon SD 25J,600,Internal Service Funds,5200,Interfund Transfers,2000
2020-21,2006,Condon SD 25J,200,Special Revenue Funds,3299,Other Restricted Grants-In-Aid,123132.91
2020-21,2006,Condon SD 25J,200,Special Revenue Funds,4300,Restricted Revenue Direct From the Federal Government,16637
2020-21,2006,Condon SD 25J,200,Special Revenue Funds,4500,Restricted Revenue From Federal Government Through the State,87432.15
2020-21,2006,Condon SD 25J,200,Special Revenue Funds,5200,Interfund Transfers,310000
2020-21,2006,Condon SD 25J,200,Special Revenue Funds,5400,Resources - Beginning Fund Balance,112002.64
2020-21,2006,Condon SD 25J,300,Debt Service Funds,1110,Ad valorem taxes levied by district,266271.29
2020-21,2006,Condon SD 25J,100,General Fund,4500,Restricted Revenue From Federal Government Through the State,101473.63
2020-21,2006,Condon SD 25J,100,General Fund,4900,Revenue for/on Behalf of the District,7244.33
2020-21,2006,Condon SD 25J,100,General Fund,5200,Interfund Transfers,58031.61
2020-21,2006,Condon SD 25J,100,General Fund,5400,Resources - Beginning Fund Balance,2734701.43
2020-21,2006,Condon SD 25J,200,Special Revenue Funds,1600,Food Service,14866.37
2020-21,2006,Condon SD 25J,200,Special Revenue Funds,1990,Miscellaneous,18941.87
2020-21,2006,Condon SD 25J,100,General Fund,2200,Restricted Revenue,457590.69
2020-21,2006,Condon SD 25J,100,General Fund,2800,Revenue in Lieu of Taxes,12895.29
2020-21,2006,Condon SD 25J,100,General Fund,3101,State School Fund --General Support,1859627.91
2020-21,2006,Condon SD 25J,100,General Fund,3103,Common School Fund,8513.01
2020-21,2006,Condon SD 25J,100,General Fund,3299,Other Restricted Grants-In-Aid,8669.57
2020-21,2006,Condon SD 25J,100,General Fund,4300,Restricted Revenue Direct From the Federal Government,128
2020-21,2007,Grant ESD,100,General Fund,1110,Ad valorem taxes levied by district,2250516.69
2020-21,2007,Grant ESD,100,General Fund,1500,Earnings on Investments,19611.32
2020-21,2007,Grant ESD,100,General Fund,1910,Rentals,900
2020-21,2007,Grant ESD,100,General Fund,1940,Services Provided Other Local Education Agencies,50900
2020-21,2007,Grant ESD,100,General Fund,1990,Miscellaneous,28775.48
2020-21,2007,Grant ESD,100,General Fund,5400,Resources - Beginning Fund Balance,1352096.45
2020-21,2007,Grant ESD,100,General Fund,4700,Grants-In-Aid From Federal Government Through Other Intermed,54300
2020-21,2007,Grant ESD,200,Special Revenue Funds,5400,Resources - Beginning Fund Balance,356244.89
2020-21,2007,Grant ESD,200,Special Revenue Funds,1940,Services Provided Other Local Education Agencies,383746.74
2020-21,2007,Grant ESD,200,Special Revenue Funds,1990,Miscellaneous,72722.44
2020-21,2007,Grant ESD,200,Special Revenue Funds,2199,Other Intermediate Sources,50250
2020-21,2007,Grant ESD,200,Special Revenue Funds,2200,Restricted Revenue,5500
2020-21,2007,Grant ESD,200,Special Revenue Funds,3299,Other Restricted Grants-In-Aid,79752.06
2020-21,2007,Grant ESD,200,Special Revenue Funds,4500,Restricted Revenue From Federal Government Through the State,30000
2020-21,2008,John Day SD 3,200,Special Revenue Funds,4500,Restricted Revenue From Federal Government Through the State,1087673.59
2020-21,2008,John Day SD 3,400,Capital Projects Funds,5200,Interfund Transfers,884692
2020-21,2008,John Day SD 3,100,General Fund,5400,Resources - Beginning Fund Balance,2547200.47
2020-21,2008,John Day SD 3,200,Special Revenue Funds,5400,Resources - Beginning Fund Balance,804589.6
2020-21,2008,John Day SD 3,300,Debt Service Funds,5400,Resources - Beginning Fund Balance,2049906.39
2020-21,2008,John Day SD 3,400,Capital Projects Funds,5400,Resources - Beginning Fund Balance,1642220.74
2020-21,2008,John Day SD 3,200,Special Revenue Funds,3299,Other Restricted Grants-In-Aid,188192
2020-21,2008,John Day SD 3,200,Special Revenue Funds,4900,Revenue for/on Behalf of the District,24840.3
2020-21,2008,John Day SD 3,200,Special Revenue Funds,5200,Interfund Transfers,252479.62
2020-21,2008,John Day SD 3,300,Debt Service Funds,1500,Earnings on Investments,999.9
2020-21,2008,John Day SD 3,300,Debt Service Funds,1970,Services Provided Other Funds,566081.11
2020-21,2008,John Day SD 3,300,Debt Service Funds,4300,Restricted Revenue Direct From the Federal Government,12925.25
2020-21,2008,John Day SD 3,300,Debt Service Funds,5200,Interfund Transfers,139564
2020-21,2008,John Day SD 3,100,General Fund,5300,Sale of or Compensation for Loss of Fixed Assets,5000
2020-21,2008,John Day SD 3,200,Special Revenue Funds,1600,Food Service,10397.65
2020-21,2008,John Day SD 3,200,Special Revenue Funds,1700,Extra-Curricular Activities,49570.99
2020-21,2008,John Day SD 3,200,Special Revenue Funds,1920,Contributions and Donations From Private Sources,10255.46
2020-21,2008,John Day SD 3,200,Special Revenue Funds,1990,Miscellaneous,15807.56
2020-21,2008,John Day SD 3,200,Special Revenue Funds,3222,State School Fund (SSF) Transportation Equipment,82029.2
2020-21,2008,John Day SD 3,100,General Fund,3101,State School Fund --General Support,5743649.88
2020-21,2008,John Day SD 3,100,General Fund,3103,Common School Fund,22126.23
2020-21,2008,John Day SD 3,100,General Fund,3199,Other Unrestricted Grants-In-Aid,57912.35
2020-21,2008,John Day SD 3,100,General Fund,3299,Other Restricted Grants-In-Aid,69202.08
2020-21,2008,John Day SD 3,100,General Fund,4500,Restricted Revenue From Federal Government Through the State,4519.87
2020-21,2008,John Day SD 3,100,General Fund,4801,Federal Forest Fees,362466.44
2020-21,2008,John Day SD 3,100,General Fund,1920,Contributions and Donations From Private Sources,14024.55
2020-21,2008,John Day SD 3,100,General Fund,1960,Recovery of Prior Years' Expenditure,83222.89
2020-21,2008,John Day SD 3,100,General Fund,1990,Miscellaneous,38391.57
2020-21,2008,John Day SD 3,100,General Fund,2102,General Education Service District Funds,305364
2020-21,2008,John Day SD 3,100,General Fund,2103,Excess ESD Local Revenue,409885.2
2020-21,2008,John Day SD 3,100,General Fund,2199,Other Intermediate Sources,208713.4
2020-21,2008,John Day SD 3,100,General Fund,1110,Ad valorem taxes levied by district,620521
2020-21,2008,John Day SD 3,100,General Fund,1500,Earnings on Investments,53477
2020-21,2009,Prairie City SD 4,100,General Fund,1110,Ad valorem taxes levied by district,144488.27
2020-21,2009,Prairie City SD 4,100,General Fund,1500,Earnings on Investments,12189.55
2020-21,2009,Prairie City SD 4,100,General Fund,1910,Rentals,250
2020-21,2009,Prairie City SD 4,100,General Fund,1990,Miscellaneous,31581.35
2020-21,2009,Prairie City SD 4,100,General Fund,2101,County School Funds,1510
2020-21,2009,Prairie City SD 4,100,General Fund,2102,General Education Service District Funds,36639
2020-21,2009,Prairie City SD 4,100,General Fund,4801,Federal Forest Fees,148595.08
2020-21,2009,Prairie City SD 4,200,Special Revenue Funds,5400,Resources - Beginning Fund Balance,55745.59
2020-21,2009,Prairie City SD 4,300,Debt Service Funds,1500,Earnings on Investments,25.8
2020-21,2009,Prairie City SD 4,300,Debt Service Funds,1970,Services Provided Other Funds,65277.9
2020-21,2009,Prairie City SD 4,300,Debt Service Funds,5400,Resources - Beginning Fund Balance,39240.07
2020-21,2009,Prairie City SD 4,100,General Fund,3299,Other Restricted Grants-In-Aid,517
2020-21,2009,Prairie City SD 4,100,General Fund,4700,Grants-In-Aid From Federal Government Through Other Intermed,65745.19
2020-21,2009,Prairie City SD 4,200,Special Revenue Funds,1990,Miscellaneous,55808.52
2020-21,2009,Prairie City SD 4,200,Special Revenue Funds,2110,Intermediate 'I' Tax,11750
2020-21,2009,Prairie City SD 4,200,Special Revenue Funds,3299,Other Restricted Grants-In-Aid,1205336.94
2020-21,2009,Prairie City SD 4,200,Special Revenue Funds,4500,Restricted Revenue From Federal Government Through the State,551998.75
2020-21,2009,Prairie City SD 4,200,Special Revenue Funds,4900,Revenue for/on Behalf of the District,3757.93
2020-21,2009,Prairie City SD 4,200,Special Revenue Funds,5200,Interfund Transfers,20686.06
2020-21,2009,Prairie City SD 4,100,General Fund,2103,Excess ESD Local Revenue,165636.42
2020-21,2009,Prairie City SD 4,100,General Fund,3101,State School Fund --General Support,2565329.68
2020-21,2009,Prairie City SD 4,100,General Fund,3103,Common School Fund,13052.26
2020-21,2009,Prairie City SD 4,100,General Fund,5400,Resources - Beginning Fund Balance,1525060.97
2020-21,2009,Prairie City SD 4,200,Special Revenue Funds,1500,Earnings on Investments,11.55
2020-21,2009,Prairie City SD 4,200,Special Revenue Funds,1600,Food Service,7351
2020-21,2010,Monument SD 8,100,General Fund,1110,Ad valorem taxes levied by district,90575.78
2020-21,2010,Monument SD 8,100,General Fund,1311,Tuition from Individuals,172.88
2020-21,2010,Monument SD 8,100,General Fund,1500,Earnings on Investments,18949
2020-21,2010,Monument SD 8,100,General Fund,1990,Miscellaneous,17689.76
2020-21,2010,Monument SD 8,100,General Fund,2101,County School Funds,520
2020-21,2010,Monument SD 8,100,General Fund,2103,Excess ESD Local Revenue,71724.21
2020-21,2010,Monument SD 8,200,Special Revenue Funds,5200,Interfund Transfers,37950.86
2020-21,2010,Monument SD 8,200,Special Revenue Funds,5400,Resources - Beginning Fund Balance,702849.27
2020-21,2010,Monument SD 8,300,Debt Service Funds,1970,Services Provided Other Funds,74016.49
2020-21,2010,Monument SD 8,300,Debt Service Funds,5400,Resources - Beginning Fund Balance,7001.79
2020-21,2010,Monument SD 8,100,General Fund,4700,Grants-In-Aid From Federal Government Through Other Intermed,18934.46
2020-21,2010,Monument SD 8,100,General Fund,4801,Federal Forest Fees,64344.94
2020-21,2010,Monument SD 8,200,Special Revenue Funds,1990,Miscellaneous,6500
2020-21,2010,Monument SD 8,200,Special Revenue Funds,2900,Revenue for/on Behalf of the District,9000
2020-21,2010,Monument SD 8,200,Special Revenue Funds,3299,Other Restricted Grants-In-Aid,939732.3
2020-21,2010,Monument SD 8,200,Special Revenue Funds,4300,Restricted Revenue Direct From the Federal Government,2191.19
2020-21,2010,Monument SD 8,200,Special Revenue Funds,4500,Restricted Revenue From Federal Government Through the State,192234.71
2020-21,2010,Monument SD 8,200,Special Revenue Funds,4900,Revenue for/on Behalf of the District,1703.11
2020-21,2010,Monument SD 8,100,General Fund,3101,State School Fund --General Support,1143008.59
2020-21,2010,Monument SD 8,100,General Fund,3103,Common School Fund,1881.24
2020-21,2010,Monument SD 8,100,General Fund,3299,Other Restricted Grants-In-Aid,148
2020-21,2010,Monument SD 8,100,General Fund,5400,Resources - Beginning Fund Balance,1555618.09
2020-21,2010,Monument SD 8,200,Special Revenue Funds,1600,Food Service,976.5
2020-21,2010,Monument SD 8,200,Special Revenue Funds,1700,Extra-Curricular Activities,12665.3
2020-21,2011,Dayville SD 16J,201,Federal Sources,5200,Interfund Transfers,25000
2020-21,2011,Dayville SD 16J,201,Federal Sources,5400,Resources - Beginning Fund Balance,2663.74
2020-21,2011,Dayville SD 16J,250,Non-Federal Sources,1500,Earnings on Investments,40.91
2020-21,2011,Dayville SD 16J,250,Non-Federal Sources,1700,Extra-Curricular Activities,6162.98
2020-21,2011,Dayville SD 16J,250,Non-Federal Sources,3299,Other Restricted Grants-In-Aid,3319.4
2020-21,2011,Dayville SD 16J,100,General Fund,4500,Restricted Revenue From Federal Government Through the State,103843.23
2020-21,2011,Dayville SD 16J,100,General Fund,3199,Other Unrestricted Grants-In-Aid,2320.3
2020-21,2011,Dayville SD 16J,100,General Fund,3299,Other Restricted Grants-In-Aid,2108.6
2020-21,2011,Dayville SD 16J,100,General Fund,4801,Federal Forest Fees,66645.91
2020-21,2011,Dayville SD 16J,100,General Fund,5400,Resources - Beginning Fund Balance,515574.65
2020-21,2011,Dayville SD 16J,201,Federal Sources,2199,Other Intermediate Sources,8750
2020-21,2011,Dayville SD 16J,201,Federal Sources,4500,Restricted Revenue From Federal Government Through the State,32694.32
2020-21,2011,Dayville SD 16J,100,General Fund,1990,Miscellaneous,3616.43
2020-21,2011,Dayville SD 16J,100,General Fund,2101,County School Funds,480
2020-21,2011,Dayville SD 16J,100,General Fund,2103,Excess ESD Local Revenue,66345.09
2020-21,2011,Dayville SD 16J,100,General Fund,2199,Other Intermediate Sources,22125.75
2020-21,2011,Dayville SD 16J,100,General Fund,3101,State School Fund --General Support,1076500.52
2020-21,2011,Dayville SD 16J,100,General Fund,3103,Common School Fund,3485.95
2020-21,2011,Dayville SD 16J,500,Enterprise Funds,5400,Resources - Beginning Fund Balance,3053.11
2020-21,2011,Dayville SD 16J,299,Child Nutrition,1600,Food Service,2438.5
2020-21,2011,Dayville SD 16J,500,Enterprise Funds,1910,Rentals,999.99
2020-21,2011,Dayville SD 16J,100,General Fund,1110,Ad valorem taxes levied by district,77473.98
2020-21,2011,Dayville SD 16J,100,General Fund,1500,Earnings on Investments,4700.1
2020-21,2011,Dayville SD 16J,100,General Fund,1800,Community Services Activities,10829.18
2020-21,2011,Dayville SD 16J,300,Debt Service Funds,5400,Resources - Beginning Fund Balance,6469.1
2020-21,2011,Dayville SD 16J,400,Capital Projects Funds,1500,Earnings on Investments,2396.78
2020-21,2011,Dayville SD 16J,400,Capital Projects Funds,3299,Other Restricted Grants-In-Aid,1840483.68
2020-21,2011,Dayville SD 16J,400,Capital Projects Funds,5200,Interfund Transfers,50000
2020-21,2011,Dayville SD 16J,400,Capital Projects Funds,5400,Resources - Beginning Fund Balance,789282.43
2020-21,2011,Dayville SD 16J,500,Enterprise Funds,5200,Interfund Transfers,2000
2020-21,2011,Dayville SD 16J,251,Student Investment Account,3299,Other Restricted Grants-In-Aid,26032.41
2020-21,2011,Dayville SD 16J,252,Measure 98 - High School Success,3299,Other Restricted Grants-In-Aid,16880.42
2020-21,2011,Dayville SD 16J,299,Child Nutrition,4500,Restricted Revenue From Federal Government Through the State,36139.36
2020-21,2011,Dayville SD 16J,299,Child Nutrition,5200,Interfund Transfers,44044.71
2020-21,2011,Dayville SD 16J,299,Child Nutrition,5400,Resources - Beginning Fund Balance,661.42
2020-21,2011,Dayville SD 16J,300,Debt Service Funds,1110,Ad valorem taxes levied by district,45673.3
2020-21,2011,Dayville SD 16J,250,Non-Federal Sources,5400,Resources - Beginning Fund Balance,32514.62
2020-21,2012,Long Creek SD 17,299,Child Nutrition,4900,Revenue for/on Behalf of the District,1548.71
2020-21,2012,Long Creek SD 17,299,Child Nutrition,5200,Interfund Transfers,117143.8
2020-21,2012,Long Creek SD 17,299,Child Nutrition,5400,Resources - Beginning Fund Balance,64579.62
2020-21,2012,Long Creek SD 17,251,Student Investment Account,3299,Other Restricted Grants-In-Aid,26923.58
2020-21,2012,Long Creek SD 17,252,Measure 98 - High School Success,3299,Other Restricted Grants-In-Aid,51151.54
2020-21,2012,Long Creek SD 17,252,Measure 98 - High School Success,5200,Interfund Transfers,25157.79
2020-21,2012,Long Creek SD 17,252,Measure 98 - High School Success,5400,Resources - Beginning Fund Balance,25276
2020-21,2012,Long Creek SD 17,299,Child Nutrition,1600,Food Service,111.1
2020-21,2012,Long Creek SD 17,299,Child Nutrition,4500,Restricted Revenue From Federal Government Through the State,39630.53
2020-21,2012,Long Creek SD 17,250,Non-Federal Sources,2199,Other Intermediate Sources,13649.25
2020-21,2012,Long Creek SD 17,250,Non-Federal Sources,2200,Restricted Revenue,10000
2020-21,2012,Long Creek SD 17,250,Non-Federal Sources,3299,Other Restricted Grants-In-Aid,116000
2020-21,2012,Long Creek SD 17,250,Non-Federal Sources,5200,Interfund Transfers,54093.84
2020-21,2012,Long Creek SD 17,250,Non-Federal Sources,5300,Sale of or Compensation for Loss of Fixed Assets,13506
2020-21,2012,Long Creek SD 17,250,Non-Federal Sources,5400,Resources - Beginning Fund Balance,72756.22
2020-21,2012,Long Creek SD 17,100,General Fund,5400,Resources - Beginning Fund Balance,605729
2020-21,2012,Long Creek SD 17,201,Federal Sources,4300,Restricted Revenue Direct From the Federal Government,8304
2020-21,2012,Long Creek SD 17,201,Federal Sources,4500,Restricted Revenue From Federal Government Through the State,202696.71
2020-21,2012,Long Creek SD 17,201,Federal Sources,5400,Resources - Beginning Fund Balance,15842.37
2020-21,2012,Long Creek SD 17,250,Non-Federal Sources,1700,Extra-Curricular Activities,2782.5
2020-21,2012,Long Creek SD 17,250,Non-Federal Sources,1910,Rentals,17980
2020-21,2012,Long Creek SD 17,100,General Fund,2103,Excess ESD Local Revenue,57814.4
2020-21,2012,Long Creek SD 17,100,General Fund,3101,State School Fund --General Support,987582
2020-21,2012,Long Creek SD 17,100,General Fund,3103,Common School Fund,2711.68
2020-21,2012,Long Creek SD 17,100,General Fund,3299,Other Restricted Grants-In-Aid,1600
2020-21,2012,Long Creek SD 17,100,General Fund,4801,Federal Forest Fees,55652.39
2020-21,2012,Long Creek SD 17,100,General Fund,5300,Sale of or Compensation for Loss of Fixed Assets,1500
2020-21,2012,Long Creek SD 17,100,General Fund,1110,Ad valorem taxes levied by district,81107.84
2020-21,2012,Long Creek SD 17,100,General Fund,1500,Earnings on Investments,6456.37
2020-21,2012,Long Creek SD 17,100,General Fund,1910,Rentals,17450
2020-21,2012,Long Creek SD 17,100,General Fund,1920,Contributions and Donations From Private Sources,2227
2020-21,2012,Long Creek SD 17,100,General Fund,1990,Miscellaneous,13770.59
2020-21,2012,Long Creek SD 17,100,General Fund,2101,County School Funds,420
2020-21,2013,Harney ESD Region XVII,200,Special Revenue Funds,1311,Tuition from Individuals,800
2020-21,2013,Harney ESD Region XVII,100,General Fund,5400,Resources - Beginning Fund Balance,866027.01
2020-21,2013,Harney ESD Region XVII,200,Special Revenue Funds,3299,Other Restricted Grants-In-Aid,1535871.9
2020-21,2013,Harney ESD Region XVII,200,Special Revenue Funds,4500,Restricted Revenue From Federal Government Through the State,132272.74
2020-21,2013,Harney ESD Region XVII,200,Special Revenue Funds,4300,Restricted Revenue Direct From the Federal Government,388854.8
2020-21,2013,Harney ESD Region XVII,200,Special Revenue Funds,5200,Interfund Transfers,0
2020-21,2013,Harney ESD Region XVII,200,Special Revenue Funds,5400,Resources - Beginning Fund Balance,1113357.83
2020-21,2013,Harney ESD Region XVII,400,Capital Projects Funds,1990,Miscellaneous,3775
2020-21,2013,Harney ESD Region XVII,400,Capital Projects Funds,5300,Sale of or Compensation for Loss of Fixed Assets,74485
2020-21,2013,Harney ESD Region XVII,400,Capital Projects Funds,5400,Resources - Beginning Fund Balance,348218.75
2020-21,2013,Harney ESD Region XVII,100,General Fund,5200,Interfund Transfers,147279.7
2020-21,2013,Harney ESD Region XVII,200,Special Revenue Funds,1800,Community Services Activities,16155.74
2020-21,2013,Harney ESD Region XVII,200,Special Revenue Funds,1940,Services Provided Other Local Education Agencies,590731.4
2020-21,2013,Harney ESD Region XVII,200,Special Revenue Funds,1990,Miscellaneous,116102.2
2020-21,2013,Harney ESD Region XVII,200,Special Revenue Funds,2199,Other Intermediate Sources,120499.98
2020-21,2013,Harney ESD Region XVII,200,Special Revenue Funds,3199,Other Unrestricted Grants-In-Aid,2498.11
2020-21,2013,Harney ESD Region XVII,100,General Fund,1940,Services Provided Other Local Education Agencies,77959.46
2020-21,2013,Harney ESD Region XVII,100,General Fund,1980,Fees Charged to Grants,92255.09
2020-21,2013,Harney ESD Region XVII,100,General Fund,1990,Miscellaneous,30200.65
2020-21,2013,Harney ESD Region XVII,100,General Fund,2199,Other Intermediate Sources,1096.72
2020-21,2013,Harney ESD Region XVII,100,General Fund,3101,State School Fund --General Support,968123
2020-21,2013,Harney ESD Region XVII,100,General Fund,4500,Restricted Revenue From Federal Government Through the State,6027.72
2020-21,2013,Harney ESD Region XVII,100,General Fund,1110,Ad valorem taxes levied by district,574656.26
2020-21,2013,Harney ESD Region XVII,100,General Fund,1500,Earnings on Investments,16571.48
2020-21,2013,Harney ESD Region XVII,100,General Fund,1910,Rentals,1500
2020-21,2014,Harney County SD 3,201,Federal Sources,4500,Restricted Revenue From Federal Government Through the State,947263.54
2020-21,2014,Harney County SD 3,250,Non-Federal Sources,1500,Earnings on Investments,245.97
2020-21,2014,Harney County SD 3,250,Non-Federal Sources,1700,Extra-Curricular Activities,119878.92
2020-21,2014,Harney County SD 3,250,Non-Federal Sources,1920,Contributions and Donations From Private Sources,3268.29
2020-21,2014,Harney County SD 3,250,Non-Federal Sources,1990,Miscellaneous,7973.18
2020-21,2014,Harney County SD 3,250,Non-Federal Sources,3299,Other Restricted Grants-In-Aid,560345.01
2020-21,2014,Harney County SD 3,300,Debt Service Funds,2199,Other Intermediate Sources,420.31
2020-21,2014,Harney County SD 3,300,Debt Service Funds,5400,Resources - Beginning Fund Balance,134306.06
2020-21,2014,Harney County SD 3,400,Capital Projects Funds,1920,Contributions and Donations From Private Sources,16280
2020-21,2014,Harney County SD 3,400,Capital Projects Funds,5200,Interfund Transfers,122464.74
2020-21,2014,Harney County SD 3,400,Capital Projects Funds,5400,Resources - Beginning Fund Balance,241616.19
2020-21,2014,Harney County SD 3,250,Non-Federal Sources,5400,Resources - Beginning Fund Balance,313867.35
2020-21,2014,Harney County SD 3,299,Child Nutrition,4500,Restricted Revenue From Federal Government Through the State,161344.44
2020-21,2014,Harney County SD 3,299,Child Nutrition,4900,Revenue for/on Behalf of the District,13597.68
2020-21,2014,Harney County SD 3,299,Child Nutrition,5200,Interfund Transfers,100288.02
2020-21,2014,Harney County SD 3,300,Debt Service Funds,1110,Ad valorem taxes levied by district,221706.13
2020-21,2014,Harney County SD 3,300,Debt Service Funds,1500,Earnings on Investments,94.62
2020-21,2014,Harney County SD 3,300,Debt Service Funds,1970,Services Provided Other Funds,1080384.9
2020-21,2014,Harney County SD 3,250,Non-Federal Sources,5200,Interfund Transfers,201347.24
2020-21,2014,Harney County SD 3,250,Non-Federal Sources,5300,Sale of or Compensation for Loss of Fixed Assets,1500
2020-21,2014,Harney County SD 3,251,Student Investment Account,3299,Other Restricted Grants-In-Aid,129442.45
2020-21,2014,Harney County SD 3,252,Measure 98 - High School Success,3299,Other Restricted Grants-In-Aid,174287.96
2020-21,2014,Harney County SD 3,299,Child Nutrition,1600,Food Service,7606.3
2020-21,2014,Harney County SD 3,299,Child Nutrition,3102,State School Fund--School Lunch Match,1376.25
2020-21,2014,Harney County SD 3,201,Federal Sources,3299,Other Restricted Grants-In-Aid,2857.11
2020-21,2014,Harney County SD 3,201,Federal Sources,4300,Restricted Revenue Direct From the Federal Government,11571.22
2020-21,2014,Harney County SD 3,201,Federal Sources,5400,Resources - Beginning Fund Balance,1314.47
2020-21,2014,Harney County SD 3,250,Non-Federal Sources,1970,Services Provided Other Funds,11529.8
2020-21,2014,Harney County SD 3,250,Non-Federal Sources,3222,State School Fund (SSF) Transportation Equipment,51813.24
2020-21,2014,Harney County SD 3,250,Non-Federal Sources,4500,Restricted Revenue From Federal Government Through the State,50252.63
2020-21,2014,Harney County SD 3,100,General Fund,4700,Grants-In-Aid From Federal Government Through Other Intermed,2584.97
2020-21,2014,Harney County SD 3,100,General Fund,4801,Federal Forest Fees,91341.08
2020-21,2014,Harney County SD 3,100,General Fund,5100,Long Term Debt Financing Sources,111107
2020-21,2014,Harney County SD 3,100,General Fund,5300,Sale of or Compensation for Loss of Fixed Assets,2450
2020-21,2014,Harney County SD 3,100,General Fund,5400,Resources - Beginning Fund Balance,2935177.41
2020-21,2014,Harney County SD 3,201,Federal Sources,1990,Miscellaneous,217.05
2020-21,2014,Harney County SD 3,100,General Fund,2101,County School Funds,6386.02
2020-21,2014,Harney County SD 3,100,General Fund,2102,General Education Service District Funds,409446.98
2020-21,2014,Harney County SD 3,100,General Fund,2199,Other Intermediate Sources,8348.05
2020-21,2014,Harney County SD 3,100,General Fund,3101,State School Fund --General Support,7349158.03
2020-21,2014,Harney County SD 3,100,General Fund,3103,Common School Fund,65385.5
2020-21,2014,Harney County SD 3,100,General Fund,3299,Other Restricted Grants-In-Aid,16912.04
2020-21,2014,Harney County SD 3,100,General Fund,1110,Ad valorem taxes levied by district,2012349.56
2020-21,2014,Harney County SD 3,100,General Fund,1500,Earnings on Investments,34845.51
2020-21,2014,Harney County SD 3,100,General Fund,1960,Recovery of Prior Years' Expenditure,39
2020-21,2014,Harney County SD 3,100,General Fund,1970,Services Provided Other Funds,415.15
2020-21,2014,Harney County SD 3,100,General Fund,1980,Fees Charged to Grants,57289.9
2020-21,2014,Harney County SD 3,100,General Fund,1990,Miscellaneous,79452.41
2020-21,2015,Harney County SD 4,100,General Fund,1110,Ad valorem taxes levied by district,234802.98
2020-21,2015,Harney County SD 4,100,General Fund,1500,Earnings on Investments,31229.51
2020-21,2015,Harney County SD 4,100,General Fund,1910,Rentals,0
2020-21,2015,Harney County SD 4,100,General Fund,1920,Contributions and Donations From Private Sources,6000
2020-21,2015,Harney County SD 4,100,General Fund,2199,Other Intermediate Sources,14743.21
2020-21,2015,Harney County SD 4,100,General Fund,2900,Revenue for/on Behalf of the District,57804.76
2020-21,2015,Harney County SD 4,700,Trust and Agency Funds,5400,Resources - Beginning Fund Balance,20302.63
2020-21,2015,Harney County SD 4,100,General Fund,1990,Miscellaneous,16664.52
2020-21,2015,Harney County SD 4,200,Special Revenue Funds,5200,Interfund Transfers,180000
2020-21,2015,Harney County SD 4,200,Special Revenue Funds,5400,Resources - Beginning Fund Balance,191453.73
2020-21,2015,Harney County SD 4,400,Capital Projects Funds,5200,Interfund Transfers,501400
2020-21,2015,Harney County SD 4,400,Capital Projects Funds,5400,Resources - Beginning Fund Balance,141247.85
2020-21,2015,Harney County SD 4,700,Trust and Agency Funds,1500,Earnings on Investments,10.99
2020-21,2015,Harney County SD 4,700,Trust and Agency Funds,1990,Miscellaneous,4066.72
2020-21,2015,Harney County SD 4,100,General Fund,5400,Resources - Beginning Fund Balance,2719699.58
2020-21,2015,Harney County SD 4,200,Special Revenue Funds,1910,Rentals,300
2020-21,2015,Harney County SD 4,200,Special Revenue Funds,3299,Other Restricted Grants-In-Aid,54332.4
2020-21,2015,Harney County SD 4,200,Special Revenue Funds,4300,Restricted Revenue Direct From the Federal Government,18561.14
2020-21,2015,Harney County SD 4,200,Special Revenue Funds,4500,Restricted Revenue From Federal Government Through the State,266217.02
2020-21,2015,Harney County SD 4,200,Special Revenue Funds,4900,Revenue for/on Behalf of the District,4044.55
2020-21,2015,Harney County SD 4,100,General Fund,3101,State School Fund --General Support,7634226.79
2020-21,2015,Harney County SD 4,100,General Fund,3103,Common School Fund,9781.18
2020-21,2015,Harney County SD 4,100,General Fund,3299,Other Restricted Grants-In-Aid,77214.5
2020-21,2015,Harney County SD 4,100,General Fund,4100,Unrestricted Revenue Direct From the Federal Government,10035.42
2020-21,2015,Harney County SD 4,100,General Fund,4801,Federal Forest Fees,79573.9
2020-21,2015,Harney County SD 4,100,General Fund,5200,Interfund Transfers,273000
2020-21,2016,Pine Creek SD 5,100,General Fund,1110,Ad valorem taxes levied by district,26246.3
2020-21,2016,Pine Creek SD 5,100,General Fund,1500,Earnings on Investments,6042.41
2020-21,2016,Pine Creek SD 5,100,General Fund,1990,Miscellaneous,3116.93
2020-21,2016,Pine Creek SD 5,100,General Fund,2199,Other Intermediate Sources,49.7
2020-21,2016,Pine Creek SD 5,100,General Fund,3101,State School Fund --General Support,250029.99
2020-21,2016,Pine Creek SD 5,100,General Fund,3103,Common School Fund,385.66
2020-21,2016,Pine Creek SD 5,100,General Fund,4801,Federal Forest Fees,2609.92
2020-21,2016,Pine Creek SD 5,100,General Fund,5400,Resources - Beginning Fund Balance,709069.18
2020-21,2016,Pine Creek SD 5,200,Special Revenue Funds,4300,Restricted Revenue Direct From the Federal Government,5299.53
2020-21,2016,Pine Creek SD 5,200,Special Revenue Funds,4500,Restricted Revenue From Federal Government Through the State,3192.37
2020-21,2016,Pine Creek SD 5,200,Special Revenue Funds,5400,Resources - Beginning Fund Balance,-1464.17
2020-21,2017,Diamond SD 7,100,General Fund,5400,Resources - Beginning Fund Balance,323589
2020-21,2017,Diamond SD 7,200,Special Revenue Funds,4500,Restricted Revenue From Federal Government Through the State,57748
2020-21,2017,Diamond SD 7,400,Capital Projects Funds,5400,Resources - Beginning Fund Balance,298985.25
2020-21,2017,Diamond SD 7,400,Capital Projects Funds,1500,Earnings on Investments,2420.18
2020-21,2017,Diamond SD 7,400,Capital Projects Funds,5200,Interfund Transfers,50000
2020-21,2017,Diamond SD 7,100,General Fund,3299,Other Restricted Grants-In-Aid,4079.78
2020-21,2017,Diamond SD 7,100,General Fund,4100,Unrestricted Revenue Direct From the Federal Government,2640.64
2020-21,2017,Diamond SD 7,100,General Fund,4500,Restricted Revenue From Federal Government Through the State,1377.45
2020-21,2017,Diamond SD 7,100,General Fund,4801,Federal Forest Fees,2545.75
2020-21,2017,Diamond SD 7,200,Special Revenue Funds,5400,Resources - Beginning Fund Balance,15000
2020-21,2017,Diamond SD 7,200,Special Revenue Funds,4300,Restricted Revenue Direct From the Federal Government,24010.21
2020-21,2017,Diamond SD 7,100,General Fund,1500,Earnings on Investments,2855.28
2020-21,2017,Diamond SD 7,100,General Fund,1990,Miscellaneous,20935
2020-21,2017,Diamond SD 7,100,General Fund,2199,Other Intermediate Sources,66.12
2020-21,2017,Diamond SD 7,100,General Fund,2800,Revenue in Lieu of Taxes,638.37
2020-21,2017,Diamond SD 7,100,General Fund,3101,State School Fund --General Support,206702
2020-21,2017,Diamond SD 7,100,General Fund,3103,Common School Fund,300.09
2020-21,2017,Diamond SD 7,100,General Fund,1110,Ad valorem taxes levied by district,34882.56
2020-21,2018,Suntex SD 10,100,General Fund,1110,Ad valorem taxes levied by district,50101.88
2020-21,2018,Suntex SD 10,100,General Fund,1500,Earnings on Investments,3895.77
2020-21,2018,Suntex SD 10,100,General Fund,1990,Miscellaneous,5572.27
2020-21,2018,Suntex SD 10,100,General Fund,2199,Other Intermediate Sources,98.41
2020-21,2018,Suntex SD 10,100,General Fund,3101,State School Fund --General Support,230490.72
2020-21,2018,Suntex SD 10,100,General Fund,3103,Common School Fund,308.94
2020-21,2018,Suntex SD 10,100,General Fund,3299,Other Restricted Grants-In-Aid,3180
2020-21,2018,Suntex SD 10,100,General Fund,4801,Federal Forest Fees,2574.37
2020-21,2018,Suntex SD 10,100,General Fund,5400,Resources - Beginning Fund Balance,445369.66
2020-21,2018,Suntex SD 10,200,Special Revenue Funds,4300,Restricted Revenue Direct From the Federal Government,21111.23
2020-21,2018,Suntex SD 10,200,Special Revenue Funds,4500,Restricted Revenue From Federal Government Through the State,12256.05
2020-21,2018,Suntex SD 10,200,Special Revenue Funds,5400,Resources - Beginning Fund Balance,-10271.95
2020-21,2019,Drewsey SD 13,100,General Fund,1110,Ad valorem taxes levied by district,43081.19
2020-21,2019,Drewsey SD 13,100,General Fund,1500,Earnings on Investments,4427.91
2020-21,2019,Drewsey SD 13,100,General Fund,1990,Miscellaneous,2831.94
2020-21,2019,Drewsey SD 13,100,General Fund,2199,Other Intermediate Sources,82.03
2020-21,2019,Drewsey SD 13,100,General Fund,3101,State School Fund --General Support,284196.61
2020-21,2019,Drewsey SD 13,100,General Fund,3103,Common School Fund,443.58
2020-21,2019,Drewsey SD 13,200,Special Revenue Funds,4500,Restricted Revenue From Federal Government Through the State,4710.88
2020-21,2019,Drewsey SD 13,200,Special Revenue Funds,5200,Interfund Transfers,67500
2020-21,2019,Drewsey SD 13,200,Special Revenue Funds,5400,Resources - Beginning Fund Balance,2716.91
2020-21,2019,Drewsey SD 13,400,Capital Projects Funds,1500,Earnings on Investments,1173.61
2020-21,2019,Drewsey SD 13,400,Capital Projects Funds,5200,Interfund Transfers,50000
2020-21,2019,Drewsey SD 13,400,Capital Projects Funds,5400,Resources - Beginning Fund Balance,138038.57
2020-21,2019,Drewsey SD 13,100,General Fund,4801,Federal Forest Fees,2895.19
2020-21,2019,Drewsey SD 13,100,General Fund,5400,Resources - Beginning Fund Balance,529898.02
2020-21,2019,Drewsey SD 13,200,Special Revenue Funds,1910,Rentals,125
2020-21,2019,Drewsey SD 13,200,Special Revenue Funds,1920,Contributions and Donations From Private Sources,5066.3
2020-21,2019,Drewsey SD 13,200,Special Revenue Funds,1990,Miscellaneous,220.2
2020-21,2019,Drewsey SD 13,200,Special Revenue Funds,3299,Other Restricted Grants-In-Aid,10706.5
2020-21,2020,Frenchglen SD 16,100,General Fund,4100,Unrestricted Revenue Direct From the Federal Government,7932.05
2020-21,2020,Frenchglen SD 16,100,General Fund,4801,Federal Forest Fees,3212.54
2020-21,2020,Frenchglen SD 16,400,Capital Projects Funds,5400,Resources - Beginning Fund Balance,174922.43
2020-21,2020,Frenchglen SD 16,400,Capital Projects Funds,1500,Earnings on Investments,1414.61
2020-21,2020,Frenchglen SD 16,200,Special Revenue Funds,5400,Resources - Beginning Fund Balance,-33803.55
2020-21,2020,Frenchglen SD 16,200,Special Revenue Funds,4500,Restricted Revenue From Federal Government Through the State,37176.01
2020-21,2020,Frenchglen SD 16,100,General Fund,5400,Resources - Beginning Fund Balance,1496574.76
2020-21,2020,Frenchglen SD 16,100,General Fund,1110,Ad valorem taxes levied by district,199.29
2020-21,2020,Frenchglen SD 16,100,General Fund,1500,Earnings on Investments,13081.76
2020-21,2020,Frenchglen SD 16,100,General Fund,1990,Miscellaneous,6779.29
2020-21,2020,Frenchglen SD 16,100,General Fund,3101,State School Fund --General Support,583494.12
2020-21,2020,Frenchglen SD 16,100,General Fund,3103,Common School Fund,12730.78
2020-21,2021,Double O SD 28,100,General Fund,5400,Resources - Beginning Fund Balance,570999.13
2020-21,2021,Double O SD 28,100,General Fund,1110,Ad valorem taxes levied by district,3808.12
2020-21,2021,Double O SD 28,100,General Fund,1500,Earnings on Investments,4502
2020-21,2021,Double O SD 28,100,General Fund,1990,Miscellaneous,5902.82
2020-21,2021,Double O SD 28,100,General Fund,2199,Other Intermediate Sources,6.85
2020-21,2021,Double O SD 28,100,General Fund,3101,State School Fund --General Support,279143.77
2020-21,2021,Double O SD 28,400,Capital Projects Funds,5400,Resources - Beginning Fund Balance,11669.99
2020-21,2021,Double O SD 28,400,Capital Projects Funds,1500,Earnings on Investments,254.77
2020-21,2021,Double O SD 28,400,Capital Projects Funds,5200,Interfund Transfers,20000
2020-21,2021,Double O SD 28,200,Special Revenue Funds,5400,Resources - Beginning Fund Balance,576.31
2020-21,2021,Double O SD 28,100,General Fund,3103,Common School Fund,421.91
2020-21,2021,Double O SD 28,100,General Fund,4100,Unrestricted Revenue Direct From the Federal Government,4733.89
2020-21,2021,Double O SD 28,100,General Fund,4801,Federal Forest Fees,2857.9
2020-21,2021,Double O SD 28,200,Special Revenue Funds,4500,Restricted Revenue From Federal Government Through the State,18383.46
2020-21,2021,Double O SD 28,200,Special Revenue Funds,1990,Miscellaneous,37.9
2020-21,2021,Double O SD 28,200,Special Revenue Funds,3299,Other Restricted Grants-In-Aid,2900
2020-21,2022,South Harney SD 33,200,Special Revenue Funds,1990,Miscellaneous,14644
2020-21,2022,South Harney SD 33,200,Special Revenue Funds,3299,Other Restricted Grants-In-Aid,14124
2020-21,2022,South Harney SD 33,100,General Fund,1110,Ad valorem taxes levied by district,29607
2020-21,2022,South Harney SD 33,100,General Fund,1500,Earnings on Investments,2054
2020-21,2022,South Harney SD 33,100,General Fund,1990,Miscellaneous,8202
2020-21,2022,South Harney SD 33,100,General Fund,3101,State School Fund --General Support,464142
2020-21,2022,South Harney SD 33,400,Capital Projects Funds,5200,Interfund Transfers,47100
2020-21,2022,South Harney SD 33,400,Capital Projects Funds,5400,Resources - Beginning Fund Balance,57319
2020-21,2022,South Harney SD 33,100,General Fund,3103,Common School Fund,425
2020-21,2022,South Harney SD 33,100,General Fund,4801,Federal Forest Fees,3620
2020-21,2022,South Harney SD 33,100,General Fund,5400,Resources - Beginning Fund Balance,272127
2020-21,2022,South Harney SD 33,200,Special Revenue Funds,4500,Restricted Revenue From Federal Government Through the State,78258
2020-21,2022,South Harney SD 33,200,Special Revenue Funds,5400,Resources - Beginning Fund Balance,-4205
2020-21,2022,South Harney SD 33,400,Capital Projects Funds,1500,Earnings on Investments,778
2020-21,2023,Harney County Union High SD 1J,700,Trust and Agency Funds,5400,Resources - Beginning Fund Balance,116751.73
2020-21,2023,Harney County Union High SD 1J,200,Special Revenue Funds,5200,Interfund Transfers,60000
2020-21,2023,Harney County Union High SD 1J,200,Special Revenue Funds,5400,Resources - Beginning Fund Balance,246308.06
2020-21,2023,Harney County Union High SD 1J,400,Capital Projects Funds,3299,Other Restricted Grants-In-Aid,41637.4
2020-21,2023,Harney County Union High SD 1J,400,Capital Projects Funds,5200,Interfund Transfers,50000
2020-21,2023,Harney County Union High SD 1J,400,Capital Projects Funds,5400,Resources - Beginning Fund Balance,191346.36
2020-21,2023,Harney County Union High SD 1J,700,Trust and Agency Funds,1920,Contributions and Donations From Private Sources,31281.86
2020-21,2023,Harney County Union High SD 1J,200,Special Revenue Funds,1910,Rentals,18300
2020-21,2023,Harney County Union High SD 1J,200,Special Revenue Funds,3299,Other Restricted Grants-In-Aid,274271.45
2020-21,2023,Harney County Union High SD 1J,200,Special Revenue Funds,4100,Unrestricted Revenue Direct From the Federal Government,37500.06
2020-21,2023,Harney County Union High SD 1J,200,Special Revenue Funds,4300,Restricted Revenue Direct From the Federal Government,6768.18
2020-21,2023,Harney County Union High SD 1J,200,Special Revenue Funds,4500,Restricted Revenue From Federal Government Through the State,291107.29
2020-21,2023,Harney County Union High SD 1J,200,Special Revenue Funds,4900,Revenue for/on Behalf of the District,3146.71
2020-21,2023,Harney County Union High SD 1J,100,General Fund,3103,Common School Fund,12027.64
2020-21,2023,Harney County Union High SD 1J,100,General Fund,3299,Other Restricted Grants-In-Aid,14518
2020-21,2023,Harney County Union High SD 1J,100,General Fund,4100,Unrestricted Revenue Direct From the Federal Government,25342
2020-21,2023,Harney County Union High SD 1J,100,General Fund,4801,Federal Forest Fees,109464.84
2020-21,2023,Harney County Union High SD 1J,100,General Fund,5400,Resources - Beginning Fund Balance,1477455.42
2020-21,2023,Harney County Union High SD 1J,200,Special Revenue Funds,1600,Food Service,65000
2020-21,2023,Harney County Union High SD 1J,100,General Fund,1500,Earnings on Investments,17078.9
2020-21,2023,Harney County Union High SD 1J,100,General Fund,1700,Extra-Curricular Activities,1173
2020-21,2023,Harney County Union High SD 1J,100,General Fund,1990,Miscellaneous,38823.53
2020-21,2023,Harney County Union High SD 1J,100,General Fund,2199,Other Intermediate Sources,1054
2020-21,2023,Harney County Union High SD 1J,100,General Fund,2900,Revenue for/on Behalf of the District,78606
2020-21,2023,Harney County Union High SD 1J,100,General Fund,3101,State School Fund --General Support,10557662.34
2020-21,2023,Harney County Union High SD 1J,100,General Fund,1110,Ad valorem taxes levied by district,569548.59
2020-21,2024,Hood River County SD,201,Federal Sources,4300,Restricted Revenue Direct From the Federal Government,279640.18
2020-21,2024,Hood River County SD,201,Federal Sources,5200,Interfund Transfers,25128
2020-21,2024,Hood River County SD,250,Non-Federal Sources,1320,Adult/Continuing Education Tuition,18044.38
2020-21,2024,Hood River County SD,250,Non-Federal Sources,2200,Restricted Revenue,1099038.31
2020-21,2024,Hood River County SD,250,Non-Federal Sources,1920,Contributions and Donations From Private Sources,82072.96
2020-21,2024,Hood River County SD,250,Non-Federal Sources,1960,Recovery of Prior Years' Expenditure,87023.39
2020-21,2024,Hood River County SD,201,Federal Sources,5400,Resources - Beginning Fund Balance,4832734.08
2020-21,2024,Hood River County SD,250,Non-Federal Sources,5400,Resources - Beginning Fund Balance,1351684.96
2020-21,2024,Hood River County SD,300,Debt Service Funds,5400,Resources - Beginning Fund Balance,560602.89
2020-21,2024,Hood River County SD,400,Capital Projects Funds,5400,Resources - Beginning Fund Balance,5092501.69
2020-21,2024,Hood River County SD,100,General Fund,3299,Other Restricted Grants-In-Aid,500041.15
2020-21,2024,Hood River County SD,400,Capital Projects Funds,1500,Earnings on Investments,13021.97
2020-21,2024,Hood River County SD,400,Capital Projects Funds,5200,Interfund Transfers,50000
2020-21,2024,Hood River County SD,400,Capital Projects Funds,1130,Construction Excise Tax,305124.95
2020-21,2024,Hood River County SD,400,Capital Projects Funds,3299,Other Restricted Grants-In-Aid,780487.44
2020-21,2024,Hood River County SD,100,General Fund,5400,Resources - Beginning Fund Balance,7691204.27
2020-21,2024,Hood River County SD,200,Special Revenue Funds,5400,Resources - Beginning Fund Balance,1002261.55
2020-21,2024,Hood River County SD,201,Federal Sources,4700,Grants-In-Aid From Federal Government Through Other Intermed,14788.27
2020-21,2024,Hood River County SD,201,Federal Sources,4501,Medicaid Reimbursement for Eligible Early Intervention (EI) Services (Birth to Age Three),1861.32
2020-21,2024,Hood River County SD,201,Federal Sources,4502,Medicaid Reimbursement for Eligible Early Childhood Special Education (ECSE) Services (Ages 3 to 5),16223.39
2020-21,2024,Hood River County SD,201,Federal Sources,4202,Medicaid Reimbursement for Eligible K-12 Expenses (Ages Five to Twenty-One),45643.7
2020-21,2024,Hood River County SD,300,Debt Service Funds,1500,Earnings on Investments,14424.6
2020-21,2024,Hood River County SD,300,Debt Service Funds,1990,Miscellaneous,4966
2020-21,2024,Hood River County SD,299,Child Nutrition,3102,State School Fund--School Lunch Match,16470.54
2020-21,2024,Hood River County SD,250,Non-Federal Sources,3204,Driver Education,22005
2020-21,2024,Hood River County SD,200,Special Revenue Funds,3222,State School Fund (SSF) Transportation Equipment,199041.84
2020-21,2024,Hood River County SD,200,Special Revenue Funds,5300,Sale of or Compensation for Loss of Fixed Assets,11331.25
2020-21,2024,Hood River County SD,251,Student Investment Account,3299,Other Restricted Grants-In-Aid,869044.37
2020-21,2024,Hood River County SD,252,Measure 98 - High School Success,3299,Other Restricted Grants-In-Aid,1163251.7
2020-21,2024,Hood River County SD,100,General Fund,2199,Other Intermediate Sources,32587.67
2020-21,2024,Hood River County SD,100,General Fund,3103,Common School Fund,398396.44
2020-21,2024,Hood River County SD,100,General Fund,4700,Grants-In-Aid From Federal Government Through Other Intermed,62592
2020-21,2024,Hood River County SD,100,General Fund,4801,Federal Forest Fees,102312.07
2020-21,2024,Hood River County SD,100,General Fund,5200,Interfund Transfers,671520
2020-21,2024,Hood River County SD,299,Child Nutrition,1990,Miscellaneous,576.54
2020-21,2024,Hood River County SD,100,General Fund,3199,Other Unrestricted Grants-In-Aid,472662
2020-21,2024,Hood River County SD,100,General Fund,1320,Adult/Continuing Education Tuition,76000.35
2020-21,2024,Hood River County SD,100,General Fund,1411,Transportation fees from Individuals,21396.23
2020-21,2024,Hood River County SD,100,General Fund,1960,Recovery of Prior Years' Expenditure,4814.25
2020-21,2024,Hood River County SD,100,General Fund,1980,Fees Charged to Grants,348585
2020-21,2024,Hood River County SD,100,General Fund,1990,Miscellaneous,116314.19
2020-21,2024,Hood River County SD,100,General Fund,2102,General Education Service District Funds,1770966.59
2020-21,2024,Hood River County SD,100,General Fund,3101,State School Fund --General Support,31676919.83
2020-21,2024,Hood River County SD,300,Debt Service Funds,1110,Ad valorem taxes levied by district,4091019.88
2020-21,2024,Hood River County SD,100,General Fund,5300,Sale of or Compensation for Loss of Fixed Assets,81772.01
2020-21,2024,Hood River County SD,201,Federal Sources,4500,Restricted Revenue From Federal Government Through the State,3152297.76
2020-21,2024,Hood River County SD,400,Capital Projects Funds,1990,Miscellaneous,176644.63
2020-21,2024,Hood River County SD,299,Child Nutrition,1960,Recovery of Prior Years' Expenditure,7400.57
2020-21,2024,Hood River County SD,299,Child Nutrition,3299,Other Restricted Grants-In-Aid,7398.3
2020-21,2024,Hood River County SD,100,General Fund,1110,Ad valorem taxes levied by district,13324684.67
2020-21,2024,Hood River County SD,100,General Fund,1120,Local option ad valorem taxes levied by district,2689427.34
2020-21,2024,Hood River County SD,100,General Fund,1500,Earnings on Investments,198437.83
2020-21,2024,Hood River County SD,100,General Fund,1910,Rentals,47142.35
2020-21,2024,Hood River County SD,250,Non-Federal Sources,1990,Miscellaneous,364559.28
2020-21,2024,Hood River County SD,250,Non-Federal Sources,2102,General Education Service District Funds,128704.12
2020-21,2024,Hood River County SD,250,Non-Federal Sources,3299,Other Restricted Grants-In-Aid,420750.36
2020-21,2024,Hood River County SD,299,Child Nutrition,1600,Food Service,39630.2
2020-21,2024,Hood River County SD,299,Child Nutrition,4500,Restricted Revenue From Federal Government Through the State,1112971.6
2020-21,2024,Hood River County SD,299,Child Nutrition,4900,Revenue for/on Behalf of the District,144383.28
2020-21,2025,Southern Oregon ESD,100,General Fund,1110,Ad valorem taxes levied by district,13060729.44
2020-21,2025,Southern Oregon ESD,100,General Fund,1200,Revenue From Local Governmental Units Other Than Districts,1397.45
2020-21,2025,Southern Oregon ESD,100,General Fund,1500,Earnings on Investments,92789.05
2020-21,2025,Southern Oregon ESD,100,General Fund,1940,Services Provided Other Local Education Agencies,19229.67
2020-21,2025,Southern Oregon ESD,100,General Fund,1960,Recovery of Prior Years' Expenditure,178809.95
2020-21,2025,Southern Oregon ESD,100,General Fund,1990,Miscellaneous,2168.8
2020-21,2025,Southern Oregon ESD,250,Non-Federal Sources,5300,Sale of or Compensation for Loss of Fixed Assets,2028000
2020-21,2025,Southern Oregon ESD,250,Non-Federal Sources,5400,Resources - Beginning Fund Balance,2530901.84
2020-21,2025,Southern Oregon ESD,600,Internal Service Funds,1940,Services Provided Other Local Education Agencies,1327669.37
2020-21,2025,Southern Oregon ESD,600,Internal Service Funds,1970,Services Provided Other Funds,1001798.57
2020-21,2025,Southern Oregon ESD,600,Internal Service Funds,5400,Resources - Beginning Fund Balance,1876753.98
2020-21,2025,Southern Oregon ESD,250,Non-Federal Sources,1980,Fees Charged to Grants,779277.99
2020-21,2025,Southern Oregon ESD,250,Non-Federal Sources,1990,Miscellaneous,253648.08
2020-21,2025,Southern Oregon ESD,250,Non-Federal Sources,2900,Revenue for/on Behalf of the District,78697.09
2020-21,2025,Southern Oregon ESD,250,Non-Federal Sources,3299,Other Restricted Grants-In-Aid,3920172.49
2020-21,2025,Southern Oregon ESD,250,Non-Federal Sources,3900,Revenue for/on Behalf of the District,5014428.83
2020-21,2025,Southern Oregon ESD,250,Non-Federal Sources,5200,Interfund Transfers,713651.03
2020-21,2025,Southern Oregon ESD,250,Non-Federal Sources,1311,Tuition from Individuals,150
2020-21,2025,Southern Oregon ESD,250,Non-Federal Sources,1700,Extra-Curricular Activities,743.95
2020-21,2025,Southern Oregon ESD,250,Non-Federal Sources,1920,Contributions and Donations From Private Sources,343787.03
2020-21,2025,Southern Oregon ESD,250,Non-Federal Sources,1940,Services Provided Other Local Education Agencies,2344972.65
2020-21,2025,Southern Oregon ESD,250,Non-Federal Sources,1950,Textbook Sales and Rentals,29159.38
2020-21,2025,Southern Oregon ESD,250,Non-Federal Sources,1960,Recovery of Prior Years' Expenditure,6877.31
2020-21,2025,Southern Oregon ESD,100,General Fund,3101,State School Fund --General Support,12209077.08
2020-21,2025,Southern Oregon ESD,100,General Fund,3104,State Managed County Timber,36350.04
2020-21,2025,Southern Oregon ESD,100,General Fund,5400,Resources - Beginning Fund Balance,353419.96
2020-21,2025,Southern Oregon ESD,201,Federal Sources,4500,Restricted Revenue From Federal Government Through the State,5283998.93
2020-21,2025,Southern Oregon ESD,201,Federal Sources,4900,Revenue for/on Behalf of the District,1712851.74
2020-21,2025,Southern Oregon ESD,201,Federal Sources,5400,Resources - Beginning Fund Balance,-1246765.86
2020-21,2039,Phoenix-Talent SD 4,100,General Fund,5400,Resources - Beginning Fund Balance,6004626.64
2020-21,2039,Phoenix-Talent SD 4,250,Non-Federal Sources,5400,Resources - Beginning Fund Balance,1707455.62
2020-21,2039,Phoenix-Talent SD 4,299,Child Nutrition,5400,Resources - Beginning Fund Balance,307820.39
2020-21,2039,Phoenix-Talent SD 4,100,General Fund,1110,Ad valorem taxes levied by district,10245516.43
2020-21,2039,Phoenix-Talent SD 4,100,General Fund,1190,Penalties and interest on taxes,9416.13
2020-21,2039,Phoenix-Talent SD 4,100,General Fund,1500,Earnings on Investments,105329.5
2020-21,2039,Phoenix-Talent SD 4,400,Capital Projects Funds,5400,Resources - Beginning Fund Balance,29322082.79
2020-21,2039,Phoenix-Talent SD 4,300,Debt Service Funds,1500,Earnings on Investments,10332.51
2020-21,2039,Phoenix-Talent SD 4,400,Capital Projects Funds,1500,Earnings on Investments,165833.69
2020-21,2039,Phoenix-Talent SD 4,400,Capital Projects Funds,1920,Contributions and Donations From Private Sources,437519.47
2020-21,2039,Phoenix-Talent SD 4,400,Capital Projects Funds,3299,Other Restricted Grants-In-Aid,3814753.33
2020-21,2039,Phoenix-Talent SD 4,400,Capital Projects Funds,5300,Sale of or Compensation for Loss of Fixed Assets,27788.07
2020-21,2039,Phoenix-Talent SD 4,300,Debt Service Funds,5400,Resources - Beginning Fund Balance,206434.19
2020-21,2039,Phoenix-Talent SD 4,299,Child Nutrition,3102,State School Fund--School Lunch Match,11487.1
2020-21,2039,Phoenix-Talent SD 4,299,Child Nutrition,3299,Other Restricted Grants-In-Aid,12511.19
2020-21,2039,Phoenix-Talent SD 4,299,Child Nutrition,4500,Restricted Revenue From Federal Government Through the State,965547.98
2020-21,2039,Phoenix-Talent SD 4,299,Child Nutrition,4900,Revenue for/on Behalf of the District,68160.82
2020-21,2039,Phoenix-Talent SD 4,300,Debt Service Funds,1110,Ad valorem taxes levied by district,3454629.18
2020-21,2039,Phoenix-Talent SD 4,300,Debt Service Funds,1190,Penalties and interest on taxes,2950.64
2020-21,2039,Phoenix-Talent SD 4,250,Non-Federal Sources,2900,Revenue for/on Behalf of the District,33039.65
2020-21,2039,Phoenix-Talent SD 4,250,Non-Federal Sources,3299,Other Restricted Grants-In-Aid,132943.99
2020-21,2039,Phoenix-Talent SD 4,251,Student Investment Account,3299,Other Restricted Grants-In-Aid,712771.96
2020-21,2039,Phoenix-Talent SD 4,252,Measure 98 - High School Success,3299,Other Restricted Grants-In-Aid,572673.51
2020-21,2039,Phoenix-Talent SD 4,299,Child Nutrition,1600,Food Service,1136.45
2020-21,2039,Phoenix-Talent SD 4,299,Child Nutrition,1990,Miscellaneous,5710.15
2020-21,2039,Phoenix-Talent SD 4,250,Non-Federal Sources,1500,Earnings on Investments,8811.14
2020-21,2039,Phoenix-Talent SD 4,250,Non-Federal Sources,1700,Extra-Curricular Activities,378594.54
2020-21,2039,Phoenix-Talent SD 4,250,Non-Federal Sources,1920,Contributions and Donations From Private Sources,2510290.36
2020-21,2039,Phoenix-Talent SD 4,250,Non-Federal Sources,1960,Recovery of Prior Years' Expenditure,4900
2020-21,2039,Phoenix-Talent SD 4,250,Non-Federal Sources,1990,Miscellaneous,211755.18
2020-21,2039,Phoenix-Talent SD 4,250,Non-Federal Sources,2199,Other Intermediate Sources,4198.71
2020-21,2039,Phoenix-Talent SD 4,100,General Fund,4801,Federal Forest Fees,25471.69
2020-21,2039,Phoenix-Talent SD 4,100,General Fund,5300,Sale of or Compensation for Loss of Fixed Assets,82636.62
2020-21,2039,Phoenix-Talent SD 4,201,Federal Sources,4300,Restricted Revenue Direct From the Federal Government,58700.08
2020-21,2039,Phoenix-Talent SD 4,201,Federal Sources,4500,Restricted Revenue From Federal Government Through the State,2323265.41
2020-21,2039,Phoenix-Talent SD 4,201,Federal Sources,4700,Grants-In-Aid From Federal Government Through Other Intermed,139703.57
2020-21,2039,Phoenix-Talent SD 4,250,Non-Federal Sources,1130,Construction Excise Tax,150691.29
2020-21,2039,Phoenix-Talent SD 4,100,General Fund,2102,General Education Service District Funds,514095.93
2020-21,2039,Phoenix-Talent SD 4,100,General Fund,3101,State School Fund --General Support,19445495.76
2020-21,2039,Phoenix-Talent SD 4,100,General Fund,3103,Common School Fund,258360.16
2020-21,2039,Phoenix-Talent SD 4,100,General Fund,3299,Other Restricted Grants-In-Aid,7769
2020-21,2039,Phoenix-Talent SD 4,100,General Fund,4300,Restricted Revenue Direct From the Federal Government,113737.83
2020-21,2039,Phoenix-Talent SD 4,100,General Fund,4500,Restricted Revenue From Federal Government Through the State,841385.79
2020-21,2039,Phoenix-Talent SD 4,100,General Fund,1700,Extra-Curricular Activities,2811.85
2020-21,2039,Phoenix-Talent SD 4,100,General Fund,1910,Rentals,1475
2020-21,2039,Phoenix-Talent SD 4,100,General Fund,1930,Rental or Lease Payments from Private Contractors,48000
2020-21,2039,Phoenix-Talent SD 4,100,General Fund,1960,Recovery of Prior Years' Expenditure,12914.31
2020-21,2039,Phoenix-Talent SD 4,100,General Fund,1980,Fees Charged to Grants,52072
2020-21,2039,Phoenix-Talent SD 4,100,General Fund,1990,Miscellaneous,91368.64
2020-21,2041,Ashland SD 5,100,General Fund,1312,Tuition from Other Districts within the State,38915.67
2020-21,2041,Ashland SD 5,299,Child Nutrition,4500,Restricted Revenue From Federal Government Through the State,549496.79
2020-21,2041,Ashland SD 5,100,General Fund,1120,Local option ad valorem taxes levied by district,3993679.04
2020-21,2041,Ashland SD 5,100,General Fund,1190,Penalties and interest on taxes,3939.73
2020-21,2041,Ashland SD 5,100,General Fund,1412,Transportation fees from Other Districts within the State,5575.5
2020-21,2041,Ashland SD 5,100,General Fund,1500,Earnings on Investments,101620.01
2020-21,2041,Ashland SD 5,100,General Fund,1110,Ad valorem taxes levied by district,15462410
2020-21,2041,Ashland SD 5,201,Federal Sources,5400,Resources - Beginning Fund Balance,-205233
2020-21,2041,Ashland SD 5,300,Debt Service Funds,1110,Ad valorem taxes levied by district,7097365
2020-21,2041,Ashland SD 5,600,Internal Service Funds,1970,Services Provided Other Funds,6929510.34
2020-21,2041,Ashland SD 5,600,Internal Service Funds,1990,Miscellaneous,16469.01
2020-21,2041,Ashland SD 5,600,Internal Service Funds,5400,Resources - Beginning Fund Balance,2963618.12
2020-21,2041,Ashland SD 5,700,Trust and Agency Funds,1920,Contributions and Donations From Private Sources,120076.4
2020-21,2041,Ashland SD 5,700,Trust and Agency Funds,5200,Interfund Transfers,7600
2020-21,2041,Ashland SD 5,700,Trust and Agency Funds,5400,Resources - Beginning Fund Balance,74244.89
2020-21,2041,Ashland SD 5,400,Capital Projects Funds,1920,Contributions and Donations From Private Sources,3977.6
2020-21,2041,Ashland SD 5,400,Capital Projects Funds,1990,Miscellaneous,101845.7
2020-21,2041,Ashland SD 5,400,Capital Projects Funds,3299,Other Restricted Grants-In-Aid,4000000
2020-21,2041,Ashland SD 5,400,Capital Projects Funds,5200,Interfund Transfers,225000
2020-21,2041,Ashland SD 5,400,Capital Projects Funds,5400,Resources - Beginning Fund Balance,128945037.5
2020-21,2041,Ashland SD 5,600,Internal Service Funds,1960,Recovery of Prior Years' Expenditure,4561.69
2020-21,2041,Ashland SD 5,299,Child Nutrition,5200,Interfund Transfers,242320.51
2020-21,2041,Ashland SD 5,299,Child Nutrition,5400,Resources - Beginning Fund Balance,5134.08
2020-21,2041,Ashland SD 5,300,Debt Service Funds,1190,Penalties and interest on taxes,1891.18
2020-21,2041,Ashland SD 5,300,Debt Service Funds,5400,Resources - Beginning Fund Balance,1001.83
2020-21,2041,Ashland SD 5,400,Capital Projects Funds,1130,Construction Excise Tax,146902.26
2020-21,2041,Ashland SD 5,400,Capital Projects Funds,1500,Earnings on Investments,544891.35
2020-21,2041,Ashland SD 5,252,Measure 98 - High School Success,3299,Other Restricted Grants-In-Aid,853476.41
2020-21,2041,Ashland SD 5,299,Child Nutrition,1920,Contributions and Donations From Private Sources,5000
2020-21,2041,Ashland SD 5,299,Child Nutrition,1960,Recovery of Prior Years' Expenditure,446.7
2020-21,2041,Ashland SD 5,299,Child Nutrition,1990,Miscellaneous,426.07
2020-21,2041,Ashland SD 5,299,Child Nutrition,3299,Other Restricted Grants-In-Aid,26301.59
2020-21,2041,Ashland SD 5,299,Child Nutrition,4900,Revenue for/on Behalf of the District,51199.72
2020-21,2041,Ashland SD 5,250,Non-Federal Sources,1920,Contributions and Donations From Private Sources,145200.58
2020-21,2041,Ashland SD 5,250,Non-Federal Sources,2200,Restricted Revenue,35450
2020-21,2041,Ashland SD 5,250,Non-Federal Sources,3222,State School Fund (SSF) Transportation Equipment,186222.47
2020-21,2041,Ashland SD 5,250,Non-Federal Sources,3299,Other Restricted Grants-In-Aid,168284.27
2020-21,2041,Ashland SD 5,250,Non-Federal Sources,5400,Resources - Beginning Fund Balance,215160.18
2020-21,2041,Ashland SD 5,251,Student Investment Account,3299,Other Restricted Grants-In-Aid,730690.08
2020-21,2041,Ashland SD 5,100,General Fund,4700,Grants-In-Aid From Federal Government Through Other Intermed,7719.32
2020-21,2041,Ashland SD 5,100,General Fund,4801,Federal Forest Fees,27671.74
2020-21,2041,Ashland SD 5,100,General Fund,5300,Sale of or Compensation for Loss of Fixed Assets,160000
2020-21,2041,Ashland SD 5,100,General Fund,5400,Resources - Beginning Fund Balance,3063246.28
2020-21,2041,Ashland SD 5,201,Federal Sources,4500,Restricted Revenue From Federal Government Through the State,2695108.95
2020-21,2041,Ashland SD 5,250,Non-Federal Sources,1700,Extra-Curricular Activities,13851.5
2020-21,2041,Ashland SD 5,100,General Fund,1990,Miscellaneous,82866.46
2020-21,2041,Ashland SD 5,100,General Fund,2199,Other Intermediate Sources,199175
2020-21,2041,Ashland SD 5,100,General Fund,2200,Restricted Revenue,687
2020-21,2041,Ashland SD 5,100,General Fund,3101,State School Fund --General Support,13995323.88
2020-21,2041,Ashland SD 5,100,General Fund,3103,Common School Fund,269420.42
2020-21,2041,Ashland SD 5,100,General Fund,3199,Other Unrestricted Grants-In-Aid,73094.77
2020-21,2041,Ashland SD 5,100,General Fund,1700,Extra-Curricular Activities,51396.56
2020-21,2041,Ashland SD 5,100,General Fund,1910,Rentals,27040.66
2020-21,2041,Ashland SD 5,100,General Fund,1920,Contributions and Donations From Private Sources,59529.23
2020-21,2041,Ashland SD 5,100,General Fund,1940,Services Provided Other Local Education Agencies,12442.5
2020-21,2041,Ashland SD 5,100,General Fund,1960,Recovery of Prior Years' Expenditure,13740.02
2020-21,2041,Ashland SD 5,100,General Fund,1980,Fees Charged to Grants,88546
2020-21,2042,Central Point SD 6,100,General Fund,1110,Ad valorem taxes levied by district,12997890.66
2020-21,2042,Central Point SD 6,100,General Fund,1190,Penalties and interest on taxes,14307.03
2020-21,2042,Central Point SD 6,100,General Fund,1411,Transportation fees from Individuals,1952.85
2020-21,2042,Central Point SD 6,100,General Fund,1500,Earnings on Investments,53804.09
2020-21,2042,Central Point SD 6,100,General Fund,1700,Extra-Curricular Activities,158.25
2020-21,2042,Central Point SD 6,100,General Fund,1910,Rentals,18195
2020-21,2042,Central Point SD 6,300,Debt Service Funds,5400,Resources - Beginning Fund Balance,226601.53
2020-21,2042,Central Point SD 6,400,Capital Projects Funds,1500,Earnings on Investments,1070825.33
2020-21,2042,Central Point SD 6,400,Capital Projects Funds,1990,Miscellaneous,17050
2020-21,2042,Central Point SD 6,400,Capital Projects Funds,5100,Long Term Debt Financing Sources,542833
2020-21,2042,Central Point SD 6,400,Capital Projects Funds,5400,Resources - Beginning Fund Balance,89532162
2020-21,2042,Central Point SD 6,700,Trust and Agency Funds,1920,Contributions and Donations From Private Sources,16500
2020-21,2042,Central Point SD 6,299,Child Nutrition,4500,Restricted Revenue From Federal Government Through the State,3035021.1
2020-21,2042,Central Point SD 6,299,Child Nutrition,4900,Revenue for/on Behalf of the District,239074.97
2020-21,2042,Central Point SD 6,299,Child Nutrition,5400,Resources - Beginning Fund Balance,184448.11
2020-21,2042,Central Point SD 6,300,Debt Service Funds,1110,Ad valorem taxes levied by district,3253232.72
2020-21,2042,Central Point SD 6,300,Debt Service Funds,1190,Penalties and interest on taxes,1029.56
2020-21,2042,Central Point SD 6,300,Debt Service Funds,1500,Earnings on Investments,9530.67
2020-21,2042,Central Point SD 6,252,Measure 98 - High School Success,3299,Other Restricted Grants-In-Aid,113050.17
2020-21,2042,Central Point SD 6,252,Measure 98 - High School Success,5400,Resources - Beginning Fund Balance,199359.48
2020-21,2042,Central Point SD 6,299,Child Nutrition,1600,Food Service,8923.14
2020-21,2042,Central Point SD 6,299,Child Nutrition,1990,Miscellaneous,770.48
2020-21,2042,Central Point SD 6,299,Child Nutrition,3102,State School Fund--School Lunch Match,21693.61
2020-21,2042,Central Point SD 6,299,Child Nutrition,3299,Other Restricted Grants-In-Aid,74904.28
2020-21,2042,Central Point SD 6,250,Non-Federal Sources,1920,Contributions and Donations From Private Sources,139895.1
2020-21,2042,Central Point SD 6,250,Non-Federal Sources,1960,Recovery of Prior Years' Expenditure,1515
2020-21,2042,Central Point SD 6,250,Non-Federal Sources,1990,Miscellaneous,153603.69
2020-21,2042,Central Point SD 6,250,Non-Federal Sources,3299,Other Restricted Grants-In-Aid,208319.93
2020-21,2042,Central Point SD 6,250,Non-Federal Sources,5400,Resources - Beginning Fund Balance,964465.03
2020-21,2042,Central Point SD 6,251,Student Investment Account,3299,Other Restricted Grants-In-Aid,1223819.5
2020-21,2042,Central Point SD 6,100,General Fund,5400,Resources - Beginning Fund Balance,790331.51
2020-21,2042,Central Point SD 6,201,Federal Sources,4500,Restricted Revenue From Federal Government Through the State,1877377.86
2020-21,2042,Central Point SD 6,201,Federal Sources,5400,Resources - Beginning Fund Balance,-379039.17
2020-21,2042,Central Point SD 6,250,Non-Federal Sources,1130,Construction Excise Tax,341934.91
2020-21,2042,Central Point SD 6,250,Non-Federal Sources,1700,Extra-Curricular Activities,201105.96
2020-21,2042,Central Point SD 6,250,Non-Federal Sources,1910,Rentals,72130.35
2020-21,2042,Central Point SD 6,100,General Fund,2102,General Education Service District Funds,825271.68
2020-21,2042,Central Point SD 6,100,General Fund,3101,State School Fund --General Support,37484506.16
2020-21,2042,Central Point SD 6,100,General Fund,3103,Common School Fund,455999.9
2020-21,2042,Central Point SD 6,100,General Fund,3299,Other Restricted Grants-In-Aid,428738.99
2020-21,2042,Central Point SD 6,100,General Fund,4500,Restricted Revenue From Federal Government Through the State,582704.75
2020-21,2042,Central Point SD 6,100,General Fund,4801,Federal Forest Fees,47432.51
2020-21,2042,Central Point SD 6,100,General Fund,1920,Contributions and Donations From Private Sources,123.79
2020-21,2042,Central Point SD 6,100,General Fund,1930,Rental or Lease Payments from Private Contractors,107689.5
2020-21,2042,Central Point SD 6,100,General Fund,1940,Services Provided Other Local Education Agencies,57882
2020-21,2042,Central Point SD 6,100,General Fund,1960,Recovery of Prior Years' Expenditure,25823.86
2020-21,2042,Central Point SD 6,100,General Fund,1980,Fees Charged to Grants,1391.52
2020-21,2042,Central Point SD 6,100,General Fund,1990,Miscellaneous,344805.25
2020-21,2043,Eagle Point SD 9,250,Non-Federal Sources,1960,Recovery of Prior Years' Expenditure,81.9
2020-21,2043,Eagle Point SD 9,250,Non-Federal Sources,1990,Miscellaneous,183117.55
2020-21,2043,Eagle Point SD 9,250,Non-Federal Sources,3299,Other Restricted Grants-In-Aid,670258.91
2020-21,2043,Eagle Point SD 9,251,Student Investment Account,3299,Other Restricted Grants-In-Aid,556177.38
2020-21,2043,Eagle Point SD 9,252,Measure 98 - High School Success,3299,Other Restricted Grants-In-Aid,1063183.7
2020-21,2043,Eagle Point SD 9,299,Child Nutrition,1500,Earnings on Investments,276.68
2020-21,2043,Eagle Point SD 9,100,General Fund,5400,Resources - Beginning Fund Balance,5626251
2020-21,2043,Eagle Point SD 9,299,Child Nutrition,5200,Interfund Transfers,20263
2020-21,2043,Eagle Point SD 9,200,Special Revenue Funds,5400,Resources - Beginning Fund Balance,1319060
2020-21,2043,Eagle Point SD 9,300,Debt Service Funds,5400,Resources - Beginning Fund Balance,486965
2020-21,2043,Eagle Point SD 9,700,Trust and Agency Funds,5400,Resources - Beginning Fund Balance,146101
2020-21,2043,Eagle Point SD 9,100,General Fund,4201,Foster Transportation,4536.05
2020-21,2043,Eagle Point SD 9,100,General Fund,4500,Restricted Revenue From Federal Government Through the State,34236.18
2020-21,2043,Eagle Point SD 9,100,General Fund,4801,Federal Forest Fees,40723
2020-21,2043,Eagle Point SD 9,100,General Fund,5100,Long Term Debt Financing Sources,1667809
2020-21,2043,Eagle Point SD 9,201,Federal Sources,4500,Restricted Revenue From Federal Government Through the State,3399716.39
2020-21,2043,Eagle Point SD 9,250,Non-Federal Sources,1920,Contributions and Donations From Private Sources,50743.76
2020-21,2043,Eagle Point SD 9,100,General Fund,1990,Miscellaneous,99118.15
2020-21,2043,Eagle Point SD 9,100,General Fund,2199,Other Intermediate Sources,907493.32
2020-21,2043,Eagle Point SD 9,100,General Fund,3101,State School Fund --General Support,32173126.82
2020-21,2043,Eagle Point SD 9,100,General Fund,3103,Common School Fund,413054.68
2020-21,2043,Eagle Point SD 9,100,General Fund,3222,State School Fund (SSF) Transportation Equipment,165543.91
2020-21,2043,Eagle Point SD 9,100,General Fund,3299,Other Restricted Grants-In-Aid,173947.89
2020-21,2043,Eagle Point SD 9,100,General Fund,1700,Extra-Curricular Activities,140631.48
2020-21,2043,Eagle Point SD 9,100,General Fund,1910,Rentals,20525.37
2020-21,2043,Eagle Point SD 9,100,General Fund,1920,Contributions and Donations From Private Sources,5667.18
2020-21,2043,Eagle Point SD 9,100,General Fund,1940,Services Provided Other Local Education Agencies,35900.63
2020-21,2043,Eagle Point SD 9,100,General Fund,1960,Recovery of Prior Years' Expenditure,19248.7
2020-21,2043,Eagle Point SD 9,100,General Fund,1980,Fees Charged to Grants,185020.9
2020-21,2043,Eagle Point SD 9,300,Debt Service Funds,1500,Earnings on Investments,12805.37
2020-21,2043,Eagle Point SD 9,700,Trust and Agency Funds,1920,Contributions and Donations From Private Sources,127827.13
2020-21,2043,Eagle Point SD 9,100,General Fund,1110,Ad valorem taxes levied by district,11682954.3
2020-21,2043,Eagle Point SD 9,100,General Fund,1190,Penalties and interest on taxes,10429.15
2020-21,2043,Eagle Point SD 9,100,General Fund,1412,Transportation fees from Other Districts within the State,7464.49
2020-21,2043,Eagle Point SD 9,100,General Fund,1500,Earnings on Investments,96214.6
2020-21,2043,Eagle Point SD 9,299,Child Nutrition,1600,Food Service,40718.26
2020-21,2043,Eagle Point SD 9,299,Child Nutrition,3102,State School Fund--School Lunch Match,5771.9
2020-21,2043,Eagle Point SD 9,299,Child Nutrition,4500,Restricted Revenue From Federal Government Through the State,1815006.92
2020-21,2043,Eagle Point SD 9,299,Child Nutrition,4900,Revenue for/on Behalf of the District,104155.09
2020-21,2043,Eagle Point SD 9,300,Debt Service Funds,1110,Ad valorem taxes levied by district,3319411.18
2020-21,2043,Eagle Point SD 9,300,Debt Service Funds,1190,Penalties and interest on taxes,3357.72
2020-21,2044,Rogue River SD 35,100,General Fund,1110,Ad valorem taxes levied by district,3765127.5
2020-21,2044,Rogue River SD 35,100,General Fund,1500,Earnings on Investments,37652.23
2020-21,2044,Rogue River SD 35,100,General Fund,1700,Extra-Curricular Activities,235.44
2020-21,2044,Rogue River SD 35,100,General Fund,1910,Rentals,250
2020-21,2044,Rogue River SD 35,100,General Fund,1960,Recovery of Prior Years' Expenditure,483.47
2020-21,2044,Rogue River SD 35,100,General Fund,1990,Miscellaneous,16338.44
2020-21,2044,Rogue River SD 35,300,Debt Service Funds,5400,Resources - Beginning Fund Balance,67371.98
2020-21,2044,Rogue River SD 35,400,Capital Projects Funds,1500,Earnings on Investments,1486.71
2020-21,2044,Rogue River SD 35,400,Capital Projects Funds,5400,Resources - Beginning Fund Balance,209394.31
2020-21,2044,Rogue River SD 35,600,Internal Service Funds,1970,Services Provided Other Funds,57324.05
2020-21,2044,Rogue River SD 35,600,Internal Service Funds,5400,Resources - Beginning Fund Balance,65886.76
2020-21,2044,Rogue River SD 35,299,Child Nutrition,3299,Other Restricted Grants-In-Aid,1601.2
2020-21,2044,Rogue River SD 35,299,Child Nutrition,4500,Restricted Revenue From Federal Government Through the State,180326.56
2020-21,2044,Rogue River SD 35,299,Child Nutrition,4900,Revenue for/on Behalf of the District,26676.78
2020-21,2044,Rogue River SD 35,299,Child Nutrition,5400,Resources - Beginning Fund Balance,96518.13
2020-21,2044,Rogue River SD 35,300,Debt Service Funds,1110,Ad valorem taxes levied by district,604141.98
2020-21,2044,Rogue River SD 35,300,Debt Service Funds,1500,Earnings on Investments,3246.55
2020-21,2044,Rogue River SD 35,250,Non-Federal Sources,5400,Resources - Beginning Fund Balance,1202491.87
2020-21,2044,Rogue River SD 35,251,Student Investment Account,3299,Other Restricted Grants-In-Aid,284556.82
2020-21,2044,Rogue River SD 35,252,Measure 98 - High School Success,3299,Other Restricted Grants-In-Aid,231186.85
2020-21,2044,Rogue River SD 35,299,Child Nutrition,1500,Earnings on Investments,143
2020-21,2044,Rogue River SD 35,299,Child Nutrition,1600,Food Service,762.16
2020-21,2044,Rogue River SD 35,299,Child Nutrition,3102,State School Fund--School Lunch Match,3660.71
2020-21,2044,Rogue River SD 35,250,Non-Federal Sources,1920,Contributions and Donations From Private Sources,195990.01
2020-21,2044,Rogue River SD 35,250,Non-Federal Sources,1960,Recovery of Prior Years' Expenditure,685
2020-21,2044,Rogue River SD 35,250,Non-Federal Sources,1990,Miscellaneous,26730.96
2020-21,2044,Rogue River SD 35,250,Non-Federal Sources,3299,Other Restricted Grants-In-Aid,100562.57
2020-21,2044,Rogue River SD 35,250,Non-Federal Sources,4500,Restricted Revenue From Federal Government Through the State,31935.29
2020-21,2044,Rogue River SD 35,250,Non-Federal Sources,5200,Interfund Transfers,437500
2020-21,2044,Rogue River SD 35,201,Federal Sources,1990,Miscellaneous,150.91
2020-21,2044,Rogue River SD 35,201,Federal Sources,4500,Restricted Revenue From Federal Government Through the State,1442828.67
2020-21,2044,Rogue River SD 35,201,Federal Sources,5400,Resources - Beginning Fund Balance,-0.41
2020-21,2044,Rogue River SD 35,250,Non-Federal Sources,1130,Construction Excise Tax,69243.48
2020-21,2044,Rogue River SD 35,250,Non-Federal Sources,1500,Earnings on Investments,1221.07
2020-21,2044,Rogue River SD 35,250,Non-Federal Sources,1700,Extra-Curricular Activities,42657.75
2020-21,2044,Rogue River SD 35,100,General Fund,2102,General Education Service District Funds,95429.2
2020-21,2044,Rogue River SD 35,100,General Fund,3101,State School Fund --General Support,8272359.7
2020-21,2044,Rogue River SD 35,100,General Fund,3103,Common School Fund,91165.25
2020-21,2044,Rogue River SD 35,100,General Fund,3299,Other Restricted Grants-In-Aid,108196.84
2020-21,2044,Rogue River SD 35,100,General Fund,4801,Federal Forest Fees,9439.92
2020-21,2044,Rogue River SD 35,100,General Fund,5400,Resources - Beginning Fund Balance,1602590.4
2020-21,2045,Prospect SD 59,299,Child Nutrition,1600,Food Service,309.4
2020-21,2045,Prospect SD 59,100,General Fund,1110,Ad valorem taxes levied by district,631853.5
2020-21,2045,Prospect SD 59,100,General Fund,1190,Penalties and interest on taxes,560.73
2020-21,2045,Prospect SD 59,100,General Fund,1500,Earnings on Investments,12436.73
2020-21,2045,Prospect SD 59,100,General Fund,1700,Extra-Curricular Activities,3172
2020-21,2045,Prospect SD 59,100,General Fund,1920,Contributions and Donations From Private Sources,3045
2020-21,2045,Prospect SD 59,299,Child Nutrition,5200,Interfund Transfers,40000
2020-21,2045,Prospect SD 59,299,Child Nutrition,5400,Resources - Beginning Fund Balance,-21762.65
2020-21,2045,Prospect SD 59,700,Trust and Agency Funds,1500,Earnings on Investments,1.11
2020-21,2045,Prospect SD 59,700,Trust and Agency Funds,1920,Contributions and Donations From Private Sources,8150
2020-21,2045,Prospect SD 59,700,Trust and Agency Funds,1990,Miscellaneous,20
2020-21,2045,Prospect SD 59,700,Trust and Agency Funds,5400,Resources - Beginning Fund Balance,5099.59
2020-21,2045,Prospect SD 59,251,Student Investment Account,3299,Other Restricted Grants-In-Aid,78998.97
2020-21,2045,Prospect SD 59,252,Measure 98 - High School Success,3299,Other Restricted Grants-In-Aid,25241.31
2020-21,2045,Prospect SD 59,252,Measure 98 - High School Success,5400,Resources - Beginning Fund Balance,-9699.81
2020-21,2045,Prospect SD 59,299,Child Nutrition,3102,State School Fund--School Lunch Match,1093.89
2020-21,2045,Prospect SD 59,299,Child Nutrition,4500,Restricted Revenue From Federal Government Through the State,80407.38
2020-21,2045,Prospect SD 59,299,Child Nutrition,4900,Revenue for/on Behalf of the District,8942.06
2020-21,2045,Prospect SD 59,250,Non-Federal Sources,1500,Earnings on Investments,12.99
2020-21,2045,Prospect SD 59,250,Non-Federal Sources,1700,Extra-Curricular Activities,15875.5
2020-21,2045,Prospect SD 59,250,Non-Federal Sources,1920,Contributions and Donations From Private Sources,253496.95
2020-21,2045,Prospect SD 59,250,Non-Federal Sources,1990,Miscellaneous,7124.22
2020-21,2045,Prospect SD 59,250,Non-Federal Sources,5200,Interfund Transfers,7000
2020-21,2045,Prospect SD 59,250,Non-Federal Sources,5400,Resources - Beginning Fund Balance,194929.31
2020-21,2045,Prospect SD 59,100,General Fund,4801,Federal Forest Fees,2099.26
2020-21,2045,Prospect SD 59,100,General Fund,5400,Resources - Beginning Fund Balance,1008711.7
2020-21,2045,Prospect SD 59,201,Federal Sources,4300,Restricted Revenue Direct From the Federal Government,31293.2
2020-21,2045,Prospect SD 59,201,Federal Sources,4500,Restricted Revenue From Federal Government Through the State,168915.89
2020-21,2045,Prospect SD 59,201,Federal Sources,4700,Grants-In-Aid From Federal Government Through Other Intermed,9754.45
2020-21,2045,Prospect SD 59,201,Federal Sources,5400,Resources - Beginning Fund Balance,-9564.18
2020-21,2045,Prospect SD 59,100,General Fund,1960,Recovery of Prior Years' Expenditure,10057.29
2020-21,2045,Prospect SD 59,100,General Fund,1990,Miscellaneous,908.9
2020-21,2045,Prospect SD 59,100,General Fund,2199,Other Intermediate Sources,23496.22
2020-21,2045,Prospect SD 59,100,General Fund,3101,State School Fund --General Support,2665993.28
2020-21,2045,Prospect SD 59,100,General Fund,3103,Common School Fund,20695.83
2020-21,2045,Prospect SD 59,100,General Fund,3299,Other Restricted Grants-In-Aid,7431.37
2020-21,2046,Butte Falls SD 91,100,General Fund,1110,Ad valorem taxes levied by district,500350.57
2020-21,2046,Butte Falls SD 91,201,Federal Sources,4500,Restricted Revenue From Federal Government Through the State,223084.56
2020-21,2046,Butte Falls SD 91,100,General Fund,1500,Earnings on Investments,9079.16
2020-21,2046,Butte Falls SD 91,100,General Fund,1910,Rentals,2491.39
2020-21,2046,Butte Falls SD 91,100,General Fund,1920,Contributions and Donations From Private Sources,1950
2020-21,2046,Butte Falls SD 91,100,General Fund,1990,Miscellaneous,30649.59
2020-21,2046,Butte Falls SD 91,250,Non-Federal Sources,1500,Earnings on Investments,8.43
2020-21,2046,Butte Falls SD 91,250,Non-Federal Sources,1700,Extra-Curricular Activities,5911.51
2020-21,2046,Butte Falls SD 91,250,Non-Federal Sources,1920,Contributions and Donations From Private Sources,20573.9
2020-21,2046,Butte Falls SD 91,250,Non-Federal Sources,1990,Miscellaneous,12743.08
2020-21,2046,Butte Falls SD 91,250,Non-Federal Sources,5400,Resources - Beginning Fund Balance,654637.63
2020-21,2046,Butte Falls SD 91,250,Non-Federal Sources,5200,Interfund Transfers,75000
2020-21,2046,Butte Falls SD 91,250,Non-Federal Sources,5300,Sale of or Compensation for Loss of Fixed Assets,6167.14
2020-21,2046,Butte Falls SD 91,400,Capital Projects Funds,3299,Other Restricted Grants-In-Aid,102918
2020-21,2046,Butte Falls SD 91,400,Capital Projects Funds,5200,Interfund Transfers,130000
2020-21,2046,Butte Falls SD 91,400,Capital Projects Funds,5300,Sale of or Compensation for Loss of Fixed Assets,57835
2020-21,2046,Butte Falls SD 91,400,Capital Projects Funds,5400,Resources - Beginning Fund Balance,840.03
2020-21,2046,Butte Falls SD 91,299,Child Nutrition,5200,Interfund Transfers,75000
2020-21,2046,Butte Falls SD 91,201,Federal Sources,4300,Restricted Revenue Direct From the Federal Government,12257.74
2020-21,2046,Butte Falls SD 91,201,Federal Sources,4700,Grants-In-Aid From Federal Government Through Other Intermed,26919.63
2020-21,2046,Butte Falls SD 91,201,Federal Sources,5400,Resources - Beginning Fund Balance,-1715.82
2020-21,2046,Butte Falls SD 91,250,Non-Federal Sources,3222,State School Fund (SSF) Transportation Equipment,19761
2020-21,2046,Butte Falls SD 91,250,Non-Federal Sources,3299,Other Restricted Grants-In-Aid,8775.56
2020-21,2046,Butte Falls SD 91,252,Measure 98 - High School Success,5400,Resources - Beginning Fund Balance,-12375.86
2020-21,2046,Butte Falls SD 91,251,Student Investment Account,3299,Other Restricted Grants-In-Aid,85413.98
2020-21,2046,Butte Falls SD 91,299,Child Nutrition,1600,Food Service,811.64
2020-21,2046,Butte Falls SD 91,299,Child Nutrition,3102,State School Fund--School Lunch Match,933.27
2020-21,2046,Butte Falls SD 91,299,Child Nutrition,4500,Restricted Revenue From Federal Government Through the State,130381.29
2020-21,2046,Butte Falls SD 91,299,Child Nutrition,4900,Revenue for/on Behalf of the District,9670.44
2020-21,2046,Butte Falls SD 91,100,General Fund,3101,State School Fund --General Support,3052064.3
2020-21,2046,Butte Falls SD 91,100,General Fund,3103,Common School Fund,20814.95
2020-21,2046,Butte Falls SD 91,100,General Fund,4801,Federal Forest Fees,2149.76
2020-21,2046,Butte Falls SD 91,100,General Fund,5300,Sale of or Compensation for Loss of Fixed Assets,2685
2020-21,2046,Butte Falls SD 91,100,General Fund,5400,Resources - Beginning Fund Balance,194481.19
2020-21,2046,Butte Falls SD 91,252,Measure 98 - High School Success,3299,Other Restricted Grants-In-Aid,79137.22
2020-21,2047,Pinehurst SD 94,100,General Fund,1110,Ad valorem taxes levied by district,223484
2020-21,2047,Pinehurst SD 94,100,General Fund,1500,Earnings on Investments,3167
2020-21,2047,Pinehurst SD 94,100,General Fund,1920,Contributions and Donations From Private Sources,2000
2020-21,2047,Pinehurst SD 94,100,General Fund,1980,Fees Charged to Grants,3225
2020-21,2047,Pinehurst SD 94,100,General Fund,1990,Miscellaneous,14
2020-21,2047,Pinehurst SD 94,100,General Fund,2102,General Education Service District Funds,1831
2020-21,2047,Pinehurst SD 94,200,Special Revenue Funds,1990,Miscellaneous,721
2020-21,2047,Pinehurst SD 94,200,Special Revenue Funds,3299,Other Restricted Grants-In-Aid,10645
2020-21,2047,Pinehurst SD 94,200,Special Revenue Funds,4500,Restricted Revenue From Federal Government Through the State,82009
2020-21,2047,Pinehurst SD 94,200,Special Revenue Funds,5400,Resources - Beginning Fund Balance,80087
2020-21,2047,Pinehurst SD 94,400,Capital Projects Funds,5400,Resources - Beginning Fund Balance,7300
2020-21,2047,Pinehurst SD 94,100,General Fund,3101,State School Fund --General Support,244885
2020-21,2047,Pinehurst SD 94,100,General Fund,3103,Common School Fund,1688
2020-21,2047,Pinehurst SD 94,100,General Fund,4500,Restricted Revenue From Federal Government Through the State,10000
2020-21,2047,Pinehurst SD 94,100,General Fund,4801,Federal Forest Fees,152
2020-21,2047,Pinehurst SD 94,100,General Fund,5400,Resources - Beginning Fund Balance,266062
2020-21,2047,Pinehurst SD 94,200,Special Revenue Funds,1920,Contributions and Donations From Private Sources,24720
2020-21,2048,Medford SD 549C,600,Internal Service Funds,1990,Miscellaneous,338021.44
2020-21,2048,Medford SD 549C,600,Internal Service Funds,5400,Resources - Beginning Fund Balance,5447936.45
2020-21,2048,Medford SD 549C,700,Trust and Agency Funds,1500,Earnings on Investments,22980.65
2020-21,2048,Medford SD 549C,700,Trust and Agency Funds,1700,Extra-Curricular Activities,42500
2020-21,2048,Medford SD 549C,700,Trust and Agency Funds,1920,Contributions and Donations From Private Sources,164467.68
2020-21,2048,Medford SD 549C,700,Trust and Agency Funds,5400,Resources - Beginning Fund Balance,522578.48
2020-21,2048,Medford SD 549C,300,Debt Service Funds,5400,Resources - Beginning Fund Balance,1091818.15
2020-21,2048,Medford SD 549C,400,Capital Projects Funds,1500,Earnings on Investments,-32858.41
2020-21,2048,Medford SD 549C,400,Capital Projects Funds,1990,Miscellaneous,22454.79
2020-21,2048,Medford SD 549C,400,Capital Projects Funds,5100,Long Term Debt Financing Sources,22703460.7
2020-21,2048,Medford SD 549C,400,Capital Projects Funds,5400,Resources - Beginning Fund Balance,270825.7
2020-21,2048,Medford SD 549C,600,Internal Service Funds,1970,Services Provided Other Funds,17352259.89
2020-21,2048,Medford SD 549C,299,Child Nutrition,4500,Restricted Revenue From Federal Government Through the State,3212422.55
2020-21,2048,Medford SD 549C,299,Child Nutrition,4900,Revenue for/on Behalf of the District,238358.13
2020-21,2048,Medford SD 549C,299,Child Nutrition,5400,Resources - Beginning Fund Balance,1242320.01
2020-21,2048,Medford SD 549C,300,Debt Service Funds,1110,Ad valorem taxes levied by district,13007738.12
2020-21,2048,Medford SD 549C,300,Debt Service Funds,1500,Earnings on Investments,15156.9
2020-21,2048,Medford SD 549C,300,Debt Service Funds,1970,Services Provided Other Funds,4119434.85
2020-21,2048,Medford SD 549C,251,Student Investment Account,5400,Resources - Beginning Fund Balance,0
2020-21,2048,Medford SD 549C,252,Measure 98 - High School Success,3299,Other Restricted Grants-In-Aid,3370001.5
2020-21,2048,Medford SD 549C,252,Measure 98 - High School Success,5400,Resources - Beginning Fund Balance,3273.63
2020-21,2048,Medford SD 549C,299,Child Nutrition,1600,Food Service,38883.18
2020-21,2048,Medford SD 549C,299,Child Nutrition,3102,State School Fund--School Lunch Match,55586.81
2020-21,2048,Medford SD 549C,299,Child Nutrition,3299,Other Restricted Grants-In-Aid,3000
2020-21,2048,Medford SD 549C,250,Non-Federal Sources,2199,Other Intermediate Sources,11329.59
2020-21,2048,Medford SD 549C,250,Non-Federal Sources,3199,Other Unrestricted Grants-In-Aid,362590.54
2020-21,2048,Medford SD 549C,250,Non-Federal Sources,3299,Other Restricted Grants-In-Aid,1350862.74
2020-21,2048,Medford SD 549C,250,Non-Federal Sources,5200,Interfund Transfers,7468791
2020-21,2048,Medford SD 549C,250,Non-Federal Sources,5400,Resources - Beginning Fund Balance,5318523.97
2020-21,2048,Medford SD 549C,251,Student Investment Account,3299,Other Restricted Grants-In-Aid,3675477.93
2020-21,2048,Medford SD 549C,201,Federal Sources,5400,Resources - Beginning Fund Balance,0
2020-21,2048,Medford SD 549C,250,Non-Federal Sources,1130,Construction Excise Tax,1114247
2020-21,2048,Medford SD 549C,250,Non-Federal Sources,1500,Earnings on Investments,1.43
2020-21,2048,Medford SD 549C,250,Non-Federal Sources,1700,Extra-Curricular Activities,72400.44
2020-21,2048,Medford SD 549C,250,Non-Federal Sources,1920,Contributions and Donations From Private Sources,169995.84
2020-21,2048,Medford SD 549C,250,Non-Federal Sources,1990,Miscellaneous,344292.66
2020-21,2048,Medford SD 549C,100,General Fund,5200,Interfund Transfers,1401100
2020-21,2048,Medford SD 549C,100,General Fund,5400,Resources - Beginning Fund Balance,17942051.73
2020-21,2048,Medford SD 549C,201,Federal Sources,1920,Contributions and Donations From Private Sources,31848.84
2020-21,2048,Medford SD 549C,201,Federal Sources,3299,Other Restricted Grants-In-Aid,0
2020-21,2048,Medford SD 549C,201,Federal Sources,4500,Restricted Revenue From Federal Government Through the State,11720016.95
2020-21,2048,Medford SD 549C,201,Federal Sources,4700,Grants-In-Aid From Federal Government Through Other Intermed,176233.12
2020-21,2048,Medford SD 549C,100,General Fund,2102,General Education Service District Funds,4270094.26
2020-21,2048,Medford SD 549C,100,General Fund,3101,State School Fund --General Support,109041218.38
2020-21,2048,Medford SD 549C,100,General Fund,3103,Common School Fund,1440171.28
2020-21,2048,Medford SD 549C,100,General Fund,3299,Other Restricted Grants-In-Aid,245079.29
2020-21,2048,Medford SD 549C,100,General Fund,4500,Restricted Revenue From Federal Government Through the State,5010
2020-21,2048,Medford SD 549C,100,General Fund,4801,Federal Forest Fees,141986.27
2020-21,2048,Medford SD 549C,100,General Fund,1800,Community Services Activities,52951.7
2020-21,2048,Medford SD 549C,100,General Fund,1910,Rentals,52528.95
2020-21,2048,Medford SD 549C,100,General Fund,1920,Contributions and Donations From Private Sources,400
2020-21,2048,Medford SD 549C,100,General Fund,1940,Services Provided Other Local Education Agencies,9601
2020-21,2048,Medford SD 549C,100,General Fund,1980,Fees Charged to Grants,590257.6
2020-21,2048,Medford SD 549C,100,General Fund,1990,Miscellaneous,283706.91
2020-21,2048,Medford SD 549C,100,General Fund,1110,Ad valorem taxes levied by district,42367903.1
2020-21,2048,Medford SD 549C,100,General Fund,1190,Penalties and interest on taxes,53788.06
2020-21,2048,Medford SD 549C,100,General Fund,1500,Earnings on Investments,401737.15
2020-21,2049,Jefferson ESD,100,General Fund,1110,Ad valorem taxes levied by district,384513.96
2020-21,2049,Jefferson ESD,100,General Fund,1500,Earnings on Investments,7874.04
2020-21,2049,Jefferson ESD,100,General Fund,1940,Services Provided Other Local Education Agencies,194083.66
2020-21,2049,Jefferson ESD,100,General Fund,1980,Fees Charged to Grants,2956.8
2020-21,2049,Jefferson ESD,100,General Fund,1990,Miscellaneous,3804.49
2020-21,2049,Jefferson ESD,100,General Fund,3101,State School Fund --General Support,1550043.35
2020-21,2049,Jefferson ESD,100,General Fund,5400,Resources - Beginning Fund Balance,814156.24
2020-21,2049,Jefferson ESD,201,Federal Sources,4500,Restricted Revenue From Federal Government Through the State,2211.7
2020-21,2049,Jefferson ESD,250,Non-Federal Sources,3299,Other Restricted Grants-In-Aid,78837.88
2020-21,2049,Jefferson ESD,250,Non-Federal Sources,5200,Interfund Transfers,5000
2020-21,2049,Jefferson ESD,250,Non-Federal Sources,5400,Resources - Beginning Fund Balance,6172.37
2020-21,2049,Jefferson ESD,251,Student Investment Account,3299,Other Restricted Grants-In-Aid,114159.8
2020-21,2050,Culver SD 4,400,Capital Projects Funds,5400,Resources - Beginning Fund Balance,631726.06
2020-21,2050,Culver SD 4,300,Debt Service Funds,1500,Earnings on Investments,4162.76
2020-21,2050,Culver SD 4,300,Debt Service Funds,5200,Interfund Transfers,119563
2020-21,2050,Culver SD 4,300,Debt Service Funds,5400,Resources - Beginning Fund Balance,26580.93
2020-21,2050,Culver SD 4,400,Capital Projects Funds,1130,Construction Excise Tax,45816.48
2020-21,2050,Culver SD 4,400,Capital Projects Funds,1500,Earnings on Investments,3160.25
2020-21,2050,Culver SD 4,400,Capital Projects Funds,3222,State School Fund (SSF) Transportation Equipment,58578
2020-21,2050,Culver SD 4,299,Child Nutrition,3102,State School Fund--School Lunch Match,2732.81
2020-21,2050,Culver SD 4,299,Child Nutrition,4500,Restricted Revenue From Federal Government Through the State,271380.81
2020-21,2050,Culver SD 4,299,Child Nutrition,4900,Revenue for/on Behalf of the District,25655.41
2020-21,2050,Culver SD 4,299,Child Nutrition,5200,Interfund Transfers,81090.56
2020-21,2050,Culver SD 4,299,Child Nutrition,5400,Resources - Beginning Fund Balance,3299.33
2020-21,2050,Culver SD 4,300,Debt Service Funds,1110,Ad valorem taxes levied by district,747996.49
2020-21,2050,Culver SD 4,250,Non-Federal Sources,5200,Interfund Transfers,120000
2020-21,2050,Culver SD 4,250,Non-Federal Sources,5400,Resources - Beginning Fund Balance,330082.92
2020-21,2050,Culver SD 4,251,Student Investment Account,3299,Other Restricted Grants-In-Aid,199676.14
2020-21,2050,Culver SD 4,252,Measure 98 - High School Success,3299,Other Restricted Grants-In-Aid,225967.79
2020-21,2050,Culver SD 4,299,Child Nutrition,1600,Food Service,107.84
2020-21,2050,Culver SD 4,299,Child Nutrition,1990,Miscellaneous,1659.83
2020-21,2050,Culver SD 4,250,Non-Federal Sources,1500,Earnings on Investments,1774.27
2020-21,2050,Culver SD 4,250,Non-Federal Sources,1700,Extra-Curricular Activities,21848.53
2020-21,2050,Culver SD 4,250,Non-Federal Sources,1920,Contributions and Donations From Private Sources,16167.99
2020-21,2050,Culver SD 4,250,Non-Federal Sources,1990,Miscellaneous,21253.03
2020-21,2050,Culver SD 4,250,Non-Federal Sources,3299,Other Restricted Grants-In-Aid,86816.67
2020-21,2050,Culver SD 4,250,Non-Federal Sources,4200,Unrestricted Revenue From Federal Government Through State,3149.55
2020-21,2050,Culver SD 4,100,General Fund,3103,Common School Fund,54783.62
2020-21,2050,Culver SD 4,100,General Fund,3299,Other Restricted Grants-In-Aid,550.4
2020-21,2050,Culver SD 4,100,General Fund,5400,Resources - Beginning Fund Balance,2608328.53
2020-21,2050,Culver SD 4,201,Federal Sources,3299,Other Restricted Grants-In-Aid,2261.07
2020-21,2050,Culver SD 4,201,Federal Sources,4500,Restricted Revenue From Federal Government Through the State,1168302.83
2020-21,2050,Culver SD 4,201,Federal Sources,5400,Resources - Beginning Fund Balance,-59.75
2020-21,2050,Culver SD 4,100,General Fund,1500,Earnings on Investments,37566.49
2020-21,2050,Culver SD 4,100,General Fund,1700,Extra-Curricular Activities,5521.87
2020-21,2050,Culver SD 4,100,General Fund,1980,Fees Charged to Grants,9216.3
2020-21,2050,Culver SD 4,100,General Fund,1990,Miscellaneous,77357.99
2020-21,2050,Culver SD 4,100,General Fund,2101,County School Funds,28723.9
2020-21,2050,Culver SD 4,100,General Fund,3101,State School Fund --General Support,6218209.62
2020-21,2050,Culver SD 4,100,General Fund,1110,Ad valorem taxes levied by district,1837840.91
2020-21,2050,Culver SD 4,100,General Fund,1312,Tuition from Other Districts within the State,35376
2020-21,2050,Culver SD 4,100,General Fund,1412,Transportation fees from Other Districts within the State,1405.8
2020-21,2051,Ashwood SD 8,200,Special Revenue Funds,3299,Other Restricted Grants-In-Aid,21752
2020-21,2051,Ashwood SD 8,100,General Fund,5400,Resources - Beginning Fund Balance,455511
2020-21,2051,Ashwood SD 8,200,Special Revenue Funds,5400,Resources - Beginning Fund Balance,7213
2020-21,2051,Ashwood SD 8,100,General Fund,1500,Earnings on Investments,2893
2020-21,2051,Ashwood SD 8,100,General Fund,1990,Miscellaneous,5884
2020-21,2051,Ashwood SD 8,100,General Fund,2101,County School Funds,2111
2020-21,2051,Ashwood SD 8,100,General Fund,3101,State School Fund --General Support,432280
2020-21,2051,Ashwood SD 8,100,General Fund,3103,Common School Fund,546
2020-21,2052,Black Butte SD 41,100,General Fund,1110,Ad valorem taxes levied by district,307231.93
2020-21,2052,Black Butte SD 41,100,General Fund,1500,Earnings on Investments,15446.03
2020-21,2052,Black Butte SD 41,100,General Fund,1910,Rentals,15000
2020-21,2052,Black Butte SD 41,100,General Fund,1990,Miscellaneous,10285.39
2020-21,2052,Black Butte SD 41,100,General Fund,2101,County School Funds,983.46
2020-21,2052,Black Butte SD 41,100,General Fund,3101,State School Fund --General Support,290099.74
2020-21,2052,Black Butte SD 41,201,Federal Sources,4500,Restricted Revenue From Federal Government Through the State,63423.47
2020-21,2052,Black Butte SD 41,201,Federal Sources,5400,Resources - Beginning Fund Balance,29924.55
2020-21,2052,Black Butte SD 41,250,Non-Federal Sources,1920,Contributions and Donations From Private Sources,1000
2020-21,2052,Black Butte SD 41,250,Non-Federal Sources,3299,Other Restricted Grants-In-Aid,9706.99
2020-21,2052,Black Butte SD 41,251,Student Investment Account,3299,Other Restricted Grants-In-Aid,13142.68
2020-21,2052,Black Butte SD 41,100,General Fund,3103,Common School Fund,1875.74
2020-21,2052,Black Butte SD 41,100,General Fund,3299,Other Restricted Grants-In-Aid,1146
2020-21,2052,Black Butte SD 41,100,General Fund,4500,Restricted Revenue From Federal Government Through the State,1259
2020-21,2052,Black Butte SD 41,100,General Fund,5200,Interfund Transfers,100000
2020-21,2052,Black Butte SD 41,100,General Fund,5400,Resources - Beginning Fund Balance,1243403.99
2020-21,2052,Black Butte SD 41,201,Federal Sources,4300,Restricted Revenue Direct From the Federal Government,20554
2020-21,2053,Jefferson County SD 509J,100,General Fund,1110,Ad valorem taxes levied by district,5101576.11
2020-21,2053,Jefferson County SD 509J,100,General Fund,1312,Tuition from Other Districts within the State,15965.71
2020-21,2053,Jefferson County SD 509J,100,General Fund,1411,Transportation fees from Individuals,7086.29
2020-21,2053,Jefferson County SD 509J,100,General Fund,1500,Earnings on Investments,192537.42
2020-21,2053,Jefferson County SD 509J,100,General Fund,1980,Fees Charged to Grants,404636.7
2020-21,2053,Jefferson County SD 509J,100,General Fund,1990,Miscellaneous,1689094.09
2020-21,2053,Jefferson County SD 509J,100,General Fund,5400,Resources - Beginning Fund Balance,16698169.28
2020-21,2053,Jefferson County SD 509J,100,General Fund,1910,Rentals,64847.38
2020-21,2053,Jefferson County SD 509J,299,Child Nutrition,4900,Revenue for/on Behalf of the District,137804.96
2020-21,2053,Jefferson County SD 509J,299,Child Nutrition,5200,Interfund Transfers,511848
2020-21,2053,Jefferson County SD 509J,299,Child Nutrition,5400,Resources - Beginning Fund Balance,163134.97
2020-21,2053,Jefferson County SD 509J,300,Debt Service Funds,5400,Resources - Beginning Fund Balance,40112.61
2020-21,2053,Jefferson County SD 509J,100,General Fund,3101,State School Fund --General Support,28435239.21
2020-21,2053,Jefferson County SD 509J,100,General Fund,5200,Interfund Transfers,3792134.74
2020-21,2053,Jefferson County SD 509J,252,Measure 98 - High School Success,3299,Other Restricted Grants-In-Aid,677287.58
2020-21,2053,Jefferson County SD 509J,299,Child Nutrition,1600,Food Service,65.5
2020-21,2053,Jefferson County SD 509J,299,Child Nutrition,1990,Miscellaneous,1416.73
2020-21,2053,Jefferson County SD 509J,299,Child Nutrition,3102,State School Fund--School Lunch Match,17635.3
2020-21,2053,Jefferson County SD 509J,299,Child Nutrition,3299,Other Restricted Grants-In-Aid,6100.85
2020-21,2053,Jefferson County SD 509J,299,Child Nutrition,4500,Restricted Revenue From Federal Government Through the State,1196273.52
2020-21,2053,Jefferson County SD 509J,250,Non-Federal Sources,1990,Miscellaneous,92364.58
2020-21,2053,Jefferson County SD 509J,250,Non-Federal Sources,3299,Other Restricted Grants-In-Aid,1341101.2
2020-21,2053,Jefferson County SD 509J,250,Non-Federal Sources,4700,Grants-In-Aid From Federal Government Through Other Intermed,4038.73
2020-21,2053,Jefferson County SD 509J,250,Non-Federal Sources,5200,Interfund Transfers,121911.91
2020-21,2053,Jefferson County SD 509J,250,Non-Federal Sources,5400,Resources - Beginning Fund Balance,260506.86
2020-21,2053,Jefferson County SD 509J,251,Student Investment Account,3299,Other Restricted Grants-In-Aid,811949.79
2020-21,2053,Jefferson County SD 509J,201,Federal Sources,4300,Restricted Revenue Direct From the Federal Government,3054440.12
2020-21,2053,Jefferson County SD 509J,201,Federal Sources,4500,Restricted Revenue From Federal Government Through the State,3932174.74
2020-21,2053,Jefferson County SD 509J,201,Federal Sources,4700,Grants-In-Aid From Federal Government Through Other Intermed,15281.32
2020-21,2053,Jefferson County SD 509J,250,Non-Federal Sources,1700,Extra-Curricular Activities,60864.43
2020-21,2053,Jefferson County SD 509J,250,Non-Federal Sources,1800,Community Services Activities,10341.9
2020-21,2053,Jefferson County SD 509J,250,Non-Federal Sources,1920,Contributions and Donations From Private Sources,237671.25
2020-21,2053,Jefferson County SD 509J,100,General Fund,5300,Sale of or Compensation for Loss of Fixed Assets,16196
2020-21,2053,Jefferson County SD 509J,300,Debt Service Funds,1110,Ad valorem taxes levied by district,3215020.64
2020-21,2053,Jefferson County SD 509J,300,Debt Service Funds,1500,Earnings on Investments,19638.32
2020-21,2053,Jefferson County SD 509J,300,Debt Service Funds,2199,Other Intermediate Sources,5451.42
2020-21,2053,Jefferson County SD 509J,300,Debt Service Funds,5200,Interfund Transfers,1358467.54
2020-21,2053,Jefferson County SD 509J,400,Capital Projects Funds,3299,Other Restricted Grants-In-Aid,1323430.27
2020-21,2053,Jefferson County SD 509J,100,General Fund,2101,County School Funds,127386.38
2020-21,2053,Jefferson County SD 509J,100,General Fund,2199,Other Intermediate Sources,8629.07
2020-21,2053,Jefferson County SD 509J,100,General Fund,2200,Restricted Revenue,74195.2
2020-21,2053,Jefferson County SD 509J,100,General Fund,3103,Common School Fund,240116.26
2020-21,2053,Jefferson County SD 509J,100,General Fund,4300,Restricted Revenue Direct From the Federal Government,56919.4
2020-21,2053,Jefferson County SD 509J,100,General Fund,4802,Impact Aid to School Districts for Operation,3149730
2020-21,2054,Grants Pass SD 7,200,Special Revenue Funds,5400,Resources - Beginning Fund Balance,4138504
2020-21,2054,Grants Pass SD 7,600,Internal Service Funds,5400,Resources - Beginning Fund Balance,56534
2020-21,2054,Grants Pass SD 7,100,General Fund,5400,Resources - Beginning Fund Balance,4027082
2020-21,2054,Grants Pass SD 7,400,Capital Projects Funds,5100,Long Term Debt Financing Sources,15458977.48
2020-21,2054,Grants Pass SD 7,100,General Fund,2200,Restricted Revenue,81675
2020-21,2054,Grants Pass SD 7,400,Capital Projects Funds,3199,Other Unrestricted Grants-In-Aid,1493613.04
2020-21,2054,Grants Pass SD 7,400,Capital Projects Funds,3299,Other Restricted Grants-In-Aid,20000
2020-21,2054,Grants Pass SD 7,400,Capital Projects Funds,5200,Interfund Transfers,600000
2020-21,2054,Grants Pass SD 7,400,Capital Projects Funds,5400,Resources - Beginning Fund Balance,127249
2020-21,2054,Grants Pass SD 7,600,Internal Service Funds,1970,Services Provided Other Funds,1960.61
2020-21,2054,Grants Pass SD 7,100,General Fund,3101,State School Fund --General Support,49461204.56
2020-21,2054,Grants Pass SD 7,200,Special Revenue Funds,4500,Restricted Revenue From Federal Government Through the State,5623044.61
2020-21,2054,Grants Pass SD 7,200,Special Revenue Funds,5100,Long Term Debt Financing Sources,158040
2020-21,2054,Grants Pass SD 7,200,Special Revenue Funds,5200,Interfund Transfers,500000
2020-21,2054,Grants Pass SD 7,400,Capital Projects Funds,1130,Construction Excise Tax,324436.96
2020-21,2054,Grants Pass SD 7,400,Capital Projects Funds,1500,Earnings on Investments,763.83
2020-21,2054,Grants Pass SD 7,400,Capital Projects Funds,1990,Miscellaneous,149292
2020-21,2054,Grants Pass SD 7,200,Special Revenue Funds,1920,Contributions and Donations From Private Sources,36986.18
2020-21,2054,Grants Pass SD 7,200,Special Revenue Funds,1990,Miscellaneous,150698.17
2020-21,2054,Grants Pass SD 7,200,Special Revenue Funds,3101,State School Fund --General Support,10000
2020-21,2054,Grants Pass SD 7,200,Special Revenue Funds,3102,State School Fund--School Lunch Match,32637.8
2020-21,2054,Grants Pass SD 7,200,Special Revenue Funds,3199,Other Unrestricted Grants-In-Aid,1207.73
2020-21,2054,Grants Pass SD 7,200,Special Revenue Funds,3299,Other Restricted Grants-In-Aid,3327102.44
2020-21,2054,Grants Pass SD 7,100,General Fund,4500,Restricted Revenue From Federal Government Through the State,2426476.58
2020-21,2054,Grants Pass SD 7,100,General Fund,4801,Federal Forest Fees,113793.46
2020-21,2054,Grants Pass SD 7,100,General Fund,5300,Sale of or Compensation for Loss of Fixed Assets,16209
2020-21,2054,Grants Pass SD 7,200,Special Revenue Funds,1500,Earnings on Investments,26301.15
2020-21,2054,Grants Pass SD 7,200,Special Revenue Funds,1600,Food Service,1552.23
2020-21,2054,Grants Pass SD 7,200,Special Revenue Funds,1700,Extra-Curricular Activities,77961.86
2020-21,2054,Grants Pass SD 7,100,General Fund,1980,Fees Charged to Grants,191144.47
2020-21,2054,Grants Pass SD 7,100,General Fund,1990,Miscellaneous,312332.75
2020-21,2054,Grants Pass SD 7,100,General Fund,2102,General Education Service District Funds,1681953.27
2020-21,2054,Grants Pass SD 7,100,General Fund,2199,Other Intermediate Sources,1317.01
2020-21,2054,Grants Pass SD 7,100,General Fund,3103,Common School Fund,587663.7
2020-21,2054,Grants Pass SD 7,100,General Fund,3299,Other Restricted Grants-In-Aid,245103.78
2020-21,2054,Grants Pass SD 7,100,General Fund,1200,Revenue From Local Governmental Units Other Than Districts,5577.92
2020-21,2054,Grants Pass SD 7,100,General Fund,1500,Earnings on Investments,82356.3
2020-21,2054,Grants Pass SD 7,100,General Fund,1700,Extra-Curricular Activities,48263.82
2020-21,2054,Grants Pass SD 7,100,General Fund,1910,Rentals,1000
2020-21,2054,Grants Pass SD 7,100,General Fund,1920,Contributions and Donations From Private Sources,36825.79
2020-21,2054,Grants Pass SD 7,100,General Fund,1930,Rental or Lease Payments from Private Contractors,3150
2020-21,2054,Grants Pass SD 7,100,General Fund,1110,Ad valorem taxes levied by district,16109140.18
2020-21,2055,Three Rivers/Josephine County SD,300,Debt Service Funds,1110,Ad valorem taxes levied by district,2455621.2
2020-21,2055,Three Rivers/Josephine County SD,300,Debt Service Funds,1500,Earnings on Investments,11303.3
2020-21,2055,Three Rivers/Josephine County SD,400,Capital Projects Funds,1500,Earnings on Investments,14764.4
2020-21,2055,Three Rivers/Josephine County SD,600,Internal Service Funds,1980,Fees Charged to Grants,350116.61
2020-21,2055,Three Rivers/Josephine County SD,600,Internal Service Funds,1990,Miscellaneous,66650.31
2020-21,2055,Three Rivers/Josephine County SD,600,Internal Service Funds,5200,Interfund Transfers,20000
2020-21,2055,Three Rivers/Josephine County SD,600,Internal Service Funds,5400,Resources - Beginning Fund Balance,1046267.22
2020-21,2055,Three Rivers/Josephine County SD,700,Trust and Agency Funds,1500,Earnings on Investments,24.83
2020-21,2055,Three Rivers/Josephine County SD,700,Trust and Agency Funds,5400,Resources - Beginning Fund Balance,3519.34
2020-21,2055,Three Rivers/Josephine County SD,400,Capital Projects Funds,3299,Other Restricted Grants-In-Aid,1456330
2020-21,2055,Three Rivers/Josephine County SD,400,Capital Projects Funds,5100,Long Term Debt Financing Sources,333423
2020-21,2055,Three Rivers/Josephine County SD,400,Capital Projects Funds,5200,Interfund Transfers,140000
2020-21,2055,Three Rivers/Josephine County SD,400,Capital Projects Funds,5300,Sale of or Compensation for Loss of Fixed Assets,20373.98
2020-21,2055,Three Rivers/Josephine County SD,400,Capital Projects Funds,5400,Resources - Beginning Fund Balance,1508588.56
2020-21,2055,Three Rivers/Josephine County SD,600,Internal Service Funds,1500,Earnings on Investments,2913.11
2020-21,2055,Three Rivers/Josephine County SD,299,Child Nutrition,5200,Interfund Transfers,21004.49
2020-21,2055,Three Rivers/Josephine County SD,300,Debt Service Funds,1970,Services Provided Other Funds,2687291.56
2020-21,2055,Three Rivers/Josephine County SD,300,Debt Service Funds,5200,Interfund Transfers,17500
2020-21,2055,Three Rivers/Josephine County SD,300,Debt Service Funds,5400,Resources - Beginning Fund Balance,621371.92
2020-21,2055,Three Rivers/Josephine County SD,400,Capital Projects Funds,1130,Construction Excise Tax,442877.77
2020-21,2055,Three Rivers/Josephine County SD,400,Capital Projects Funds,1990,Miscellaneous,358835.32
2020-21,2055,Three Rivers/Josephine County SD,299,Child Nutrition,1600,Food Service,5643.48
2020-21,2055,Three Rivers/Josephine County SD,299,Child Nutrition,1920,Contributions and Donations From Private Sources,21000
2020-21,2055,Three Rivers/Josephine County SD,299,Child Nutrition,1990,Miscellaneous,2.63
2020-21,2055,Three Rivers/Josephine County SD,299,Child Nutrition,3299,Other Restricted Grants-In-Aid,29896.3
2020-21,2055,Three Rivers/Josephine County SD,299,Child Nutrition,4500,Restricted Revenue From Federal Government Through the State,2047881.08
2020-21,2055,Three Rivers/Josephine County SD,299,Child Nutrition,4900,Revenue for/on Behalf of the District,177633.56
2020-21,2055,Three Rivers/Josephine County SD,250,Non-Federal Sources,1990,Miscellaneous,69619.37
2020-21,2055,Three Rivers/Josephine County SD,250,Non-Federal Sources,3299,Other Restricted Grants-In-Aid,3378476.18
2020-21,2055,Three Rivers/Josephine County SD,250,Non-Federal Sources,4500,Restricted Revenue From Federal Government Through the State,155500
2020-21,2055,Three Rivers/Josephine County SD,250,Non-Federal Sources,5400,Resources - Beginning Fund Balance,1355991.15
2020-21,2055,Three Rivers/Josephine County SD,251,Student Investment Account,3299,Other Restricted Grants-In-Aid,1250974.57
2020-21,2055,Three Rivers/Josephine County SD,252,Measure 98 - High School Success,3299,Other Restricted Grants-In-Aid,928247.47
2020-21,2055,Three Rivers/Josephine County SD,100,General Fund,4801,Federal Forest Fees,143455.64
2020-21,2055,Three Rivers/Josephine County SD,100,General Fund,5400,Resources - Beginning Fund Balance,4820827.12
2020-21,2055,Three Rivers/Josephine County SD,201,Federal Sources,4500,Restricted Revenue From Federal Government Through the State,7148379.64
2020-21,2055,Three Rivers/Josephine County SD,250,Non-Federal Sources,1500,Earnings on Investments,1298.48
2020-21,2055,Three Rivers/Josephine County SD,250,Non-Federal Sources,1700,Extra-Curricular Activities,445476.66
2020-21,2055,Three Rivers/Josephine County SD,250,Non-Federal Sources,1920,Contributions and Donations From Private Sources,101295.4
2020-21,2055,Three Rivers/Josephine County SD,100,General Fund,2102,General Education Service District Funds,1375199.82
2020-21,2055,Three Rivers/Josephine County SD,100,General Fund,3101,State School Fund --General Support,35492101.31
2020-21,2055,Three Rivers/Josephine County SD,100,General Fund,3103,Common School Fund,453991.16
2020-21,2055,Three Rivers/Josephine County SD,100,General Fund,3104,State Managed County Timber,19079.67
2020-21,2055,Three Rivers/Josephine County SD,100,General Fund,3299,Other Restricted Grants-In-Aid,14640
2020-21,2055,Three Rivers/Josephine County SD,100,General Fund,4500,Restricted Revenue From Federal Government Through the State,35210.87
2020-21,2055,Three Rivers/Josephine County SD,100,General Fund,1110,Ad valorem taxes levied by district,18665813.9
2020-21,2055,Three Rivers/Josephine County SD,100,General Fund,1313,Tuition from Other Districts outside the State,43883.91
2020-21,2055,Three Rivers/Josephine County SD,100,General Fund,1500,Earnings on Investments,88814.21
2020-21,2055,Three Rivers/Josephine County SD,100,General Fund,1910,Rentals,24154.26
2020-21,2055,Three Rivers/Josephine County SD,100,General Fund,1960,Recovery of Prior Years' Expenditure,1785.87
2020-21,2055,Three Rivers/Josephine County SD,100,General Fund,1990,Miscellaneous,264776.92
2020-21,2056,Klamath Falls City Schools,100,General Fund,1110,Ad valorem taxes levied by district,6402435.96
2020-21,2056,Klamath Falls City Schools,100,General Fund,1120,Local option ad valorem taxes levied by district,1268.52
2020-21,2056,Klamath Falls City Schools,100,General Fund,1200,Revenue From Local Governmental Units Other Than Districts,138.39
2020-21,2056,Klamath Falls City Schools,100,General Fund,1500,Earnings on Investments,94919.47
2020-21,2056,Klamath Falls City Schools,100,General Fund,1910,Rentals,92224.5
2020-21,2056,Klamath Falls City Schools,100,General Fund,1960,Recovery of Prior Years' Expenditure,-6275.91
2020-21,2056,Klamath Falls City Schools,300,Debt Service Funds,1110,Ad valorem taxes levied by district,3200810.43
2020-21,2056,Klamath Falls City Schools,300,Debt Service Funds,5400,Resources - Beginning Fund Balance,638811.44
2020-21,2056,Klamath Falls City Schools,400,Capital Projects Funds,1500,Earnings on Investments,123192.99
2020-21,2056,Klamath Falls City Schools,400,Capital Projects Funds,5400,Resources - Beginning Fund Balance,751400.1
2020-21,2056,Klamath Falls City Schools,252,Measure 98 - High School Success,3299,Other Restricted Grants-In-Aid,839312.69
2020-21,2056,Klamath Falls City Schools,299,Child Nutrition,1600,Food Service,500.97
2020-21,2056,Klamath Falls City Schools,299,Child Nutrition,4500,Restricted Revenue From Federal Government Through the State,937804.33
2020-21,2056,Klamath Falls City Schools,299,Child Nutrition,4900,Revenue for/on Behalf of the District,97288.96
2020-21,2056,Klamath Falls City Schools,299,Child Nutrition,5200,Interfund Transfers,13537.8
2020-21,2056,Klamath Falls City Schools,299,Child Nutrition,5400,Resources - Beginning Fund Balance,398024.89
2020-21,2056,Klamath Falls City Schools,250,Non-Federal Sources,4700,Grants-In-Aid From Federal Government Through Other Intermed,391814.71
2020-21,2056,Klamath Falls City Schools,250,Non-Federal Sources,4900,Revenue for/on Behalf of the District,515.65
2020-21,2056,Klamath Falls City Schools,250,Non-Federal Sources,5200,Interfund Transfers,1132085.5
2020-21,2056,Klamath Falls City Schools,250,Non-Federal Sources,5300,Sale of or Compensation for Loss of Fixed Assets,160000
2020-21,2056,Klamath Falls City Schools,250,Non-Federal Sources,5400,Resources - Beginning Fund Balance,1847813.49
2020-21,2056,Klamath Falls City Schools,251,Student Investment Account,3299,Other Restricted Grants-In-Aid,793415.41
2020-21,2056,Klamath Falls City Schools,250,Non-Federal Sources,1920,Contributions and Donations From Private Sources,102699.33
2020-21,2056,Klamath Falls City Schools,250,Non-Federal Sources,1940,Services Provided Other Local Education Agencies,101389.89
2020-21,2056,Klamath Falls City Schools,250,Non-Federal Sources,1960,Recovery of Prior Years' Expenditure,-980
2020-21,2056,Klamath Falls City Schools,250,Non-Federal Sources,1990,Miscellaneous,167489.61
2020-21,2056,Klamath Falls City Schools,250,Non-Federal Sources,3299,Other Restricted Grants-In-Aid,4735212.36
2020-21,2056,Klamath Falls City Schools,250,Non-Federal Sources,4500,Restricted Revenue From Federal Government Through the State,154944.85
2020-21,2056,Klamath Falls City Schools,250,Non-Federal Sources,1311,Tuition from Individuals,48
2020-21,2056,Klamath Falls City Schools,250,Non-Federal Sources,1320,Adult/Continuing Education Tuition,75
2020-21,2056,Klamath Falls City Schools,250,Non-Federal Sources,1500,Earnings on Investments,314.8
2020-21,2056,Klamath Falls City Schools,250,Non-Federal Sources,1700,Extra-Curricular Activities,104814.21
2020-21,2056,Klamath Falls City Schools,250,Non-Federal Sources,1800,Community Services Activities,51884.97
2020-21,2056,Klamath Falls City Schools,250,Non-Federal Sources,1910,Rentals,30512.77
2020-21,2056,Klamath Falls City Schools,100,General Fund,5300,Sale of or Compensation for Loss of Fixed Assets,45625.1
2020-21,2056,Klamath Falls City Schools,100,General Fund,5400,Resources - Beginning Fund Balance,6017653.4
2020-21,2056,Klamath Falls City Schools,201,Federal Sources,4300,Restricted Revenue Direct From the Federal Government,43802.2
2020-21,2056,Klamath Falls City Schools,201,Federal Sources,4500,Restricted Revenue From Federal Government Through the State,4531133.94
2020-21,2056,Klamath Falls City Schools,201,Federal Sources,4700,Grants-In-Aid From Federal Government Through Other Intermed,140423.2
2020-21,2056,Klamath Falls City Schools,250,Non-Federal Sources,1130,Construction Excise Tax,164904.17
2020-21,2056,Klamath Falls City Schools,100,General Fund,3103,Common School Fund,266871.42
2020-21,2056,Klamath Falls City Schools,100,General Fund,3104,State Managed County Timber,8493.28
2020-21,2056,Klamath Falls City Schools,100,General Fund,3299,Other Restricted Grants-In-Aid,6662.4
2020-21,2056,Klamath Falls City Schools,100,General Fund,4500,Restricted Revenue From Federal Government Through the State,16393.81
2020-21,2056,Klamath Falls City Schools,100,General Fund,4801,Federal Forest Fees,346280.11
2020-21,2056,Klamath Falls City Schools,100,General Fund,5200,Interfund Transfers,177.56
2020-21,2056,Klamath Falls City Schools,100,General Fund,1980,Fees Charged to Grants,359849.79
2020-21,2056,Klamath Falls City Schools,100,General Fund,1990,Miscellaneous,51005
2020-21,2056,Klamath Falls City Schools,100,General Fund,2101,County School Funds,77539.62
2020-21,2056,Klamath Falls City Schools,100,General Fund,2102,General Education Service District Funds,759099.17
2020-21,2056,Klamath Falls City Schools,100,General Fund,2900,Revenue for/on Behalf of the District,41250
2020-21,2056,Klamath Falls City Schools,100,General Fund,3101,State School Fund --General Support,24696014.76
2020-21,2057,Klamath County SD,100,General Fund,1110,Ad valorem taxes levied by district,16471608.29
2020-21,2057,Klamath County SD,100,General Fund,3101,State School Fund --General Support,58940816
2020-21,2057,Klamath County SD,100,General Fund,5400,Resources - Beginning Fund Balance,6200799
2020-21,2057,Klamath County SD,200,Special Revenue Funds,5400,Resources - Beginning Fund Balance,2487888
2020-21,2057,Klamath County SD,300,Debt Service Funds,5400,Resources - Beginning Fund Balance,3234671
2020-21,2057,Klamath County SD,400,Capital Projects Funds,5400,Resources - Beginning Fund Balance,1807783
2020-21,2057,Klamath County SD,600,Internal Service Funds,1500,Earnings on Investments,315.56
2020-21,2057,Klamath County SD,600,Internal Service Funds,5200,Interfund Transfers,975522.9
2020-21,2057,Klamath County SD,700,Trust and Agency Funds,1500,Earnings on Investments,1872.54
2020-21,2057,Klamath County SD,700,Trust and Agency Funds,1920,Contributions and Donations From Private Sources,19756.51
2020-21,2057,Klamath County SD,600,Internal Service Funds,5400,Resources - Beginning Fund Balance,56360
2020-21,2057,Klamath County SD,700,Trust and Agency Funds,5400,Resources - Beginning Fund Balance,311675
2020-21,2057,Klamath County SD,300,Debt Service Funds,2800,Revenue in Lieu of Taxes,1942.33
2020-21,2057,Klamath County SD,300,Debt Service Funds,5200,Interfund Transfers,475359.75
2020-21,2057,Klamath County SD,400,Capital Projects Funds,1500,Earnings on Investments,9168.75
2020-21,2057,Klamath County SD,400,Capital Projects Funds,1960,Recovery of Prior Years' Expenditure,1462.83
2020-21,2057,Klamath County SD,400,Capital Projects Funds,1990,Miscellaneous,800
2020-21,2057,Klamath County SD,400,Capital Projects Funds,5200,Interfund Transfers,101374.11
2020-21,2057,Klamath County SD,200,Special Revenue Funds,4500,Restricted Revenue From Federal Government Through the State,9780514
2020-21,2057,Klamath County SD,200,Special Revenue Funds,4700,Grants-In-Aid From Federal Government Through Other Intermed,94394.72
2020-21,2057,Klamath County SD,200,Special Revenue Funds,4900,Revenue for/on Behalf of the District,255494.22
2020-21,2057,Klamath County SD,200,Special Revenue Funds,5200,Interfund Transfers,424043.42
2020-21,2057,Klamath County SD,300,Debt Service Funds,1110,Ad valorem taxes levied by district,2125900.36
2020-21,2057,Klamath County SD,300,Debt Service Funds,1500,Earnings on Investments,4176.74
2020-21,2057,Klamath County SD,200,Special Revenue Funds,1990,Miscellaneous,415
2020-21,2057,Klamath County SD,200,Special Revenue Funds,3102,State School Fund--School Lunch Match,33702.36
2020-21,2057,Klamath County SD,200,Special Revenue Funds,3222,State School Fund (SSF) Transportation Equipment,475000
2020-21,2057,Klamath County SD,200,Special Revenue Funds,3299,Other Restricted Grants-In-Aid,5556210.04
2020-21,2057,Klamath County SD,200,Special Revenue Funds,3900,Revenue for/on Behalf of the District,270910.48
2020-21,2057,Klamath County SD,200,Special Revenue Funds,4300,Restricted Revenue Direct From the Federal Government,80725
2020-21,2057,Klamath County SD,200,Special Revenue Funds,1320,Adult/Continuing Education Tuition,229229.57
2020-21,2057,Klamath County SD,200,Special Revenue Funds,1500,Earnings on Investments,5293.77
2020-21,2057,Klamath County SD,200,Special Revenue Funds,1600,Food Service,11722.58
2020-21,2057,Klamath County SD,200,Special Revenue Funds,1700,Extra-Curricular Activities,413746.8
2020-21,2057,Klamath County SD,200,Special Revenue Funds,1920,Contributions and Donations From Private Sources,300690.97
2020-21,2057,Klamath County SD,200,Special Revenue Funds,1940,Services Provided Other Local Education Agencies,44770
2020-21,2057,Klamath County SD,100,General Fund,4500,Restricted Revenue From Federal Government Through the State,215072.41
2020-21,2057,Klamath County SD,100,General Fund,4801,Federal Forest Fees,828508.53
2020-21,2057,Klamath County SD,100,General Fund,5100,Long Term Debt Financing Sources,798907
2020-21,2057,Klamath County SD,100,General Fund,5200,Interfund Transfers,680912.45
2020-21,2057,Klamath County SD,100,General Fund,5300,Sale of or Compensation for Loss of Fixed Assets,131018.15
2020-21,2057,Klamath County SD,200,Special Revenue Funds,1130,Construction Excise Tax,451380.35
2020-21,2057,Klamath County SD,100,General Fund,2900,Revenue for/on Behalf of the District,2116872.92
2020-21,2057,Klamath County SD,100,General Fund,3103,Common School Fund,620904.66
2020-21,2057,Klamath County SD,100,General Fund,3104,State Managed County Timber,400341.82
2020-21,2057,Klamath County SD,100,General Fund,3199,Other Unrestricted Grants-In-Aid,102752.79
2020-21,2057,Klamath County SD,100,General Fund,3299,Other Restricted Grants-In-Aid,30654
2020-21,2057,Klamath County SD,100,General Fund,4100,Unrestricted Revenue Direct From the Federal Government,29564.39
2020-21,2057,Klamath County SD,100,General Fund,1940,Services Provided Other Local Education Agencies,20000
2020-21,2057,Klamath County SD,100,General Fund,1960,Recovery of Prior Years' Expenditure,30922.53
2020-21,2057,Klamath County SD,100,General Fund,1980,Fees Charged to Grants,295645.71
2020-21,2057,Klamath County SD,100,General Fund,1990,Miscellaneous,422098.25
2020-21,2057,Klamath County SD,100,General Fund,2101,County School Funds,220547.65
2020-21,2057,Klamath County SD,100,General Fund,2800,Revenue in Lieu of Taxes,15112.54
2020-21,2057,Klamath County SD,100,General Fund,1411,Transportation fees from Individuals,5709.43
2020-21,2057,Klamath County SD,100,General Fund,1500,Earnings on Investments,181516.87
2020-21,2057,Klamath County SD,100,General Fund,1700,Extra-Curricular Activities,6380.74
2020-21,2057,Klamath County SD,100,General Fund,1800,Community Services Activities,58695.43
2020-21,2057,Klamath County SD,100,General Fund,1910,Rentals,32894.3
2020-21,2057,Klamath County SD,100,General Fund,1920,Contributions and Donations From Private Sources,10587
2020-21,2058,Lake ESD,100,General Fund,1110,Ad valorem taxes levied by district,683200.6
2020-21,2058,Lake ESD,100,General Fund,1190,Penalties and interest on taxes,4618.2
2020-21,2058,Lake ESD,100,General Fund,1500,Earnings on Investments,4742.78
2020-21,2058,Lake ESD,100,General Fund,1700,Extra-Curricular Activities,227.8
2020-21,2058,Lake ESD,100,General Fund,1910,Rentals,72537.64
2020-21,2058,Lake ESD,100,General Fund,1980,Fees Charged to Grants,7673.12
2020-21,2058,Lake ESD,100,General Fund,5400,Resources - Beginning Fund Balance,351112.9
2020-21,2058,Lake ESD,500,Enterprise Funds,5400,Resources - Beginning Fund Balance,13696.44
2020-21,2058,Lake ESD,400,Capital Projects Funds,5400,Resources - Beginning Fund Balance,43985.18
2020-21,2058,Lake ESD,250,Non-Federal Sources,5400,Resources - Beginning Fund Balance,138438.55
2020-21,2058,Lake ESD,250,Non-Federal Sources,4500,Restricted Revenue From Federal Government Through the State,18748.14
2020-21,2058,Lake ESD,400,Capital Projects Funds,1970,Services Provided Other Funds,8565.57
2020-21,2058,Lake ESD,400,Capital Projects Funds,1990,Miscellaneous,6465.44
2020-21,2058,Lake ESD,400,Capital Projects Funds,5200,Interfund Transfers,10000
2020-21,2058,Lake ESD,500,Enterprise Funds,1940,Services Provided Other Local Education Agencies,19520.3
2020-21,2058,Lake ESD,500,Enterprise Funds,1990,Miscellaneous,568.6
2020-21,2058,Lake ESD,201,Federal Sources,4500,Restricted Revenue From Federal Government Through the State,174899.61
2020-21,2058,Lake ESD,250,Non-Federal Sources,1920,Contributions and Donations From Private Sources,15000
2020-21,2058,Lake ESD,250,Non-Federal Sources,1940,Services Provided Other Local Education Agencies,86255.84
2020-21,2058,Lake ESD,250,Non-Federal Sources,1990,Miscellaneous,13104.71
2020-21,2058,Lake ESD,250,Non-Federal Sources,2200,Restricted Revenue,73600
2020-21,2058,Lake ESD,250,Non-Federal Sources,3299,Other Restricted Grants-In-Aid,182741.33
2020-21,2058,Lake ESD,100,General Fund,1990,Miscellaneous,1744.73
2020-21,2058,Lake ESD,100,General Fund,2199,Other Intermediate Sources,878.75
2020-21,2058,Lake ESD,100,General Fund,3101,State School Fund --General Support,794238
2020-21,2058,Lake ESD,100,General Fund,3299,Other Restricted Grants-In-Aid,11250
2020-21,2058,Lake ESD,100,General Fund,4802,Impact Aid to School Districts for Operation,1004.37
2020-21,2058,Lake ESD,201,Federal Sources,1990,Miscellaneous,71517.57
2020-21,2059,Lake County SD 7,700,Trust and Agency Funds,1920,Contributions and Donations From Private Sources,31721.75
2020-21,2059,Lake County SD 7,700,Trust and Agency Funds,5400,Resources - Beginning Fund Balance,7815.12
2020-21,2059,Lake County SD 7,200,Special Revenue Funds,3299,Other Restricted Grants-In-Aid,240610.18
2020-21,2059,Lake County SD 7,200,Special Revenue Funds,4100,Unrestricted Revenue Direct From the Federal Government,11546.79
2020-21,2059,Lake County SD 7,200,Special Revenue Funds,1700,Extra-Curricular Activities,35115
2020-21,2059,Lake County SD 7,200,Special Revenue Funds,5400,Resources - Beginning Fund Balance,-59437
2020-21,2059,Lake County SD 7,400,Capital Projects Funds,4300,Restricted Revenue Direct From the Federal Government,41523
2020-21,2059,Lake County SD 7,400,Capital Projects Funds,5200,Interfund Transfers,269594.37
2020-21,2059,Lake County SD 7,400,Capital Projects Funds,5400,Resources - Beginning Fund Balance,242523.53
2020-21,2059,Lake County SD 7,600,Internal Service Funds,1990,Miscellaneous,44317.61
2020-21,2059,Lake County SD 7,600,Internal Service Funds,5200,Interfund Transfers,17735.44
2020-21,2059,Lake County SD 7,600,Internal Service Funds,5400,Resources - Beginning Fund Balance,16333.54
2020-21,2059,Lake County SD 7,200,Special Revenue Funds,4700,Grants-In-Aid From Federal Government Through Other Intermed,9225.87
2020-21,2059,Lake County SD 7,200,Special Revenue Funds,4900,Revenue for/on Behalf of the District,21385.99
2020-21,2059,Lake County SD 7,200,Special Revenue Funds,5200,Interfund Transfers,560774.49
2020-21,2059,Lake County SD 7,400,Capital Projects Funds,1910,Rentals,3850
2020-21,2059,Lake County SD 7,400,Capital Projects Funds,1920,Contributions and Donations From Private Sources,700
2020-21,2059,Lake County SD 7,400,Capital Projects Funds,1990,Miscellaneous,18016.63
2020-21,2059,Lake County SD 7,200,Special Revenue Funds,1920,Contributions and Donations From Private Sources,6077.27
2020-21,2059,Lake County SD 7,200,Special Revenue Funds,1990,Miscellaneous,37096.02
2020-21,2059,Lake County SD 7,200,Special Revenue Funds,2200,Restricted Revenue,22426.05
2020-21,2059,Lake County SD 7,200,Special Revenue Funds,3102,State School Fund--School Lunch Match,3141.96
2020-21,2059,Lake County SD 7,200,Special Revenue Funds,4200,Unrestricted Revenue From Federal Government Through State,14704.75
2020-21,2059,Lake County SD 7,200,Special Revenue Funds,4500,Restricted Revenue From Federal Government Through the State,799712.43
2020-21,2059,Lake County SD 7,100,General Fund,4500,Restricted Revenue From Federal Government Through the State,581118.81
2020-21,2059,Lake County SD 7,100,General Fund,4700,Grants-In-Aid From Federal Government Through Other Intermed,150
2020-21,2059,Lake County SD 7,100,General Fund,4801,Federal Forest Fees,298396
2020-21,2059,Lake County SD 7,100,General Fund,5400,Resources - Beginning Fund Balance,1138208.83
2020-21,2059,Lake County SD 7,200,Special Revenue Funds,1500,Earnings on Investments,1740.72
2020-21,2059,Lake County SD 7,200,Special Revenue Funds,1600,Food Service,5657.87
2020-21,2059,Lake County SD 7,100,General Fund,2200,Restricted Revenue,141278.51
2020-21,2059,Lake County SD 7,100,General Fund,3101,State School Fund --General Support,5657969.78
2020-21,2059,Lake County SD 7,100,General Fund,3103,Common School Fund,52707.88
2020-21,2059,Lake County SD 7,100,General Fund,3199,Other Unrestricted Grants-In-Aid,44812.98
2020-21,2059,Lake County SD 7,100,General Fund,1700,Extra-Curricular Activities,1000
2020-21,2059,Lake County SD 7,100,General Fund,1960,Recovery of Prior Years' Expenditure,15150.45
2020-21,2059,Lake County SD 7,100,General Fund,1990,Miscellaneous,58685.31
2020-21,2059,Lake County SD 7,100,General Fund,2199,Other Intermediate Sources,98200.02
2020-21,2059,Lake County SD 7,100,General Fund,1110,Ad valorem taxes levied by district,3082530.44
2020-21,2059,Lake County SD 7,100,General Fund,1190,Penalties and interest on taxes,21427.24
2020-21,2059,Lake County SD 7,100,General Fund,1312,Tuition from Other Districts within the State,104201.75
2020-21,2059,Lake County SD 7,100,General Fund,1313,Tuition from Other Districts outside the State,147213.8
2020-21,2059,Lake County SD 7,100,General Fund,1500,Earnings on Investments,17776.31
2020-21,2060,Paisley SD 11,300,Debt Service Funds,5400,Resources - Beginning Fund Balance,645
2020-21,2060,Paisley SD 11,400,Capital Projects Funds,5400,Resources - Beginning Fund Balance,195298
2020-21,2060,Paisley SD 11,299,Child Nutrition,5400,Resources - Beginning Fund Balance,6944
2020-21,2060,Paisley SD 11,200,Special Revenue Funds,5400,Resources - Beginning Fund Balance,154076
2020-21,2060,Paisley SD 11,201,Federal Sources,5400,Resources - Beginning Fund Balance,95
2020-21,2060,Paisley SD 11,100,General Fund,5400,Resources - Beginning Fund Balance,2162201
2020-21,2060,Paisley SD 11,300,Debt Service Funds,1110,Ad valorem taxes levied by district,510.89
2020-21,2060,Paisley SD 11,300,Debt Service Funds,5200,Interfund Transfers,200000
2020-21,2060,Paisley SD 11,400,Capital Projects Funds,1500,Earnings on Investments,1909.16
2020-21,2060,Paisley SD 11,400,Capital Projects Funds,3299,Other Restricted Grants-In-Aid,20000
2020-21,2060,Paisley SD 11,400,Capital Projects Funds,5200,Interfund Transfers,115000
2020-21,2060,Paisley SD 11,250,Non-Federal Sources,3299,Other Restricted Grants-In-Aid,1936.15
2020-21,2060,Paisley SD 11,250,Non-Federal Sources,5200,Interfund Transfers,10000
2020-21,2060,Paisley SD 11,251,Student Investment Account,3299,Other Restricted Grants-In-Aid,4230.06
2020-21,2060,Paisley SD 11,252,Measure 98 - High School Success,3299,Other Restricted Grants-In-Aid,21636.5
2020-21,2060,Paisley SD 11,299,Child Nutrition,1500,Earnings on Investments,104.04
2020-21,2060,Paisley SD 11,299,Child Nutrition,5200,Interfund Transfers,14400
2020-21,2060,Paisley SD 11,201,Federal Sources,4300,Restricted Revenue Direct From the Federal Government,24182.16
2020-21,2060,Paisley SD 11,201,Federal Sources,4500,Restricted Revenue From Federal Government Through the State,34891.96
2020-21,2060,Paisley SD 11,250,Non-Federal Sources,1500,Earnings on Investments,582.97
2020-21,2060,Paisley SD 11,250,Non-Federal Sources,1700,Extra-Curricular Activities,13504.5
2020-21,2060,Paisley SD 11,250,Non-Federal Sources,1910,Rentals,16073.42
2020-21,2060,Paisley SD 11,250,Non-Federal Sources,1990,Miscellaneous,10083.83
2020-21,2060,Paisley SD 11,100,General Fund,3101,State School Fund --General Support,2630978.38
2020-21,2060,Paisley SD 11,100,General Fund,3103,Common School Fund,4378.85
2020-21,2060,Paisley SD 11,100,General Fund,3299,Other Restricted Grants-In-Aid,22785.71
2020-21,2060,Paisley SD 11,100,General Fund,4500,Restricted Revenue From Federal Government Through the State,7564.69
2020-21,2060,Paisley SD 11,100,General Fund,4801,Federal Forest Fees,24408.18
2020-21,2060,Paisley SD 11,100,General Fund,5100,Long Term Debt Financing Sources,15238
2020-21,2060,Paisley SD 11,100,General Fund,1110,Ad valorem taxes levied by district,402727.91
2020-21,2060,Paisley SD 11,100,General Fund,1190,Penalties and interest on taxes,2033.26
2020-21,2060,Paisley SD 11,100,General Fund,1500,Earnings on Investments,19252.61
2020-21,2060,Paisley SD 11,100,General Fund,1990,Miscellaneous,27396.14
2020-21,2061,North Lake SD 14,250,Non-Federal Sources,1500,Earnings on Investments,15.53
2020-21,2061,North Lake SD 14,100,General Fund,5400,Resources - Beginning Fund Balance,2573037.25
2020-21,2061,North Lake SD 14,300,Debt Service Funds,5400,Resources - Beginning Fund Balance,4079.96
2020-21,2061,North Lake SD 14,700,Trust and Agency Funds,5400,Resources - Beginning Fund Balance,3022.5
2020-21,2061,North Lake SD 14,600,Internal Service Funds,5400,Resources - Beginning Fund Balance,69613.02
2020-21,2061,North Lake SD 14,400,Capital Projects Funds,5400,Resources - Beginning Fund Balance,3896196.78
2020-21,2061,North Lake SD 14,400,Capital Projects Funds,5100,Long Term Debt Financing Sources,148588
2020-21,2061,North Lake SD 14,600,Internal Service Funds,1500,Earnings on Investments,551.35
2020-21,2061,North Lake SD 14,700,Trust and Agency Funds,1500,Earnings on Investments,271
2020-21,2061,North Lake SD 14,250,Non-Federal Sources,1700,Extra-Curricular Activities,26539.92
2020-21,2061,North Lake SD 14,700,Trust and Agency Funds,1920,Contributions and Donations From Private Sources,4613
2020-21,2061,North Lake SD 14,300,Debt Service Funds,1110,Ad valorem taxes levied by district,269113.59
2020-21,2061,North Lake SD 14,300,Debt Service Funds,1190,Penalties and interest on taxes,655.32
2020-21,2061,North Lake SD 14,300,Debt Service Funds,1500,Earnings on Investments,548.09
2020-21,2061,North Lake SD 14,400,Capital Projects Funds,1500,Earnings on Investments,21442.65
2020-21,2061,North Lake SD 14,400,Capital Projects Funds,3222,State School Fund (SSF) Transportation Equipment,39800
2020-21,2061,North Lake SD 14,400,Capital Projects Funds,3299,Other Restricted Grants-In-Aid,3012350.69
2020-21,2061,North Lake SD 14,252,Measure 98 - High School Success,3299,Other Restricted Grants-In-Aid,113333.65
2020-21,2061,North Lake SD 14,299,Child Nutrition,1600,Food Service,3669.5
2020-21,2061,North Lake SD 14,299,Child Nutrition,1990,Miscellaneous,658
2020-21,2061,North Lake SD 14,299,Child Nutrition,4500,Restricted Revenue From Federal Government Through the State,133710.38
2020-21,2061,North Lake SD 14,299,Child Nutrition,4900,Revenue for/on Behalf of the District,9492.26
2020-21,2061,North Lake SD 14,299,Child Nutrition,5200,Interfund Transfers,48137
2020-21,2061,North Lake SD 14,201,Federal Sources,1500,Earnings on Investments,2.81
2020-21,2061,North Lake SD 14,201,Federal Sources,4500,Restricted Revenue From Federal Government Through the State,348259.22
2020-21,2061,North Lake SD 14,201,Federal Sources,4700,Grants-In-Aid From Federal Government Through Other Intermed,280.27
2020-21,2061,North Lake SD 14,250,Non-Federal Sources,1990,Miscellaneous,2460
2020-21,2061,North Lake SD 14,250,Non-Federal Sources,3299,Other Restricted Grants-In-Aid,64524.27
2020-21,2061,North Lake SD 14,251,Student Investment Account,3299,Other Restricted Grants-In-Aid,86651.18
2020-21,2061,North Lake SD 14,100,General Fund,1990,Miscellaneous,12439.61
2020-21,2061,North Lake SD 14,100,General Fund,2200,Restricted Revenue,101436.83
2020-21,2061,North Lake SD 14,100,General Fund,3101,State School Fund --General Support,2786581.2
2020-21,2061,North Lake SD 14,100,General Fund,3103,Common School Fund,16179.6
2020-21,2061,North Lake SD 14,100,General Fund,4801,Federal Forest Fees,91777.86
2020-21,2061,North Lake SD 14,100,General Fund,5300,Sale of or Compensation for Loss of Fixed Assets,7500
2020-21,2061,North Lake SD 14,299,Child Nutrition,5400,Resources - Beginning Fund Balance,21017.61
2020-21,2061,North Lake SD 14,250,Non-Federal Sources,5400,Resources - Beginning Fund Balance,148414.93
2020-21,2061,North Lake SD 14,100,General Fund,1110,Ad valorem taxes levied by district,1082063.38
2020-21,2061,North Lake SD 14,100,General Fund,1190,Penalties and interest on taxes,6495
2020-21,2061,North Lake SD 14,100,General Fund,1500,Earnings on Investments,23571.08
2020-21,2061,North Lake SD 14,100,General Fund,1700,Extra-Curricular Activities,702
2020-21,2062,Plush SD 18,200,Special Revenue Funds,4500,Restricted Revenue From Federal Government Through the State,39288
2020-21,2062,Plush SD 18,400,Capital Projects Funds,5200,Interfund Transfers,15000
2020-21,2062,Plush SD 18,400,Capital Projects Funds,5400,Resources - Beginning Fund Balance,513958
2020-21,2062,Plush SD 18,100,General Fund,1110,Ad valorem taxes levied by district,40326
2020-21,2062,Plush SD 18,100,General Fund,1500,Earnings on Investments,6802
2020-21,2062,Plush SD 18,400,Capital Projects Funds,1500,Earnings on Investments,4531
2020-21,2062,Plush SD 18,100,General Fund,1990,Miscellaneous,13128
2020-21,2062,Plush SD 18,100,General Fund,3101,State School Fund --General Support,342776
2020-21,2062,Plush SD 18,100,General Fund,4801,Federal Forest Fees,4911
2020-21,2062,Plush SD 18,100,General Fund,4802,Impact Aid to School Districts for Operation,78
2020-21,2062,Plush SD 18,100,General Fund,1312,Tuition from Other Districts within the State,36627
2020-21,2062,Plush SD 18,100,General Fund,1920,Contributions and Donations From Private Sources,2674
2020-21,2062,Plush SD 18,100,General Fund,4100,Unrestricted Revenue Direct From the Federal Government,3966
2020-21,2062,Plush SD 18,100,General Fund,5400,Resources - Beginning Fund Balance,920008
2020-21,2062,Plush SD 18,100,General Fund,1190,Penalties and interest on taxes,1619
2020-21,2062,Plush SD 18,100,General Fund,1910,Rentals,2200
2020-21,2062,Plush SD 18,100,General Fund,2199,Other Intermediate Sources,265
2020-21,2062,Plush SD 18,100,General Fund,3103,Common School Fund,866
2020-21,2062,Plush SD 18,100,General Fund,4700,Grants-In-Aid From Federal Government Through Other Intermed,500
2020-21,2063,Adel SD 21,100,General Fund,1110,Ad valorem taxes levied by district,210439.05
2020-21,2063,Adel SD 21,100,General Fund,1190,Penalties and interest on taxes,1619.29
2020-21,2063,Adel SD 21,100,General Fund,1500,Earnings on Investments,2843.26
2020-21,2063,Adel SD 21,100,General Fund,1910,Rentals,2200
2020-21,2063,Adel SD 21,100,General Fund,1990,Miscellaneous,2376.4
2020-21,2063,Adel SD 21,100,General Fund,2199,Other Intermediate Sources,264.97
2020-21,2063,Adel SD 21,201,Federal Sources,4500,Restricted Revenue From Federal Government Through the State,75595.4
2020-21,2063,Adel SD 21,400,Capital Projects Funds,1500,Earnings on Investments,1020
2020-21,2063,Adel SD 21,400,Capital Projects Funds,5200,Interfund Transfers,19483
2020-21,2063,Adel SD 21,400,Capital Projects Funds,5400,Resources - Beginning Fund Balance,72414.16
2020-21,2063,Adel SD 21,100,General Fund,3101,State School Fund --General Support,268996.97
2020-21,2063,Adel SD 21,100,General Fund,3103,Common School Fund,865.92
2020-21,2063,Adel SD 21,100,General Fund,4700,Grants-In-Aid From Federal Government Through Other Intermed,500
2020-21,2063,Adel SD 21,100,General Fund,4801,Federal Forest Fees,4911.18
2020-21,2063,Adel SD 21,100,General Fund,4802,Impact Aid to School Districts for Operation,78.05
2020-21,2063,Adel SD 21,100,General Fund,5400,Resources - Beginning Fund Balance,423935.21
2020-21,2064,Lane ESD,100,General Fund,1190,Penalties and interest on taxes,28339.24
2020-21,2064,Lane ESD,100,General Fund,1500,Earnings on Investments,67076.59
2020-21,2064,Lane ESD,100,General Fund,1940,Services Provided Other Local Education Agencies,749597.62
2020-21,2064,Lane ESD,100,General Fund,1980,Fees Charged to Grants,450013.16
2020-21,2064,Lane ESD,100,General Fund,1990,Miscellaneous,287713.43
2020-21,2064,Lane ESD,100,General Fund,3101,State School Fund --General Support,14895884.36
2020-21,2064,Lane ESD,400,Capital Projects Funds,5400,Resources - Beginning Fund Balance,62036.71
2020-21,2064,Lane ESD,600,Internal Service Funds,1970,Services Provided Other Funds,229372
2020-21,2064,Lane ESD,600,Internal Service Funds,5400,Resources - Beginning Fund Balance,390579.99
2020-21,2064,Lane ESD,100,General Fund,1110,Ad valorem taxes levied by district,7767121.78
2020-21,2064,Lane ESD,299,Child Nutrition,5400,Resources - Beginning Fund Balance,4892.67
2020-21,2064,Lane ESD,300,Debt Service Funds,1500,Earnings on Investments,2906.06
2020-21,2064,Lane ESD,300,Debt Service Funds,1970,Services Provided Other Funds,791031.55
2020-21,2064,Lane ESD,300,Debt Service Funds,5400,Resources - Beginning Fund Balance,30304.89
2020-21,2064,Lane ESD,400,Capital Projects Funds,3299,Other Restricted Grants-In-Aid,344399
2020-21,2064,Lane ESD,400,Capital Projects Funds,5200,Interfund Transfers,242719.19
2020-21,2064,Lane ESD,250,Non-Federal Sources,4500,Restricted Revenue From Federal Government Through the State,1109913.83
2020-21,2064,Lane ESD,250,Non-Federal Sources,5200,Interfund Transfers,135000
2020-21,2064,Lane ESD,250,Non-Federal Sources,5400,Resources - Beginning Fund Balance,578660.17
2020-21,2064,Lane ESD,251,Student Investment Account,3299,Other Restricted Grants-In-Aid,888655.03
2020-21,2064,Lane ESD,299,Child Nutrition,1990,Miscellaneous,1.36
2020-21,2064,Lane ESD,299,Child Nutrition,5200,Interfund Transfers,480.81
2020-21,2064,Lane ESD,201,Federal Sources,4700,Grants-In-Aid From Federal Government Through Other Intermed,575981.34
2020-21,2064,Lane ESD,250,Non-Federal Sources,1920,Contributions and Donations From Private Sources,161544.32
2020-21,2064,Lane ESD,250,Non-Federal Sources,1940,Services Provided Other Local Education Agencies,1795761
2020-21,2064,Lane ESD,250,Non-Federal Sources,1980,Fees Charged to Grants,2523.94
2020-21,2064,Lane ESD,250,Non-Federal Sources,1990,Miscellaneous,449327.55
2020-21,2064,Lane ESD,250,Non-Federal Sources,3299,Other Restricted Grants-In-Aid,17552712.48
2020-21,2064,Lane ESD,100,General Fund,3104,State Managed County Timber,71394.85
2020-21,2064,Lane ESD,100,General Fund,4300,Restricted Revenue Direct From the Federal Government,3312.17
2020-21,2064,Lane ESD,100,General Fund,5400,Resources - Beginning Fund Balance,3268370.49
2020-21,2064,Lane ESD,201,Federal Sources,1940,Services Provided Other Local Education Agencies,5879.9
2020-21,2064,Lane ESD,201,Federal Sources,3299,Other Restricted Grants-In-Aid,404145.56
2020-21,2064,Lane ESD,201,Federal Sources,4500,Restricted Revenue From Federal Government Through the State,3299890.47
2020-21,2081,Pleasant Hill SD 1,100,General Fund,1110,Ad valorem taxes levied by district,3202581.88
2020-21,2081,Pleasant Hill SD 1,100,General Fund,1190,Penalties and interest on taxes,13139.46
2020-21,2081,Pleasant Hill SD 1,100,General Fund,1411,Transportation fees from Individuals,2083.35
2020-21,2081,Pleasant Hill SD 1,100,General Fund,1500,Earnings on Investments,55889.32
2020-21,2081,Pleasant Hill SD 1,100,General Fund,1700,Extra-Curricular Activities,9700
2020-21,2081,Pleasant Hill SD 1,100,General Fund,1910,Rentals,945
2020-21,2081,Pleasant Hill SD 1,250,Non-Federal Sources,1920,Contributions and Donations From Private Sources,51953
2020-21,2081,Pleasant Hill SD 1,250,Non-Federal Sources,1990,Miscellaneous,41194.04
2020-21,2081,Pleasant Hill SD 1,250,Non-Federal Sources,5200,Interfund Transfers,499000
2020-21,2081,Pleasant Hill SD 1,250,Non-Federal Sources,5400,Resources - Beginning Fund Balance,584307.2
2020-21,2081,Pleasant Hill SD 1,201,Federal Sources,4500,Restricted Revenue From Federal Government Through the State,792310.6
2020-21,2081,Pleasant Hill SD 1,201,Federal Sources,5400,Resources - Beginning Fund Balance,2984.9
2020-21,2081,Pleasant Hill SD 1,250,Non-Federal Sources,3299,Other Restricted Grants-In-Aid,50000
2020-21,2081,Pleasant Hill SD 1,250,Non-Federal Sources,5300,Sale of or Compensation for Loss of Fixed Assets,325.6
2020-21,2081,Pleasant Hill SD 1,300,Debt Service Funds,1110,Ad valorem taxes levied by district,1366867.29
2020-21,2081,Pleasant Hill SD 1,300,Debt Service Funds,1190,Penalties and interest on taxes,5137.54
2020-21,2081,Pleasant Hill SD 1,300,Debt Service Funds,1500,Earnings on Investments,2429.63
2020-21,2081,Pleasant Hill SD 1,300,Debt Service Funds,5400,Resources - Beginning Fund Balance,95293.44
2020-21,2081,Pleasant Hill SD 1,299,Child Nutrition,4900,Revenue for/on Behalf of the District,26432.26
2020-21,2081,Pleasant Hill SD 1,299,Child Nutrition,5400,Resources - Beginning Fund Balance,10079.17
2020-21,2081,Pleasant Hill SD 1,201,Federal Sources,2200,Restricted Revenue,2393.84
2020-21,2081,Pleasant Hill SD 1,201,Federal Sources,3299,Other Restricted Grants-In-Aid,19543.28
2020-21,2081,Pleasant Hill SD 1,250,Non-Federal Sources,1500,Earnings on Investments,78.49
2020-21,2081,Pleasant Hill SD 1,250,Non-Federal Sources,1700,Extra-Curricular Activities,52441.18
2020-21,2081,Pleasant Hill SD 1,252,Measure 98 - High School Success,3299,Other Restricted Grants-In-Aid,302015.29
2020-21,2081,Pleasant Hill SD 1,299,Child Nutrition,1600,Food Service,423.79
2020-21,2081,Pleasant Hill SD 1,299,Child Nutrition,1990,Miscellaneous,183.02
2020-21,2081,Pleasant Hill SD 1,299,Child Nutrition,3102,State School Fund--School Lunch Match,3295.03
2020-21,2081,Pleasant Hill SD 1,299,Child Nutrition,3299,Other Restricted Grants-In-Aid,2269.72
2020-21,2081,Pleasant Hill SD 1,299,Child Nutrition,4500,Restricted Revenue From Federal Government Through the State,317220.42
2020-21,2081,Pleasant Hill SD 1,100,General Fund,3103,Common School Fund,117342.78
2020-21,2081,Pleasant Hill SD 1,100,General Fund,3199,Other Unrestricted Grants-In-Aid,63315.85
2020-21,2081,Pleasant Hill SD 1,100,General Fund,3299,Other Restricted Grants-In-Aid,64999.27
2020-21,2081,Pleasant Hill SD 1,100,General Fund,5300,Sale of or Compensation for Loss of Fixed Assets,100
2020-21,2081,Pleasant Hill SD 1,100,General Fund,5400,Resources - Beginning Fund Balance,3934980.7
2020-21,2081,Pleasant Hill SD 1,251,Student Investment Account,3299,Other Restricted Grants-In-Aid,265045.78
2020-21,2081,Pleasant Hill SD 1,100,General Fund,1960,Recovery of Prior Years' Expenditure,75
2020-21,2081,Pleasant Hill SD 1,100,General Fund,1990,Miscellaneous,30010.58
2020-21,2081,Pleasant Hill SD 1,100,General Fund,2101,County School Funds,71611.53
2020-21,2081,Pleasant Hill SD 1,100,General Fund,2199,Other Intermediate Sources,7548.38
2020-21,2081,Pleasant Hill SD 1,100,General Fund,2200,Restricted Revenue,157794.98
2020-21,2081,Pleasant Hill SD 1,100,General Fund,3101,State School Fund --General Support,7752233.74
2020-21,2082,Eugene SD 4J,100,General Fund,1110,Ad valorem taxes levied by district,76196089.91
2020-21,2082,Eugene SD 4J,100,General Fund,1120,Local option ad valorem taxes levied by district,19861869
2020-21,2082,Eugene SD 4J,100,General Fund,1190,Penalties and interest on taxes,276284.02
2020-21,2082,Eugene SD 4J,100,General Fund,1200,Revenue From Local Governmental Units Other Than Districts,31750.66
2020-21,2082,Eugene SD 4J,100,General Fund,1411,Transportation fees from Individuals,524.6
2020-21,2082,Eugene SD 4J,100,General Fund,1500,Earnings on Investments,460796.84
2020-21,2082,Eugene SD 4J,200,Special Revenue Funds,5400,Resources - Beginning Fund Balance,9614960
2020-21,2082,Eugene SD 4J,299,Child Nutrition,5400,Resources - Beginning Fund Balance,197578
2020-21,2082,Eugene SD 4J,300,Debt Service Funds,5400,Resources - Beginning Fund Balance,2707015
2020-21,2082,Eugene SD 4J,400,Capital Projects Funds,5400,Resources - Beginning Fund Balance,193016110
2020-21,2082,Eugene SD 4J,600,Internal Service Funds,5400,Resources - Beginning Fund Balance,12538763
2020-21,2082,Eugene SD 4J,600,Internal Service Funds,3900,Revenue for/on Behalf of the District,142666.3
2020-21,2082,Eugene SD 4J,600,Internal Service Funds,5200,Interfund Transfers,896163.06
2020-21,2082,Eugene SD 4J,700,Trust and Agency Funds,1920,Contributions and Donations From Private Sources,256121.29
2020-21,2082,Eugene SD 4J,700,Trust and Agency Funds,1990,Miscellaneous,7379.07
2020-21,2082,Eugene SD 4J,700,Trust and Agency Funds,3204,Driver Education,58334.84
2020-21,2082,Eugene SD 4J,100,General Fund,5400,Resources - Beginning Fund Balance,47187851
2020-21,2082,Eugene SD 4J,400,Capital Projects Funds,3222,State School Fund (SSF) Transportation Equipment,914280
2020-21,2082,Eugene SD 4J,400,Capital Projects Funds,5100,Long Term Debt Financing Sources,433469.2
2020-21,2082,Eugene SD 4J,400,Capital Projects Funds,5200,Interfund Transfers,2250000
2020-21,2082,Eugene SD 4J,400,Capital Projects Funds,5300,Sale of or Compensation for Loss of Fixed Assets,129642.28
2020-21,2082,Eugene SD 4J,600,Internal Service Funds,1500,Earnings on Investments,35587
2020-21,2082,Eugene SD 4J,600,Internal Service Funds,1990,Miscellaneous,33689528.59
2020-21,2082,Eugene SD 4J,300,Debt Service Funds,4900,Revenue for/on Behalf of the District,665127.94
2020-21,2082,Eugene SD 4J,300,Debt Service Funds,5100,Long Term Debt Financing Sources,114969245.15
2020-21,2082,Eugene SD 4J,400,Capital Projects Funds,1200,Revenue From Local Governmental Units Other Than Districts,893793
2020-21,2082,Eugene SD 4J,400,Capital Projects Funds,1500,Earnings on Investments,314170.17
2020-21,2082,Eugene SD 4J,400,Capital Projects Funds,1910,Rentals,124383.28
2020-21,2082,Eugene SD 4J,400,Capital Projects Funds,1990,Miscellaneous,67601.48
2020-21,2082,Eugene SD 4J,299,Child Nutrition,4900,Revenue for/on Behalf of the District,542113.26
2020-21,2082,Eugene SD 4J,299,Child Nutrition,5200,Interfund Transfers,746270
2020-21,2082,Eugene SD 4J,300,Debt Service Funds,1110,Ad valorem taxes levied by district,35958124
2020-21,2082,Eugene SD 4J,300,Debt Service Funds,1190,Penalties and interest on taxes,103105
2020-21,2082,Eugene SD 4J,300,Debt Service Funds,1500,Earnings on Investments,63684.3
2020-21,2082,Eugene SD 4J,300,Debt Service Funds,1990,Miscellaneous,5343695.4
2020-21,2082,Eugene SD 4J,250,Non-Federal Sources,4700,Grants-In-Aid From Federal Government Through Other Intermed,2421.42
2020-21,2082,Eugene SD 4J,251,Student Investment Account,3299,Other Restricted Grants-In-Aid,4347341.66
2020-21,2082,Eugene SD 4J,252,Measure 98 - High School Success,3299,Other Restricted Grants-In-Aid,3202201.52
2020-21,2082,Eugene SD 4J,299,Child Nutrition,1600,Food Service,2829.56
2020-21,2082,Eugene SD 4J,299,Child Nutrition,3102,State School Fund--School Lunch Match,48059.19
2020-21,2082,Eugene SD 4J,299,Child Nutrition,4500,Restricted Revenue From Federal Government Through the State,5562105.15
2020-21,2082,Eugene SD 4J,250,Non-Federal Sources,2101,County School Funds,114700
2020-21,2082,Eugene SD 4J,250,Non-Federal Sources,2199,Other Intermediate Sources,3638
2020-21,2082,Eugene SD 4J,250,Non-Federal Sources,3199,Other Unrestricted Grants-In-Aid,23663.68
2020-21,2082,Eugene SD 4J,250,Non-Federal Sources,3299,Other Restricted Grants-In-Aid,5435172.6
2020-21,2082,Eugene SD 4J,250,Non-Federal Sources,3900,Revenue for/on Behalf of the District,312216.7
2020-21,2082,Eugene SD 4J,250,Non-Federal Sources,4500,Restricted Revenue From Federal Government Through the State,8271137.54
2020-21,2082,Eugene SD 4J,250,Non-Federal Sources,1312,Tuition from Other Districts within the State,216966
2020-21,2082,Eugene SD 4J,250,Non-Federal Sources,1700,Extra-Curricular Activities,6701.67
2020-21,2082,Eugene SD 4J,250,Non-Federal Sources,1800,Community Services Activities,36785.27
2020-21,2082,Eugene SD 4J,250,Non-Federal Sources,1910,Rentals,25659.97
2020-21,2082,Eugene SD 4J,250,Non-Federal Sources,1920,Contributions and Donations From Private Sources,1540136.97
2020-21,2082,Eugene SD 4J,250,Non-Federal Sources,1990,Miscellaneous,2372026.03
2020-21,2082,Eugene SD 4J,200,Special Revenue Funds,1700,Extra-Curricular Activities,489391.43
2020-21,2082,Eugene SD 4J,200,Special Revenue Funds,1920,Contributions and Donations From Private Sources,448290.88
2020-21,2082,Eugene SD 4J,200,Special Revenue Funds,5200,Interfund Transfers,2000000
2020-21,2082,Eugene SD 4J,201,Federal Sources,3900,Revenue for/on Behalf of the District,209890.2
2020-21,2082,Eugene SD 4J,201,Federal Sources,4300,Restricted Revenue Direct From the Federal Government,220235.79
2020-21,2082,Eugene SD 4J,201,Federal Sources,4500,Restricted Revenue From Federal Government Through the State,9291514.59
2020-21,2082,Eugene SD 4J,100,General Fund,3103,Common School Fund,1952102.46
2020-21,2082,Eugene SD 4J,100,General Fund,3199,Other Unrestricted Grants-In-Aid,2322962.48
2020-21,2082,Eugene SD 4J,100,General Fund,3900,Revenue for/on Behalf of the District,56605.23
2020-21,2082,Eugene SD 4J,100,General Fund,4801,Federal Forest Fees,587923.09
2020-21,2082,Eugene SD 4J,100,General Fund,4900,Revenue for/on Behalf of the District,100
2020-21,2082,Eugene SD 4J,100,General Fund,5200,Interfund Transfers,17000
2020-21,2082,Eugene SD 4J,100,General Fund,1700,Extra-Curricular Activities,3447.75
2020-21,2082,Eugene SD 4J,100,General Fund,1980,Fees Charged to Grants,464123.31
2020-21,2082,Eugene SD 4J,100,General Fund,1990,Miscellaneous,703272.42
2020-21,2082,Eugene SD 4J,100,General Fund,2101,County School Funds,3397098.71
2020-21,2082,Eugene SD 4J,100,General Fund,2199,Other Intermediate Sources,218539.61
2020-21,2082,Eugene SD 4J,100,General Fund,3101,State School Fund --General Support,100489201.85
2020-21,2083,Springfield SD 19,700,Trust and Agency Funds,1970,Services Provided Other Funds,700000
2020-21,2083,Springfield SD 19,700,Trust and Agency Funds,5400,Resources - Beginning Fund Balance,396388.82
2020-21,2083,Springfield SD 19,400,Capital Projects Funds,5400,Resources - Beginning Fund Balance,2588940.97
2020-21,2083,Springfield SD 19,600,Internal Service Funds,1500,Earnings on Investments,21321.21
2020-21,2083,Springfield SD 19,600,Internal Service Funds,1970,Services Provided Other Funds,19924133.51
2020-21,2083,Springfield SD 19,600,Internal Service Funds,1990,Miscellaneous,114730.12
2020-21,2083,Springfield SD 19,600,Internal Service Funds,5400,Resources - Beginning Fund Balance,2947709.97
2020-21,2083,Springfield SD 19,700,Trust and Agency Funds,1500,Earnings on Investments,4013.51
2020-21,2083,Springfield SD 19,400,Capital Projects Funds,1500,Earnings on Investments,1117.49
2020-21,2083,Springfield SD 19,400,Capital Projects Funds,1910,Rentals,80455.39
2020-21,2083,Springfield SD 19,400,Capital Projects Funds,1960,Recovery of Prior Years' Expenditure,336.72
2020-21,2083,Springfield SD 19,400,Capital Projects Funds,1990,Miscellaneous,7243.02
2020-21,2083,Springfield SD 19,400,Capital Projects Funds,4700,Grants-In-Aid From Federal Government Through Other Intermed,384732.5
2020-21,2083,Springfield SD 19,400,Capital Projects Funds,5200,Interfund Transfers,133848.22
2020-21,2083,Springfield SD 19,300,Debt Service Funds,1110,Ad valorem taxes levied by district,7454307.12
2020-21,2083,Springfield SD 19,300,Debt Service Funds,1500,Earnings on Investments,48459.04
2020-21,2083,Springfield SD 19,300,Debt Service Funds,1970,Services Provided Other Funds,5499057.43
2020-21,2083,Springfield SD 19,300,Debt Service Funds,5100,Long Term Debt Financing Sources,3270213.55
2020-21,2083,Springfield SD 19,300,Debt Service Funds,5200,Interfund Transfers,546578
2020-21,2083,Springfield SD 19,300,Debt Service Funds,5400,Resources - Beginning Fund Balance,1113587.2
2020-21,2083,Springfield SD 19,299,Child Nutrition,1600,Food Service,210517.27
2020-21,2083,Springfield SD 19,299,Child Nutrition,1990,Miscellaneous,4204.97
2020-21,2083,Springfield SD 19,299,Child Nutrition,3102,State School Fund--School Lunch Match,40529.54
2020-21,2083,Springfield SD 19,299,Child Nutrition,4500,Restricted Revenue From Federal Government Through the State,2672881.14
2020-21,2083,Springfield SD 19,299,Child Nutrition,4900,Revenue for/on Behalf of the District,253962.3
2020-21,2083,Springfield SD 19,299,Child Nutrition,5400,Resources - Beginning Fund Balance,309943.93
2020-21,2083,Springfield SD 19,250,Non-Federal Sources,5100,Long Term Debt Financing Sources,1506910.2
2020-21,2083,Springfield SD 19,250,Non-Federal Sources,5200,Interfund Transfers,5655092.75
2020-21,2083,Springfield SD 19,250,Non-Federal Sources,5300,Sale of or Compensation for Loss of Fixed Assets,4687.4
2020-21,2083,Springfield SD 19,250,Non-Federal Sources,5400,Resources - Beginning Fund Balance,6241151.25
2020-21,2083,Springfield SD 19,251,Student Investment Account,3299,Other Restricted Grants-In-Aid,2532746.15
2020-21,2083,Springfield SD 19,252,Measure 98 - High School Success,3299,Other Restricted Grants-In-Aid,2838929.69
2020-21,2083,Springfield SD 19,250,Non-Federal Sources,1910,Rentals,26514
2020-21,2083,Springfield SD 19,250,Non-Federal Sources,1920,Contributions and Donations From Private Sources,393046.57
2020-21,2083,Springfield SD 19,250,Non-Federal Sources,1980,Fees Charged to Grants,713444.25
2020-21,2083,Springfield SD 19,250,Non-Federal Sources,1990,Miscellaneous,589092.89
2020-21,2083,Springfield SD 19,250,Non-Federal Sources,3222,State School Fund (SSF) Transportation Equipment,447907.52
2020-21,2083,Springfield SD 19,250,Non-Federal Sources,3299,Other Restricted Grants-In-Aid,2554714.32
2020-21,2083,Springfield SD 19,201,Federal Sources,4300,Restricted Revenue Direct From the Federal Government,43230.77
2020-21,2083,Springfield SD 19,201,Federal Sources,4500,Restricted Revenue From Federal Government Through the State,10182255.88
2020-21,2083,Springfield SD 19,201,Federal Sources,4700,Grants-In-Aid From Federal Government Through Other Intermed,71366.14
2020-21,2083,Springfield SD 19,250,Non-Federal Sources,1200,Revenue From Local Governmental Units Other Than Districts,138565.71
2020-21,2083,Springfield SD 19,250,Non-Federal Sources,1500,Earnings on Investments,55529.62
2020-21,2083,Springfield SD 19,250,Non-Federal Sources,1700,Extra-Curricular Activities,231879.87
2020-21,2083,Springfield SD 19,100,General Fund,3101,State School Fund --General Support,84243052.14
2020-21,2083,Springfield SD 19,100,General Fund,3103,Common School Fund,1148109.43
2020-21,2083,Springfield SD 19,100,General Fund,4500,Restricted Revenue From Federal Government Through the State,60.59
2020-21,2083,Springfield SD 19,100,General Fund,4700,Grants-In-Aid From Federal Government Through Other Intermed,18237.63
2020-21,2083,Springfield SD 19,100,General Fund,4801,Federal Forest Fees,355328.68
2020-21,2083,Springfield SD 19,100,General Fund,5400,Resources - Beginning Fund Balance,13705101.1
2020-21,2083,Springfield SD 19,100,General Fund,1910,Rentals,90
2020-21,2083,Springfield SD 19,100,General Fund,1920,Contributions and Donations From Private Sources,2865.84
2020-21,2083,Springfield SD 19,100,General Fund,1990,Miscellaneous,24515.49
2020-21,2083,Springfield SD 19,100,General Fund,2101,County School Funds,363709.63
2020-21,2083,Springfield SD 19,100,General Fund,2102,General Education Service District Funds,2014540
2020-21,2083,Springfield SD 19,100,General Fund,2199,Other Intermediate Sources,177246.52
2020-21,2083,Springfield SD 19,100,General Fund,1110,Ad valorem taxes levied by district,28040835.16
2020-21,2083,Springfield SD 19,100,General Fund,1312,Tuition from Other Districts within the State,43304
2020-21,2083,Springfield SD 19,100,General Fund,1500,Earnings on Investments,354601.2
2020-21,2084,Fern Ridge SD 28J,100,General Fund,1110,Ad valorem taxes levied by district,4755595.7
2020-21,2084,Fern Ridge SD 28J,100,General Fund,1190,Penalties and interest on taxes,17320.18
2020-21,2084,Fern Ridge SD 28J,100,General Fund,1500,Earnings on Investments,56776.74
2020-21,2084,Fern Ridge SD 28J,100,General Fund,1910,Rentals,3009.3
2020-21,2084,Fern Ridge SD 28J,100,General Fund,1930,Rental or Lease Payments from Private Contractors,14522.4
2020-21,2084,Fern Ridge SD 28J,100,General Fund,1940,Services Provided Other Local Education Agencies,7908.07
2020-21,2084,Fern Ridge SD 28J,300,Debt Service Funds,1970,Services Provided Other Funds,714783.26
2020-21,2084,Fern Ridge SD 28J,300,Debt Service Funds,1990,Miscellaneous,6307
2020-21,2084,Fern Ridge SD 28J,300,Debt Service Funds,5400,Resources - Beginning Fund Balance,180372.61
2020-21,2084,Fern Ridge SD 28J,299,Child Nutrition,5200,Interfund Transfers,5393.57
2020-21,2084,Fern Ridge SD 28J,299,Child Nutrition,4500,Restricted Revenue From Federal Government Through the State,448691.47
2020-21,2084,Fern Ridge SD 28J,299,Child Nutrition,5400,Resources - Beginning Fund Balance,294794.76
2020-21,2084,Fern Ridge SD 28J,300,Debt Service Funds,1110,Ad valorem taxes levied by district,1985586.62
2020-21,2084,Fern Ridge SD 28J,300,Debt Service Funds,1190,Penalties and interest on taxes,7729.87
2020-21,2084,Fern Ridge SD 28J,300,Debt Service Funds,1500,Earnings on Investments,4859.31
2020-21,2084,Fern Ridge SD 28J,250,Non-Federal Sources,5200,Interfund Transfers,995000
2020-21,2084,Fern Ridge SD 28J,250,Non-Federal Sources,5300,Sale of or Compensation for Loss of Fixed Assets,40000
2020-21,2084,Fern Ridge SD 28J,250,Non-Federal Sources,5400,Resources - Beginning Fund Balance,3408655.15
2020-21,2084,Fern Ridge SD 28J,251,Student Investment Account,3299,Other Restricted Grants-In-Aid,375862.6
2020-21,2084,Fern Ridge SD 28J,252,Measure 98 - High School Success,3299,Other Restricted Grants-In-Aid,447132.48
2020-21,2084,Fern Ridge SD 28J,299,Child Nutrition,1600,Food Service,3908.18
2020-21,2084,Fern Ridge SD 28J,250,Non-Federal Sources,1920,Contributions and Donations From Private Sources,68921.55
2020-21,2084,Fern Ridge SD 28J,250,Non-Federal Sources,1990,Miscellaneous,26041.02
2020-21,2084,Fern Ridge SD 28J,250,Non-Federal Sources,3101,State School Fund --General Support,576956.3
2020-21,2084,Fern Ridge SD 28J,250,Non-Federal Sources,3299,Other Restricted Grants-In-Aid,216623.19
2020-21,2084,Fern Ridge SD 28J,250,Non-Federal Sources,4500,Restricted Revenue From Federal Government Through the State,600.42
2020-21,2084,Fern Ridge SD 28J,250,Non-Federal Sources,4700,Grants-In-Aid From Federal Government Through Other Intermed,48971.16
2020-21,2084,Fern Ridge SD 28J,100,General Fund,5300,Sale of or Compensation for Loss of Fixed Assets,1699
2020-21,2084,Fern Ridge SD 28J,100,General Fund,5400,Resources - Beginning Fund Balance,3172184.25
2020-21,2084,Fern Ridge SD 28J,201,Federal Sources,4500,Restricted Revenue From Federal Government Through the State,1890746.02
2020-21,2084,Fern Ridge SD 28J,250,Non-Federal Sources,1130,Construction Excise Tax,47704.42
2020-21,2084,Fern Ridge SD 28J,250,Non-Federal Sources,1500,Earnings on Investments,22644.32
2020-21,2084,Fern Ridge SD 28J,250,Non-Federal Sources,1700,Extra-Curricular Activities,99781.97
2020-21,2084,Fern Ridge SD 28J,100,General Fund,3101,State School Fund --General Support,9321528.92
2020-21,2084,Fern Ridge SD 28J,100,General Fund,3103,Common School Fund,172885.12
2020-21,2084,Fern Ridge SD 28J,100,General Fund,3104,State Managed County Timber,1371245.4
2020-21,2084,Fern Ridge SD 28J,100,General Fund,3299,Other Restricted Grants-In-Aid,3008
2020-21,2084,Fern Ridge SD 28J,100,General Fund,4300,Restricted Revenue Direct From the Federal Government,10008.14
2020-21,2084,Fern Ridge SD 28J,100,General Fund,4801,Federal Forest Fees,52138.98
2020-21,2084,Fern Ridge SD 28J,100,General Fund,1960,Recovery of Prior Years' Expenditure,-6789.74
2020-21,2084,Fern Ridge SD 28J,100,General Fund,1980,Fees Charged to Grants,71836.25
2020-21,2084,Fern Ridge SD 28J,100,General Fund,1990,Miscellaneous,59920.46
2020-21,2084,Fern Ridge SD 28J,100,General Fund,2101,County School Funds,53368.75
2020-21,2084,Fern Ridge SD 28J,100,General Fund,2102,General Education Service District Funds,319209
2020-21,2084,Fern Ridge SD 28J,100,General Fund,2199,Other Intermediate Sources,11152.85
2020-21,2085,Mapleton SD 32,100,General Fund,1110,Ad valorem taxes levied by district,713073.24
2020-21,2085,Mapleton SD 32,100,General Fund,1190,Penalties and interest on taxes,2716.78
2020-21,2085,Mapleton SD 32,100,General Fund,1500,Earnings on Investments,21747.18
2020-21,2085,Mapleton SD 32,100,General Fund,1700,Extra-Curricular Activities,7016.39
2020-21,2085,Mapleton SD 32,100,General Fund,1910,Rentals,18298.67
2020-21,2085,Mapleton SD 32,100,General Fund,1920,Contributions and Donations From Private Sources,4915.13
2020-21,2085,Mapleton SD 32,250,Non-Federal Sources,1990,Miscellaneous,11124.77
2020-21,2085,Mapleton SD 32,100,General Fund,5400,Resources - Beginning Fund Balance,2112159
2020-21,2085,Mapleton SD 32,250,Non-Federal Sources,5400,Resources - Beginning Fund Balance,347543
2020-21,2085,Mapleton SD 32,299,Child Nutrition,5400,Resources - Beginning Fund Balance,16404
2020-21,2085,Mapleton SD 32,400,Capital Projects Funds,5400,Resources - Beginning Fund Balance,241735
2020-21,2085,Mapleton SD 32,300,Debt Service Funds,5400,Resources - Beginning Fund Balance,18329
2020-21,2085,Mapleton SD 32,252,Measure 98 - High School Success,3299,Other Restricted Grants-In-Aid,68958.6
2020-21,2085,Mapleton SD 32,251,Student Investment Account,3299,Other Restricted Grants-In-Aid,65898.29
2020-21,2085,Mapleton SD 32,299,Child Nutrition,3102,State School Fund--School Lunch Match,866.64
2020-21,2085,Mapleton SD 32,299,Child Nutrition,3299,Other Restricted Grants-In-Aid,-388.95
2020-21,2085,Mapleton SD 32,299,Child Nutrition,4500,Restricted Revenue From Federal Government Through the State,117837.35
2020-21,2085,Mapleton SD 32,299,Child Nutrition,4900,Revenue for/on Behalf of the District,4700.5
2020-21,2085,Mapleton SD 32,250,Non-Federal Sources,2200,Restricted Revenue,16680.74
2020-21,2085,Mapleton SD 32,201,Federal Sources,3299,Other Restricted Grants-In-Aid,4531.94
2020-21,2085,Mapleton SD 32,201,Federal Sources,4500,Restricted Revenue From Federal Government Through the State,287114.3
2020-21,2085,Mapleton SD 32,250,Non-Federal Sources,1500,Earnings on Investments,535.04
2020-21,2085,Mapleton SD 32,250,Non-Federal Sources,5200,Interfund Transfers,150000
2020-21,2085,Mapleton SD 32,201,Federal Sources,4501,Medicaid Reimbursement for Eligible Early Intervention (EI) Services (Birth to Age Three),68941
2020-21,2085,Mapleton SD 32,100,General Fund,5300,Sale of or Compensation for Loss of Fixed Assets,6954.71
2020-21,2085,Mapleton SD 32,300,Debt Service Funds,1110,Ad valorem taxes levied by district,188426.96
2020-21,2085,Mapleton SD 32,300,Debt Service Funds,1190,Penalties and interest on taxes,607.79
2020-21,2085,Mapleton SD 32,400,Capital Projects Funds,1500,Earnings on Investments,644.1
2020-21,2085,Mapleton SD 32,250,Non-Federal Sources,1920,Contributions and Donations From Private Sources,83095.25
2020-21,2085,Mapleton SD 32,250,Non-Federal Sources,1960,Recovery of Prior Years' Expenditure,467.2
2020-21,2085,Mapleton SD 32,100,General Fund,1960,Recovery of Prior Years' Expenditure,10875.14
2020-21,2085,Mapleton SD 32,100,General Fund,2101,County School Funds,10889.56
2020-21,2085,Mapleton SD 32,100,General Fund,2102,General Education Service District Funds,58785
2020-21,2085,Mapleton SD 32,100,General Fund,2199,Other Intermediate Sources,1180.16
2020-21,2085,Mapleton SD 32,100,General Fund,3101,State School Fund --General Support,1851686
2020-21,2085,Mapleton SD 32,100,General Fund,3103,Common School Fund,17843.64
2020-21,2086,Creswell SD 40,100,General Fund,3101,State School Fund --General Support,10344713.26
2020-21,2086,Creswell SD 40,201,Federal Sources,4500,Restricted Revenue From Federal Government Through the State,416458.52
2020-21,2086,Creswell SD 40,250,Non-Federal Sources,1130,Construction Excise Tax,36840.44
2020-21,2086,Creswell SD 40,250,Non-Federal Sources,1500,Earnings on Investments,6225.59
2020-21,2086,Creswell SD 40,250,Non-Federal Sources,1700,Extra-Curricular Activities,32220.66
2020-21,2086,Creswell SD 40,250,Non-Federal Sources,3222,State School Fund (SSF) Transportation Equipment,80699.74
2020-21,2086,Creswell SD 40,250,Non-Federal Sources,1990,Miscellaneous,36357
2020-21,2086,Creswell SD 40,300,Debt Service Funds,1110,Ad valorem taxes levied by district,1477385.36
2020-21,2086,Creswell SD 40,300,Debt Service Funds,1500,Earnings on Investments,12388.97
2020-21,2086,Creswell SD 40,300,Debt Service Funds,5400,Resources - Beginning Fund Balance,139987.45
2020-21,2086,Creswell SD 40,100,General Fund,1990,Miscellaneous,171911
2020-21,2086,Creswell SD 40,100,General Fund,1110,Ad valorem taxes levied by district,3554162.01
2020-21,2086,Creswell SD 40,250,Non-Federal Sources,1920,Contributions and Donations From Private Sources,106987
2020-21,2086,Creswell SD 40,299,Child Nutrition,1990,Miscellaneous,173.19
2020-21,2086,Creswell SD 40,299,Child Nutrition,3102,State School Fund--School Lunch Match,4707.98
2020-21,2086,Creswell SD 40,299,Child Nutrition,4500,Restricted Revenue From Federal Government Through the State,311864.5
2020-21,2086,Creswell SD 40,299,Child Nutrition,4900,Revenue for/on Behalf of the District,39737.27
2020-21,2086,Creswell SD 40,299,Child Nutrition,5200,Interfund Transfers,58500
2020-21,2086,Creswell SD 40,299,Child Nutrition,5400,Resources - Beginning Fund Balance,6.37
2020-21,2086,Creswell SD 40,100,General Fund,4801,Federal Forest Fees,44195.61
2020-21,2086,Creswell SD 40,100,General Fund,5400,Resources - Beginning Fund Balance,2218764.67
2020-21,2086,Creswell SD 40,251,Student Investment Account,3299,Other Restricted Grants-In-Aid,339798.77
2020-21,2086,Creswell SD 40,252,Measure 98 - High School Success,3299,Other Restricted Grants-In-Aid,375757.55
2020-21,2086,Creswell SD 40,252,Measure 98 - High School Success,5400,Resources - Beginning Fund Balance,19747.86
2020-21,2086,Creswell SD 40,299,Child Nutrition,1600,Food Service,165.66
2020-21,2086,Creswell SD 40,100,General Fund,1920,Contributions and Donations From Private Sources,985.78
2020-21,2086,Creswell SD 40,100,General Fund,2101,County School Funds,45238.03
2020-21,2086,Creswell SD 40,100,General Fund,2800,Revenue in Lieu of Taxes,10994.35
2020-21,2086,Creswell SD 40,100,General Fund,3103,Common School Fund,73273.03
2020-21,2086,Creswell SD 40,100,General Fund,3199,Other Unrestricted Grants-In-Aid,331333.89
2020-21,2086,Creswell SD 40,100,General Fund,4500,Restricted Revenue From Federal Government Through the State,302820.98
2020-21,2086,Creswell SD 40,250,Non-Federal Sources,3299,Other Restricted Grants-In-Aid,1856
2020-21,2086,Creswell SD 40,250,Non-Federal Sources,5200,Interfund Transfers,387500.54
2020-21,2086,Creswell SD 40,250,Non-Federal Sources,5400,Resources - Beginning Fund Balance,1133785.94
2020-21,2086,Creswell SD 40,300,Debt Service Funds,1970,Services Provided Other Funds,415944.87
2020-21,2086,Creswell SD 40,100,General Fund,1500,Earnings on Investments,50431.82
2020-21,2086,Creswell SD 40,100,General Fund,1910,Rentals,10350
2020-21,2087,South Lane SD 45J3,100,General Fund,1420,Summer School Transportation,1961
2020-21,2087,South Lane SD 45J3,100,General Fund,1600,Food Service,0
2020-21,2087,South Lane SD 45J3,100,General Fund,1960,Recovery of Prior Years' Expenditure,0
2020-21,2087,South Lane SD 45J3,100,General Fund,2200,Restricted Revenue,0
2020-21,2087,South Lane SD 45J3,100,General Fund,3222,State School Fund (SSF) Transportation Equipment,0
2020-21,2087,South Lane SD 45J3,100,General Fund,3800,Revenue in Lieu of Taxes,0
2020-21,2087,South Lane SD 45J3,600,Internal Service Funds,5400,Resources - Beginning Fund Balance,122187.65
2020-21,2087,South Lane SD 45J3,700,Trust and Agency Funds,5400,Resources - Beginning Fund Balance,386431.51
2020-21,2087,South Lane SD 45J3,100,General Fund,3101,State School Fund --General Support,23925297.11
2020-21,2087,South Lane SD 45J3,100,General Fund,5400,Resources - Beginning Fund Balance,2991525.74
2020-21,2087,South Lane SD 45J3,200,Special Revenue Funds,5400,Resources - Beginning Fund Balance,2446212.42
2020-21,2087,South Lane SD 45J3,300,Debt Service Funds,5400,Resources - Beginning Fund Balance,238563.62
2020-21,2087,South Lane SD 45J3,400,Capital Projects Funds,5400,Resources - Beginning Fund Balance,2390578.07
2020-21,2087,South Lane SD 45J3,600,Internal Service Funds,1970,Services Provided Other Funds,2383119.67
2020-21,2087,South Lane SD 45J3,400,Capital Projects Funds,1990,Miscellaneous,2
2020-21,2087,South Lane SD 45J3,400,Capital Projects Funds,3299,Other Restricted Grants-In-Aid,23757
2020-21,2087,South Lane SD 45J3,400,Capital Projects Funds,4500,Restricted Revenue From Federal Government Through the State,285400.75
2020-21,2087,South Lane SD 45J3,400,Capital Projects Funds,5200,Interfund Transfers,100000
2020-21,2087,South Lane SD 45J3,700,Trust and Agency Funds,1500,Earnings on Investments,2988.8
2020-21,2087,South Lane SD 45J3,700,Trust and Agency Funds,1920,Contributions and Donations From Private Sources,8500
2020-21,2087,South Lane SD 45J3,300,Debt Service Funds,1500,Earnings on Investments,14139.26
2020-21,2087,South Lane SD 45J3,300,Debt Service Funds,5200,Interfund Transfers,152000
2020-21,2087,South Lane SD 45J3,400,Capital Projects Funds,1130,Construction Excise Tax,107389.86
2020-21,2087,South Lane SD 45J3,400,Capital Projects Funds,1500,Earnings on Investments,14286.1
2020-21,2087,South Lane SD 45J3,400,Capital Projects Funds,1910,Rentals,52110
2020-21,2087,South Lane SD 45J3,400,Capital Projects Funds,1920,Contributions and Donations From Private Sources,22425
2020-21,2087,South Lane SD 45J3,200,Special Revenue Funds,3299,Other Restricted Grants-In-Aid,3779995.12
2020-21,2087,South Lane SD 45J3,200,Special Revenue Funds,4500,Restricted Revenue From Federal Government Through the State,3409981.16
2020-21,2087,South Lane SD 45J3,200,Special Revenue Funds,4700,Grants-In-Aid From Federal Government Through Other Intermed,11107
2020-21,2087,South Lane SD 45J3,200,Special Revenue Funds,5200,Interfund Transfers,1556150.26
2020-21,2087,South Lane SD 45J3,200,Special Revenue Funds,5300,Sale of or Compensation for Loss of Fixed Assets,4351.6
2020-21,2087,South Lane SD 45J3,300,Debt Service Funds,1110,Ad valorem taxes levied by district,2874837.71
2020-21,2087,South Lane SD 45J3,200,Special Revenue Funds,1600,Food Service,19352.04
2020-21,2087,South Lane SD 45J3,200,Special Revenue Funds,1700,Extra-Curricular Activities,33493.3
2020-21,2087,South Lane SD 45J3,200,Special Revenue Funds,1800,Community Services Activities,3645.23
2020-21,2087,South Lane SD 45J3,200,Special Revenue Funds,1920,Contributions and Donations From Private Sources,587842
2020-21,2087,South Lane SD 45J3,200,Special Revenue Funds,1990,Miscellaneous,224425.35
2020-21,2087,South Lane SD 45J3,200,Special Revenue Funds,2200,Restricted Revenue,10826.36
2020-21,2087,South Lane SD 45J3,100,General Fund,2199,Other Intermediate Sources,17518.42
2020-21,2087,South Lane SD 45J3,100,General Fund,3103,Common School Fund,458909.94
2020-21,2087,South Lane SD 45J3,100,General Fund,3299,Other Restricted Grants-In-Aid,8043
2020-21,2087,South Lane SD 45J3,100,General Fund,4500,Restricted Revenue From Federal Government Through the State,658066.63
2020-21,2087,South Lane SD 45J3,100,General Fund,4801,Federal Forest Fees,93293.6
2020-21,2087,South Lane SD 45J3,200,Special Revenue Funds,1500,Earnings on Investments,554.55
2020-21,2087,South Lane SD 45J3,100,General Fund,1500,Earnings on Investments,48910.44
2020-21,2087,South Lane SD 45J3,100,General Fund,1920,Contributions and Donations From Private Sources,1029.74
2020-21,2087,South Lane SD 45J3,100,General Fund,1970,Services Provided Other Funds,75338.89
2020-21,2087,South Lane SD 45J3,100,General Fund,1980,Fees Charged to Grants,20510.24
2020-21,2087,South Lane SD 45J3,100,General Fund,1990,Miscellaneous,-48654.74
2020-21,2087,South Lane SD 45J3,100,General Fund,2101,County School Funds,95494.06
2020-21,2087,South Lane SD 45J3,600,Internal Service Funds,1500,Earnings on Investments,0
2020-21,2087,South Lane SD 45J3,600,Internal Service Funds,5200,Interfund Transfers,0
2020-21,2087,South Lane SD 45J3,700,Trust and Agency Funds,5200,Interfund Transfers,0
2020-21,2087,South Lane SD 45J3,100,General Fund,1330,Summer School Tuition,0
2020-21,2087,South Lane SD 45J3,100,General Fund,1110,Ad valorem taxes levied by district,7717108.17
2020-21,2087,South Lane SD 45J3,100,General Fund,1190,Penalties and interest on taxes,42514
2020-21,2087,South Lane SD 45J3,300,Debt Service Funds,1990,Miscellaneous,0
2020-21,2087,South Lane SD 45J3,300,Debt Service Funds,5100,Long Term Debt Financing Sources,0
2020-21,2087,South Lane SD 45J3,400,Capital Projects Funds,1960,Recovery of Prior Years' Expenditure,0
2020-21,2087,South Lane SD 45J3,400,Capital Projects Funds,2200,Restricted Revenue,0
2020-21,2087,South Lane SD 45J3,400,Capital Projects Funds,5100,Long Term Debt Financing Sources,0
2020-21,2087,South Lane SD 45J3,400,Capital Projects Funds,5300,Sale of or Compensation for Loss of Fixed Assets,0
2020-21,2087,South Lane SD 45J3,200,Special Revenue Funds,2199,Other Intermediate Sources,0
2020-21,2087,South Lane SD 45J3,200,Special Revenue Funds,3102,State School Fund--School Lunch Match,0
2020-21,2087,South Lane SD 45J3,200,Special Revenue Funds,4300,Restricted Revenue Direct From the Federal Government,0
2020-21,2087,South Lane SD 45J3,200,Special Revenue Funds,4900,Revenue for/on Behalf of the District,0
2020-21,2087,South Lane SD 45J3,200,Special Revenue Funds,5100,Long Term Debt Financing Sources,0
2020-21,2087,South Lane SD 45J3,300,Debt Service Funds,1190,Penalties and interest on taxes,0
2020-21,2087,South Lane SD 45J3,100,General Fund,5100,Long Term Debt Financing Sources,0
2020-21,2087,South Lane SD 45J3,100,General Fund,5200,Interfund Transfers,0
2020-21,2087,South Lane SD 45J3,100,General Fund,5300,Sale of or Compensation for Loss of Fixed Assets,0
2020-21,2087,South Lane SD 45J3,200,Special Revenue Funds,1910,Rentals,0
2020-21,2087,South Lane SD 45J3,200,Special Revenue Funds,1960,Recovery of Prior Years' Expenditure,0
2020-21,2087,South Lane SD 45J3,200,Special Revenue Funds,1970,Services Provided Other Funds,0
2020-21,2088,Bethel SD 52,201,Federal Sources,1920,Contributions and Donations From Private Sources,2245
2020-21,2088,Bethel SD 52,201,Federal Sources,1990,Miscellaneous,10824.26
2020-21,2088,Bethel SD 52,201,Federal Sources,4300,Restricted Revenue Direct From the Federal Government,20185.04
2020-21,2088,Bethel SD 52,201,Federal Sources,4700,Grants-In-Aid From Federal Government Through Other Intermed,153421.72
2020-21,2088,Bethel SD 52,201,Federal Sources,5400,Resources - Beginning Fund Balance,2279.42
2020-21,2088,Bethel SD 52,250,Non-Federal Sources,1130,Construction Excise Tax,199740.47
2020-21,2088,Bethel SD 52,700,Trust and Agency Funds,1500,Earnings on Investments,6342.07
2020-21,2088,Bethel SD 52,700,Trust and Agency Funds,1800,Community Services Activities,158248.73
2020-21,2088,Bethel SD 52,700,Trust and Agency Funds,1920,Contributions and Donations From Private Sources,3186.11
2020-21,2088,Bethel SD 52,700,Trust and Agency Funds,1990,Miscellaneous,114336.57
2020-21,2088,Bethel SD 52,700,Trust and Agency Funds,5200,Interfund Transfers,233107.81
2020-21,2088,Bethel SD 52,700,Trust and Agency Funds,5400,Resources - Beginning Fund Balance,768718.31
2020-21,2088,Bethel SD 52,300,Debt Service Funds,1500,Earnings on Investments,19305.55
2020-21,2088,Bethel SD 52,400,Capital Projects Funds,1500,Earnings on Investments,62482.14
2020-21,2088,Bethel SD 52,400,Capital Projects Funds,5100,Long Term Debt Financing Sources,118435584.67
2020-21,2088,Bethel SD 52,600,Internal Service Funds,1970,Services Provided Other Funds,26644
2020-21,2088,Bethel SD 52,600,Internal Service Funds,1990,Miscellaneous,95682.71
2020-21,2088,Bethel SD 52,600,Internal Service Funds,5400,Resources - Beginning Fund Balance,-498.42
2020-21,2088,Bethel SD 52,100,General Fund,1312,Tuition from Other Districts within the State,122100
2020-21,2088,Bethel SD 52,100,General Fund,1500,Earnings on Investments,193614.49
2020-21,2088,Bethel SD 52,100,General Fund,2102,General Education Service District Funds,1388170
2020-21,2088,Bethel SD 52,100,General Fund,5100,Long Term Debt Financing Sources,64000
2020-21,2088,Bethel SD 52,100,General Fund,5200,Interfund Transfers,358469.78
2020-21,2088,Bethel SD 52,300,Debt Service Funds,1110,Ad valorem taxes levied by district,6297926.18
2020-21,2088,Bethel SD 52,300,Debt Service Funds,1200,Revenue From Local Governmental Units Other Than Districts,242.76
2020-21,2088,Bethel SD 52,300,Debt Service Funds,2199,Other Intermediate Sources,16391.9
2020-21,2088,Bethel SD 52,300,Debt Service Funds,5400,Resources - Beginning Fund Balance,191471.4
2020-21,2088,Bethel SD 52,400,Capital Projects Funds,1990,Miscellaneous,31054.48
2020-21,2088,Bethel SD 52,400,Capital Projects Funds,5400,Resources - Beginning Fund Balance,3942290.34
2020-21,2088,Bethel SD 52,100,General Fund,1110,Ad valorem taxes levied by district,17211846.02
2020-21,2088,Bethel SD 52,299,Child Nutrition,3102,State School Fund--School Lunch Match,25028.01
2020-21,2088,Bethel SD 52,299,Child Nutrition,3299,Other Restricted Grants-In-Aid,31169.78
2020-21,2088,Bethel SD 52,299,Child Nutrition,4500,Restricted Revenue From Federal Government Through the State,2109253.19
2020-21,2088,Bethel SD 52,299,Child Nutrition,4900,Revenue for/on Behalf of the District,160220.71
2020-21,2088,Bethel SD 52,299,Child Nutrition,5400,Resources - Beginning Fund Balance,288809.65
2020-21,2088,Bethel SD 52,300,Debt Service Funds,1190,Penalties and interest on taxes,22428.19
2020-21,2088,Bethel SD 52,100,General Fund,5400,Resources - Beginning Fund Balance,14952701.56
2020-21,2088,Bethel SD 52,201,Federal Sources,4500,Restricted Revenue From Federal Government Through the State,7173952.62
2020-21,2088,Bethel SD 52,251,Student Investment Account,3299,Other Restricted Grants-In-Aid,1477974.73
2020-21,2088,Bethel SD 52,252,Measure 98 - High School Success,3299,Other Restricted Grants-In-Aid,1822150.79
2020-21,2088,Bethel SD 52,299,Child Nutrition,1920,Contributions and Donations From Private Sources,80
2020-21,2088,Bethel SD 52,299,Child Nutrition,1990,Miscellaneous,5802.96
2020-21,2088,Bethel SD 52,100,General Fund,3101,State School Fund --General Support,41238079.55
2020-21,2088,Bethel SD 52,100,General Fund,3103,Common School Fund,622716.12
2020-21,2088,Bethel SD 52,100,General Fund,3199,Other Unrestricted Grants-In-Aid,210867.52
2020-21,2088,Bethel SD 52,100,General Fund,4500,Restricted Revenue From Federal Government Through the State,17467.53
2020-21,2088,Bethel SD 52,100,General Fund,4801,Federal Forest Fees,187799.74
2020-21,2088,Bethel SD 52,100,General Fund,5300,Sale of or Compensation for Loss of Fixed Assets,5668.24
2020-21,2088,Bethel SD 52,100,General Fund,1910,Rentals,122892.23
2020-21,2088,Bethel SD 52,100,General Fund,1920,Contributions and Donations From Private Sources,583
2020-21,2088,Bethel SD 52,100,General Fund,1980,Fees Charged to Grants,5395.78
2020-21,2088,Bethel SD 52,100,General Fund,1990,Miscellaneous,124965.79
2020-21,2088,Bethel SD 52,100,General Fund,2101,County School Funds,192229.27
2020-21,2088,Bethel SD 52,100,General Fund,2199,Other Intermediate Sources,44715.5
2020-21,2088,Bethel SD 52,250,Non-Federal Sources,5200,Interfund Transfers,184938.19
2020-21,2088,Bethel SD 52,250,Non-Federal Sources,5300,Sale of or Compensation for Loss of Fixed Assets,1000
2020-21,2088,Bethel SD 52,250,Non-Federal Sources,5400,Resources - Beginning Fund Balance,2430875.19
2020-21,2088,Bethel SD 52,299,Child Nutrition,1600,Food Service,22.8
2020-21,2088,Bethel SD 52,100,General Fund,1190,Penalties and interest on taxes,59431.53
2020-21,2088,Bethel SD 52,100,General Fund,1200,Revenue From Local Governmental Units Other Than Districts,744.29
2020-21,2088,Bethel SD 52,250,Non-Federal Sources,2800,Revenue in Lieu of Taxes,110105.42
2020-21,2088,Bethel SD 52,250,Non-Federal Sources,3199,Other Unrestricted Grants-In-Aid,24978.75
2020-21,2088,Bethel SD 52,250,Non-Federal Sources,3222,State School Fund (SSF) Transportation Equipment,150397.03
2020-21,2088,Bethel SD 52,250,Non-Federal Sources,3299,Other Restricted Grants-In-Aid,563078.11
2020-21,2088,Bethel SD 52,250,Non-Federal Sources,4500,Restricted Revenue From Federal Government Through the State,1659.92
2020-21,2088,Bethel SD 52,250,Non-Federal Sources,4700,Grants-In-Aid From Federal Government Through Other Intermed,10.74
2020-21,2088,Bethel SD 52,250,Non-Federal Sources,1200,Revenue From Local Governmental Units Other Than Districts,22968.9
2020-21,2088,Bethel SD 52,250,Non-Federal Sources,1500,Earnings on Investments,11079.06
2020-21,2088,Bethel SD 52,250,Non-Federal Sources,1700,Extra-Curricular Activities,321064.98
2020-21,2088,Bethel SD 52,250,Non-Federal Sources,1920,Contributions and Donations From Private Sources,58053.77
2020-21,2088,Bethel SD 52,250,Non-Federal Sources,1990,Miscellaneous,102307.02
2020-21,2088,Bethel SD 52,250,Non-Federal Sources,2200,Restricted Revenue,455131.05
2020-21,2089,Crow-Applegate-Lorane SD 66,100,General Fund,1110,Ad valorem taxes levied by district,1309671.1
2020-21,2089,Crow-Applegate-Lorane SD 66,100,General Fund,1120,Local option ad valorem taxes levied by district,295030.05
2020-21,2089,Crow-Applegate-Lorane SD 66,100,General Fund,1190,Penalties and interest on taxes,6447.73
2020-21,2089,Crow-Applegate-Lorane SD 66,100,General Fund,1500,Earnings on Investments,11042.73
2020-21,2089,Crow-Applegate-Lorane SD 66,100,General Fund,1700,Extra-Curricular Activities,100
2020-21,2089,Crow-Applegate-Lorane SD 66,100,General Fund,1920,Contributions and Donations From Private Sources,360
2020-21,2089,Crow-Applegate-Lorane SD 66,400,Capital Projects Funds,5400,Resources - Beginning Fund Balance,755850.48
2020-21,2089,Crow-Applegate-Lorane SD 66,299,Child Nutrition,5400,Resources - Beginning Fund Balance,510.32
2020-21,2089,Crow-Applegate-Lorane SD 66,300,Debt Service Funds,1110,Ad valorem taxes levied by district,256301.87
2020-21,2089,Crow-Applegate-Lorane SD 66,300,Debt Service Funds,1500,Earnings on Investments,726.28
2020-21,2089,Crow-Applegate-Lorane SD 66,300,Debt Service Funds,5400,Resources - Beginning Fund Balance,33150.52
2020-21,2089,Crow-Applegate-Lorane SD 66,400,Capital Projects Funds,1500,Earnings on Investments,4669.48
2020-21,2089,Crow-Applegate-Lorane SD 66,400,Capital Projects Funds,5200,Interfund Transfers,86504.5
2020-21,2089,Crow-Applegate-Lorane SD 66,299,Child Nutrition,1600,Food Service,7951.3
2020-21,2089,Crow-Applegate-Lorane SD 66,299,Child Nutrition,1990,Miscellaneous,113.67
2020-21,2089,Crow-Applegate-Lorane SD 66,299,Child Nutrition,3299,Other Restricted Grants-In-Aid,1170.9
2020-21,2089,Crow-Applegate-Lorane SD 66,299,Child Nutrition,4500,Restricted Revenue From Federal Government Through the State,53159.54
2020-21,2089,Crow-Applegate-Lorane SD 66,299,Child Nutrition,4900,Revenue for/on Behalf of the District,8184.87
2020-21,2089,Crow-Applegate-Lorane SD 66,299,Child Nutrition,5200,Interfund Transfers,79147.39
2020-21,2089,Crow-Applegate-Lorane SD 66,250,Non-Federal Sources,5200,Interfund Transfers,152943.11
2020-21,2089,Crow-Applegate-Lorane SD 66,250,Non-Federal Sources,5300,Sale of or Compensation for Loss of Fixed Assets,1400
2020-21,2089,Crow-Applegate-Lorane SD 66,250,Non-Federal Sources,5400,Resources - Beginning Fund Balance,143508.71
2020-21,2089,Crow-Applegate-Lorane SD 66,251,Student Investment Account,3299,Other Restricted Grants-In-Aid,85696.29
2020-21,2089,Crow-Applegate-Lorane SD 66,252,Measure 98 - High School Success,3299,Other Restricted Grants-In-Aid,134715.17
2020-21,2089,Crow-Applegate-Lorane SD 66,299,Child Nutrition,1500,Earnings on Investments,26.1
2020-21,2089,Crow-Applegate-Lorane SD 66,250,Non-Federal Sources,1500,Earnings on Investments,402.15
2020-21,2089,Crow-Applegate-Lorane SD 66,250,Non-Federal Sources,1700,Extra-Curricular Activities,4462.5
2020-21,2089,Crow-Applegate-Lorane SD 66,250,Non-Federal Sources,1920,Contributions and Donations From Private Sources,4427
2020-21,2089,Crow-Applegate-Lorane SD 66,250,Non-Federal Sources,1990,Miscellaneous,4627.8
2020-21,2089,Crow-Applegate-Lorane SD 66,250,Non-Federal Sources,3222,State School Fund (SSF) Transportation Equipment,28486
2020-21,2089,Crow-Applegate-Lorane SD 66,250,Non-Federal Sources,3299,Other Restricted Grants-In-Aid,3544.46
2020-21,2089,Crow-Applegate-Lorane SD 66,100,General Fund,3299,Other Restricted Grants-In-Aid,94.76
2020-21,2089,Crow-Applegate-Lorane SD 66,100,General Fund,4801,Federal Forest Fees,8859.39
2020-21,2089,Crow-Applegate-Lorane SD 66,100,General Fund,5400,Resources - Beginning Fund Balance,629551.55
2020-21,2089,Crow-Applegate-Lorane SD 66,201,Federal Sources,4300,Restricted Revenue Direct From the Federal Government,16935
2020-21,2089,Crow-Applegate-Lorane SD 66,201,Federal Sources,4500,Restricted Revenue From Federal Government Through the State,222895.31
2020-21,2089,Crow-Applegate-Lorane SD 66,201,Federal Sources,4700,Grants-In-Aid From Federal Government Through Other Intermed,15575.2
2020-21,2089,Crow-Applegate-Lorane SD 66,100,General Fund,1980,Fees Charged to Grants,8504.69
2020-21,2089,Crow-Applegate-Lorane SD 66,100,General Fund,1990,Miscellaneous,24639.04
2020-21,2089,Crow-Applegate-Lorane SD 66,100,General Fund,2101,County School Funds,9068.37
2020-21,2089,Crow-Applegate-Lorane SD 66,100,General Fund,3101,State School Fund --General Support,2330684.03
2020-21,2089,Crow-Applegate-Lorane SD 66,100,General Fund,3103,Common School Fund,29376.42
2020-21,2089,Crow-Applegate-Lorane SD 66,100,General Fund,3199,Other Unrestricted Grants-In-Aid,20963.17
2020-21,2090,McKenzie SD 68,100,General Fund,1110,Ad valorem taxes levied by district,1932437.51
2020-21,2090,McKenzie SD 68,100,General Fund,1190,Penalties and interest on taxes,1415.35
2020-21,2090,McKenzie SD 68,100,General Fund,1500,Earnings on Investments,5305.47
2020-21,2090,McKenzie SD 68,100,General Fund,1920,Contributions and Donations From Private Sources,2000
2020-21,2090,McKenzie SD 68,100,General Fund,1990,Miscellaneous,4889.91
2020-21,2090,McKenzie SD 68,100,General Fund,2101,County School Funds,7898.22
2020-21,2090,McKenzie SD 68,400,Capital Projects Funds,3299,Other Restricted Grants-In-Aid,29684
2020-21,2090,McKenzie SD 68,400,Capital Projects Funds,5200,Interfund Transfers,8000
2020-21,2090,McKenzie SD 68,400,Capital Projects Funds,5400,Resources - Beginning Fund Balance,76940.08
2020-21,2090,McKenzie SD 68,200,Special Revenue Funds,5200,Interfund Transfers,114000
2020-21,2090,McKenzie SD 68,200,Special Revenue Funds,5400,Resources - Beginning Fund Balance,274804.25
2020-21,2090,McKenzie SD 68,400,Capital Projects Funds,1130,Construction Excise Tax,52944.23
2020-21,2090,McKenzie SD 68,400,Capital Projects Funds,1500,Earnings on Investments,409.06
2020-21,2090,McKenzie SD 68,400,Capital Projects Funds,1920,Contributions and Donations From Private Sources,25006.93
2020-21,2090,McKenzie SD 68,400,Capital Projects Funds,1990,Miscellaneous,105706.06
2020-21,2090,McKenzie SD 68,200,Special Revenue Funds,1990,Miscellaneous,1141758.09
2020-21,2090,McKenzie SD 68,200,Special Revenue Funds,2200,Restricted Revenue,69576.85
2020-21,2090,McKenzie SD 68,200,Special Revenue Funds,3102,State School Fund--School Lunch Match,1023.68
2020-21,2090,McKenzie SD 68,200,Special Revenue Funds,3299,Other Restricted Grants-In-Aid,291607.66
2020-21,2090,McKenzie SD 68,200,Special Revenue Funds,4500,Restricted Revenue From Federal Government Through the State,612165.07
2020-21,2090,McKenzie SD 68,200,Special Revenue Funds,4700,Grants-In-Aid From Federal Government Through Other Intermed,11472.43
2020-21,2090,McKenzie SD 68,100,General Fund,4801,Federal Forest Fees,7716.22
2020-21,2090,McKenzie SD 68,100,General Fund,5400,Resources - Beginning Fund Balance,301014.51
2020-21,2090,McKenzie SD 68,200,Special Revenue Funds,1500,Earnings on Investments,357.57
2020-21,2090,McKenzie SD 68,200,Special Revenue Funds,1600,Food Service,392.2
2020-21,2090,McKenzie SD 68,200,Special Revenue Funds,1700,Extra-Curricular Activities,13742.44
2020-21,2090,McKenzie SD 68,200,Special Revenue Funds,1920,Contributions and Donations From Private Sources,223644.78
2020-21,2090,McKenzie SD 68,100,General Fund,2199,Other Intermediate Sources,3186.18
2020-21,2090,McKenzie SD 68,100,General Fund,2200,Restricted Revenue,320
2020-21,2090,McKenzie SD 68,100,General Fund,3101,State School Fund --General Support,1658001.7
2020-21,2090,McKenzie SD 68,100,General Fund,3103,Common School Fund,23395.16
2020-21,2090,McKenzie SD 68,100,General Fund,3199,Other Unrestricted Grants-In-Aid,9833.02
2020-21,2090,McKenzie SD 68,100,General Fund,4500,Restricted Revenue From Federal Government Through the State,9449.58
2020-21,2091,Junction City SD 69,400,Capital Projects Funds,5400,Resources - Beginning Fund Balance,139553.99
2020-21,2091,Junction City SD 69,300,Debt Service Funds,4300,Restricted Revenue Direct From the Federal Government,58440.35
2020-21,2091,Junction City SD 69,300,Debt Service Funds,5200,Interfund Transfers,100000
2020-21,2091,Junction City SD 69,300,Debt Service Funds,5400,Resources - Beginning Fund Balance,178237.32
2020-21,2091,Junction City SD 69,400,Capital Projects Funds,1500,Earnings on Investments,1595.18
2020-21,2091,Junction City SD 69,400,Capital Projects Funds,1990,Miscellaneous,237000
2020-21,2091,Junction City SD 69,400,Capital Projects Funds,3299,Other Restricted Grants-In-Aid,-10862.62
2020-21,2091,Junction City SD 69,252,Measure 98 - High School Success,3299,Other Restricted Grants-In-Aid,402071.59
2020-21,2091,Junction City SD 69,252,Measure 98 - High School Success,5400,Resources - Beginning Fund Balance,1862.75
2020-21,2091,Junction City SD 69,300,Debt Service Funds,1110,Ad valorem taxes levied by district,1877060.72
2020-21,2091,Junction City SD 69,300,Debt Service Funds,1190,Penalties and interest on taxes,5954.66
2020-21,2091,Junction City SD 69,300,Debt Service Funds,1970,Services Provided Other Funds,990881.23
2020-21,2091,Junction City SD 69,300,Debt Service Funds,1990,Miscellaneous,-9561
2020-21,2091,Junction City SD 69,299,Child Nutrition,1990,Miscellaneous,740.1
2020-21,2091,Junction City SD 69,299,Child Nutrition,3299,Other Restricted Grants-In-Aid,13811.81
2020-21,2091,Junction City SD 69,299,Child Nutrition,4500,Restricted Revenue From Federal Government Through the State,806858.83
2020-21,2091,Junction City SD 69,299,Child Nutrition,4900,Revenue for/on Behalf of the District,42901.74
2020-21,2091,Junction City SD 69,299,Child Nutrition,5200,Interfund Transfers,9607.04
2020-21,2091,Junction City SD 69,299,Child Nutrition,5400,Resources - Beginning Fund Balance,-2214
2020-21,2091,Junction City SD 69,201,Federal Sources,3299,Other Restricted Grants-In-Aid,183895.51
2020-21,2091,Junction City SD 69,201,Federal Sources,4500,Restricted Revenue From Federal Government Through the State,2145892.37
2020-21,2091,Junction City SD 69,201,Federal Sources,4700,Grants-In-Aid From Federal Government Through Other Intermed,12328.75
2020-21,2091,Junction City SD 69,251,Student Investment Account,3299,Other Restricted Grants-In-Aid,432491.64
2020-21,2091,Junction City SD 69,299,Child Nutrition,1600,Food Service,1988.56
2020-21,2091,Junction City SD 69,299,Child Nutrition,1960,Recovery of Prior Years' Expenditure,-32370.4
2020-21,2091,Junction City SD 69,250,Non-Federal Sources,1990,Miscellaneous,213101.85
2020-21,2091,Junction City SD 69,250,Non-Federal Sources,3299,Other Restricted Grants-In-Aid,30566.58
2020-21,2091,Junction City SD 69,250,Non-Federal Sources,4500,Restricted Revenue From Federal Government Through the State,109091.49
2020-21,2091,Junction City SD 69,250,Non-Federal Sources,4700,Grants-In-Aid From Federal Government Through Other Intermed,6596.19
2020-21,2091,Junction City SD 69,250,Non-Federal Sources,5200,Interfund Transfers,400000
2020-21,2091,Junction City SD 69,250,Non-Federal Sources,5400,Resources - Beginning Fund Balance,1918089.13
2020-21,2091,Junction City SD 69,250,Non-Federal Sources,1411,Transportation fees from Individuals,1064.3
2020-21,2091,Junction City SD 69,250,Non-Federal Sources,1700,Extra-Curricular Activities,134432.13
2020-21,2091,Junction City SD 69,250,Non-Federal Sources,1800,Community Services Activities,8544.98
2020-21,2091,Junction City SD 69,250,Non-Federal Sources,1910,Rentals,6398.4
2020-21,2091,Junction City SD 69,250,Non-Federal Sources,1920,Contributions and Donations From Private Sources,33086.4
2020-21,2091,Junction City SD 69,250,Non-Federal Sources,1970,Services Provided Other Funds,150000
2020-21,2091,Junction City SD 69,100,General Fund,3101,State School Fund --General Support,12242269.76
2020-21,2091,Junction City SD 69,100,General Fund,3103,Common School Fund,194027.02
2020-21,2091,Junction City SD 69,100,General Fund,4500,Restricted Revenue From Federal Government Through the State,172495.51
2020-21,2091,Junction City SD 69,100,General Fund,5400,Resources - Beginning Fund Balance,2335336.54
2020-21,2091,Junction City SD 69,250,Non-Federal Sources,1130,Construction Excise Tax,135447.38
2020-21,2091,Junction City SD 69,250,Non-Federal Sources,1312,Tuition from Other Districts within the State,122100
2020-21,2091,Junction City SD 69,100,General Fund,1940,Services Provided Other Local Education Agencies,16891.97
2020-21,2091,Junction City SD 69,100,General Fund,1960,Recovery of Prior Years' Expenditure,-14274.5
2020-21,2091,Junction City SD 69,100,General Fund,1980,Fees Charged to Grants,58317.99
2020-21,2091,Junction City SD 69,100,General Fund,1990,Miscellaneous,114191.77
2020-21,2091,Junction City SD 69,100,General Fund,2101,County School Funds,118410.12
2020-21,2091,Junction City SD 69,100,General Fund,2199,Other Intermediate Sources,12382.82
2020-21,2091,Junction City SD 69,100,General Fund,1110,Ad valorem taxes levied by district,5570178.74
2020-21,2091,Junction City SD 69,100,General Fund,1190,Penalties and interest on taxes,20149.06
2020-21,2091,Junction City SD 69,100,General Fund,1500,Earnings on Investments,58901.44
2020-21,2091,Junction City SD 69,100,General Fund,1700,Extra-Curricular Activities,-18.64
2020-21,2091,Junction City SD 69,100,General Fund,1910,Rentals,1
2020-21,2092,Lowell SD 71,100,General Fund,1110,Ad valorem taxes levied by district,1237032.44
2020-21,2092,Lowell SD 71,100,General Fund,1190,Penalties and interest on taxes,4514.83
2020-21,2092,Lowell SD 71,100,General Fund,1500,Earnings on Investments,19022.89
2020-21,2092,Lowell SD 71,100,General Fund,1910,Rentals,57904.85
2020-21,2092,Lowell SD 71,100,General Fund,1920,Contributions and Donations From Private Sources,1061
2020-21,2092,Lowell SD 71,100,General Fund,1940,Services Provided Other Local Education Agencies,61892.16
2020-21,2092,Lowell SD 71,300,Debt Service Funds,5400,Resources - Beginning Fund Balance,14054.3
2020-21,2092,Lowell SD 71,400,Capital Projects Funds,1960,Recovery of Prior Years' Expenditure,5948.54
2020-21,2092,Lowell SD 71,400,Capital Projects Funds,5200,Interfund Transfers,489889
2020-21,2092,Lowell SD 71,400,Capital Projects Funds,5400,Resources - Beginning Fund Balance,380012.25
2020-21,2092,Lowell SD 71,500,Enterprise Funds,1940,Services Provided Other Local Education Agencies,51654.24
2020-21,2092,Lowell SD 71,500,Enterprise Funds,5400,Resources - Beginning Fund Balance,10000.12
2020-21,2092,Lowell SD 71,299,Child Nutrition,5400,Resources - Beginning Fund Balance,22.65
2020-21,2092,Lowell SD 71,300,Debt Service Funds,1110,Ad valorem taxes levied by district,276861.33
2020-21,2092,Lowell SD 71,300,Debt Service Funds,1190,Penalties and interest on taxes,580.51
2020-21,2092,Lowell SD 71,300,Debt Service Funds,1500,Earnings on Investments,628.5
2020-21,2092,Lowell SD 71,300,Debt Service Funds,1910,Rentals,45000
2020-21,2092,Lowell SD 71,300,Debt Service Funds,5200,Interfund Transfers,482050.46
2020-21,2092,Lowell SD 71,252,Measure 98 - High School Success,3299,Other Restricted Grants-In-Aid,88710.15
2020-21,2092,Lowell SD 71,299,Child Nutrition,1600,Food Service,6.3
2020-21,2092,Lowell SD 71,299,Child Nutrition,1990,Miscellaneous,775.72
2020-21,2092,Lowell SD 71,299,Child Nutrition,4500,Restricted Revenue From Federal Government Through the State,682339.11
2020-21,2092,Lowell SD 71,299,Child Nutrition,4900,Revenue for/on Behalf of the District,36891.03
2020-21,2092,Lowell SD 71,299,Child Nutrition,5200,Interfund Transfers,2350.18
2020-21,2092,Lowell SD 71,250,Non-Federal Sources,3222,State School Fund (SSF) Transportation Equipment,92645
2020-21,2092,Lowell SD 71,250,Non-Federal Sources,3299,Other Restricted Grants-In-Aid,134464.48
2020-21,2092,Lowell SD 71,250,Non-Federal Sources,4500,Restricted Revenue From Federal Government Through the State,11158.28
2020-21,2092,Lowell SD 71,250,Non-Federal Sources,5200,Interfund Transfers,252332.23
2020-21,2092,Lowell SD 71,250,Non-Federal Sources,5400,Resources - Beginning Fund Balance,294957.35
2020-21,2092,Lowell SD 71,251,Student Investment Account,3299,Other Restricted Grants-In-Aid,233801.6
2020-21,2092,Lowell SD 71,250,Non-Federal Sources,1130,Construction Excise Tax,34463.09
2020-21,2092,Lowell SD 71,250,Non-Federal Sources,1500,Earnings on Investments,18.36
2020-21,2092,Lowell SD 71,250,Non-Federal Sources,1700,Extra-Curricular Activities,12822.5
2020-21,2092,Lowell SD 71,250,Non-Federal Sources,1910,Rentals,46985.02
2020-21,2092,Lowell SD 71,250,Non-Federal Sources,1920,Contributions and Donations From Private Sources,25837.64
2020-21,2092,Lowell SD 71,250,Non-Federal Sources,1990,Miscellaneous,73220
2020-21,2092,Lowell SD 71,100,General Fund,3299,Other Restricted Grants-In-Aid,62865.99
2020-21,2092,Lowell SD 71,100,General Fund,4500,Restricted Revenue From Federal Government Through the State,11120.35
2020-21,2092,Lowell SD 71,100,General Fund,4801,Federal Forest Fees,26556.17
2020-21,2092,Lowell SD 71,100,General Fund,5400,Resources - Beginning Fund Balance,1092075.4
2020-21,2092,Lowell SD 71,201,Federal Sources,4500,Restricted Revenue From Federal Government Through the State,604331.06
2020-21,2092,Lowell SD 71,201,Federal Sources,4700,Grants-In-Aid From Federal Government Through Other Intermed,109384.02
2020-21,2092,Lowell SD 71,100,General Fund,1980,Fees Charged to Grants,21360.4
2020-21,2092,Lowell SD 71,100,General Fund,1990,Miscellaneous,50736.2
2020-21,2092,Lowell SD 71,100,General Fund,2101,County School Funds,27182.54
2020-21,2092,Lowell SD 71,100,General Fund,3101,State School Fund --General Support,11859245.5
2020-21,2092,Lowell SD 71,100,General Fund,3103,Common School Fund,88056.3
2020-21,2092,Lowell SD 71,100,General Fund,3199,Other Unrestricted Grants-In-Aid,25603.85
2020-21,2093,Oakridge SD 76,100,General Fund,1110,Ad valorem taxes levied by district,1351451.76
2020-21,2093,Oakridge SD 76,100,General Fund,1190,Penalties and interest on taxes,5342.37
2020-21,2093,Oakridge SD 76,100,General Fund,1500,Earnings on Investments,20339.98
2020-21,2093,Oakridge SD 76,100,General Fund,1910,Rentals,16200
2020-21,2093,Oakridge SD 76,100,General Fund,1990,Miscellaneous,39874.45
2020-21,2093,Oakridge SD 76,100,General Fund,2101,County School Funds,19798.69
2020-21,2093,Oakridge SD 76,400,Capital Projects Funds,1990,Miscellaneous,58420.6
2020-21,2093,Oakridge SD 76,400,Capital Projects Funds,2200,Restricted Revenue,1937346
2020-21,2093,Oakridge SD 76,400,Capital Projects Funds,5200,Interfund Transfers,21508.71
2020-21,2093,Oakridge SD 76,400,Capital Projects Funds,5400,Resources - Beginning Fund Balance,2254421.2
2020-21,2093,Oakridge SD 76,100,General Fund,3222,State School Fund (SSF) Transportation Equipment,302586
2020-21,2093,Oakridge SD 76,200,Special Revenue Funds,5400,Resources - Beginning Fund Balance,508873.7
2020-21,2093,Oakridge SD 76,300,Debt Service Funds,1110,Ad valorem taxes levied by district,337991.76
2020-21,2093,Oakridge SD 76,300,Debt Service Funds,1190,Penalties and interest on taxes,1105.1
2020-21,2093,Oakridge SD 76,300,Debt Service Funds,5400,Resources - Beginning Fund Balance,24005
2020-21,2093,Oakridge SD 76,400,Capital Projects Funds,1130,Construction Excise Tax,12139.54
2020-21,2093,Oakridge SD 76,400,Capital Projects Funds,1500,Earnings on Investments,9599.98
2020-21,2093,Oakridge SD 76,200,Special Revenue Funds,3299,Other Restricted Grants-In-Aid,569014.41
2020-21,2093,Oakridge SD 76,200,Special Revenue Funds,4300,Restricted Revenue Direct From the Federal Government,122480
2020-21,2093,Oakridge SD 76,200,Special Revenue Funds,4500,Restricted Revenue From Federal Government Through the State,1669094.16
2020-21,2093,Oakridge SD 76,200,Special Revenue Funds,4900,Revenue for/on Behalf of the District,25467.36
2020-21,2093,Oakridge SD 76,200,Special Revenue Funds,5200,Interfund Transfers,110000
2020-21,2093,Oakridge SD 76,200,Special Revenue Funds,5300,Sale of or Compensation for Loss of Fixed Assets,3146
2020-21,2093,Oakridge SD 76,200,Special Revenue Funds,1500,Earnings on Investments,452.72
2020-21,2093,Oakridge SD 76,200,Special Revenue Funds,1600,Food Service,49.05
2020-21,2093,Oakridge SD 76,200,Special Revenue Funds,1700,Extra-Curricular Activities,5578.57
2020-21,2093,Oakridge SD 76,200,Special Revenue Funds,1920,Contributions and Donations From Private Sources,25603.3
2020-21,2093,Oakridge SD 76,200,Special Revenue Funds,2200,Restricted Revenue,32592.79
2020-21,2093,Oakridge SD 76,200,Special Revenue Funds,3102,State School Fund--School Lunch Match,2778.86
2020-21,2093,Oakridge SD 76,100,General Fund,2199,Other Intermediate Sources,2797.17
2020-21,2093,Oakridge SD 76,100,General Fund,3101,State School Fund --General Support,5407171.68
2020-21,2093,Oakridge SD 76,100,General Fund,3103,Common School Fund,64136.76
2020-21,2093,Oakridge SD 76,100,General Fund,4801,Federal Forest Fees,19342.47
2020-21,2093,Oakridge SD 76,100,General Fund,5300,Sale of or Compensation for Loss of Fixed Assets,490
2020-21,2093,Oakridge SD 76,100,General Fund,5400,Resources - Beginning Fund Balance,1464841
2020-21,2094,Marcola SD 79J,100,General Fund,2200,Restricted Revenue,47897
2020-21,2094,Marcola SD 79J,201,Federal Sources,4500,Restricted Revenue From Federal Government Through the State,438605.61
2020-21,2094,Marcola SD 79J,201,Federal Sources,4700,Grants-In-Aid From Federal Government Through Other Intermed,69122.42
2020-21,2094,Marcola SD 79J,250,Non-Federal Sources,1920,Contributions and Donations From Private Sources,7323.27
2020-21,2094,Marcola SD 79J,250,Non-Federal Sources,1940,Services Provided Other Local Education Agencies,259304.7
2020-21,2094,Marcola SD 79J,250,Non-Federal Sources,1990,Miscellaneous,467.36
2020-21,2094,Marcola SD 79J,400,Capital Projects Funds,5400,Resources - Beginning Fund Balance,1737870.46
2020-21,2094,Marcola SD 79J,300,Debt Service Funds,1990,Miscellaneous,-963
2020-21,2094,Marcola SD 79J,300,Debt Service Funds,5400,Resources - Beginning Fund Balance,83816.4
2020-21,2094,Marcola SD 79J,400,Capital Projects Funds,1500,Earnings on Investments,10119.36
2020-21,2094,Marcola SD 79J,400,Capital Projects Funds,1990,Miscellaneous,23952.01
2020-21,2094,Marcola SD 79J,400,Capital Projects Funds,5200,Interfund Transfers,280000
2020-21,2094,Marcola SD 79J,400,Capital Projects Funds,5300,Sale of or Compensation for Loss of Fixed Assets,86252.73
2020-21,2094,Marcola SD 79J,250,Non-Federal Sources,3222,State School Fund (SSF) Transportation Equipment,57062
2020-21,2094,Marcola SD 79J,250,Non-Federal Sources,1500,Earnings on Investments,258.36
2020-21,2094,Marcola SD 79J,250,Non-Federal Sources,1700,Extra-Curricular Activities,51905.62
2020-21,2094,Marcola SD 79J,300,Debt Service Funds,1110,Ad valorem taxes levied by district,409491.63
2020-21,2094,Marcola SD 79J,300,Debt Service Funds,1190,Penalties and interest on taxes,1413.96
2020-21,2094,Marcola SD 79J,300,Debt Service Funds,1500,Earnings on Investments,1709.64
2020-21,2094,Marcola SD 79J,252,Measure 98 - High School Success,3299,Other Restricted Grants-In-Aid,62247.46
2020-21,2094,Marcola SD 79J,251,Student Investment Account,3299,Other Restricted Grants-In-Aid,103742.24
2020-21,2094,Marcola SD 79J,299,Child Nutrition,1600,Food Service,550.2
2020-21,2094,Marcola SD 79J,299,Child Nutrition,3299,Other Restricted Grants-In-Aid,1360.93
2020-21,2094,Marcola SD 79J,299,Child Nutrition,4900,Revenue for/on Behalf of the District,7923.26
2020-21,2094,Marcola SD 79J,299,Child Nutrition,5200,Interfund Transfers,837.92
2020-21,2094,Marcola SD 79J,100,General Fund,3101,State School Fund --General Support,7180211.91
2020-21,2094,Marcola SD 79J,100,General Fund,3103,Common School Fund,70225.08
2020-21,2094,Marcola SD 79J,100,General Fund,3199,Other Unrestricted Grants-In-Aid,14787.32
2020-21,2094,Marcola SD 79J,100,General Fund,4801,Federal Forest Fees,20633.57
2020-21,2094,Marcola SD 79J,100,General Fund,5400,Resources - Beginning Fund Balance,783139.87
2020-21,2094,Marcola SD 79J,201,Federal Sources,4300,Restricted Revenue Direct From the Federal Government,24126
2020-21,2094,Marcola SD 79J,100,General Fund,1500,Earnings on Investments,17115.95
2020-21,2094,Marcola SD 79J,100,General Fund,1920,Contributions and Donations From Private Sources,35.7
2020-21,2094,Marcola SD 79J,100,General Fund,1980,Fees Charged to Grants,29579.48
2020-21,2094,Marcola SD 79J,100,General Fund,1990,Miscellaneous,28626.68
2020-21,2094,Marcola SD 79J,100,General Fund,2101,County School Funds,21120.25
2020-21,2094,Marcola SD 79J,100,General Fund,2199,Other Intermediate Sources,3500.88
2020-21,2094,Marcola SD 79J,250,Non-Federal Sources,3299,Other Restricted Grants-In-Aid,244949.88
2020-21,2094,Marcola SD 79J,250,Non-Federal Sources,5200,Interfund Transfers,80000
2020-21,2094,Marcola SD 79J,250,Non-Federal Sources,5400,Resources - Beginning Fund Balance,209763.68
2020-21,2094,Marcola SD 79J,299,Child Nutrition,4500,Restricted Revenue From Federal Government Through the State,130486.72
2020-21,2094,Marcola SD 79J,100,General Fund,1110,Ad valorem taxes levied by district,934336.85
2020-21,2094,Marcola SD 79J,100,General Fund,1190,Penalties and interest on taxes,3793.13
2020-21,2095,Blachly SD 90,100,General Fund,1920,Contributions and Donations From Private Sources,72.85
2020-21,2095,Blachly SD 90,100,General Fund,1960,Recovery of Prior Years' Expenditure,310
2020-21,2095,Blachly SD 90,100,General Fund,1990,Miscellaneous,19863.06
2020-21,2095,Blachly SD 90,100,General Fund,2101,County School Funds,7950.29
2020-21,2095,Blachly SD 90,100,General Fund,2199,Other Intermediate Sources,536.5
2020-21,2095,Blachly SD 90,100,General Fund,2200,Restricted Revenue,47793
2020-21,2095,Blachly SD 90,100,General Fund,1500,Earnings on Investments,5367.3
2020-21,2095,Blachly SD 90,700,Trust and Agency Funds,5400,Resources - Beginning Fund Balance,760532.96
2020-21,2095,Blachly SD 90,250,Non-Federal Sources,1500,Earnings on Investments,294.36
2020-21,2095,Blachly SD 90,299,Child Nutrition,1600,Food Service,494.9
2020-21,2095,Blachly SD 90,299,Child Nutrition,4900,Revenue for/on Behalf of the District,9475.91
2020-21,2095,Blachly SD 90,100,General Fund,1110,Ad valorem taxes levied by district,323955.05
2020-21,2095,Blachly SD 90,100,General Fund,1190,Penalties and interest on taxes,1212.15
2020-21,2095,Blachly SD 90,400,Capital Projects Funds,3299,Other Restricted Grants-In-Aid,1322218
2020-21,2095,Blachly SD 90,400,Capital Projects Funds,5200,Interfund Transfers,74573.59
2020-21,2095,Blachly SD 90,400,Capital Projects Funds,5400,Resources - Beginning Fund Balance,520837.96
2020-21,2095,Blachly SD 90,600,Internal Service Funds,5400,Resources - Beginning Fund Balance,55500
2020-21,2095,Blachly SD 90,700,Trust and Agency Funds,1500,Earnings on Investments,15447.28
2020-21,2095,Blachly SD 90,700,Trust and Agency Funds,1920,Contributions and Donations From Private Sources,500
2020-21,2095,Blachly SD 90,251,Student Investment Account,4500,Restricted Revenue From Federal Government Through the State,82236.19
2020-21,2095,Blachly SD 90,299,Child Nutrition,1990,Miscellaneous,102.66
2020-21,2095,Blachly SD 90,299,Child Nutrition,4500,Restricted Revenue From Federal Government Through the State,125964.88
2020-21,2095,Blachly SD 90,299,Child Nutrition,5200,Interfund Transfers,53628.11
2020-21,2095,Blachly SD 90,299,Child Nutrition,5400,Resources - Beginning Fund Balance,4500
2020-21,2095,Blachly SD 90,400,Capital Projects Funds,1500,Earnings on Investments,1616.15
2020-21,2095,Blachly SD 90,250,Non-Federal Sources,3222,State School Fund (SSF) Transportation Equipment,36531.2
2020-21,2095,Blachly SD 90,250,Non-Federal Sources,3299,Other Restricted Grants-In-Aid,16538.94
2020-21,2095,Blachly SD 90,250,Non-Federal Sources,4500,Restricted Revenue From Federal Government Through the State,2000.72
2020-21,2095,Blachly SD 90,250,Non-Federal Sources,5200,Interfund Transfers,142166.85
2020-21,2095,Blachly SD 90,250,Non-Federal Sources,5400,Resources - Beginning Fund Balance,220305.15
2020-21,2095,Blachly SD 90,252,Measure 98 - High School Success,3299,Other Restricted Grants-In-Aid,76679.53
2020-21,2095,Blachly SD 90,201,Federal Sources,4300,Restricted Revenue Direct From the Federal Government,22991
2020-21,2095,Blachly SD 90,201,Federal Sources,4500,Restricted Revenue From Federal Government Through the State,354350.51
2020-21,2095,Blachly SD 90,201,Federal Sources,4700,Grants-In-Aid From Federal Government Through Other Intermed,3783.82
2020-21,2095,Blachly SD 90,250,Non-Federal Sources,1700,Extra-Curricular Activities,1260.15
2020-21,2095,Blachly SD 90,250,Non-Federal Sources,1920,Contributions and Donations From Private Sources,11946.19
2020-21,2095,Blachly SD 90,250,Non-Federal Sources,1990,Miscellaneous,1792.85
2020-21,2095,Blachly SD 90,100,General Fund,3101,State School Fund --General Support,2941511.46
2020-21,2095,Blachly SD 90,100,General Fund,3103,Common School Fund,25754.52
2020-21,2095,Blachly SD 90,100,General Fund,3104,State Managed County Timber,100000
2020-21,2095,Blachly SD 90,100,General Fund,3299,Other Restricted Grants-In-Aid,2600
2020-21,2095,Blachly SD 90,100,General Fund,4801,Federal Forest Fees,7767.09
2020-21,2095,Blachly SD 90,100,General Fund,5400,Resources - Beginning Fund Balance,397129.17
2020-21,2096,Siuslaw SD 97J,300,Debt Service Funds,1500,Earnings on Investments,357.78
2020-21,2096,Siuslaw SD 97J,200,Special Revenue Funds,1990,Miscellaneous,28047.09
2020-21,2096,Siuslaw SD 97J,200,Special Revenue Funds,3102,State School Fund--School Lunch Match,5481.67
2020-21,2096,Siuslaw SD 97J,200,Special Revenue Funds,1500,Earnings on Investments,6448.7
2020-21,2096,Siuslaw SD 97J,200,Special Revenue Funds,1700,Extra-Curricular Activities,111117.54
2020-21,2096,Siuslaw SD 97J,200,Special Revenue Funds,1130,Construction Excise Tax,165350.23
2020-21,2096,Siuslaw SD 97J,300,Debt Service Funds,1110,Ad valorem taxes levied by district,23929.28
2020-21,2096,Siuslaw SD 97J,200,Special Revenue Funds,3299,Other Restricted Grants-In-Aid,720690.1
2020-21,2096,Siuslaw SD 97J,200,Special Revenue Funds,4500,Restricted Revenue From Federal Government Through the State,2851986.93
2020-21,2096,Siuslaw SD 97J,200,Special Revenue Funds,1411,Transportation fees from Individuals,34934.4
2020-21,2096,Siuslaw SD 97J,200,Special Revenue Funds,3101,State School Fund --General Support,214105.24
2020-21,2096,Siuslaw SD 97J,200,Special Revenue Funds,5100,Long Term Debt Financing Sources,303766
2020-21,2096,Siuslaw SD 97J,200,Special Revenue Funds,1600,Food Service,2169.06
2020-21,2096,Siuslaw SD 97J,100,General Fund,2200,Restricted Revenue,298908
2020-21,2096,Siuslaw SD 97J,100,General Fund,2900,Revenue for/on Behalf of the District,267.48
2020-21,2096,Siuslaw SD 97J,100,General Fund,3101,State School Fund --General Support,6949260.38
2020-21,2096,Siuslaw SD 97J,100,General Fund,3103,Common School Fund,147025.6
2020-21,2096,Siuslaw SD 97J,100,General Fund,3299,Other Restricted Grants-In-Aid,69335.15
2020-21,2096,Siuslaw SD 97J,100,General Fund,4801,Federal Forest Fees,46561.98
2020-21,2096,Siuslaw SD 97J,100,General Fund,1500,Earnings on Investments,60280.83
2020-21,2096,Siuslaw SD 97J,100,General Fund,1910,Rentals,25952.98
2020-21,2096,Siuslaw SD 97J,100,General Fund,1920,Contributions and Donations From Private Sources,17000
2020-21,2096,Siuslaw SD 97J,100,General Fund,1960,Recovery of Prior Years' Expenditure,5610.34
2020-21,2096,Siuslaw SD 97J,100,General Fund,1990,Miscellaneous,238309.64
2020-21,2096,Siuslaw SD 97J,100,General Fund,2101,County School Funds,47660.22
2020-21,2096,Siuslaw SD 97J,400,Capital Projects Funds,5400,Resources - Beginning Fund Balance,134
2020-21,2096,Siuslaw SD 97J,300,Debt Service Funds,4900,Revenue for/on Behalf of the District,8042.57
2020-21,2096,Siuslaw SD 97J,300,Debt Service Funds,5200,Interfund Transfers,55537.86
2020-21,2096,Siuslaw SD 97J,100,General Fund,1110,Ad valorem taxes levied by district,7783431.86
2020-21,2096,Siuslaw SD 97J,100,General Fund,1120,Local option ad valorem taxes levied by district,1436630.03
2020-21,2096,Siuslaw SD 97J,100,General Fund,1411,Transportation fees from Individuals,6219.17
2020-21,2096,Siuslaw SD 97J,100,General Fund,5400,Resources - Beginning Fund Balance,4880706
2020-21,2096,Siuslaw SD 97J,200,Special Revenue Funds,5400,Resources - Beginning Fund Balance,1706057
2020-21,2096,Siuslaw SD 97J,300,Debt Service Funds,5400,Resources - Beginning Fund Balance,690695
2020-21,2097,Lincoln County SD,100,General Fund,1110,Ad valorem taxes levied by district,39440375.75
2020-21,2097,Lincoln County SD,100,General Fund,1200,Revenue From Local Governmental Units Other Than Districts,14886.46
2020-21,2097,Lincoln County SD,100,General Fund,1500,Earnings on Investments,204342.86
2020-21,2097,Lincoln County SD,100,General Fund,1910,Rentals,44072
2020-21,2097,Lincoln County SD,100,General Fund,1940,Services Provided Other Local Education Agencies,169917.38
2020-21,2097,Lincoln County SD,100,General Fund,1960,Recovery of Prior Years' Expenditure,25510.34
2020-21,2097,Lincoln County SD,600,Internal Service Funds,1970,Services Provided Other Funds,1575346.33
2020-21,2097,Lincoln County SD,600,Internal Service Funds,1990,Miscellaneous,35627.77
2020-21,2097,Lincoln County SD,600,Internal Service Funds,5400,Resources - Beginning Fund Balance,1559748.42
2020-21,2097,Lincoln County SD,700,Trust and Agency Funds,1990,Miscellaneous,5247.42
2020-21,2097,Lincoln County SD,300,Debt Service Funds,2199,Other Intermediate Sources,1155
2020-21,2097,Lincoln County SD,300,Debt Service Funds,5400,Resources - Beginning Fund Balance,8652207.7
2020-21,2097,Lincoln County SD,400,Capital Projects Funds,1130,Construction Excise Tax,715747.4
2020-21,2097,Lincoln County SD,400,Capital Projects Funds,1500,Earnings on Investments,4499.58
2020-21,2097,Lincoln County SD,400,Capital Projects Funds,5400,Resources - Beginning Fund Balance,742168.01
2020-21,2097,Lincoln County SD,600,Internal Service Funds,1500,Earnings on Investments,12594.58
2020-21,2097,Lincoln County SD,299,Child Nutrition,3299,Other Restricted Grants-In-Aid,84551.03
2020-21,2097,Lincoln County SD,299,Child Nutrition,4500,Restricted Revenue From Federal Government Through the State,3377919.6
2020-21,2097,Lincoln County SD,299,Child Nutrition,5400,Resources - Beginning Fund Balance,617836.77
2020-21,2097,Lincoln County SD,300,Debt Service Funds,1110,Ad valorem taxes levied by district,6421072.08
2020-21,2097,Lincoln County SD,300,Debt Service Funds,1500,Earnings on Investments,87242.45
2020-21,2097,Lincoln County SD,300,Debt Service Funds,1970,Services Provided Other Funds,5577734.92
2020-21,2097,Lincoln County SD,251,Student Investment Account,3299,Other Restricted Grants-In-Aid,1231773.39
2020-21,2097,Lincoln County SD,252,Measure 98 - High School Success,3299,Other Restricted Grants-In-Aid,1543049.7
2020-21,2097,Lincoln County SD,299,Child Nutrition,1500,Earnings on Investments,27.35
2020-21,2097,Lincoln County SD,299,Child Nutrition,1600,Food Service,23803
2020-21,2097,Lincoln County SD,299,Child Nutrition,1990,Miscellaneous,21287.66
2020-21,2097,Lincoln County SD,299,Child Nutrition,3102,State School Fund--School Lunch Match,24777.93
2020-21,2097,Lincoln County SD,250,Non-Federal Sources,1990,Miscellaneous,1128920.16
2020-21,2097,Lincoln County SD,250,Non-Federal Sources,3199,Other Unrestricted Grants-In-Aid,71622.08
2020-21,2097,Lincoln County SD,250,Non-Federal Sources,3299,Other Restricted Grants-In-Aid,4384200.34
2020-21,2097,Lincoln County SD,250,Non-Federal Sources,5200,Interfund Transfers,2100000
2020-21,2097,Lincoln County SD,250,Non-Federal Sources,5300,Sale of or Compensation for Loss of Fixed Assets,421006
2020-21,2097,Lincoln County SD,250,Non-Federal Sources,5400,Resources - Beginning Fund Balance,3155371.62
2020-21,2097,Lincoln County SD,250,Non-Federal Sources,1311,Tuition from Individuals,2300
2020-21,2097,Lincoln County SD,250,Non-Federal Sources,1500,Earnings on Investments,11452.73
2020-21,2097,Lincoln County SD,250,Non-Federal Sources,1700,Extra-Curricular Activities,412165.57
2020-21,2097,Lincoln County SD,250,Non-Federal Sources,1910,Rentals,745444
2020-21,2097,Lincoln County SD,250,Non-Federal Sources,1920,Contributions and Donations From Private Sources,235860.11
2020-21,2097,Lincoln County SD,250,Non-Federal Sources,1960,Recovery of Prior Years' Expenditure,34401.6
2020-21,2097,Lincoln County SD,100,General Fund,5400,Resources - Beginning Fund Balance,10788890.14
2020-21,2097,Lincoln County SD,201,Federal Sources,4200,Unrestricted Revenue From Federal Government Through State,9259.67
2020-21,2097,Lincoln County SD,201,Federal Sources,4300,Restricted Revenue Direct From the Federal Government,188867.93
2020-21,2097,Lincoln County SD,201,Federal Sources,4500,Restricted Revenue From Federal Government Through the State,7001143.31
2020-21,2097,Lincoln County SD,201,Federal Sources,4700,Grants-In-Aid From Federal Government Through Other Intermed,151544.87
2020-21,2097,Lincoln County SD,250,Non-Federal Sources,1110,Ad valorem taxes levied by district,10413.17
2020-21,2097,Lincoln County SD,100,General Fund,3103,Common School Fund,488250
2020-21,2097,Lincoln County SD,100,General Fund,3104,State Managed County Timber,667662.36
2020-21,2097,Lincoln County SD,100,General Fund,3199,Other Unrestricted Grants-In-Aid,435754.49
2020-21,2097,Lincoln County SD,100,General Fund,4200,Unrestricted Revenue From Federal Government Through State,4181.04
2020-21,2097,Lincoln County SD,100,General Fund,4801,Federal Forest Fees,251056.8
2020-21,2097,Lincoln County SD,100,General Fund,5300,Sale of or Compensation for Loss of Fixed Assets,11755.27
2020-21,2097,Lincoln County SD,100,General Fund,1980,Fees Charged to Grants,355307.06
2020-21,2097,Lincoln County SD,100,General Fund,1990,Miscellaneous,354210.11
2020-21,2097,Lincoln County SD,100,General Fund,2101,County School Funds,395647.41
2020-21,2097,Lincoln County SD,100,General Fund,2199,Other Intermediate Sources,7496.13
2020-21,2097,Lincoln County SD,100,General Fund,2200,Restricted Revenue,138462
2020-21,2097,Lincoln County SD,100,General Fund,3101,State School Fund --General Support,22113486.58
2020-21,2098,Linn Benton Lincoln ESD,100,General Fund,1110,Ad valorem taxes levied by district,8332982.99
2020-21,2098,Linn Benton Lincoln ESD,100,General Fund,1190,Penalties and interest on taxes,32368.88
2020-21,2098,Linn Benton Lincoln ESD,100,General Fund,1500,Earnings on Investments,193014.02
2020-21,2098,Linn Benton Lincoln ESD,100,General Fund,1960,Recovery of Prior Years' Expenditure,1704.92
2020-21,2098,Linn Benton Lincoln ESD,100,General Fund,1980,Fees Charged to Grants,2161258.17
2020-21,2098,Linn Benton Lincoln ESD,100,General Fund,1990,Miscellaneous,18187.5
2020-21,2098,Linn Benton Lincoln ESD,600,Internal Service Funds,1960,Recovery of Prior Years' Expenditure,-1300
2020-21,2098,Linn Benton Lincoln ESD,600,Internal Service Funds,1970,Services Provided Other Funds,808659.77
2020-21,2098,Linn Benton Lincoln ESD,600,Internal Service Funds,1990,Miscellaneous,228723.11
2020-21,2098,Linn Benton Lincoln ESD,600,Internal Service Funds,4500,Restricted Revenue From Federal Government Through the State,37986.8
2020-21,2098,Linn Benton Lincoln ESD,600,Internal Service Funds,5200,Interfund Transfers,4173586.29
2020-21,2098,Linn Benton Lincoln ESD,600,Internal Service Funds,5400,Resources - Beginning Fund Balance,6809716.11
2020-21,2098,Linn Benton Lincoln ESD,400,Capital Projects Funds,1500,Earnings on Investments,2654.31
2020-21,2098,Linn Benton Lincoln ESD,400,Capital Projects Funds,1910,Rentals,68200
2020-21,2098,Linn Benton Lincoln ESD,400,Capital Projects Funds,5100,Long Term Debt Financing Sources,7048741.66
2020-21,2098,Linn Benton Lincoln ESD,400,Capital Projects Funds,5200,Interfund Transfers,350000
2020-21,2098,Linn Benton Lincoln ESD,400,Capital Projects Funds,5400,Resources - Beginning Fund Balance,1722509.93
2020-21,2098,Linn Benton Lincoln ESD,600,Internal Service Funds,1940,Services Provided Other Local Education Agencies,3034789.64
2020-21,2098,Linn Benton Lincoln ESD,250,Non-Federal Sources,3299,Other Restricted Grants-In-Aid,11658717.14
2020-21,2098,Linn Benton Lincoln ESD,250,Non-Federal Sources,4500,Restricted Revenue From Federal Government Through the State,2119923.39
2020-21,2098,Linn Benton Lincoln ESD,250,Non-Federal Sources,5200,Interfund Transfers,500000
2020-21,2098,Linn Benton Lincoln ESD,250,Non-Federal Sources,5400,Resources - Beginning Fund Balance,3937684.25
2020-21,2098,Linn Benton Lincoln ESD,251,Student Investment Account,3299,Other Restricted Grants-In-Aid,1040094.63
2020-21,2098,Linn Benton Lincoln ESD,251,Student Investment Account,5400,Resources - Beginning Fund Balance,-160.25
2020-21,2098,Linn Benton Lincoln ESD,201,Federal Sources,4500,Restricted Revenue From Federal Government Through the State,2843585.99
2020-21,2098,Linn Benton Lincoln ESD,201,Federal Sources,5400,Resources - Beginning Fund Balance,-6614.07
2020-21,2098,Linn Benton Lincoln ESD,250,Non-Federal Sources,1910,Rentals,51095
2020-21,2098,Linn Benton Lincoln ESD,250,Non-Federal Sources,1940,Services Provided Other Local Education Agencies,241668.63
2020-21,2098,Linn Benton Lincoln ESD,250,Non-Federal Sources,1990,Miscellaneous,4621310.66
2020-21,2098,Linn Benton Lincoln ESD,250,Non-Federal Sources,2200,Restricted Revenue,88554.27
2020-21,2098,Linn Benton Lincoln ESD,100,General Fund,2199,Other Intermediate Sources,584.19
2020-21,2098,Linn Benton Lincoln ESD,100,General Fund,3101,State School Fund --General Support,11021472.38
2020-21,2098,Linn Benton Lincoln ESD,100,General Fund,3104,State Managed County Timber,76069.49
2020-21,2098,Linn Benton Lincoln ESD,100,General Fund,5300,Sale of or Compensation for Loss of Fixed Assets,51957.6
2020-21,2098,Linn Benton Lincoln ESD,100,General Fund,5400,Resources - Beginning Fund Balance,7930205.15
2020-21,2098,Linn Benton Lincoln ESD,201,Federal Sources,3299,Other Restricted Grants-In-Aid,1570498.84
2020-21,2099,Harrisburg SD 7J,100,General Fund,1110,Ad valorem taxes levied by district,1991359.19
2020-21,2099,Harrisburg SD 7J,100,General Fund,1190,Penalties and interest on taxes,720.37
2020-21,2099,Harrisburg SD 7J,100,General Fund,1311,Tuition from Individuals,1154.16
2020-21,2099,Harrisburg SD 7J,100,General Fund,1500,Earnings on Investments,26289.37
2020-21,2099,Harrisburg SD 7J,100,General Fund,1700,Extra-Curricular Activities,26913.98
2020-21,2099,Harrisburg SD 7J,100,General Fund,1960,Recovery of Prior Years' Expenditure,24485.57
2020-21,2099,Harrisburg SD 7J,300,Debt Service Funds,5400,Resources - Beginning Fund Balance,129196.35
2020-21,2099,Harrisburg SD 7J,400,Capital Projects Funds,1500,Earnings on Investments,13626.68
2020-21,2099,Harrisburg SD 7J,400,Capital Projects Funds,3299,Other Restricted Grants-In-Aid,622690.65
2020-21,2099,Harrisburg SD 7J,400,Capital Projects Funds,5400,Resources - Beginning Fund Balance,2268316.45
2020-21,2099,Harrisburg SD 7J,299,Child Nutrition,5200,Interfund Transfers,104269
2020-21,2099,Harrisburg SD 7J,299,Child Nutrition,5400,Resources - Beginning Fund Balance,22031.29
2020-21,2099,Harrisburg SD 7J,300,Debt Service Funds,1110,Ad valorem taxes levied by district,743846.43
2020-21,2099,Harrisburg SD 7J,300,Debt Service Funds,1190,Penalties and interest on taxes,285.03
2020-21,2099,Harrisburg SD 7J,300,Debt Service Funds,1500,Earnings on Investments,-17.58
2020-21,2099,Harrisburg SD 7J,300,Debt Service Funds,5200,Interfund Transfers,51909
2020-21,2099,Harrisburg SD 7J,299,Child Nutrition,1600,Food Service,2123.54
2020-21,2099,Harrisburg SD 7J,299,Child Nutrition,1960,Recovery of Prior Years' Expenditure,-5573.21
2020-21,2099,Harrisburg SD 7J,299,Child Nutrition,1990,Miscellaneous,805.82
2020-21,2099,Harrisburg SD 7J,299,Child Nutrition,3102,State School Fund--School Lunch Match,2927.23
2020-21,2099,Harrisburg SD 7J,299,Child Nutrition,3299,Other Restricted Grants-In-Aid,898.8
2020-21,2099,Harrisburg SD 7J,299,Child Nutrition,4500,Restricted Revenue From Federal Government Through the State,288851.46
2020-21,2099,Harrisburg SD 7J,201,Federal Sources,5400,Resources - Beginning Fund Balance,540104.75
2020-21,2099,Harrisburg SD 7J,250,Non-Federal Sources,4200,Unrestricted Revenue From Federal Government Through State,44171.35
2020-21,2099,Harrisburg SD 7J,250,Non-Federal Sources,4500,Restricted Revenue From Federal Government Through the State,822164.21
2020-21,2099,Harrisburg SD 7J,250,Non-Federal Sources,5400,Resources - Beginning Fund Balance,28952.96
2020-21,2099,Harrisburg SD 7J,251,Student Investment Account,3299,Other Restricted Grants-In-Aid,224674.41
2020-21,2099,Harrisburg SD 7J,252,Measure 98 - High School Success,3299,Other Restricted Grants-In-Aid,246788.07
2020-21,2099,Harrisburg SD 7J,201,Federal Sources,1960,Recovery of Prior Years' Expenditure,10577.98
2020-21,2099,Harrisburg SD 7J,201,Federal Sources,1990,Miscellaneous,70534.85
2020-21,2099,Harrisburg SD 7J,201,Federal Sources,2199,Other Intermediate Sources,5612.94
2020-21,2099,Harrisburg SD 7J,201,Federal Sources,2200,Restricted Revenue,1474.17
2020-21,2099,Harrisburg SD 7J,201,Federal Sources,3299,Other Restricted Grants-In-Aid,3048.95
2020-21,2099,Harrisburg SD 7J,201,Federal Sources,5200,Interfund Transfers,191490
2020-21,2099,Harrisburg SD 7J,100,General Fund,3103,Common School Fund,82346.02
2020-21,2099,Harrisburg SD 7J,100,General Fund,3299,Other Restricted Grants-In-Aid,1251.2
2020-21,2099,Harrisburg SD 7J,100,General Fund,4500,Restricted Revenue From Federal Government Through the State,173111.52
2020-21,2099,Harrisburg SD 7J,100,General Fund,5400,Resources - Beginning Fund Balance,1887999.87
2020-21,2099,Harrisburg SD 7J,201,Federal Sources,1700,Extra-Curricular Activities,39264.02
2020-21,2099,Harrisburg SD 7J,201,Federal Sources,1920,Contributions and Donations From Private Sources,3298.2
2020-21,2099,Harrisburg SD 7J,100,General Fund,1990,Miscellaneous,16291.27
2020-21,2099,Harrisburg SD 7J,100,General Fund,2101,County School Funds,65692.62
2020-21,2099,Harrisburg SD 7J,100,General Fund,2102,General Education Service District Funds,976.25
2020-21,2099,Harrisburg SD 7J,100,General Fund,2200,Restricted Revenue,38956.52
2020-21,2099,Harrisburg SD 7J,100,General Fund,3101,State School Fund --General Support,6961509.74
2020-21,2099,Harrisburg SD 7J,100,General Fund,3102,State School Fund--School Lunch Match,-2927.23
2020-21,2100,Greater Albany Public SD 8J,400,Capital Projects Funds,5300,Sale of or Compensation for Loss of Fixed Assets,397884.17
2020-21,2100,Greater Albany Public SD 8J,400,Capital Projects Funds,5400,Resources - Beginning Fund Balance,47186311.74
2020-21,2100,Greater Albany Public SD 8J,300,Debt Service Funds,5400,Resources - Beginning Fund Balance,2707488.33
2020-21,2100,Greater Albany Public SD 8J,400,Capital Projects Funds,1130,Construction Excise Tax,575915.99
2020-21,2100,Greater Albany Public SD 8J,400,Capital Projects Funds,1500,Earnings on Investments,211776.1
2020-21,2100,Greater Albany Public SD 8J,400,Capital Projects Funds,1990,Miscellaneous,104784.95
2020-21,2100,Greater Albany Public SD 8J,400,Capital Projects Funds,3299,Other Restricted Grants-In-Aid,2659878
2020-21,2100,Greater Albany Public SD 8J,400,Capital Projects Funds,5200,Interfund Transfers,81178
2020-21,2100,Greater Albany Public SD 8J,299,Child Nutrition,5400,Resources - Beginning Fund Balance,-400451.04
2020-21,2100,Greater Albany Public SD 8J,252,Measure 98 - High School Success,3299,Other Restricted Grants-In-Aid,2246569.12
2020-21,2100,Greater Albany Public SD 8J,251,Student Investment Account,3299,Other Restricted Grants-In-Aid,2397156.34
2020-21,2100,Greater Albany Public SD 8J,300,Debt Service Funds,1110,Ad valorem taxes levied by district,13283464.26
2020-21,2100,Greater Albany Public SD 8J,300,Debt Service Funds,1500,Earnings on Investments,84129.95
2020-21,2100,Greater Albany Public SD 8J,300,Debt Service Funds,1970,Services Provided Other Funds,4411673.09
2020-21,2100,Greater Albany Public SD 8J,250,Non-Federal Sources,5200,Interfund Transfers,98000
2020-21,2100,Greater Albany Public SD 8J,299,Child Nutrition,1990,Miscellaneous,100
2020-21,2100,Greater Albany Public SD 8J,299,Child Nutrition,3299,Other Restricted Grants-In-Aid,13686.7
2020-21,2100,Greater Albany Public SD 8J,299,Child Nutrition,4500,Restricted Revenue From Federal Government Through the State,2489306.22
2020-21,2100,Greater Albany Public SD 8J,299,Child Nutrition,4900,Revenue for/on Behalf of the District,253176.02
2020-21,2100,Greater Albany Public SD 8J,299,Child Nutrition,5200,Interfund Transfers,148196.77
2020-21,2100,Greater Albany Public SD 8J,100,General Fund,4900,Revenue for/on Behalf of the District,3672.81
2020-21,2100,Greater Albany Public SD 8J,100,General Fund,5400,Resources - Beginning Fund Balance,10845858.52
2020-21,2100,Greater Albany Public SD 8J,250,Non-Federal Sources,1700,Extra-Curricular Activities,346768.87
2020-21,2100,Greater Albany Public SD 8J,250,Non-Federal Sources,1960,Recovery of Prior Years' Expenditure,230046.95
2020-21,2100,Greater Albany Public SD 8J,250,Non-Federal Sources,3222,State School Fund (SSF) Transportation Equipment,648183
2020-21,2100,Greater Albany Public SD 8J,250,Non-Federal Sources,5100,Long Term Debt Financing Sources,699600
2020-21,2100,Greater Albany Public SD 8J,100,General Fund,3101,State School Fund --General Support,69755319.88
2020-21,2100,Greater Albany Public SD 8J,100,General Fund,3103,Common School Fund,1012943.06
2020-21,2100,Greater Albany Public SD 8J,100,General Fund,3104,State Managed County Timber,312074.57
2020-21,2100,Greater Albany Public SD 8J,100,General Fund,3199,Other Unrestricted Grants-In-Aid,837129.83
2020-21,2100,Greater Albany Public SD 8J,100,General Fund,3299,Other Restricted Grants-In-Aid,478085.44
2020-21,2100,Greater Albany Public SD 8J,100,General Fund,4801,Federal Forest Fees,252683.17
2020-21,2100,Greater Albany Public SD 8J,100,General Fund,1500,Earnings on Investments,266865.42
2020-21,2100,Greater Albany Public SD 8J,100,General Fund,1910,Rentals,8867.6
2020-21,2100,Greater Albany Public SD 8J,100,General Fund,1980,Fees Charged to Grants,295726.65
2020-21,2100,Greater Albany Public SD 8J,100,General Fund,1990,Miscellaneous,236211.57
2020-21,2100,Greater Albany Public SD 8J,100,General Fund,2101,County School Funds,71817.08
2020-21,2100,Greater Albany Public SD 8J,100,General Fund,2200,Restricted Revenue,11625
2020-21,2100,Greater Albany Public SD 8J,250,Non-Federal Sources,2200,Restricted Revenue,362634.54
2020-21,2100,Greater Albany Public SD 8J,250,Non-Federal Sources,3299,Other Restricted Grants-In-Aid,745179.21
2020-21,2100,Greater Albany Public SD 8J,250,Non-Federal Sources,5400,Resources - Beginning Fund Balance,3286363.24
2020-21,2100,Greater Albany Public SD 8J,100,General Fund,1110,Ad valorem taxes levied by district,27336855.23
2020-21,2100,Greater Albany Public SD 8J,201,Federal Sources,4500,Restricted Revenue From Federal Government Through the State,5985454.44
2020-21,2100,Greater Albany Public SD 8J,201,Federal Sources,4700,Grants-In-Aid From Federal Government Through Other Intermed,307862.47
2020-21,2100,Greater Albany Public SD 8J,201,Federal Sources,5400,Resources - Beginning Fund Balance,94.28
2020-21,2100,Greater Albany Public SD 8J,250,Non-Federal Sources,1500,Earnings on Investments,50000.82
2020-21,2100,Greater Albany Public SD 8J,250,Non-Federal Sources,1920,Contributions and Donations From Private Sources,148814.92
2020-21,2100,Greater Albany Public SD 8J,250,Non-Federal Sources,1990,Miscellaneous,1295234.86
2020-21,2101,Lebanon Community SD 9,100,General Fund,1110,Ad valorem taxes levied by district,11253777.23
2020-21,2101,Lebanon Community SD 9,100,General Fund,1190,Penalties and interest on taxes,46260.54
2020-21,2101,Lebanon Community SD 9,100,General Fund,1500,Earnings on Investments,126957.11
2020-21,2101,Lebanon Community SD 9,100,General Fund,1960,Recovery of Prior Years' Expenditure,45515
2020-21,2101,Lebanon Community SD 9,100,General Fund,1980,Fees Charged to Grants,119571.12
2020-21,2101,Lebanon Community SD 9,100,General Fund,1990,Miscellaneous,218577.71
2020-21,2101,Lebanon Community SD 9,500,Enterprise Funds,5300,Sale of or Compensation for Loss of Fixed Assets,529300.46
2020-21,2101,Lebanon Community SD 9,500,Enterprise Funds,5400,Resources - Beginning Fund Balance,-56110.98
2020-21,2101,Lebanon Community SD 9,600,Internal Service Funds,5200,Interfund Transfers,227000
2020-21,2101,Lebanon Community SD 9,600,Internal Service Funds,5400,Resources - Beginning Fund Balance,78684.52
2020-21,2101,Lebanon Community SD 9,700,Trust and Agency Funds,1990,Miscellaneous,397.5
2020-21,2101,Lebanon Community SD 9,700,Trust and Agency Funds,5400,Resources - Beginning Fund Balance,2070.89
2020-21,2101,Lebanon Community SD 9,300,Debt Service Funds,1990,Miscellaneous,4.77
2020-21,2101,Lebanon Community SD 9,300,Debt Service Funds,5100,Long Term Debt Financing Sources,45880.63
2020-21,2101,Lebanon Community SD 9,300,Debt Service Funds,5400,Resources - Beginning Fund Balance,256193.99
2020-21,2101,Lebanon Community SD 9,400,Capital Projects Funds,3299,Other Restricted Grants-In-Aid,414133
2020-21,2101,Lebanon Community SD 9,500,Enterprise Funds,1960,Recovery of Prior Years' Expenditure,9000
2020-21,2101,Lebanon Community SD 9,500,Enterprise Funds,5200,Interfund Transfers,93000
2020-21,2101,Lebanon Community SD 9,299,Child Nutrition,4900,Revenue for/on Behalf of the District,138807.15
2020-21,2101,Lebanon Community SD 9,299,Child Nutrition,5200,Interfund Transfers,120000
2020-21,2101,Lebanon Community SD 9,299,Child Nutrition,5400,Resources - Beginning Fund Balance,483250.9
2020-21,2101,Lebanon Community SD 9,300,Debt Service Funds,1110,Ad valorem taxes levied by district,3913548.59
2020-21,2101,Lebanon Community SD 9,300,Debt Service Funds,1190,Penalties and interest on taxes,16058
2020-21,2101,Lebanon Community SD 9,300,Debt Service Funds,1500,Earnings on Investments,0.39
2020-21,2101,Lebanon Community SD 9,252,Measure 98 - High School Success,3299,Other Restricted Grants-In-Aid,965047.83
2020-21,2101,Lebanon Community SD 9,299,Child Nutrition,1500,Earnings on Investments,6209.39
2020-21,2101,Lebanon Community SD 9,299,Child Nutrition,1600,Food Service,1125.01
2020-21,2101,Lebanon Community SD 9,299,Child Nutrition,1990,Miscellaneous,11156.48
2020-21,2101,Lebanon Community SD 9,299,Child Nutrition,3299,Other Restricted Grants-In-Aid,21659.83
2020-21,2101,Lebanon Community SD 9,299,Child Nutrition,4500,Restricted Revenue From Federal Government Through the State,1489803.34
2020-21,2101,Lebanon Community SD 9,250,Non-Federal Sources,1990,Miscellaneous,104717.82
2020-21,2101,Lebanon Community SD 9,250,Non-Federal Sources,2200,Restricted Revenue,85043.66
2020-21,2101,Lebanon Community SD 9,250,Non-Federal Sources,3299,Other Restricted Grants-In-Aid,282218.9
2020-21,2101,Lebanon Community SD 9,250,Non-Federal Sources,5200,Interfund Transfers,1660000
2020-21,2101,Lebanon Community SD 9,250,Non-Federal Sources,5400,Resources - Beginning Fund Balance,3277987.87
2020-21,2101,Lebanon Community SD 9,251,Student Investment Account,3299,Other Restricted Grants-In-Aid,1079043.64
2020-21,2101,Lebanon Community SD 9,201,Federal Sources,4700,Grants-In-Aid From Federal Government Through Other Intermed,205634.75
2020-21,2101,Lebanon Community SD 9,201,Federal Sources,5400,Resources - Beginning Fund Balance,8707.99
2020-21,2101,Lebanon Community SD 9,250,Non-Federal Sources,1130,Construction Excise Tax,80731.83
2020-21,2101,Lebanon Community SD 9,250,Non-Federal Sources,1500,Earnings on Investments,2091.27
2020-21,2101,Lebanon Community SD 9,250,Non-Federal Sources,1700,Extra-Curricular Activities,154684.26
2020-21,2101,Lebanon Community SD 9,250,Non-Federal Sources,1920,Contributions and Donations From Private Sources,62509.08
2020-21,2101,Lebanon Community SD 9,100,General Fund,4801,Federal Forest Fees,131725.96
2020-21,2101,Lebanon Community SD 9,100,General Fund,5300,Sale of or Compensation for Loss of Fixed Assets,8975
2020-21,2101,Lebanon Community SD 9,100,General Fund,5400,Resources - Beginning Fund Balance,4063208.09
2020-21,2101,Lebanon Community SD 9,201,Federal Sources,1990,Miscellaneous,-5708
2020-21,2101,Lebanon Community SD 9,201,Federal Sources,2200,Restricted Revenue,14050.88
2020-21,2101,Lebanon Community SD 9,201,Federal Sources,4500,Restricted Revenue From Federal Government Through the State,3865288.19
2020-21,2101,Lebanon Community SD 9,100,General Fund,2101,County School Funds,24611.27
2020-21,2101,Lebanon Community SD 9,100,General Fund,2200,Restricted Revenue,209405.42
2020-21,2101,Lebanon Community SD 9,100,General Fund,3101,State School Fund --General Support,32079870.7
2020-21,2101,Lebanon Community SD 9,100,General Fund,3103,Common School Fund,407425.1
2020-21,2101,Lebanon Community SD 9,100,General Fund,3104,State Managed County Timber,162687.24
2020-21,2101,Lebanon Community SD 9,100,General Fund,4300,Restricted Revenue Direct From the Federal Government,66925.52
2020-21,2102,Sweet Home SD 55,250,Non-Federal Sources,3222,State School Fund (SSF) Transportation Equipment,266992.58
2020-21,2102,Sweet Home SD 55,250,Non-Federal Sources,3299,Other Restricted Grants-In-Aid,358408.26
2020-21,2102,Sweet Home SD 55,250,Non-Federal Sources,4500,Restricted Revenue From Federal Government Through the State,89434.3
2020-21,2102,Sweet Home SD 55,250,Non-Federal Sources,5200,Interfund Transfers,247500
2020-21,2102,Sweet Home SD 55,250,Non-Federal Sources,5400,Resources - Beginning Fund Balance,3703779.11
2020-21,2102,Sweet Home SD 55,201,Federal Sources,5400,Resources - Beginning Fund Balance,0.02
2020-21,2102,Sweet Home SD 55,250,Non-Federal Sources,1500,Earnings on Investments,12848.15
2020-21,2102,Sweet Home SD 55,250,Non-Federal Sources,1920,Contributions and Donations From Private Sources,52723.84
2020-21,2102,Sweet Home SD 55,250,Non-Federal Sources,1990,Miscellaneous,740570.46
2020-21,2102,Sweet Home SD 55,250,Non-Federal Sources,2200,Restricted Revenue,543.89
2020-21,2102,Sweet Home SD 55,250,Non-Federal Sources,3199,Other Unrestricted Grants-In-Aid,241027
2020-21,2102,Sweet Home SD 55,299,Child Nutrition,4500,Restricted Revenue From Federal Government Through the State,938958.48
2020-21,2102,Sweet Home SD 55,299,Child Nutrition,4900,Revenue for/on Behalf of the District,88321.84
2020-21,2102,Sweet Home SD 55,299,Child Nutrition,5400,Resources - Beginning Fund Balance,180848.81
2020-21,2102,Sweet Home SD 55,251,Student Investment Account,3299,Other Restricted Grants-In-Aid,597638.27
2020-21,2102,Sweet Home SD 55,252,Measure 98 - High School Success,3299,Other Restricted Grants-In-Aid,543932.68
2020-21,2102,Sweet Home SD 55,201,Federal Sources,4500,Restricted Revenue From Federal Government Through the State,2177459.88
2020-21,2102,Sweet Home SD 55,300,Debt Service Funds,5400,Resources - Beginning Fund Balance,2511603.62
2020-21,2102,Sweet Home SD 55,400,Capital Projects Funds,1500,Earnings on Investments,7219.24
2020-21,2102,Sweet Home SD 55,400,Capital Projects Funds,5400,Resources - Beginning Fund Balance,1944836.87
2020-21,2102,Sweet Home SD 55,299,Child Nutrition,1600,Food Service,8637.56
2020-21,2102,Sweet Home SD 55,299,Child Nutrition,3102,State School Fund--School Lunch Match,10155.19
2020-21,2102,Sweet Home SD 55,299,Child Nutrition,3299,Other Restricted Grants-In-Aid,5479.3
2020-21,2102,Sweet Home SD 55,100,General Fund,4801,Federal Forest Fees,71232.88
2020-21,2102,Sweet Home SD 55,100,General Fund,5400,Resources - Beginning Fund Balance,1206472.01
2020-21,2102,Sweet Home SD 55,300,Debt Service Funds,1110,Ad valorem taxes levied by district,1618196.8
2020-21,2102,Sweet Home SD 55,300,Debt Service Funds,1500,Earnings on Investments,11432.22
2020-21,2102,Sweet Home SD 55,300,Debt Service Funds,1970,Services Provided Other Funds,1801055.04
2020-21,2102,Sweet Home SD 55,300,Debt Service Funds,1990,Miscellaneous,1.32
2020-21,2102,Sweet Home SD 55,100,General Fund,1990,Miscellaneous,22863.12
2020-21,2102,Sweet Home SD 55,100,General Fund,2102,General Education Service District Funds,103798.12
2020-21,2102,Sweet Home SD 55,100,General Fund,3101,State School Fund --General Support,18932246.14
2020-21,2102,Sweet Home SD 55,100,General Fund,3103,Common School Fund,222437.05
2020-21,2102,Sweet Home SD 55,100,General Fund,3104,State Managed County Timber,93041.01
2020-21,2102,Sweet Home SD 55,100,General Fund,3199,Other Unrestricted Grants-In-Aid,420
2020-21,2102,Sweet Home SD 55,100,General Fund,1110,Ad valorem taxes levied by district,5145882.53
2020-21,2102,Sweet Home SD 55,100,General Fund,1120,Local option ad valorem taxes levied by district,269517.55
2020-21,2102,Sweet Home SD 55,100,General Fund,1500,Earnings on Investments,112541.7
2020-21,2102,Sweet Home SD 55,100,General Fund,1800,Community Services Activities,16106.29
2020-21,2102,Sweet Home SD 55,100,General Fund,1910,Rentals,25343.5
2020-21,2102,Sweet Home SD 55,100,General Fund,1980,Fees Charged to Grants,73066.91
2020-21,2103,Scio SD 95,100,General Fund,1110,Ad valorem taxes levied by district,1514793.65
2020-21,2103,Scio SD 95,100,General Fund,1190,Penalties and interest on taxes,6254.65
2020-21,2103,Scio SD 95,100,General Fund,1500,Earnings on Investments,79302.21
2020-21,2103,Scio SD 95,100,General Fund,1700,Extra-Curricular Activities,3070
2020-21,2103,Scio SD 95,100,General Fund,1910,Rentals,8900
2020-21,2103,Scio SD 95,100,General Fund,1960,Recovery of Prior Years' Expenditure,144177.7
2020-21,2103,Scio SD 95,250,Non-Federal Sources,1500,Earnings on Investments,10.36
2020-21,2103,Scio SD 95,250,Non-Federal Sources,1700,Extra-Curricular Activities,68096.63
2020-21,2103,Scio SD 95,250,Non-Federal Sources,3299,Other Restricted Grants-In-Aid,62261.11
2020-21,2103,Scio SD 95,250,Non-Federal Sources,5200,Interfund Transfers,480000
2020-21,2103,Scio SD 95,250,Non-Federal Sources,5400,Resources - Beginning Fund Balance,3007930.8
2020-21,2103,Scio SD 95,299,Child Nutrition,1990,Miscellaneous,41.65
2020-21,2103,Scio SD 95,299,Child Nutrition,4500,Restricted Revenue From Federal Government Through the State,428136.42
2020-21,2103,Scio SD 95,299,Child Nutrition,4900,Revenue for/on Behalf of the District,15053.1
2020-21,2103,Scio SD 95,299,Child Nutrition,5200,Interfund Transfers,2213.91
2020-21,2103,Scio SD 95,299,Child Nutrition,5400,Resources - Beginning Fund Balance,32269.27
2020-21,2103,Scio SD 95,201,Federal Sources,4500,Restricted Revenue From Federal Government Through the State,684418.87
2020-21,2103,Scio SD 95,400,Capital Projects Funds,5200,Interfund Transfers,88017
2020-21,2103,Scio SD 95,400,Capital Projects Funds,5400,Resources - Beginning Fund Balance,3995354.21
2020-21,2103,Scio SD 95,252,Measure 98 - High School Success,3299,Other Restricted Grants-In-Aid,79423.06
2020-21,2103,Scio SD 95,251,Student Investment Account,3299,Other Restricted Grants-In-Aid,189150.71
2020-21,2103,Scio SD 95,299,Child Nutrition,1600,Food Service,1445.75
2020-21,2103,Scio SD 95,299,Child Nutrition,1960,Recovery of Prior Years' Expenditure,11.2
2020-21,2103,Scio SD 95,201,Federal Sources,4700,Grants-In-Aid From Federal Government Through Other Intermed,8753.71
2020-21,2103,Scio SD 95,201,Federal Sources,5400,Resources - Beginning Fund Balance,-44786.39
2020-21,2103,Scio SD 95,250,Non-Federal Sources,1920,Contributions and Donations From Private Sources,5244.4
2020-21,2103,Scio SD 95,250,Non-Federal Sources,1990,Miscellaneous,16806.2
2020-21,2103,Scio SD 95,250,Non-Federal Sources,2200,Restricted Revenue,31966.59
2020-21,2103,Scio SD 95,400,Capital Projects Funds,3299,Other Restricted Grants-In-Aid,2116451
2020-21,2103,Scio SD 95,100,General Fund,3104,State Managed County Timber,28324
2020-21,2103,Scio SD 95,100,General Fund,3204,Driver Education,10080
2020-21,2103,Scio SD 95,100,General Fund,3299,Other Restricted Grants-In-Aid,2000
2020-21,2103,Scio SD 95,100,General Fund,4500,Restricted Revenue From Federal Government Through the State,2640.96
2020-21,2103,Scio SD 95,100,General Fund,4801,Federal Forest Fees,22933.61
2020-21,2103,Scio SD 95,100,General Fund,5400,Resources - Beginning Fund Balance,2006669.2
2020-21,2103,Scio SD 95,100,General Fund,1980,Fees Charged to Grants,20529.22
2020-21,2103,Scio SD 95,100,General Fund,1990,Miscellaneous,127793.89
2020-21,2103,Scio SD 95,100,General Fund,2101,County School Funds,4284.85
2020-21,2103,Scio SD 95,100,General Fund,2200,Restricted Revenue,38462
2020-21,2103,Scio SD 95,100,General Fund,3101,State School Fund --General Support,25143323.07
2020-21,2103,Scio SD 95,100,General Fund,3103,Common School Fund,76162.34
2020-21,2104,Santiam Canyon SD 129J,100,General Fund,1110,Ad valorem taxes levied by district,2051463.67
2020-21,2104,Santiam Canyon SD 129J,100,General Fund,1190,Penalties and interest on taxes,6415.44
2020-21,2104,Santiam Canyon SD 129J,100,General Fund,1500,Earnings on Investments,73048.65
2020-21,2104,Santiam Canyon SD 129J,100,General Fund,1910,Rentals,7650
2020-21,2104,Santiam Canyon SD 129J,100,General Fund,1920,Contributions and Donations From Private Sources,155843.01
2020-21,2104,Santiam Canyon SD 129J,100,General Fund,1940,Services Provided Other Local Education Agencies,2024505.4
2020-21,2104,Santiam Canyon SD 129J,299,Child Nutrition,4900,Revenue for/on Behalf of the District,12507.66
2020-21,2104,Santiam Canyon SD 129J,299,Child Nutrition,5200,Interfund Transfers,70000
2020-21,2104,Santiam Canyon SD 129J,299,Child Nutrition,5400,Resources - Beginning Fund Balance,17361.69
2020-21,2104,Santiam Canyon SD 129J,251,Student Investment Account,3299,Other Restricted Grants-In-Aid,337719.15
2020-21,2104,Santiam Canyon SD 129J,252,Measure 98 - High School Success,3299,Other Restricted Grants-In-Aid,155394.35
2020-21,2104,Santiam Canyon SD 129J,299,Child Nutrition,1600,Food Service,29.2
2020-21,2104,Santiam Canyon SD 129J,299,Child Nutrition,1990,Miscellaneous,2078.41
2020-21,2104,Santiam Canyon SD 129J,299,Child Nutrition,3299,Other Restricted Grants-In-Aid,1311.38
2020-21,2104,Santiam Canyon SD 129J,299,Child Nutrition,4500,Restricted Revenue From Federal Government Through the State,136387.5
2020-21,2104,Santiam Canyon SD 129J,400,Capital Projects Funds,1500,Earnings on Investments,50450.92
2020-21,2104,Santiam Canyon SD 129J,400,Capital Projects Funds,1920,Contributions and Donations From Private Sources,60000
2020-21,2104,Santiam Canyon SD 129J,400,Capital Projects Funds,1990,Miscellaneous,9797.87
2020-21,2104,Santiam Canyon SD 129J,400,Capital Projects Funds,3299,Other Restricted Grants-In-Aid,3121312.5
2020-21,2104,Santiam Canyon SD 129J,400,Capital Projects Funds,5200,Interfund Transfers,824180
2020-21,2104,Santiam Canyon SD 129J,400,Capital Projects Funds,5400,Resources - Beginning Fund Balance,15671147.79
2020-21,2104,Santiam Canyon SD 129J,250,Non-Federal Sources,5400,Resources - Beginning Fund Balance,766624.87
2020-21,2104,Santiam Canyon SD 129J,300,Debt Service Funds,1110,Ad valorem taxes levied by district,919638.04
2020-21,2104,Santiam Canyon SD 129J,300,Debt Service Funds,1500,Earnings on Investments,1671.49
2020-21,2104,Santiam Canyon SD 129J,300,Debt Service Funds,1970,Services Provided Other Funds,529397.51
2020-21,2104,Santiam Canyon SD 129J,300,Debt Service Funds,1990,Miscellaneous,1470768.56
2020-21,2104,Santiam Canyon SD 129J,300,Debt Service Funds,5400,Resources - Beginning Fund Balance,762988.36
2020-21,2104,Santiam Canyon SD 129J,250,Non-Federal Sources,1920,Contributions and Donations From Private Sources,258851.25
2020-21,2104,Santiam Canyon SD 129J,250,Non-Federal Sources,1960,Recovery of Prior Years' Expenditure,26.56
2020-21,2104,Santiam Canyon SD 129J,250,Non-Federal Sources,1990,Miscellaneous,117514.9
2020-21,2104,Santiam Canyon SD 129J,250,Non-Federal Sources,3299,Other Restricted Grants-In-Aid,157656.48
2020-21,2104,Santiam Canyon SD 129J,250,Non-Federal Sources,5100,Long Term Debt Financing Sources,1557184.47
2020-21,2104,Santiam Canyon SD 129J,250,Non-Federal Sources,5200,Interfund Transfers,6452
2020-21,2104,Santiam Canyon SD 129J,100,General Fund,5400,Resources - Beginning Fund Balance,619056.51
2020-21,2104,Santiam Canyon SD 129J,201,Federal Sources,4500,Restricted Revenue From Federal Government Through the State,1276959.41
2020-21,2104,Santiam Canyon SD 129J,201,Federal Sources,5400,Resources - Beginning Fund Balance,-19356.19
2020-21,2104,Santiam Canyon SD 129J,250,Non-Federal Sources,1500,Earnings on Investments,3692.54
2020-21,2104,Santiam Canyon SD 129J,250,Non-Federal Sources,1700,Extra-Curricular Activities,27300.22
2020-21,2104,Santiam Canyon SD 129J,250,Non-Federal Sources,1910,Rentals,60
2020-21,2104,Santiam Canyon SD 129J,100,General Fund,3101,State School Fund --General Support,50536352.11
2020-21,2104,Santiam Canyon SD 129J,100,General Fund,3103,Common School Fund,184563.86
2020-21,2104,Santiam Canyon SD 129J,100,General Fund,3104,State Managed County Timber,600000
2020-21,2104,Santiam Canyon SD 129J,100,General Fund,3299,Other Restricted Grants-In-Aid,14273.67
2020-21,2104,Santiam Canyon SD 129J,100,General Fund,4801,Federal Forest Fees,40056.95
2020-21,2104,Santiam Canyon SD 129J,100,General Fund,5300,Sale of or Compensation for Loss of Fixed Assets,109493.21
2020-21,2104,Santiam Canyon SD 129J,100,General Fund,1960,Recovery of Prior Years' Expenditure,6876.26
2020-21,2104,Santiam Canyon SD 129J,100,General Fund,1990,Miscellaneous,89815.97
2020-21,2104,Santiam Canyon SD 129J,100,General Fund,2101,County School Funds,19.94
2020-21,2104,Santiam Canyon SD 129J,100,General Fund,2102,General Education Service District Funds,247540.79
2020-21,2104,Santiam Canyon SD 129J,100,General Fund,2199,Other Intermediate Sources,3533.46
2020-21,2104,Santiam Canyon SD 129J,100,General Fund,2200,Restricted Revenue,5861.25
2020-21,2105,Central Linn SD 552,100,General Fund,1110,Ad valorem taxes levied by district,3412549.71
2020-21,2105,Central Linn SD 552,100,General Fund,1500,Earnings on Investments,26106.89
2020-21,2105,Central Linn SD 552,100,General Fund,1700,Extra-Curricular Activities,22160
2020-21,2105,Central Linn SD 552,100,General Fund,1920,Contributions and Donations From Private Sources,3300
2020-21,2105,Central Linn SD 552,100,General Fund,1990,Miscellaneous,72949.12
2020-21,2105,Central Linn SD 552,100,General Fund,2200,Restricted Revenue,15709.83
2020-21,2105,Central Linn SD 552,250,Non-Federal Sources,5400,Resources - Beginning Fund Balance,306860.71
2020-21,2105,Central Linn SD 552,250,Non-Federal Sources,4500,Restricted Revenue From Federal Government Through the State,119773.77
2020-21,2105,Central Linn SD 552,250,Non-Federal Sources,5200,Interfund Transfers,32308.88
2020-21,2105,Central Linn SD 552,201,Federal Sources,4500,Restricted Revenue From Federal Government Through the State,984118.46
2020-21,2105,Central Linn SD 552,250,Non-Federal Sources,1500,Earnings on Investments,5.87
2020-21,2105,Central Linn SD 552,250,Non-Federal Sources,1700,Extra-Curricular Activities,92299.79
2020-21,2105,Central Linn SD 552,250,Non-Federal Sources,3299,Other Restricted Grants-In-Aid,111163.52
2020-21,2105,Central Linn SD 552,299,Child Nutrition,5200,Interfund Transfers,50515.84
2020-21,2105,Central Linn SD 552,400,Capital Projects Funds,3299,Other Restricted Grants-In-Aid,2411513
2020-21,2105,Central Linn SD 552,400,Capital Projects Funds,5200,Interfund Transfers,155085.36
2020-21,2105,Central Linn SD 552,400,Capital Projects Funds,5400,Resources - Beginning Fund Balance,293358.11
2020-21,2105,Central Linn SD 552,500,Enterprise Funds,5400,Resources - Beginning Fund Balance,1518.21
2020-21,2105,Central Linn SD 552,201,Federal Sources,5200,Interfund Transfers,17423.51
2020-21,2105,Central Linn SD 552,251,Student Investment Account,3299,Other Restricted Grants-In-Aid,183875.88
2020-21,2105,Central Linn SD 552,252,Measure 98 - High School Success,3299,Other Restricted Grants-In-Aid,220796.45
2020-21,2105,Central Linn SD 552,299,Child Nutrition,1990,Miscellaneous,0.03
2020-21,2105,Central Linn SD 552,299,Child Nutrition,3102,State School Fund--School Lunch Match,2279.22
2020-21,2105,Central Linn SD 552,299,Child Nutrition,4500,Restricted Revenue From Federal Government Through the State,338733.5
2020-21,2105,Central Linn SD 552,299,Child Nutrition,4900,Revenue for/on Behalf of the District,9432.73
2020-21,2105,Central Linn SD 552,100,General Fund,3101,State School Fund --General Support,3979137.11
2020-21,2105,Central Linn SD 552,100,General Fund,3103,Common School Fund,62163.38
2020-21,2105,Central Linn SD 552,100,General Fund,3104,State Managed County Timber,24702.4
2020-21,2105,Central Linn SD 552,100,General Fund,3199,Other Unrestricted Grants-In-Aid,41487.03
2020-21,2105,Central Linn SD 552,100,General Fund,3299,Other Restricted Grants-In-Aid,116414.08
2020-21,2105,Central Linn SD 552,100,General Fund,5400,Resources - Beginning Fund Balance,256920.06
2020-21,2106,Malheur ESD Region 14,400,Capital Projects Funds,5200,Interfund Transfers,25000
2020-21,2106,Malheur ESD Region 14,400,Capital Projects Funds,5400,Resources - Beginning Fund Balance,72640.15
2020-21,2106,Malheur ESD Region 14,600,Internal Service Funds,1940,Services Provided Other Local Education Agencies,156000
2020-21,2106,Malheur ESD Region 14,600,Internal Service Funds,1990,Miscellaneous,65186.01
2020-21,2106,Malheur ESD Region 14,600,Internal Service Funds,5400,Resources - Beginning Fund Balance,29678.12
2020-21,2106,Malheur ESD Region 14,200,Special Revenue Funds,1940,Services Provided Other Local Education Agencies,313728.88
2020-21,2106,Malheur ESD Region 14,200,Special Revenue Funds,1990,Miscellaneous,412947.56
2020-21,2106,Malheur ESD Region 14,200,Special Revenue Funds,3299,Other Restricted Grants-In-Aid,4734158.69
2020-21,2106,Malheur ESD Region 14,200,Special Revenue Funds,4500,Restricted Revenue From Federal Government Through the State,1168326.13
2020-21,2106,Malheur ESD Region 14,200,Special Revenue Funds,5200,Interfund Transfers,82640.15
2020-21,2106,Malheur ESD Region 14,200,Special Revenue Funds,5400,Resources - Beginning Fund Balance,564668.85
2020-21,2106,Malheur ESD Region 14,100,General Fund,1910,Rentals,19500
2020-21,2106,Malheur ESD Region 14,100,General Fund,1940,Services Provided Other Local Education Agencies,400065
2020-21,2106,Malheur ESD Region 14,100,General Fund,1980,Fees Charged to Grants,485420.45
2020-21,2106,Malheur ESD Region 14,100,General Fund,1990,Miscellaneous,69036.12
2020-21,2106,Malheur ESD Region 14,100,General Fund,3101,State School Fund --General Support,2410766.83
2020-21,2106,Malheur ESD Region 14,100,General Fund,5400,Resources - Beginning Fund Balance,1121691.93
2020-21,2106,Malheur ESD Region 14,100,General Fund,1110,Ad valorem taxes levied by district,711084.18
2020-21,2106,Malheur ESD Region 14,100,General Fund,1500,Earnings on Investments,12216.62
2020-21,2107,Jordan Valley SD 3,100,General Fund,1110,Ad valorem taxes levied by district,204245.8
2020-21,2107,Jordan Valley SD 3,100,General Fund,1313,Tuition from Other Districts outside the State,38367
2020-21,2107,Jordan Valley SD 3,100,General Fund,1500,Earnings on Investments,16467.16
2020-21,2107,Jordan Valley SD 3,100,General Fund,1910,Rentals,2200
2020-21,2107,Jordan Valley SD 3,100,General Fund,1990,Miscellaneous,7218.76
2020-21,2107,Jordan Valley SD 3,100,General Fund,3101,State School Fund --General Support,1355600.29
2020-21,2107,Jordan Valley SD 3,200,Special Revenue Funds,5400,Resources - Beginning Fund Balance,81292.93
2020-21,2107,Jordan Valley SD 3,201,Federal Sources,4500,Restricted Revenue From Federal Government Through the State,43709
2020-21,2107,Jordan Valley SD 3,400,Capital Projects Funds,3101,State School Fund --General Support,19725
2020-21,2107,Jordan Valley SD 3,400,Capital Projects Funds,5400,Resources - Beginning Fund Balance,14534.77
2020-21,2107,Jordan Valley SD 3,100,General Fund,3103,Common School Fund,5292.01
2020-21,2107,Jordan Valley SD 3,100,General Fund,3299,Other Restricted Grants-In-Aid,80448.73
2020-21,2107,Jordan Valley SD 3,100,General Fund,4500,Restricted Revenue From Federal Government Through the State,111907.76
2020-21,2107,Jordan Valley SD 3,100,General Fund,5400,Resources - Beginning Fund Balance,1853794.61
2020-21,2107,Jordan Valley SD 3,200,Special Revenue Funds,1700,Extra-Curricular Activities,80543
2020-21,2107,Jordan Valley SD 3,200,Special Revenue Funds,3299,Other Restricted Grants-In-Aid,36711.66
2020-21,2108,Ontario SD 8C,100,General Fund,1110,Ad valorem taxes levied by district,4543999.99
2020-21,2108,Ontario SD 8C,100,General Fund,1500,Earnings on Investments,116525.86
2020-21,2108,Ontario SD 8C,100,General Fund,1700,Extra-Curricular Activities,189.11
2020-21,2108,Ontario SD 8C,100,General Fund,1910,Rentals,888.42
2020-21,2108,Ontario SD 8C,100,General Fund,1920,Contributions and Donations From Private Sources,12.42
2020-21,2108,Ontario SD 8C,100,General Fund,1980,Fees Charged to Grants,275870.71
2020-21,2108,Ontario SD 8C,500,Enterprise Funds,5200,Interfund Transfers,20000
2020-21,2108,Ontario SD 8C,500,Enterprise Funds,5400,Resources - Beginning Fund Balance,350.97
2020-21,2108,Ontario SD 8C,600,Internal Service Funds,5400,Resources - Beginning Fund Balance,396740.72
2020-21,2108,Ontario SD 8C,300,Debt Service Funds,5400,Resources - Beginning Fund Balance,11088398.66
2020-21,2108,Ontario SD 8C,300,Debt Service Funds,1970,Services Provided Other Funds,1185404.38
2020-21,2108,Ontario SD 8C,400,Capital Projects Funds,1990,Miscellaneous,49855.72
2020-21,2108,Ontario SD 8C,400,Capital Projects Funds,5200,Interfund Transfers,343000
2020-21,2108,Ontario SD 8C,400,Capital Projects Funds,5400,Resources - Beginning Fund Balance,1449106.83
2020-21,2108,Ontario SD 8C,500,Enterprise Funds,1990,Miscellaneous,22598.5
2020-21,2108,Ontario SD 8C,250,Non-Federal Sources,5400,Resources - Beginning Fund Balance,434713.13
2020-21,2108,Ontario SD 8C,251,Student Investment Account,3299,Other Restricted Grants-In-Aid,676618.04
2020-21,2108,Ontario SD 8C,252,Measure 98 - High School Success,3299,Other Restricted Grants-In-Aid,773629.72
2020-21,2108,Ontario SD 8C,300,Debt Service Funds,1110,Ad valorem taxes levied by district,1174000.34
2020-21,2108,Ontario SD 8C,300,Debt Service Funds,1500,Earnings on Investments,87393.03
2020-21,2108,Ontario SD 8C,300,Debt Service Funds,4500,Restricted Revenue From Federal Government Through the State,919377.84
2020-21,2108,Ontario SD 8C,250,Non-Federal Sources,1700,Extra-Curricular Activities,56659.02
2020-21,2108,Ontario SD 8C,250,Non-Federal Sources,1920,Contributions and Donations From Private Sources,500
2020-21,2108,Ontario SD 8C,250,Non-Federal Sources,1990,Miscellaneous,45230.42
2020-21,2108,Ontario SD 8C,250,Non-Federal Sources,3299,Other Restricted Grants-In-Aid,449470.59
2020-21,2108,Ontario SD 8C,250,Non-Federal Sources,4200,Unrestricted Revenue From Federal Government Through State,351790.5
2020-21,2108,Ontario SD 8C,250,Non-Federal Sources,5200,Interfund Transfers,11000
2020-21,2108,Ontario SD 8C,299,Child Nutrition,4500,Restricted Revenue From Federal Government Through the State,2045835.4
2020-21,2108,Ontario SD 8C,299,Child Nutrition,4900,Revenue for/on Behalf of the District,134482.86
2020-21,2108,Ontario SD 8C,299,Child Nutrition,5300,Sale of or Compensation for Loss of Fixed Assets,1139.85
2020-21,2108,Ontario SD 8C,299,Child Nutrition,5400,Resources - Beginning Fund Balance,1695902
2020-21,2108,Ontario SD 8C,201,Federal Sources,4500,Restricted Revenue From Federal Government Through the State,3044235.94
2020-21,2108,Ontario SD 8C,250,Non-Federal Sources,1500,Earnings on Investments,0.96
2020-21,2108,Ontario SD 8C,100,General Fund,4500,Restricted Revenue From Federal Government Through the State,2251589.08
2020-21,2108,Ontario SD 8C,100,General Fund,5400,Resources - Beginning Fund Balance,6845277.89
2020-21,2108,Ontario SD 8C,299,Child Nutrition,1600,Food Service,100.05
2020-21,2108,Ontario SD 8C,299,Child Nutrition,1990,Miscellaneous,4222.17
2020-21,2108,Ontario SD 8C,299,Child Nutrition,3102,State School Fund--School Lunch Match,17653.52
2020-21,2108,Ontario SD 8C,299,Child Nutrition,3299,Other Restricted Grants-In-Aid,18199.7
2020-21,2108,Ontario SD 8C,100,General Fund,1990,Miscellaneous,294967.45
2020-21,2108,Ontario SD 8C,100,General Fund,2101,County School Funds,1160.47
2020-21,2108,Ontario SD 8C,100,General Fund,2200,Restricted Revenue,875114.64
2020-21,2108,Ontario SD 8C,100,General Fund,3101,State School Fund --General Support,25505990.7
2020-21,2108,Ontario SD 8C,100,General Fund,3103,Common School Fund,227730.46
2020-21,2108,Ontario SD 8C,100,General Fund,3299,Other Restricted Grants-In-Aid,23040.72
2020-21,2109,Juntura SD 12,100,General Fund,1110,Ad valorem taxes levied by district,70562.84
2020-21,2109,Juntura SD 12,100,General Fund,1500,Earnings on Investments,4716.1
2020-21,2109,Juntura SD 12,100,General Fund,1990,Miscellaneous,8187
2020-21,2109,Juntura SD 12,100,General Fund,3101,State School Fund --General Support,188563.3
2020-21,2109,Juntura SD 12,100,General Fund,3103,Common School Fund,231.63
2020-21,2109,Juntura SD 12,200,Special Revenue Funds,3299,Other Restricted Grants-In-Aid,10584
2020-21,2109,Juntura SD 12,200,Special Revenue Funds,5400,Resources - Beginning Fund Balance,-600
2020-21,2109,Juntura SD 12,400,Capital Projects Funds,5400,Resources - Beginning Fund Balance,111735
2020-21,2109,Juntura SD 12,600,Internal Service Funds,5400,Resources - Beginning Fund Balance,19145
2020-21,2109,Juntura SD 12,100,General Fund,5400,Resources - Beginning Fund Balance,440982
2020-21,2109,Juntura SD 12,200,Special Revenue Funds,4300,Restricted Revenue Direct From the Federal Government,10000
2020-21,2109,Juntura SD 12,200,Special Revenue Funds,4500,Restricted Revenue From Federal Government Through the State,23434.15
2020-21,2109,Juntura SD 12,400,Capital Projects Funds,5200,Interfund Transfers,15000
2020-21,2110,Nyssa SD 26,100,General Fund,1110,Ad valorem taxes levied by district,998886.64
2020-21,2110,Nyssa SD 26,100,General Fund,1312,Tuition from Other Districts within the State,50
2020-21,2110,Nyssa SD 26,100,General Fund,1500,Earnings on Investments,34439.39
2020-21,2110,Nyssa SD 26,100,General Fund,1700,Extra-Curricular Activities,1836.25
2020-21,2110,Nyssa SD 26,100,General Fund,1910,Rentals,2435
2020-21,2110,Nyssa SD 26,100,General Fund,1980,Fees Charged to Grants,44053.11
2020-21,2110,Nyssa SD 26,300,Debt Service Funds,5200,Interfund Transfers,58948.98
2020-21,2110,Nyssa SD 26,300,Debt Service Funds,5400,Resources - Beginning Fund Balance,-17861.98
2020-21,2110,Nyssa SD 26,400,Capital Projects Funds,1500,Earnings on Investments,20901.07
2020-21,2110,Nyssa SD 26,400,Capital Projects Funds,5400,Resources - Beginning Fund Balance,859171.53
2020-21,2110,Nyssa SD 26,250,Non-Federal Sources,5400,Resources - Beginning Fund Balance,741224.63
2020-21,2110,Nyssa SD 26,299,Child Nutrition,3299,Other Restricted Grants-In-Aid,11282.98
2020-21,2110,Nyssa SD 26,299,Child Nutrition,4500,Restricted Revenue From Federal Government Through the State,812153.46
2020-21,2110,Nyssa SD 26,299,Child Nutrition,5200,Interfund Transfers,78240.48
2020-21,2110,Nyssa SD 26,299,Child Nutrition,5400,Resources - Beginning Fund Balance,-15322.95
2020-21,2110,Nyssa SD 26,300,Debt Service Funds,1110,Ad valorem taxes levied by district,408636.8
2020-21,2110,Nyssa SD 26,300,Debt Service Funds,1500,Earnings on Investments,1259.35
2020-21,2110,Nyssa SD 26,250,Non-Federal Sources,1990,Miscellaneous,82090.07
2020-21,2110,Nyssa SD 26,250,Non-Federal Sources,3299,Other Restricted Grants-In-Aid,39682.02
2020-21,2110,Nyssa SD 26,250,Non-Federal Sources,5200,Interfund Transfers,111954.69
2020-21,2110,Nyssa SD 26,251,Student Investment Account,3299,Other Restricted Grants-In-Aid,353896.36
2020-21,2110,Nyssa SD 26,252,Measure 98 - High School Success,3299,Other Restricted Grants-In-Aid,263113.73
2020-21,2110,Nyssa SD 26,299,Child Nutrition,1600,Food Service,16804.41
2020-21,2110,Nyssa SD 26,201,Federal Sources,2200,Restricted Revenue,10277.66
2020-21,2110,Nyssa SD 26,201,Federal Sources,3299,Other Restricted Grants-In-Aid,499114.02
2020-21,2110,Nyssa SD 26,201,Federal Sources,4500,Restricted Revenue From Federal Government Through the State,2742077.11
2020-21,2110,Nyssa SD 26,201,Federal Sources,5200,Interfund Transfers,14785.58
2020-21,2110,Nyssa SD 26,201,Federal Sources,5400,Resources - Beginning Fund Balance,47535.42
2020-21,2110,Nyssa SD 26,250,Non-Federal Sources,1500,Earnings on Investments,4968.8
2020-21,2110,Nyssa SD 26,100,General Fund,4500,Restricted Revenue From Federal Government Through the State,520299.07
2020-21,2110,Nyssa SD 26,100,General Fund,5200,Interfund Transfers,3880.6
2020-21,2110,Nyssa SD 26,100,General Fund,5300,Sale of or Compensation for Loss of Fixed Assets,11500
2020-21,2110,Nyssa SD 26,100,General Fund,5400,Resources - Beginning Fund Balance,3467305.37
2020-21,2110,Nyssa SD 26,201,Federal Sources,1920,Contributions and Donations From Private Sources,38477.92
2020-21,2110,Nyssa SD 26,201,Federal Sources,1990,Miscellaneous,5000
2020-21,2110,Nyssa SD 26,100,General Fund,1990,Miscellaneous,45329.83
2020-21,2110,Nyssa SD 26,100,General Fund,2101,County School Funds,582.16
2020-21,2110,Nyssa SD 26,100,General Fund,2199,Other Intermediate Sources,625.29
2020-21,2110,Nyssa SD 26,100,General Fund,2200,Restricted Revenue,4408.97
2020-21,2110,Nyssa SD 26,100,General Fund,3101,State School Fund --General Support,13505521.02
2020-21,2110,Nyssa SD 26,100,General Fund,3103,Common School Fund,111030.89
2020-21,2111,Annex SD 29,100,General Fund,1110,Ad valorem taxes levied by district,207910.46
2020-21,2111,Annex SD 29,100,General Fund,1500,Earnings on Investments,14236.42
2020-21,2111,Annex SD 29,100,General Fund,1990,Miscellaneous,14353.99
2020-21,2111,Annex SD 29,100,General Fund,3101,State School Fund --General Support,1636344.55
2020-21,2111,Annex SD 29,100,General Fund,3103,Common School Fund,9122.17
2020-21,2111,Annex SD 29,200,Special Revenue Funds,1600,Food Service,890.01
2020-21,2111,Annex SD 29,600,Internal Service Funds,5400,Resources - Beginning Fund Balance,22614
2020-21,2111,Annex SD 29,100,General Fund,5400,Resources - Beginning Fund Balance,787554
2020-21,2111,Annex SD 29,200,Special Revenue Funds,5400,Resources - Beginning Fund Balance,11627
2020-21,2111,Annex SD 29,400,Capital Projects Funds,5400,Resources - Beginning Fund Balance,840893
2020-21,2111,Annex SD 29,600,Internal Service Funds,1500,Earnings on Investments,908.5
2020-21,2111,Annex SD 29,200,Special Revenue Funds,1700,Extra-Curricular Activities,212.56
2020-21,2111,Annex SD 29,200,Special Revenue Funds,3299,Other Restricted Grants-In-Aid,61039.44
2020-21,2111,Annex SD 29,200,Special Revenue Funds,4300,Restricted Revenue Direct From the Federal Government,3138.29
2020-21,2111,Annex SD 29,200,Special Revenue Funds,4500,Restricted Revenue From Federal Government Through the State,283769.74
2020-21,2111,Annex SD 29,200,Special Revenue Funds,5200,Interfund Transfers,192280.11
2020-21,2111,Annex SD 29,400,Capital Projects Funds,5200,Interfund Transfers,100000
2020-21,2112,Malheur County SD 51,100,General Fund,1110,Ad valorem taxes levied by district,19666
2020-21,2112,Malheur County SD 51,100,General Fund,1500,Earnings on Investments,1754
2020-21,2112,Malheur County SD 51,100,General Fund,2101,County School Funds,2
2020-21,2112,Malheur County SD 51,100,General Fund,3101,State School Fund --General Support,7891
2020-21,2112,Malheur County SD 51,100,General Fund,3103,Common School Fund,279
2020-21,2112,Malheur County SD 51,100,General Fund,5400,Resources - Beginning Fund Balance,227220
2020-21,2113,Adrian SD 61,201,Federal Sources,4300,Restricted Revenue Direct From the Federal Government,15763.25
2020-21,2113,Adrian SD 61,201,Federal Sources,4500,Restricted Revenue From Federal Government Through the State,146841.38
2020-21,2113,Adrian SD 61,299,Child Nutrition,1600,Food Service,2343.25
2020-21,2113,Adrian SD 61,299,Child Nutrition,3102,State School Fund--School Lunch Match,1650.22
2020-21,2113,Adrian SD 61,299,Child Nutrition,3299,Other Restricted Grants-In-Aid,370.7
2020-21,2113,Adrian SD 61,299,Child Nutrition,4500,Restricted Revenue From Federal Government Through the State,122238.6
2020-21,2113,Adrian SD 61,100,General Fund,3199,Other Unrestricted Grants-In-Aid,16988.63
2020-21,2113,Adrian SD 61,100,General Fund,3299,Other Restricted Grants-In-Aid,88521.35
2020-21,2113,Adrian SD 61,100,General Fund,4500,Restricted Revenue From Federal Government Through the State,174886.67
2020-21,2113,Adrian SD 61,100,General Fund,5400,Resources - Beginning Fund Balance,1229818.71
2020-21,2113,Adrian SD 61,100,General Fund,1500,Earnings on Investments,18047.34
2020-21,2113,Adrian SD 61,100,General Fund,1910,Rentals,10420
2020-21,2113,Adrian SD 61,100,General Fund,1920,Contributions and Donations From Private Sources,38317.43
2020-21,2113,Adrian SD 61,100,General Fund,2101,County School Funds,141.2
2020-21,2113,Adrian SD 61,100,General Fund,3101,State School Fund --General Support,3863970.13
2020-21,2113,Adrian SD 61,100,General Fund,3103,Common School Fund,27046.15
2020-21,2113,Adrian SD 61,300,Debt Service Funds,1500,Earnings on Investments,570.34
2020-21,2113,Adrian SD 61,300,Debt Service Funds,4900,Revenue for/on Behalf of the District,0.94
2020-21,2113,Adrian SD 61,300,Debt Service Funds,5400,Resources - Beginning Fund Balance,40319.22
2020-21,2113,Adrian SD 61,400,Capital Projects Funds,3299,Other Restricted Grants-In-Aid,31893
2020-21,2113,Adrian SD 61,400,Capital Projects Funds,5400,Resources - Beginning Fund Balance,19563.2
2020-21,2113,Adrian SD 61,100,General Fund,1110,Ad valorem taxes levied by district,389793.71
2020-21,2113,Adrian SD 61,250,Non-Federal Sources,1990,Miscellaneous,6664.45
2020-21,2113,Adrian SD 61,250,Non-Federal Sources,5400,Resources - Beginning Fund Balance,179027.14
2020-21,2113,Adrian SD 61,250,Non-Federal Sources,5200,Interfund Transfers,51172.04
2020-21,2113,Adrian SD 61,252,Measure 98 - High School Success,3299,Other Restricted Grants-In-Aid,103884.85
2020-21,2113,Adrian SD 61,251,Student Investment Account,3299,Other Restricted Grants-In-Aid,100273.23
2020-21,2113,Adrian SD 61,300,Debt Service Funds,1110,Ad valorem taxes levied by district,213536.31
2020-21,2113,Adrian SD 61,299,Child Nutrition,4900,Revenue for/on Behalf of the District,16262.84
2020-21,2113,Adrian SD 61,299,Child Nutrition,5200,Interfund Transfers,80546.99
2020-21,2113,Adrian SD 61,299,Child Nutrition,5400,Resources - Beginning Fund Balance,2662.07
2020-21,2113,Adrian SD 61,250,Non-Federal Sources,1500,Earnings on Investments,585.64
2020-21,2113,Adrian SD 61,250,Non-Federal Sources,1700,Extra-Curricular Activities,9255
2020-21,2113,Adrian SD 61,250,Non-Federal Sources,1920,Contributions and Donations From Private Sources,10251.54
2020-21,2114,Harper SD 66,100,General Fund,1110,Ad valorem taxes levied by district,130149.96
2020-21,2114,Harper SD 66,100,General Fund,1500,Earnings on Investments,9617.72
2020-21,2114,Harper SD 66,100,General Fund,1990,Miscellaneous,9154.48
2020-21,2114,Harper SD 66,100,General Fund,3101,State School Fund --General Support,2870036.09
2020-21,2114,Harper SD 66,100,General Fund,3103,Common School Fund,10282.76
2020-21,2114,Harper SD 66,200,Special Revenue Funds,1500,Earnings on Investments,1851.96
2020-21,2114,Harper SD 66,400,Capital Projects Funds,5400,Resources - Beginning Fund Balance,57928
2020-21,2114,Harper SD 66,200,Special Revenue Funds,5400,Resources - Beginning Fund Balance,123865
2020-21,2114,Harper SD 66,200,Special Revenue Funds,1700,Extra-Curricular Activities,11168
2020-21,2114,Harper SD 66,200,Special Revenue Funds,3299,Other Restricted Grants-In-Aid,257407.68
2020-21,2114,Harper SD 66,200,Special Revenue Funds,4500,Restricted Revenue From Federal Government Through the State,307519.62
2020-21,2114,Harper SD 66,200,Special Revenue Funds,5200,Interfund Transfers,147119.8
2020-21,2114,Harper SD 66,400,Capital Projects Funds,5200,Interfund Transfers,50000
2020-21,2114,Harper SD 66,100,General Fund,5400,Resources - Beginning Fund Balance,919535
2020-21,2115,Arock SD 81,100,General Fund,1110,Ad valorem taxes levied by district,86196.86
2020-21,2115,Arock SD 81,100,General Fund,1500,Earnings on Investments,4267.06
2020-21,2115,Arock SD 81,100,General Fund,1990,Miscellaneous,8574.91
2020-21,2115,Arock SD 81,100,General Fund,3101,State School Fund --General Support,391571.27
2020-21,2115,Arock SD 81,100,General Fund,3103,Common School Fund,1650.92
2020-21,2115,Arock SD 81,200,Special Revenue Funds,3299,Other Restricted Grants-In-Aid,10584
2020-21,2115,Arock SD 81,200,Special Revenue Funds,4500,Restricted Revenue From Federal Government Through the State,41599.56
2020-21,2115,Arock SD 81,400,Capital Projects Funds,5200,Interfund Transfers,20000
2020-21,2115,Arock SD 81,100,General Fund,5400,Resources - Beginning Fund Balance,370181
2020-21,2115,Arock SD 81,200,Special Revenue Funds,5400,Resources - Beginning Fund Balance,1032
2020-21,2115,Arock SD 81,400,Capital Projects Funds,5400,Resources - Beginning Fund Balance,80000
2020-21,2116,Vale SD 84,100,General Fund,1110,Ad valorem taxes levied by district,2001582.65
2020-21,2116,Vale SD 84,100,General Fund,1500,Earnings on Investments,41473.15
2020-21,2116,Vale SD 84,100,General Fund,1700,Extra-Curricular Activities,635
2020-21,2116,Vale SD 84,100,General Fund,1940,Services Provided Other Local Education Agencies,1275.03
2020-21,2116,Vale SD 84,100,General Fund,1990,Miscellaneous,86.57
2020-21,2116,Vale SD 84,100,General Fund,2101,County School Funds,437.56
2020-21,2116,Vale SD 84,299,Child Nutrition,5400,Resources - Beginning Fund Balance,56470.84
2020-21,2116,Vale SD 84,700,Trust and Agency Funds,1500,Earnings on Investments,446.92
2020-21,2116,Vale SD 84,700,Trust and Agency Funds,1920,Contributions and Donations From Private Sources,1028
2020-21,2116,Vale SD 84,700,Trust and Agency Funds,5400,Resources - Beginning Fund Balance,132138.2
2020-21,2116,Vale SD 84,201,Federal Sources,5400,Resources - Beginning Fund Balance,50.62
2020-21,2116,Vale SD 84,250,Non-Federal Sources,5400,Resources - Beginning Fund Balance,333701.29
2020-21,2116,Vale SD 84,251,Student Investment Account,5400,Resources - Beginning Fund Balance,10906.07
2020-21,2116,Vale SD 84,300,Debt Service Funds,5400,Resources - Beginning Fund Balance,-3508.67
2020-21,2116,Vale SD 84,400,Capital Projects Funds,1500,Earnings on Investments,5071.12
2020-21,2116,Vale SD 84,400,Capital Projects Funds,1990,Miscellaneous,3318
2020-21,2116,Vale SD 84,400,Capital Projects Funds,5400,Resources - Beginning Fund Balance,790157.44
2020-21,2116,Vale SD 84,600,Internal Service Funds,1990,Miscellaneous,32882.78
2020-21,2116,Vale SD 84,600,Internal Service Funds,5400,Resources - Beginning Fund Balance,7473.94
2020-21,2116,Vale SD 84,299,Child Nutrition,1990,Miscellaneous,14956.74
2020-21,2116,Vale SD 84,299,Child Nutrition,3299,Other Restricted Grants-In-Aid,2625.11
2020-21,2116,Vale SD 84,299,Child Nutrition,4500,Restricted Revenue From Federal Government Through the State,522878.98
2020-21,2116,Vale SD 84,299,Child Nutrition,5200,Interfund Transfers,50000
2020-21,2116,Vale SD 84,300,Debt Service Funds,1110,Ad valorem taxes levied by district,500897.39
2020-21,2116,Vale SD 84,300,Debt Service Funds,1500,Earnings on Investments,2406.91
2020-21,2116,Vale SD 84,250,Non-Federal Sources,4500,Restricted Revenue From Federal Government Through the State,160981.07
2020-21,2116,Vale SD 84,250,Non-Federal Sources,5200,Interfund Transfers,141406
2020-21,2116,Vale SD 84,251,Student Investment Account,3299,Other Restricted Grants-In-Aid,271589.76
2020-21,2116,Vale SD 84,252,Measure 98 - High School Success,3299,Other Restricted Grants-In-Aid,341356.64
2020-21,2116,Vale SD 84,252,Measure 98 - High School Success,5400,Resources - Beginning Fund Balance,-442
2020-21,2116,Vale SD 84,299,Child Nutrition,1600,Food Service,1130.9
2020-21,2116,Vale SD 84,100,General Fund,5400,Resources - Beginning Fund Balance,2865415.44
2020-21,2116,Vale SD 84,201,Federal Sources,4500,Restricted Revenue From Federal Government Through the State,729969.54
2020-21,2116,Vale SD 84,250,Non-Federal Sources,1700,Extra-Curricular Activities,230.47
2020-21,2116,Vale SD 84,250,Non-Federal Sources,1920,Contributions and Donations From Private Sources,66837.4
2020-21,2116,Vale SD 84,250,Non-Federal Sources,1990,Miscellaneous,166237.23
2020-21,2116,Vale SD 84,250,Non-Federal Sources,3299,Other Restricted Grants-In-Aid,58360.96
2020-21,2116,Vale SD 84,100,General Fund,2199,Other Intermediate Sources,1231.76
2020-21,2116,Vale SD 84,100,General Fund,3101,State School Fund --General Support,8984654.29
2020-21,2116,Vale SD 84,100,General Fund,3103,Common School Fund,84782.52
2020-21,2116,Vale SD 84,100,General Fund,3299,Other Restricted Grants-In-Aid,160730.74
2020-21,2116,Vale SD 84,100,General Fund,4500,Restricted Revenue From Federal Government Through the State,997058.3
2020-21,2116,Vale SD 84,100,General Fund,5300,Sale of or Compensation for Loss of Fixed Assets,875
2020-21,2117,Willamette ESD,100,General Fund,1110,Ad valorem taxes levied by district,12627006.85
2020-21,2117,Willamette ESD,100,General Fund,1500,Earnings on Investments,137914.65
2020-21,2117,Willamette ESD,100,General Fund,1910,Rentals,60
2020-21,2117,Willamette ESD,100,General Fund,1920,Contributions and Donations From Private Sources,10.15
2020-21,2117,Willamette ESD,100,General Fund,1980,Fees Charged to Grants,1911092.1
2020-21,2117,Willamette ESD,100,General Fund,1990,Miscellaneous,116026.09
2020-21,2117,Willamette ESD,700,Trust and Agency Funds,5400,Resources - Beginning Fund Balance,741619.73
2020-21,2117,Willamette ESD,300,Debt Service Funds,5400,Resources - Beginning Fund Balance,13740.5
2020-21,2117,Willamette ESD,400,Capital Projects Funds,5400,Resources - Beginning Fund Balance,731417.01
2020-21,2117,Willamette ESD,600,Internal Service Funds,1940,Services Provided Other Local Education Agencies,1698279.16
2020-21,2117,Willamette ESD,600,Internal Service Funds,1990,Miscellaneous,405815.71
2020-21,2117,Willamette ESD,600,Internal Service Funds,5400,Resources - Beginning Fund Balance,759072.04
2020-21,2117,Willamette ESD,700,Trust and Agency Funds,5200,Interfund Transfers,38891826.96
2020-21,2117,Willamette ESD,251,Student Investment Account,3299,Other Restricted Grants-In-Aid,2671813.42
2020-21,2117,Willamette ESD,251,Student Investment Account,5400,Resources - Beginning Fund Balance,-2312.63
2020-21,2117,Willamette ESD,252,Measure 98 - High School Success,3299,Other Restricted Grants-In-Aid,176055.86
2020-21,2117,Willamette ESD,300,Debt Service Funds,1500,Earnings on Investments,189.45
2020-21,2117,Willamette ESD,300,Debt Service Funds,1970,Services Provided Other Funds,2386141.08
2020-21,2117,Willamette ESD,300,Debt Service Funds,5200,Interfund Transfers,517781
2020-21,2117,Willamette ESD,250,Non-Federal Sources,1990,Miscellaneous,2656638.13
2020-21,2117,Willamette ESD,250,Non-Federal Sources,2200,Restricted Revenue,207841.87
2020-21,2117,Willamette ESD,250,Non-Federal Sources,3299,Other Restricted Grants-In-Aid,20636935.18
2020-21,2117,Willamette ESD,250,Non-Federal Sources,5200,Interfund Transfers,12018508.22
2020-21,2117,Willamette ESD,250,Non-Federal Sources,5400,Resources - Beginning Fund Balance,3906554.05
2020-21,2117,Willamette ESD,251,Student Investment Account,1940,Services Provided Other Local Education Agencies,1000
2020-21,2117,Willamette ESD,201,Federal Sources,4500,Restricted Revenue From Federal Government Through the State,7748212.03
2020-21,2117,Willamette ESD,201,Federal Sources,5400,Resources - Beginning Fund Balance,32.03
2020-21,2117,Willamette ESD,250,Non-Federal Sources,1700,Extra-Curricular Activities,51751.8
2020-21,2117,Willamette ESD,250,Non-Federal Sources,1920,Contributions and Donations From Private Sources,752794.51
2020-21,2117,Willamette ESD,250,Non-Federal Sources,1940,Services Provided Other Local Education Agencies,2721199.35
2020-21,2117,Willamette ESD,250,Non-Federal Sources,1960,Recovery of Prior Years' Expenditure,43401.34
2020-21,2117,Willamette ESD,100,General Fund,2199,Other Intermediate Sources,20313.17
2020-21,2117,Willamette ESD,100,General Fund,3101,State School Fund --General Support,29760414.17
2020-21,2117,Willamette ESD,100,General Fund,3104,State Managed County Timber,86334.59
2020-21,2117,Willamette ESD,100,General Fund,5400,Resources - Beginning Fund Balance,4267936.07
2020-21,2117,Willamette ESD,201,Federal Sources,1940,Services Provided Other Local Education Agencies,21565
2020-21,2117,Willamette ESD,201,Federal Sources,1960,Recovery of Prior Years' Expenditure,5614.59
2020-21,2137,Gervais SD 1,300,Debt Service Funds,1970,Services Provided Other Funds,1013242.14
2020-21,2137,Gervais SD 1,300,Debt Service Funds,5200,Interfund Transfers,377725
2020-21,2137,Gervais SD 1,300,Debt Service Funds,5400,Resources - Beginning Fund Balance,366557.65
2020-21,2137,Gervais SD 1,299,Child Nutrition,3102,State School Fund--School Lunch Match,20540.63
2020-21,2137,Gervais SD 1,299,Child Nutrition,3299,Other Restricted Grants-In-Aid,7301.33
2020-21,2137,Gervais SD 1,299,Child Nutrition,4500,Restricted Revenue From Federal Government Through the State,1483601.82
2020-21,2137,Gervais SD 1,299,Child Nutrition,4900,Revenue for/on Behalf of the District,55258
2020-21,2137,Gervais SD 1,299,Child Nutrition,5400,Resources - Beginning Fund Balance,158446.1
2020-21,2137,Gervais SD 1,300,Debt Service Funds,1500,Earnings on Investments,3835.09
2020-21,2137,Gervais SD 1,250,Non-Federal Sources,5200,Interfund Transfers,214500
2020-21,2137,Gervais SD 1,250,Non-Federal Sources,5400,Resources - Beginning Fund Balance,940760.81
2020-21,2137,Gervais SD 1,251,Student Investment Account,3299,Other Restricted Grants-In-Aid,541356.91
2020-21,2137,Gervais SD 1,252,Measure 98 - High School Success,3299,Other Restricted Grants-In-Aid,364093.46
2020-21,2137,Gervais SD 1,299,Child Nutrition,1600,Food Service,51.25
2020-21,2137,Gervais SD 1,299,Child Nutrition,1990,Miscellaneous,1630.45
2020-21,2137,Gervais SD 1,250,Non-Federal Sources,1800,Community Services Activities,48719.69
2020-21,2137,Gervais SD 1,250,Non-Federal Sources,1910,Rentals,26818.3
2020-21,2137,Gervais SD 1,250,Non-Federal Sources,1920,Contributions and Donations From Private Sources,45865.01
2020-21,2137,Gervais SD 1,250,Non-Federal Sources,1930,Rental or Lease Payments from Private Contractors,17040
2020-21,2137,Gervais SD 1,250,Non-Federal Sources,1990,Miscellaneous,22229.05
2020-21,2137,Gervais SD 1,250,Non-Federal Sources,3299,Other Restricted Grants-In-Aid,253703.44
2020-21,2137,Gervais SD 1,100,General Fund,5400,Resources - Beginning Fund Balance,2874308.93
2020-21,2137,Gervais SD 1,201,Federal Sources,3299,Other Restricted Grants-In-Aid,5963.71
2020-21,2137,Gervais SD 1,201,Federal Sources,4500,Restricted Revenue From Federal Government Through the State,1836118.69
2020-21,2137,Gervais SD 1,201,Federal Sources,5400,Resources - Beginning Fund Balance,195.01
2020-21,2137,Gervais SD 1,250,Non-Federal Sources,1130,Construction Excise Tax,46610.05
2020-21,2137,Gervais SD 1,250,Non-Federal Sources,1700,Extra-Curricular Activities,33678.03
2020-21,2137,Gervais SD 1,100,General Fund,1990,Miscellaneous,21472.83
2020-21,2137,Gervais SD 1,100,General Fund,2101,County School Funds,9011.92
2020-21,2137,Gervais SD 1,100,General Fund,3101,State School Fund --General Support,13931497.23
2020-21,2137,Gervais SD 1,100,General Fund,3103,Common School Fund,379807.3
2020-21,2137,Gervais SD 1,100,General Fund,3222,State School Fund (SSF) Transportation Equipment,7046.16
2020-21,2137,Gervais SD 1,100,General Fund,3299,Other Restricted Grants-In-Aid,14030.5
2020-21,2137,Gervais SD 1,100,General Fund,1500,Earnings on Investments,44759.44
2020-21,2137,Gervais SD 1,100,General Fund,1700,Extra-Curricular Activities,1500
2020-21,2137,Gervais SD 1,100,General Fund,1800,Community Services Activities,600
2020-21,2137,Gervais SD 1,100,General Fund,1910,Rentals,1210
2020-21,2137,Gervais SD 1,100,General Fund,1960,Recovery of Prior Years' Expenditure,5516
2020-21,2137,Gervais SD 1,100,General Fund,1980,Fees Charged to Grants,105540.99
2020-21,2137,Gervais SD 1,100,General Fund,1110,Ad valorem taxes levied by district,2749879.89
2020-21,2137,Gervais SD 1,100,General Fund,1190,Penalties and interest on taxes,2967.98
2020-21,2137,Gervais SD 1,100,General Fund,1311,Tuition from Individuals,75
2020-21,2137,Gervais SD 1,100,General Fund,1312,Tuition from Other Districts within the State,30000
2020-21,2138,Silver Falls SD 4J,100,General Fund,1190,Penalties and interest on taxes,28062.02
2020-21,2138,Silver Falls SD 4J,100,General Fund,1500,Earnings on Investments,76335
2020-21,2138,Silver Falls SD 4J,100,General Fund,1920,Contributions and Donations From Private Sources,191.02
2020-21,2138,Silver Falls SD 4J,100,General Fund,1930,Rental or Lease Payments from Private Contractors,30465.24
2020-21,2138,Silver Falls SD 4J,100,General Fund,1940,Services Provided Other Local Education Agencies,73800
2020-21,2138,Silver Falls SD 4J,100,General Fund,1960,Recovery of Prior Years' Expenditure,25504
2020-21,2138,Silver Falls SD 4J,250,Non-Federal Sources,1990,Miscellaneous,467743.62
2020-21,2138,Silver Falls SD 4J,100,General Fund,4900,Revenue for/on Behalf of the District,17146.25
2020-21,2138,Silver Falls SD 4J,251,Student Investment Account,3299,Other Restricted Grants-In-Aid,990162.05
2020-21,2138,Silver Falls SD 4J,252,Measure 98 - High School Success,1990,Miscellaneous,3900
2020-21,2138,Silver Falls SD 4J,252,Measure 98 - High School Success,3299,Other Restricted Grants-In-Aid,963020.88
2020-21,2138,Silver Falls SD 4J,250,Non-Federal Sources,1920,Contributions and Donations From Private Sources,31014.5
2020-21,2138,Silver Falls SD 4J,250,Non-Federal Sources,3299,Other Restricted Grants-In-Aid,737522.89
2020-21,2138,Silver Falls SD 4J,250,Non-Federal Sources,1940,Services Provided Other Local Education Agencies,1440
2020-21,2138,Silver Falls SD 4J,250,Non-Federal Sources,2200,Restricted Revenue,11700
2020-21,2138,Silver Falls SD 4J,201,Federal Sources,4500,Restricted Revenue From Federal Government Through the State,1254778.75
2020-21,2138,Silver Falls SD 4J,250,Non-Federal Sources,5400,Resources - Beginning Fund Balance,546220.48
2020-21,2138,Silver Falls SD 4J,299,Child Nutrition,3299,Other Restricted Grants-In-Aid,17865.06
2020-21,2138,Silver Falls SD 4J,299,Child Nutrition,4500,Restricted Revenue From Federal Government Through the State,817417.62
2020-21,2138,Silver Falls SD 4J,299,Child Nutrition,5200,Interfund Transfers,103000
2020-21,2138,Silver Falls SD 4J,299,Child Nutrition,5400,Resources - Beginning Fund Balance,-239432.92
2020-21,2138,Silver Falls SD 4J,250,Non-Federal Sources,1700,Extra-Curricular Activities,14523.46
2020-21,2138,Silver Falls SD 4J,250,Non-Federal Sources,1910,Rentals,2091.35
2020-21,2138,Silver Falls SD 4J,700,Trust and Agency Funds,5400,Resources - Beginning Fund Balance,373291.52
2020-21,2138,Silver Falls SD 4J,300,Debt Service Funds,1110,Ad valorem taxes levied by district,4109102
2020-21,2138,Silver Falls SD 4J,700,Trust and Agency Funds,1700,Extra-Curricular Activities,5001.58
2020-21,2138,Silver Falls SD 4J,100,General Fund,1110,Ad valorem taxes levied by district,8571151
2020-21,2138,Silver Falls SD 4J,299,Child Nutrition,1600,Food Service,341.22
2020-21,2138,Silver Falls SD 4J,299,Child Nutrition,3102,State School Fund--School Lunch Match,8787.21
2020-21,2138,Silver Falls SD 4J,600,Internal Service Funds,1990,Miscellaneous,22002
2020-21,2138,Silver Falls SD 4J,600,Internal Service Funds,5400,Resources - Beginning Fund Balance,228776.21
2020-21,2138,Silver Falls SD 4J,700,Trust and Agency Funds,1990,Miscellaneous,300
2020-21,2138,Silver Falls SD 4J,700,Trust and Agency Funds,3101,State School Fund --General Support,1879204.08
2020-21,2138,Silver Falls SD 4J,700,Trust and Agency Funds,3299,Other Restricted Grants-In-Aid,8966.98
2020-21,2138,Silver Falls SD 4J,700,Trust and Agency Funds,4500,Restricted Revenue From Federal Government Through the State,103532.4
2020-21,2138,Silver Falls SD 4J,300,Debt Service Funds,5200,Interfund Transfers,232000
2020-21,2138,Silver Falls SD 4J,300,Debt Service Funds,5400,Resources - Beginning Fund Balance,419946.18
2020-21,2138,Silver Falls SD 4J,400,Capital Projects Funds,1130,Construction Excise Tax,148331
2020-21,2138,Silver Falls SD 4J,400,Capital Projects Funds,1990,Miscellaneous,100815.29
2020-21,2138,Silver Falls SD 4J,400,Capital Projects Funds,5400,Resources - Beginning Fund Balance,57517.19
2020-21,2138,Silver Falls SD 4J,600,Internal Service Funds,1970,Services Provided Other Funds,75729.49
2020-21,2138,Silver Falls SD 4J,300,Debt Service Funds,1190,Penalties and interest on taxes,13257.51
2020-21,2138,Silver Falls SD 4J,300,Debt Service Funds,1500,Earnings on Investments,20312.63
2020-21,2138,Silver Falls SD 4J,300,Debt Service Funds,1970,Services Provided Other Funds,1792810.36
2020-21,2138,Silver Falls SD 4J,300,Debt Service Funds,1990,Miscellaneous,37911.53
2020-21,2138,Silver Falls SD 4J,300,Debt Service Funds,2199,Other Intermediate Sources,5878.91
2020-21,2138,Silver Falls SD 4J,300,Debt Service Funds,3299,Other Restricted Grants-In-Aid,78638.28
2020-21,2138,Silver Falls SD 4J,100,General Fund,3102,State School Fund--School Lunch Match,-8787.21
2020-21,2138,Silver Falls SD 4J,100,General Fund,3103,Common School Fund,417735.06
2020-21,2138,Silver Falls SD 4J,100,General Fund,3104,State Managed County Timber,157376.56
2020-21,2138,Silver Falls SD 4J,100,General Fund,3299,Other Restricted Grants-In-Aid,922821.83
2020-21,2138,Silver Falls SD 4J,100,General Fund,4500,Restricted Revenue From Federal Government Through the State,1417858.79
2020-21,2138,Silver Falls SD 4J,100,General Fund,5400,Resources - Beginning Fund Balance,2200155.69
2020-21,2138,Silver Falls SD 4J,100,General Fund,1980,Fees Charged to Grants,146548.09
2020-21,2138,Silver Falls SD 4J,100,General Fund,1990,Miscellaneous,119914.63
2020-21,2138,Silver Falls SD 4J,100,General Fund,2101,County School Funds,32437.91
2020-21,2138,Silver Falls SD 4J,100,General Fund,2102,General Education Service District Funds,971787
2020-21,2138,Silver Falls SD 4J,100,General Fund,2199,Other Intermediate Sources,12286.67
2020-21,2138,Silver Falls SD 4J,100,General Fund,3101,State School Fund --General Support,32711096.7
2020-21,2139,Cascade SD 5,100,General Fund,3101,State School Fund --General Support,20537117.45
2020-21,2139,Cascade SD 5,100,General Fund,2199,Other Intermediate Sources,19040.9
2020-21,2139,Cascade SD 5,100,General Fund,3103,Common School Fund,246564.32
2020-21,2139,Cascade SD 5,300,Debt Service Funds,1990,Miscellaneous,-36108
2020-21,2139,Cascade SD 5,100,General Fund,1110,Ad valorem taxes levied by district,6006362.67
2020-21,2139,Cascade SD 5,100,General Fund,1500,Earnings on Investments,102023.94
2020-21,2139,Cascade SD 5,200,Special Revenue Funds,3299,Other Restricted Grants-In-Aid,777236
2020-21,2139,Cascade SD 5,200,Special Revenue Funds,5400,Resources - Beginning Fund Balance,1815931
2020-21,2139,Cascade SD 5,300,Debt Service Funds,5400,Resources - Beginning Fund Balance,156594
2020-21,2139,Cascade SD 5,400,Capital Projects Funds,5400,Resources - Beginning Fund Balance,1907962
2020-21,2139,Cascade SD 5,700,Trust and Agency Funds,5400,Resources - Beginning Fund Balance,121859
2020-21,2139,Cascade SD 5,100,General Fund,3299,Other Restricted Grants-In-Aid,769901
2020-21,2139,Cascade SD 5,400,Capital Projects Funds,1130,Construction Excise Tax,512110.45
2020-21,2139,Cascade SD 5,400,Capital Projects Funds,1910,Rentals,25100
2020-21,2139,Cascade SD 5,400,Capital Projects Funds,1990,Miscellaneous,41289
2020-21,2139,Cascade SD 5,400,Capital Projects Funds,3299,Other Restricted Grants-In-Aid,80213
2020-21,2139,Cascade SD 5,700,Trust and Agency Funds,1500,Earnings on Investments,971.06
2020-21,2139,Cascade SD 5,100,General Fund,5400,Resources - Beginning Fund Balance,3141512
2020-21,2139,Cascade SD 5,200,Special Revenue Funds,4500,Restricted Revenue From Federal Government Through the State,2323197.57
2020-21,2139,Cascade SD 5,200,Special Revenue Funds,5200,Interfund Transfers,1359859.37
2020-21,2139,Cascade SD 5,300,Debt Service Funds,1110,Ad valorem taxes levied by district,1578794.69
2020-21,2139,Cascade SD 5,300,Debt Service Funds,1500,Earnings on Investments,6500.36
2020-21,2139,Cascade SD 5,300,Debt Service Funds,1970,Services Provided Other Funds,1644569.48
2020-21,2139,Cascade SD 5,300,Debt Service Funds,5200,Interfund Transfers,150000
2020-21,2139,Cascade SD 5,200,Special Revenue Funds,1700,Extra-Curricular Activities,265798.2
2020-21,2139,Cascade SD 5,200,Special Revenue Funds,1910,Rentals,8095.05
2020-21,2139,Cascade SD 5,200,Special Revenue Funds,1920,Contributions and Donations From Private Sources,60790.67
2020-21,2139,Cascade SD 5,200,Special Revenue Funds,1970,Services Provided Other Funds,7013.55
2020-21,2139,Cascade SD 5,200,Special Revenue Funds,1990,Miscellaneous,79708.45
2020-21,2139,Cascade SD 5,200,Special Revenue Funds,2102,General Education Service District Funds,17638.98
2020-21,2139,Cascade SD 5,100,General Fund,3199,Other Unrestricted Grants-In-Aid,307718.18
2020-21,2139,Cascade SD 5,100,General Fund,3204,Driver Education,15690
2020-21,2139,Cascade SD 5,100,General Fund,4500,Restricted Revenue From Federal Government Through the State,844446.66
2020-21,2139,Cascade SD 5,200,Special Revenue Funds,1312,Tuition from Other Districts within the State,115500
2020-21,2139,Cascade SD 5,200,Special Revenue Funds,1500,Earnings on Investments,389.56
2020-21,2139,Cascade SD 5,200,Special Revenue Funds,1600,Food Service,3193.27
2020-21,2139,Cascade SD 5,100,General Fund,1700,Extra-Curricular Activities,68504
2020-21,2139,Cascade SD 5,100,General Fund,1910,Rentals,91000
2020-21,2139,Cascade SD 5,100,General Fund,1980,Fees Charged to Grants,77444.46
2020-21,2139,Cascade SD 5,100,General Fund,1990,Miscellaneous,251882.81
2020-21,2139,Cascade SD 5,100,General Fund,2101,County School Funds,21552.33
2020-21,2139,Cascade SD 5,100,General Fund,2102,General Education Service District Funds,323405.98
2020-21,2140,Jefferson SD 14J,100,General Fund,3101,State School Fund --General Support,7122534
2020-21,2140,Jefferson SD 14J,100,General Fund,3103,Common School Fund,87043.82
2020-21,2140,Jefferson SD 14J,100,General Fund,3104,State Managed County Timber,985.49
2020-21,2140,Jefferson SD 14J,100,General Fund,3199,Other Unrestricted Grants-In-Aid,54907.04
2020-21,2140,Jefferson SD 14J,100,General Fund,4801,Federal Forest Fees,797.94
2020-21,2140,Jefferson SD 14J,100,General Fund,5400,Resources - Beginning Fund Balance,1070484.71
2020-21,2140,Jefferson SD 14J,100,General Fund,1500,Earnings on Investments,23478.07
2020-21,2140,Jefferson SD 14J,100,General Fund,1910,Rentals,4430
2020-21,2140,Jefferson SD 14J,100,General Fund,1990,Miscellaneous,1252.79
2020-21,2140,Jefferson SD 14J,100,General Fund,2101,County School Funds,6877.09
2020-21,2140,Jefferson SD 14J,100,General Fund,2199,Other Intermediate Sources,4501.07
2020-21,2140,Jefferson SD 14J,100,General Fund,1110,Ad valorem taxes levied by district,2463291.89
2020-21,2140,Jefferson SD 14J,250,Non-Federal Sources,1990,Miscellaneous,1237.49
2020-21,2140,Jefferson SD 14J,250,Non-Federal Sources,3299,Other Restricted Grants-In-Aid,53841.93
2020-21,2140,Jefferson SD 14J,250,Non-Federal Sources,5200,Interfund Transfers,130000
2020-21,2140,Jefferson SD 14J,250,Non-Federal Sources,5400,Resources - Beginning Fund Balance,167626.7
2020-21,2140,Jefferson SD 14J,400,Capital Projects Funds,1130,Construction Excise Tax,29122.97
2020-21,2140,Jefferson SD 14J,400,Capital Projects Funds,1500,Earnings on Investments,147.06
2020-21,2140,Jefferson SD 14J,400,Capital Projects Funds,1990,Miscellaneous,1050
2020-21,2140,Jefferson SD 14J,400,Capital Projects Funds,3299,Other Restricted Grants-In-Aid,21669.95
2020-21,2140,Jefferson SD 14J,400,Capital Projects Funds,5400,Resources - Beginning Fund Balance,745115.16
2020-21,2140,Jefferson SD 14J,250,Non-Federal Sources,1700,Extra-Curricular Activities,17429.54
2020-21,2140,Jefferson SD 14J,300,Debt Service Funds,1500,Earnings on Investments,37.37
2020-21,2140,Jefferson SD 14J,300,Debt Service Funds,1920,Contributions and Donations From Private Sources,22583.59
2020-21,2140,Jefferson SD 14J,300,Debt Service Funds,1970,Services Provided Other Funds,686529.57
2020-21,2140,Jefferson SD 14J,300,Debt Service Funds,1990,Miscellaneous,-4871
2020-21,2140,Jefferson SD 14J,300,Debt Service Funds,5200,Interfund Transfers,125336.92
2020-21,2140,Jefferson SD 14J,300,Debt Service Funds,5400,Resources - Beginning Fund Balance,148479.99
2020-21,2140,Jefferson SD 14J,299,Child Nutrition,4500,Restricted Revenue From Federal Government Through the State,498489.99
2020-21,2140,Jefferson SD 14J,299,Child Nutrition,5200,Interfund Transfers,4000
2020-21,2140,Jefferson SD 14J,299,Child Nutrition,5400,Resources - Beginning Fund Balance,-247504.72
2020-21,2140,Jefferson SD 14J,252,Measure 98 - High School Success,3299,Other Restricted Grants-In-Aid,263513.43
2020-21,2140,Jefferson SD 14J,252,Measure 98 - High School Success,5400,Resources - Beginning Fund Balance,-760.32
2020-21,2140,Jefferson SD 14J,300,Debt Service Funds,1110,Ad valorem taxes levied by district,710440.88
2020-21,2140,Jefferson SD 14J,299,Child Nutrition,1600,Food Service,2968.38
2020-21,2140,Jefferson SD 14J,299,Child Nutrition,1960,Recovery of Prior Years' Expenditure,37.06
2020-21,2140,Jefferson SD 14J,299,Child Nutrition,1990,Miscellaneous,2502.37
2020-21,2140,Jefferson SD 14J,299,Child Nutrition,3199,Other Unrestricted Grants-In-Aid,-1258.01
2020-21,2140,Jefferson SD 14J,299,Child Nutrition,3299,Other Restricted Grants-In-Aid,22113.34
2020-21,2140,Jefferson SD 14J,299,Child Nutrition,3900,Revenue for/on Behalf of the District,2938.18
2020-21,2140,Jefferson SD 14J,201,Federal Sources,3299,Other Restricted Grants-In-Aid,8177.87
2020-21,2140,Jefferson SD 14J,201,Federal Sources,4500,Restricted Revenue From Federal Government Through the State,528690.78
2020-21,2140,Jefferson SD 14J,201,Federal Sources,5400,Resources - Beginning Fund Balance,11214.26
2020-21,2140,Jefferson SD 14J,250,Non-Federal Sources,1920,Contributions and Donations From Private Sources,400
2020-21,2140,Jefferson SD 14J,250,Non-Federal Sources,1960,Recovery of Prior Years' Expenditure,18
2020-21,2140,Jefferson SD 14J,251,Student Investment Account,3299,Other Restricted Grants-In-Aid,235110
2020-21,2141,North Marion SD 15,100,General Fund,1110,Ad valorem taxes levied by district,3878709
2020-21,2141,North Marion SD 15,100,General Fund,1311,Tuition from Individuals,344
2020-21,2141,North Marion SD 15,100,General Fund,1312,Tuition from Other Districts within the State,96000
2020-21,2141,North Marion SD 15,100,General Fund,1500,Earnings on Investments,37632.4
2020-21,2141,North Marion SD 15,100,General Fund,1700,Extra-Curricular Activities,2799
2020-21,2141,North Marion SD 15,100,General Fund,1910,Rentals,8485.05
2020-21,2141,North Marion SD 15,300,Debt Service Funds,5400,Resources - Beginning Fund Balance,726026.09
2020-21,2141,North Marion SD 15,400,Capital Projects Funds,1130,Construction Excise Tax,66636.04
2020-21,2141,North Marion SD 15,400,Capital Projects Funds,1500,Earnings on Investments,81436.22
2020-21,2141,North Marion SD 15,400,Capital Projects Funds,1990,Miscellaneous,181013.39
2020-21,2141,North Marion SD 15,400,Capital Projects Funds,5400,Resources - Beginning Fund Balance,17988871.47
2020-21,2141,North Marion SD 15,299,Child Nutrition,4900,Revenue for/on Behalf of the District,70871.92
2020-21,2141,North Marion SD 15,299,Child Nutrition,5400,Resources - Beginning Fund Balance,-26849.14
2020-21,2141,North Marion SD 15,300,Debt Service Funds,1110,Ad valorem taxes levied by district,1887137
2020-21,2141,North Marion SD 15,300,Debt Service Funds,1500,Earnings on Investments,9799.73
2020-21,2141,North Marion SD 15,300,Debt Service Funds,1970,Services Provided Other Funds,1202522.5
2020-21,2141,North Marion SD 15,300,Debt Service Funds,2199,Other Intermediate Sources,1832.42
2020-21,2141,North Marion SD 15,252,Measure 98 - High School Success,5400,Resources - Beginning Fund Balance,-12.63
2020-21,2141,North Marion SD 15,299,Child Nutrition,1600,Food Service,944.3
2020-21,2141,North Marion SD 15,299,Child Nutrition,1990,Miscellaneous,32004.69
2020-21,2141,North Marion SD 15,299,Child Nutrition,3102,State School Fund--School Lunch Match,9063.37
2020-21,2141,North Marion SD 15,299,Child Nutrition,3299,Other Restricted Grants-In-Aid,7712.7
2020-21,2141,North Marion SD 15,299,Child Nutrition,4500,Restricted Revenue From Federal Government Through the State,1159690.25
2020-21,2141,North Marion SD 15,250,Non-Federal Sources,2200,Restricted Revenue,41901.5
2020-21,2141,North Marion SD 15,250,Non-Federal Sources,3299,Other Restricted Grants-In-Aid,20815.2
2020-21,2141,North Marion SD 15,250,Non-Federal Sources,4700,Grants-In-Aid From Federal Government Through Other Intermed,29800
2020-21,2141,North Marion SD 15,250,Non-Federal Sources,5400,Resources - Beginning Fund Balance,751318.01
2020-21,2141,North Marion SD 15,251,Student Investment Account,3299,Other Restricted Grants-In-Aid,361126.23
2020-21,2141,North Marion SD 15,252,Measure 98 - High School Success,3299,Other Restricted Grants-In-Aid,485787.05
2020-21,2141,North Marion SD 15,201,Federal Sources,4700,Grants-In-Aid From Federal Government Through Other Intermed,23521
2020-21,2141,North Marion SD 15,201,Federal Sources,5400,Resources - Beginning Fund Balance,-897.92
2020-21,2141,North Marion SD 15,250,Non-Federal Sources,1500,Earnings on Investments,9359
2020-21,2141,North Marion SD 15,250,Non-Federal Sources,1700,Extra-Curricular Activities,99387.08
2020-21,2141,North Marion SD 15,250,Non-Federal Sources,1920,Contributions and Donations From Private Sources,51072.39
2020-21,2141,North Marion SD 15,250,Non-Federal Sources,1990,Miscellaneous,173253.71
2020-21,2141,North Marion SD 15,100,General Fund,3101,State School Fund --General Support,16829572.33
2020-21,2141,North Marion SD 15,100,General Fund,3103,Common School Fund,193228.34
2020-21,2141,North Marion SD 15,100,General Fund,3204,Driver Education,9260
2020-21,2141,North Marion SD 15,100,General Fund,3299,Other Restricted Grants-In-Aid,4448
2020-21,2141,North Marion SD 15,100,General Fund,5400,Resources - Beginning Fund Balance,1900579.07
2020-21,2141,North Marion SD 15,201,Federal Sources,4500,Restricted Revenue From Federal Government Through the State,1238009.7
2020-21,2141,North Marion SD 15,100,General Fund,1920,Contributions and Donations From Private Sources,200
2020-21,2141,North Marion SD 15,100,General Fund,1960,Recovery of Prior Years' Expenditure,24442.94
2020-21,2141,North Marion SD 15,100,General Fund,1990,Miscellaneous,-20883
2020-21,2141,North Marion SD 15,100,General Fund,2101,County School Funds,15794.82
2020-21,2141,North Marion SD 15,100,General Fund,2102,General Education Service District Funds,197551.54
2020-21,2141,North Marion SD 15,100,General Fund,2199,Other Intermediate Sources,12613.5
2020-21,2142,Salem-Keizer SD 24J,299,Child Nutrition,3102,State School Fund--School Lunch Match,181445.27
2020-21,2142,Salem-Keizer SD 24J,299,Child Nutrition,3299,Other Restricted Grants-In-Aid,176150.87
2020-21,2142,Salem-Keizer SD 24J,299,Child Nutrition,4500,Restricted Revenue From Federal Government Through the State,10625247.61
2020-21,2142,Salem-Keizer SD 24J,299,Child Nutrition,4900,Revenue for/on Behalf of the District,1238397.02
2020-21,2142,Salem-Keizer SD 24J,299,Child Nutrition,5400,Resources - Beginning Fund Balance,4510373.15
2020-21,2142,Salem-Keizer SD 24J,251,Student Investment Account,3299,Other Restricted Grants-In-Aid,6970247.93
2020-21,2142,Salem-Keizer SD 24J,252,Measure 98 - High School Success,3299,Other Restricted Grants-In-Aid,12921770.65
2020-21,2142,Salem-Keizer SD 24J,299,Child Nutrition,1500,Earnings on Investments,50801
2020-21,2142,Salem-Keizer SD 24J,299,Child Nutrition,1600,Food Service,17500.4
2020-21,2142,Salem-Keizer SD 24J,299,Child Nutrition,1920,Contributions and Donations From Private Sources,24943.17
2020-21,2142,Salem-Keizer SD 24J,299,Child Nutrition,1990,Miscellaneous,82605.37
2020-21,2142,Salem-Keizer SD 24J,250,Non-Federal Sources,3222,State School Fund (SSF) Transportation Equipment,1336845
2020-21,2142,Salem-Keizer SD 24J,250,Non-Federal Sources,3299,Other Restricted Grants-In-Aid,18523807.37
2020-21,2142,Salem-Keizer SD 24J,250,Non-Federal Sources,5100,Long Term Debt Financing Sources,26167554.02
2020-21,2142,Salem-Keizer SD 24J,250,Non-Federal Sources,5200,Interfund Transfers,3100000
2020-21,2142,Salem-Keizer SD 24J,250,Non-Federal Sources,5300,Sale of or Compensation for Loss of Fixed Assets,1130000
2020-21,2142,Salem-Keizer SD 24J,250,Non-Federal Sources,5400,Resources - Beginning Fund Balance,10823904
2020-21,2142,Salem-Keizer SD 24J,250,Non-Federal Sources,1920,Contributions and Donations From Private Sources,402301.2
2020-21,2142,Salem-Keizer SD 24J,250,Non-Federal Sources,1950,Textbook Sales and Rentals,2510.95
2020-21,2142,Salem-Keizer SD 24J,250,Non-Federal Sources,1960,Recovery of Prior Years' Expenditure,5348.81
2020-21,2142,Salem-Keizer SD 24J,250,Non-Federal Sources,1990,Miscellaneous,2292667.93
2020-21,2142,Salem-Keizer SD 24J,250,Non-Federal Sources,2200,Restricted Revenue,664760.7
2020-21,2142,Salem-Keizer SD 24J,250,Non-Federal Sources,3101,State School Fund --General Support,2750000
2020-21,2142,Salem-Keizer SD 24J,201,Federal Sources,4500,Restricted Revenue From Federal Government Through the State,45687728.57
2020-21,2142,Salem-Keizer SD 24J,201,Federal Sources,4900,Revenue for/on Behalf of the District,4083.83
2020-21,2142,Salem-Keizer SD 24J,250,Non-Federal Sources,1312,Tuition from Other Districts within the State,21574.25
2020-21,2142,Salem-Keizer SD 24J,250,Non-Federal Sources,1500,Earnings on Investments,-137408.42
2020-21,2142,Salem-Keizer SD 24J,250,Non-Federal Sources,1700,Extra-Curricular Activities,483398.32
2020-21,2142,Salem-Keizer SD 24J,250,Non-Federal Sources,1910,Rentals,7002.12
2020-21,2142,Salem-Keizer SD 24J,600,Internal Service Funds,1970,Services Provided Other Funds,8365024.58
2020-21,2142,Salem-Keizer SD 24J,600,Internal Service Funds,1990,Miscellaneous,7364244.27
2020-21,2142,Salem-Keizer SD 24J,600,Internal Service Funds,5400,Resources - Beginning Fund Balance,20586426
2020-21,2142,Salem-Keizer SD 24J,700,Trust and Agency Funds,1990,Miscellaneous,6344.73
2020-21,2142,Salem-Keizer SD 24J,700,Trust and Agency Funds,5400,Resources - Beginning Fund Balance,197384
2020-21,2142,Salem-Keizer SD 24J,201,Federal Sources,4300,Restricted Revenue Direct From the Federal Government,156349.26
2020-21,2142,Salem-Keizer SD 24J,400,Capital Projects Funds,5100,Long Term Debt Financing Sources,288014815.8
2020-21,2142,Salem-Keizer SD 24J,400,Capital Projects Funds,5200,Interfund Transfers,2859623.42
2020-21,2142,Salem-Keizer SD 24J,400,Capital Projects Funds,5400,Resources - Beginning Fund Balance,288453772
2020-21,2142,Salem-Keizer SD 24J,600,Internal Service Funds,1500,Earnings on Investments,196066
2020-21,2142,Salem-Keizer SD 24J,600,Internal Service Funds,1940,Services Provided Other Local Education Agencies,108225.01
2020-21,2142,Salem-Keizer SD 24J,600,Internal Service Funds,1960,Recovery of Prior Years' Expenditure,4472.55
2020-21,2142,Salem-Keizer SD 24J,300,Debt Service Funds,5400,Resources - Beginning Fund Balance,28483993
2020-21,2142,Salem-Keizer SD 24J,400,Capital Projects Funds,1500,Earnings on Investments,1165729.66
2020-21,2142,Salem-Keizer SD 24J,400,Capital Projects Funds,1920,Contributions and Donations From Private Sources,32400
2020-21,2142,Salem-Keizer SD 24J,400,Capital Projects Funds,1960,Recovery of Prior Years' Expenditure,39003.36
2020-21,2142,Salem-Keizer SD 24J,400,Capital Projects Funds,1990,Miscellaneous,356247.91
2020-21,2142,Salem-Keizer SD 24J,400,Capital Projects Funds,3299,Other Restricted Grants-In-Aid,819654
2020-21,2142,Salem-Keizer SD 24J,100,General Fund,5300,Sale of or Compensation for Loss of Fixed Assets,135017.63
2020-21,2142,Salem-Keizer SD 24J,100,General Fund,5400,Resources - Beginning Fund Balance,65736766
2020-21,2142,Salem-Keizer SD 24J,300,Debt Service Funds,1110,Ad valorem taxes levied by district,55283837
2020-21,2142,Salem-Keizer SD 24J,300,Debt Service Funds,1500,Earnings on Investments,254371
2020-21,2142,Salem-Keizer SD 24J,300,Debt Service Funds,1970,Services Provided Other Funds,25349225
2020-21,2142,Salem-Keizer SD 24J,300,Debt Service Funds,3101,State School Fund --General Support,2250000
2020-21,2142,Salem-Keizer SD 24J,100,General Fund,3101,State School Fund --General Support,370601272.4
2020-21,2142,Salem-Keizer SD 24J,100,General Fund,3103,Common School Fund,4346179.74
2020-21,2142,Salem-Keizer SD 24J,100,General Fund,3199,Other Unrestricted Grants-In-Aid,4126762.88
2020-21,2142,Salem-Keizer SD 24J,100,General Fund,4200,Unrestricted Revenue From Federal Government Through State,6342
2020-21,2142,Salem-Keizer SD 24J,100,General Fund,4801,Federal Forest Fees,339.52
2020-21,2142,Salem-Keizer SD 24J,100,General Fund,5100,Long Term Debt Financing Sources,34225386.18
2020-21,2142,Salem-Keizer SD 24J,100,General Fund,1960,Recovery of Prior Years' Expenditure,70133.12
2020-21,2142,Salem-Keizer SD 24J,100,General Fund,1980,Fees Charged to Grants,2727366
2020-21,2142,Salem-Keizer SD 24J,100,General Fund,1990,Miscellaneous,563583
2020-21,2142,Salem-Keizer SD 24J,100,General Fund,2101,County School Funds,310221
2020-21,2142,Salem-Keizer SD 24J,100,General Fund,2102,General Education Service District Funds,17480117
2020-21,2142,Salem-Keizer SD 24J,100,General Fund,2199,Other Intermediate Sources,195281
2020-21,2142,Salem-Keizer SD 24J,100,General Fund,1312,Tuition from Other Districts within the State,9185
2020-21,2142,Salem-Keizer SD 24J,100,General Fund,1412,Transportation fees from Other Districts within the State,227.2
2020-21,2142,Salem-Keizer SD 24J,100,General Fund,1500,Earnings on Investments,372328
2020-21,2142,Salem-Keizer SD 24J,100,General Fund,1910,Rentals,222364.22
2020-21,2142,Salem-Keizer SD 24J,100,General Fund,1920,Contributions and Donations From Private Sources,4487.02
2020-21,2142,Salem-Keizer SD 24J,100,General Fund,1940,Services Provided Other Local Education Agencies,82350
2020-21,2142,Salem-Keizer SD 24J,100,General Fund,1110,Ad valorem taxes levied by district,88723447.16
2020-21,2143,North Santiam SD 29J,100,General Fund,1110,Ad valorem taxes levied by district,6621207.17
2020-21,2143,North Santiam SD 29J,100,General Fund,1500,Earnings on Investments,129949.15
2020-21,2143,North Santiam SD 29J,100,General Fund,1700,Extra-Curricular Activities,1508.5
2020-21,2143,North Santiam SD 29J,100,General Fund,1980,Fees Charged to Grants,160360.67
2020-21,2143,North Santiam SD 29J,100,General Fund,1990,Miscellaneous,26785.05
2020-21,2143,North Santiam SD 29J,100,General Fund,2101,County School Funds,17026.84
2020-21,2143,North Santiam SD 29J,200,Special Revenue Funds,4500,Restricted Revenue From Federal Government Through the State,2239001.88
2020-21,2143,North Santiam SD 29J,200,Special Revenue Funds,5400,Resources - Beginning Fund Balance,1622337.92
2020-21,2143,North Santiam SD 29J,299,Child Nutrition,4900,Revenue for/on Behalf of the District,102930.27
2020-21,2143,North Santiam SD 29J,299,Child Nutrition,5400,Resources - Beginning Fund Balance,-48777.17
2020-21,2143,North Santiam SD 29J,200,Special Revenue Funds,1940,Services Provided Other Local Education Agencies,3000
2020-21,2143,North Santiam SD 29J,200,Special Revenue Funds,1990,Miscellaneous,75824.49
2020-21,2143,North Santiam SD 29J,200,Special Revenue Funds,2200,Restricted Revenue,42644.11
2020-21,2143,North Santiam SD 29J,200,Special Revenue Funds,3299,Other Restricted Grants-In-Aid,82223.1
2020-21,2143,North Santiam SD 29J,299,Child Nutrition,1600,Food Service,2786.6
2020-21,2143,North Santiam SD 29J,299,Child Nutrition,1920,Contributions and Donations From Private Sources,405
2020-21,2143,North Santiam SD 29J,299,Child Nutrition,1940,Services Provided Other Local Education Agencies,24500
2020-21,2143,North Santiam SD 29J,299,Child Nutrition,1990,Miscellaneous,17275.49
2020-21,2143,North Santiam SD 29J,299,Child Nutrition,3102,State School Fund--School Lunch Match,9397.18
2020-21,2143,North Santiam SD 29J,299,Child Nutrition,4500,Restricted Revenue From Federal Government Through the State,1030080.78
2020-21,2143,North Santiam SD 29J,250,Non-Federal Sources,1700,Extra-Curricular Activities,43508.29
2020-21,2143,North Santiam SD 29J,250,Non-Federal Sources,1920,Contributions and Donations From Private Sources,5000
2020-21,2143,North Santiam SD 29J,250,Non-Federal Sources,1990,Miscellaneous,17945.55
2020-21,2143,North Santiam SD 29J,250,Non-Federal Sources,2200,Restricted Revenue,1200
2020-21,2143,North Santiam SD 29J,250,Non-Federal Sources,3299,Other Restricted Grants-In-Aid,457276.35
2020-21,2143,North Santiam SD 29J,250,Non-Federal Sources,5400,Resources - Beginning Fund Balance,492269.78
2020-21,2143,North Santiam SD 29J,251,Student Investment Account,3299,Other Restricted Grants-In-Aid,579421.98
2020-21,2143,North Santiam SD 29J,252,Measure 98 - High School Success,3299,Other Restricted Grants-In-Aid,580902
2020-21,2143,North Santiam SD 29J,299,Child Nutrition,3299,Other Restricted Grants-In-Aid,18332.26
2020-21,2143,North Santiam SD 29J,700,Trust and Agency Funds,1920,Contributions and Donations From Private Sources,5677.94
2020-21,2143,North Santiam SD 29J,700,Trust and Agency Funds,5400,Resources - Beginning Fund Balance,13946.25
2020-21,2143,North Santiam SD 29J,400,Capital Projects Funds,1990,Miscellaneous,151938.43
2020-21,2143,North Santiam SD 29J,400,Capital Projects Funds,2200,Restricted Revenue,128000
2020-21,2143,North Santiam SD 29J,400,Capital Projects Funds,5200,Interfund Transfers,1655491.6
2020-21,2143,North Santiam SD 29J,400,Capital Projects Funds,5400,Resources - Beginning Fund Balance,1646314.67
2020-21,2143,North Santiam SD 29J,600,Internal Service Funds,1970,Services Provided Other Funds,56021.77
2020-21,2143,North Santiam SD 29J,600,Internal Service Funds,5400,Resources - Beginning Fund Balance,329574.19
2020-21,2143,North Santiam SD 29J,300,Debt Service Funds,1110,Ad valorem taxes levied by district,1590057.12
2020-21,2143,North Santiam SD 29J,300,Debt Service Funds,1500,Earnings on Investments,6657.42
2020-21,2143,North Santiam SD 29J,300,Debt Service Funds,1970,Services Provided Other Funds,1845866.18
2020-21,2143,North Santiam SD 29J,300,Debt Service Funds,5400,Resources - Beginning Fund Balance,1692542.65
2020-21,2143,North Santiam SD 29J,400,Capital Projects Funds,1130,Construction Excise Tax,290895.97
2020-21,2143,North Santiam SD 29J,400,Capital Projects Funds,1500,Earnings on Investments,17935.59
2020-21,2143,North Santiam SD 29J,100,General Fund,5400,Resources - Beginning Fund Balance,3280661.95
2020-21,2143,North Santiam SD 29J,200,Special Revenue Funds,1960,Recovery of Prior Years' Expenditure,819.42
2020-21,2143,North Santiam SD 29J,200,Special Revenue Funds,2199,Other Intermediate Sources,9359.52
2020-21,2143,North Santiam SD 29J,200,Special Revenue Funds,4200,Unrestricted Revenue From Federal Government Through State,5001.4
2020-21,2143,North Santiam SD 29J,200,Special Revenue Funds,5200,Interfund Transfers,200000
2020-21,2143,North Santiam SD 29J,200,Special Revenue Funds,5300,Sale of or Compensation for Loss of Fixed Assets,265364
2020-21,2143,North Santiam SD 29J,100,General Fund,2102,General Education Service District Funds,610000
2020-21,2143,North Santiam SD 29J,100,General Fund,2199,Other Intermediate Sources,10027.78
2020-21,2143,North Santiam SD 29J,100,General Fund,3101,State School Fund --General Support,16870896.32
2020-21,2143,North Santiam SD 29J,100,General Fund,3103,Common School Fund,236830.3
2020-21,2143,North Santiam SD 29J,100,General Fund,3104,State Managed County Timber,215532.08
2020-21,2143,North Santiam SD 29J,100,General Fund,4801,Federal Forest Fees,8447.31
2020-21,2144,St Paul SD 45,300,Debt Service Funds,1190,Penalties and interest on taxes,105.94
2020-21,2144,St Paul SD 45,300,Debt Service Funds,5400,Resources - Beginning Fund Balance,20526.68
2020-21,2144,St Paul SD 45,400,Capital Projects Funds,1500,Earnings on Investments,2546.54
2020-21,2144,St Paul SD 45,400,Capital Projects Funds,3199,Other Unrestricted Grants-In-Aid,25000
2020-21,2144,St Paul SD 45,400,Capital Projects Funds,5400,Resources - Beginning Fund Balance,323439.86
2020-21,2144,St Paul SD 45,250,Non-Federal Sources,5200,Interfund Transfers,44980.91
2020-21,2144,St Paul SD 45,250,Non-Federal Sources,5400,Resources - Beginning Fund Balance,275387.23
2020-21,2144,St Paul SD 45,251,Student Investment Account,3299,Other Restricted Grants-In-Aid,86148.46
2020-21,2144,St Paul SD 45,252,Measure 98 - High School Success,3299,Other Restricted Grants-In-Aid,157603.87
2020-21,2144,St Paul SD 45,299,Child Nutrition,4500,Restricted Revenue From Federal Government Through the State,86383.6
2020-21,2144,St Paul SD 45,300,Debt Service Funds,1110,Ad valorem taxes levied by district,545446.84
2020-21,2144,St Paul SD 45,201,Federal Sources,5400,Resources - Beginning Fund Balance,-53550.01
2020-21,2144,St Paul SD 45,250,Non-Federal Sources,1700,Extra-Curricular Activities,90777.27
2020-21,2144,St Paul SD 45,250,Non-Federal Sources,1920,Contributions and Donations From Private Sources,299
2020-21,2144,St Paul SD 45,250,Non-Federal Sources,1990,Miscellaneous,11195.7
2020-21,2144,St Paul SD 45,250,Non-Federal Sources,3199,Other Unrestricted Grants-In-Aid,35412.41
2020-21,2144,St Paul SD 45,250,Non-Federal Sources,4500,Restricted Revenue From Federal Government Through the State,143340
2020-21,2144,St Paul SD 45,100,General Fund,3101,State School Fund --General Support,2790585.63
2020-21,2144,St Paul SD 45,100,General Fund,3102,State School Fund--School Lunch Match,711.77
2020-21,2144,St Paul SD 45,100,General Fund,3103,Common School Fund,23023.51
2020-21,2144,St Paul SD 45,100,General Fund,4500,Restricted Revenue From Federal Government Through the State,25114.04
2020-21,2144,St Paul SD 45,100,General Fund,5400,Resources - Beginning Fund Balance,1034049.95
2020-21,2144,St Paul SD 45,201,Federal Sources,4500,Restricted Revenue From Federal Government Through the State,373185.21
2020-21,2144,St Paul SD 45,100,General Fund,1600,Food Service,368.9
2020-21,2144,St Paul SD 45,100,General Fund,1700,Extra-Curricular Activities,75
2020-21,2144,St Paul SD 45,100,General Fund,1920,Contributions and Donations From Private Sources,225
2020-21,2144,St Paul SD 45,100,General Fund,1960,Recovery of Prior Years' Expenditure,108157.64
2020-21,2144,St Paul SD 45,100,General Fund,1990,Miscellaneous,1585.88
2020-21,2144,St Paul SD 45,100,General Fund,2101,County School Funds,1913.23
2020-21,2144,St Paul SD 45,100,General Fund,1110,Ad valorem taxes levied by district,857285.79
2020-21,2144,St Paul SD 45,100,General Fund,1190,Penalties and interest on taxes,159.47
2020-21,2144,St Paul SD 45,100,General Fund,1500,Earnings on Investments,12966.87
2020-21,2145,Mt Angel SD 91,100,General Fund,1110,Ad valorem taxes levied by district,1291381.12
2020-21,2145,Mt Angel SD 91,100,General Fund,1500,Earnings on Investments,16917.88
2020-21,2145,Mt Angel SD 91,100,General Fund,1990,Miscellaneous,133332.74
2020-21,2145,Mt Angel SD 91,100,General Fund,2101,County School Funds,6108.57
2020-21,2145,Mt Angel SD 91,100,General Fund,2200,Restricted Revenue,2000
2020-21,2145,Mt Angel SD 91,100,General Fund,3101,State School Fund --General Support,7008286.45
2020-21,2145,Mt Angel SD 91,400,Capital Projects Funds,5200,Interfund Transfers,129121.29
2020-21,2145,Mt Angel SD 91,400,Capital Projects Funds,5400,Resources - Beginning Fund Balance,370740.41
2020-21,2145,Mt Angel SD 91,250,Non-Federal Sources,5400,Resources - Beginning Fund Balance,1235460.41
2020-21,2145,Mt Angel SD 91,201,Federal Sources,5400,Resources - Beginning Fund Balance,-4423.15
2020-21,2145,Mt Angel SD 91,300,Debt Service Funds,1110,Ad valorem taxes levied by district,907350.16
2020-21,2145,Mt Angel SD 91,300,Debt Service Funds,1500,Earnings on Investments,2310.57
2020-21,2145,Mt Angel SD 91,300,Debt Service Funds,1990,Miscellaneous,1402.98
2020-21,2145,Mt Angel SD 91,300,Debt Service Funds,5400,Resources - Beginning Fund Balance,7349.22
2020-21,2145,Mt Angel SD 91,400,Capital Projects Funds,1500,Earnings on Investments,45.34
2020-21,2145,Mt Angel SD 91,250,Non-Federal Sources,1920,Contributions and Donations From Private Sources,304.2
2020-21,2145,Mt Angel SD 91,250,Non-Federal Sources,1960,Recovery of Prior Years' Expenditure,700
2020-21,2145,Mt Angel SD 91,250,Non-Federal Sources,1990,Miscellaneous,23171.95
2020-21,2145,Mt Angel SD 91,250,Non-Federal Sources,2200,Restricted Revenue,30000
2020-21,2145,Mt Angel SD 91,250,Non-Federal Sources,5200,Interfund Transfers,87608.39
2020-21,2145,Mt Angel SD 91,201,Federal Sources,4500,Restricted Revenue From Federal Government Through the State,266097.64
2020-21,2145,Mt Angel SD 91,299,Child Nutrition,3900,Revenue for/on Behalf of the District,2527.85
2020-21,2145,Mt Angel SD 91,299,Child Nutrition,4500,Restricted Revenue From Federal Government Through the State,482729.12
2020-21,2145,Mt Angel SD 91,299,Child Nutrition,5400,Resources - Beginning Fund Balance,-14421.66
2020-21,2145,Mt Angel SD 91,251,Student Investment Account,3299,Other Restricted Grants-In-Aid,206583.52
2020-21,2145,Mt Angel SD 91,250,Non-Federal Sources,1500,Earnings on Investments,36358.04
2020-21,2145,Mt Angel SD 91,250,Non-Federal Sources,1700,Extra-Curricular Activities,39861.99
2020-21,2145,Mt Angel SD 91,252,Measure 98 - High School Success,4500,Restricted Revenue From Federal Government Through the State,24113
2020-21,2145,Mt Angel SD 91,252,Measure 98 - High School Success,5400,Resources - Beginning Fund Balance,-43090.75
2020-21,2145,Mt Angel SD 91,299,Child Nutrition,1600,Food Service,379.49
2020-21,2145,Mt Angel SD 91,299,Child Nutrition,1910,Rentals,3000
2020-21,2145,Mt Angel SD 91,299,Child Nutrition,3102,State School Fund--School Lunch Match,3770.61
2020-21,2145,Mt Angel SD 91,299,Child Nutrition,3299,Other Restricted Grants-In-Aid,8299.18
2020-21,2145,Mt Angel SD 91,100,General Fund,3103,Common School Fund,72987.72
2020-21,2145,Mt Angel SD 91,100,General Fund,3299,Other Restricted Grants-In-Aid,112808.05
2020-21,2145,Mt Angel SD 91,100,General Fund,4500,Restricted Revenue From Federal Government Through the State,250911.33
2020-21,2145,Mt Angel SD 91,100,General Fund,5200,Interfund Transfers,99759
2020-21,2145,Mt Angel SD 91,100,General Fund,5400,Resources - Beginning Fund Balance,542332.54
2020-21,2145,Mt Angel SD 91,252,Measure 98 - High School Success,3299,Other Restricted Grants-In-Aid,217279.58
2020-21,2146,Woodburn SD 103,400,Capital Projects Funds,5200,Interfund Transfers,10000
2020-21,2146,Woodburn SD 103,400,Capital Projects Funds,5400,Resources - Beginning Fund Balance,33422031.54
2020-21,2146,Woodburn SD 103,700,Trust and Agency Funds,5400,Resources - Beginning Fund Balance,1932.54
2020-21,2146,Woodburn SD 103,299,Child Nutrition,1990,Miscellaneous,3904.79
2020-21,2146,Woodburn SD 103,300,Debt Service Funds,1990,Miscellaneous,125185.12
2020-21,2146,Woodburn SD 103,300,Debt Service Funds,5200,Interfund Transfers,1072800
2020-21,2146,Woodburn SD 103,300,Debt Service Funds,5400,Resources - Beginning Fund Balance,14335.01
2020-21,2146,Woodburn SD 103,400,Capital Projects Funds,1130,Construction Excise Tax,707089.31
2020-21,2146,Woodburn SD 103,400,Capital Projects Funds,1500,Earnings on Investments,377352.63
2020-21,2146,Woodburn SD 103,400,Capital Projects Funds,1990,Miscellaneous,16355.64
2020-21,2146,Woodburn SD 103,250,Non-Federal Sources,5200,Interfund Transfers,5200
2020-21,2146,Woodburn SD 103,201,Federal Sources,5400,Resources - Beginning Fund Balance,174297.58
2020-21,2146,Woodburn SD 103,250,Non-Federal Sources,5400,Resources - Beginning Fund Balance,9141.93
2020-21,2146,Woodburn SD 103,252,Measure 98 - High School Success,5400,Resources - Beginning Fund Balance,2001.79
2020-21,2146,Woodburn SD 103,299,Child Nutrition,5400,Resources - Beginning Fund Balance,3967430.19
2020-21,2146,Woodburn SD 103,300,Debt Service Funds,1110,Ad valorem taxes levied by district,4870200.06
2020-21,2146,Woodburn SD 103,299,Child Nutrition,3102,State School Fund--School Lunch Match,35741.97
2020-21,2146,Woodburn SD 103,250,Non-Federal Sources,3299,Other Restricted Grants-In-Aid,355985.59
2020-21,2146,Woodburn SD 103,251,Student Investment Account,3299,Other Restricted Grants-In-Aid,1677244.7
2020-21,2146,Woodburn SD 103,252,Measure 98 - High School Success,3299,Other Restricted Grants-In-Aid,1530750.27
2020-21,2146,Woodburn SD 103,201,Federal Sources,4500,Restricted Revenue From Federal Government Through the State,7671854.89
2020-21,2146,Woodburn SD 103,299,Child Nutrition,4500,Restricted Revenue From Federal Government Through the State,1478240.66
2020-21,2146,Woodburn SD 103,250,Non-Federal Sources,1700,Extra-Curricular Activities,20773.1
2020-21,2146,Woodburn SD 103,250,Non-Federal Sources,1920,Contributions and Donations From Private Sources,17806.27
2020-21,2146,Woodburn SD 103,299,Child Nutrition,1920,Contributions and Donations From Private Sources,3000
2020-21,2146,Woodburn SD 103,250,Non-Federal Sources,1960,Recovery of Prior Years' Expenditure,535
2020-21,2146,Woodburn SD 103,250,Non-Federal Sources,1990,Miscellaneous,876599.36
2020-21,2146,Woodburn SD 103,250,Non-Federal Sources,2200,Restricted Revenue,18843.3
2020-21,2146,Woodburn SD 103,100,General Fund,3199,Other Unrestricted Grants-In-Aid,1926.4
2020-21,2146,Woodburn SD 103,100,General Fund,4500,Restricted Revenue From Federal Government Through the State,2312302.68
2020-21,2146,Woodburn SD 103,100,General Fund,5300,Sale of or Compensation for Loss of Fixed Assets,16241
2020-21,2146,Woodburn SD 103,100,General Fund,5200,Interfund Transfers,10000
2020-21,2146,Woodburn SD 103,100,General Fund,5400,Resources - Beginning Fund Balance,12431712.89
2020-21,2146,Woodburn SD 103,299,Child Nutrition,1600,Food Service,4596.13
2020-21,2146,Woodburn SD 103,100,General Fund,1990,Miscellaneous,209659.72
2020-21,2146,Woodburn SD 103,100,General Fund,2101,County School Funds,48334.24
2020-21,2146,Woodburn SD 103,100,General Fund,2102,General Education Service District Funds,1748936.69
2020-21,2146,Woodburn SD 103,100,General Fund,2199,Other Intermediate Sources,33800.06
2020-21,2146,Woodburn SD 103,100,General Fund,3101,State School Fund --General Support,58116482.24
2020-21,2146,Woodburn SD 103,100,General Fund,3103,Common School Fund,567843.23
2020-21,2146,Woodburn SD 103,100,General Fund,1320,Adult/Continuing Education Tuition,4483
2020-21,2146,Woodburn SD 103,100,General Fund,1500,Earnings on Investments,157034.13
2020-21,2146,Woodburn SD 103,100,General Fund,1910,Rentals,10451
2020-21,2146,Woodburn SD 103,100,General Fund,1920,Contributions and Donations From Private Sources,510
2020-21,2146,Woodburn SD 103,100,General Fund,1960,Recovery of Prior Years' Expenditure,1457.72
2020-21,2146,Woodburn SD 103,100,General Fund,1980,Fees Charged to Grants,466356.34
2020-21,2146,Woodburn SD 103,100,General Fund,1110,Ad valorem taxes levied by district,8614851.74
2020-21,2146,Woodburn SD 103,100,General Fund,1312,Tuition from Other Districts within the State,37000
2020-21,2147,Morrow SD 1,299,Child Nutrition,1500,Earnings on Investments,105.19
2020-21,2147,Morrow SD 1,299,Child Nutrition,1600,Food Service,4109.67
2020-21,2147,Morrow SD 1,299,Child Nutrition,1990,Miscellaneous,5780.64
2020-21,2147,Morrow SD 1,299,Child Nutrition,3299,Other Restricted Grants-In-Aid,33343.15
2020-21,2147,Morrow SD 1,299,Child Nutrition,4500,Restricted Revenue From Federal Government Through the State,1302059.38
2020-21,2147,Morrow SD 1,299,Child Nutrition,4900,Revenue for/on Behalf of the District,67260.97
2020-21,2147,Morrow SD 1,400,Capital Projects Funds,5400,Resources - Beginning Fund Balance,620916.58
2020-21,2147,Morrow SD 1,300,Debt Service Funds,2800,Revenue in Lieu of Taxes,3181.87
2020-21,2147,Morrow SD 1,300,Debt Service Funds,5400,Resources - Beginning Fund Balance,132505.52
2020-21,2147,Morrow SD 1,400,Capital Projects Funds,1910,Rentals,12000
2020-21,2147,Morrow SD 1,400,Capital Projects Funds,1920,Contributions and Donations From Private Sources,50000
2020-21,2147,Morrow SD 1,400,Capital Projects Funds,1990,Miscellaneous,6007.81
2020-21,2147,Morrow SD 1,400,Capital Projects Funds,3299,Other Restricted Grants-In-Aid,45000
2020-21,2147,Morrow SD 1,252,Measure 98 - High School Success,5400,Resources - Beginning Fund Balance,-785.45
2020-21,2147,Morrow SD 1,251,Student Investment Account,3299,Other Restricted Grants-In-Aid,680089.84
2020-21,2147,Morrow SD 1,300,Debt Service Funds,1110,Ad valorem taxes levied by district,2229511.5
2020-21,2147,Morrow SD 1,300,Debt Service Funds,1190,Penalties and interest on taxes,7805.66
2020-21,2147,Morrow SD 1,300,Debt Service Funds,1500,Earnings on Investments,36.04
2020-21,2147,Morrow SD 1,300,Debt Service Funds,1970,Services Provided Other Funds,808039.31
2020-21,2147,Morrow SD 1,250,Non-Federal Sources,1990,Miscellaneous,201469.89
2020-21,2147,Morrow SD 1,250,Non-Federal Sources,3299,Other Restricted Grants-In-Aid,238490.32
2020-21,2147,Morrow SD 1,250,Non-Federal Sources,4500,Restricted Revenue From Federal Government Through the State,268977.99
2020-21,2147,Morrow SD 1,250,Non-Federal Sources,5200,Interfund Transfers,124246.86
2020-21,2147,Morrow SD 1,250,Non-Federal Sources,5400,Resources - Beginning Fund Balance,2455738.61
2020-21,2147,Morrow SD 1,252,Measure 98 - High School Success,3299,Other Restricted Grants-In-Aid,683893.32
2020-21,2147,Morrow SD 1,201,Federal Sources,4500,Restricted Revenue From Federal Government Through the State,1229509.83
2020-21,2147,Morrow SD 1,201,Federal Sources,4700,Grants-In-Aid From Federal Government Through Other Intermed,183600.38
2020-21,2147,Morrow SD 1,201,Federal Sources,5400,Resources - Beginning Fund Balance,176571.41
2020-21,2147,Morrow SD 1,250,Non-Federal Sources,1200,Revenue From Local Governmental Units Other Than Districts,822750
2020-21,2147,Morrow SD 1,250,Non-Federal Sources,1700,Extra-Curricular Activities,178495.43
2020-21,2147,Morrow SD 1,250,Non-Federal Sources,1920,Contributions and Donations From Private Sources,907934.89
2020-21,2147,Morrow SD 1,100,General Fund,3103,Common School Fund,178196.94
2020-21,2147,Morrow SD 1,100,General Fund,3299,Other Restricted Grants-In-Aid,6792
2020-21,2147,Morrow SD 1,100,General Fund,4500,Restricted Revenue From Federal Government Through the State,431113.85
2020-21,2147,Morrow SD 1,100,General Fund,4801,Federal Forest Fees,28593.73
2020-21,2147,Morrow SD 1,100,General Fund,5400,Resources - Beginning Fund Balance,3397953.2
2020-21,2147,Morrow SD 1,201,Federal Sources,1960,Recovery of Prior Years' Expenditure,4896
2020-21,2147,Morrow SD 1,100,General Fund,1940,Services Provided Other Local Education Agencies,99601.54
2020-21,2147,Morrow SD 1,100,General Fund,1960,Recovery of Prior Years' Expenditure,76720.73
2020-21,2147,Morrow SD 1,100,General Fund,1990,Miscellaneous,189463.62
2020-21,2147,Morrow SD 1,100,General Fund,2101,County School Funds,28961.91
2020-21,2147,Morrow SD 1,100,General Fund,2800,Revenue in Lieu of Taxes,185156.96
2020-21,2147,Morrow SD 1,100,General Fund,3101,State School Fund --General Support,18409089.28
2020-21,2147,Morrow SD 1,299,Child Nutrition,5200,Interfund Transfers,11051.02
2020-21,2147,Morrow SD 1,299,Child Nutrition,5400,Resources - Beginning Fund Balance,479823.81
2020-21,2147,Morrow SD 1,100,General Fund,1110,Ad valorem taxes levied by district,9216719.1
2020-21,2147,Morrow SD 1,100,General Fund,1190,Penalties and interest on taxes,1929.66
2020-21,2147,Morrow SD 1,100,General Fund,1500,Earnings on Investments,84150.5
2020-21,2147,Morrow SD 1,100,General Fund,1920,Contributions and Donations From Private Sources,129244.2
2020-21,2148,Multnomah ESD,100,General Fund,1110,Ad valorem taxes levied by district,36467812.62
2020-21,2148,Multnomah ESD,100,General Fund,1190,Penalties and interest on taxes,18069.71
2020-21,2148,Multnomah ESD,100,General Fund,1500,Earnings on Investments,165352.81
2020-21,2148,Multnomah ESD,100,General Fund,1800,Community Services Activities,4680
2020-21,2148,Multnomah ESD,100,General Fund,1910,Rentals,23940
2020-21,2148,Multnomah ESD,100,General Fund,1920,Contributions and Donations From Private Sources,3163
2020-21,2148,Multnomah ESD,250,Non-Federal Sources,5400,Resources - Beginning Fund Balance,2207791.63
2020-21,2148,Multnomah ESD,252,Measure 98 - High School Success,3299,Other Restricted Grants-In-Aid,145673.86
2020-21,2148,Multnomah ESD,300,Debt Service Funds,1500,Earnings on Investments,12368.78
2020-21,2148,Multnomah ESD,300,Debt Service Funds,1970,Services Provided Other Funds,3432226.51
2020-21,2148,Multnomah ESD,300,Debt Service Funds,5400,Resources - Beginning Fund Balance,-50499.36
2020-21,2148,Multnomah ESD,250,Non-Federal Sources,1920,Contributions and Donations From Private Sources,142555
2020-21,2148,Multnomah ESD,250,Non-Federal Sources,1940,Services Provided Other Local Education Agencies,12993860.86
2020-21,2148,Multnomah ESD,250,Non-Federal Sources,1960,Recovery of Prior Years' Expenditure,-2911.77
2020-21,2148,Multnomah ESD,250,Non-Federal Sources,1990,Miscellaneous,100866.58
2020-21,2148,Multnomah ESD,250,Non-Federal Sources,2200,Restricted Revenue,104255.8
2020-21,2148,Multnomah ESD,250,Non-Federal Sources,3299,Other Restricted Grants-In-Aid,11232646.91
2020-21,2148,Multnomah ESD,201,Federal Sources,3102,State School Fund--School Lunch Match,3419.15
2020-21,2148,Multnomah ESD,201,Federal Sources,3299,Other Restricted Grants-In-Aid,166332.49
2020-21,2148,Multnomah ESD,201,Federal Sources,4300,Restricted Revenue Direct From the Federal Government,291193.42
2020-21,2148,Multnomah ESD,201,Federal Sources,4500,Restricted Revenue From Federal Government Through the State,1885422.11
2020-21,2148,Multnomah ESD,250,Non-Federal Sources,1500,Earnings on Investments,97.63
2020-21,2148,Multnomah ESD,250,Non-Federal Sources,1800,Community Services Activities,2824
2020-21,2148,Multnomah ESD,100,General Fund,3102,State School Fund--School Lunch Match,-3419.15
2020-21,2148,Multnomah ESD,100,General Fund,3299,Other Restricted Grants-In-Aid,1705729.8
2020-21,2148,Multnomah ESD,100,General Fund,4300,Restricted Revenue Direct From the Federal Government,10182.54
2020-21,2148,Multnomah ESD,100,General Fund,5200,Interfund Transfers,5600091.1
2020-21,2148,Multnomah ESD,100,General Fund,5400,Resources - Beginning Fund Balance,14703106.15
2020-21,2148,Multnomah ESD,201,Federal Sources,1940,Services Provided Other Local Education Agencies,15500
2020-21,2148,Multnomah ESD,100,General Fund,1940,Services Provided Other Local Education Agencies,124288.2
2020-21,2148,Multnomah ESD,100,General Fund,1960,Recovery of Prior Years' Expenditure,2617.01
2020-21,2148,Multnomah ESD,100,General Fund,1970,Services Provided Other Funds,966386.9
2020-21,2148,Multnomah ESD,100,General Fund,1980,Fees Charged to Grants,1034054.4
2020-21,2148,Multnomah ESD,100,General Fund,1990,Miscellaneous,131541.92
2020-21,2148,Multnomah ESD,100,General Fund,3101,State School Fund --General Support,10065828.73
2020-21,2180,Portland SD 1J,600,Internal Service Funds,5400,Resources - Beginning Fund Balance,5857722.39
2020-21,2180,Portland SD 1J,100,General Fund,1110,Ad valorem taxes levied by district,258717515.6
2020-21,2180,Portland SD 1J,100,General Fund,1120,Local option ad valorem taxes levied by district,129599274.1
2020-21,2180,Portland SD 1J,100,General Fund,1190,Penalties and interest on taxes,129703.39
2020-21,2180,Portland SD 1J,100,General Fund,1200,Revenue From Local Governmental Units Other Than Districts,7560
2020-21,2180,Portland SD 1J,100,General Fund,1311,Tuition from Individuals,2646.7
2020-21,2180,Portland SD 1J,300,Debt Service Funds,5400,Resources - Beginning Fund Balance,13823216.15
2020-21,2180,Portland SD 1J,400,Capital Projects Funds,5400,Resources - Beginning Fund Balance,663007182.79
2020-21,2180,Portland SD 1J,299,Child Nutrition,5400,Resources - Beginning Fund Balance,1707423.41
2020-21,2180,Portland SD 1J,250,Non-Federal Sources,5400,Resources - Beginning Fund Balance,34082516.91
2020-21,2180,Portland SD 1J,201,Federal Sources,4300,Restricted Revenue Direct From the Federal Government,6768610.37
2020-21,2180,Portland SD 1J,201,Federal Sources,4500,Restricted Revenue From Federal Government Through the State,26806056.79
2020-21,2180,Portland SD 1J,201,Federal Sources,4700,Grants-In-Aid From Federal Government Through Other Intermed,19679.4
2020-21,2180,Portland SD 1J,252,Measure 98 - High School Success,3299,Other Restricted Grants-In-Aid,9448964.08
2020-21,2180,Portland SD 1J,251,Student Investment Account,3299,Other Restricted Grants-In-Aid,11572275.48
2020-21,2180,Portland SD 1J,100,General Fund,5400,Resources - Beginning Fund Balance,64473866.49
2020-21,2180,Portland SD 1J,299,Child Nutrition,3102,State School Fund--School Lunch Match,142202.34
2020-21,2180,Portland SD 1J,299,Child Nutrition,3299,Other Restricted Grants-In-Aid,322379.99
2020-21,2180,Portland SD 1J,299,Child Nutrition,4500,Restricted Revenue From Federal Government Through the State,16164549.37
2020-21,2180,Portland SD 1J,299,Child Nutrition,5200,Interfund Transfers,65151.35
2020-21,2180,Portland SD 1J,201,Federal Sources,3299,Other Restricted Grants-In-Aid,5235941.25
2020-21,2180,Portland SD 1J,201,Federal Sources,4200,Unrestricted Revenue From Federal Government Through State,76630.69
2020-21,2180,Portland SD 1J,250,Non-Federal Sources,4500,Restricted Revenue From Federal Government Through the State,14778920.93
2020-21,2180,Portland SD 1J,250,Non-Federal Sources,4700,Grants-In-Aid From Federal Government Through Other Intermed,46914.91
2020-21,2180,Portland SD 1J,250,Non-Federal Sources,5200,Interfund Transfers,651196.21
2020-21,2180,Portland SD 1J,299,Child Nutrition,1600,Food Service,-34111.45
2020-21,2180,Portland SD 1J,299,Child Nutrition,1920,Contributions and Donations From Private Sources,59078.36
2020-21,2180,Portland SD 1J,299,Child Nutrition,1990,Miscellaneous,6924.33
2020-21,2180,Portland SD 1J,250,Non-Federal Sources,1940,Services Provided Other Local Education Agencies,1436956.85
2020-21,2180,Portland SD 1J,250,Non-Federal Sources,1960,Recovery of Prior Years' Expenditure,-862
2020-21,2180,Portland SD 1J,250,Non-Federal Sources,1990,Miscellaneous,2245890.16
2020-21,2180,Portland SD 1J,250,Non-Federal Sources,2200,Restricted Revenue,27765.39
2020-21,2180,Portland SD 1J,250,Non-Federal Sources,3299,Other Restricted Grants-In-Aid,14052871.78
2020-21,2180,Portland SD 1J,250,Non-Federal Sources,4300,Restricted Revenue Direct From the Federal Government,1856686.2
2020-21,2180,Portland SD 1J,250,Non-Federal Sources,1200,Revenue From Local Governmental Units Other Than Districts,1366702.38
2020-21,2180,Portland SD 1J,250,Non-Federal Sources,1311,Tuition from Individuals,235308.75
2020-21,2180,Portland SD 1J,250,Non-Federal Sources,1330,Summer School Tuition,735
2020-21,2180,Portland SD 1J,250,Non-Federal Sources,1500,Earnings on Investments,80647.91
2020-21,2180,Portland SD 1J,250,Non-Federal Sources,1700,Extra-Curricular Activities,1236838.05
2020-21,2180,Portland SD 1J,250,Non-Federal Sources,1920,Contributions and Donations From Private Sources,5160514.75
2020-21,2180,Portland SD 1J,600,Internal Service Funds,1500,Earnings on Investments,89260.74
2020-21,2180,Portland SD 1J,600,Internal Service Funds,1960,Recovery of Prior Years' Expenditure,4160.02
2020-21,2180,Portland SD 1J,600,Internal Service Funds,1970,Services Provided Other Funds,1533922.66
2020-21,2180,Portland SD 1J,600,Internal Service Funds,3199,Other Unrestricted Grants-In-Aid,187706.8
2020-21,2180,Portland SD 1J,250,Non-Federal Sources,1110,Ad valorem taxes levied by district,279748.27
2020-21,2180,Portland SD 1J,250,Non-Federal Sources,1120,Local option ad valorem taxes levied by district,29519.62
2020-21,2180,Portland SD 1J,400,Capital Projects Funds,1910,Rentals,15323
2020-21,2180,Portland SD 1J,400,Capital Projects Funds,1960,Recovery of Prior Years' Expenditure,-262836.23
2020-21,2180,Portland SD 1J,400,Capital Projects Funds,1990,Miscellaneous,981127.35
2020-21,2180,Portland SD 1J,400,Capital Projects Funds,2200,Restricted Revenue,783150.68
2020-21,2180,Portland SD 1J,400,Capital Projects Funds,3299,Other Restricted Grants-In-Aid,1318818.34
2020-21,2180,Portland SD 1J,400,Capital Projects Funds,5100,Long Term Debt Financing Sources,395038945.45
2020-21,2180,Portland SD 1J,300,Debt Service Funds,1970,Services Provided Other Funds,55144638.53
2020-21,2180,Portland SD 1J,300,Debt Service Funds,4900,Revenue for/on Behalf of the District,53485.21
2020-21,2180,Portland SD 1J,300,Debt Service Funds,5200,Interfund Transfers,1749654.59
2020-21,2180,Portland SD 1J,300,Debt Service Funds,5100,Long Term Debt Financing Sources,55596120.35
2020-21,2180,Portland SD 1J,400,Capital Projects Funds,1130,Construction Excise Tax,3446149.1
2020-21,2180,Portland SD 1J,400,Capital Projects Funds,1500,Earnings on Investments,2100914.18
2020-21,2180,Portland SD 1J,100,General Fund,4200,Unrestricted Revenue From Federal Government Through State,1243.82
2020-21,2180,Portland SD 1J,100,General Fund,4801,Federal Forest Fees,16450.09
2020-21,2180,Portland SD 1J,100,General Fund,5300,Sale of or Compensation for Loss of Fixed Assets,151667.29
2020-21,2180,Portland SD 1J,300,Debt Service Funds,1110,Ad valorem taxes levied by district,131758343.56
2020-21,2180,Portland SD 1J,300,Debt Service Funds,1190,Penalties and interest on taxes,59843.33
2020-21,2180,Portland SD 1J,300,Debt Service Funds,1500,Earnings on Investments,292436.23
2020-21,2180,Portland SD 1J,100,General Fund,1990,Miscellaneous,1035145.37
2020-21,2180,Portland SD 1J,100,General Fund,2101,County School Funds,17853.33
2020-21,2180,Portland SD 1J,100,General Fund,2102,General Education Service District Funds,8500000
2020-21,2180,Portland SD 1J,100,General Fund,2199,Other Intermediate Sources,5855916.21
2020-21,2180,Portland SD 1J,100,General Fund,3101,State School Fund --General Support,263622129.95
2020-21,2180,Portland SD 1J,100,General Fund,3103,Common School Fund,5627572.34
2020-21,2180,Portland SD 1J,100,General Fund,1500,Earnings on Investments,544362.44
2020-21,2180,Portland SD 1J,100,General Fund,1700,Extra-Curricular Activities,181839
2020-21,2180,Portland SD 1J,100,General Fund,1910,Rentals,1456337.08
2020-21,2180,Portland SD 1J,100,General Fund,1920,Contributions and Donations From Private Sources,14697.27
2020-21,2180,Portland SD 1J,100,General Fund,1960,Recovery of Prior Years' Expenditure,4012.93
2020-21,2180,Portland SD 1J,100,General Fund,1980,Fees Charged to Grants,4629015.04
2020-21,2181,Parkrose SD 3,100,General Fund,1110,Ad valorem taxes levied by district,22114454.61
2020-21,2181,Parkrose SD 3,100,General Fund,1312,Tuition from Other Districts within the State,9137.91
2020-21,2181,Parkrose SD 3,100,General Fund,1500,Earnings on Investments,81774.91
2020-21,2181,Parkrose SD 3,100,General Fund,1910,Rentals,540
2020-21,2181,Parkrose SD 3,100,General Fund,1960,Recovery of Prior Years' Expenditure,15
2020-21,2181,Parkrose SD 3,100,General Fund,1980,Fees Charged to Grants,19878.97
2020-21,2181,Parkrose SD 3,200,Special Revenue Funds,1920,Contributions and Donations From Private Sources,140215.16
2020-21,2181,Parkrose SD 3,200,Special Revenue Funds,1910,Rentals,773320.34
2020-21,2181,Parkrose SD 3,300,Debt Service Funds,5400,Resources - Beginning Fund Balance,725910.88
2020-21,2181,Parkrose SD 3,400,Capital Projects Funds,1130,Construction Excise Tax,74897.17
2020-21,2181,Parkrose SD 3,400,Capital Projects Funds,1500,Earnings on Investments,9011.23
2020-21,2181,Parkrose SD 3,400,Capital Projects Funds,1910,Rentals,4799.75
2020-21,2181,Parkrose SD 3,400,Capital Projects Funds,1990,Miscellaneous,68875.35
2020-21,2181,Parkrose SD 3,400,Capital Projects Funds,5400,Resources - Beginning Fund Balance,1418417.85
2020-21,2181,Parkrose SD 3,200,Special Revenue Funds,5400,Resources - Beginning Fund Balance,4345998.44
2020-21,2181,Parkrose SD 3,300,Debt Service Funds,1110,Ad valorem taxes levied by district,5939503.12
2020-21,2181,Parkrose SD 3,300,Debt Service Funds,1500,Earnings on Investments,31073.56
2020-21,2181,Parkrose SD 3,300,Debt Service Funds,2110,Intermediate 'I' Tax,7443.23
2020-21,2181,Parkrose SD 3,300,Debt Service Funds,3101,State School Fund --General Support,1536807.64
2020-21,2181,Parkrose SD 3,300,Debt Service Funds,4300,Restricted Revenue Direct From the Federal Government,693470.89
2020-21,2181,Parkrose SD 3,200,Special Revenue Funds,1700,Extra-Curricular Activities,84711.75
2020-21,2181,Parkrose SD 3,200,Special Revenue Funds,1990,Miscellaneous,104379.98
2020-21,2181,Parkrose SD 3,200,Special Revenue Funds,3102,State School Fund--School Lunch Match,13925.47
2020-21,2181,Parkrose SD 3,200,Special Revenue Funds,3299,Other Restricted Grants-In-Aid,2287225.87
2020-21,2181,Parkrose SD 3,200,Special Revenue Funds,4500,Restricted Revenue From Federal Government Through the State,4698577.39
2020-21,2181,Parkrose SD 3,200,Special Revenue Funds,4900,Revenue for/on Behalf of the District,95720.2
2020-21,2181,Parkrose SD 3,100,General Fund,3103,Common School Fund,362071.7
2020-21,2181,Parkrose SD 3,100,General Fund,4500,Restricted Revenue From Federal Government Through the State,1111.64
2020-21,2181,Parkrose SD 3,100,General Fund,5300,Sale of or Compensation for Loss of Fixed Assets,1460.75
2020-21,2181,Parkrose SD 3,100,General Fund,5400,Resources - Beginning Fund Balance,823321.92
2020-21,2181,Parkrose SD 3,200,Special Revenue Funds,1500,Earnings on Investments,524.64
2020-21,2181,Parkrose SD 3,200,Special Revenue Funds,1600,Food Service,764.75
2020-21,2181,Parkrose SD 3,100,General Fund,1990,Miscellaneous,130476.17
2020-21,2181,Parkrose SD 3,100,General Fund,2101,County School Funds,733.18
2020-21,2181,Parkrose SD 3,100,General Fund,2110,Intermediate 'I' Tax,27397.78
2020-21,2181,Parkrose SD 3,100,General Fund,2200,Restricted Revenue,265490.43
2020-21,2181,Parkrose SD 3,100,General Fund,2900,Revenue for/on Behalf of the District,93500
2020-21,2181,Parkrose SD 3,100,General Fund,3101,State School Fund --General Support,12236904.89
2020-21,2182,Reynolds SD 7,400,Capital Projects Funds,5300,Sale of or Compensation for Loss of Fixed Assets,215000
2020-21,2182,Reynolds SD 7,400,Capital Projects Funds,5400,Resources - Beginning Fund Balance,4265247.79
2020-21,2182,Reynolds SD 7,100,General Fund,3199,Other Unrestricted Grants-In-Aid,1471310.08
2020-21,2182,Reynolds SD 7,100,General Fund,4300,Restricted Revenue Direct From the Federal Government,38329.71
2020-21,2182,Reynolds SD 7,100,General Fund,5400,Resources - Beginning Fund Balance,18958789.26
2020-21,2182,Reynolds SD 7,300,Debt Service Funds,5400,Resources - Beginning Fund Balance,6091873.97
2020-21,2182,Reynolds SD 7,400,Capital Projects Funds,1130,Construction Excise Tax,268346.04
2020-21,2182,Reynolds SD 7,400,Capital Projects Funds,5200,Interfund Transfers,1138398
2020-21,2182,Reynolds SD 7,100,General Fund,1980,Fees Charged to Grants,661532.22
2020-21,2182,Reynolds SD 7,100,General Fund,1990,Miscellaneous,543383.69
2020-21,2182,Reynolds SD 7,100,General Fund,2101,County School Funds,56787.45
2020-21,2182,Reynolds SD 7,100,General Fund,2102,General Education Service District Funds,540000
2020-21,2182,Reynolds SD 7,100,General Fund,3101,State School Fund --General Support,100150363.52
2020-21,2182,Reynolds SD 7,100,General Fund,3103,Common School Fund,1276517.48
2020-21,2182,Reynolds SD 7,300,Debt Service Funds,1500,Earnings on Investments,166348.97
2020-21,2182,Reynolds SD 7,300,Debt Service Funds,1970,Services Provided Other Funds,8809234.04
2020-21,2182,Reynolds SD 7,400,Capital Projects Funds,1500,Earnings on Investments,2342.64
2020-21,2182,Reynolds SD 7,400,Capital Projects Funds,1910,Rentals,179255.5
2020-21,2182,Reynolds SD 7,400,Capital Projects Funds,5100,Long Term Debt Financing Sources,17415577.88
2020-21,2182,Reynolds SD 7,100,General Fund,1190,Penalties and interest on taxes,13047.42
2020-21,2182,Reynolds SD 7,250,Non-Federal Sources,4100,Unrestricted Revenue Direct From the Federal Government,296914.98
2020-21,2182,Reynolds SD 7,250,Non-Federal Sources,4500,Restricted Revenue From Federal Government Through the State,2744650.19
2020-21,2182,Reynolds SD 7,250,Non-Federal Sources,5200,Interfund Transfers,2388367.46
2020-21,2182,Reynolds SD 7,250,Non-Federal Sources,5400,Resources - Beginning Fund Balance,2917553.79
2020-21,2182,Reynolds SD 7,300,Debt Service Funds,1110,Ad valorem taxes levied by district,10718710.32
2020-21,2182,Reynolds SD 7,300,Debt Service Funds,1190,Penalties and interest on taxes,4837.87
2020-21,2182,Reynolds SD 7,250,Non-Federal Sources,1990,Miscellaneous,942698.8
2020-21,2182,Reynolds SD 7,250,Non-Federal Sources,2110,Intermediate 'I' Tax,353457.84
2020-21,2182,Reynolds SD 7,250,Non-Federal Sources,2199,Other Intermediate Sources,468912.19
2020-21,2182,Reynolds SD 7,250,Non-Federal Sources,2200,Restricted Revenue,40931.07
2020-21,2182,Reynolds SD 7,250,Non-Federal Sources,3204,Driver Education,43185
2020-21,2182,Reynolds SD 7,250,Non-Federal Sources,3299,Other Restricted Grants-In-Aid,7127408.07
2020-21,2182,Reynolds SD 7,100,General Fund,4500,Restricted Revenue From Federal Government Through the State,36120.67
2020-21,2182,Reynolds SD 7,100,General Fund,5100,Long Term Debt Financing Sources,1232760.67
2020-21,2182,Reynolds SD 7,201,Federal Sources,4500,Restricted Revenue From Federal Government Through the State,11043715.73
2020-21,2182,Reynolds SD 7,250,Non-Federal Sources,1412,Transportation fees from Other Districts within the State,12944.8
2020-21,2182,Reynolds SD 7,250,Non-Federal Sources,1600,Food Service,309321.9
2020-21,2182,Reynolds SD 7,250,Non-Federal Sources,1920,Contributions and Donations From Private Sources,20197.31
2020-21,2182,Reynolds SD 7,100,General Fund,1110,Ad valorem taxes levied by district,28782745.75
2020-21,2182,Reynolds SD 7,100,General Fund,1411,Transportation fees from Individuals,37345.67
2020-21,2182,Reynolds SD 7,100,General Fund,1500,Earnings on Investments,213586.88
2020-21,2182,Reynolds SD 7,100,General Fund,1700,Extra-Curricular Activities,788.73
2020-21,2182,Reynolds SD 7,100,General Fund,1910,Rentals,45
2020-21,2183,Gresham-Barlow SD 10J,100,General Fund,1110,Ad valorem taxes levied by district,31225573.84
2020-21,2183,Gresham-Barlow SD 10J,100,General Fund,1190,Penalties and interest on taxes,13216.16
2020-21,2183,Gresham-Barlow SD 10J,100,General Fund,1411,Transportation fees from Individuals,-412.71
2020-21,2183,Gresham-Barlow SD 10J,100,General Fund,1500,Earnings on Investments,259215.85
2020-21,2183,Gresham-Barlow SD 10J,100,General Fund,1700,Extra-Curricular Activities,42192.45
2020-21,2183,Gresham-Barlow SD 10J,100,General Fund,1800,Community Services Activities,42388
2020-21,2183,Gresham-Barlow SD 10J,400,Capital Projects Funds,1960,Recovery of Prior Years' Expenditure,2330420.45
2020-21,2183,Gresham-Barlow SD 10J,400,Capital Projects Funds,2199,Other Intermediate Sources,80000
2020-21,2183,Gresham-Barlow SD 10J,400,Capital Projects Funds,3299,Other Restricted Grants-In-Aid,694452.17
2020-21,2183,Gresham-Barlow SD 10J,400,Capital Projects Funds,5400,Resources - Beginning Fund Balance,40201247.35
2020-21,2183,Gresham-Barlow SD 10J,300,Debt Service Funds,1110,Ad valorem taxes levied by district,19998294.25
2020-21,2183,Gresham-Barlow SD 10J,300,Debt Service Funds,1190,Penalties and interest on taxes,7705.82
2020-21,2183,Gresham-Barlow SD 10J,300,Debt Service Funds,1500,Earnings on Investments,58694.05
2020-21,2183,Gresham-Barlow SD 10J,300,Debt Service Funds,5400,Resources - Beginning Fund Balance,1002554.3
2020-21,2183,Gresham-Barlow SD 10J,400,Capital Projects Funds,1130,Construction Excise Tax,121482.19
2020-21,2183,Gresham-Barlow SD 10J,400,Capital Projects Funds,1500,Earnings on Investments,118773.46
2020-21,2183,Gresham-Barlow SD 10J,200,Special Revenue Funds,3299,Other Restricted Grants-In-Aid,974114.87
2020-21,2183,Gresham-Barlow SD 10J,200,Special Revenue Funds,4500,Restricted Revenue From Federal Government Through the State,14664851.18
2020-21,2183,Gresham-Barlow SD 10J,200,Special Revenue Funds,5200,Interfund Transfers,570000
2020-21,2183,Gresham-Barlow SD 10J,200,Special Revenue Funds,5400,Resources - Beginning Fund Balance,8839566.09
2020-21,2183,Gresham-Barlow SD 10J,251,Student Investment Account,3299,Other Restricted Grants-In-Aid,1356227.79
2020-21,2183,Gresham-Barlow SD 10J,252,Measure 98 - High School Success,3299,Other Restricted Grants-In-Aid,2893406.55
2020-21,2183,Gresham-Barlow SD 10J,200,Special Revenue Funds,1970,Services Provided Other Funds,1615952.59
2020-21,2183,Gresham-Barlow SD 10J,200,Special Revenue Funds,1990,Miscellaneous,28686.69
2020-21,2183,Gresham-Barlow SD 10J,200,Special Revenue Funds,2199,Other Intermediate Sources,45239.81
2020-21,2183,Gresham-Barlow SD 10J,200,Special Revenue Funds,2200,Restricted Revenue,100000
2020-21,2183,Gresham-Barlow SD 10J,200,Special Revenue Funds,2900,Revenue for/on Behalf of the District,161083.6
2020-21,2183,Gresham-Barlow SD 10J,200,Special Revenue Funds,3102,State School Fund--School Lunch Match,40442.52
2020-21,2183,Gresham-Barlow SD 10J,200,Special Revenue Funds,1600,Food Service,15871.06
2020-21,2183,Gresham-Barlow SD 10J,200,Special Revenue Funds,1700,Extra-Curricular Activities,133938.08
2020-21,2183,Gresham-Barlow SD 10J,200,Special Revenue Funds,1800,Community Services Activities,-23308
2020-21,2183,Gresham-Barlow SD 10J,200,Special Revenue Funds,1920,Contributions and Donations From Private Sources,195665.6
2020-21,2183,Gresham-Barlow SD 10J,200,Special Revenue Funds,1940,Services Provided Other Local Education Agencies,9672.41
2020-21,2183,Gresham-Barlow SD 10J,200,Special Revenue Funds,1950,Textbook Sales and Rentals,2513.64
2020-21,2183,Gresham-Barlow SD 10J,100,General Fund,4100,Unrestricted Revenue Direct From the Federal Government,35072.98
2020-21,2183,Gresham-Barlow SD 10J,100,General Fund,4500,Restricted Revenue From Federal Government Through the State,-8788.9
2020-21,2183,Gresham-Barlow SD 10J,100,General Fund,4801,Federal Forest Fees,4055.24
2020-21,2183,Gresham-Barlow SD 10J,100,General Fund,5400,Resources - Beginning Fund Balance,21393671.02
2020-21,2183,Gresham-Barlow SD 10J,200,Special Revenue Funds,1311,Tuition from Individuals,-4387.95
2020-21,2183,Gresham-Barlow SD 10J,200,Special Revenue Funds,1500,Earnings on Investments,58745.64
2020-21,2183,Gresham-Barlow SD 10J,100,General Fund,2101,County School Funds,12629.02
2020-21,2183,Gresham-Barlow SD 10J,100,General Fund,2102,General Education Service District Funds,1820000
2020-21,2183,Gresham-Barlow SD 10J,100,General Fund,2199,Other Intermediate Sources,53892.38
2020-21,2183,Gresham-Barlow SD 10J,100,General Fund,3101,State School Fund --General Support,97415966.11
2020-21,2183,Gresham-Barlow SD 10J,100,General Fund,3103,Common School Fund,1365385.54
2020-21,2183,Gresham-Barlow SD 10J,100,General Fund,3199,Other Unrestricted Grants-In-Aid,1424932.75
2020-21,2183,Gresham-Barlow SD 10J,100,General Fund,1910,Rentals,180993.01
2020-21,2183,Gresham-Barlow SD 10J,100,General Fund,1920,Contributions and Donations From Private Sources,22426.95
2020-21,2183,Gresham-Barlow SD 10J,100,General Fund,1940,Services Provided Other Local Education Agencies,180000
2020-21,2183,Gresham-Barlow SD 10J,100,General Fund,1960,Recovery of Prior Years' Expenditure,66544.51
2020-21,2183,Gresham-Barlow SD 10J,100,General Fund,1980,Fees Charged to Grants,313120.34
2020-21,2183,Gresham-Barlow SD 10J,100,General Fund,1990,Miscellaneous,141259.1
2020-21,2185,Centennial SD 28J,100,General Fund,1190,Penalties and interest on taxes,3508.59
2020-21,2185,Centennial SD 28J,100,General Fund,1980,Fees Charged to Grants,385538.26
2020-21,2185,Centennial SD 28J,100,General Fund,2101,County School Funds,1479.15
2020-21,2185,Centennial SD 28J,100,General Fund,2103,Excess ESD Local Revenue,1084.26
2020-21,2185,Centennial SD 28J,100,General Fund,3101,State School Fund --General Support,54246322.25
2020-21,2185,Centennial SD 28J,100,General Fund,3103,Common School Fund,352575.07
2020-21,2185,Centennial SD 28J,400,Capital Projects Funds,5400,Resources - Beginning Fund Balance,1034042.02
2020-21,2185,Centennial SD 28J,600,Internal Service Funds,5400,Resources - Beginning Fund Balance,490142.36
2020-21,2185,Centennial SD 28J,100,General Fund,4202,Medicaid Reimbursement for Eligible K-12 Expenses (Ages Five to Twenty-One),42362.13
2020-21,2185,Centennial SD 28J,300,Debt Service Funds,1110,Ad valorem taxes levied by district,3499941.15
2020-21,2185,Centennial SD 28J,400,Capital Projects Funds,1500,Earnings on Investments,157404.81
2020-21,2185,Centennial SD 28J,100,General Fund,5400,Resources - Beginning Fund Balance,1420477.98
2020-21,2185,Centennial SD 28J,200,Special Revenue Funds,5400,Resources - Beginning Fund Balance,4733780.73
2020-21,2185,Centennial SD 28J,300,Debt Service Funds,5400,Resources - Beginning Fund Balance,3786788.88
2020-21,2185,Centennial SD 28J,100,General Fund,1700,Extra-Curricular Activities,550.5
2020-21,2185,Centennial SD 28J,100,General Fund,1910,Rentals,61544.22
2020-21,2185,Centennial SD 28J,100,General Fund,2199,Other Intermediate Sources,21257.17
2020-21,2185,Centennial SD 28J,100,General Fund,1990,Miscellaneous,800390.27
2020-21,2185,Centennial SD 28J,100,General Fund,4500,Restricted Revenue From Federal Government Through the State,1880543.02
2020-21,2185,Centennial SD 28J,200,Special Revenue Funds,1990,Miscellaneous,452884.97
2020-21,2185,Centennial SD 28J,200,Special Revenue Funds,3299,Other Restricted Grants-In-Aid,1838393.45
2020-21,2185,Centennial SD 28J,200,Special Revenue Funds,4500,Restricted Revenue From Federal Government Through the State,6947937.56
2020-21,2185,Centennial SD 28J,700,Trust and Agency Funds,1970,Services Provided Other Funds,226349.85
2020-21,2185,Centennial SD 28J,100,General Fund,1110,Ad valorem taxes levied by district,14113301.72
2020-21,2185,Centennial SD 28J,700,Trust and Agency Funds,5400,Resources - Beginning Fund Balance,635681.5
2020-21,2185,Centennial SD 28J,200,Special Revenue Funds,1600,Food Service,25188.88
2020-21,2185,Centennial SD 28J,200,Special Revenue Funds,1920,Contributions and Donations From Private Sources,23604.41
2020-21,2185,Centennial SD 28J,200,Special Revenue Funds,1700,Extra-Curricular Activities,227.2
2020-21,2185,Centennial SD 28J,100,General Fund,5100,Long Term Debt Financing Sources,479851
2020-21,2185,Centennial SD 28J,200,Special Revenue Funds,1200,Revenue From Local Governmental Units Other Than Districts,9971.1
2020-21,2185,Centennial SD 28J,200,Special Revenue Funds,1500,Earnings on Investments,1566.43
2020-21,2185,Centennial SD 28J,200,Special Revenue Funds,3102,State School Fund--School Lunch Match,27474.34
2020-21,2185,Centennial SD 28J,200,Special Revenue Funds,3222,State School Fund (SSF) Transportation Equipment,157800.3
2020-21,2185,Centennial SD 28J,100,General Fund,3299,Other Restricted Grants-In-Aid,1688780.12
2020-21,2185,Centennial SD 28J,100,General Fund,3222,State School Fund (SSF) Transportation Equipment,152463.87
2020-21,2185,Centennial SD 28J,600,Internal Service Funds,1990,Miscellaneous,41056.91
2020-21,2185,Centennial SD 28J,600,Internal Service Funds,5300,Sale of or Compensation for Loss of Fixed Assets,455710.81
2020-21,2185,Centennial SD 28J,100,General Fund,1500,Earnings on Investments,110748.3
2020-21,2185,Centennial SD 28J,100,General Fund,3199,Other Unrestricted Grants-In-Aid,1293738.83
2020-21,2185,Centennial SD 28J,100,General Fund,5200,Interfund Transfers,4022765.2
2020-21,2185,Centennial SD 28J,600,Internal Service Funds,1970,Services Provided Other Funds,825837.64
2020-21,2185,Centennial SD 28J,100,General Fund,4801,Federal Forest Fees,2242.69
2020-21,2185,Centennial SD 28J,100,General Fund,5300,Sale of or Compensation for Loss of Fixed Assets,1499969.51
2020-21,2185,Centennial SD 28J,300,Debt Service Funds,1500,Earnings on Investments,30594.25
2020-21,2185,Centennial SD 28J,400,Capital Projects Funds,5100,Long Term Debt Financing Sources,66285331.22
2020-21,2185,Centennial SD 28J,400,Capital Projects Funds,1130,Construction Excise Tax,167061.19
2020-21,2185,Centennial SD 28J,600,Internal Service Funds,1500,Earnings on Investments,1000.44
2020-21,2186,Corbett SD 39,200,Special Revenue Funds,1920,Contributions and Donations From Private Sources,1000
2020-21,2186,Corbett SD 39,200,Special Revenue Funds,1990,Miscellaneous,30318.9
2020-21,2186,Corbett SD 39,200,Special Revenue Funds,3102,State School Fund--School Lunch Match,2196.95
2020-21,2186,Corbett SD 39,200,Special Revenue Funds,3299,Other Restricted Grants-In-Aid,293708.87
2020-21,2186,Corbett SD 39,200,Special Revenue Funds,5200,Interfund Transfers,122782.81
2020-21,2186,Corbett SD 39,200,Special Revenue Funds,5400,Resources - Beginning Fund Balance,128820.1
2020-21,2186,Corbett SD 39,200,Special Revenue Funds,4500,Restricted Revenue From Federal Government Through the State,207814
2020-21,2186,Corbett SD 39,100,General Fund,5400,Resources - Beginning Fund Balance,4689570.06
2020-21,2186,Corbett SD 39,200,Special Revenue Funds,1600,Food Service,4648.15
2020-21,2186,Corbett SD 39,200,Special Revenue Funds,1700,Extra-Curricular Activities,42998.68
2020-21,2186,Corbett SD 39,100,General Fund,1990,Miscellaneous,45092
2020-21,2186,Corbett SD 39,100,General Fund,3299,Other Restricted Grants-In-Aid,798434
2020-21,2186,Corbett SD 39,100,General Fund,4500,Restricted Revenue From Federal Government Through the State,45756.99
2020-21,2186,Corbett SD 39,100,General Fund,3101,State School Fund --General Support,9935396.17
2020-21,2186,Corbett SD 39,100,General Fund,3102,State School Fund--School Lunch Match,-2196.95
2020-21,2186,Corbett SD 39,100,General Fund,3103,Common School Fund,138487.29
2020-21,2186,Corbett SD 39,100,General Fund,4100,Unrestricted Revenue Direct From the Federal Government,44021.1
2020-21,2186,Corbett SD 39,100,General Fund,5100,Long Term Debt Financing Sources,128290
2020-21,2186,Corbett SD 39,100,General Fund,5200,Interfund Transfers,62199.7
2020-21,2186,Corbett SD 39,100,General Fund,1700,Extra-Curricular Activities,185
2020-21,2186,Corbett SD 39,100,General Fund,1910,Rentals,625
2020-21,2186,Corbett SD 39,100,General Fund,1920,Contributions and Donations From Private Sources,9412.34
2020-21,2186,Corbett SD 39,100,General Fund,1940,Services Provided Other Local Education Agencies,23100
2020-21,2186,Corbett SD 39,100,General Fund,2102,General Education Service District Funds,200000
2020-21,2186,Corbett SD 39,100,General Fund,2199,Other Intermediate Sources,2438.65
2020-21,2186,Corbett SD 39,400,Capital Projects Funds,5100,Long Term Debt Financing Sources,4000000
2020-21,2186,Corbett SD 39,400,Capital Projects Funds,5400,Resources - Beginning Fund Balance,37199.77
2020-21,2186,Corbett SD 39,100,General Fund,1110,Ad valorem taxes levied by district,1929239.65
2020-21,2186,Corbett SD 39,100,General Fund,1190,Penalties and interest on taxes,872.6
2020-21,2186,Corbett SD 39,100,General Fund,1311,Tuition from Individuals,-132
2020-21,2186,Corbett SD 39,100,General Fund,1500,Earnings on Investments,41295.54
2020-21,2187,David Douglas SD 40,100,General Fund,1110,Ad valorem taxes levied by district,16154763.52
2020-21,2187,David Douglas SD 40,100,General Fund,1190,Penalties and interest on taxes,7299.1
2020-21,2187,David Douglas SD 40,100,General Fund,1330,Summer School Tuition,8550
2020-21,2187,David Douglas SD 40,100,General Fund,1500,Earnings on Investments,246414.01
2020-21,2187,David Douglas SD 40,100,General Fund,1700,Extra-Curricular Activities,17612
2020-21,2187,David Douglas SD 40,100,General Fund,1910,Rentals,39784
2020-21,2187,David Douglas SD 40,400,Capital Projects Funds,5400,Resources - Beginning Fund Balance,1114522.16
2020-21,2187,David Douglas SD 40,600,Internal Service Funds,1500,Earnings on Investments,1346.09
2020-21,2187,David Douglas SD 40,600,Internal Service Funds,1960,Recovery of Prior Years' Expenditure,75000
2020-21,2187,David Douglas SD 40,600,Internal Service Funds,1970,Services Provided Other Funds,151360.73
2020-21,2187,David Douglas SD 40,600,Internal Service Funds,1990,Miscellaneous,5064.22
2020-21,2187,David Douglas SD 40,600,Internal Service Funds,5400,Resources - Beginning Fund Balance,101626.05
2020-21,2187,David Douglas SD 40,300,Debt Service Funds,1500,Earnings on Investments,30961.14
2020-21,2187,David Douglas SD 40,300,Debt Service Funds,1970,Services Provided Other Funds,3498054.57
2020-21,2187,David Douglas SD 40,300,Debt Service Funds,5400,Resources - Beginning Fund Balance,694609.75
2020-21,2187,David Douglas SD 40,400,Capital Projects Funds,1130,Construction Excise Tax,191558.39
2020-21,2187,David Douglas SD 40,400,Capital Projects Funds,1500,Earnings on Investments,10203.65
2020-21,2187,David Douglas SD 40,400,Capital Projects Funds,1910,Rentals,5500
2020-21,2187,David Douglas SD 40,299,Child Nutrition,3299,Other Restricted Grants-In-Aid,13395.25
2020-21,2187,David Douglas SD 40,299,Child Nutrition,4500,Restricted Revenue From Federal Government Through the State,3166167.89
2020-21,2187,David Douglas SD 40,299,Child Nutrition,4900,Revenue for/on Behalf of the District,437216.24
2020-21,2187,David Douglas SD 40,299,Child Nutrition,5400,Resources - Beginning Fund Balance,-610290.89
2020-21,2187,David Douglas SD 40,300,Debt Service Funds,1110,Ad valorem taxes levied by district,4759773.95
2020-21,2187,David Douglas SD 40,300,Debt Service Funds,1190,Penalties and interest on taxes,2152.07
2020-21,2187,David Douglas SD 40,251,Student Investment Account,3299,Other Restricted Grants-In-Aid,2804412.33
2020-21,2187,David Douglas SD 40,252,Measure 98 - High School Success,3299,Other Restricted Grants-In-Aid,2667910.72
2020-21,2187,David Douglas SD 40,299,Child Nutrition,1500,Earnings on Investments,219.91
2020-21,2187,David Douglas SD 40,299,Child Nutrition,1600,Food Service,71209
2020-21,2187,David Douglas SD 40,299,Child Nutrition,1990,Miscellaneous,2037.33
2020-21,2187,David Douglas SD 40,299,Child Nutrition,3102,State School Fund--School Lunch Match,49563.86
2020-21,2187,David Douglas SD 40,250,Non-Federal Sources,1960,Recovery of Prior Years' Expenditure,9478.54
2020-21,2187,David Douglas SD 40,250,Non-Federal Sources,1990,Miscellaneous,257133.62
2020-21,2187,David Douglas SD 40,250,Non-Federal Sources,2200,Restricted Revenue,2923512.12
2020-21,2187,David Douglas SD 40,250,Non-Federal Sources,3222,State School Fund (SSF) Transportation Equipment,168040.6
2020-21,2187,David Douglas SD 40,250,Non-Federal Sources,3299,Other Restricted Grants-In-Aid,26758252.48
2020-21,2187,David Douglas SD 40,250,Non-Federal Sources,5400,Resources - Beginning Fund Balance,1985340.16
2020-21,2187,David Douglas SD 40,201,Federal Sources,4700,Grants-In-Aid From Federal Government Through Other Intermed,118080.1
2020-21,2187,David Douglas SD 40,201,Federal Sources,5400,Resources - Beginning Fund Balance,2780502.66
2020-21,2187,David Douglas SD 40,250,Non-Federal Sources,1330,Summer School Tuition,140
2020-21,2187,David Douglas SD 40,250,Non-Federal Sources,1500,Earnings on Investments,5107.45
2020-21,2187,David Douglas SD 40,250,Non-Federal Sources,1700,Extra-Curricular Activities,8663.29
2020-21,2187,David Douglas SD 40,250,Non-Federal Sources,1920,Contributions and Donations From Private Sources,43568.67
2020-21,2187,David Douglas SD 40,100,General Fund,4700,Grants-In-Aid From Federal Government Through Other Intermed,3498.2
2020-21,2187,David Douglas SD 40,100,General Fund,5300,Sale of or Compensation for Loss of Fixed Assets,5462.5
2020-21,2187,David Douglas SD 40,100,General Fund,5400,Resources - Beginning Fund Balance,15338222.46
2020-21,2187,David Douglas SD 40,201,Federal Sources,4200,Unrestricted Revenue From Federal Government Through State,176599.91
2020-21,2187,David Douglas SD 40,201,Federal Sources,4300,Restricted Revenue Direct From the Federal Government,1338156.41
2020-21,2187,David Douglas SD 40,201,Federal Sources,4500,Restricted Revenue From Federal Government Through the State,15071039.17
2020-21,2187,David Douglas SD 40,100,General Fund,2200,Restricted Revenue,1324191.27
2020-21,2187,David Douglas SD 40,100,General Fund,3101,State School Fund --General Support,93162519.22
2020-21,2187,David Douglas SD 40,100,General Fund,3103,Common School Fund,1134114.2
2020-21,2187,David Douglas SD 40,100,General Fund,3199,Other Unrestricted Grants-In-Aid,993486.35
2020-21,2187,David Douglas SD 40,100,General Fund,3204,Driver Education,998
2020-21,2187,David Douglas SD 40,100,General Fund,4200,Unrestricted Revenue From Federal Government Through State,63148.82
2020-21,2187,David Douglas SD 40,100,General Fund,1920,Contributions and Donations From Private Sources,160.95
2020-21,2187,David Douglas SD 40,100,General Fund,1960,Recovery of Prior Years' Expenditure,155047.68
2020-21,2187,David Douglas SD 40,100,General Fund,1980,Fees Charged to Grants,1405706.34
2020-21,2187,David Douglas SD 40,100,General Fund,1990,Miscellaneous,346080.11
2020-21,2187,David Douglas SD 40,100,General Fund,2101,County School Funds,2307.22
2020-21,2187,David Douglas SD 40,100,General Fund,2199,Other Intermediate Sources,26428.17
2020-21,2188,Riverdale SD 51J,100,General Fund,1110,Ad valorem taxes levied by district,2844872.71
2020-21,2188,Riverdale SD 51J,100,General Fund,1120,Local option ad valorem taxes levied by district,878271.45
2020-21,2188,Riverdale SD 51J,100,General Fund,1190,Penalties and interest on taxes,1692.11
2020-21,2188,Riverdale SD 51J,100,General Fund,1311,Tuition from Individuals,744111.26
2020-21,2188,Riverdale SD 51J,100,General Fund,1500,Earnings on Investments,27757.18
2020-21,2188,Riverdale SD 51J,100,General Fund,1700,Extra-Curricular Activities,66008.65
2020-21,2188,Riverdale SD 51J,300,Debt Service Funds,5400,Resources - Beginning Fund Balance,548036.73
2020-21,2188,Riverdale SD 51J,400,Capital Projects Funds,1130,Construction Excise Tax,2044.8
2020-21,2188,Riverdale SD 51J,400,Capital Projects Funds,1500,Earnings on Investments,34.03
2020-21,2188,Riverdale SD 51J,400,Capital Projects Funds,5400,Resources - Beginning Fund Balance,160174.69
2020-21,2188,Riverdale SD 51J,299,Child Nutrition,5400,Resources - Beginning Fund Balance,17034.28
2020-21,2188,Riverdale SD 51J,300,Debt Service Funds,1110,Ad valorem taxes levied by district,1764790.81
2020-21,2188,Riverdale SD 51J,300,Debt Service Funds,1190,Penalties and interest on taxes,978.47
2020-21,2188,Riverdale SD 51J,300,Debt Service Funds,1500,Earnings on Investments,7830.86
2020-21,2188,Riverdale SD 51J,300,Debt Service Funds,1970,Services Provided Other Funds,513807.92
2020-21,2188,Riverdale SD 51J,300,Debt Service Funds,2199,Other Intermediate Sources,1169.59
2020-21,2188,Riverdale SD 51J,250,Non-Federal Sources,3299,Other Restricted Grants-In-Aid,23322.02
2020-21,2188,Riverdale SD 51J,250,Non-Federal Sources,5400,Resources - Beginning Fund Balance,536367.29
2020-21,2188,Riverdale SD 51J,251,Student Investment Account,3199,Other Unrestricted Grants-In-Aid,154549.71
2020-21,2188,Riverdale SD 51J,252,Measure 98 - High School Success,1960,Recovery of Prior Years' Expenditure,-828.16
2020-21,2188,Riverdale SD 51J,252,Measure 98 - High School Success,3299,Other Restricted Grants-In-Aid,211766.91
2020-21,2188,Riverdale SD 51J,252,Measure 98 - High School Success,5400,Resources - Beginning Fund Balance,828.16
2020-21,2188,Riverdale SD 51J,100,General Fund,4500,Restricted Revenue From Federal Government Through the State,29732
2020-21,2188,Riverdale SD 51J,100,General Fund,5400,Resources - Beginning Fund Balance,1482071.4
2020-21,2188,Riverdale SD 51J,201,Federal Sources,4500,Restricted Revenue From Federal Government Through the State,247379.39
2020-21,2188,Riverdale SD 51J,250,Non-Federal Sources,1700,Extra-Curricular Activities,15197.32
2020-21,2188,Riverdale SD 51J,250,Non-Federal Sources,1920,Contributions and Donations From Private Sources,110065.24
2020-21,2188,Riverdale SD 51J,250,Non-Federal Sources,1960,Recovery of Prior Years' Expenditure,11410.33
2020-21,2188,Riverdale SD 51J,100,General Fund,2102,General Education Service District Funds,63007
2020-21,2188,Riverdale SD 51J,100,General Fund,2110,Intermediate 'I' Tax,43483.2
2020-21,2188,Riverdale SD 51J,100,General Fund,2199,Other Intermediate Sources,9237.76
2020-21,2188,Riverdale SD 51J,100,General Fund,3101,State School Fund --General Support,3465304.54
2020-21,2188,Riverdale SD 51J,100,General Fund,3103,Common School Fund,68297.1
2020-21,2188,Riverdale SD 51J,100,General Fund,3299,Other Restricted Grants-In-Aid,38219.67
2020-21,2188,Riverdale SD 51J,100,General Fund,1920,Contributions and Donations From Private Sources,1423292
2020-21,2188,Riverdale SD 51J,100,General Fund,1960,Recovery of Prior Years' Expenditure,35528.65
2020-21,2188,Riverdale SD 51J,100,General Fund,1970,Services Provided Other Funds,13688.93
2020-21,2188,Riverdale SD 51J,100,General Fund,1980,Fees Charged to Grants,5101.28
2020-21,2188,Riverdale SD 51J,100,General Fund,1990,Miscellaneous,13008.45
2020-21,2188,Riverdale SD 51J,100,General Fund,2101,County School Funds,348.93
2020-21,2190,Dallas SD 2,100,General Fund,1110,Ad valorem taxes levied by district,8014059.01
2020-21,2190,Dallas SD 2,100,General Fund,1190,Penalties and interest on taxes,1217.15
2020-21,2190,Dallas SD 2,100,General Fund,1500,Earnings on Investments,63727.35
2020-21,2190,Dallas SD 2,100,General Fund,1700,Extra-Curricular Activities,23605.95
2020-21,2190,Dallas SD 2,100,General Fund,1910,Rentals,1100
2020-21,2190,Dallas SD 2,100,General Fund,1920,Contributions and Donations From Private Sources,50
2020-21,2190,Dallas SD 2,400,Capital Projects Funds,5400,Resources - Beginning Fund Balance,3440789.48
2020-21,2190,Dallas SD 2,300,Debt Service Funds,1500,Earnings on Investments,13403.45
2020-21,2190,Dallas SD 2,300,Debt Service Funds,1990,Miscellaneous,-7033
2020-21,2190,Dallas SD 2,300,Debt Service Funds,5200,Interfund Transfers,117439.6
2020-21,2190,Dallas SD 2,300,Debt Service Funds,5400,Resources - Beginning Fund Balance,445228.19
2020-21,2190,Dallas SD 2,400,Capital Projects Funds,1500,Earnings on Investments,19314.45
2020-21,2190,Dallas SD 2,400,Capital Projects Funds,3299,Other Restricted Grants-In-Aid,107994.22
2020-21,2190,Dallas SD 2,200,Special Revenue Funds,4200,Unrestricted Revenue From Federal Government Through State,24442.66
2020-21,2190,Dallas SD 2,200,Special Revenue Funds,4500,Restricted Revenue From Federal Government Through the State,2176994.35
2020-21,2190,Dallas SD 2,200,Special Revenue Funds,4900,Revenue for/on Behalf of the District,75682.75
2020-21,2190,Dallas SD 2,200,Special Revenue Funds,5200,Interfund Transfers,150000
2020-21,2190,Dallas SD 2,200,Special Revenue Funds,5400,Resources - Beginning Fund Balance,329293.37
2020-21,2190,Dallas SD 2,300,Debt Service Funds,1110,Ad valorem taxes levied by district,3108503.71
2020-21,2190,Dallas SD 2,200,Special Revenue Funds,1990,Miscellaneous,69313.98
2020-21,2190,Dallas SD 2,200,Special Revenue Funds,2102,General Education Service District Funds,367674.39
2020-21,2190,Dallas SD 2,200,Special Revenue Funds,2200,Restricted Revenue,499.95
2020-21,2190,Dallas SD 2,200,Special Revenue Funds,3102,State School Fund--School Lunch Match,9331.49
2020-21,2190,Dallas SD 2,200,Special Revenue Funds,3199,Other Unrestricted Grants-In-Aid,5134
2020-21,2190,Dallas SD 2,200,Special Revenue Funds,3299,Other Restricted Grants-In-Aid,2495650.58
2020-21,2190,Dallas SD 2,100,General Fund,5200,Interfund Transfers,65400.11
2020-21,2190,Dallas SD 2,100,General Fund,5300,Sale of or Compensation for Loss of Fixed Assets,7500
2020-21,2190,Dallas SD 2,100,General Fund,5400,Resources - Beginning Fund Balance,2273396.75
2020-21,2190,Dallas SD 2,200,Special Revenue Funds,1500,Earnings on Investments,68.75
2020-21,2190,Dallas SD 2,200,Special Revenue Funds,1700,Extra-Curricular Activities,168743.11
2020-21,2190,Dallas SD 2,200,Special Revenue Funds,1920,Contributions and Donations From Private Sources,1495.18
2020-21,2190,Dallas SD 2,100,General Fund,3101,State School Fund --General Support,25326415.07
2020-21,2190,Dallas SD 2,100,General Fund,3103,Common School Fund,334016.96
2020-21,2190,Dallas SD 2,100,General Fund,3199,Other Unrestricted Grants-In-Aid,520243.44
2020-21,2190,Dallas SD 2,100,General Fund,4500,Restricted Revenue From Federal Government Through the State,1164380.17
2020-21,2190,Dallas SD 2,100,General Fund,4801,Federal Forest Fees,205.8
2020-21,2190,Dallas SD 2,100,General Fund,4899,Other Federal Revenue in Lieu of Taxes,3212.81
2020-21,2190,Dallas SD 2,100,General Fund,1940,Services Provided Other Local Education Agencies,228245.9
2020-21,2190,Dallas SD 2,100,General Fund,1980,Fees Charged to Grants,254903.9
2020-21,2190,Dallas SD 2,100,General Fund,1990,Miscellaneous,228674.78
2020-21,2190,Dallas SD 2,100,General Fund,2101,County School Funds,39614.05
2020-21,2190,Dallas SD 2,100,General Fund,2102,General Education Service District Funds,284039.98
2020-21,2190,Dallas SD 2,100,General Fund,2199,Other Intermediate Sources,2095.05
2020-21,2191,Central SD 13J,201,Federal Sources,5400,Resources - Beginning Fund Balance,-199520.2
2020-21,2191,Central SD 13J,250,Non-Federal Sources,5200,Interfund Transfers,16896
2020-21,2191,Central SD 13J,250,Non-Federal Sources,5400,Resources - Beginning Fund Balance,855066.54
2020-21,2191,Central SD 13J,201,Federal Sources,4500,Restricted Revenue From Federal Government Through the State,2482644.92
2020-21,2191,Central SD 13J,300,Debt Service Funds,1500,Earnings on Investments,1018.22
2020-21,2191,Central SD 13J,100,General Fund,1500,Earnings on Investments,95087.25
2020-21,2191,Central SD 13J,250,Non-Federal Sources,1500,Earnings on Investments,1342.63
2020-21,2191,Central SD 13J,250,Non-Federal Sources,1700,Extra-Curricular Activities,54224.92
2020-21,2191,Central SD 13J,299,Child Nutrition,1600,Food Service,7602.69
2020-21,2191,Central SD 13J,300,Debt Service Funds,4300,Restricted Revenue Direct From the Federal Government,151527.2
2020-21,2191,Central SD 13J,300,Debt Service Funds,5200,Interfund Transfers,503939.4
2020-21,2191,Central SD 13J,300,Debt Service Funds,5400,Resources - Beginning Fund Balance,1827219.12
2020-21,2191,Central SD 13J,400,Capital Projects Funds,1130,Construction Excise Tax,256489.09
2020-21,2191,Central SD 13J,400,Capital Projects Funds,5400,Resources - Beginning Fund Balance,1446902.7
2020-21,2191,Central SD 13J,400,Capital Projects Funds,3299,Other Restricted Grants-In-Aid,20000
2020-21,2191,Central SD 13J,299,Child Nutrition,4500,Restricted Revenue From Federal Government Through the State,1494704.49
2020-21,2191,Central SD 13J,299,Child Nutrition,4900,Revenue for/on Behalf of the District,96431.65
2020-21,2191,Central SD 13J,299,Child Nutrition,5400,Resources - Beginning Fund Balance,84761.91
2020-21,2191,Central SD 13J,300,Debt Service Funds,1110,Ad valorem taxes levied by district,4190770.83
2020-21,2191,Central SD 13J,300,Debt Service Funds,1190,Penalties and interest on taxes,419.79
2020-21,2191,Central SD 13J,300,Debt Service Funds,2199,Other Intermediate Sources,92.87
2020-21,2191,Central SD 13J,251,Student Investment Account,3299,Other Restricted Grants-In-Aid,618214.66
2020-21,2191,Central SD 13J,252,Measure 98 - High School Success,3299,Other Restricted Grants-In-Aid,611329.61
2020-21,2191,Central SD 13J,252,Measure 98 - High School Success,5400,Resources - Beginning Fund Balance,-49309.93
2020-21,2191,Central SD 13J,299,Child Nutrition,1920,Contributions and Donations From Private Sources,4220
2020-21,2191,Central SD 13J,299,Child Nutrition,3102,State School Fund--School Lunch Match,12102.96
2020-21,2191,Central SD 13J,299,Child Nutrition,3199,Other Unrestricted Grants-In-Aid,11060.1
2020-21,2191,Central SD 13J,100,General Fund,5300,Sale of or Compensation for Loss of Fixed Assets,25422.13
2020-21,2191,Central SD 13J,100,General Fund,5400,Resources - Beginning Fund Balance,5730711.76
2020-21,2191,Central SD 13J,250,Non-Federal Sources,1800,Community Services Activities,7402
2020-21,2191,Central SD 13J,250,Non-Federal Sources,1920,Contributions and Donations From Private Sources,21287.27
2020-21,2191,Central SD 13J,250,Non-Federal Sources,1990,Miscellaneous,14298.99
2020-21,2191,Central SD 13J,250,Non-Federal Sources,3299,Other Restricted Grants-In-Aid,56897.39
2020-21,2191,Central SD 13J,100,General Fund,3103,Common School Fund,341027.18
2020-21,2191,Central SD 13J,100,General Fund,3199,Other Unrestricted Grants-In-Aid,1030868.89
2020-21,2191,Central SD 13J,100,General Fund,3299,Other Restricted Grants-In-Aid,41404.7
2020-21,2191,Central SD 13J,100,General Fund,4201,Foster Transportation,160.38
2020-21,2191,Central SD 13J,100,General Fund,4801,Federal Forest Fees,212.32
2020-21,2191,Central SD 13J,100,General Fund,5200,Interfund Transfers,525000
2020-21,2191,Central SD 13J,100,General Fund,1960,Recovery of Prior Years' Expenditure,36570.52
2020-21,2191,Central SD 13J,100,General Fund,1980,Fees Charged to Grants,185978.92
2020-21,2191,Central SD 13J,100,General Fund,1990,Miscellaneous,154769.83
2020-21,2191,Central SD 13J,100,General Fund,2102,General Education Service District Funds,450000
2020-21,2191,Central SD 13J,100,General Fund,2199,Other Intermediate Sources,2206.36
2020-21,2191,Central SD 13J,100,General Fund,3101,State School Fund --General Support,28400523.04
2020-21,2191,Central SD 13J,100,General Fund,1110,Ad valorem taxes levied by district,7097317.32
2020-21,2191,Central SD 13J,100,General Fund,1190,Penalties and interest on taxes,716.93
2020-21,2191,Central SD 13J,100,General Fund,1411,Transportation fees from Individuals,1255
2020-21,2191,Central SD 13J,100,General Fund,1412,Transportation fees from Other Districts within the State,435.91
2020-21,2191,Central SD 13J,100,General Fund,1910,Rentals,35545.43
2020-21,2191,Central SD 13J,100,General Fund,1920,Contributions and Donations From Private Sources,8251.72
2020-21,2192,Perrydale SD 21,100,General Fund,1110,Ad valorem taxes levied by district,540546.78
2020-21,2192,Perrydale SD 21,100,General Fund,1500,Earnings on Investments,17098.34
2020-21,2192,Perrydale SD 21,100,General Fund,1990,Miscellaneous,8296.01
2020-21,2192,Perrydale SD 21,100,General Fund,2199,Other Intermediate Sources,3890.79
2020-21,2192,Perrydale SD 21,100,General Fund,3101,State School Fund --General Support,3548100.76
2020-21,2192,Perrydale SD 21,100,General Fund,3102,State School Fund--School Lunch Match,-858.07
2020-21,2192,Perrydale SD 21,400,Capital Projects Funds,3299,Other Restricted Grants-In-Aid,33837
2020-21,2192,Perrydale SD 21,400,Capital Projects Funds,5100,Long Term Debt Financing Sources,3480730.4
2020-21,2192,Perrydale SD 21,299,Child Nutrition,5200,Interfund Transfers,32200
2020-21,2192,Perrydale SD 21,299,Child Nutrition,5400,Resources - Beginning Fund Balance,780.16
2020-21,2192,Perrydale SD 21,300,Debt Service Funds,1110,Ad valorem taxes levied by district,2093.7
2020-21,2192,Perrydale SD 21,300,Debt Service Funds,1500,Earnings on Investments,2.96
2020-21,2192,Perrydale SD 21,300,Debt Service Funds,5400,Resources - Beginning Fund Balance,74672.72
2020-21,2192,Perrydale SD 21,400,Capital Projects Funds,1500,Earnings on Investments,6993.23
2020-21,2192,Perrydale SD 21,252,Measure 98 - High School Success,5200,Interfund Transfers,14416.37
2020-21,2192,Perrydale SD 21,299,Child Nutrition,1600,Food Service,1846.2
2020-21,2192,Perrydale SD 21,299,Child Nutrition,1990,Miscellaneous,1500
2020-21,2192,Perrydale SD 21,299,Child Nutrition,3102,State School Fund--School Lunch Match,858.07
2020-21,2192,Perrydale SD 21,299,Child Nutrition,4502,Medicaid Reimbursement for Eligible Early Childhood Special Education (ECSE) Services (Ages 3 to 5),104743.75
2020-21,2192,Perrydale SD 21,299,Child Nutrition,4900,Revenue for/on Behalf of the District,5907.71
2020-21,2192,Perrydale SD 21,200,Special Revenue Funds,4502,Medicaid Reimbursement for Eligible Early Childhood Special Education (ECSE) Services (Ages 3 to 5),107108.32
2020-21,2192,Perrydale SD 21,200,Special Revenue Funds,5200,Interfund Transfers,312900
2020-21,2192,Perrydale SD 21,200,Special Revenue Funds,5400,Resources - Beginning Fund Balance,230739.55
2020-21,2192,Perrydale SD 21,201,Federal Sources,4500,Restricted Revenue From Federal Government Through the State,171654.9
2020-21,2192,Perrydale SD 21,251,Student Investment Account,3299,Other Restricted Grants-In-Aid,98722.06
2020-21,2192,Perrydale SD 21,252,Measure 98 - High School Success,3299,Other Restricted Grants-In-Aid,96699.25
2020-21,2192,Perrydale SD 21,200,Special Revenue Funds,1700,Extra-Curricular Activities,16778.8
2020-21,2192,Perrydale SD 21,200,Special Revenue Funds,1920,Contributions and Donations From Private Sources,3447.47
2020-21,2192,Perrydale SD 21,200,Special Revenue Funds,1990,Miscellaneous,7777.56
2020-21,2192,Perrydale SD 21,200,Special Revenue Funds,2200,Restricted Revenue,8134.1
2020-21,2192,Perrydale SD 21,200,Special Revenue Funds,3299,Other Restricted Grants-In-Aid,125801.03
2020-21,2192,Perrydale SD 21,200,Special Revenue Funds,4501,Medicaid Reimbursement for Eligible Early Intervention (EI) Services (Birth to Age Three),28669.83
2020-21,2192,Perrydale SD 21,100,General Fund,3103,Common School Fund,32412.86
2020-21,2192,Perrydale SD 21,100,General Fund,3199,Other Unrestricted Grants-In-Aid,18320.54
2020-21,2192,Perrydale SD 21,100,General Fund,4100,Unrestricted Revenue Direct From the Federal Government,2438.16
2020-21,2192,Perrydale SD 21,100,General Fund,4801,Federal Forest Fees,20.18
2020-21,2192,Perrydale SD 21,100,General Fund,5400,Resources - Beginning Fund Balance,1604012.44
2020-21,2192,Perrydale SD 21,200,Special Revenue Funds,1500,Earnings on Investments,92.49
2020-21,2193,Falls City SD 57,100,General Fund,1110,Ad valorem taxes levied by district,410144.76
2020-21,2193,Falls City SD 57,100,General Fund,1190,Penalties and interest on taxes,53.63
2020-21,2193,Falls City SD 57,100,General Fund,1500,Earnings on Investments,16060.72
2020-21,2193,Falls City SD 57,100,General Fund,1960,Recovery of Prior Years' Expenditure,-92.2
2020-21,2193,Falls City SD 57,100,General Fund,1990,Miscellaneous,9362.29
2020-21,2193,Falls City SD 57,100,General Fund,2199,Other Intermediate Sources,96.42
2020-21,2193,Falls City SD 57,300,Debt Service Funds,5200,Interfund Transfers,32000
2020-21,2193,Falls City SD 57,300,Debt Service Funds,5400,Resources - Beginning Fund Balance,264768.47
2020-21,2193,Falls City SD 57,400,Capital Projects Funds,1990,Miscellaneous,2500
2020-21,2193,Falls City SD 57,400,Capital Projects Funds,5100,Long Term Debt Financing Sources,250000
2020-21,2193,Falls City SD 57,400,Capital Projects Funds,5200,Interfund Transfers,100000
2020-21,2193,Falls City SD 57,400,Capital Projects Funds,5400,Resources - Beginning Fund Balance,196474.54
2020-21,2193,Falls City SD 57,252,Measure 98 - High School Success,5400,Resources - Beginning Fund Balance,-1297.42
2020-21,2193,Falls City SD 57,299,Child Nutrition,3299,Other Restricted Grants-In-Aid,3039.9
2020-21,2193,Falls City SD 57,299,Child Nutrition,4500,Restricted Revenue From Federal Government Through the State,184367.85
2020-21,2193,Falls City SD 57,299,Child Nutrition,5200,Interfund Transfers,20986.24
2020-21,2193,Falls City SD 57,299,Child Nutrition,5400,Resources - Beginning Fund Balance,24247.97
2020-21,2193,Falls City SD 57,300,Debt Service Funds,1970,Services Provided Other Funds,248466.24
2020-21,2193,Falls City SD 57,250,Non-Federal Sources,3199,Other Unrestricted Grants-In-Aid,176002
2020-21,2193,Falls City SD 57,250,Non-Federal Sources,3299,Other Restricted Grants-In-Aid,49023.11
2020-21,2193,Falls City SD 57,250,Non-Federal Sources,5200,Interfund Transfers,4587.51
2020-21,2193,Falls City SD 57,250,Non-Federal Sources,5400,Resources - Beginning Fund Balance,294052.98
2020-21,2193,Falls City SD 57,251,Student Investment Account,3299,Other Restricted Grants-In-Aid,125335.89
2020-21,2193,Falls City SD 57,252,Measure 98 - High School Success,3199,Other Unrestricted Grants-In-Aid,60037.64
2020-21,2193,Falls City SD 57,201,Federal Sources,5400,Resources - Beginning Fund Balance,3147.93
2020-21,2193,Falls City SD 57,250,Non-Federal Sources,1120,Local option ad valorem taxes levied by district,111216.86
2020-21,2193,Falls City SD 57,250,Non-Federal Sources,1700,Extra-Curricular Activities,312.5
2020-21,2193,Falls City SD 57,250,Non-Federal Sources,1920,Contributions and Donations From Private Sources,24454
2020-21,2193,Falls City SD 57,250,Non-Federal Sources,1960,Recovery of Prior Years' Expenditure,171
2020-21,2193,Falls City SD 57,250,Non-Federal Sources,1990,Miscellaneous,25052.49
2020-21,2193,Falls City SD 57,100,General Fund,3101,State School Fund --General Support,2607524.55
2020-21,2193,Falls City SD 57,100,General Fund,3103,Common School Fund,19832.86
2020-21,2193,Falls City SD 57,100,General Fund,3199,Other Unrestricted Grants-In-Aid,14743.31
2020-21,2193,Falls City SD 57,100,General Fund,4801,Federal Forest Fees,12.01
2020-21,2193,Falls City SD 57,100,General Fund,5400,Resources - Beginning Fund Balance,1149619.57
2020-21,2193,Falls City SD 57,201,Federal Sources,4500,Restricted Revenue From Federal Government Through the State,454002.14
2020-21,2195,Sherman County SD,100,General Fund,1110,Ad valorem taxes levied by district,1571919.21
2020-21,2195,Sherman County SD,100,General Fund,1500,Earnings on Investments,33495.17
2020-21,2195,Sherman County SD,100,General Fund,1910,Rentals,9600
2020-21,2195,Sherman County SD,100,General Fund,1920,Contributions and Donations From Private Sources,40050
2020-21,2195,Sherman County SD,100,General Fund,1940,Services Provided Other Local Education Agencies,-1500
2020-21,2195,Sherman County SD,100,General Fund,1960,Recovery of Prior Years' Expenditure,1269.49
2020-21,2195,Sherman County SD,300,Debt Service Funds,5200,Interfund Transfers,3586652.88
2020-21,2195,Sherman County SD,700,Trust and Agency Funds,1500,Earnings on Investments,586.63
2020-21,2195,Sherman County SD,700,Trust and Agency Funds,1920,Contributions and Donations From Private Sources,187.69
2020-21,2195,Sherman County SD,700,Trust and Agency Funds,1990,Miscellaneous,120
2020-21,2195,Sherman County SD,700,Trust and Agency Funds,2200,Restricted Revenue,109952
2020-21,2195,Sherman County SD,700,Trust and Agency Funds,5400,Resources - Beginning Fund Balance,118318.72
2020-21,2195,Sherman County SD,299,Child Nutrition,1600,Food Service,4183.02
2020-21,2195,Sherman County SD,299,Child Nutrition,3102,State School Fund--School Lunch Match,1266.74
2020-21,2195,Sherman County SD,299,Child Nutrition,3299,Other Restricted Grants-In-Aid,564.11
2020-21,2195,Sherman County SD,299,Child Nutrition,4500,Restricted Revenue From Federal Government Through the State,108249.68
2020-21,2195,Sherman County SD,299,Child Nutrition,4900,Revenue for/on Behalf of the District,9474.16
2020-21,2195,Sherman County SD,299,Child Nutrition,5200,Interfund Transfers,24682.46
2020-21,2195,Sherman County SD,250,Non-Federal Sources,1500,Earnings on Investments,24453.52
2020-21,2195,Sherman County SD,250,Non-Federal Sources,2199,Other Intermediate Sources,1751374
2020-21,2195,Sherman County SD,250,Non-Federal Sources,5200,Interfund Transfers,975436.11
2020-21,2195,Sherman County SD,250,Non-Federal Sources,5400,Resources - Beginning Fund Balance,7373376.95
2020-21,2195,Sherman County SD,251,Student Investment Account,3299,Other Restricted Grants-In-Aid,93468.71
2020-21,2195,Sherman County SD,252,Measure 98 - High School Success,3299,Other Restricted Grants-In-Aid,85028.22
2020-21,2195,Sherman County SD,100,General Fund,3103,Common School Fund,18542.56
2020-21,2195,Sherman County SD,100,General Fund,3299,Other Restricted Grants-In-Aid,52412.8
2020-21,2195,Sherman County SD,100,General Fund,5400,Resources - Beginning Fund Balance,2813764.81
2020-21,2195,Sherman County SD,201,Federal Sources,4300,Restricted Revenue Direct From the Federal Government,26911.23
2020-21,2195,Sherman County SD,201,Federal Sources,4500,Restricted Revenue From Federal Government Through the State,304298.28
2020-21,2195,Sherman County SD,201,Federal Sources,4700,Grants-In-Aid From Federal Government Through Other Intermed,48365.06
2020-21,2195,Sherman County SD,100,General Fund,1990,Miscellaneous,3917.33
2020-21,2195,Sherman County SD,100,General Fund,2101,County School Funds,30820.71
2020-21,2195,Sherman County SD,100,General Fund,2103,Excess ESD Local Revenue,216409.35
2020-21,2195,Sherman County SD,100,General Fund,2200,Restricted Revenue,84871.27
2020-21,2195,Sherman County SD,100,General Fund,2800,Revenue in Lieu of Taxes,4055.58
2020-21,2195,Sherman County SD,100,General Fund,3101,State School Fund --General Support,2171273.51
2020-21,2197,Tillamook SD 9,100,General Fund,1110,Ad valorem taxes levied by district,9074400.77
2020-21,2197,Tillamook SD 9,100,General Fund,1190,Penalties and interest on taxes,5924.71
2020-21,2197,Tillamook SD 9,100,General Fund,1311,Tuition from Individuals,12000
2020-21,2197,Tillamook SD 9,100,General Fund,1312,Tuition from Other Districts within the State,35000
2020-21,2197,Tillamook SD 9,100,General Fund,1500,Earnings on Investments,142069.96
2020-21,2197,Tillamook SD 9,100,General Fund,1700,Extra-Curricular Activities,4370.73
2020-21,2197,Tillamook SD 9,600,Internal Service Funds,5200,Interfund Transfers,400000
2020-21,2197,Tillamook SD 9,600,Internal Service Funds,5400,Resources - Beginning Fund Balance,1035880.79
2020-21,2197,Tillamook SD 9,700,Trust and Agency Funds,1500,Earnings on Investments,1414.52
2020-21,2197,Tillamook SD 9,700,Trust and Agency Funds,5400,Resources - Beginning Fund Balance,120413.76
2020-21,2197,Tillamook SD 9,400,Capital Projects Funds,3222,State School Fund (SSF) Transportation Equipment,600000
2020-21,2197,Tillamook SD 9,400,Capital Projects Funds,3299,Other Restricted Grants-In-Aid,1753404
2020-21,2197,Tillamook SD 9,400,Capital Projects Funds,4500,Restricted Revenue From Federal Government Through the State,96116.25
2020-21,2197,Tillamook SD 9,400,Capital Projects Funds,5200,Interfund Transfers,600000
2020-21,2197,Tillamook SD 9,400,Capital Projects Funds,5400,Resources - Beginning Fund Balance,4308532.4
2020-21,2197,Tillamook SD 9,600,Internal Service Funds,1990,Miscellaneous,89231.51
2020-21,2197,Tillamook SD 9,400,Capital Projects Funds,1130,Construction Excise Tax,176026.38
2020-21,2197,Tillamook SD 9,400,Capital Projects Funds,1500,Earnings on Investments,9040.83
2020-21,2197,Tillamook SD 9,400,Capital Projects Funds,1920,Contributions and Donations From Private Sources,47825
2020-21,2197,Tillamook SD 9,400,Capital Projects Funds,1990,Miscellaneous,146291.27
2020-21,2197,Tillamook SD 9,400,Capital Projects Funds,2200,Restricted Revenue,12317.09
2020-21,2197,Tillamook SD 9,400,Capital Projects Funds,3101,State School Fund --General Support,202778.44
2020-21,2197,Tillamook SD 9,300,Debt Service Funds,1190,Penalties and interest on taxes,85.69
2020-21,2197,Tillamook SD 9,300,Debt Service Funds,1500,Earnings on Investments,90.96
2020-21,2197,Tillamook SD 9,300,Debt Service Funds,1960,Recovery of Prior Years' Expenditure,6073.6
2020-21,2197,Tillamook SD 9,300,Debt Service Funds,1990,Miscellaneous,1894892.26
2020-21,2197,Tillamook SD 9,300,Debt Service Funds,2199,Other Intermediate Sources,635.89
2020-21,2197,Tillamook SD 9,300,Debt Service Funds,5400,Resources - Beginning Fund Balance,879858.15
2020-21,2197,Tillamook SD 9,299,Child Nutrition,3299,Other Restricted Grants-In-Aid,11877.11
2020-21,2197,Tillamook SD 9,299,Child Nutrition,4500,Restricted Revenue From Federal Government Through the State,775912.8
2020-21,2197,Tillamook SD 9,299,Child Nutrition,4900,Revenue for/on Behalf of the District,72773.42
2020-21,2197,Tillamook SD 9,299,Child Nutrition,5200,Interfund Transfers,80000
2020-21,2197,Tillamook SD 9,299,Child Nutrition,5400,Resources - Beginning Fund Balance,181177.49
2020-21,2197,Tillamook SD 9,300,Debt Service Funds,1110,Ad valorem taxes levied by district,1296872.66
2020-21,2197,Tillamook SD 9,250,Non-Federal Sources,5400,Resources - Beginning Fund Balance,855960.83
2020-21,2197,Tillamook SD 9,251,Student Investment Account,3299,Other Restricted Grants-In-Aid,586246.5
2020-21,2197,Tillamook SD 9,252,Measure 98 - High School Success,3299,Other Restricted Grants-In-Aid,543276.24
2020-21,2197,Tillamook SD 9,299,Child Nutrition,1600,Food Service,-743.28
2020-21,2197,Tillamook SD 9,299,Child Nutrition,1990,Miscellaneous,4531.05
2020-21,2197,Tillamook SD 9,299,Child Nutrition,3102,State School Fund--School Lunch Match,8595.8
2020-21,2197,Tillamook SD 9,250,Non-Federal Sources,1920,Contributions and Donations From Private Sources,24431
2020-21,2197,Tillamook SD 9,250,Non-Federal Sources,1960,Recovery of Prior Years' Expenditure,19.43
2020-21,2197,Tillamook SD 9,250,Non-Federal Sources,2200,Restricted Revenue,176104.33
2020-21,2197,Tillamook SD 9,250,Non-Federal Sources,3299,Other Restricted Grants-In-Aid,1381322.72
2020-21,2197,Tillamook SD 9,250,Non-Federal Sources,4500,Restricted Revenue From Federal Government Through the State,96800
2020-21,2197,Tillamook SD 9,250,Non-Federal Sources,5200,Interfund Transfers,90460.6
2020-21,2197,Tillamook SD 9,201,Federal Sources,3299,Other Restricted Grants-In-Aid,35204.06
2020-21,2197,Tillamook SD 9,201,Federal Sources,4500,Restricted Revenue From Federal Government Through the State,1808087.68
2020-21,2197,Tillamook SD 9,201,Federal Sources,4700,Grants-In-Aid From Federal Government Through Other Intermed,223121.03
2020-21,2197,Tillamook SD 9,201,Federal Sources,5200,Interfund Transfers,22095.4
2020-21,2197,Tillamook SD 9,201,Federal Sources,5400,Resources - Beginning Fund Balance,481.76
2020-21,2197,Tillamook SD 9,250,Non-Federal Sources,1700,Extra-Curricular Activities,340339.79
2020-21,2197,Tillamook SD 9,100,General Fund,4500,Restricted Revenue From Federal Government Through the State,8284.84
2020-21,2197,Tillamook SD 9,100,General Fund,4700,Grants-In-Aid From Federal Government Through Other Intermed,20539.01
2020-21,2197,Tillamook SD 9,100,General Fund,4801,Federal Forest Fees,106176.88
2020-21,2197,Tillamook SD 9,100,General Fund,5200,Interfund Transfers,347183
2020-21,2197,Tillamook SD 9,100,General Fund,5400,Resources - Beginning Fund Balance,6981571.15
2020-21,2197,Tillamook SD 9,201,Federal Sources,1940,Services Provided Other Local Education Agencies,30126.25
2020-21,2197,Tillamook SD 9,100,General Fund,2200,Restricted Revenue,120294.52
2020-21,2197,Tillamook SD 9,100,General Fund,3101,State School Fund --General Support,8162216.52
2020-21,2197,Tillamook SD 9,100,General Fund,3103,Common School Fund,217841.92
2020-21,2197,Tillamook SD 9,100,General Fund,3104,State Managed County Timber,5806989.86
2020-21,2197,Tillamook SD 9,100,General Fund,3199,Other Unrestricted Grants-In-Aid,111349.48
2020-21,2197,Tillamook SD 9,100,General Fund,3299,Other Restricted Grants-In-Aid,186774.64
2020-21,2197,Tillamook SD 9,100,General Fund,1800,Community Services Activities,36250
2020-21,2197,Tillamook SD 9,100,General Fund,1910,Rentals,71346.92
2020-21,2197,Tillamook SD 9,100,General Fund,1960,Recovery of Prior Years' Expenditure,853.11
2020-21,2197,Tillamook SD 9,100,General Fund,1980,Fees Charged to Grants,73051.8
2020-21,2197,Tillamook SD 9,100,General Fund,1990,Miscellaneous,227495.23
2020-21,2197,Tillamook SD 9,100,General Fund,2199,Other Intermediate Sources,4429.05
2020-21,2198,Neah-Kah-Nie SD 56,100,General Fund,1110,Ad valorem taxes levied by district,10093818.55
2020-21,2198,Neah-Kah-Nie SD 56,100,General Fund,1500,Earnings on Investments,100087.36
2020-21,2198,Neah-Kah-Nie SD 56,100,General Fund,1960,Recovery of Prior Years' Expenditure,3431.33
2020-21,2198,Neah-Kah-Nie SD 56,100,General Fund,1990,Miscellaneous,58797.87
2020-21,2198,Neah-Kah-Nie SD 56,100,General Fund,2101,County School Funds,921145.31
2020-21,2198,Neah-Kah-Nie SD 56,100,General Fund,3103,Common School Fund,72343.4
2020-21,2198,Neah-Kah-Nie SD 56,300,Debt Service Funds,5200,Interfund Transfers,200000
2020-21,2198,Neah-Kah-Nie SD 56,300,Debt Service Funds,5400,Resources - Beginning Fund Balance,40985.65
2020-21,2198,Neah-Kah-Nie SD 56,400,Capital Projects Funds,1130,Construction Excise Tax,202907.64
2020-21,2198,Neah-Kah-Nie SD 56,400,Capital Projects Funds,1500,Earnings on Investments,843.7
2020-21,2198,Neah-Kah-Nie SD 56,400,Capital Projects Funds,5200,Interfund Transfers,1540000
2020-21,2198,Neah-Kah-Nie SD 56,400,Capital Projects Funds,5400,Resources - Beginning Fund Balance,314558.21
2020-21,2198,Neah-Kah-Nie SD 56,299,Child Nutrition,1960,Recovery of Prior Years' Expenditure,930.38
2020-21,2198,Neah-Kah-Nie SD 56,299,Child Nutrition,4500,Restricted Revenue From Federal Government Through the State,269790.17
2020-21,2198,Neah-Kah-Nie SD 56,299,Child Nutrition,5200,Interfund Transfers,92500
2020-21,2198,Neah-Kah-Nie SD 56,299,Child Nutrition,5400,Resources - Beginning Fund Balance,-12343.12
2020-21,2198,Neah-Kah-Nie SD 56,300,Debt Service Funds,1110,Ad valorem taxes levied by district,1180062.09
2020-21,2198,Neah-Kah-Nie SD 56,300,Debt Service Funds,1500,Earnings on Investments,3716.4
2020-21,2198,Neah-Kah-Nie SD 56,250,Non-Federal Sources,5200,Interfund Transfers,450000
2020-21,2198,Neah-Kah-Nie SD 56,250,Non-Federal Sources,5400,Resources - Beginning Fund Balance,776217.76
2020-21,2198,Neah-Kah-Nie SD 56,251,Student Investment Account,3299,Other Restricted Grants-In-Aid,225915.68
2020-21,2198,Neah-Kah-Nie SD 56,252,Measure 98 - High School Success,3299,Other Restricted Grants-In-Aid,106796.52
2020-21,2198,Neah-Kah-Nie SD 56,299,Child Nutrition,1600,Food Service,117.85
2020-21,2198,Neah-Kah-Nie SD 56,299,Child Nutrition,1920,Contributions and Donations From Private Sources,50
2020-21,2198,Neah-Kah-Nie SD 56,250,Non-Federal Sources,1920,Contributions and Donations From Private Sources,139718.98
2020-21,2198,Neah-Kah-Nie SD 56,250,Non-Federal Sources,1960,Recovery of Prior Years' Expenditure,8999.2
2020-21,2198,Neah-Kah-Nie SD 56,250,Non-Federal Sources,1990,Miscellaneous,2155.9
2020-21,2198,Neah-Kah-Nie SD 56,250,Non-Federal Sources,2200,Restricted Revenue,5182.48
2020-21,2198,Neah-Kah-Nie SD 56,250,Non-Federal Sources,3199,Other Unrestricted Grants-In-Aid,40642.59
2020-21,2198,Neah-Kah-Nie SD 56,250,Non-Federal Sources,3299,Other Restricted Grants-In-Aid,160761.54
2020-21,2198,Neah-Kah-Nie SD 56,201,Federal Sources,4700,Grants-In-Aid From Federal Government Through Other Intermed,35964.02
2020-21,2198,Neah-Kah-Nie SD 56,201,Federal Sources,5400,Resources - Beginning Fund Balance,-16209.46
2020-21,2198,Neah-Kah-Nie SD 56,250,Non-Federal Sources,1110,Ad valorem taxes levied by district,100.02
2020-21,2198,Neah-Kah-Nie SD 56,250,Non-Federal Sources,1500,Earnings on Investments,3122.16
2020-21,2198,Neah-Kah-Nie SD 56,250,Non-Federal Sources,1700,Extra-Curricular Activities,11425.09
2020-21,2198,Neah-Kah-Nie SD 56,250,Non-Federal Sources,1910,Rentals,5000
2020-21,2198,Neah-Kah-Nie SD 56,100,General Fund,3104,State Managed County Timber,3233550.69
2020-21,2198,Neah-Kah-Nie SD 56,100,General Fund,3299,Other Restricted Grants-In-Aid,87499.06
2020-21,2198,Neah-Kah-Nie SD 56,100,General Fund,4801,Federal Forest Fees,37523.31
2020-21,2198,Neah-Kah-Nie SD 56,100,General Fund,5400,Resources - Beginning Fund Balance,12570601.3
2020-21,2198,Neah-Kah-Nie SD 56,201,Federal Sources,3299,Other Restricted Grants-In-Aid,7260.27
2020-21,2198,Neah-Kah-Nie SD 56,201,Federal Sources,4500,Restricted Revenue From Federal Government Through the State,694264.98
2020-21,2199,Nestucca Valley SD 101J,100,General Fund,1110,Ad valorem taxes levied by district,6486763.91
2020-21,2199,Nestucca Valley SD 101J,100,General Fund,1190,Penalties and interest on taxes,472.44
2020-21,2199,Nestucca Valley SD 101J,100,General Fund,1500,Earnings on Investments,20090.25
2020-21,2199,Nestucca Valley SD 101J,100,General Fund,1700,Extra-Curricular Activities,750
2020-21,2199,Nestucca Valley SD 101J,100,General Fund,1960,Recovery of Prior Years' Expenditure,41206.41
2020-21,2199,Nestucca Valley SD 101J,100,General Fund,1990,Miscellaneous,30839.26
2020-21,2199,Nestucca Valley SD 101J,400,Capital Projects Funds,5400,Resources - Beginning Fund Balance,20458669.39
2020-21,2199,Nestucca Valley SD 101J,300,Debt Service Funds,1970,Services Provided Other Funds,306181.72
2020-21,2199,Nestucca Valley SD 101J,300,Debt Service Funds,5400,Resources - Beginning Fund Balance,462593.06
2020-21,2199,Nestucca Valley SD 101J,400,Capital Projects Funds,1500,Earnings on Investments,126052.61
2020-21,2199,Nestucca Valley SD 101J,400,Capital Projects Funds,1960,Recovery of Prior Years' Expenditure,9992.79
2020-21,2199,Nestucca Valley SD 101J,400,Capital Projects Funds,3299,Other Restricted Grants-In-Aid,2390374.93
2020-21,2199,Nestucca Valley SD 101J,400,Capital Projects Funds,5200,Interfund Transfers,75000
2020-21,2199,Nestucca Valley SD 101J,299,Child Nutrition,3299,Other Restricted Grants-In-Aid,6924.53
2020-21,2199,Nestucca Valley SD 101J,299,Child Nutrition,4500,Restricted Revenue From Federal Government Through the State,396856.29
2020-21,2199,Nestucca Valley SD 101J,299,Child Nutrition,4900,Revenue for/on Behalf of the District,22261.46
2020-21,2199,Nestucca Valley SD 101J,300,Debt Service Funds,1110,Ad valorem taxes levied by district,2060699.48
2020-21,2199,Nestucca Valley SD 101J,300,Debt Service Funds,1190,Penalties and interest on taxes,72.9
2020-21,2199,Nestucca Valley SD 101J,300,Debt Service Funds,1500,Earnings on Investments,6449.16
2020-21,2199,Nestucca Valley SD 101J,250,Non-Federal Sources,5300,Sale of or Compensation for Loss of Fixed Assets,32000
2020-21,2199,Nestucca Valley SD 101J,250,Non-Federal Sources,5400,Resources - Beginning Fund Balance,455340.51
2020-21,2199,Nestucca Valley SD 101J,251,Student Investment Account,3299,Other Restricted Grants-In-Aid,150185.85
2020-21,2199,Nestucca Valley SD 101J,252,Measure 98 - High School Success,3299,Other Restricted Grants-In-Aid,221241.62
2020-21,2199,Nestucca Valley SD 101J,299,Child Nutrition,1600,Food Service,520.25
2020-21,2199,Nestucca Valley SD 101J,299,Child Nutrition,1990,Miscellaneous,379.23
2020-21,2199,Nestucca Valley SD 101J,250,Non-Federal Sources,1130,Construction Excise Tax,124092.39
2020-21,2199,Nestucca Valley SD 101J,250,Non-Federal Sources,1700,Extra-Curricular Activities,22069.82
2020-21,2199,Nestucca Valley SD 101J,250,Non-Federal Sources,1920,Contributions and Donations From Private Sources,6000
2020-21,2199,Nestucca Valley SD 101J,250,Non-Federal Sources,1980,Fees Charged to Grants,150185.85
2020-21,2199,Nestucca Valley SD 101J,250,Non-Federal Sources,3299,Other Restricted Grants-In-Aid,885335
2020-21,2199,Nestucca Valley SD 101J,250,Non-Federal Sources,5200,Interfund Transfers,555000
2020-21,2199,Nestucca Valley SD 101J,100,General Fund,3299,Other Restricted Grants-In-Aid,3746.64
2020-21,2199,Nestucca Valley SD 101J,100,General Fund,5300,Sale of or Compensation for Loss of Fixed Assets,1000
2020-21,2199,Nestucca Valley SD 101J,100,General Fund,5400,Resources - Beginning Fund Balance,3112175.48
2020-21,2199,Nestucca Valley SD 101J,201,Federal Sources,1990,Miscellaneous,753806.06
2020-21,2199,Nestucca Valley SD 101J,201,Federal Sources,2102,General Education Service District Funds,2500
2020-21,2199,Nestucca Valley SD 101J,201,Federal Sources,4500,Restricted Revenue From Federal Government Through the State,1349028.13
2020-21,2199,Nestucca Valley SD 101J,100,General Fund,2101,County School Funds,581521
2020-21,2199,Nestucca Valley SD 101J,100,General Fund,2102,General Education Service District Funds,23850
2020-21,2199,Nestucca Valley SD 101J,100,General Fund,2199,Other Intermediate Sources,2183.5
2020-21,2199,Nestucca Valley SD 101J,100,General Fund,3103,Common School Fund,48090.68
2020-21,2199,Nestucca Valley SD 101J,100,General Fund,3104,State Managed County Timber,991297.55
2020-21,2199,Nestucca Valley SD 101J,100,General Fund,3199,Other Unrestricted Grants-In-Aid,29263.74
2020-21,2200,InterMountain ESD,100,General Fund,1110,Ad valorem taxes levied by district,7457105.2
2020-21,2200,InterMountain ESD,100,General Fund,1500,Earnings on Investments,35953.46
2020-21,2200,InterMountain ESD,100,General Fund,1940,Services Provided Other Local Education Agencies,1049965.1
2020-21,2200,InterMountain ESD,100,General Fund,1980,Fees Charged to Grants,974465.51
2020-21,2200,InterMountain ESD,100,General Fund,1990,Miscellaneous,225697.92
2020-21,2200,InterMountain ESD,100,General Fund,2199,Other Intermediate Sources,122010.76
2020-21,2200,InterMountain ESD,500,Enterprise Funds,1990,Miscellaneous,53187.07
2020-21,2200,InterMountain ESD,500,Enterprise Funds,5200,Interfund Transfers,200000
2020-21,2200,InterMountain ESD,500,Enterprise Funds,5400,Resources - Beginning Fund Balance,1340438.87
2020-21,2200,InterMountain ESD,400,Capital Projects Funds,1910,Rentals,108291.77
2020-21,2200,InterMountain ESD,400,Capital Projects Funds,1990,Miscellaneous,15796.6
2020-21,2200,InterMountain ESD,400,Capital Projects Funds,5200,Interfund Transfers,105000
2020-21,2200,InterMountain ESD,400,Capital Projects Funds,5400,Resources - Beginning Fund Balance,925239.16
2020-21,2200,InterMountain ESD,500,Enterprise Funds,1940,Services Provided Other Local Education Agencies,9166039.98
2020-21,2200,InterMountain ESD,500,Enterprise Funds,1970,Services Provided Other Funds,49009.47
2020-21,2200,InterMountain ESD,250,Non-Federal Sources,5400,Resources - Beginning Fund Balance,1834036.39
2020-21,2200,InterMountain ESD,251,Student Investment Account,3299,Other Restricted Grants-In-Aid,443716.91
2020-21,2200,InterMountain ESD,300,Debt Service Funds,1500,Earnings on Investments,3519.2
2020-21,2200,InterMountain ESD,300,Debt Service Funds,1970,Services Provided Other Funds,953991.66
2020-21,2200,InterMountain ESD,300,Debt Service Funds,5400,Resources - Beginning Fund Balance,10976.49
2020-21,2200,InterMountain ESD,400,Capital Projects Funds,1500,Earnings on Investments,1387.81
2020-21,2200,InterMountain ESD,250,Non-Federal Sources,1940,Services Provided Other Local Education Agencies,629394.08
2020-21,2200,InterMountain ESD,250,Non-Federal Sources,1990,Miscellaneous,1386088.53
2020-21,2200,InterMountain ESD,250,Non-Federal Sources,3299,Other Restricted Grants-In-Aid,9918770.2
2020-21,2200,InterMountain ESD,250,Non-Federal Sources,4300,Restricted Revenue Direct From the Federal Government,1520627.64
2020-21,2200,InterMountain ESD,250,Non-Federal Sources,4500,Restricted Revenue From Federal Government Through the State,84082.63
2020-21,2200,InterMountain ESD,250,Non-Federal Sources,5200,Interfund Transfers,21202.63
2020-21,2200,InterMountain ESD,201,Federal Sources,1940,Services Provided Other Local Education Agencies,76331.99
2020-21,2200,InterMountain ESD,201,Federal Sources,1990,Miscellaneous,1361.64
2020-21,2200,InterMountain ESD,201,Federal Sources,3299,Other Restricted Grants-In-Aid,654343.96
2020-21,2200,InterMountain ESD,201,Federal Sources,4300,Restricted Revenue Direct From the Federal Government,1178181.68
2020-21,2200,InterMountain ESD,201,Federal Sources,4500,Restricted Revenue From Federal Government Through the State,2125183.03
2020-21,2200,InterMountain ESD,250,Non-Federal Sources,1920,Contributions and Donations From Private Sources,40000
2020-21,2200,InterMountain ESD,100,General Fund,2800,Revenue in Lieu of Taxes,17076.42
2020-21,2200,InterMountain ESD,100,General Fund,3101,State School Fund --General Support,5135315.57
2020-21,2200,InterMountain ESD,100,General Fund,3299,Other Restricted Grants-In-Aid,42385
2020-21,2200,InterMountain ESD,100,General Fund,4500,Restricted Revenue From Federal Government Through the State,72236.25
2020-21,2200,InterMountain ESD,100,General Fund,5200,Interfund Transfers,525478.73
2020-21,2200,InterMountain ESD,100,General Fund,5400,Resources - Beginning Fund Balance,4476404.97
2020-21,2201,Helix SD 1,100,General Fund,1110,Ad valorem taxes levied by district,659250.06
2020-21,2201,Helix SD 1,100,General Fund,1500,Earnings on Investments,28882.61
2020-21,2201,Helix SD 1,100,General Fund,1990,Miscellaneous,28863.96
2020-21,2201,Helix SD 1,100,General Fund,2101,County School Funds,5412.91
2020-21,2201,Helix SD 1,100,General Fund,2199,Other Intermediate Sources,1685.48
2020-21,2201,Helix SD 1,100,General Fund,3101,State School Fund --General Support,2226783.94
2020-21,2201,Helix SD 1,400,Capital Projects Funds,5200,Interfund Transfers,135000
2020-21,2201,Helix SD 1,400,Capital Projects Funds,5400,Resources - Beginning Fund Balance,934566.26
2020-21,2201,Helix SD 1,300,Debt Service Funds,1110,Ad valorem taxes levied by district,494205.1
2020-21,2201,Helix SD 1,300,Debt Service Funds,1500,Earnings on Investments,304
2020-21,2201,Helix SD 1,300,Debt Service Funds,2199,Other Intermediate Sources,1267.27
2020-21,2201,Helix SD 1,300,Debt Service Funds,5400,Resources - Beginning Fund Balance,25376.95
2020-21,2201,Helix SD 1,400,Capital Projects Funds,1500,Earnings on Investments,1149.46
2020-21,2201,Helix SD 1,400,Capital Projects Funds,1990,Miscellaneous,6368.55
2020-21,2201,Helix SD 1,252,Measure 98 - High School Success,1990,Miscellaneous,1655
2020-21,2201,Helix SD 1,252,Measure 98 - High School Success,3299,Other Restricted Grants-In-Aid,71908.64
2020-21,2201,Helix SD 1,299,Child Nutrition,1600,Food Service,14114.61
2020-21,2201,Helix SD 1,299,Child Nutrition,1990,Miscellaneous,35
2020-21,2201,Helix SD 1,299,Child Nutrition,5200,Interfund Transfers,50000
2020-21,2201,Helix SD 1,299,Child Nutrition,5400,Resources - Beginning Fund Balance,96793.96
2020-21,2201,Helix SD 1,250,Non-Federal Sources,1940,Services Provided Other Local Education Agencies,4224.2
2020-21,2201,Helix SD 1,250,Non-Federal Sources,1990,Miscellaneous,4605.87
2020-21,2201,Helix SD 1,250,Non-Federal Sources,2200,Restricted Revenue,16750
2020-21,2201,Helix SD 1,250,Non-Federal Sources,5200,Interfund Transfers,101627.53
2020-21,2201,Helix SD 1,250,Non-Federal Sources,5400,Resources - Beginning Fund Balance,727276.73
2020-21,2201,Helix SD 1,251,Student Investment Account,3299,Other Restricted Grants-In-Aid,69804.48
2020-21,2201,Helix SD 1,201,Federal Sources,4500,Restricted Revenue From Federal Government Through the State,117322.48
2020-21,2201,Helix SD 1,201,Federal Sources,5400,Resources - Beginning Fund Balance,-11450.52
2020-21,2201,Helix SD 1,250,Non-Federal Sources,1500,Earnings on Investments,922.99
2020-21,2201,Helix SD 1,250,Non-Federal Sources,1700,Extra-Curricular Activities,2995.26
2020-21,2201,Helix SD 1,250,Non-Federal Sources,1910,Rentals,413
2020-21,2201,Helix SD 1,250,Non-Federal Sources,1920,Contributions and Donations From Private Sources,5825
2020-21,2201,Helix SD 1,100,General Fund,3103,Common School Fund,18485
2020-21,2201,Helix SD 1,100,General Fund,4500,Restricted Revenue From Federal Government Through the State,88882.92
2020-21,2201,Helix SD 1,100,General Fund,4801,Federal Forest Fees,390.1
2020-21,2201,Helix SD 1,100,General Fund,5200,Interfund Transfers,798.88
2020-21,2201,Helix SD 1,100,General Fund,5400,Resources - Beginning Fund Balance,1291005.17
2020-21,2201,Helix SD 1,201,Federal Sources,1990,Miscellaneous,5215
2020-21,2202,Pilot Rock SD 2,100,General Fund,1110,Ad valorem taxes levied by district,666520.64
2020-21,2202,Pilot Rock SD 2,100,General Fund,1500,Earnings on Investments,21496.64
2020-21,2202,Pilot Rock SD 2,100,General Fund,1920,Contributions and Donations From Private Sources,4166.67
2020-21,2202,Pilot Rock SD 2,100,General Fund,1970,Services Provided Other Funds,227587.54
2020-21,2202,Pilot Rock SD 2,100,General Fund,1990,Miscellaneous,45935.66
2020-21,2202,Pilot Rock SD 2,100,General Fund,2101,County School Funds,9456.39
2020-21,2202,Pilot Rock SD 2,400,Capital Projects Funds,5400,Resources - Beginning Fund Balance,103592.93
2020-21,2202,Pilot Rock SD 2,300,Debt Service Funds,5400,Resources - Beginning Fund Balance,12691.84
2020-21,2202,Pilot Rock SD 2,400,Capital Projects Funds,1500,Earnings on Investments,13575.24
2020-21,2202,Pilot Rock SD 2,400,Capital Projects Funds,1990,Miscellaneous,9930.85
2020-21,2202,Pilot Rock SD 2,400,Capital Projects Funds,3299,Other Restricted Grants-In-Aid,126979
2020-21,2202,Pilot Rock SD 2,400,Capital Projects Funds,5100,Long Term Debt Financing Sources,8519699.55
2020-21,2202,Pilot Rock SD 2,400,Capital Projects Funds,5200,Interfund Transfers,530000
2020-21,2202,Pilot Rock SD 2,251,Student Investment Account,3299,Other Restricted Grants-In-Aid,102094.53
2020-21,2202,Pilot Rock SD 2,252,Measure 98 - High School Success,3299,Other Restricted Grants-In-Aid,71339.47
2020-21,2202,Pilot Rock SD 2,252,Measure 98 - High School Success,5400,Resources - Beginning Fund Balance,-15.45
2020-21,2202,Pilot Rock SD 2,300,Debt Service Funds,1110,Ad valorem taxes levied by district,267468.31
2020-21,2202,Pilot Rock SD 2,300,Debt Service Funds,1500,Earnings on Investments,1091.14
2020-21,2202,Pilot Rock SD 2,300,Debt Service Funds,2800,Revenue in Lieu of Taxes,685.35
2020-21,2202,Pilot Rock SD 2,250,Non-Federal Sources,1990,Miscellaneous,167.77
2020-21,2202,Pilot Rock SD 2,250,Non-Federal Sources,3299,Other Restricted Grants-In-Aid,137919.49
2020-21,2202,Pilot Rock SD 2,250,Non-Federal Sources,4500,Restricted Revenue From Federal Government Through the State,126168.29
2020-21,2202,Pilot Rock SD 2,250,Non-Federal Sources,4900,Revenue for/on Behalf of the District,11727.54
2020-21,2202,Pilot Rock SD 2,250,Non-Federal Sources,5200,Interfund Transfers,245000
2020-21,2202,Pilot Rock SD 2,250,Non-Federal Sources,5400,Resources - Beginning Fund Balance,369036.04
2020-21,2202,Pilot Rock SD 2,100,General Fund,5400,Resources - Beginning Fund Balance,1797102.14
2020-21,2202,Pilot Rock SD 2,201,Federal Sources,5400,Resources - Beginning Fund Balance,-857.29
2020-21,2202,Pilot Rock SD 2,250,Non-Federal Sources,1500,Earnings on Investments,13.58
2020-21,2202,Pilot Rock SD 2,250,Non-Federal Sources,1600,Food Service,1607.55
2020-21,2202,Pilot Rock SD 2,250,Non-Federal Sources,1700,Extra-Curricular Activities,15028.5
2020-21,2202,Pilot Rock SD 2,250,Non-Federal Sources,1920,Contributions and Donations From Private Sources,12559.27
2020-21,2202,Pilot Rock SD 2,100,General Fund,2800,Revenue in Lieu of Taxes,1709.68
2020-21,2202,Pilot Rock SD 2,100,General Fund,3101,State School Fund --General Support,3378139.89
2020-21,2202,Pilot Rock SD 2,100,General Fund,3103,Common School Fund,30355.7
2020-21,2202,Pilot Rock SD 2,100,General Fund,4500,Restricted Revenue From Federal Government Through the State,140825.3
2020-21,2202,Pilot Rock SD 2,100,General Fund,4801,Federal Forest Fees,681.52
2020-21,2202,Pilot Rock SD 2,100,General Fund,5200,Interfund Transfers,200.72
2020-21,2203,Echo SD 5,100,General Fund,1110,Ad valorem taxes levied by district,596955.42
2020-21,2203,Echo SD 5,100,General Fund,1500,Earnings on Investments,16600.49
2020-21,2203,Echo SD 5,100,General Fund,1920,Contributions and Donations From Private Sources,4166.67
2020-21,2203,Echo SD 5,100,General Fund,1960,Recovery of Prior Years' Expenditure,6625.48
2020-21,2203,Echo SD 5,100,General Fund,1990,Miscellaneous,13158.12
2020-21,2203,Echo SD 5,100,General Fund,2101,County School Funds,8357.13
2020-21,2203,Echo SD 5,400,Capital Projects Funds,5400,Resources - Beginning Fund Balance,15696.47
2020-21,2203,Echo SD 5,300,Debt Service Funds,2800,Revenue in Lieu of Taxes,928.74
2020-21,2203,Echo SD 5,300,Debt Service Funds,5200,Interfund Transfers,189542.4
2020-21,2203,Echo SD 5,300,Debt Service Funds,5400,Resources - Beginning Fund Balance,525274.89
2020-21,2203,Echo SD 5,400,Capital Projects Funds,1500,Earnings on Investments,147.08
2020-21,2203,Echo SD 5,400,Capital Projects Funds,1990,Miscellaneous,264
2020-21,2203,Echo SD 5,400,Capital Projects Funds,3299,Other Restricted Grants-In-Aid,141900
2020-21,2203,Echo SD 5,299,Child Nutrition,3102,State School Fund--School Lunch Match,1351.71
2020-21,2203,Echo SD 5,299,Child Nutrition,4500,Restricted Revenue From Federal Government Through the State,168089.87
2020-21,2203,Echo SD 5,299,Child Nutrition,4900,Revenue for/on Behalf of the District,10189
2020-21,2203,Echo SD 5,299,Child Nutrition,5400,Resources - Beginning Fund Balance,-23808.91
2020-21,2203,Echo SD 5,300,Debt Service Funds,1110,Ad valorem taxes levied by district,361445.72
2020-21,2203,Echo SD 5,300,Debt Service Funds,1500,Earnings on Investments,3182.6
2020-21,2203,Echo SD 5,250,Non-Federal Sources,4700,Grants-In-Aid From Federal Government Through Other Intermed,68563.98
2020-21,2203,Echo SD 5,250,Non-Federal Sources,5400,Resources - Beginning Fund Balance,235463.22
2020-21,2203,Echo SD 5,251,Student Investment Account,3299,Other Restricted Grants-In-Aid,60399.73
2020-21,2203,Echo SD 5,252,Measure 98 - High School Success,3299,Other Restricted Grants-In-Aid,75618.7
2020-21,2203,Echo SD 5,299,Child Nutrition,1600,Food Service,344.65
2020-21,2203,Echo SD 5,299,Child Nutrition,1990,Miscellaneous,2408.62
2020-21,2203,Echo SD 5,250,Non-Federal Sources,1800,Community Services Activities,48050
2020-21,2203,Echo SD 5,250,Non-Federal Sources,1920,Contributions and Donations From Private Sources,3148
2020-21,2203,Echo SD 5,250,Non-Federal Sources,1990,Miscellaneous,9428.79
2020-21,2203,Echo SD 5,250,Non-Federal Sources,3199,Other Unrestricted Grants-In-Aid,14806.52
2020-21,2203,Echo SD 5,250,Non-Federal Sources,3222,State School Fund (SSF) Transportation Equipment,58244.67
2020-21,2203,Echo SD 5,250,Non-Federal Sources,3299,Other Restricted Grants-In-Aid,81781.78
2020-21,2203,Echo SD 5,100,General Fund,5400,Resources - Beginning Fund Balance,1207838.8
2020-21,2203,Echo SD 5,201,Federal Sources,4300,Restricted Revenue Direct From the Federal Government,24655
2020-21,2203,Echo SD 5,201,Federal Sources,4500,Restricted Revenue From Federal Government Through the State,192810.3
2020-21,2203,Echo SD 5,201,Federal Sources,5400,Resources - Beginning Fund Balance,-86840
2020-21,2203,Echo SD 5,250,Non-Federal Sources,1500,Earnings on Investments,5.45
2020-21,2203,Echo SD 5,250,Non-Federal Sources,1700,Extra-Curricular Activities,31587.03
2020-21,2203,Echo SD 5,100,General Fund,2800,Revenue in Lieu of Taxes,1536.58
2020-21,2203,Echo SD 5,100,General Fund,3101,State School Fund --General Support,3134208.47
2020-21,2203,Echo SD 5,100,General Fund,3103,Common School Fund,26733.25
2020-21,2203,Echo SD 5,100,General Fund,3299,Other Restricted Grants-In-Aid,11937.49
2020-21,2203,Echo SD 5,100,General Fund,4500,Restricted Revenue From Federal Government Through the State,134523.33
2020-21,2203,Echo SD 5,100,General Fund,4801,Federal Forest Fees,602.3
2020-21,2204,Umatilla SD 6R,100,General Fund,1110,Ad valorem taxes levied by district,3752626.7
2020-21,2204,Umatilla SD 6R,100,General Fund,1190,Penalties and interest on taxes,2646.88
2020-21,2204,Umatilla SD 6R,100,General Fund,1500,Earnings on Investments,45006.05
2020-21,2204,Umatilla SD 6R,100,General Fund,1920,Contributions and Donations From Private Sources,750
2020-21,2204,Umatilla SD 6R,100,General Fund,1960,Recovery of Prior Years' Expenditure,-348.5
2020-21,2204,Umatilla SD 6R,100,General Fund,1990,Miscellaneous,67938.55
2020-21,2204,Umatilla SD 6R,400,Capital Projects Funds,5400,Resources - Beginning Fund Balance,111627.07
2020-21,2204,Umatilla SD 6R,300,Debt Service Funds,2199,Other Intermediate Sources,2544.19
2020-21,2204,Umatilla SD 6R,300,Debt Service Funds,5200,Interfund Transfers,41137
2020-21,2204,Umatilla SD 6R,300,Debt Service Funds,5400,Resources - Beginning Fund Balance,195983.36
2020-21,2204,Umatilla SD 6R,400,Capital Projects Funds,1500,Earnings on Investments,239.68
2020-21,2204,Umatilla SD 6R,400,Capital Projects Funds,1990,Miscellaneous,78854
2020-21,2204,Umatilla SD 6R,400,Capital Projects Funds,5200,Interfund Transfers,55000
2020-21,2204,Umatilla SD 6R,299,Child Nutrition,4900,Revenue for/on Behalf of the District,56842.82
2020-21,2204,Umatilla SD 6R,299,Child Nutrition,5400,Resources - Beginning Fund Balance,215476.4
2020-21,2204,Umatilla SD 6R,300,Debt Service Funds,1110,Ad valorem taxes levied by district,989195.59
2020-21,2204,Umatilla SD 6R,300,Debt Service Funds,1190,Penalties and interest on taxes,610.36
2020-21,2204,Umatilla SD 6R,300,Debt Service Funds,1500,Earnings on Investments,3860.15
2020-21,2204,Umatilla SD 6R,300,Debt Service Funds,1970,Services Provided Other Funds,418208.83
2020-21,2204,Umatilla SD 6R,252,Measure 98 - High School Success,3299,Other Restricted Grants-In-Aid,340952.11
2020-21,2204,Umatilla SD 6R,299,Child Nutrition,1600,Food Service,17827.04
2020-21,2204,Umatilla SD 6R,299,Child Nutrition,1990,Miscellaneous,263.78
2020-21,2204,Umatilla SD 6R,299,Child Nutrition,3102,State School Fund--School Lunch Match,8749.35
2020-21,2204,Umatilla SD 6R,299,Child Nutrition,3299,Other Restricted Grants-In-Aid,6677.75
2020-21,2204,Umatilla SD 6R,299,Child Nutrition,4500,Restricted Revenue From Federal Government Through the State,1332143.72
2020-21,2204,Umatilla SD 6R,201,Federal Sources,1920,Contributions and Donations From Private Sources,500
2020-21,2204,Umatilla SD 6R,201,Federal Sources,1960,Recovery of Prior Years' Expenditure,-100
2020-21,2204,Umatilla SD 6R,201,Federal Sources,4500,Restricted Revenue From Federal Government Through the State,1253553.65
2020-21,2204,Umatilla SD 6R,201,Federal Sources,4700,Grants-In-Aid From Federal Government Through Other Intermed,186616.15
2020-21,2204,Umatilla SD 6R,201,Federal Sources,5400,Resources - Beginning Fund Balance,-85307.71
2020-21,2204,Umatilla SD 6R,251,Student Investment Account,3299,Other Restricted Grants-In-Aid,401714.64
2020-21,2204,Umatilla SD 6R,250,Non-Federal Sources,1800,Community Services Activities,38850
2020-21,2204,Umatilla SD 6R,250,Non-Federal Sources,1920,Contributions and Donations From Private Sources,110921.91
2020-21,2204,Umatilla SD 6R,250,Non-Federal Sources,1990,Miscellaneous,34147.81
2020-21,2204,Umatilla SD 6R,250,Non-Federal Sources,3299,Other Restricted Grants-In-Aid,174018.66
2020-21,2204,Umatilla SD 6R,250,Non-Federal Sources,5200,Interfund Transfers,18.69
2020-21,2204,Umatilla SD 6R,250,Non-Federal Sources,5400,Resources - Beginning Fund Balance,188310.95
2020-21,2204,Umatilla SD 6R,100,General Fund,4700,Grants-In-Aid From Federal Government Through Other Intermed,1083.11
2020-21,2204,Umatilla SD 6R,100,General Fund,4801,Federal Forest Fees,2937.3
2020-21,2204,Umatilla SD 6R,100,General Fund,5300,Sale of or Compensation for Loss of Fixed Assets,70631.92
2020-21,2204,Umatilla SD 6R,100,General Fund,5400,Resources - Beginning Fund Balance,2586204
2020-21,2204,Umatilla SD 6R,250,Non-Federal Sources,1500,Earnings on Investments,192.23
2020-21,2204,Umatilla SD 6R,250,Non-Federal Sources,1700,Extra-Curricular Activities,12933.1
2020-21,2204,Umatilla SD 6R,100,General Fund,2101,County School Funds,40756.13
2020-21,2204,Umatilla SD 6R,100,General Fund,2199,Other Intermediate Sources,9728.3
2020-21,2204,Umatilla SD 6R,100,General Fund,3101,State School Fund --General Support,12251354.46
2020-21,2204,Umatilla SD 6R,100,General Fund,3103,Common School Fund,132832.71
2020-21,2204,Umatilla SD 6R,100,General Fund,3299,Other Restricted Grants-In-Aid,4191
2020-21,2204,Umatilla SD 6R,100,General Fund,4500,Restricted Revenue From Federal Government Through the State,14658.24
2020-21,2205,Milton-Freewater Unified SD 7,400,Capital Projects Funds,3222,State School Fund (SSF) Transportation Equipment,155632.22
2020-21,2205,Milton-Freewater Unified SD 7,400,Capital Projects Funds,3299,Other Restricted Grants-In-Aid,13289.15
2020-21,2205,Milton-Freewater Unified SD 7,400,Capital Projects Funds,5200,Interfund Transfers,340000
2020-21,2205,Milton-Freewater Unified SD 7,400,Capital Projects Funds,5300,Sale of or Compensation for Loss of Fixed Assets,3500
2020-21,2205,Milton-Freewater Unified SD 7,400,Capital Projects Funds,5400,Resources - Beginning Fund Balance,917281.03
2020-21,2205,Milton-Freewater Unified SD 7,300,Debt Service Funds,1970,Services Provided Other Funds,1456213.73
2020-21,2205,Milton-Freewater Unified SD 7,300,Debt Service Funds,2800,Revenue in Lieu of Taxes,2888.36
2020-21,2205,Milton-Freewater Unified SD 7,300,Debt Service Funds,5200,Interfund Transfers,182500
2020-21,2205,Milton-Freewater Unified SD 7,300,Debt Service Funds,5400,Resources - Beginning Fund Balance,141064.96
2020-21,2205,Milton-Freewater Unified SD 7,400,Capital Projects Funds,1500,Earnings on Investments,1320.74
2020-21,2205,Milton-Freewater Unified SD 7,400,Capital Projects Funds,1990,Miscellaneous,750
2020-21,2205,Milton-Freewater Unified SD 7,299,Child Nutrition,3299,Other Restricted Grants-In-Aid,25237.84
2020-21,2205,Milton-Freewater Unified SD 7,299,Child Nutrition,4500,Restricted Revenue From Federal Government Through the State,865565.17
2020-21,2205,Milton-Freewater Unified SD 7,299,Child Nutrition,4900,Revenue for/on Behalf of the District,99615.87
2020-21,2205,Milton-Freewater Unified SD 7,299,Child Nutrition,5400,Resources - Beginning Fund Balance,52080.04
2020-21,2205,Milton-Freewater Unified SD 7,300,Debt Service Funds,1110,Ad valorem taxes levied by district,815657.03
2020-21,2205,Milton-Freewater Unified SD 7,300,Debt Service Funds,1500,Earnings on Investments,4152
2020-21,2205,Milton-Freewater Unified SD 7,250,Non-Federal Sources,5200,Interfund Transfers,80000
2020-21,2205,Milton-Freewater Unified SD 7,250,Non-Federal Sources,5400,Resources - Beginning Fund Balance,1080981.29
2020-21,2205,Milton-Freewater Unified SD 7,251,Student Investment Account,3299,Other Restricted Grants-In-Aid,482022.23
2020-21,2205,Milton-Freewater Unified SD 7,252,Measure 98 - High School Success,3299,Other Restricted Grants-In-Aid,574449.79
2020-21,2205,Milton-Freewater Unified SD 7,299,Child Nutrition,1600,Food Service,940.25
2020-21,2205,Milton-Freewater Unified SD 7,299,Child Nutrition,3102,State School Fund--School Lunch Match,10583.78
2020-21,2205,Milton-Freewater Unified SD 7,201,Federal Sources,4500,Restricted Revenue From Federal Government Through the State,1540133.69
2020-21,2205,Milton-Freewater Unified SD 7,201,Federal Sources,5400,Resources - Beginning Fund Balance,1603.45
2020-21,2205,Milton-Freewater Unified SD 7,250,Non-Federal Sources,1500,Earnings on Investments,300.39
2020-21,2205,Milton-Freewater Unified SD 7,250,Non-Federal Sources,1700,Extra-Curricular Activities,29839.71
2020-21,2205,Milton-Freewater Unified SD 7,250,Non-Federal Sources,1920,Contributions and Donations From Private Sources,47313.12
2020-21,2205,Milton-Freewater Unified SD 7,250,Non-Federal Sources,3299,Other Restricted Grants-In-Aid,92076.58
2020-21,2205,Milton-Freewater Unified SD 7,100,General Fund,3299,Other Restricted Grants-In-Aid,132330.23
2020-21,2205,Milton-Freewater Unified SD 7,100,General Fund,4500,Restricted Revenue From Federal Government Through the State,241741.43
2020-21,2205,Milton-Freewater Unified SD 7,100,General Fund,4700,Grants-In-Aid From Federal Government Through Other Intermed,58600.68
2020-21,2205,Milton-Freewater Unified SD 7,100,General Fund,4801,Federal Forest Fees,3708.84
2020-21,2205,Milton-Freewater Unified SD 7,100,General Fund,5200,Interfund Transfers,1095.92
2020-21,2205,Milton-Freewater Unified SD 7,100,General Fund,5400,Resources - Beginning Fund Balance,2312556.61
2020-21,2205,Milton-Freewater Unified SD 7,100,General Fund,1980,Fees Charged to Grants,93222.11
2020-21,2205,Milton-Freewater Unified SD 7,100,General Fund,1990,Miscellaneous,161361.05
2020-21,2205,Milton-Freewater Unified SD 7,100,General Fund,2101,County School Funds,51461.59
2020-21,2205,Milton-Freewater Unified SD 7,100,General Fund,2800,Revenue in Lieu of Taxes,11479.5
2020-21,2205,Milton-Freewater Unified SD 7,100,General Fund,3101,State School Fund --General Support,14872199.71
2020-21,2205,Milton-Freewater Unified SD 7,100,General Fund,3103,Common School Fund,167793.9
2020-21,2205,Milton-Freewater Unified SD 7,100,General Fund,1110,Ad valorem taxes levied by district,3247542.88
2020-21,2205,Milton-Freewater Unified SD 7,100,General Fund,1120,Local option ad valorem taxes levied by district,64.56
2020-21,2205,Milton-Freewater Unified SD 7,100,General Fund,1500,Earnings on Investments,49889.27
2020-21,2205,Milton-Freewater Unified SD 7,100,General Fund,1910,Rentals,13800
2020-21,2205,Milton-Freewater Unified SD 7,100,General Fund,1920,Contributions and Donations From Private Sources,11107.25
2020-21,2205,Milton-Freewater Unified SD 7,100,General Fund,1960,Recovery of Prior Years' Expenditure,19505.74
2020-21,2206,Hermiston SD 8,100,General Fund,1110,Ad valorem taxes levied by district,9942717.91
2020-21,2206,Hermiston SD 8,100,General Fund,1190,Penalties and interest on taxes,6129.52
2020-21,2206,Hermiston SD 8,100,General Fund,1500,Earnings on Investments,259737.97
2020-21,2206,Hermiston SD 8,100,General Fund,1700,Extra-Curricular Activities,18036.56
2020-21,2206,Hermiston SD 8,100,General Fund,1910,Rentals,10480
2020-21,2206,Hermiston SD 8,100,General Fund,1960,Recovery of Prior Years' Expenditure,4325.73
2020-21,2206,Hermiston SD 8,400,Capital Projects Funds,5400,Resources - Beginning Fund Balance,82814174.77
2020-21,2206,Hermiston SD 8,300,Debt Service Funds,1190,Penalties and interest on taxes,4849.52
2020-21,2206,Hermiston SD 8,300,Debt Service Funds,1500,Earnings on Investments,-73125.83
2020-21,2206,Hermiston SD 8,300,Debt Service Funds,1970,Services Provided Other Funds,1372997.69
2020-21,2206,Hermiston SD 8,300,Debt Service Funds,2199,Other Intermediate Sources,20214.56
2020-21,2206,Hermiston SD 8,300,Debt Service Funds,5400,Resources - Beginning Fund Balance,5101382.19
2020-21,2206,Hermiston SD 8,400,Capital Projects Funds,1500,Earnings on Investments,225071.59
2020-21,2206,Hermiston SD 8,299,Child Nutrition,1990,Miscellaneous,2
2020-21,2206,Hermiston SD 8,299,Child Nutrition,3102,State School Fund--School Lunch Match,26958.92
2020-21,2206,Hermiston SD 8,299,Child Nutrition,4500,Restricted Revenue From Federal Government Through the State,1605182.54
2020-21,2206,Hermiston SD 8,299,Child Nutrition,4900,Revenue for/on Behalf of the District,224704.94
2020-21,2206,Hermiston SD 8,299,Child Nutrition,5400,Resources - Beginning Fund Balance,1335440.54
2020-21,2206,Hermiston SD 8,300,Debt Service Funds,1110,Ad valorem taxes levied by district,7887249.98
2020-21,2206,Hermiston SD 8,250,Non-Federal Sources,5200,Interfund Transfers,2094872.16
2020-21,2206,Hermiston SD 8,250,Non-Federal Sources,5300,Sale of or Compensation for Loss of Fixed Assets,834076
2020-21,2206,Hermiston SD 8,250,Non-Federal Sources,5400,Resources - Beginning Fund Balance,13351599.32
2020-21,2206,Hermiston SD 8,251,Student Investment Account,3299,Other Restricted Grants-In-Aid,1551696.37
2020-21,2206,Hermiston SD 8,252,Measure 98 - High School Success,3299,Other Restricted Grants-In-Aid,1630289.42
2020-21,2206,Hermiston SD 8,299,Child Nutrition,1600,Food Service,49816.9
2020-21,2206,Hermiston SD 8,250,Non-Federal Sources,1700,Extra-Curricular Activities,135153.85
2020-21,2206,Hermiston SD 8,250,Non-Federal Sources,1920,Contributions and Donations From Private Sources,48525.92
2020-21,2206,Hermiston SD 8,250,Non-Federal Sources,1960,Recovery of Prior Years' Expenditure,822.91
2020-21,2206,Hermiston SD 8,250,Non-Federal Sources,1970,Services Provided Other Funds,31801.94
2020-21,2206,Hermiston SD 8,250,Non-Federal Sources,1990,Miscellaneous,386552.29
2020-21,2206,Hermiston SD 8,250,Non-Federal Sources,3299,Other Restricted Grants-In-Aid,117953.46
2020-21,2206,Hermiston SD 8,100,General Fund,3103,Common School Fund,577268.12
2020-21,2206,Hermiston SD 8,100,General Fund,3299,Other Restricted Grants-In-Aid,90019.42
2020-21,2206,Hermiston SD 8,100,General Fund,5400,Resources - Beginning Fund Balance,11983190.78
2020-21,2206,Hermiston SD 8,201,Federal Sources,3299,Other Restricted Grants-In-Aid,54024.19
2020-21,2206,Hermiston SD 8,201,Federal Sources,4500,Restricted Revenue From Federal Government Through the State,4883587.18
2020-21,2206,Hermiston SD 8,201,Federal Sources,5400,Resources - Beginning Fund Balance,-19619.36
2020-21,2206,Hermiston SD 8,100,General Fund,1980,Fees Charged to Grants,98289.96
2020-21,2206,Hermiston SD 8,100,General Fund,1990,Miscellaneous,84549.37
2020-21,2206,Hermiston SD 8,100,General Fund,2101,County School Funds,184214.17
2020-21,2206,Hermiston SD 8,100,General Fund,2102,General Education Service District Funds,2574200.88
2020-21,2206,Hermiston SD 8,100,General Fund,2199,Other Intermediate Sources,25550.09
2020-21,2206,Hermiston SD 8,100,General Fund,3101,State School Fund --General Support,50750251.28
2020-21,2207,Pendleton SD 16,100,General Fund,1110,Ad valorem taxes levied by district,6529064.85
2020-21,2207,Pendleton SD 16,100,General Fund,1120,Local option ad valorem taxes levied by district,12504.84
2020-21,2207,Pendleton SD 16,100,General Fund,1190,Penalties and interest on taxes,6678.89
2020-21,2207,Pendleton SD 16,100,General Fund,1500,Earnings on Investments,77822.73
2020-21,2207,Pendleton SD 16,100,General Fund,1700,Extra-Curricular Activities,6090.58
2020-21,2207,Pendleton SD 16,100,General Fund,1910,Rentals,77200
2020-21,2207,Pendleton SD 16,300,Debt Service Funds,1500,Earnings on Investments,24913.1
2020-21,2207,Pendleton SD 16,300,Debt Service Funds,1970,Services Provided Other Funds,2788125.16
2020-21,2207,Pendleton SD 16,300,Debt Service Funds,2800,Revenue in Lieu of Taxes,8011.76
2020-21,2207,Pendleton SD 16,300,Debt Service Funds,5400,Resources - Beginning Fund Balance,719418.44
2020-21,2207,Pendleton SD 16,201,Federal Sources,5400,Resources - Beginning Fund Balance,-284090.3
2020-21,2207,Pendleton SD 16,250,Non-Federal Sources,5400,Resources - Beginning Fund Balance,410445.85
2020-21,2207,Pendleton SD 16,252,Measure 98 - High School Success,5400,Resources - Beginning Fund Balance,-162451.98
2020-21,2207,Pendleton SD 16,299,Child Nutrition,5400,Resources - Beginning Fund Balance,441500.22
2020-21,2207,Pendleton SD 16,300,Debt Service Funds,1110,Ad valorem taxes levied by district,3121030.46
2020-21,2207,Pendleton SD 16,300,Debt Service Funds,1190,Penalties and interest on taxes,3183.55
2020-21,2207,Pendleton SD 16,252,Measure 98 - High School Success,3299,Other Restricted Grants-In-Aid,681838.51
2020-21,2207,Pendleton SD 16,299,Child Nutrition,3299,Other Restricted Grants-In-Aid,14892.05
2020-21,2207,Pendleton SD 16,201,Federal Sources,4500,Restricted Revenue From Federal Government Through the State,1334263.68
2020-21,2207,Pendleton SD 16,250,Non-Federal Sources,4500,Restricted Revenue From Federal Government Through the State,39922.77
2020-21,2207,Pendleton SD 16,299,Child Nutrition,4500,Restricted Revenue From Federal Government Through the State,1189706.57
2020-21,2207,Pendleton SD 16,299,Child Nutrition,4900,Revenue for/on Behalf of the District,65922.77
2020-21,2207,Pendleton SD 16,250,Non-Federal Sources,1920,Contributions and Donations From Private Sources,53182.6
2020-21,2207,Pendleton SD 16,250,Non-Federal Sources,1990,Miscellaneous,67606.93
2020-21,2207,Pendleton SD 16,299,Child Nutrition,1990,Miscellaneous,3731.27
2020-21,2207,Pendleton SD 16,299,Child Nutrition,3102,State School Fund--School Lunch Match,11819.54
2020-21,2207,Pendleton SD 16,250,Non-Federal Sources,3299,Other Restricted Grants-In-Aid,650962.89
2020-21,2207,Pendleton SD 16,251,Student Investment Account,3299,Other Restricted Grants-In-Aid,773770.62
2020-21,2207,Pendleton SD 16,100,General Fund,4801,Federal Forest Fees,6655.21
2020-21,2207,Pendleton SD 16,100,General Fund,4802,Impact Aid to School Districts for Operation,274114
2020-21,2207,Pendleton SD 16,100,General Fund,5400,Resources - Beginning Fund Balance,6593973.17
2020-21,2207,Pendleton SD 16,250,Non-Federal Sources,1500,Earnings on Investments,37.27
2020-21,2207,Pendleton SD 16,299,Child Nutrition,1600,Food Service,10974.79
2020-21,2207,Pendleton SD 16,250,Non-Federal Sources,1700,Extra-Curricular Activities,138157.73
2020-21,2207,Pendleton SD 16,100,General Fund,3101,State School Fund --General Support,24336408.05
2020-21,2207,Pendleton SD 16,100,General Fund,3103,Common School Fund,295828.8
2020-21,2207,Pendleton SD 16,100,General Fund,3222,State School Fund (SSF) Transportation Equipment,980000
2020-21,2207,Pendleton SD 16,100,General Fund,3299,Other Restricted Grants-In-Aid,6803.2
2020-21,2207,Pendleton SD 16,100,General Fund,4500,Restricted Revenue From Federal Government Through the State,960934.58
2020-21,2207,Pendleton SD 16,100,General Fund,4700,Grants-In-Aid From Federal Government Through Other Intermed,3943.63
2020-21,2207,Pendleton SD 16,100,General Fund,1920,Contributions and Donations From Private Sources,8599.66
2020-21,2207,Pendleton SD 16,100,General Fund,1960,Recovery of Prior Years' Expenditure,240.97
2020-21,2207,Pendleton SD 16,100,General Fund,1990,Miscellaneous,335815.33
2020-21,2207,Pendleton SD 16,100,General Fund,2101,County School Funds,93052.97
2020-21,2207,Pendleton SD 16,100,General Fund,2199,Other Intermediate Sources,16808.19
2020-21,2207,Pendleton SD 16,100,General Fund,2200,Restricted Revenue,97391.87
2020-21,2208,Athena-Weston SD 29RJ,400,Capital Projects Funds,1500,Earnings on Investments,1850.02
2020-21,2208,Athena-Weston SD 29RJ,400,Capital Projects Funds,5400,Resources - Beginning Fund Balance,-266851.31
2020-21,2208,Athena-Weston SD 29RJ,100,General Fund,4801,Federal Forest Fees,1265.2
2020-21,2208,Athena-Weston SD 29RJ,100,General Fund,4802,Impact Aid to School Districts for Operation,71566
2020-21,2208,Athena-Weston SD 29RJ,100,General Fund,4900,Revenue for/on Behalf of the District,23039.14
2020-21,2208,Athena-Weston SD 29RJ,100,General Fund,5400,Resources - Beginning Fund Balance,3605340.75
2020-21,2208,Athena-Weston SD 29RJ,300,Debt Service Funds,1110,Ad valorem taxes levied by district,448635.07
2020-21,2208,Athena-Weston SD 29RJ,300,Debt Service Funds,5400,Resources - Beginning Fund Balance,61916.42
2020-21,2208,Athena-Weston SD 29RJ,100,General Fund,1990,Miscellaneous,49986.6
2020-21,2208,Athena-Weston SD 29RJ,100,General Fund,2101,County School Funds,17555.18
2020-21,2208,Athena-Weston SD 29RJ,100,General Fund,3101,State School Fund --General Support,5486347.89
2020-21,2208,Athena-Weston SD 29RJ,100,General Fund,3102,State School Fund--School Lunch Match,2638.07
2020-21,2208,Athena-Weston SD 29RJ,100,General Fund,3103,Common School Fund,56147.9
2020-21,2208,Athena-Weston SD 29RJ,100,General Fund,4500,Restricted Revenue From Federal Government Through the State,496004.27
2020-21,2208,Athena-Weston SD 29RJ,252,Measure 98 - High School Success,3299,Other Restricted Grants-In-Aid,333008.09
2020-21,2208,Athena-Weston SD 29RJ,252,Measure 98 - High School Success,5400,Resources - Beginning Fund Balance,-154697.76
2020-21,2208,Athena-Weston SD 29RJ,251,Student Investment Account,3299,Other Restricted Grants-In-Aid,163529.73
2020-21,2208,Athena-Weston SD 29RJ,100,General Fund,1110,Ad valorem taxes levied by district,1440242.88
2020-21,2208,Athena-Weston SD 29RJ,100,General Fund,1500,Earnings on Investments,40051.82
2020-21,2208,Athena-Weston SD 29RJ,100,General Fund,1600,Food Service,1211.45
2020-21,2208,Athena-Weston SD 29RJ,250,Non-Federal Sources,4500,Restricted Revenue From Federal Government Through the State,8349
2020-21,2208,Athena-Weston SD 29RJ,250,Non-Federal Sources,5200,Interfund Transfers,130000
2020-21,2208,Athena-Weston SD 29RJ,250,Non-Federal Sources,5400,Resources - Beginning Fund Balance,137791.27
2020-21,2208,Athena-Weston SD 29RJ,300,Debt Service Funds,1500,Earnings on Investments,275.12
2020-21,2208,Athena-Weston SD 29RJ,400,Capital Projects Funds,3299,Other Restricted Grants-In-Aid,645869
2020-21,2208,Athena-Weston SD 29RJ,400,Capital Projects Funds,5200,Interfund Transfers,100000
2020-21,2208,Athena-Weston SD 29RJ,250,Non-Federal Sources,1700,Extra-Curricular Activities,30137.75
2020-21,2208,Athena-Weston SD 29RJ,250,Non-Federal Sources,1910,Rentals,24000
2020-21,2208,Athena-Weston SD 29RJ,250,Non-Federal Sources,1920,Contributions and Donations From Private Sources,10341.67
2020-21,2208,Athena-Weston SD 29RJ,250,Non-Federal Sources,1990,Miscellaneous,14724.24
2020-21,2208,Athena-Weston SD 29RJ,250,Non-Federal Sources,2200,Restricted Revenue,114639.35
2020-21,2208,Athena-Weston SD 29RJ,250,Non-Federal Sources,3299,Other Restricted Grants-In-Aid,301632.6
2020-21,2208,Athena-Weston SD 29RJ,100,General Fund,1930,Rental or Lease Payments from Private Contractors,4849.38
2020-21,2208,Athena-Weston SD 29RJ,201,Federal Sources,4300,Restricted Revenue Direct From the Federal Government,30108
2020-21,2208,Athena-Weston SD 29RJ,201,Federal Sources,4500,Restricted Revenue From Federal Government Through the State,131711
2020-21,2208,Athena-Weston SD 29RJ,201,Federal Sources,4700,Grants-In-Aid From Federal Government Through Other Intermed,63531.48
2020-21,2208,Athena-Weston SD 29RJ,201,Federal Sources,5400,Resources - Beginning Fund Balance,-54991.42
2020-21,2208,Athena-Weston SD 29RJ,250,Non-Federal Sources,1500,Earnings on Investments,67.77
2020-21,2209,Stanfield SD 61,201,Federal Sources,5400,Resources - Beginning Fund Balance,40268.46
2020-21,2209,Stanfield SD 61,252,Measure 98 - High School Success,5400,Resources - Beginning Fund Balance,2912.37
2020-21,2209,Stanfield SD 61,100,General Fund,1110,Ad valorem taxes levied by district,1347814.37
2020-21,2209,Stanfield SD 61,100,General Fund,1500,Earnings on Investments,20034.63
2020-21,2209,Stanfield SD 61,100,General Fund,1990,Miscellaneous,37708.65
2020-21,2209,Stanfield SD 61,100,General Fund,2101,County School Funds,14397.46
2020-21,2209,Stanfield SD 61,250,Non-Federal Sources,3299,Other Restricted Grants-In-Aid,2704.77
2020-21,2209,Stanfield SD 61,250,Non-Federal Sources,4700,Grants-In-Aid From Federal Government Through Other Intermed,4703.06
2020-21,2209,Stanfield SD 61,250,Non-Federal Sources,5200,Interfund Transfers,257734.82
2020-21,2209,Stanfield SD 61,300,Debt Service Funds,1500,Earnings on Investments,4503.08
2020-21,2209,Stanfield SD 61,300,Debt Service Funds,5400,Resources - Beginning Fund Balance,20448.46
2020-21,2209,Stanfield SD 61,400,Capital Projects Funds,5400,Resources - Beginning Fund Balance,12464374.96
2020-21,2209,Stanfield SD 61,400,Capital Projects Funds,1500,Earnings on Investments,64773.69
2020-21,2209,Stanfield SD 61,400,Capital Projects Funds,3299,Other Restricted Grants-In-Aid,4000000
2020-21,2209,Stanfield SD 61,400,Capital Projects Funds,1990,Miscellaneous,15438.18
2020-21,2209,Stanfield SD 61,201,Federal Sources,4500,Restricted Revenue From Federal Government Through the State,376279.53
2020-21,2209,Stanfield SD 61,250,Non-Federal Sources,1500,Earnings on Investments,48.62
2020-21,2209,Stanfield SD 61,250,Non-Federal Sources,1700,Extra-Curricular Activities,11413.44
2020-21,2209,Stanfield SD 61,299,Child Nutrition,5400,Resources - Beginning Fund Balance,14736.8
2020-21,2209,Stanfield SD 61,251,Student Investment Account,3299,Other Restricted Grants-In-Aid,156766.45
2020-21,2209,Stanfield SD 61,300,Debt Service Funds,1970,Services Provided Other Funds,392296.36
2020-21,2209,Stanfield SD 61,300,Debt Service Funds,1110,Ad valorem taxes levied by district,727563.81
2020-21,2209,Stanfield SD 61,300,Debt Service Funds,1190,Penalties and interest on taxes,449.18
2020-21,2209,Stanfield SD 61,300,Debt Service Funds,2199,Other Intermediate Sources,1872.36
2020-21,2209,Stanfield SD 61,299,Child Nutrition,1990,Miscellaneous,8000
2020-21,2209,Stanfield SD 61,299,Child Nutrition,3102,State School Fund--School Lunch Match,2161.26
2020-21,2209,Stanfield SD 61,299,Child Nutrition,3299,Other Restricted Grants-In-Aid,1500
2020-21,2209,Stanfield SD 61,299,Child Nutrition,4500,Restricted Revenue From Federal Government Through the State,168813.09
2020-21,2209,Stanfield SD 61,299,Child Nutrition,4900,Revenue for/on Behalf of the District,27154.16
2020-21,2209,Stanfield SD 61,299,Child Nutrition,5200,Interfund Transfers,35000
2020-21,2209,Stanfield SD 61,100,General Fund,5300,Sale of or Compensation for Loss of Fixed Assets,500
2020-21,2209,Stanfield SD 61,100,General Fund,5400,Resources - Beginning Fund Balance,2504823.03
2020-21,2209,Stanfield SD 61,250,Non-Federal Sources,5400,Resources - Beginning Fund Balance,365253.14
2020-21,2209,Stanfield SD 61,250,Non-Federal Sources,2200,Restricted Revenue,19002.32
2020-21,2209,Stanfield SD 61,252,Measure 98 - High School Success,3299,Other Restricted Grants-In-Aid,157815.57
2020-21,2209,Stanfield SD 61,299,Child Nutrition,1600,Food Service,1351.25
2020-21,2209,Stanfield SD 61,100,General Fund,2199,Other Intermediate Sources,3467.18
2020-21,2209,Stanfield SD 61,100,General Fund,3101,State School Fund --General Support,5017392.16
2020-21,2209,Stanfield SD 61,100,General Fund,3103,Common School Fund,48881.65
2020-21,2209,Stanfield SD 61,100,General Fund,3199,Other Unrestricted Grants-In-Aid,27469.81
2020-21,2209,Stanfield SD 61,100,General Fund,3299,Other Restricted Grants-In-Aid,129696.15
2020-21,2209,Stanfield SD 61,100,General Fund,4801,Federal Forest Fees,1037.63
2020-21,2210,Ukiah SD 80R,100,General Fund,1110,Ad valorem taxes levied by district,99444.56
2020-21,2210,Ukiah SD 80R,100,General Fund,1500,Earnings on Investments,5540.79
2020-21,2210,Ukiah SD 80R,100,General Fund,1920,Contributions and Donations From Private Sources,204
2020-21,2210,Ukiah SD 80R,100,General Fund,1990,Miscellaneous,3927.28
2020-21,2210,Ukiah SD 80R,100,General Fund,2101,County School Funds,1011.22
2020-21,2210,Ukiah SD 80R,100,General Fund,2800,Revenue in Lieu of Taxes,255.16
2020-21,2210,Ukiah SD 80R,299,Child Nutrition,5200,Interfund Transfers,9436.77
2020-21,2210,Ukiah SD 80R,299,Child Nutrition,5400,Resources - Beginning Fund Balance,6938.65
2020-21,2210,Ukiah SD 80R,400,Capital Projects Funds,5300,Sale of or Compensation for Loss of Fixed Assets,15972
2020-21,2210,Ukiah SD 80R,250,Non-Federal Sources,1920,Contributions and Donations From Private Sources,3090
2020-21,2210,Ukiah SD 80R,250,Non-Federal Sources,1990,Miscellaneous,100
2020-21,2210,Ukiah SD 80R,250,Non-Federal Sources,2200,Restricted Revenue,1000
2020-21,2210,Ukiah SD 80R,250,Non-Federal Sources,5200,Interfund Transfers,14497.64
2020-21,2210,Ukiah SD 80R,250,Non-Federal Sources,5400,Resources - Beginning Fund Balance,107392.45
2020-21,2210,Ukiah SD 80R,251,Student Investment Account,3299,Other Restricted Grants-In-Aid,24451.41
2020-21,2210,Ukiah SD 80R,201,Federal Sources,4100,Unrestricted Revenue Direct From the Federal Government,26107.95
2020-21,2210,Ukiah SD 80R,201,Federal Sources,4500,Restricted Revenue From Federal Government Through the State,22056
2020-21,2210,Ukiah SD 80R,201,Federal Sources,5400,Resources - Beginning Fund Balance,-9677.22
2020-21,2210,Ukiah SD 80R,250,Non-Federal Sources,1200,Revenue From Local Governmental Units Other Than Districts,30383.11
2020-21,2210,Ukiah SD 80R,250,Non-Federal Sources,1500,Earnings on Investments,95.16
2020-21,2210,Ukiah SD 80R,250,Non-Federal Sources,1700,Extra-Curricular Activities,4371.19
2020-21,2210,Ukiah SD 80R,100,General Fund,3101,State School Fund --General Support,922428.97
2020-21,2210,Ukiah SD 80R,100,General Fund,3103,Common School Fund,2749.64
2020-21,2210,Ukiah SD 80R,100,General Fund,3299,Other Restricted Grants-In-Aid,14374.51
2020-21,2210,Ukiah SD 80R,100,General Fund,4500,Restricted Revenue From Federal Government Through the State,2641.85
2020-21,2210,Ukiah SD 80R,100,General Fund,4801,Federal Forest Fees,72.88
2020-21,2210,Ukiah SD 80R,100,General Fund,5400,Resources - Beginning Fund Balance,400969.56
2020-21,2212,La Grande SD 1,400,Capital Projects Funds,5200,Interfund Transfers,600000
2020-21,2212,La Grande SD 1,400,Capital Projects Funds,5400,Resources - Beginning Fund Balance,867466.57
2020-21,2212,La Grande SD 1,700,Trust and Agency Funds,1920,Contributions and Donations From Private Sources,10483.64
2020-21,2212,La Grande SD 1,300,Debt Service Funds,3199,Other Unrestricted Grants-In-Aid,1105.29
2020-21,2212,La Grande SD 1,300,Debt Service Funds,5100,Long Term Debt Financing Sources,27830000
2020-21,2212,La Grande SD 1,300,Debt Service Funds,5200,Interfund Transfers,70588.24
2020-21,2212,La Grande SD 1,300,Debt Service Funds,5400,Resources - Beginning Fund Balance,2365605.95
2020-21,2212,La Grande SD 1,400,Capital Projects Funds,1500,Earnings on Investments,9067.82
2020-21,2212,La Grande SD 1,400,Capital Projects Funds,4300,Restricted Revenue Direct From the Federal Government,41761.15
2020-21,2212,La Grande SD 1,300,Debt Service Funds,1110,Ad valorem taxes levied by district,2255397.03
2020-21,2212,La Grande SD 1,300,Debt Service Funds,1190,Penalties and interest on taxes,169.32
2020-21,2212,La Grande SD 1,300,Debt Service Funds,1500,Earnings on Investments,16087.45
2020-21,2212,La Grande SD 1,300,Debt Service Funds,1970,Services Provided Other Funds,1067592.56
2020-21,2212,La Grande SD 1,300,Debt Service Funds,1990,Miscellaneous,0.99
2020-21,2212,La Grande SD 1,300,Debt Service Funds,2199,Other Intermediate Sources,3444.51
2020-21,2212,La Grande SD 1,299,Child Nutrition,1960,Recovery of Prior Years' Expenditure,50576.72
2020-21,2212,La Grande SD 1,299,Child Nutrition,3102,State School Fund--School Lunch Match,9507.5
2020-21,2212,La Grande SD 1,299,Child Nutrition,3299,Other Restricted Grants-In-Aid,7.85
2020-21,2212,La Grande SD 1,299,Child Nutrition,4500,Restricted Revenue From Federal Government Through the State,696814.68
2020-21,2212,La Grande SD 1,299,Child Nutrition,4900,Revenue for/on Behalf of the District,75405.3
2020-21,2212,La Grande SD 1,299,Child Nutrition,5400,Resources - Beginning Fund Balance,78193.69
2020-21,2212,La Grande SD 1,250,Non-Federal Sources,4500,Restricted Revenue From Federal Government Through the State,65528.56
2020-21,2212,La Grande SD 1,250,Non-Federal Sources,5200,Interfund Transfers,483736.2
2020-21,2212,La Grande SD 1,250,Non-Federal Sources,5400,Resources - Beginning Fund Balance,783515.21
2020-21,2212,La Grande SD 1,251,Student Investment Account,3299,Other Restricted Grants-In-Aid,596609.48
2020-21,2212,La Grande SD 1,252,Measure 98 - High School Success,3299,Other Restricted Grants-In-Aid,577797.03
2020-21,2212,La Grande SD 1,299,Child Nutrition,1600,Food Service,4595.98
2020-21,2212,La Grande SD 1,250,Non-Federal Sources,1700,Extra-Curricular Activities,31817.89
2020-21,2212,La Grande SD 1,250,Non-Federal Sources,1910,Rentals,2550
2020-21,2212,La Grande SD 1,250,Non-Federal Sources,1920,Contributions and Donations From Private Sources,22275.46
2020-21,2212,La Grande SD 1,250,Non-Federal Sources,1990,Miscellaneous,423038.85
2020-21,2212,La Grande SD 1,250,Non-Federal Sources,3299,Other Restricted Grants-In-Aid,706796.68
2020-21,2212,La Grande SD 1,250,Non-Federal Sources,4202,Medicaid Reimbursement for Eligible K-12 Expenses (Ages Five to Twenty-One),72508.47
2020-21,2212,La Grande SD 1,100,General Fund,3103,Common School Fund,241520.18
2020-21,2212,La Grande SD 1,100,General Fund,3199,Other Unrestricted Grants-In-Aid,2950.62
2020-21,2212,La Grande SD 1,100,General Fund,3299,Other Restricted Grants-In-Aid,74511.51
2020-21,2212,La Grande SD 1,100,General Fund,4801,Federal Forest Fees,86917.74
2020-21,2212,La Grande SD 1,100,General Fund,5400,Resources - Beginning Fund Balance,2776412.58
2020-21,2212,La Grande SD 1,201,Federal Sources,4500,Restricted Revenue From Federal Government Through the State,2338461.06
2020-21,2212,La Grande SD 1,100,General Fund,1960,Recovery of Prior Years' Expenditure,2176.14
2020-21,2212,La Grande SD 1,100,General Fund,1980,Fees Charged to Grants,26950.49
2020-21,2212,La Grande SD 1,100,General Fund,1990,Miscellaneous,85152.27
2020-21,2212,La Grande SD 1,100,General Fund,2101,County School Funds,133200.12
2020-21,2212,La Grande SD 1,100,General Fund,2199,Other Intermediate Sources,9195.24
2020-21,2212,La Grande SD 1,100,General Fund,3101,State School Fund --General Support,17244921.1
2020-21,2212,La Grande SD 1,100,General Fund,1190,Penalties and interest on taxes,1181.75
2020-21,2212,La Grande SD 1,100,General Fund,1500,Earnings on Investments,58942.97
2020-21,2212,La Grande SD 1,100,General Fund,1910,Rentals,11300
2020-21,2212,La Grande SD 1,100,General Fund,1920,Contributions and Donations From Private Sources,1200
2020-21,2212,La Grande SD 1,100,General Fund,1940,Services Provided Other Local Education Agencies,27232.45
2020-21,2212,La Grande SD 1,100,General Fund,1950,Textbook Sales and Rentals,2196.49
2020-21,2212,La Grande SD 1,100,General Fund,1110,Ad valorem taxes levied by district,6047246.69
2020-21,2213,Union SD 5,400,Capital Projects Funds,5400,Resources - Beginning Fund Balance,4160746.47
2020-21,2213,Union SD 5,200,Special Revenue Funds,5400,Resources - Beginning Fund Balance,205238.9
2020-21,2213,Union SD 5,300,Debt Service Funds,1110,Ad valorem taxes levied by district,201289.34
2020-21,2213,Union SD 5,300,Debt Service Funds,1500,Earnings on Investments,12284.93
2020-21,2213,Union SD 5,300,Debt Service Funds,1970,Services Provided Other Funds,178868
2020-21,2213,Union SD 5,300,Debt Service Funds,5400,Resources - Beginning Fund Balance,0.22
2020-21,2213,Union SD 5,400,Capital Projects Funds,1500,Earnings on Investments,17837.6
2020-21,2213,Union SD 5,200,Special Revenue Funds,4100,Unrestricted Revenue Direct From the Federal Government,116315.85
2020-21,2213,Union SD 5,200,Special Revenue Funds,4200,Unrestricted Revenue From Federal Government Through State,32937
2020-21,2213,Union SD 5,200,Special Revenue Funds,4300,Restricted Revenue Direct From the Federal Government,63194.24
2020-21,2213,Union SD 5,200,Special Revenue Funds,4500,Restricted Revenue From Federal Government Through the State,177014.73
2020-21,2213,Union SD 5,200,Special Revenue Funds,4900,Revenue for/on Behalf of the District,11296
2020-21,2213,Union SD 5,200,Special Revenue Funds,5200,Interfund Transfers,64500
2020-21,2213,Union SD 5,100,General Fund,5400,Resources - Beginning Fund Balance,2045773.57
2020-21,2213,Union SD 5,200,Special Revenue Funds,1600,Food Service,-0.5
2020-21,2213,Union SD 5,200,Special Revenue Funds,1700,Extra-Curricular Activities,36920
2020-21,2213,Union SD 5,200,Special Revenue Funds,1920,Contributions and Donations From Private Sources,17185.46
2020-21,2213,Union SD 5,200,Special Revenue Funds,1990,Miscellaneous,5
2020-21,2213,Union SD 5,200,Special Revenue Funds,3299,Other Restricted Grants-In-Aid,218831.18
2020-21,2213,Union SD 5,100,General Fund,2101,County School Funds,21683.9
2020-21,2213,Union SD 5,100,General Fund,3101,State School Fund --General Support,3400523.04
2020-21,2213,Union SD 5,100,General Fund,3103,Common School Fund,36877.13
2020-21,2213,Union SD 5,100,General Fund,3299,Other Restricted Grants-In-Aid,196848.08
2020-21,2213,Union SD 5,100,General Fund,4500,Restricted Revenue From Federal Government Through the State,94688.2
2020-21,2213,Union SD 5,100,General Fund,4801,Federal Forest Fees,14149.5
2020-21,2213,Union SD 5,100,General Fund,1110,Ad valorem taxes levied by district,1076517.84
2020-21,2213,Union SD 5,100,General Fund,1500,Earnings on Investments,23079.3
2020-21,2213,Union SD 5,100,General Fund,1700,Extra-Curricular Activities,2753
2020-21,2213,Union SD 5,100,General Fund,1940,Services Provided Other Local Education Agencies,61467.74
2020-21,2213,Union SD 5,100,General Fund,1990,Miscellaneous,35190.51
2020-21,2214,North Powder SD 8J,100,General Fund,1110,Ad valorem taxes levied by district,483657.11
2020-21,2214,North Powder SD 8J,100,General Fund,1500,Earnings on Investments,5779.79
2020-21,2214,North Powder SD 8J,100,General Fund,1940,Services Provided Other Local Education Agencies,1800
2020-21,2214,North Powder SD 8J,100,General Fund,1990,Miscellaneous,28346.74
2020-21,2214,North Powder SD 8J,100,General Fund,2101,County School Funds,10836.21
2020-21,2214,North Powder SD 8J,100,General Fund,2800,Revenue in Lieu of Taxes,656.8
2020-21,2214,North Powder SD 8J,300,Debt Service Funds,2800,Revenue in Lieu of Taxes,258.45
2020-21,2214,North Powder SD 8J,300,Debt Service Funds,5400,Resources - Beginning Fund Balance,11219.11
2020-21,2214,North Powder SD 8J,400,Capital Projects Funds,3299,Other Restricted Grants-In-Aid,131900
2020-21,2214,North Powder SD 8J,400,Capital Projects Funds,5400,Resources - Beginning Fund Balance,-87.5
2020-21,2214,North Powder SD 8J,299,Child Nutrition,3299,Other Restricted Grants-In-Aid,886.67
2020-21,2214,North Powder SD 8J,299,Child Nutrition,4500,Restricted Revenue From Federal Government Through the State,130104.66
2020-21,2214,North Powder SD 8J,299,Child Nutrition,4900,Revenue for/on Behalf of the District,8172.43
2020-21,2214,North Powder SD 8J,299,Child Nutrition,5200,Interfund Transfers,88476
2020-21,2214,North Powder SD 8J,299,Child Nutrition,5400,Resources - Beginning Fund Balance,1518.91
2020-21,2214,North Powder SD 8J,300,Debt Service Funds,1110,Ad valorem taxes levied by district,184906
2020-21,2214,North Powder SD 8J,252,Measure 98 - High School Success,1990,Miscellaneous,14041.76
2020-21,2214,North Powder SD 8J,252,Measure 98 - High School Success,3299,Other Restricted Grants-In-Aid,96637.96
2020-21,2214,North Powder SD 8J,252,Measure 98 - High School Success,5200,Interfund Transfers,5550
2020-21,2214,North Powder SD 8J,252,Measure 98 - High School Success,5400,Resources - Beginning Fund Balance,116748.26
2020-21,2214,North Powder SD 8J,299,Child Nutrition,1600,Food Service,1379.26
2020-21,2214,North Powder SD 8J,299,Child Nutrition,1990,Miscellaneous,140.43
2020-21,2214,North Powder SD 8J,201,Federal Sources,5200,Interfund Transfers,5973.38
2020-21,2214,North Powder SD 8J,201,Federal Sources,5400,Resources - Beginning Fund Balance,-1339.08
2020-21,2214,North Powder SD 8J,251,Student Investment Account,3299,Other Restricted Grants-In-Aid,96632.17
2020-21,2214,North Powder SD 8J,252,Measure 98 - High School Success,1500,Earnings on Investments,13.92
2020-21,2214,North Powder SD 8J,252,Measure 98 - High School Success,1700,Extra-Curricular Activities,68053.87
2020-21,2214,North Powder SD 8J,252,Measure 98 - High School Success,1920,Contributions and Donations From Private Sources,14305.39
2020-21,2214,North Powder SD 8J,100,General Fund,5400,Resources - Beginning Fund Balance,421466.67
2020-21,2214,North Powder SD 8J,201,Federal Sources,1920,Contributions and Donations From Private Sources,6700
2020-21,2214,North Powder SD 8J,201,Federal Sources,3299,Other Restricted Grants-In-Aid,43083.15
2020-21,2214,North Powder SD 8J,201,Federal Sources,4100,Unrestricted Revenue Direct From the Federal Government,23669
2020-21,2214,North Powder SD 8J,201,Federal Sources,4500,Restricted Revenue From Federal Government Through the State,151043.51
2020-21,2214,North Powder SD 8J,201,Federal Sources,4900,Revenue for/on Behalf of the District,50632.42
2020-21,2214,North Powder SD 8J,100,General Fund,3101,State School Fund --General Support,3415589.97
2020-21,2214,North Powder SD 8J,100,General Fund,3103,Common School Fund,26900.58
2020-21,2214,North Powder SD 8J,100,General Fund,3299,Other Restricted Grants-In-Aid,345.6
2020-21,2214,North Powder SD 8J,100,General Fund,4500,Restricted Revenue From Federal Government Through the State,139286.59
2020-21,2214,North Powder SD 8J,100,General Fund,4801,Federal Forest Fees,12784.92
2020-21,2214,North Powder SD 8J,100,General Fund,5200,Interfund Transfers,4000
2020-21,2215,Imbler SD 11,200,Special Revenue Funds,4900,Revenue for/on Behalf of the District,8523.49
2020-21,2215,Imbler SD 11,200,Special Revenue Funds,5200,Interfund Transfers,52277.34
2020-21,2215,Imbler SD 11,300,Debt Service Funds,1110,Ad valorem taxes levied by district,223246.47
2020-21,2215,Imbler SD 11,300,Debt Service Funds,1500,Earnings on Investments,14301.51
2020-21,2215,Imbler SD 11,300,Debt Service Funds,4900,Revenue for/on Behalf of the District,303971.44
2020-21,2215,Imbler SD 11,300,Debt Service Funds,5200,Interfund Transfers,2091.86
2020-21,2215,Imbler SD 11,200,Special Revenue Funds,1700,Extra-Curricular Activities,179130.2
2020-21,2215,Imbler SD 11,200,Special Revenue Funds,3102,State School Fund--School Lunch Match,1252.66
2020-21,2215,Imbler SD 11,200,Special Revenue Funds,3199,Other Unrestricted Grants-In-Aid,34494
2020-21,2215,Imbler SD 11,200,Special Revenue Funds,3222,State School Fund (SSF) Transportation Equipment,60291
2020-21,2215,Imbler SD 11,200,Special Revenue Funds,3299,Other Restricted Grants-In-Aid,349814.04
2020-21,2215,Imbler SD 11,200,Special Revenue Funds,4500,Restricted Revenue From Federal Government Through the State,235784.05
2020-21,2215,Imbler SD 11,100,General Fund,3299,Other Restricted Grants-In-Aid,1383.2
2020-21,2215,Imbler SD 11,100,General Fund,4500,Restricted Revenue From Federal Government Through the State,97974.87
2020-21,2215,Imbler SD 11,100,General Fund,4801,Federal Forest Fees,10949.29
2020-21,2215,Imbler SD 11,100,General Fund,5200,Interfund Transfers,115612
2020-21,2215,Imbler SD 11,100,General Fund,5400,Resources - Beginning Fund Balance,2039182.35
2020-21,2215,Imbler SD 11,200,Special Revenue Funds,1600,Food Service,5877.71
2020-21,2215,Imbler SD 11,100,General Fund,1110,Ad valorem taxes levied by district,614942.77
2020-21,2215,Imbler SD 11,100,General Fund,1500,Earnings on Investments,23031.26
2020-21,2215,Imbler SD 11,100,General Fund,1990,Miscellaneous,17275.55
2020-21,2215,Imbler SD 11,100,General Fund,2101,County School Funds,16779.62
2020-21,2215,Imbler SD 11,100,General Fund,3101,State School Fund --General Support,3418146.45
2020-21,2215,Imbler SD 11,100,General Fund,3103,Common School Fund,29682.38
2020-21,2215,Imbler SD 11,200,Special Revenue Funds,5400,Resources - Beginning Fund Balance,418178.22
2020-21,2215,Imbler SD 11,300,Debt Service Funds,5400,Resources - Beginning Fund Balance,1749999.61
2020-21,2216,Cove SD 15,200,Special Revenue Funds,5200,Interfund Transfers,39183
2020-21,2216,Cove SD 15,200,Special Revenue Funds,5400,Resources - Beginning Fund Balance,30328.15
2020-21,2216,Cove SD 15,300,Debt Service Funds,1110,Ad valorem taxes levied by district,1608.29
2020-21,2216,Cove SD 15,300,Debt Service Funds,1500,Earnings on Investments,151.03
2020-21,2216,Cove SD 15,300,Debt Service Funds,5400,Resources - Beginning Fund Balance,4.74
2020-21,2216,Cove SD 15,200,Special Revenue Funds,1500,Earnings on Investments,151.09
2020-21,2216,Cove SD 15,200,Special Revenue Funds,1600,Food Service,2020.25
2020-21,2216,Cove SD 15,200,Special Revenue Funds,1700,Extra-Curricular Activities,29742.9
2020-21,2216,Cove SD 15,200,Special Revenue Funds,3299,Other Restricted Grants-In-Aid,378489.54
2020-21,2216,Cove SD 15,200,Special Revenue Funds,4500,Restricted Revenue From Federal Government Through the State,247121.06
2020-21,2216,Cove SD 15,200,Special Revenue Funds,4900,Revenue for/on Behalf of the District,5603.95
2020-21,2216,Cove SD 15,100,General Fund,3103,Common School Fund,29659.81
2020-21,2216,Cove SD 15,100,General Fund,3199,Other Unrestricted Grants-In-Aid,5121.75
2020-21,2216,Cove SD 15,100,General Fund,4500,Restricted Revenue From Federal Government Through the State,306434.87
2020-21,2216,Cove SD 15,100,General Fund,4801,Federal Forest Fees,10893.91
2020-21,2216,Cove SD 15,100,General Fund,5200,Interfund Transfers,368019
2020-21,2216,Cove SD 15,100,General Fund,5400,Resources - Beginning Fund Balance,1149836.37
2020-21,2216,Cove SD 15,100,General Fund,1110,Ad valorem taxes levied by district,775861.68
2020-21,2216,Cove SD 15,100,General Fund,1500,Earnings on Investments,14954.71
2020-21,2216,Cove SD 15,100,General Fund,1990,Miscellaneous,31039.71
2020-21,2216,Cove SD 15,100,General Fund,2101,County School Funds,16694.75
2020-21,2216,Cove SD 15,100,General Fund,3101,State School Fund --General Support,3460932.49
2020-21,2217,Elgin SD 23,100,General Fund,1110,Ad valorem taxes levied by district,951151.5
2020-21,2217,Elgin SD 23,100,General Fund,1500,Earnings on Investments,32033
2020-21,2217,Elgin SD 23,100,General Fund,1700,Extra-Curricular Activities,6725.67
2020-21,2217,Elgin SD 23,100,General Fund,1940,Services Provided Other Local Education Agencies,17443.7
2020-21,2217,Elgin SD 23,100,General Fund,1990,Miscellaneous,25059.25
2020-21,2217,Elgin SD 23,100,General Fund,2101,County School Funds,24246.15
2020-21,2217,Elgin SD 23,200,Special Revenue Funds,4500,Restricted Revenue From Federal Government Through the State,514601.35
2020-21,2217,Elgin SD 23,200,Special Revenue Funds,4900,Revenue for/on Behalf of the District,14488
2020-21,2217,Elgin SD 23,200,Special Revenue Funds,5200,Interfund Transfers,35000
2020-21,2217,Elgin SD 23,200,Special Revenue Funds,5400,Resources - Beginning Fund Balance,100498.25
2020-21,2217,Elgin SD 23,100,General Fund,3299,Other Restricted Grants-In-Aid,16234.28
2020-21,2217,Elgin SD 23,200,Special Revenue Funds,1311,Tuition from Individuals,16510
2020-21,2217,Elgin SD 23,100,General Fund,5400,Resources - Beginning Fund Balance,1122430.99
2020-21,2217,Elgin SD 23,200,Special Revenue Funds,1600,Food Service,5363.05
2020-21,2217,Elgin SD 23,200,Special Revenue Funds,1700,Extra-Curricular Activities,78298
2020-21,2217,Elgin SD 23,200,Special Revenue Funds,1990,Miscellaneous,41660.37
2020-21,2217,Elgin SD 23,200,Special Revenue Funds,3299,Other Restricted Grants-In-Aid,564777.93
2020-21,2217,Elgin SD 23,200,Special Revenue Funds,4200,Unrestricted Revenue From Federal Government Through State,76896.38
2020-21,2217,Elgin SD 23,100,General Fund,3101,State School Fund --General Support,3978276.85
2020-21,2217,Elgin SD 23,100,General Fund,3103,Common School Fund,40887.93
2020-21,2217,Elgin SD 23,100,General Fund,4100,Unrestricted Revenue Direct From the Federal Government,13082
2020-21,2217,Elgin SD 23,100,General Fund,4200,Unrestricted Revenue From Federal Government Through State,31548
2020-21,2217,Elgin SD 23,100,General Fund,4801,Federal Forest Fees,15821.46
2020-21,2217,Elgin SD 23,100,General Fund,5200,Interfund Transfers,5000
2020-21,2218,Region 18 ESD,100,General Fund,1110,Ad valorem taxes levied by district,3377923.82
2020-21,2218,Region 18 ESD,100,General Fund,1500,Earnings on Investments,19177.74
2020-21,2218,Region 18 ESD,100,General Fund,1910,Rentals,7680
2020-21,2218,Region 18 ESD,100,General Fund,1940,Services Provided Other Local Education Agencies,187782.78
2020-21,2218,Region 18 ESD,100,General Fund,1990,Miscellaneous,37310.85
2020-21,2218,Region 18 ESD,100,General Fund,3299,Other Restricted Grants-In-Aid,40775.93
2020-21,2218,Region 18 ESD,500,Enterprise Funds,5400,Resources - Beginning Fund Balance,124447.81
2020-21,2218,Region 18 ESD,200,Special Revenue Funds,4200,Unrestricted Revenue From Federal Government Through State,55776.88
2020-21,2218,Region 18 ESD,200,Special Revenue Funds,4500,Restricted Revenue From Federal Government Through the State,231138.36
2020-21,2218,Region 18 ESD,200,Special Revenue Funds,5400,Resources - Beginning Fund Balance,238956.07
2020-21,2218,Region 18 ESD,500,Enterprise Funds,1940,Services Provided Other Local Education Agencies,59328.58
2020-21,2218,Region 18 ESD,500,Enterprise Funds,1990,Miscellaneous,335589.64
2020-21,2218,Region 18 ESD,500,Enterprise Funds,5200,Interfund Transfers,320000
2020-21,2218,Region 18 ESD,100,General Fund,3800,Revenue in Lieu of Taxes,2100.82
2020-21,2218,Region 18 ESD,100,General Fund,5400,Resources - Beginning Fund Balance,1250476.14
2020-21,2218,Region 18 ESD,200,Special Revenue Funds,1940,Services Provided Other Local Education Agencies,916864.76
2020-21,2218,Region 18 ESD,200,Special Revenue Funds,1980,Fees Charged to Grants,11076.85
2020-21,2218,Region 18 ESD,200,Special Revenue Funds,1990,Miscellaneous,13000
2020-21,2218,Region 18 ESD,200,Special Revenue Funds,3299,Other Restricted Grants-In-Aid,248717.85
2020-21,2219,Joseph SD 6,100,General Fund,1110,Ad valorem taxes levied by district,579044.46
2020-21,2219,Joseph SD 6,100,General Fund,1500,Earnings on Investments,52069.31
2020-21,2219,Joseph SD 6,100,General Fund,1990,Miscellaneous,20408.72
2020-21,2219,Joseph SD 6,100,General Fund,2103,Excess ESD Local Revenue,635390.92
2020-21,2219,Joseph SD 6,100,General Fund,3101,State School Fund --General Support,2986778.28
2020-21,2219,Joseph SD 6,100,General Fund,3103,Common School Fund,24199.55
2020-21,2219,Joseph SD 6,300,Debt Service Funds,5400,Resources - Beginning Fund Balance,938580.83
2020-21,2219,Joseph SD 6,400,Capital Projects Funds,1990,Miscellaneous,2629574.83
2020-21,2219,Joseph SD 6,400,Capital Projects Funds,5400,Resources - Beginning Fund Balance,235972.46
2020-21,2219,Joseph SD 6,200,Special Revenue Funds,3102,State School Fund--School Lunch Match,887.83
2020-21,2219,Joseph SD 6,200,Special Revenue Funds,3199,Other Unrestricted Grants-In-Aid,366139.48
2020-21,2219,Joseph SD 6,200,Special Revenue Funds,3900,Revenue for/on Behalf of the District,8898.36
2020-21,2219,Joseph SD 6,200,Special Revenue Funds,4500,Restricted Revenue From Federal Government Through the State,309859.5
2020-21,2219,Joseph SD 6,200,Special Revenue Funds,5200,Interfund Transfers,65000
2020-21,2219,Joseph SD 6,200,Special Revenue Funds,5400,Resources - Beginning Fund Balance,1556640.88
2020-21,2219,Joseph SD 6,100,General Fund,3199,Other Unrestricted Grants-In-Aid,27021.41
2020-21,2219,Joseph SD 6,100,General Fund,3800,Revenue in Lieu of Taxes,360.13
2020-21,2219,Joseph SD 6,100,General Fund,4801,Federal Forest Fees,64592.3
2020-21,2219,Joseph SD 6,100,General Fund,5400,Resources - Beginning Fund Balance,3108841.91
2020-21,2219,Joseph SD 6,200,Special Revenue Funds,1600,Food Service,1628.37
2020-21,2219,Joseph SD 6,200,Special Revenue Funds,1990,Miscellaneous,36000.23
2020-21,2220,Wallowa SD 12,100,General Fund,1110,Ad valorem taxes levied by district,269531.01
2020-21,2220,Wallowa SD 12,100,General Fund,1500,Earnings on Investments,18073.38
2020-21,2220,Wallowa SD 12,100,General Fund,1700,Extra-Curricular Activities,3537.75
2020-21,2220,Wallowa SD 12,100,General Fund,1990,Miscellaneous,51155.35
2020-21,2220,Wallowa SD 12,100,General Fund,2103,Excess ESD Local Revenue,459275.53
2020-21,2220,Wallowa SD 12,100,General Fund,3101,State School Fund --General Support,2240427.78
2020-21,2220,Wallowa SD 12,200,Special Revenue Funds,4500,Restricted Revenue From Federal Government Through the State,706201.16
2020-21,2220,Wallowa SD 12,200,Special Revenue Funds,5200,Interfund Transfers,45000
2020-21,2220,Wallowa SD 12,200,Special Revenue Funds,5400,Resources - Beginning Fund Balance,1394092.54
2020-21,2220,Wallowa SD 12,400,Capital Projects Funds,3199,Other Unrestricted Grants-In-Aid,66687
2020-21,2220,Wallowa SD 12,400,Capital Projects Funds,5200,Interfund Transfers,26854.14
2020-21,2220,Wallowa SD 12,400,Capital Projects Funds,5400,Resources - Beginning Fund Balance,171683.09
2020-21,2220,Wallowa SD 12,200,Special Revenue Funds,1600,Food Service,3576.25
2020-21,2220,Wallowa SD 12,200,Special Revenue Funds,1990,Miscellaneous,17220.94
2020-21,2220,Wallowa SD 12,200,Special Revenue Funds,3102,State School Fund--School Lunch Match,723.12
2020-21,2220,Wallowa SD 12,200,Special Revenue Funds,3199,Other Unrestricted Grants-In-Aid,71469.6
2020-21,2220,Wallowa SD 12,200,Special Revenue Funds,3299,Other Restricted Grants-In-Aid,87954.88
2020-21,2220,Wallowa SD 12,200,Special Revenue Funds,3900,Revenue for/on Behalf of the District,4196.12
2020-21,2220,Wallowa SD 12,100,General Fund,3103,Common School Fund,17453.5
2020-21,2220,Wallowa SD 12,100,General Fund,3199,Other Unrestricted Grants-In-Aid,11682.08
2020-21,2220,Wallowa SD 12,100,General Fund,3299,Other Restricted Grants-In-Aid,14360.11
2020-21,2220,Wallowa SD 12,100,General Fund,3800,Revenue in Lieu of Taxes,167.61
2020-21,2220,Wallowa SD 12,100,General Fund,4801,Federal Forest Fees,49418.24
2020-21,2220,Wallowa SD 12,100,General Fund,5400,Resources - Beginning Fund Balance,645440.3
2020-21,2221,Enterprise SD 21,100,General Fund,1110,Ad valorem taxes levied by district,534976.17
2020-21,2221,Enterprise SD 21,100,General Fund,1500,Earnings on Investments,46872.65
2020-21,2221,Enterprise SD 21,100,General Fund,1700,Extra-Curricular Activities,20730.53
2020-21,2221,Enterprise SD 21,100,General Fund,1990,Miscellaneous,25190.3
2020-21,2221,Enterprise SD 21,100,General Fund,2103,Excess ESD Local Revenue,781082.17
2020-21,2221,Enterprise SD 21,100,General Fund,3101,State School Fund --General Support,3623820.04
2020-21,2221,Enterprise SD 21,400,Capital Projects Funds,1500,Earnings on Investments,7889.97
2020-21,2221,Enterprise SD 21,400,Capital Projects Funds,1990,Miscellaneous,68826
2020-21,2221,Enterprise SD 21,400,Capital Projects Funds,5100,Long Term Debt Financing Sources,4000000
2020-21,2221,Enterprise SD 21,400,Capital Projects Funds,5400,Resources - Beginning Fund Balance,414692.98
2020-21,2221,Enterprise SD 21,200,Special Revenue Funds,3900,Revenue for/on Behalf of the District,10631.61
2020-21,2221,Enterprise SD 21,200,Special Revenue Funds,4500,Restricted Revenue From Federal Government Through the State,423730.37
2020-21,2221,Enterprise SD 21,200,Special Revenue Funds,5200,Interfund Transfers,47500
2020-21,2221,Enterprise SD 21,200,Special Revenue Funds,5400,Resources - Beginning Fund Balance,1007899.53
2020-21,2221,Enterprise SD 21,300,Debt Service Funds,1500,Earnings on Investments,1063.66
2020-21,2221,Enterprise SD 21,300,Debt Service Funds,5400,Resources - Beginning Fund Balance,1230922.39
2020-21,2221,Enterprise SD 21,200,Special Revenue Funds,1600,Food Service,5671
2020-21,2221,Enterprise SD 21,200,Special Revenue Funds,1920,Contributions and Donations From Private Sources,15876.87
2020-21,2221,Enterprise SD 21,200,Special Revenue Funds,1990,Miscellaneous,59795.47
2020-21,2221,Enterprise SD 21,200,Special Revenue Funds,3102,State School Fund--School Lunch Match,1473.93
2020-21,2221,Enterprise SD 21,200,Special Revenue Funds,3199,Other Unrestricted Grants-In-Aid,380214.38
2020-21,2221,Enterprise SD 21,200,Special Revenue Funds,3299,Other Restricted Grants-In-Aid,26420.94
2020-21,2221,Enterprise SD 21,100,General Fund,3103,Common School Fund,39435.51
2020-21,2221,Enterprise SD 21,100,General Fund,3199,Other Unrestricted Grants-In-Aid,9894.6
2020-21,2221,Enterprise SD 21,100,General Fund,3800,Revenue in Lieu of Taxes,332.73
2020-21,2221,Enterprise SD 21,100,General Fund,3900,Revenue for/on Behalf of the District,28925.96
2020-21,2221,Enterprise SD 21,100,General Fund,4801,Federal Forest Fees,87230.38
2020-21,2221,Enterprise SD 21,100,General Fund,5400,Resources - Beginning Fund Balance,3304440.17
2020-21,2222,Troy SD 54,100,General Fund,1110,Ad valorem taxes levied by district,10107.64
2020-21,2222,Troy SD 54,100,General Fund,1500,Earnings on Investments,8732.9
2020-21,2222,Troy SD 54,100,General Fund,1910,Rentals,3600
2020-21,2222,Troy SD 54,100,General Fund,1990,Miscellaneous,2576.8
2020-21,2222,Troy SD 54,100,General Fund,2103,Excess ESD Local Revenue,39977.2
2020-21,2222,Troy SD 54,100,General Fund,3101,State School Fund --General Support,222302.03
2020-21,2222,Troy SD 54,200,Special Revenue Funds,5400,Resources - Beginning Fund Balance,120923.67
2020-21,2222,Troy SD 54,100,General Fund,3103,Common School Fund,240.9
2020-21,2222,Troy SD 54,100,General Fund,3800,Revenue in Lieu of Taxes,6.28
2020-21,2222,Troy SD 54,100,General Fund,4801,Federal Forest Fees,3814.03
2020-21,2222,Troy SD 54,100,General Fund,5400,Resources - Beginning Fund Balance,982450.41
2020-21,2222,Troy SD 54,200,Special Revenue Funds,3299,Other Restricted Grants-In-Aid,10584
2020-21,2222,Troy SD 54,200,Special Revenue Funds,4500,Restricted Revenue From Federal Government Through the State,2087.77
2020-21,2223,Columbia Gorge ESD,100,General Fund,1110,Ad valorem taxes levied by district,2392221.46
2020-21,2223,Columbia Gorge ESD,100,General Fund,1190,Penalties and interest on taxes,6215.9
2020-21,2223,Columbia Gorge ESD,100,General Fund,1500,Earnings on Investments,17241.56
2020-21,2223,Columbia Gorge ESD,100,General Fund,1940,Services Provided Other Local Education Agencies,284351.22
2020-21,2223,Columbia Gorge ESD,100,General Fund,1980,Fees Charged to Grants,400059.21
2020-21,2223,Columbia Gorge ESD,100,General Fund,1990,Miscellaneous,4595.15
2020-21,2223,Columbia Gorge ESD,600,Internal Service Funds,5400,Resources - Beginning Fund Balance,14396.78
2020-21,2223,Columbia Gorge ESD,100,General Fund,5400,Resources - Beginning Fund Balance,999278.42
2020-21,2223,Columbia Gorge ESD,200,Special Revenue Funds,5400,Resources - Beginning Fund Balance,560767.92
2020-21,2223,Columbia Gorge ESD,200,Special Revenue Funds,4200,Unrestricted Revenue From Federal Government Through State,3605.46
2020-21,2223,Columbia Gorge ESD,200,Special Revenue Funds,4500,Restricted Revenue From Federal Government Through the State,1577688.84
2020-21,2223,Columbia Gorge ESD,600,Internal Service Funds,1970,Services Provided Other Funds,3460.83
2020-21,2223,Columbia Gorge ESD,200,Special Revenue Funds,3299,Other Restricted Grants-In-Aid,3595277.24
2020-21,2223,Columbia Gorge ESD,200,Special Revenue Funds,1920,Contributions and Donations From Private Sources,224891.31
2020-21,2223,Columbia Gorge ESD,400,Capital Projects Funds,5400,Resources - Beginning Fund Balance,26498.31
2020-21,2223,Columbia Gorge ESD,100,General Fund,3101,State School Fund --General Support,1535481.08
2020-21,2223,Columbia Gorge ESD,100,General Fund,4200,Unrestricted Revenue From Federal Government Through State,19838.8
2020-21,2223,Columbia Gorge ESD,200,Special Revenue Funds,1500,Earnings on Investments,1.85
2020-21,2223,Columbia Gorge ESD,200,Special Revenue Funds,1940,Services Provided Other Local Education Agencies,33857.09
2020-21,2223,Columbia Gorge ESD,200,Special Revenue Funds,1960,Recovery of Prior Years' Expenditure,12997.8
2020-21,2223,Columbia Gorge ESD,200,Special Revenue Funds,1990,Miscellaneous,25766.35
2020-21,2225,South Wasco County SD 1,100,General Fund,1110,Ad valorem taxes levied by district,1666267.21
2020-21,2225,South Wasco County SD 1,100,General Fund,1500,Earnings on Investments,11915.89
2020-21,2225,South Wasco County SD 1,100,General Fund,1700,Extra-Curricular Activities,646.15
2020-21,2225,South Wasco County SD 1,100,General Fund,1920,Contributions and Donations From Private Sources,5213.49
2020-21,2225,South Wasco County SD 1,100,General Fund,1990,Miscellaneous,17623.64
2020-21,2225,South Wasco County SD 1,100,General Fund,2900,Revenue for/on Behalf of the District,6056
2020-21,2225,South Wasco County SD 1,400,Capital Projects Funds,5400,Resources - Beginning Fund Balance,293979.5
2020-21,2225,South Wasco County SD 1,700,Trust and Agency Funds,1500,Earnings on Investments,783.48
2020-21,2225,South Wasco County SD 1,700,Trust and Agency Funds,1920,Contributions and Donations From Private Sources,6500
2020-21,2225,South Wasco County SD 1,700,Trust and Agency Funds,5400,Resources - Beginning Fund Balance,104458.31
2020-21,2225,South Wasco County SD 1,200,Special Revenue Funds,5400,Resources - Beginning Fund Balance,134785.81
2020-21,2225,South Wasco County SD 1,300,Debt Service Funds,1500,Earnings on Investments,1916.5
2020-21,2225,South Wasco County SD 1,400,Capital Projects Funds,1500,Earnings on Investments,671.28
2020-21,2225,South Wasco County SD 1,400,Capital Projects Funds,3299,Other Restricted Grants-In-Aid,37986.65
2020-21,2225,South Wasco County SD 1,400,Capital Projects Funds,5100,Long Term Debt Financing Sources,4556854.65
2020-21,2225,South Wasco County SD 1,400,Capital Projects Funds,5200,Interfund Transfers,86562
2020-21,2225,South Wasco County SD 1,200,Special Revenue Funds,1990,Miscellaneous,49612.62
2020-21,2225,South Wasco County SD 1,200,Special Revenue Funds,3102,State School Fund--School Lunch Match,3607.36
2020-21,2225,South Wasco County SD 1,200,Special Revenue Funds,3299,Other Restricted Grants-In-Aid,228019.98
2020-21,2225,South Wasco County SD 1,200,Special Revenue Funds,4500,Restricted Revenue From Federal Government Through the State,437751.86
2020-21,2225,South Wasco County SD 1,200,Special Revenue Funds,4900,Revenue for/on Behalf of the District,9999.73
2020-21,2225,South Wasco County SD 1,200,Special Revenue Funds,5200,Interfund Transfers,56496.19
2020-21,2225,South Wasco County SD 1,100,General Fund,3101,State School Fund --General Support,2372924.64
2020-21,2225,South Wasco County SD 1,100,General Fund,3103,Common School Fund,23876.62
2020-21,2225,South Wasco County SD 1,100,General Fund,3299,Other Restricted Grants-In-Aid,16189.36
2020-21,2225,South Wasco County SD 1,100,General Fund,5400,Resources - Beginning Fund Balance,532478.9
2020-21,2225,South Wasco County SD 1,200,Special Revenue Funds,1600,Food Service,489.86
2020-21,2225,South Wasco County SD 1,200,Special Revenue Funds,1700,Extra-Curricular Activities,22381.72
2020-21,2229,Dufur SD 29,700,Trust and Agency Funds,5400,Resources - Beginning Fund Balance,1246008.58
2020-21,2229,Dufur SD 29,300,Debt Service Funds,5400,Resources - Beginning Fund Balance,2687.11
2020-21,2229,Dufur SD 29,400,Capital Projects Funds,1500,Earnings on Investments,4508.25
2020-21,2229,Dufur SD 29,400,Capital Projects Funds,5400,Resources - Beginning Fund Balance,658400.4
2020-21,2229,Dufur SD 29,700,Trust and Agency Funds,1500,Earnings on Investments,137755.18
2020-21,2229,Dufur SD 29,700,Trust and Agency Funds,1920,Contributions and Donations From Private Sources,2666.66
2020-21,2229,Dufur SD 29,700,Trust and Agency Funds,1990,Miscellaneous,5000
2020-21,2229,Dufur SD 29,200,Special Revenue Funds,4900,Revenue for/on Behalf of the District,15299.34
2020-21,2229,Dufur SD 29,200,Special Revenue Funds,5200,Interfund Transfers,71058
2020-21,2229,Dufur SD 29,200,Special Revenue Funds,5300,Sale of or Compensation for Loss of Fixed Assets,1000
2020-21,2229,Dufur SD 29,200,Special Revenue Funds,5400,Resources - Beginning Fund Balance,144988
2020-21,2229,Dufur SD 29,300,Debt Service Funds,1110,Ad valorem taxes levied by district,473711.52
2020-21,2229,Dufur SD 29,300,Debt Service Funds,1500,Earnings on Investments,1323.07
2020-21,2229,Dufur SD 29,200,Special Revenue Funds,1600,Food Service,3716.65
2020-21,2229,Dufur SD 29,200,Special Revenue Funds,1800,Community Services Activities,23399
2020-21,2229,Dufur SD 29,200,Special Revenue Funds,1920,Contributions and Donations From Private Sources,85935.84
2020-21,2229,Dufur SD 29,200,Special Revenue Funds,3102,State School Fund--School Lunch Match,1951.58
2020-21,2229,Dufur SD 29,200,Special Revenue Funds,3299,Other Restricted Grants-In-Aid,304165.51
2020-21,2229,Dufur SD 29,200,Special Revenue Funds,4500,Restricted Revenue From Federal Government Through the State,736300.88
2020-21,2229,Dufur SD 29,100,General Fund,3299,Other Restricted Grants-In-Aid,5746.8
2020-21,2229,Dufur SD 29,100,General Fund,4500,Restricted Revenue From Federal Government Through the State,99179
2020-21,2229,Dufur SD 29,100,General Fund,4700,Grants-In-Aid From Federal Government Through Other Intermed,7551
2020-21,2229,Dufur SD 29,100,General Fund,4801,Federal Forest Fees,15578.55
2020-21,2229,Dufur SD 29,100,General Fund,5400,Resources - Beginning Fund Balance,24225.5
2020-21,2229,Dufur SD 29,200,Special Revenue Funds,1500,Earnings on Investments,574.82
2020-21,2229,Dufur SD 29,100,General Fund,1960,Recovery of Prior Years' Expenditure,12538.6
2020-21,2229,Dufur SD 29,100,General Fund,1990,Miscellaneous,14012.02
2020-21,2229,Dufur SD 29,100,General Fund,2102,General Education Service District Funds,8355.45
2020-21,2229,Dufur SD 29,100,General Fund,3101,State School Fund --General Support,3388169.96
2020-21,2229,Dufur SD 29,100,General Fund,3103,Common School Fund,57993.84
2020-21,2229,Dufur SD 29,100,General Fund,3199,Other Unrestricted Grants-In-Aid,20402.86
2020-21,2229,Dufur SD 29,100,General Fund,4202,Medicaid Reimbursement for Eligible K-12 Expenses (Ages Five to Twenty-One),40876
2020-21,2229,Dufur SD 29,100,General Fund,1110,Ad valorem taxes levied by district,1170077
2020-21,2229,Dufur SD 29,100,General Fund,1311,Tuition from Individuals,33166.81
2020-21,2229,Dufur SD 29,100,General Fund,1500,Earnings on Investments,2685.71
2020-21,2229,Dufur SD 29,100,General Fund,1910,Rentals,7852
2020-21,2229,Dufur SD 29,100,General Fund,1920,Contributions and Donations From Private Sources,500
2020-21,2230,Northwest Regional ESD,100,General Fund,1110,Ad valorem taxes levied by district,13156729.59
2020-21,2230,Northwest Regional ESD,100,General Fund,1190,Penalties and interest on taxes,5784.65
2020-21,2230,Northwest Regional ESD,100,General Fund,1500,Earnings on Investments,190721.83
2020-21,2230,Northwest Regional ESD,100,General Fund,1910,Rentals,5957
2020-21,2230,Northwest Regional ESD,100,General Fund,1920,Contributions and Donations From Private Sources,13994.53
2020-21,2230,Northwest Regional ESD,100,General Fund,1940,Services Provided Other Local Education Agencies,91797.04
2020-21,2230,Northwest Regional ESD,700,Trust and Agency Funds,2102,General Education Service District Funds,1260040.74
2020-21,2230,Northwest Regional ESD,700,Trust and Agency Funds,3299,Other Restricted Grants-In-Aid,500
2020-21,2230,Northwest Regional ESD,700,Trust and Agency Funds,5200,Interfund Transfers,41258012
2020-21,2230,Northwest Regional ESD,700,Trust and Agency Funds,5400,Resources - Beginning Fund Balance,12297130.34
2020-21,2230,Northwest Regional ESD,500,Enterprise Funds,1970,Services Provided Other Funds,308040.65
2020-21,2230,Northwest Regional ESD,500,Enterprise Funds,1990,Miscellaneous,1987572.43
2020-21,2230,Northwest Regional ESD,500,Enterprise Funds,3299,Other Restricted Grants-In-Aid,338230
2020-21,2230,Northwest Regional ESD,500,Enterprise Funds,5200,Interfund Transfers,3530748
2020-21,2230,Northwest Regional ESD,500,Enterprise Funds,5400,Resources - Beginning Fund Balance,1291483.58
2020-21,2230,Northwest Regional ESD,700,Trust and Agency Funds,1990,Miscellaneous,475
2020-21,2230,Northwest Regional ESD,400,Capital Projects Funds,5400,Resources - Beginning Fund Balance,147612.53
2020-21,2230,Northwest Regional ESD,500,Enterprise Funds,1311,Tuition from Individuals,123754.25
2020-21,2230,Northwest Regional ESD,500,Enterprise Funds,1312,Tuition from Other Districts within the State,104465
2020-21,2230,Northwest Regional ESD,500,Enterprise Funds,1500,Earnings on Investments,2.59
2020-21,2230,Northwest Regional ESD,500,Enterprise Funds,1940,Services Provided Other Local Education Agencies,3626434.29
2020-21,2230,Northwest Regional ESD,500,Enterprise Funds,1960,Recovery of Prior Years' Expenditure,141214.13
2020-21,2230,Northwest Regional ESD,250,Non-Federal Sources,5200,Interfund Transfers,3416821.39
2020-21,2230,Northwest Regional ESD,250,Non-Federal Sources,5400,Resources - Beginning Fund Balance,2371538.53
2020-21,2230,Northwest Regional ESD,400,Capital Projects Funds,1960,Recovery of Prior Years' Expenditure,300000
2020-21,2230,Northwest Regional ESD,400,Capital Projects Funds,1970,Services Provided Other Funds,70000
2020-21,2230,Northwest Regional ESD,400,Capital Projects Funds,5200,Interfund Transfers,50000
2020-21,2230,Northwest Regional ESD,400,Capital Projects Funds,5300,Sale of or Compensation for Loss of Fixed Assets,1131285
2020-21,2230,Northwest Regional ESD,250,Non-Federal Sources,2200,Restricted Revenue,22000
2020-21,2230,Northwest Regional ESD,250,Non-Federal Sources,3102,State School Fund--School Lunch Match,2195.68
2020-21,2230,Northwest Regional ESD,250,Non-Federal Sources,3299,Other Restricted Grants-In-Aid,28260405.57
2020-21,2230,Northwest Regional ESD,250,Non-Federal Sources,3900,Revenue for/on Behalf of the District,70119.25
2020-21,2230,Northwest Regional ESD,250,Non-Federal Sources,4500,Restricted Revenue From Federal Government Through the State,2915177.07
2020-21,2230,Northwest Regional ESD,250,Non-Federal Sources,4900,Revenue for/on Behalf of the District,487.39
2020-21,2230,Northwest Regional ESD,250,Non-Federal Sources,1311,Tuition from Individuals,-31633.6
2020-21,2230,Northwest Regional ESD,250,Non-Federal Sources,1312,Tuition from Other Districts within the State,3167540
2020-21,2230,Northwest Regional ESD,250,Non-Federal Sources,1920,Contributions and Donations From Private Sources,1446828
2020-21,2230,Northwest Regional ESD,250,Non-Federal Sources,1940,Services Provided Other Local Education Agencies,13789961.54
2020-21,2230,Northwest Regional ESD,250,Non-Federal Sources,1960,Recovery of Prior Years' Expenditure,43828
2020-21,2230,Northwest Regional ESD,250,Non-Federal Sources,1990,Miscellaneous,3712965.69
2020-21,2230,Northwest Regional ESD,201,Federal Sources,1940,Services Provided Other Local Education Agencies,11084296.89
2020-21,2230,Northwest Regional ESD,201,Federal Sources,1960,Recovery of Prior Years' Expenditure,798.49
2020-21,2230,Northwest Regional ESD,201,Federal Sources,1990,Miscellaneous,1940
2020-21,2230,Northwest Regional ESD,201,Federal Sources,3299,Other Restricted Grants-In-Aid,3900729.9
2020-21,2230,Northwest Regional ESD,201,Federal Sources,4500,Restricted Revenue From Federal Government Through the State,5918882.77
2020-21,2230,Northwest Regional ESD,201,Federal Sources,5400,Resources - Beginning Fund Balance,-334602.81
2020-21,2230,Northwest Regional ESD,100,General Fund,3101,State School Fund --General Support,37730704.05
2020-21,2230,Northwest Regional ESD,100,General Fund,3104,State Managed County Timber,462827.2
2020-21,2230,Northwest Regional ESD,100,General Fund,3299,Other Restricted Grants-In-Aid,248000
2020-21,2230,Northwest Regional ESD,100,General Fund,5200,Interfund Transfers,282946.68
2020-21,2230,Northwest Regional ESD,100,General Fund,5400,Resources - Beginning Fund Balance,4535508.68
2020-21,2230,Northwest Regional ESD,201,Federal Sources,1920,Contributions and Donations From Private Sources,350950.28
2020-21,2230,Northwest Regional ESD,100,General Fund,1960,Recovery of Prior Years' Expenditure,43132.14
2020-21,2230,Northwest Regional ESD,100,General Fund,1970,Services Provided Other Funds,686302.73
2020-21,2230,Northwest Regional ESD,100,General Fund,1980,Fees Charged to Grants,1904549.57
2020-21,2230,Northwest Regional ESD,100,General Fund,1990,Miscellaneous,77694.1
2020-21,2230,Northwest Regional ESD,100,General Fund,2105,Natural Gas; Oil; And Mineral Receipts,10266
2020-21,2230,Northwest Regional ESD,100,General Fund,2199,Other Intermediate Sources,15937.07
2020-21,2239,Hillsboro SD 1J,100,General Fund,1110,Ad valorem taxes levied by district,82008143.77
2020-21,2239,Hillsboro SD 1J,100,General Fund,1190,Penalties and interest on taxes,43149.13
2020-21,2239,Hillsboro SD 1J,100,General Fund,1411,Transportation fees from Individuals,1782
2020-21,2239,Hillsboro SD 1J,100,General Fund,1500,Earnings on Investments,367489.03
2020-21,2239,Hillsboro SD 1J,100,General Fund,1700,Extra-Curricular Activities,51420.98
2020-21,2239,Hillsboro SD 1J,100,General Fund,1910,Rentals,116527.9
2020-21,2239,Hillsboro SD 1J,400,Capital Projects Funds,5400,Resources - Beginning Fund Balance,205550814.81
2020-21,2239,Hillsboro SD 1J,300,Debt Service Funds,1970,Services Provided Other Funds,12307736.13
2020-21,2239,Hillsboro SD 1J,300,Debt Service Funds,2199,Other Intermediate Sources,55987.06
2020-21,2239,Hillsboro SD 1J,300,Debt Service Funds,5100,Long Term Debt Financing Sources,40360000
2020-21,2239,Hillsboro SD 1J,300,Debt Service Funds,5400,Resources - Beginning Fund Balance,2018562.29
2020-21,2239,Hillsboro SD 1J,400,Capital Projects Funds,1500,Earnings on Investments,1263638.24
2020-21,2239,Hillsboro SD 1J,400,Capital Projects Funds,1960,Recovery of Prior Years' Expenditure,-22500
2020-21,2239,Hillsboro SD 1J,299,Child Nutrition,4500,Restricted Revenue From Federal Government Through the State,6816451.44
2020-21,2239,Hillsboro SD 1J,299,Child Nutrition,4900,Revenue for/on Behalf of the District,641415.77
2020-21,2239,Hillsboro SD 1J,299,Child Nutrition,5400,Resources - Beginning Fund Balance,320636.41
2020-21,2239,Hillsboro SD 1J,300,Debt Service Funds,1110,Ad valorem taxes levied by district,38746105.66
2020-21,2239,Hillsboro SD 1J,300,Debt Service Funds,1190,Penalties and interest on taxes,19059.24
2020-21,2239,Hillsboro SD 1J,300,Debt Service Funds,1500,Earnings on Investments,104418.26
2020-21,2239,Hillsboro SD 1J,299,Child Nutrition,1700,Extra-Curricular Activities,345.54
2020-21,2239,Hillsboro SD 1J,299,Child Nutrition,1960,Recovery of Prior Years' Expenditure,8550.08
2020-21,2239,Hillsboro SD 1J,299,Child Nutrition,1990,Miscellaneous,60441.11
2020-21,2239,Hillsboro SD 1J,299,Child Nutrition,3102,State School Fund--School Lunch Match,81221.25
2020-21,2239,Hillsboro SD 1J,299,Child Nutrition,3199,Other Unrestricted Grants-In-Aid,35337.6
2020-21,2239,Hillsboro SD 1J,299,Child Nutrition,3299,Other Restricted Grants-In-Aid,105429.62
2020-21,2239,Hillsboro SD 1J,250,Non-Federal Sources,3299,Other Restricted Grants-In-Aid,2471322.04
2020-21,2239,Hillsboro SD 1J,250,Non-Federal Sources,5100,Long Term Debt Financing Sources,1237085
2020-21,2239,Hillsboro SD 1J,250,Non-Federal Sources,5400,Resources - Beginning Fund Balance,9146403.51
2020-21,2239,Hillsboro SD 1J,251,Student Investment Account,3299,Other Restricted Grants-In-Aid,5356178.61
2020-21,2239,Hillsboro SD 1J,252,Measure 98 - High School Success,3299,Other Restricted Grants-In-Aid,4847868.05
2020-21,2239,Hillsboro SD 1J,299,Child Nutrition,1600,Food Service,-20146.74
2020-21,2239,Hillsboro SD 1J,250,Non-Federal Sources,1910,Rentals,60000
2020-21,2239,Hillsboro SD 1J,250,Non-Federal Sources,1920,Contributions and Donations From Private Sources,575580.57
2020-21,2239,Hillsboro SD 1J,250,Non-Federal Sources,1960,Recovery of Prior Years' Expenditure,13621.78
2020-21,2239,Hillsboro SD 1J,250,Non-Federal Sources,1990,Miscellaneous,550244.26
2020-21,2239,Hillsboro SD 1J,250,Non-Federal Sources,2200,Restricted Revenue,1345712.57
2020-21,2239,Hillsboro SD 1J,250,Non-Federal Sources,3222,State School Fund (SSF) Transportation Equipment,2508933.16
2020-21,2239,Hillsboro SD 1J,100,General Fund,5400,Resources - Beginning Fund Balance,11973234.59
2020-21,2239,Hillsboro SD 1J,201,Federal Sources,4100,Unrestricted Revenue Direct From the Federal Government,36326.89
2020-21,2239,Hillsboro SD 1J,201,Federal Sources,4500,Restricted Revenue From Federal Government Through the State,8867457.5
2020-21,2239,Hillsboro SD 1J,201,Federal Sources,4700,Grants-In-Aid From Federal Government Through Other Intermed,3399768.32
2020-21,2239,Hillsboro SD 1J,250,Non-Federal Sources,1200,Revenue From Local Governmental Units Other Than Districts,2647792.14
2020-21,2239,Hillsboro SD 1J,250,Non-Federal Sources,1700,Extra-Curricular Activities,768946.88
2020-21,2239,Hillsboro SD 1J,100,General Fund,2101,County School Funds,537150.66
2020-21,2239,Hillsboro SD 1J,100,General Fund,2199,Other Intermediate Sources,3711258.12
2020-21,2239,Hillsboro SD 1J,100,General Fund,3101,State School Fund --General Support,136557741.14
2020-21,2239,Hillsboro SD 1J,100,General Fund,3103,Common School Fund,2223746.58
2020-21,2239,Hillsboro SD 1J,100,General Fund,3104,State Managed County Timber,1070795.55
2020-21,2239,Hillsboro SD 1J,100,General Fund,5300,Sale of or Compensation for Loss of Fixed Assets,130968.66
2020-21,2239,Hillsboro SD 1J,100,General Fund,1920,Contributions and Donations From Private Sources,2859.01
2020-21,2239,Hillsboro SD 1J,100,General Fund,1940,Services Provided Other Local Education Agencies,177006.03
2020-21,2239,Hillsboro SD 1J,100,General Fund,1960,Recovery of Prior Years' Expenditure,-17266.19
2020-21,2239,Hillsboro SD 1J,100,General Fund,1970,Services Provided Other Funds,18979.45
2020-21,2239,Hillsboro SD 1J,100,General Fund,1980,Fees Charged to Grants,823140.89
2020-21,2239,Hillsboro SD 1J,100,General Fund,1990,Miscellaneous,377804.68
2020-21,2240,Banks SD 13,100,General Fund,1110,Ad valorem taxes levied by district,3343534.62
2020-21,2240,Banks SD 13,100,General Fund,1500,Earnings on Investments,18379.99
2020-21,2240,Banks SD 13,100,General Fund,1910,Rentals,1596.24
2020-21,2240,Banks SD 13,100,General Fund,1920,Contributions and Donations From Private Sources,9726
2020-21,2240,Banks SD 13,100,General Fund,1990,Miscellaneous,144619.18
2020-21,2240,Banks SD 13,100,General Fund,2101,County School Funds,31333.78
2020-21,2240,Banks SD 13,250,Non-Federal Sources,2199,Other Intermediate Sources,14684.92
2020-21,2240,Banks SD 13,251,Student Investment Account,3199,Other Unrestricted Grants-In-Aid,269618.84
2020-21,2240,Banks SD 13,250,Non-Federal Sources,3299,Other Restricted Grants-In-Aid,44255.79
2020-21,2240,Banks SD 13,201,Federal Sources,4500,Restricted Revenue From Federal Government Through the State,599202.68
2020-21,2240,Banks SD 13,299,Child Nutrition,5200,Interfund Transfers,2868.23
2020-21,2240,Banks SD 13,299,Child Nutrition,4900,Revenue for/on Behalf of the District,18085.28
2020-21,2240,Banks SD 13,250,Non-Federal Sources,1500,Earnings on Investments,1072.53
2020-21,2240,Banks SD 13,299,Child Nutrition,1600,Food Service,6869.05
2020-21,2240,Banks SD 13,250,Non-Federal Sources,1700,Extra-Curricular Activities,18474.6
2020-21,2240,Banks SD 13,250,Non-Federal Sources,1920,Contributions and Donations From Private Sources,19182.25
2020-21,2240,Banks SD 13,250,Non-Federal Sources,1990,Miscellaneous,49094.78
2020-21,2240,Banks SD 13,400,Capital Projects Funds,5400,Resources - Beginning Fund Balance,565216.26
2020-21,2240,Banks SD 13,600,Internal Service Funds,5400,Resources - Beginning Fund Balance,82565.06
2020-21,2240,Banks SD 13,250,Non-Federal Sources,5200,Interfund Transfers,247607.18
2020-21,2240,Banks SD 13,252,Measure 98 - High School Success,3199,Other Unrestricted Grants-In-Aid,392387.93
2020-21,2240,Banks SD 13,299,Child Nutrition,3299,Other Restricted Grants-In-Aid,45.16
2020-21,2240,Banks SD 13,299,Child Nutrition,4500,Restricted Revenue From Federal Government Through the State,173716.71
2020-21,2240,Banks SD 13,400,Capital Projects Funds,1130,Construction Excise Tax,55231.51
2020-21,2240,Banks SD 13,400,Capital Projects Funds,1500,Earnings on Investments,703.54
2020-21,2240,Banks SD 13,600,Internal Service Funds,1970,Services Provided Other Funds,332540.94
2020-21,2240,Banks SD 13,100,General Fund,5400,Resources - Beginning Fund Balance,2186102.75
2020-21,2240,Banks SD 13,200,Special Revenue Funds,5400,Resources - Beginning Fund Balance,377363.02
2020-21,2240,Banks SD 13,300,Debt Service Funds,5400,Resources - Beginning Fund Balance,189222.58
2020-21,2240,Banks SD 13,100,General Fund,3101,State School Fund --General Support,7263787.51
2020-21,2240,Banks SD 13,100,General Fund,3103,Common School Fund,118246.88
2020-21,2240,Banks SD 13,100,General Fund,3104,State Managed County Timber,1014600.35
2020-21,2240,Banks SD 13,300,Debt Service Funds,1110,Ad valorem taxes levied by district,1247494.18
2020-21,2240,Banks SD 13,300,Debt Service Funds,1500,Earnings on Investments,7577.75
2020-21,2240,Banks SD 13,300,Debt Service Funds,5200,Interfund Transfers,27300
2020-21,2241,Forest Grove SD 15,201,Federal Sources,1960,Recovery of Prior Years' Expenditure,1762.81
2020-21,2241,Forest Grove SD 15,201,Federal Sources,1990,Miscellaneous,160484.29
2020-21,2241,Forest Grove SD 15,201,Federal Sources,4202,Medicaid Reimbursement for Eligible K-12 Expenses (Ages Five to Twenty-One),607.71
2020-21,2241,Forest Grove SD 15,201,Federal Sources,4500,Restricted Revenue From Federal Government Through the State,5247871.34
2020-21,2241,Forest Grove SD 15,201,Federal Sources,4700,Grants-In-Aid From Federal Government Through Other Intermed,832876.83
2020-21,2241,Forest Grove SD 15,201,Federal Sources,5400,Resources - Beginning Fund Balance,72741.69
2020-21,2241,Forest Grove SD 15,100,General Fund,5400,Resources - Beginning Fund Balance,10140438.93
2020-21,2241,Forest Grove SD 15,700,Trust and Agency Funds,1920,Contributions and Donations From Private Sources,43000
2020-21,2241,Forest Grove SD 15,700,Trust and Agency Funds,1990,Miscellaneous,278140.4
2020-21,2241,Forest Grove SD 15,700,Trust and Agency Funds,2102,General Education Service District Funds,1000
2020-21,2241,Forest Grove SD 15,700,Trust and Agency Funds,5400,Resources - Beginning Fund Balance,604545.67
2020-21,2241,Forest Grove SD 15,100,General Fund,1110,Ad valorem taxes levied by district,13860013.71
2020-21,2241,Forest Grove SD 15,100,General Fund,3101,State School Fund --General Support,52743228.96
2020-21,2241,Forest Grove SD 15,400,Capital Projects Funds,5400,Resources - Beginning Fund Balance,4045646.18
2020-21,2241,Forest Grove SD 15,500,Enterprise Funds,1990,Miscellaneous,551532.45
2020-21,2241,Forest Grove SD 15,500,Enterprise Funds,5400,Resources - Beginning Fund Balance,624132.65
2020-21,2241,Forest Grove SD 15,600,Internal Service Funds,5200,Interfund Transfers,10000
2020-21,2241,Forest Grove SD 15,600,Internal Service Funds,5400,Resources - Beginning Fund Balance,302583.77
2020-21,2241,Forest Grove SD 15,700,Trust and Agency Funds,1500,Earnings on Investments,104.9
2020-21,2241,Forest Grove SD 15,400,Capital Projects Funds,1130,Construction Excise Tax,718845.6
2020-21,2241,Forest Grove SD 15,400,Capital Projects Funds,1500,Earnings on Investments,26091.03
2020-21,2241,Forest Grove SD 15,400,Capital Projects Funds,1990,Miscellaneous,24788.98
2020-21,2241,Forest Grove SD 15,400,Capital Projects Funds,3299,Other Restricted Grants-In-Aid,1283428
2020-21,2241,Forest Grove SD 15,400,Capital Projects Funds,5100,Long Term Debt Financing Sources,3438170.05
2020-21,2241,Forest Grove SD 15,400,Capital Projects Funds,5200,Interfund Transfers,230000
2020-21,2241,Forest Grove SD 15,300,Debt Service Funds,1190,Penalties and interest on taxes,3804.71
2020-21,2241,Forest Grove SD 15,300,Debt Service Funds,1500,Earnings on Investments,33088.88
2020-21,2241,Forest Grove SD 15,300,Debt Service Funds,1970,Services Provided Other Funds,2716031.31
2020-21,2241,Forest Grove SD 15,300,Debt Service Funds,2199,Other Intermediate Sources,6634.65
2020-21,2241,Forest Grove SD 15,300,Debt Service Funds,4900,Revenue for/on Behalf of the District,1025984
2020-21,2241,Forest Grove SD 15,300,Debt Service Funds,5400,Resources - Beginning Fund Balance,2127012.41
2020-21,2241,Forest Grove SD 15,100,General Fund,2199,Other Intermediate Sources,12413.59
2020-21,2241,Forest Grove SD 15,100,General Fund,3103,Common School Fund,633149.44
2020-21,2241,Forest Grove SD 15,100,General Fund,3104,State Managed County Timber,852383.82
2020-21,2241,Forest Grove SD 15,100,General Fund,4500,Restricted Revenue From Federal Government Through the State,91511.55
2020-21,2241,Forest Grove SD 15,100,General Fund,5200,Interfund Transfers,500000
2020-21,2241,Forest Grove SD 15,300,Debt Service Funds,1110,Ad valorem taxes levied by district,7410974.26
2020-21,2241,Forest Grove SD 15,100,General Fund,1940,Services Provided Other Local Education Agencies,5554.12
2020-21,2241,Forest Grove SD 15,100,General Fund,1960,Recovery of Prior Years' Expenditure,48927.69
2020-21,2241,Forest Grove SD 15,100,General Fund,1980,Fees Charged to Grants,330852.05
2020-21,2241,Forest Grove SD 15,100,General Fund,1990,Miscellaneous,132984.48
2020-21,2241,Forest Grove SD 15,100,General Fund,2101,County School Funds,160480.26
2020-21,2241,Forest Grove SD 15,100,General Fund,2102,General Education Service District Funds,1400000
2020-21,2241,Forest Grove SD 15,299,Child Nutrition,5400,Resources - Beginning Fund Balance,213458.42
2020-21,2241,Forest Grove SD 15,100,General Fund,1190,Penalties and interest on taxes,7808.62
2020-21,2241,Forest Grove SD 15,100,General Fund,1500,Earnings on Investments,172461.72
2020-21,2241,Forest Grove SD 15,100,General Fund,1700,Extra-Curricular Activities,1546.71
2020-21,2241,Forest Grove SD 15,100,General Fund,1910,Rentals,20792.29
2020-21,2241,Forest Grove SD 15,100,General Fund,1920,Contributions and Donations From Private Sources,5000
2020-21,2241,Forest Grove SD 15,299,Child Nutrition,1600,Food Service,78573.54
2020-21,2241,Forest Grove SD 15,299,Child Nutrition,1920,Contributions and Donations From Private Sources,11000
2020-21,2241,Forest Grove SD 15,299,Child Nutrition,3102,State School Fund--School Lunch Match,30359.23
2020-21,2241,Forest Grove SD 15,299,Child Nutrition,3299,Other Restricted Grants-In-Aid,97.68
2020-21,2241,Forest Grove SD 15,299,Child Nutrition,4500,Restricted Revenue From Federal Government Through the State,1349170.39
2020-21,2241,Forest Grove SD 15,299,Child Nutrition,4900,Revenue for/on Behalf of the District,179803.77
2020-21,2241,Forest Grove SD 15,250,Non-Federal Sources,2200,Restricted Revenue,87727.77
2020-21,2241,Forest Grove SD 15,250,Non-Federal Sources,3299,Other Restricted Grants-In-Aid,2108250.12
2020-21,2241,Forest Grove SD 15,250,Non-Federal Sources,5200,Interfund Transfers,56211.93
2020-21,2241,Forest Grove SD 15,250,Non-Federal Sources,5400,Resources - Beginning Fund Balance,961314.9
2020-21,2241,Forest Grove SD 15,251,Student Investment Account,3299,Other Restricted Grants-In-Aid,1231939.81
2020-21,2241,Forest Grove SD 15,252,Measure 98 - High School Success,3299,Other Restricted Grants-In-Aid,1767625.53
2020-21,2241,Forest Grove SD 15,250,Non-Federal Sources,1312,Tuition from Other Districts within the State,980354.08
2020-21,2241,Forest Grove SD 15,250,Non-Federal Sources,1920,Contributions and Donations From Private Sources,659162.49
2020-21,2241,Forest Grove SD 15,250,Non-Federal Sources,1960,Recovery of Prior Years' Expenditure,177360.1
2020-21,2241,Forest Grove SD 15,250,Non-Federal Sources,1990,Miscellaneous,19909.05
2020-21,2241,Forest Grove SD 15,250,Non-Federal Sources,2102,General Education Service District Funds,14501.59
2020-21,2241,Forest Grove SD 15,250,Non-Federal Sources,2199,Other Intermediate Sources,8417.46
2020-21,2242,Tigard-Tualatin SD 23J,300,Debt Service Funds,5400,Resources - Beginning Fund Balance,715331.18
2020-21,2242,Tigard-Tualatin SD 23J,600,Internal Service Funds,5400,Resources - Beginning Fund Balance,2627613.36
2020-21,2242,Tigard-Tualatin SD 23J,700,Trust and Agency Funds,5400,Resources - Beginning Fund Balance,3110418.93
2020-21,2242,Tigard-Tualatin SD 23J,200,Special Revenue Funds,3199,Other Unrestricted Grants-In-Aid,593191
2020-21,2242,Tigard-Tualatin SD 23J,400,Capital Projects Funds,5400,Resources - Beginning Fund Balance,153046670
2020-21,2242,Tigard-Tualatin SD 23J,600,Internal Service Funds,1970,Services Provided Other Funds,112187.78
2020-21,2242,Tigard-Tualatin SD 23J,600,Internal Service Funds,1990,Miscellaneous,194702.31
2020-21,2242,Tigard-Tualatin SD 23J,700,Trust and Agency Funds,1500,Earnings on Investments,47955.77
2020-21,2242,Tigard-Tualatin SD 23J,700,Trust and Agency Funds,1990,Miscellaneous,1222947.04
2020-21,2242,Tigard-Tualatin SD 23J,100,General Fund,5400,Resources - Beginning Fund Balance,28108838.63
2020-21,2242,Tigard-Tualatin SD 23J,200,Special Revenue Funds,5400,Resources - Beginning Fund Balance,8881215.36
2020-21,2242,Tigard-Tualatin SD 23J,300,Debt Service Funds,5200,Interfund Transfers,522103.64
2020-21,2242,Tigard-Tualatin SD 23J,400,Capital Projects Funds,1130,Construction Excise Tax,830067.25
2020-21,2242,Tigard-Tualatin SD 23J,400,Capital Projects Funds,1500,Earnings on Investments,2055090.23
2020-21,2242,Tigard-Tualatin SD 23J,400,Capital Projects Funds,1990,Miscellaneous,363614.78
2020-21,2242,Tigard-Tualatin SD 23J,400,Capital Projects Funds,5300,Sale of or Compensation for Loss of Fixed Assets,85130
2020-21,2242,Tigard-Tualatin SD 23J,600,Internal Service Funds,1960,Recovery of Prior Years' Expenditure,56832.28
2020-21,2242,Tigard-Tualatin SD 23J,300,Debt Service Funds,1110,Ad valorem taxes levied by district,22005424.25
2020-21,2242,Tigard-Tualatin SD 23J,300,Debt Service Funds,1190,Penalties and interest on taxes,10760.77
2020-21,2242,Tigard-Tualatin SD 23J,300,Debt Service Funds,1500,Earnings on Investments,69920.25
2020-21,2242,Tigard-Tualatin SD 23J,300,Debt Service Funds,1970,Services Provided Other Funds,3866575.4
2020-21,2242,Tigard-Tualatin SD 23J,300,Debt Service Funds,2199,Other Intermediate Sources,30854.26
2020-21,2242,Tigard-Tualatin SD 23J,300,Debt Service Funds,5100,Long Term Debt Financing Sources,950060.88
2020-21,2242,Tigard-Tualatin SD 23J,200,Special Revenue Funds,3222,State School Fund (SSF) Transportation Equipment,133227.44
2020-21,2242,Tigard-Tualatin SD 23J,200,Special Revenue Funds,3299,Other Restricted Grants-In-Aid,5899152.85
2020-21,2242,Tigard-Tualatin SD 23J,200,Special Revenue Funds,4300,Restricted Revenue Direct From the Federal Government,314235.74
2020-21,2242,Tigard-Tualatin SD 23J,200,Special Revenue Funds,4500,Restricted Revenue From Federal Government Through the State,10195420.97
2020-21,2242,Tigard-Tualatin SD 23J,200,Special Revenue Funds,4900,Revenue for/on Behalf of the District,220779.65
2020-21,2242,Tigard-Tualatin SD 23J,200,Special Revenue Funds,5200,Interfund Transfers,1375221.91
2020-21,2242,Tigard-Tualatin SD 23J,200,Special Revenue Funds,1920,Contributions and Donations From Private Sources,767236.92
2020-21,2242,Tigard-Tualatin SD 23J,200,Special Revenue Funds,1990,Miscellaneous,924749.27
2020-21,2242,Tigard-Tualatin SD 23J,200,Special Revenue Funds,2102,General Education Service District Funds,3859365.56
2020-21,2242,Tigard-Tualatin SD 23J,200,Special Revenue Funds,2199,Other Intermediate Sources,4998.77
2020-21,2242,Tigard-Tualatin SD 23J,200,Special Revenue Funds,2200,Restricted Revenue,281561.68
2020-21,2242,Tigard-Tualatin SD 23J,200,Special Revenue Funds,3102,State School Fund--School Lunch Match,36467.13
2020-21,2242,Tigard-Tualatin SD 23J,100,General Fund,4300,Restricted Revenue Direct From the Federal Government,12305.79
2020-21,2242,Tigard-Tualatin SD 23J,100,General Fund,5300,Sale of or Compensation for Loss of Fixed Assets,3475
2020-21,2242,Tigard-Tualatin SD 23J,200,Special Revenue Funds,1500,Earnings on Investments,1390.41
2020-21,2242,Tigard-Tualatin SD 23J,200,Special Revenue Funds,1600,Food Service,-4417.16
2020-21,2242,Tigard-Tualatin SD 23J,200,Special Revenue Funds,1700,Extra-Curricular Activities,1565
2020-21,2242,Tigard-Tualatin SD 23J,200,Special Revenue Funds,1910,Rentals,179570.5
2020-21,2242,Tigard-Tualatin SD 23J,100,General Fund,2102,General Education Service District Funds,950000
2020-21,2242,Tigard-Tualatin SD 23J,100,General Fund,2199,Other Intermediate Sources,99895.22
2020-21,2242,Tigard-Tualatin SD 23J,100,General Fund,3101,State School Fund --General Support,71393316.43
2020-21,2242,Tigard-Tualatin SD 23J,100,General Fund,3103,Common School Fund,1378740.49
2020-21,2242,Tigard-Tualatin SD 23J,100,General Fund,3199,Other Unrestricted Grants-In-Aid,4641649.85
2020-21,2242,Tigard-Tualatin SD 23J,100,General Fund,3299,Other Restricted Grants-In-Aid,17078.4
2020-21,2242,Tigard-Tualatin SD 23J,100,General Fund,1700,Extra-Curricular Activities,21150
2020-21,2242,Tigard-Tualatin SD 23J,100,General Fund,1800,Community Services Activities,71131.94
2020-21,2242,Tigard-Tualatin SD 23J,100,General Fund,1960,Recovery of Prior Years' Expenditure,103596.66
2020-21,2242,Tigard-Tualatin SD 23J,100,General Fund,1980,Fees Charged to Grants,269778.84
2020-21,2242,Tigard-Tualatin SD 23J,100,General Fund,1990,Miscellaneous,330079.63
2020-21,2242,Tigard-Tualatin SD 23J,100,General Fund,2101,County School Funds,324569.45
2020-21,2242,Tigard-Tualatin SD 23J,100,General Fund,1110,Ad valorem taxes levied by district,60001443.78
2020-21,2242,Tigard-Tualatin SD 23J,100,General Fund,1120,Local option ad valorem taxes levied by district,10135689.44
2020-21,2242,Tigard-Tualatin SD 23J,100,General Fund,1190,Penalties and interest on taxes,41609.52
2020-21,2242,Tigard-Tualatin SD 23J,100,General Fund,1311,Tuition from Individuals,5995
2020-21,2242,Tigard-Tualatin SD 23J,100,General Fund,1312,Tuition from Other Districts within the State,134160
2020-21,2242,Tigard-Tualatin SD 23J,100,General Fund,1500,Earnings on Investments,400179.65
2020-21,2243,Beaverton SD 48J,100,General Fund,1110,Ad valorem taxes levied by district,150626256.08
2020-21,2243,Beaverton SD 48J,100,General Fund,1120,Local option ad valorem taxes levied by district,35807436.03
2020-21,2243,Beaverton SD 48J,100,General Fund,1311,Tuition from Individuals,24750
2020-21,2243,Beaverton SD 48J,100,General Fund,1312,Tuition from Other Districts within the State,315570.9
2020-21,2243,Beaverton SD 48J,100,General Fund,1330,Summer School Tuition,120769.5
2020-21,2243,Beaverton SD 48J,100,General Fund,1411,Transportation fees from Individuals,1442.18
2020-21,2243,Beaverton SD 48J,600,Internal Service Funds,1970,Services Provided Other Funds,4696364.73
2020-21,2243,Beaverton SD 48J,600,Internal Service Funds,1990,Miscellaneous,89412.36
2020-21,2243,Beaverton SD 48J,600,Internal Service Funds,5200,Interfund Transfers,4777212
2020-21,2243,Beaverton SD 48J,600,Internal Service Funds,5400,Resources - Beginning Fund Balance,3641799.21
2020-21,2243,Beaverton SD 48J,400,Capital Projects Funds,1960,Recovery of Prior Years' Expenditure,3691708.52
2020-21,2243,Beaverton SD 48J,400,Capital Projects Funds,1990,Miscellaneous,87921.75
2020-21,2243,Beaverton SD 48J,400,Capital Projects Funds,5300,Sale of or Compensation for Loss of Fixed Assets,287858.23
2020-21,2243,Beaverton SD 48J,400,Capital Projects Funds,5400,Resources - Beginning Fund Balance,141570125.23
2020-21,2243,Beaverton SD 48J,600,Internal Service Funds,1500,Earnings on Investments,17940.53
2020-21,2243,Beaverton SD 48J,600,Internal Service Funds,1960,Recovery of Prior Years' Expenditure,102443.57
2020-21,2243,Beaverton SD 48J,300,Debt Service Funds,5200,Interfund Transfers,1338250
2020-21,2243,Beaverton SD 48J,300,Debt Service Funds,5400,Resources - Beginning Fund Balance,2321619.72
2020-21,2243,Beaverton SD 48J,400,Capital Projects Funds,1130,Construction Excise Tax,2780731.59
2020-21,2243,Beaverton SD 48J,400,Capital Projects Funds,1500,Earnings on Investments,273366.47
2020-21,2243,Beaverton SD 48J,400,Capital Projects Funds,1910,Rentals,72054
2020-21,2243,Beaverton SD 48J,400,Capital Projects Funds,1920,Contributions and Donations From Private Sources,280945.43
2020-21,2243,Beaverton SD 48J,200,Special Revenue Funds,5300,Sale of or Compensation for Loss of Fixed Assets,200000
2020-21,2243,Beaverton SD 48J,200,Special Revenue Funds,5400,Resources - Beginning Fund Balance,13942837.14
2020-21,2243,Beaverton SD 48J,300,Debt Service Funds,1110,Ad valorem taxes levied by district,67493266.68
2020-21,2243,Beaverton SD 48J,300,Debt Service Funds,1500,Earnings on Investments,156365.72
2020-21,2243,Beaverton SD 48J,300,Debt Service Funds,1970,Services Provided Other Funds,23677219.11
2020-21,2243,Beaverton SD 48J,300,Debt Service Funds,2199,Other Intermediate Sources,97640.22
2020-21,2243,Beaverton SD 48J,200,Special Revenue Funds,3299,Other Restricted Grants-In-Aid,23858052.45
2020-21,2243,Beaverton SD 48J,200,Special Revenue Funds,4300,Restricted Revenue Direct From the Federal Government,141091.74
2020-21,2243,Beaverton SD 48J,200,Special Revenue Funds,4500,Restricted Revenue From Federal Government Through the State,29894013.61
2020-21,2243,Beaverton SD 48J,200,Special Revenue Funds,4700,Grants-In-Aid From Federal Government Through Other Intermed,4805284.86
2020-21,2243,Beaverton SD 48J,200,Special Revenue Funds,4900,Revenue for/on Behalf of the District,802771.21
2020-21,2243,Beaverton SD 48J,200,Special Revenue Funds,5200,Interfund Transfers,970104.78
2020-21,2243,Beaverton SD 48J,200,Special Revenue Funds,1950,Textbook Sales and Rentals,27547.44
2020-21,2243,Beaverton SD 48J,200,Special Revenue Funds,1960,Recovery of Prior Years' Expenditure,17670.53
2020-21,2243,Beaverton SD 48J,200,Special Revenue Funds,1990,Miscellaneous,758005.84
2020-21,2243,Beaverton SD 48J,200,Special Revenue Funds,2200,Restricted Revenue,239338.91
2020-21,2243,Beaverton SD 48J,200,Special Revenue Funds,3102,State School Fund--School Lunch Match,124744.42
2020-21,2243,Beaverton SD 48J,200,Special Revenue Funds,3222,State School Fund (SSF) Transportation Equipment,1620473.4
2020-21,2243,Beaverton SD 48J,100,General Fund,3199,Other Unrestricted Grants-In-Aid,3592761.43
2020-21,2243,Beaverton SD 48J,100,General Fund,5100,Long Term Debt Financing Sources,78599.4
2020-21,2243,Beaverton SD 48J,100,General Fund,5400,Resources - Beginning Fund Balance,56424054.46
2020-21,2243,Beaverton SD 48J,200,Special Revenue Funds,1500,Earnings on Investments,26196.83
2020-21,2243,Beaverton SD 48J,200,Special Revenue Funds,1700,Extra-Curricular Activities,1778407.16
2020-21,2243,Beaverton SD 48J,200,Special Revenue Funds,1920,Contributions and Donations From Private Sources,2005352.1
2020-21,2243,Beaverton SD 48J,100,General Fund,1990,Miscellaneous,267007.47
2020-21,2243,Beaverton SD 48J,100,General Fund,2101,County School Funds,1075817.48
2020-21,2243,Beaverton SD 48J,100,General Fund,2102,General Education Service District Funds,10938500
2020-21,2243,Beaverton SD 48J,100,General Fund,2199,Other Intermediate Sources,269607.74
2020-21,2243,Beaverton SD 48J,100,General Fund,3101,State School Fund --General Support,285817275.59
2020-21,2243,Beaverton SD 48J,100,General Fund,3103,Common School Fund,4534297.28
2020-21,2243,Beaverton SD 48J,100,General Fund,1500,Earnings on Investments,554258.39
2020-21,2243,Beaverton SD 48J,100,General Fund,1700,Extra-Curricular Activities,5910.25
2020-21,2243,Beaverton SD 48J,100,General Fund,1910,Rentals,183967.99
2020-21,2243,Beaverton SD 48J,100,General Fund,1920,Contributions and Donations From Private Sources,6013.68
2020-21,2243,Beaverton SD 48J,100,General Fund,1960,Recovery of Prior Years' Expenditure,34112.55
2020-21,2243,Beaverton SD 48J,100,General Fund,1980,Fees Charged to Grants,1329648.72
2020-21,2244,Sherwood SD 88J,201,Federal Sources,4500,Restricted Revenue From Federal Government Through the State,1195591.95
2020-21,2244,Sherwood SD 88J,250,Non-Federal Sources,2200,Restricted Revenue,1351755.18
2020-21,2244,Sherwood SD 88J,250,Non-Federal Sources,3299,Other Restricted Grants-In-Aid,0
2020-21,2244,Sherwood SD 88J,251,Student Investment Account,3299,Other Restricted Grants-In-Aid,346755.3
2020-21,2244,Sherwood SD 88J,299,Child Nutrition,5400,Resources - Beginning Fund Balance,-199299.36
2020-21,2244,Sherwood SD 88J,300,Debt Service Funds,5400,Resources - Beginning Fund Balance,548799.96
2020-21,2244,Sherwood SD 88J,400,Capital Projects Funds,5400,Resources - Beginning Fund Balance,28836728.22
2020-21,2244,Sherwood SD 88J,201,Federal Sources,4501,Medicaid Reimbursement for Eligible Early Intervention (EI) Services (Birth to Age Three),155955.2
2020-21,2244,Sherwood SD 88J,201,Federal Sources,4502,Medicaid Reimbursement for Eligible Early Childhood Special Education (ECSE) Services (Ages 3 to 5),472449.2
2020-21,2244,Sherwood SD 88J,201,Federal Sources,3299,Other Restricted Grants-In-Aid,0
2020-21,2244,Sherwood SD 88J,400,Capital Projects Funds,1500,Earnings on Investments,313719.49
2020-21,2244,Sherwood SD 88J,400,Capital Projects Funds,1960,Recovery of Prior Years' Expenditure,24687
2020-21,2244,Sherwood SD 88J,400,Capital Projects Funds,3299,Other Restricted Grants-In-Aid,1273809
2020-21,2244,Sherwood SD 88J,100,General Fund,5400,Resources - Beginning Fund Balance,4177771.31
2020-21,2244,Sherwood SD 88J,201,Federal Sources,5400,Resources - Beginning Fund Balance,2536.29
2020-21,2244,Sherwood SD 88J,250,Non-Federal Sources,5400,Resources - Beginning Fund Balance,2822635.69
2020-21,2244,Sherwood SD 88J,299,Child Nutrition,3299,Other Restricted Grants-In-Aid,3000
2020-21,2244,Sherwood SD 88J,299,Child Nutrition,4100,Unrestricted Revenue Direct From the Federal Government,749803.83
2020-21,2244,Sherwood SD 88J,299,Child Nutrition,4500,Restricted Revenue From Federal Government Through the State,101433.71
2020-21,2244,Sherwood SD 88J,300,Debt Service Funds,1110,Ad valorem taxes levied by district,14326907.11
2020-21,2244,Sherwood SD 88J,300,Debt Service Funds,1500,Earnings on Investments,53016.07
2020-21,2244,Sherwood SD 88J,300,Debt Service Funds,1970,Services Provided Other Funds,1359027.13
2020-21,2244,Sherwood SD 88J,250,Non-Federal Sources,5100,Long Term Debt Financing Sources,619725
2020-21,2244,Sherwood SD 88J,252,Measure 98 - High School Success,1990,Miscellaneous,9282.76
2020-21,2244,Sherwood SD 88J,252,Measure 98 - High School Success,3199,Other Unrestricted Grants-In-Aid,1228260.41
2020-21,2244,Sherwood SD 88J,299,Child Nutrition,1600,Food Service,15.4
2020-21,2244,Sherwood SD 88J,299,Child Nutrition,1990,Miscellaneous,1936.63
2020-21,2244,Sherwood SD 88J,299,Child Nutrition,3102,State School Fund--School Lunch Match,10663.92
2020-21,2244,Sherwood SD 88J,250,Non-Federal Sources,1500,Earnings on Investments,12318.36
2020-21,2244,Sherwood SD 88J,250,Non-Federal Sources,1700,Extra-Curricular Activities,529656.53
2020-21,2244,Sherwood SD 88J,250,Non-Federal Sources,1920,Contributions and Donations From Private Sources,41197.18
2020-21,2244,Sherwood SD 88J,250,Non-Federal Sources,1990,Miscellaneous,350664.08
2020-21,2244,Sherwood SD 88J,250,Non-Federal Sources,3222,State School Fund (SSF) Transportation Equipment,100565.75
2020-21,2244,Sherwood SD 88J,250,Non-Federal Sources,4500,Restricted Revenue From Federal Government Through the State,106.93
2020-21,2244,Sherwood SD 88J,100,General Fund,5200,Interfund Transfers,82276.55
2020-21,2244,Sherwood SD 88J,201,Federal Sources,1920,Contributions and Donations From Private Sources,20000
2020-21,2244,Sherwood SD 88J,201,Federal Sources,1990,Miscellaneous,34411.64
2020-21,2244,Sherwood SD 88J,201,Federal Sources,2200,Restricted Revenue,15776
2020-21,2244,Sherwood SD 88J,250,Non-Federal Sources,1130,Construction Excise Tax,211818.58
2020-21,2244,Sherwood SD 88J,250,Non-Federal Sources,1411,Transportation fees from Individuals,45
2020-21,2244,Sherwood SD 88J,100,General Fund,1980,Fees Charged to Grants,115247.54
2020-21,2244,Sherwood SD 88J,100,General Fund,1990,Miscellaneous,121797.75
2020-21,2244,Sherwood SD 88J,100,General Fund,2101,County School Funds,137238.93
2020-21,2244,Sherwood SD 88J,100,General Fund,3101,State School Fund --General Support,34383478.42
2020-21,2244,Sherwood SD 88J,100,General Fund,3103,Common School Fund,579373.08
2020-21,2244,Sherwood SD 88J,100,General Fund,3199,Other Unrestricted Grants-In-Aid,292431.2
2020-21,2244,Sherwood SD 88J,100,General Fund,1110,Ad valorem taxes levied by district,18017460.07
2020-21,2244,Sherwood SD 88J,100,General Fund,1411,Transportation fees from Individuals,55597.83
2020-21,2244,Sherwood SD 88J,100,General Fund,1500,Earnings on Investments,59637.03
2020-21,2244,Sherwood SD 88J,100,General Fund,1910,Rentals,50903.36
2020-21,2244,Sherwood SD 88J,100,General Fund,1920,Contributions and Donations From Private Sources,678
2020-21,2244,Sherwood SD 88J,100,General Fund,1960,Recovery of Prior Years' Expenditure,17572.64
2020-21,2245,Gaston SD 511J,100,General Fund,1110,Ad valorem taxes levied by district,1370004.05
2020-21,2245,Gaston SD 511J,100,General Fund,1190,Penalties and interest on taxes,2185.13
2020-21,2245,Gaston SD 511J,100,General Fund,1500,Earnings on Investments,28120.29
2020-21,2245,Gaston SD 511J,100,General Fund,1700,Extra-Curricular Activities,16811.3
2020-21,2245,Gaston SD 511J,100,General Fund,1920,Contributions and Donations From Private Sources,1051.96
2020-21,2245,Gaston SD 511J,100,General Fund,1960,Recovery of Prior Years' Expenditure,20831.92
2020-21,2245,Gaston SD 511J,700,Trust and Agency Funds,1920,Contributions and Donations From Private Sources,12422
2020-21,2245,Gaston SD 511J,700,Trust and Agency Funds,1990,Miscellaneous,2496
2020-21,2245,Gaston SD 511J,700,Trust and Agency Funds,5400,Resources - Beginning Fund Balance,10475.41
2020-21,2245,Gaston SD 511J,300,Debt Service Funds,1500,Earnings on Investments,21.86
2020-21,2245,Gaston SD 511J,300,Debt Service Funds,1970,Services Provided Other Funds,584333.34
2020-21,2245,Gaston SD 511J,300,Debt Service Funds,5200,Interfund Transfers,29412
2020-21,2245,Gaston SD 511J,300,Debt Service Funds,5400,Resources - Beginning Fund Balance,588981.78
2020-21,2245,Gaston SD 511J,400,Capital Projects Funds,1500,Earnings on Investments,2963.92
2020-21,2245,Gaston SD 511J,400,Capital Projects Funds,5400,Resources - Beginning Fund Balance,438251.4
2020-21,2245,Gaston SD 511J,299,Child Nutrition,3102,State School Fund--School Lunch Match,1686.62
2020-21,2245,Gaston SD 511J,299,Child Nutrition,4500,Restricted Revenue From Federal Government Through the State,46286.8
2020-21,2245,Gaston SD 511J,299,Child Nutrition,4900,Revenue for/on Behalf of the District,12093.46
2020-21,2245,Gaston SD 511J,299,Child Nutrition,5400,Resources - Beginning Fund Balance,11301.04
2020-21,2245,Gaston SD 511J,300,Debt Service Funds,1110,Ad valorem taxes levied by district,538673.16
2020-21,2245,Gaston SD 511J,300,Debt Service Funds,1190,Penalties and interest on taxes,580.38
2020-21,2245,Gaston SD 511J,250,Non-Federal Sources,5200,Interfund Transfers,10000
2020-21,2245,Gaston SD 511J,250,Non-Federal Sources,5400,Resources - Beginning Fund Balance,177750.96
2020-21,2245,Gaston SD 511J,251,Student Investment Account,3299,Other Restricted Grants-In-Aid,160901.92
2020-21,2245,Gaston SD 511J,252,Measure 98 - High School Success,3299,Other Restricted Grants-In-Aid,162089.26
2020-21,2245,Gaston SD 511J,299,Child Nutrition,1600,Food Service,1234.88
2020-21,2245,Gaston SD 511J,299,Child Nutrition,1960,Recovery of Prior Years' Expenditure,18.7
2020-21,2245,Gaston SD 511J,250,Non-Federal Sources,1700,Extra-Curricular Activities,2320.3
2020-21,2245,Gaston SD 511J,250,Non-Federal Sources,1920,Contributions and Donations From Private Sources,11825.77
2020-21,2245,Gaston SD 511J,250,Non-Federal Sources,1990,Miscellaneous,40874.23
2020-21,2245,Gaston SD 511J,250,Non-Federal Sources,2102,General Education Service District Funds,135455.67
2020-21,2245,Gaston SD 511J,250,Non-Federal Sources,2199,Other Intermediate Sources,26555.78
2020-21,2245,Gaston SD 511J,250,Non-Federal Sources,3299,Other Restricted Grants-In-Aid,4963.73
2020-21,2245,Gaston SD 511J,100,General Fund,3199,Other Unrestricted Grants-In-Aid,37351.19
2020-21,2245,Gaston SD 511J,100,General Fund,3299,Other Restricted Grants-In-Aid,108342.01
2020-21,2245,Gaston SD 511J,100,General Fund,4500,Restricted Revenue From Federal Government Through the State,21861
2020-21,2245,Gaston SD 511J,100,General Fund,5400,Resources - Beginning Fund Balance,1821174.71
2020-21,2245,Gaston SD 511J,201,Federal Sources,4500,Restricted Revenue From Federal Government Through the State,569603.6
2020-21,2245,Gaston SD 511J,250,Non-Federal Sources,1130,Construction Excise Tax,11568.96
2020-21,2245,Gaston SD 511J,100,General Fund,1990,Miscellaneous,5124.15
2020-21,2245,Gaston SD 511J,100,General Fund,2101,County School Funds,13086.34
2020-21,2245,Gaston SD 511J,100,General Fund,2199,Other Intermediate Sources,2316.94
2020-21,2245,Gaston SD 511J,100,General Fund,3101,State School Fund --General Support,3643280.5
2020-21,2245,Gaston SD 511J,100,General Fund,3103,Common School Fund,60355.26
2020-21,2245,Gaston SD 511J,100,General Fund,3104,State Managed County Timber,1052315.05
2020-21,2247,Spray SD 1,100,General Fund,1110,Ad valorem taxes levied by district,168436.64
2020-21,2247,Spray SD 1,100,General Fund,1190,Penalties and interest on taxes,853.08
2020-21,2247,Spray SD 1,100,General Fund,1500,Earnings on Investments,6689.95
2020-21,2247,Spray SD 1,100,General Fund,1910,Rentals,2100
2020-21,2247,Spray SD 1,100,General Fund,1990,Miscellaneous,16462.72
2020-21,2247,Spray SD 1,100,General Fund,2101,County School Funds,733.22
2020-21,2247,Spray SD 1,250,Non-Federal Sources,1990,Miscellaneous,75120.29
2020-21,2247,Spray SD 1,250,Non-Federal Sources,5400,Resources - Beginning Fund Balance,40301.84
2020-21,2247,Spray SD 1,299,Child Nutrition,1600,Food Service,1515.59
2020-21,2247,Spray SD 1,299,Child Nutrition,3102,State School Fund--School Lunch Match,379.05
2020-21,2247,Spray SD 1,299,Child Nutrition,4500,Restricted Revenue From Federal Government Through the State,35412.56
2020-21,2247,Spray SD 1,299,Child Nutrition,5200,Interfund Transfers,44628.72
2020-21,2247,Spray SD 1,201,Federal Sources,4500,Restricted Revenue From Federal Government Through the State,152813.94
2020-21,2247,Spray SD 1,201,Federal Sources,5400,Resources - Beginning Fund Balance,8350.01
2020-21,2247,Spray SD 1,400,Capital Projects Funds,5400,Resources - Beginning Fund Balance,96880.69
2020-21,2247,Spray SD 1,700,Trust and Agency Funds,1500,Earnings on Investments,1579.42
2020-21,2247,Spray SD 1,700,Trust and Agency Funds,5400,Resources - Beginning Fund Balance,190793.06
2020-21,2247,Spray SD 1,299,Child Nutrition,5400,Resources - Beginning Fund Balance,-50194.97
2020-21,2247,Spray SD 1,250,Non-Federal Sources,5200,Interfund Transfers,3751.28
2020-21,2247,Spray SD 1,252,Measure 98 - High School Success,3299,Other Restricted Grants-In-Aid,38232.09
2020-21,2247,Spray SD 1,201,Federal Sources,4300,Restricted Revenue Direct From the Federal Government,554
2020-21,2247,Spray SD 1,201,Federal Sources,4700,Grants-In-Aid From Federal Government Through Other Intermed,14324.25
2020-21,2247,Spray SD 1,251,Student Investment Account,3199,Other Unrestricted Grants-In-Aid,2011.24
2020-21,2247,Spray SD 1,400,Capital Projects Funds,3101,State School Fund --General Support,19050.13
2020-21,2247,Spray SD 1,400,Capital Projects Funds,3299,Other Restricted Grants-In-Aid,31353
2020-21,2247,Spray SD 1,400,Capital Projects Funds,5100,Long Term Debt Financing Sources,165347.06
2020-21,2247,Spray SD 1,100,General Fund,2103,Excess ESD Local Revenue,78313.66
2020-21,2247,Spray SD 1,100,General Fund,3101,State School Fund --General Support,1151790.88
2020-21,2247,Spray SD 1,100,General Fund,3103,Common School Fund,2998.73
2020-21,2247,Spray SD 1,100,General Fund,4801,Federal Forest Fees,4525.92
2020-21,2247,Spray SD 1,100,General Fund,5400,Resources - Beginning Fund Balance,625985.1
2020-21,2247,Spray SD 1,201,Federal Sources,1990,Miscellaneous,21952.3
2020-21,2248,Fossil SD 21J,700,Trust and Agency Funds,1500,Earnings on Investments,108283.86
2020-21,2248,Fossil SD 21J,700,Trust and Agency Funds,5400,Resources - Beginning Fund Balance,428713.11
2020-21,2248,Fossil SD 21J,299,Child Nutrition,3299,Other Restricted Grants-In-Aid,267
2020-21,2248,Fossil SD 21J,299,Child Nutrition,4500,Restricted Revenue From Federal Government Through the State,32550.65
2020-21,2248,Fossil SD 21J,299,Child Nutrition,4900,Revenue for/on Behalf of the District,2305.66
2020-21,2248,Fossil SD 21J,299,Child Nutrition,5200,Interfund Transfers,29371.55
2020-21,2248,Fossil SD 21J,252,Measure 98 - High School Success,3299,Other Restricted Grants-In-Aid,9395.28
2020-21,2248,Fossil SD 21J,400,Capital Projects Funds,5200,Interfund Transfers,217393.82
2020-21,2248,Fossil SD 21J,250,Non-Federal Sources,1700,Extra-Curricular Activities,12129.63
2020-21,2248,Fossil SD 21J,250,Non-Federal Sources,2200,Restricted Revenue,142946.3
2020-21,2248,Fossil SD 21J,250,Non-Federal Sources,4300,Restricted Revenue Direct From the Federal Government,10000
2020-21,2248,Fossil SD 21J,250,Non-Federal Sources,4500,Restricted Revenue From Federal Government Through the State,72.12
2020-21,2248,Fossil SD 21J,251,Student Investment Account,3299,Other Restricted Grants-In-Aid,26506.38
2020-21,2248,Fossil SD 21J,299,Child Nutrition,1600,Food Service,1380
2020-21,2248,Fossil SD 21J,100,General Fund,4801,Federal Forest Fees,89868.91
2020-21,2248,Fossil SD 21J,100,General Fund,5400,Resources - Beginning Fund Balance,3151249.8
2020-21,2248,Fossil SD 21J,201,Federal Sources,1920,Contributions and Donations From Private Sources,13000
2020-21,2248,Fossil SD 21J,201,Federal Sources,4300,Restricted Revenue Direct From the Federal Government,49204
2020-21,2248,Fossil SD 21J,201,Federal Sources,4700,Grants-In-Aid From Federal Government Through Other Intermed,102056.57
2020-21,2248,Fossil SD 21J,201,Federal Sources,5200,Interfund Transfers,8986.78
2020-21,2248,Fossil SD 21J,100,General Fund,1920,Contributions and Donations From Private Sources,46.62
2020-21,2248,Fossil SD 21J,100,General Fund,1990,Miscellaneous,13225.76
2020-21,2248,Fossil SD 21J,100,General Fund,2101,County School Funds,14559.17
2020-21,2248,Fossil SD 21J,100,General Fund,2103,Excess ESD Local Revenue,724678.29
2020-21,2248,Fossil SD 21J,100,General Fund,3101,State School Fund --General Support,12208291.59
2020-21,2248,Fossil SD 21J,100,General Fund,3103,Common School Fund,12232
2020-21,2248,Fossil SD 21J,201,Federal Sources,4500,Restricted Revenue From Federal Government Through the State,99956.76
2020-21,2248,Fossil SD 21J,201,Federal Sources,5400,Resources - Beginning Fund Balance,3412.25
2020-21,2248,Fossil SD 21J,250,Non-Federal Sources,5400,Resources - Beginning Fund Balance,29506.23
2020-21,2248,Fossil SD 21J,100,General Fund,1110,Ad valorem taxes levied by district,240013.84
2020-21,2248,Fossil SD 21J,100,General Fund,1190,Penalties and interest on taxes,4065.85
2020-21,2248,Fossil SD 21J,100,General Fund,1500,Earnings on Investments,37296.12
2020-21,2249,Mitchell SD 55,100,General Fund,1110,Ad valorem taxes levied by district,205834.74
2020-21,2249,Mitchell SD 55,100,General Fund,1190,Penalties and interest on taxes,2416.9
2020-21,2249,Mitchell SD 55,100,General Fund,1500,Earnings on Investments,6272.76
2020-21,2249,Mitchell SD 55,100,General Fund,1910,Rentals,6000
2020-21,2249,Mitchell SD 55,100,General Fund,1990,Miscellaneous,22215.76
2020-21,2249,Mitchell SD 55,100,General Fund,2101,County School Funds,880.51
2020-21,2249,Mitchell SD 55,201,Federal Sources,4500,Restricted Revenue From Federal Government Through the State,120067.6
2020-21,2249,Mitchell SD 55,299,Child Nutrition,1990,Miscellaneous,86.8
2020-21,2249,Mitchell SD 55,299,Child Nutrition,4500,Restricted Revenue From Federal Government Through the State,19146.89
2020-21,2249,Mitchell SD 55,299,Child Nutrition,4900,Revenue for/on Behalf of the District,7252.36
2020-21,2249,Mitchell SD 55,299,Child Nutrition,5200,Interfund Transfers,62704.88
2020-21,2249,Mitchell SD 55,400,Capital Projects Funds,5200,Interfund Transfers,31000
2020-21,2249,Mitchell SD 55,400,Capital Projects Funds,5400,Resources - Beginning Fund Balance,160726.52
2020-21,2249,Mitchell SD 55,201,Federal Sources,4700,Grants-In-Aid From Federal Government Through Other Intermed,53172
2020-21,2249,Mitchell SD 55,251,Student Investment Account,3299,Other Restricted Grants-In-Aid,7000
2020-21,2249,Mitchell SD 55,252,Measure 98 - High School Success,3299,Other Restricted Grants-In-Aid,20279.23
2020-21,2249,Mitchell SD 55,250,Non-Federal Sources,1700,Extra-Curricular Activities,19789.93
2020-21,2249,Mitchell SD 55,250,Non-Federal Sources,5400,Resources - Beginning Fund Balance,45827.12
2020-21,2249,Mitchell SD 55,299,Child Nutrition,1600,Food Service,3311.1
2020-21,2249,Mitchell SD 55,100,General Fund,2103,Excess ESD Local Revenue,372207.12
2020-21,2249,Mitchell SD 55,100,General Fund,3101,State School Fund --General Support,14041794.42
2020-21,2249,Mitchell SD 55,100,General Fund,3102,State School Fund--School Lunch Match,253.38
2020-21,2249,Mitchell SD 55,100,General Fund,3103,Common School Fund,2509.76
2020-21,2249,Mitchell SD 55,100,General Fund,4801,Federal Forest Fees,5435.1
2020-21,2249,Mitchell SD 55,100,General Fund,5400,Resources - Beginning Fund Balance,711258.43
2020-21,2251,Yamhill Carlton SD 1,100,General Fund,1110,Ad valorem taxes levied by district,3557514.02
2020-21,2251,Yamhill Carlton SD 1,100,General Fund,1190,Penalties and interest on taxes,12502.79
2020-21,2251,Yamhill Carlton SD 1,100,General Fund,1312,Tuition from Other Districts within the State,108000
2020-21,2251,Yamhill Carlton SD 1,100,General Fund,1330,Summer School Tuition,3003.11
2020-21,2251,Yamhill Carlton SD 1,100,General Fund,1500,Earnings on Investments,43858.13
2020-21,2251,Yamhill Carlton SD 1,100,General Fund,1700,Extra-Curricular Activities,11701
2020-21,2251,Yamhill Carlton SD 1,400,Capital Projects Funds,1910,Rentals,18125.48
2020-21,2251,Yamhill Carlton SD 1,400,Capital Projects Funds,1920,Contributions and Donations From Private Sources,113098
2020-21,2251,Yamhill Carlton SD 1,400,Capital Projects Funds,3299,Other Restricted Grants-In-Aid,156488
2020-21,2251,Yamhill Carlton SD 1,400,Capital Projects Funds,5400,Resources - Beginning Fund Balance,2043189.06
2020-21,2251,Yamhill Carlton SD 1,700,Trust and Agency Funds,1920,Contributions and Donations From Private Sources,400
2020-21,2251,Yamhill Carlton SD 1,700,Trust and Agency Funds,5400,Resources - Beginning Fund Balance,43161.56
2020-21,2251,Yamhill Carlton SD 1,300,Debt Service Funds,1970,Services Provided Other Funds,1006867.56
2020-21,2251,Yamhill Carlton SD 1,300,Debt Service Funds,1990,Miscellaneous,19015.02
2020-21,2251,Yamhill Carlton SD 1,300,Debt Service Funds,5200,Interfund Transfers,196926
2020-21,2251,Yamhill Carlton SD 1,300,Debt Service Funds,5400,Resources - Beginning Fund Balance,757770.11
2020-21,2251,Yamhill Carlton SD 1,400,Capital Projects Funds,1130,Construction Excise Tax,335083.56
2020-21,2251,Yamhill Carlton SD 1,400,Capital Projects Funds,1500,Earnings on Investments,3172.24
2020-21,2251,Yamhill Carlton SD 1,299,Child Nutrition,4500,Restricted Revenue From Federal Government Through the State,328938.18
2020-21,2251,Yamhill Carlton SD 1,299,Child Nutrition,4900,Revenue for/on Behalf of the District,36473.32
2020-21,2251,Yamhill Carlton SD 1,299,Child Nutrition,5400,Resources - Beginning Fund Balance,14681.56
2020-21,2251,Yamhill Carlton SD 1,300,Debt Service Funds,1110,Ad valorem taxes levied by district,1628282.08
2020-21,2251,Yamhill Carlton SD 1,300,Debt Service Funds,1190,Penalties and interest on taxes,5604.01
2020-21,2251,Yamhill Carlton SD 1,300,Debt Service Funds,1500,Earnings on Investments,758.73
2020-21,2251,Yamhill Carlton SD 1,251,Student Investment Account,3299,Other Restricted Grants-In-Aid,227384.67
2020-21,2251,Yamhill Carlton SD 1,252,Measure 98 - High School Success,3299,Other Restricted Grants-In-Aid,242055.04
2020-21,2251,Yamhill Carlton SD 1,299,Child Nutrition,1500,Earnings on Investments,2.77
2020-21,2251,Yamhill Carlton SD 1,299,Child Nutrition,1600,Food Service,1082.39
2020-21,2251,Yamhill Carlton SD 1,299,Child Nutrition,3102,State School Fund--School Lunch Match,3000.17
2020-21,2251,Yamhill Carlton SD 1,299,Child Nutrition,3299,Other Restricted Grants-In-Aid,4928.03
2020-21,2251,Yamhill Carlton SD 1,250,Non-Federal Sources,1700,Extra-Curricular Activities,48795.12
2020-21,2251,Yamhill Carlton SD 1,250,Non-Federal Sources,1920,Contributions and Donations From Private Sources,14613.38
2020-21,2251,Yamhill Carlton SD 1,250,Non-Federal Sources,1990,Miscellaneous,13180.29
2020-21,2251,Yamhill Carlton SD 1,250,Non-Federal Sources,3299,Other Restricted Grants-In-Aid,111714
2020-21,2251,Yamhill Carlton SD 1,250,Non-Federal Sources,5200,Interfund Transfers,50000
2020-21,2251,Yamhill Carlton SD 1,250,Non-Federal Sources,5400,Resources - Beginning Fund Balance,374712.44
2020-21,2251,Yamhill Carlton SD 1,100,General Fund,3101,State School Fund --General Support,6670627.87
2020-21,2251,Yamhill Carlton SD 1,100,General Fund,3103,Common School Fund,117351.78
2020-21,2251,Yamhill Carlton SD 1,100,General Fund,3199,Other Unrestricted Grants-In-Aid,73681.55
2020-21,2251,Yamhill Carlton SD 1,100,General Fund,5400,Resources - Beginning Fund Balance,1819360.45
2020-21,2251,Yamhill Carlton SD 1,201,Federal Sources,4500,Restricted Revenue From Federal Government Through the State,525621.64
2020-21,2251,Yamhill Carlton SD 1,250,Non-Federal Sources,1500,Earnings on Investments,901.49
2020-21,2251,Yamhill Carlton SD 1,100,General Fund,1960,Recovery of Prior Years' Expenditure,3672.05
2020-21,2251,Yamhill Carlton SD 1,100,General Fund,1980,Fees Charged to Grants,21902.48
2020-21,2251,Yamhill Carlton SD 1,100,General Fund,1990,Miscellaneous,60493.44
2020-21,2251,Yamhill Carlton SD 1,100,General Fund,2101,County School Funds,2985.4
2020-21,2251,Yamhill Carlton SD 1,100,General Fund,2102,General Education Service District Funds,125000
2020-21,2251,Yamhill Carlton SD 1,100,General Fund,2199,Other Intermediate Sources,1085.34
2020-21,2252,Amity SD 4J,100,General Fund,1110,Ad valorem taxes levied by district,1988803.29
2020-21,2252,Amity SD 4J,100,General Fund,1190,Penalties and interest on taxes,6602.95
2020-21,2252,Amity SD 4J,100,General Fund,1500,Earnings on Investments,23839.24
2020-21,2252,Amity SD 4J,100,General Fund,1910,Rentals,250
2020-21,2252,Amity SD 4J,100,General Fund,1920,Contributions and Donations From Private Sources,4225
2020-21,2252,Amity SD 4J,100,General Fund,1960,Recovery of Prior Years' Expenditure,1346.26
2020-21,2252,Amity SD 4J,300,Debt Service Funds,5400,Resources - Beginning Fund Balance,310392.53
2020-21,2252,Amity SD 4J,400,Capital Projects Funds,1500,Earnings on Investments,3846.2
2020-21,2252,Amity SD 4J,400,Capital Projects Funds,1990,Miscellaneous,17671.95
2020-21,2252,Amity SD 4J,400,Capital Projects Funds,5200,Interfund Transfers,295000
2020-21,2252,Amity SD 4J,400,Capital Projects Funds,5400,Resources - Beginning Fund Balance,412377.44
2020-21,2252,Amity SD 4J,299,Child Nutrition,5200,Interfund Transfers,80000
2020-21,2252,Amity SD 4J,299,Child Nutrition,5400,Resources - Beginning Fund Balance,7128.01
2020-21,2252,Amity SD 4J,300,Debt Service Funds,1110,Ad valorem taxes levied by district,644034.82
2020-21,2252,Amity SD 4J,300,Debt Service Funds,1190,Penalties and interest on taxes,1989.27
2020-21,2252,Amity SD 4J,300,Debt Service Funds,1500,Earnings on Investments,2768.81
2020-21,2252,Amity SD 4J,300,Debt Service Funds,1970,Services Provided Other Funds,624814.57
2020-21,2252,Amity SD 4J,251,Student Investment Account,3299,Other Restricted Grants-In-Aid,217846.35
2020-21,2252,Amity SD 4J,252,Measure 98 - High School Success,3299,Other Restricted Grants-In-Aid,348993.31
2020-21,2252,Amity SD 4J,299,Child Nutrition,1500,Earnings on Investments,33.7
2020-21,2252,Amity SD 4J,299,Child Nutrition,3102,State School Fund--School Lunch Match,2565.27
2020-21,2252,Amity SD 4J,299,Child Nutrition,4500,Restricted Revenue From Federal Government Through the State,172682.12
2020-21,2252,Amity SD 4J,299,Child Nutrition,4900,Revenue for/on Behalf of the District,16203.89
2020-21,2252,Amity SD 4J,250,Non-Federal Sources,1800,Community Services Activities,2599.6
2020-21,2252,Amity SD 4J,250,Non-Federal Sources,1990,Miscellaneous,55772
2020-21,2252,Amity SD 4J,250,Non-Federal Sources,3222,State School Fund (SSF) Transportation Equipment,28662
2020-21,2252,Amity SD 4J,250,Non-Federal Sources,3299,Other Restricted Grants-In-Aid,72038.46
2020-21,2252,Amity SD 4J,250,Non-Federal Sources,5200,Interfund Transfers,135000
2020-21,2252,Amity SD 4J,250,Non-Federal Sources,5400,Resources - Beginning Fund Balance,866751
2020-21,2252,Amity SD 4J,100,General Fund,3199,Other Unrestricted Grants-In-Aid,58135.53
2020-21,2252,Amity SD 4J,100,General Fund,4801,Federal Forest Fees,6.79
2020-21,2252,Amity SD 4J,100,General Fund,5400,Resources - Beginning Fund Balance,1803087.07
2020-21,2252,Amity SD 4J,201,Federal Sources,4500,Restricted Revenue From Federal Government Through the State,902427.8
2020-21,2252,Amity SD 4J,250,Non-Federal Sources,1500,Earnings on Investments,1857.9
2020-21,2252,Amity SD 4J,250,Non-Federal Sources,1700,Extra-Curricular Activities,59248.09
2020-21,2252,Amity SD 4J,100,General Fund,1990,Miscellaneous,17950.31
2020-21,2252,Amity SD 4J,100,General Fund,2101,County School Funds,2116
2020-21,2252,Amity SD 4J,100,General Fund,2102,General Education Service District Funds,165620.81
2020-21,2252,Amity SD 4J,100,General Fund,2199,Other Intermediate Sources,2562.07
2020-21,2252,Amity SD 4J,100,General Fund,3101,State School Fund --General Support,7168737.56
2020-21,2252,Amity SD 4J,100,General Fund,3103,Common School Fund,94317.16
2020-21,2253,Dayton SD 8,400,Capital Projects Funds,5400,Resources - Beginning Fund Balance,13877518.98
2020-21,2253,Dayton SD 8,100,General Fund,1110,Ad valorem taxes levied by district,2559231.92
2020-21,2253,Dayton SD 8,100,General Fund,1500,Earnings on Investments,50041.99
2020-21,2253,Dayton SD 8,100,General Fund,1910,Rentals,200
2020-21,2253,Dayton SD 8,100,General Fund,1920,Contributions and Donations From Private Sources,743.3
2020-21,2253,Dayton SD 8,100,General Fund,1940,Services Provided Other Local Education Agencies,83400
2020-21,2253,Dayton SD 8,400,Capital Projects Funds,1130,Construction Excise Tax,42442.13
2020-21,2253,Dayton SD 8,400,Capital Projects Funds,1500,Earnings on Investments,99653.21
2020-21,2253,Dayton SD 8,400,Capital Projects Funds,1990,Miscellaneous,29104.06
2020-21,2253,Dayton SD 8,400,Capital Projects Funds,3299,Other Restricted Grants-In-Aid,1761821.35
2020-21,2253,Dayton SD 8,400,Capital Projects Funds,5200,Interfund Transfers,870000
2020-21,2253,Dayton SD 8,299,Child Nutrition,5200,Interfund Transfers,5700.25
2020-21,2253,Dayton SD 8,299,Child Nutrition,5400,Resources - Beginning Fund Balance,34834.14
2020-21,2253,Dayton SD 8,300,Debt Service Funds,1110,Ad valorem taxes levied by district,1382897.56
2020-21,2253,Dayton SD 8,300,Debt Service Funds,1500,Earnings on Investments,12038.39
2020-21,2253,Dayton SD 8,300,Debt Service Funds,1970,Services Provided Other Funds,819435.44
2020-21,2253,Dayton SD 8,300,Debt Service Funds,5400,Resources - Beginning Fund Balance,866800.62
2020-21,2253,Dayton SD 8,251,Student Investment Account,3299,Other Restricted Grants-In-Aid,267256.25
2020-21,2253,Dayton SD 8,252,Measure 98 - High School Success,3299,Other Restricted Grants-In-Aid,172741.72
2020-21,2253,Dayton SD 8,299,Child Nutrition,1600,Food Service,3
2020-21,2253,Dayton SD 8,299,Child Nutrition,3299,Other Restricted Grants-In-Aid,14082.82
2020-21,2253,Dayton SD 8,299,Child Nutrition,4500,Restricted Revenue From Federal Government Through the State,375720.53
2020-21,2253,Dayton SD 8,299,Child Nutrition,4900,Revenue for/on Behalf of the District,40457.3
2020-21,2253,Dayton SD 8,250,Non-Federal Sources,1700,Extra-Curricular Activities,118241.31
2020-21,2253,Dayton SD 8,250,Non-Federal Sources,1920,Contributions and Donations From Private Sources,46442.86
2020-21,2253,Dayton SD 8,250,Non-Federal Sources,1990,Miscellaneous,9260
2020-21,2253,Dayton SD 8,250,Non-Federal Sources,3299,Other Restricted Grants-In-Aid,193286.73
2020-21,2253,Dayton SD 8,250,Non-Federal Sources,5200,Interfund Transfers,34369.84
2020-21,2253,Dayton SD 8,250,Non-Federal Sources,5400,Resources - Beginning Fund Balance,285605.28
2020-21,2253,Dayton SD 8,100,General Fund,4500,Restricted Revenue From Federal Government Through the State,161621.7
2020-21,2253,Dayton SD 8,100,General Fund,5400,Resources - Beginning Fund Balance,2434904.17
2020-21,2253,Dayton SD 8,201,Federal Sources,4500,Restricted Revenue From Federal Government Through the State,390341.77
2020-21,2253,Dayton SD 8,201,Federal Sources,4700,Grants-In-Aid From Federal Government Through Other Intermed,28424.56
2020-21,2253,Dayton SD 8,201,Federal Sources,5400,Resources - Beginning Fund Balance,-107729.79
2020-21,2253,Dayton SD 8,250,Non-Federal Sources,1500,Earnings on Investments,12.68
2020-21,2253,Dayton SD 8,100,General Fund,1990,Miscellaneous,31712.29
2020-21,2253,Dayton SD 8,100,General Fund,2101,County School Funds,2944
2020-21,2253,Dayton SD 8,100,General Fund,2102,General Education Service District Funds,115209.66
2020-21,2253,Dayton SD 8,100,General Fund,3101,State School Fund --General Support,8527860.09
2020-21,2253,Dayton SD 8,100,General Fund,3103,Common School Fund,109773.22
2020-21,2253,Dayton SD 8,100,General Fund,3299,Other Restricted Grants-In-Aid,3020
2020-21,2254,Newberg SD 29J,252,Measure 98 - High School Success,3299,Other Restricted Grants-In-Aid,1349480.17
2020-21,2254,Newberg SD 29J,299,Child Nutrition,3102,State School Fund--School Lunch Match,17344.15
2020-21,2254,Newberg SD 29J,299,Child Nutrition,4900,Revenue for/on Behalf of the District,175682.88
2020-21,2254,Newberg SD 29J,300,Debt Service Funds,1110,Ad valorem taxes levied by district,1916542.15
2020-21,2254,Newberg SD 29J,100,General Fund,1800,Community Services Activities,11232
2020-21,2254,Newberg SD 29J,100,General Fund,2102,General Education Service District Funds,1775759.04
2020-21,2254,Newberg SD 29J,100,General Fund,3101,State School Fund --General Support,32402358.59
2020-21,2254,Newberg SD 29J,100,General Fund,3103,Common School Fund,553629.64
2020-21,2254,Newberg SD 29J,100,General Fund,3299,Other Restricted Grants-In-Aid,270959.09
2020-21,2254,Newberg SD 29J,100,General Fund,5400,Resources - Beginning Fund Balance,9341450.09
2020-21,2254,Newberg SD 29J,251,Student Investment Account,3299,Other Restricted Grants-In-Aid,1238984.72
2020-21,2254,Newberg SD 29J,100,General Fund,2199,Other Intermediate Sources,3342.04
2020-21,2254,Newberg SD 29J,100,General Fund,1940,Services Provided Other Local Education Agencies,90777.05
2020-21,2254,Newberg SD 29J,100,General Fund,1960,Recovery of Prior Years' Expenditure,46031.04
2020-21,2254,Newberg SD 29J,100,General Fund,1980,Fees Charged to Grants,118944.27
2020-21,2254,Newberg SD 29J,100,General Fund,1990,Miscellaneous,315855.69
2020-21,2254,Newberg SD 29J,100,General Fund,2101,County School Funds,15172.17
2020-21,2254,Newberg SD 29J,299,Child Nutrition,1600,Food Service,5348.19
2020-21,2254,Newberg SD 29J,299,Child Nutrition,1990,Miscellaneous,1311.99
2020-21,2254,Newberg SD 29J,299,Child Nutrition,3299,Other Restricted Grants-In-Aid,51697.11
2020-21,2254,Newberg SD 29J,300,Debt Service Funds,1500,Earnings on Investments,65950.74
2020-21,2254,Newberg SD 29J,300,Debt Service Funds,5400,Resources - Beginning Fund Balance,2221901.38
2020-21,2254,Newberg SD 29J,400,Capital Projects Funds,5100,Long Term Debt Financing Sources,163763129.6
2020-21,2254,Newberg SD 29J,100,General Fund,1110,Ad valorem taxes levied by district,18175821.84
2020-21,2254,Newberg SD 29J,100,General Fund,1500,Earnings on Investments,199419.56
2020-21,2254,Newberg SD 29J,201,Federal Sources,4500,Restricted Revenue From Federal Government Through the State,3045605.21
2020-21,2254,Newberg SD 29J,250,Non-Federal Sources,2199,Other Intermediate Sources,115314.65
2020-21,2254,Newberg SD 29J,250,Non-Federal Sources,3299,Other Restricted Grants-In-Aid,267852.43
2020-21,2254,Newberg SD 29J,300,Debt Service Funds,1990,Miscellaneous,102467.02
2020-21,2254,Newberg SD 29J,300,Debt Service Funds,2199,Other Intermediate Sources,65.24
2020-21,2254,Newberg SD 29J,400,Capital Projects Funds,1130,Construction Excise Tax,445358.09
2020-21,2254,Newberg SD 29J,400,Capital Projects Funds,1500,Earnings on Investments,4758880.21
2020-21,2254,Newberg SD 29J,400,Capital Projects Funds,5400,Resources - Beginning Fund Balance,1248245.27
2020-21,2254,Newberg SD 29J,200,Special Revenue Funds,1700,Extra-Curricular Activities,202155.9
2020-21,2254,Newberg SD 29J,200,Special Revenue Funds,5200,Interfund Transfers,300000
2020-21,2254,Newberg SD 29J,200,Special Revenue Funds,5400,Resources - Beginning Fund Balance,1783909.41
2020-21,2254,Newberg SD 29J,250,Non-Federal Sources,5400,Resources - Beginning Fund Balance,21093.66
2020-21,2254,Newberg SD 29J,299,Child Nutrition,4500,Restricted Revenue From Federal Government Through the State,2252486.45
2020-21,2254,Newberg SD 29J,299,Child Nutrition,5400,Resources - Beginning Fund Balance,29206.85
2020-21,2254,Newberg SD 29J,300,Debt Service Funds,1970,Services Provided Other Funds,4122239.82
2020-21,2254,Newberg SD 29J,200,Special Revenue Funds,1910,Rentals,58171
2020-21,2254,Newberg SD 29J,200,Special Revenue Funds,1500,Earnings on Investments,1258.85
2020-21,2254,Newberg SD 29J,200,Special Revenue Funds,1920,Contributions and Donations From Private Sources,310445.99
2020-21,2254,Newberg SD 29J,200,Special Revenue Funds,1990,Miscellaneous,16361.62
2020-21,2254,Newberg SD 29J,200,Special Revenue Funds,4500,Restricted Revenue From Federal Government Through the State,111200
2020-21,2255,Willamina SD 30J,100,General Fund,1110,Ad valorem taxes levied by district,2231998.35
2020-21,2255,Willamina SD 30J,100,General Fund,1190,Penalties and interest on taxes,5387.46
2020-21,2255,Willamina SD 30J,100,General Fund,1312,Tuition from Other Districts within the State,83428
2020-21,2255,Willamina SD 30J,100,General Fund,1330,Summer School Tuition,100
2020-21,2255,Willamina SD 30J,100,General Fund,1500,Earnings on Investments,46449
2020-21,2255,Willamina SD 30J,100,General Fund,1990,Miscellaneous,31063.03
2020-21,2255,Willamina SD 30J,300,Debt Service Funds,5200,Interfund Transfers,61288
2020-21,2255,Willamina SD 30J,300,Debt Service Funds,5400,Resources - Beginning Fund Balance,237939.39
2020-21,2255,Willamina SD 30J,400,Capital Projects Funds,5400,Resources - Beginning Fund Balance,238350.16
2020-21,2255,Willamina SD 30J,700,Trust and Agency Funds,1500,Earnings on Investments,1450
2020-21,2255,Willamina SD 30J,700,Trust and Agency Funds,5400,Resources - Beginning Fund Balance,91160.63
2020-21,2255,Willamina SD 30J,299,Child Nutrition,4900,Revenue for/on Behalf of the District,35128.31
2020-21,2255,Willamina SD 30J,299,Child Nutrition,5400,Resources - Beginning Fund Balance,339430.31
2020-21,2255,Willamina SD 30J,300,Debt Service Funds,1110,Ad valorem taxes levied by district,257155.93
2020-21,2255,Willamina SD 30J,300,Debt Service Funds,1500,Earnings on Investments,291.72
2020-21,2255,Willamina SD 30J,300,Debt Service Funds,1970,Services Provided Other Funds,73828.91
2020-21,2255,Willamina SD 30J,300,Debt Service Funds,1990,Miscellaneous,19328.12
2020-21,2255,Willamina SD 30J,251,Student Investment Account,3299,Other Restricted Grants-In-Aid,237237.25
2020-21,2255,Willamina SD 30J,252,Measure 98 - High School Success,3299,Other Restricted Grants-In-Aid,227067.24
2020-21,2255,Willamina SD 30J,299,Child Nutrition,1500,Earnings on Investments,1500
2020-21,2255,Willamina SD 30J,299,Child Nutrition,1990,Miscellaneous,685.16
2020-21,2255,Willamina SD 30J,299,Child Nutrition,3102,State School Fund--School Lunch Match,4460.07
2020-21,2255,Willamina SD 30J,299,Child Nutrition,4500,Restricted Revenue From Federal Government Through the State,423948.59
2020-21,2255,Willamina SD 30J,200,Special Revenue Funds,5400,Resources - Beginning Fund Balance,1526141.57
2020-21,2255,Willamina SD 30J,201,Federal Sources,1990,Miscellaneous,10000
2020-21,2255,Willamina SD 30J,201,Federal Sources,4300,Restricted Revenue Direct From the Federal Government,25146.27
2020-21,2255,Willamina SD 30J,201,Federal Sources,4500,Restricted Revenue From Federal Government Through the State,820090.18
2020-21,2255,Willamina SD 30J,201,Federal Sources,4700,Grants-In-Aid From Federal Government Through Other Intermed,256782.37
2020-21,2255,Willamina SD 30J,250,Non-Federal Sources,3299,Other Restricted Grants-In-Aid,345418.02
2020-21,2255,Willamina SD 30J,100,General Fund,4802,Impact Aid to School Districts for Operation,299581.17
2020-21,2255,Willamina SD 30J,100,General Fund,5400,Resources - Beginning Fund Balance,4018973
2020-21,2255,Willamina SD 30J,200,Special Revenue Funds,1500,Earnings on Investments,16200
2020-21,2255,Willamina SD 30J,200,Special Revenue Funds,1700,Extra-Curricular Activities,39774.51
2020-21,2255,Willamina SD 30J,200,Special Revenue Funds,1990,Miscellaneous,121493.64
2020-21,2255,Willamina SD 30J,200,Special Revenue Funds,5200,Interfund Transfers,178900
2020-21,2255,Willamina SD 30J,100,General Fund,2101,County School Funds,2039.81
2020-21,2255,Willamina SD 30J,100,General Fund,2102,General Education Service District Funds,261872.19
2020-21,2255,Willamina SD 30J,100,General Fund,2199,Other Intermediate Sources,395.84
2020-21,2255,Willamina SD 30J,100,General Fund,3101,State School Fund --General Support,7161796.2
2020-21,2255,Willamina SD 30J,100,General Fund,3103,Common School Fund,91682.28
2020-21,2255,Willamina SD 30J,100,General Fund,4801,Federal Forest Fees,18.81
2020-21,2256,McMinnville SD 40,100,General Fund,1110,Ad valorem taxes levied by district,15374502.39
2020-21,2256,McMinnville SD 40,100,General Fund,1190,Penalties and interest on taxes,61173.76
2020-21,2256,McMinnville SD 40,100,General Fund,1500,Earnings on Investments,191130.61
2020-21,2256,McMinnville SD 40,100,General Fund,1700,Extra-Curricular Activities,300
2020-21,2256,McMinnville SD 40,100,General Fund,1800,Community Services Activities,84949.19
2020-21,2256,McMinnville SD 40,100,General Fund,1960,Recovery of Prior Years' Expenditure,49737
2020-21,2256,McMinnville SD 40,400,Capital Projects Funds,5400,Resources - Beginning Fund Balance,3189016.46
2020-21,2256,McMinnville SD 40,700,Trust and Agency Funds,1500,Earnings on Investments,1226.48
2020-21,2256,McMinnville SD 40,700,Trust and Agency Funds,1920,Contributions and Donations From Private Sources,15295
2020-21,2256,McMinnville SD 40,700,Trust and Agency Funds,5400,Resources - Beginning Fund Balance,156436.16
2020-21,2256,McMinnville SD 40,300,Debt Service Funds,1970,Services Provided Other Funds,3133249.43
2020-21,2256,McMinnville SD 40,300,Debt Service Funds,2199,Other Intermediate Sources,2038.63
2020-21,2256,McMinnville SD 40,300,Debt Service Funds,5100,Long Term Debt Financing Sources,25850000
2020-21,2256,McMinnville SD 40,300,Debt Service Funds,5400,Resources - Beginning Fund Balance,1168446.34
2020-21,2256,McMinnville SD 40,400,Capital Projects Funds,1500,Earnings on Investments,24238.44
2020-21,2256,McMinnville SD 40,400,Capital Projects Funds,5100,Long Term Debt Financing Sources,1092836.9
2020-21,2256,McMinnville SD 40,299,Child Nutrition,4500,Restricted Revenue From Federal Government Through the State,2167735.4
2020-21,2256,McMinnville SD 40,299,Child Nutrition,4900,Revenue for/on Behalf of the District,175592.47
2020-21,2256,McMinnville SD 40,299,Child Nutrition,5400,Resources - Beginning Fund Balance,674225.12
2020-21,2256,McMinnville SD 40,300,Debt Service Funds,1110,Ad valorem taxes levied by district,9610224.84
2020-21,2256,McMinnville SD 40,300,Debt Service Funds,1190,Penalties and interest on taxes,38685.94
2020-21,2256,McMinnville SD 40,300,Debt Service Funds,1500,Earnings on Investments,47271.26
2020-21,2256,McMinnville SD 40,299,Child Nutrition,1600,Food Service,17948.02
2020-21,2256,McMinnville SD 40,299,Child Nutrition,1920,Contributions and Donations From Private Sources,18000
2020-21,2256,McMinnville SD 40,299,Child Nutrition,1940,Services Provided Other Local Education Agencies,40898.96
2020-21,2256,McMinnville SD 40,299,Child Nutrition,1990,Miscellaneous,1255.15
2020-21,2256,McMinnville SD 40,299,Child Nutrition,3102,State School Fund--School Lunch Match,24446.53
2020-21,2256,McMinnville SD 40,299,Child Nutrition,3299,Other Restricted Grants-In-Aid,67900.62
2020-21,2256,McMinnville SD 40,250,Non-Federal Sources,2200,Restricted Revenue,230862.95
2020-21,2256,McMinnville SD 40,250,Non-Federal Sources,3299,Other Restricted Grants-In-Aid,428871.11
2020-21,2256,McMinnville SD 40,250,Non-Federal Sources,5200,Interfund Transfers,750000
2020-21,2256,McMinnville SD 40,250,Non-Federal Sources,5400,Resources - Beginning Fund Balance,3808136.82
2020-21,2256,McMinnville SD 40,251,Student Investment Account,3299,Other Restricted Grants-In-Aid,3566914.24
2020-21,2256,McMinnville SD 40,299,Child Nutrition,1500,Earnings on Investments,3634.68
2020-21,2256,McMinnville SD 40,250,Non-Federal Sources,1500,Earnings on Investments,28005.54
2020-21,2256,McMinnville SD 40,250,Non-Federal Sources,1700,Extra-Curricular Activities,241769
2020-21,2256,McMinnville SD 40,250,Non-Federal Sources,1910,Rentals,82536.14
2020-21,2256,McMinnville SD 40,250,Non-Federal Sources,1920,Contributions and Donations From Private Sources,61291.71
2020-21,2256,McMinnville SD 40,250,Non-Federal Sources,1990,Miscellaneous,146108.7
2020-21,2256,McMinnville SD 40,250,Non-Federal Sources,2199,Other Intermediate Sources,16905.1
2020-21,2256,McMinnville SD 40,100,General Fund,3103,Common School Fund,762045.98
2020-21,2256,McMinnville SD 40,100,General Fund,4200,Unrestricted Revenue From Federal Government Through State,2508.37
2020-21,2256,McMinnville SD 40,100,General Fund,5400,Resources - Beginning Fund Balance,7837356.73
2020-21,2256,McMinnville SD 40,201,Federal Sources,4500,Restricted Revenue From Federal Government Through the State,4893237.33
2020-21,2256,McMinnville SD 40,201,Federal Sources,4700,Grants-In-Aid From Federal Government Through Other Intermed,52707.76
2020-21,2256,McMinnville SD 40,250,Non-Federal Sources,1130,Construction Excise Tax,340920.36
2020-21,2256,McMinnville SD 40,100,General Fund,1980,Fees Charged to Grants,140822.78
2020-21,2256,McMinnville SD 40,100,General Fund,1990,Miscellaneous,20904.6
2020-21,2256,McMinnville SD 40,100,General Fund,2101,County School Funds,19375.2
2020-21,2256,McMinnville SD 40,100,General Fund,2102,General Education Service District Funds,2212385.88
2020-21,2256,McMinnville SD 40,100,General Fund,2199,Other Intermediate Sources,3188.63
2020-21,2256,McMinnville SD 40,100,General Fund,3101,State School Fund --General Support,54829724.45
2020-21,2257,Sheridan SD 48J,100,General Fund,5400,Resources - Beginning Fund Balance,1071403.5
2020-21,2257,Sheridan SD 48J,200,Special Revenue Funds,5400,Resources - Beginning Fund Balance,1273499.65
2020-21,2257,Sheridan SD 48J,400,Capital Projects Funds,5400,Resources - Beginning Fund Balance,729919.64
2020-21,2257,Sheridan SD 48J,600,Internal Service Funds,5400,Resources - Beginning Fund Balance,404480.56
2020-21,2257,Sheridan SD 48J,100,General Fund,1110,Ad valorem taxes levied by district,1698778.73
2020-21,2257,Sheridan SD 48J,100,General Fund,1500,Earnings on Investments,27457.08
2020-21,2257,Sheridan SD 48J,400,Capital Projects Funds,1500,Earnings on Investments,4077.07
2020-21,2257,Sheridan SD 48J,400,Capital Projects Funds,3101,State School Fund --General Support,245000
2020-21,2257,Sheridan SD 48J,400,Capital Projects Funds,5300,Sale of or Compensation for Loss of Fixed Assets,72095.78
2020-21,2257,Sheridan SD 48J,600,Internal Service Funds,1500,Earnings on Investments,2073.9
2020-21,2257,Sheridan SD 48J,299,Child Nutrition,5200,Interfund Transfers,3956.8
2020-21,2257,Sheridan SD 48J,299,Child Nutrition,4900,Revenue for/on Behalf of the District,29687.33
2020-21,2257,Sheridan SD 48J,300,Debt Service Funds,1110,Ad valorem taxes levied by district,959546.92
2020-21,2257,Sheridan SD 48J,300,Debt Service Funds,1500,Earnings on Investments,3251.56
2020-21,2257,Sheridan SD 48J,300,Debt Service Funds,2199,Other Intermediate Sources,1135.24
2020-21,2257,Sheridan SD 48J,300,Debt Service Funds,2200,Restricted Revenue,13671.9
2020-21,2257,Sheridan SD 48J,300,Debt Service Funds,5400,Resources - Beginning Fund Balance,303066.69
2020-21,2257,Sheridan SD 48J,200,Special Revenue Funds,3299,Other Restricted Grants-In-Aid,556519.58
2020-21,2257,Sheridan SD 48J,200,Special Revenue Funds,4500,Restricted Revenue From Federal Government Through the State,966722.16
2020-21,2257,Sheridan SD 48J,251,Student Investment Account,3199,Other Unrestricted Grants-In-Aid,232819.06
2020-21,2257,Sheridan SD 48J,252,Measure 98 - High School Success,3199,Other Unrestricted Grants-In-Aid,275990.14
2020-21,2257,Sheridan SD 48J,299,Child Nutrition,1960,Recovery of Prior Years' Expenditure,354.02
2020-21,2257,Sheridan SD 48J,299,Child Nutrition,4500,Restricted Revenue From Federal Government Through the State,378854.54
2020-21,2257,Sheridan SD 48J,200,Special Revenue Funds,1920,Contributions and Donations From Private Sources,9870.15
2020-21,2257,Sheridan SD 48J,200,Special Revenue Funds,1990,Miscellaneous,1200.97
2020-21,2257,Sheridan SD 48J,200,Special Revenue Funds,2199,Other Intermediate Sources,267646.5
2020-21,2257,Sheridan SD 48J,200,Special Revenue Funds,2900,Revenue for/on Behalf of the District,69038.25
2020-21,2257,Sheridan SD 48J,200,Special Revenue Funds,3101,State School Fund --General Support,100000
2020-21,2257,Sheridan SD 48J,200,Special Revenue Funds,3199,Other Unrestricted Grants-In-Aid,35306.35
2020-21,2257,Sheridan SD 48J,100,General Fund,1990,Miscellaneous,4734.01
2020-21,2257,Sheridan SD 48J,100,General Fund,2101,County School Funds,2599
2020-21,2257,Sheridan SD 48J,100,General Fund,3101,State School Fund --General Support,7570213.38
2020-21,2257,Sheridan SD 48J,100,General Fund,3103,Common School Fund,104100.99
2020-21,2257,Sheridan SD 48J,200,Special Revenue Funds,1500,Earnings on Investments,1185.75
2020-21,2257,Sheridan SD 48J,200,Special Revenue Funds,1700,Extra-Curricular Activities,11707.04
2020-21,2262,Knappa SD 4,100,General Fund,1110,Ad valorem taxes levied by district,1402769.38
2020-21,2262,Knappa SD 4,100,General Fund,1190,Penalties and interest on taxes,356.88
2020-21,2262,Knappa SD 4,100,General Fund,1500,Earnings on Investments,27858.69
2020-21,2262,Knappa SD 4,100,General Fund,1700,Extra-Curricular Activities,540
2020-21,2262,Knappa SD 4,100,General Fund,1960,Recovery of Prior Years' Expenditure,24141.94
2020-21,2262,Knappa SD 4,100,General Fund,1990,Miscellaneous,229.74
2020-21,2262,Knappa SD 4,300,Debt Service Funds,1190,Penalties and interest on taxes,135.83
2020-21,2262,Knappa SD 4,300,Debt Service Funds,1500,Earnings on Investments,20.49
2020-21,2262,Knappa SD 4,300,Debt Service Funds,5400,Resources - Beginning Fund Balance,26918.37
2020-21,2262,Knappa SD 4,299,Child Nutrition,1990,Miscellaneous,1246.03
2020-21,2262,Knappa SD 4,299,Child Nutrition,3102,State School Fund--School Lunch Match,2329.27
2020-21,2262,Knappa SD 4,299,Child Nutrition,4500,Restricted Revenue From Federal Government Through the State,236786.3
2020-21,2262,Knappa SD 4,299,Child Nutrition,5200,Interfund Transfers,595.47
2020-21,2262,Knappa SD 4,299,Child Nutrition,5400,Resources - Beginning Fund Balance,72836.1
2020-21,2262,Knappa SD 4,300,Debt Service Funds,1110,Ad valorem taxes levied by district,540218.94
2020-21,2262,Knappa SD 4,250,Non-Federal Sources,5200,Interfund Transfers,330000
2020-21,2262,Knappa SD 4,250,Non-Federal Sources,5400,Resources - Beginning Fund Balance,812416.77
2020-21,2262,Knappa SD 4,251,Student Investment Account,3299,Other Restricted Grants-In-Aid,144449.39
2020-21,2262,Knappa SD 4,252,Measure 98 - High School Success,3299,Other Restricted Grants-In-Aid,130892.56
2020-21,2262,Knappa SD 4,299,Child Nutrition,1500,Earnings on Investments,-0.65
2020-21,2262,Knappa SD 4,299,Child Nutrition,1600,Food Service,3708.9
2020-21,2262,Knappa SD 4,250,Non-Federal Sources,1960,Recovery of Prior Years' Expenditure,8047.43
2020-21,2262,Knappa SD 4,250,Non-Federal Sources,1990,Miscellaneous,2293.41
2020-21,2262,Knappa SD 4,250,Non-Federal Sources,2200,Restricted Revenue,59963.55
2020-21,2262,Knappa SD 4,250,Non-Federal Sources,3199,Other Unrestricted Grants-In-Aid,1489
2020-21,2262,Knappa SD 4,250,Non-Federal Sources,3222,State School Fund (SSF) Transportation Equipment,31334.2
2020-21,2262,Knappa SD 4,250,Non-Federal Sources,3299,Other Restricted Grants-In-Aid,126988.65
2020-21,2262,Knappa SD 4,201,Federal Sources,4300,Restricted Revenue Direct From the Federal Government,37451
2020-21,2262,Knappa SD 4,201,Federal Sources,4500,Restricted Revenue From Federal Government Through the State,422487.9
2020-21,2262,Knappa SD 4,250,Non-Federal Sources,1500,Earnings on Investments,1573.35
2020-21,2262,Knappa SD 4,250,Non-Federal Sources,1700,Extra-Curricular Activities,60748.93
2020-21,2262,Knappa SD 4,250,Non-Federal Sources,1910,Rentals,13898.35
2020-21,2262,Knappa SD 4,250,Non-Federal Sources,1920,Contributions and Donations From Private Sources,64336.95
2020-21,2262,Knappa SD 4,100,General Fund,2101,County School Funds,328591.21
2020-21,2262,Knappa SD 4,100,General Fund,3101,State School Fund --General Support,3742228.22
2020-21,2262,Knappa SD 4,100,General Fund,3103,Common School Fund,47692.28
2020-21,2262,Knappa SD 4,100,General Fund,3104,State Managed County Timber,553251.51
2020-21,2262,Knappa SD 4,100,General Fund,3199,Other Unrestricted Grants-In-Aid,25745.87
2020-21,2262,Knappa SD 4,100,General Fund,5400,Resources - Beginning Fund Balance,1811006.11
2020-21,3997,Ione SD R2,300,Debt Service Funds,1110,Ad valorem taxes levied by district,273379.84
2020-21,3997,Ione SD R2,100,General Fund,1110,Ad valorem taxes levied by district,1004696.94
2020-21,3997,Ione SD R2,100,General Fund,1500,Earnings on Investments,12144.68
2020-21,3997,Ione SD R2,100,General Fund,1960,Recovery of Prior Years' Expenditure,883.98
2020-21,3997,Ione SD R2,100,General Fund,1990,Miscellaneous,12060.4
2020-21,3997,Ione SD R2,100,General Fund,2101,County School Funds,17752.1
2020-21,3997,Ione SD R2,250,Non-Federal Sources,5200,Interfund Transfers,15000
2020-21,3997,Ione SD R2,250,Non-Federal Sources,3299,Other Restricted Grants-In-Aid,35161.13
2020-21,3997,Ione SD R2,250,Non-Federal Sources,1500,Earnings on Investments,46.82
2020-21,3997,Ione SD R2,250,Non-Federal Sources,1700,Extra-Curricular Activities,16323.02
2020-21,3997,Ione SD R2,250,Non-Federal Sources,1910,Rentals,191850
2020-21,3997,Ione SD R2,299,Child Nutrition,4900,Revenue for/on Behalf of the District,5082.7
2020-21,3997,Ione SD R2,299,Child Nutrition,5200,Interfund Transfers,25713.99
2020-21,3997,Ione SD R2,250,Non-Federal Sources,1200,Revenue From Local Governmental Units Other Than Districts,5000
2020-21,3997,Ione SD R2,250,Non-Federal Sources,1800,Community Services Activities,854.28
2020-21,3997,Ione SD R2,250,Non-Federal Sources,1920,Contributions and Donations From Private Sources,150501.9
2020-21,3997,Ione SD R2,250,Non-Federal Sources,1990,Miscellaneous,791
2020-21,3997,Ione SD R2,250,Non-Federal Sources,5400,Resources - Beginning Fund Balance,217780.74
2020-21,3997,Ione SD R2,252,Measure 98 - High School Success,3299,Other Restricted Grants-In-Aid,117505.66
2020-21,3997,Ione SD R2,299,Child Nutrition,1600,Food Service,657.94
2020-21,3997,Ione SD R2,299,Child Nutrition,1920,Contributions and Donations From Private Sources,250
2020-21,3997,Ione SD R2,299,Child Nutrition,1990,Miscellaneous,125.73
2020-21,3997,Ione SD R2,299,Child Nutrition,4500,Restricted Revenue From Federal Government Through the State,67723.78
2020-21,3997,Ione SD R2,300,Debt Service Funds,5400,Resources - Beginning Fund Balance,51528.34
2020-21,3997,Ione SD R2,400,Capital Projects Funds,1500,Earnings on Investments,217.19
2020-21,3997,Ione SD R2,400,Capital Projects Funds,1920,Contributions and Donations From Private Sources,122266.31
2020-21,3997,Ione SD R2,400,Capital Projects Funds,3299,Other Restricted Grants-In-Aid,20000
2020-21,3997,Ione SD R2,400,Capital Projects Funds,5400,Resources - Beginning Fund Balance,256877.77
2020-21,3997,Ione SD R2,201,Federal Sources,4300,Restricted Revenue Direct From the Federal Government,29040.42
2020-21,3997,Ione SD R2,100,General Fund,5200,Interfund Transfers,100000
2020-21,3997,Ione SD R2,100,General Fund,5400,Resources - Beginning Fund Balance,575372.02
2020-21,3997,Ione SD R2,201,Federal Sources,4500,Restricted Revenue From Federal Government Through the State,2286
2020-21,3997,Ione SD R2,251,Student Investment Account,3299,Other Restricted Grants-In-Aid,72303.07
2020-21,3997,Ione SD R2,300,Debt Service Funds,1500,Earnings on Investments,760.17
2020-21,3997,Ione SD R2,300,Debt Service Funds,2199,Other Intermediate Sources,105.29
2020-21,3997,Ione SD R2,100,General Fund,2199,Other Intermediate Sources,450.82
2020-21,3997,Ione SD R2,100,General Fund,3101,State School Fund --General Support,2154417.61
2020-21,3997,Ione SD R2,100,General Fund,3103,Common School Fund,14218.72
2020-21,3997,Ione SD R2,100,General Fund,3299,Other Restricted Grants-In-Aid,7865.28
2020-21,3997,Ione SD R2,100,General Fund,4500,Restricted Revenue From Federal Government Through the State,144481
2020-21,3997,Ione SD R2,100,General Fund,4801,Federal Forest Fees,2297.04
2020-21,4131,North Wasco County SD 21,100,General Fund,3101,State School Fund --General Support,21031980.1
2020-21,4131,North Wasco County SD 21,200,Special Revenue Funds,4500,Restricted Revenue From Federal Government Through the State,4538853.01
2020-21,4131,North Wasco County SD 21,200,Special Revenue Funds,4900,Revenue for/on Behalf of the District,98484.25
2020-21,4131,North Wasco County SD 21,200,Special Revenue Funds,5200,Interfund Transfers,490000
2020-21,4131,North Wasco County SD 21,300,Debt Service Funds,1500,Earnings on Investments,82.05
2020-21,4131,North Wasco County SD 21,300,Debt Service Funds,1970,Services Provided Other Funds,1661871.49
2020-21,4131,North Wasco County SD 21,100,General Fund,1910,Rentals,51080.94
2020-21,4131,North Wasco County SD 21,100,General Fund,5400,Resources - Beginning Fund Balance,486169.63
2020-21,4131,North Wasco County SD 21,200,Special Revenue Funds,5400,Resources - Beginning Fund Balance,1973969
2020-21,4131,North Wasco County SD 21,300,Debt Service Funds,5400,Resources - Beginning Fund Balance,24737
2020-21,4131,North Wasco County SD 21,100,General Fund,3103,Common School Fund,321074.4
2020-21,4131,North Wasco County SD 21,100,General Fund,1110,Ad valorem taxes levied by district,9317966.11
2020-21,4131,North Wasco County SD 21,100,General Fund,1130,Construction Excise Tax,156345.17
2020-21,4131,North Wasco County SD 21,100,General Fund,1330,Summer School Tuition,7964.94
2020-21,4131,North Wasco County SD 21,100,General Fund,1500,Earnings on Investments,23564.55
2020-21,4131,North Wasco County SD 21,100,General Fund,1700,Extra-Curricular Activities,10934.25
2020-21,4131,North Wasco County SD 21,200,Special Revenue Funds,1700,Extra-Curricular Activities,38037.8
2020-21,4131,North Wasco County SD 21,100,General Fund,1920,Contributions and Donations From Private Sources,1503.19
2020-21,4131,North Wasco County SD 21,100,General Fund,1960,Recovery of Prior Years' Expenditure,339474.22
2020-21,4131,North Wasco County SD 21,100,General Fund,1980,Fees Charged to Grants,103296.36
2020-21,4131,North Wasco County SD 21,100,General Fund,1990,Miscellaneous,161890.17
2020-21,4131,North Wasco County SD 21,100,General Fund,2101,County School Funds,65956.4
2020-21,4131,North Wasco County SD 21,200,Special Revenue Funds,3299,Other Restricted Grants-In-Aid,2912465.5
2020-21,4131,North Wasco County SD 21,100,General Fund,4500,Restricted Revenue From Federal Government Through the State,41793.75
2020-21,4131,North Wasco County SD 21,100,General Fund,4801,Federal Forest Fees,136295.58
2020-21,4131,North Wasco County SD 21,200,Special Revenue Funds,1200,Revenue From Local Governmental Units Other Than Districts,240000
2020-21,4131,North Wasco County SD 21,200,Special Revenue Funds,1500,Earnings on Investments,6305.47
2020-21,4131,North Wasco County SD 21,200,Special Revenue Funds,1600,Food Service,4.4
2020-21,4131,North Wasco County SD 21,300,Debt Service Funds,5200,Interfund Transfers,380000
2020-21,4131,North Wasco County SD 21,200,Special Revenue Funds,1920,Contributions and Donations From Private Sources,39851.6
2020-21,4131,North Wasco County SD 21,200,Special Revenue Funds,1960,Recovery of Prior Years' Expenditure,428.99
2020-21,4131,North Wasco County SD 21,200,Special Revenue Funds,1990,Miscellaneous,8367.62
2020-21,4131,North Wasco County SD 21,200,Special Revenue Funds,3102,State School Fund--School Lunch Match,12589.75
2020-21,4131,North Wasco County SD 21,200,Special Revenue Funds,3222,State School Fund (SSF) Transportation Equipment,87000
