SchoolYear,Institution_ID,Institution_Name,FundCd,FundDesc,SrcCd,SourceDesc,ActualRevAmt
2023-24,1894,Baker SD 5J,700,Trust and Agency Funds,5300,Sale of or Compensation for Loss of Fixed Assets,18000
2023-24,1894,Baker SD 5J,700,Trust and Agency Funds,5400,Resources - Beginning Fund Balance,444708.29
2023-24,1894,Baker SD 5J,500,Enterprise Funds,4500,Restricted Revenue From Federal Government Through the State,332341.96
2023-24,1894,Baker SD 5J,500,Enterprise Funds,4700,Grants-In-Aid From Federal Government Through Other Intermed,99274.76
2023-24,1894,Baker SD 5J,500,Enterprise Funds,5400,Resources - Beginning Fund Balance,283023.96
2023-24,1894,Baker SD 5J,700,Trust and Agency Funds,1500,Earnings on Investments,2205.32
2023-24,1894,Baker SD 5J,700,Trust and Agency Funds,1920,Contributions and Donations From Private Sources,41408.08
2023-24,1894,Baker SD 5J,700,Trust and Agency Funds,1990,Miscellaneous,214154.04
2023-24,1894,Baker SD 5J,500,Enterprise Funds,1910,Rentals,2350
2023-24,1894,Baker SD 5J,500,Enterprise Funds,1980,Fees Charged to Grants,24961.35
2023-24,1894,Baker SD 5J,500,Enterprise Funds,1990,Miscellaneous,-2850
2023-24,1894,Baker SD 5J,500,Enterprise Funds,2200,Restricted Revenue,72000
2023-24,1894,Baker SD 5J,500,Enterprise Funds,3299,Other Restricted Grants-In-Aid,466513.53
2023-24,1894,Baker SD 5J,500,Enterprise Funds,4300,Restricted Revenue Direct From the Federal Government,527601.93
2023-24,1894,Baker SD 5J,300,Debt Service Funds,5400,Resources - Beginning Fund Balance,822653.54
2023-24,1894,Baker SD 5J,400,Capital Projects Funds,3299,Other Restricted Grants-In-Aid,3425145.52
2023-24,1894,Baker SD 5J,400,Capital Projects Funds,5200,Interfund Transfers,2029956
2023-24,1894,Baker SD 5J,400,Capital Projects Funds,5300,Sale of or Compensation for Loss of Fixed Assets,312000
2023-24,1894,Baker SD 5J,400,Capital Projects Funds,5400,Resources - Beginning Fund Balance,7950101.39
2023-24,1894,Baker SD 5J,500,Enterprise Funds,1320,Adult/Continuing Education Tuition,1914856.56
2023-24,1894,Baker SD 5J,299,Child Nutrition,4900,Revenue for/on Behalf of the District,36650.69
2023-24,1894,Baker SD 5J,299,Child Nutrition,5200,Interfund Transfers,9035.04
2023-24,1894,Baker SD 5J,299,Child Nutrition,5400,Resources - Beginning Fund Balance,727030.88
2023-24,1894,Baker SD 5J,300,Debt Service Funds,1110,Ad valorem taxes levied by district,878056.47
2023-24,1894,Baker SD 5J,300,Debt Service Funds,1500,Earnings on Investments,41452.46
2023-24,1894,Baker SD 5J,300,Debt Service Funds,1970,Services Provided Other Funds,2053195.89
2023-24,1894,Baker SD 5J,252,Measure 98 - High School Success,3299,Other Restricted Grants-In-Aid,1121728.93
2023-24,1894,Baker SD 5J,299,Child Nutrition,1500,Earnings on Investments,517
2023-24,1894,Baker SD 5J,299,Child Nutrition,1600,Food Service,1953.5
2023-24,1894,Baker SD 5J,299,Child Nutrition,1990,Miscellaneous,79571.5
2023-24,1894,Baker SD 5J,299,Child Nutrition,3299,Other Restricted Grants-In-Aid,228081.96
2023-24,1894,Baker SD 5J,299,Child Nutrition,4500,Restricted Revenue From Federal Government Through the State,1293297.58
2023-24,1894,Baker SD 5J,250,Non-Federal Sources,1990,Miscellaneous,556309.75
2023-24,1894,Baker SD 5J,250,Non-Federal Sources,2200,Restricted Revenue,54278.32
2023-24,1894,Baker SD 5J,250,Non-Federal Sources,3299,Other Restricted Grants-In-Aid,215922.87
2023-24,1894,Baker SD 5J,250,Non-Federal Sources,5200,Interfund Transfers,1597046.51
2023-24,1894,Baker SD 5J,250,Non-Federal Sources,5400,Resources - Beginning Fund Balance,2961358.31
2023-24,1894,Baker SD 5J,251,Student Investment Account,3299,Other Restricted Grants-In-Aid,2354717.91
2023-24,1894,Baker SD 5J,201,Federal Sources,1990,Miscellaneous,47440.11
2023-24,1894,Baker SD 5J,201,Federal Sources,4500,Restricted Revenue From Federal Government Through the State,2358674.95
2023-24,1894,Baker SD 5J,250,Non-Federal Sources,1500,Earnings on Investments,232.63
2023-24,1894,Baker SD 5J,250,Non-Federal Sources,1700,Extra-Curricular Activities,31621.05
2023-24,1894,Baker SD 5J,250,Non-Federal Sources,1920,Contributions and Donations From Private Sources,106000
2023-24,1894,Baker SD 5J,250,Non-Federal Sources,1940,Services Provided Other Local Education Agencies,1554796.59
2023-24,1894,Baker SD 5J,100,General Fund,3103,Common School Fund,237292.56
2023-24,1894,Baker SD 5J,100,General Fund,3299,Other Restricted Grants-In-Aid,524301.34
2023-24,1894,Baker SD 5J,100,General Fund,4500,Restricted Revenue From Federal Government Through the State,8338.94
2023-24,1894,Baker SD 5J,100,General Fund,4801,Federal Forest Fees,164596.14
2023-24,1894,Baker SD 5J,100,General Fund,5200,Interfund Transfers,38641.11
2023-24,1894,Baker SD 5J,100,General Fund,5400,Resources - Beginning Fund Balance,12842734.45
2023-24,1894,Baker SD 5J,100,General Fund,1940,Services Provided Other Local Education Agencies,28946.12
2023-24,1894,Baker SD 5J,100,General Fund,1980,Fees Charged to Grants,123567.06
2023-24,1894,Baker SD 5J,100,General Fund,1990,Miscellaneous,41488.6
2023-24,1894,Baker SD 5J,100,General Fund,2101,County School Funds,13496.68
2023-24,1894,Baker SD 5J,100,General Fund,2200,Restricted Revenue,2183309.41
2023-24,1894,Baker SD 5J,100,General Fund,3101,State School Fund --General Support,51921970.25
2023-24,1894,Baker SD 5J,100,General Fund,1411,Transportation fees from Individuals,240043.5
2023-24,1894,Baker SD 5J,100,General Fund,1110,Ad valorem taxes levied by district,6249684.32
2023-24,1894,Baker SD 5J,100,General Fund,1320,Adult/Continuing Education Tuition,28000
2023-24,1894,Baker SD 5J,100,General Fund,1500,Earnings on Investments,1413433.3
2023-24,1894,Baker SD 5J,100,General Fund,1910,Rentals,22325
2023-24,1894,Baker SD 5J,100,General Fund,1920,Contributions and Donations From Private Sources,200
2023-24,1895,Huntington SD 16J,100,General Fund,1110,Ad valorem taxes levied by district,628746.85
2023-24,1895,Huntington SD 16J,100,General Fund,1500,Earnings on Investments,115710.76
2023-24,1895,Huntington SD 16J,100,General Fund,1990,Miscellaneous,67880.34
2023-24,1895,Huntington SD 16J,100,General Fund,3101,State School Fund --General Support,1775195.11
2023-24,1895,Huntington SD 16J,100,General Fund,3103,Common School Fund,11792.01
2023-24,1895,Huntington SD 16J,100,General Fund,4500,Restricted Revenue From Federal Government Through the State,490404.4
2023-24,1895,Huntington SD 16J,600,Internal Service Funds,5400,Resources - Beginning Fund Balance,19847.52
2023-24,1895,Huntington SD 16J,200,Special Revenue Funds,5200,Interfund Transfers,85791.66
2023-24,1895,Huntington SD 16J,200,Special Revenue Funds,5400,Resources - Beginning Fund Balance,112939.97
2023-24,1895,Huntington SD 16J,201,Federal Sources,4300,Restricted Revenue Direct From the Federal Government,12603.87
2023-24,1895,Huntington SD 16J,201,Federal Sources,4500,Restricted Revenue From Federal Government Through the State,303519.64
2023-24,1895,Huntington SD 16J,250,Non-Federal Sources,3299,Other Restricted Grants-In-Aid,217471.88
2023-24,1895,Huntington SD 16J,600,Internal Service Funds,1500,Earnings on Investments,1336.43
2023-24,1895,Huntington SD 16J,100,General Fund,4801,Federal Forest Fees,7883.01
2023-24,1895,Huntington SD 16J,100,General Fund,5400,Resources - Beginning Fund Balance,2195732.35
2023-24,1895,Huntington SD 16J,200,Special Revenue Funds,1500,Earnings on Investments,8.72
2023-24,1895,Huntington SD 16J,200,Special Revenue Funds,1700,Extra-Curricular Activities,128742
2023-24,1895,Huntington SD 16J,200,Special Revenue Funds,1910,Rentals,1700
2023-24,1895,Huntington SD 16J,200,Special Revenue Funds,1990,Miscellaneous,10752.86
2023-24,1896,Burnt River SD 30J,299,Child Nutrition,3199,Other Unrestricted Grants-In-Aid,3521.6
2023-24,1896,Burnt River SD 30J,600,Internal Service Funds,1500,Earnings on Investments,1235.75
2023-24,1896,Burnt River SD 30J,600,Internal Service Funds,5400,Resources - Beginning Fund Balance,24466.99
2023-24,1896,Burnt River SD 30J,700,Trust and Agency Funds,1990,Miscellaneous,3380
2023-24,1896,Burnt River SD 30J,700,Trust and Agency Funds,5400,Resources - Beginning Fund Balance,3573.33
2023-24,1896,Burnt River SD 30J,700,Trust and Agency Funds,1500,Earnings on Investments,0.75
2023-24,1896,Burnt River SD 30J,251,Student Investment Account,3299,Other Restricted Grants-In-Aid,86822.93
2023-24,1896,Burnt River SD 30J,250,Non-Federal Sources,5400,Resources - Beginning Fund Balance,60487.21
2023-24,1896,Burnt River SD 30J,299,Child Nutrition,1600,Food Service,6919.72
2023-24,1896,Burnt River SD 30J,299,Child Nutrition,3102,State School Fund--School Lunch Match,107.2
2023-24,1896,Burnt River SD 30J,299,Child Nutrition,4500,Restricted Revenue From Federal Government Through the State,13666.02
2023-24,1896,Burnt River SD 30J,299,Child Nutrition,4900,Revenue for/on Behalf of the District,1627.2
2023-24,1896,Burnt River SD 30J,299,Child Nutrition,5200,Interfund Transfers,45055.15
2023-24,1896,Burnt River SD 30J,201,Federal Sources,1500,Earnings on Investments,298.72
2023-24,1896,Burnt River SD 30J,201,Federal Sources,4500,Restricted Revenue From Federal Government Through the State,40920.04
2023-24,1896,Burnt River SD 30J,201,Federal Sources,5400,Resources - Beginning Fund Balance,5903.47
2023-24,1896,Burnt River SD 30J,250,Non-Federal Sources,1500,Earnings on Investments,935.81
2023-24,1896,Burnt River SD 30J,250,Non-Federal Sources,1920,Contributions and Donations From Private Sources,42000
2023-24,1896,Burnt River SD 30J,250,Non-Federal Sources,1990,Miscellaneous,8953.61
2023-24,1896,Burnt River SD 30J,100,General Fund,3101,State School Fund --General Support,1341935.11
2023-24,1896,Burnt River SD 30J,100,General Fund,3103,Common School Fund,2921.5
2023-24,1896,Burnt River SD 30J,100,General Fund,3299,Other Restricted Grants-In-Aid,122376.33
2023-24,1896,Burnt River SD 30J,100,General Fund,4500,Restricted Revenue From Federal Government Through the State,10000
2023-24,1896,Burnt River SD 30J,100,General Fund,4801,Federal Forest Fees,1907.12
2023-24,1896,Burnt River SD 30J,100,General Fund,5400,Resources - Beginning Fund Balance,1343588.54
2023-24,1896,Burnt River SD 30J,100,General Fund,1110,Ad valorem taxes levied by district,381102.32
2023-24,1896,Burnt River SD 30J,100,General Fund,1500,Earnings on Investments,66688.71
2023-24,1896,Burnt River SD 30J,100,General Fund,1700,Extra-Curricular Activities,238
2023-24,1896,Burnt River SD 30J,100,General Fund,1910,Rentals,8627.28
2023-24,1896,Burnt River SD 30J,100,General Fund,1990,Miscellaneous,6239.8
2023-24,1896,Burnt River SD 30J,100,General Fund,2800,Revenue in Lieu of Taxes,1324.04
2023-24,1897,Pine Eagle SD 61,299,Child Nutrition,5400,Resources - Beginning Fund Balance,14145
2023-24,1897,Pine Eagle SD 61,250,Non-Federal Sources,1700,Extra-Curricular Activities,113890
2023-24,1897,Pine Eagle SD 61,299,Child Nutrition,1600,Food Service,39954
2023-24,1897,Pine Eagle SD 61,252,Measure 98 - High School Success,3299,Other Restricted Grants-In-Aid,64583
2023-24,1897,Pine Eagle SD 61,252,Measure 98 - High School Success,5400,Resources - Beginning Fund Balance,0
2023-24,1897,Pine Eagle SD 61,299,Child Nutrition,3299,Other Restricted Grants-In-Aid,15380
2023-24,1897,Pine Eagle SD 61,299,Child Nutrition,4500,Restricted Revenue From Federal Government Through the State,89464
2023-24,1897,Pine Eagle SD 61,299,Child Nutrition,4900,Revenue for/on Behalf of the District,5583
2023-24,1897,Pine Eagle SD 61,299,Child Nutrition,5200,Interfund Transfers,57200
2023-24,1897,Pine Eagle SD 61,250,Non-Federal Sources,1990,Miscellaneous,128517
2023-24,1897,Pine Eagle SD 61,250,Non-Federal Sources,2200,Restricted Revenue,24511
2023-24,1897,Pine Eagle SD 61,250,Non-Federal Sources,3299,Other Restricted Grants-In-Aid,91961
2023-24,1897,Pine Eagle SD 61,250,Non-Federal Sources,5200,Interfund Transfers,150192
2023-24,1897,Pine Eagle SD 61,250,Non-Federal Sources,5400,Resources - Beginning Fund Balance,407567
2023-24,1897,Pine Eagle SD 61,251,Student Investment Account,3299,Other Restricted Grants-In-Aid,284550
2023-24,1897,Pine Eagle SD 61,100,General Fund,4801,Federal Forest Fees,17749
2023-24,1897,Pine Eagle SD 61,100,General Fund,5400,Resources - Beginning Fund Balance,1219100
2023-24,1897,Pine Eagle SD 61,201,Federal Sources,4500,Restricted Revenue From Federal Government Through the State,276592
2023-24,1897,Pine Eagle SD 61,201,Federal Sources,5400,Resources - Beginning Fund Balance,-86250
2023-24,1897,Pine Eagle SD 61,250,Non-Federal Sources,1500,Earnings on Investments,19
2023-24,1897,Pine Eagle SD 61,250,Non-Federal Sources,1920,Contributions and Donations From Private Sources,69378
2023-24,1897,Pine Eagle SD 61,100,General Fund,1500,Earnings on Investments,83324
2023-24,1897,Pine Eagle SD 61,100,General Fund,1990,Miscellaneous,23951
2023-24,1897,Pine Eagle SD 61,100,General Fund,2200,Restricted Revenue,147780
2023-24,1897,Pine Eagle SD 61,100,General Fund,3101,State School Fund --General Support,2639197
2023-24,1897,Pine Eagle SD 61,100,General Fund,3103,Common School Fund,25069
2023-24,1897,Pine Eagle SD 61,100,General Fund,3299,Other Restricted Grants-In-Aid,42583
2023-24,1897,Pine Eagle SD 61,100,General Fund,1110,Ad valorem taxes levied by district,1343861
2023-24,1898,Monroe SD 1J,100,General Fund,5400,Resources - Beginning Fund Balance,2390475
2023-24,1898,Monroe SD 1J,400,Capital Projects Funds,5400,Resources - Beginning Fund Balance,506443.73
2023-24,1898,Monroe SD 1J,300,Debt Service Funds,1500,Earnings on Investments,-924.23
2023-24,1898,Monroe SD 1J,300,Debt Service Funds,1970,Services Provided Other Funds,213285.03
2023-24,1898,Monroe SD 1J,300,Debt Service Funds,5200,Interfund Transfers,29047.32
2023-24,1898,Monroe SD 1J,300,Debt Service Funds,5400,Resources - Beginning Fund Balance,183736.12
2023-24,1898,Monroe SD 1J,400,Capital Projects Funds,1130,Construction Excise Tax,15534.72
2023-24,1898,Monroe SD 1J,400,Capital Projects Funds,5200,Interfund Transfers,362325
2023-24,1898,Monroe SD 1J,299,Child Nutrition,3299,Other Restricted Grants-In-Aid,22219
2023-24,1898,Monroe SD 1J,299,Child Nutrition,4500,Restricted Revenue From Federal Government Through the State,145233
2023-24,1898,Monroe SD 1J,299,Child Nutrition,5200,Interfund Transfers,41326.92
2023-24,1898,Monroe SD 1J,299,Child Nutrition,5400,Resources - Beginning Fund Balance,4361
2023-24,1898,Monroe SD 1J,300,Debt Service Funds,1110,Ad valorem taxes levied by district,1407.85
2023-24,1898,Monroe SD 1J,300,Debt Service Funds,1120,Local option ad valorem taxes levied by district,401703.59
2023-24,1898,Monroe SD 1J,250,Non-Federal Sources,5400,Resources - Beginning Fund Balance,54210
2023-24,1898,Monroe SD 1J,252,Measure 98 - High School Success,3299,Other Restricted Grants-In-Aid,112486.81
2023-24,1898,Monroe SD 1J,251,Student Investment Account,3299,Other Restricted Grants-In-Aid,436145.58
2023-24,1898,Monroe SD 1J,299,Child Nutrition,1600,Food Service,30910.4
2023-24,1898,Monroe SD 1J,299,Child Nutrition,1960,Recovery of Prior Years' Expenditure,26
2023-24,1898,Monroe SD 1J,299,Child Nutrition,1990,Miscellaneous,51.47
2023-24,1898,Monroe SD 1J,250,Non-Federal Sources,1920,Contributions and Donations From Private Sources,28582.81
2023-24,1898,Monroe SD 1J,250,Non-Federal Sources,1990,Miscellaneous,6906
2023-24,1898,Monroe SD 1J,250,Non-Federal Sources,2200,Restricted Revenue,4294.56
2023-24,1898,Monroe SD 1J,250,Non-Federal Sources,3299,Other Restricted Grants-In-Aid,84253.4
2023-24,1898,Monroe SD 1J,250,Non-Federal Sources,4500,Restricted Revenue From Federal Government Through the State,9992.35
2023-24,1898,Monroe SD 1J,250,Non-Federal Sources,5200,Interfund Transfers,139257.22
2023-24,1898,Monroe SD 1J,100,General Fund,3199,Other Unrestricted Grants-In-Aid,22864.42
2023-24,1898,Monroe SD 1J,100,General Fund,3299,Other Restricted Grants-In-Aid,-23456.19
2023-24,1898,Monroe SD 1J,100,General Fund,4200,Unrestricted Revenue From Federal Government Through State,16542.04
2023-24,1898,Monroe SD 1J,201,Federal Sources,4500,Restricted Revenue From Federal Government Through the State,678340.65
2023-24,1898,Monroe SD 1J,201,Federal Sources,4700,Grants-In-Aid From Federal Government Through Other Intermed,4522.2
2023-24,1898,Monroe SD 1J,250,Non-Federal Sources,1700,Extra-Curricular Activities,41269.19
2023-24,1898,Monroe SD 1J,100,General Fund,1990,Miscellaneous,58682
2023-24,1898,Monroe SD 1J,100,General Fund,2101,County School Funds,18049.41
2023-24,1898,Monroe SD 1J,100,General Fund,2199,Other Intermediate Sources,76
2023-24,1898,Monroe SD 1J,100,General Fund,2200,Restricted Revenue,7647.06
2023-24,1898,Monroe SD 1J,100,General Fund,3101,State School Fund --General Support,4417863.16
2023-24,1898,Monroe SD 1J,100,General Fund,3103,Common School Fund,82292.58
2023-24,1898,Monroe SD 1J,100,General Fund,1110,Ad valorem taxes levied by district,1639530.84
2023-24,1898,Monroe SD 1J,100,General Fund,1500,Earnings on Investments,209095
2023-24,1898,Monroe SD 1J,100,General Fund,1700,Extra-Curricular Activities,20
2023-24,1898,Monroe SD 1J,100,General Fund,1930,Rental or Lease Payments from Private Contractors,10153
2023-24,1898,Monroe SD 1J,100,General Fund,1980,Fees Charged to Grants,37590.14
2023-24,1899,Alsea SD 7J,100,General Fund,1110,Ad valorem taxes levied by district,507964
2023-24,1899,Alsea SD 7J,100,General Fund,1190,Penalties and interest on taxes,868
2023-24,1899,Alsea SD 7J,100,General Fund,1500,Earnings on Investments,297074
2023-24,1899,Alsea SD 7J,100,General Fund,1700,Extra-Curricular Activities,5371
2023-24,1899,Alsea SD 7J,100,General Fund,1910,Rentals,3600
2023-24,1899,Alsea SD 7J,100,General Fund,1940,Services Provided Other Local Education Agencies,56469
2023-24,1899,Alsea SD 7J,250,Non-Federal Sources,1940,Services Provided Other Local Education Agencies,1247
2023-24,1899,Alsea SD 7J,250,Non-Federal Sources,1990,Miscellaneous,29035
2023-24,1899,Alsea SD 7J,250,Non-Federal Sources,5200,Interfund Transfers,259000
2023-24,1899,Alsea SD 7J,250,Non-Federal Sources,5300,Sale of or Compensation for Loss of Fixed Assets,168418
2023-24,1899,Alsea SD 7J,250,Non-Federal Sources,1412,Transportation fees from Other Districts within the State,902
2023-24,1899,Alsea SD 7J,400,Capital Projects Funds,3299,Other Restricted Grants-In-Aid,1734220
2023-24,1899,Alsea SD 7J,250,Non-Federal Sources,1920,Contributions and Donations From Private Sources,16308
2023-24,1899,Alsea SD 7J,250,Non-Federal Sources,2102,General Education Service District Funds,33521
2023-24,1899,Alsea SD 7J,250,Non-Federal Sources,3299,Other Restricted Grants-In-Aid,179531
2023-24,1899,Alsea SD 7J,250,Non-Federal Sources,5400,Resources - Beginning Fund Balance,82652
2023-24,1899,Alsea SD 7J,250,Non-Federal Sources,1700,Extra-Curricular Activities,40933
2023-24,1899,Alsea SD 7J,300,Debt Service Funds,1110,Ad valorem taxes levied by district,94125
2023-24,1899,Alsea SD 7J,300,Debt Service Funds,1990,Miscellaneous,812
2023-24,1899,Alsea SD 7J,300,Debt Service Funds,1500,Earnings on Investments,2958
2023-24,1899,Alsea SD 7J,300,Debt Service Funds,5400,Resources - Beginning Fund Balance,23162
2023-24,1899,Alsea SD 7J,400,Capital Projects Funds,5400,Resources - Beginning Fund Balance,1813240
2023-24,1899,Alsea SD 7J,400,Capital Projects Funds,1500,Earnings on Investments,102081
2023-24,1899,Alsea SD 7J,299,Child Nutrition,1600,Food Service,1348
2023-24,1899,Alsea SD 7J,299,Child Nutrition,3102,State School Fund--School Lunch Match,1100
2023-24,1899,Alsea SD 7J,299,Child Nutrition,3299,Other Restricted Grants-In-Aid,14635
2023-24,1899,Alsea SD 7J,299,Child Nutrition,4500,Restricted Revenue From Federal Government Through the State,112530
2023-24,1899,Alsea SD 7J,299,Child Nutrition,4900,Revenue for/on Behalf of the District,5942
2023-24,1899,Alsea SD 7J,299,Child Nutrition,5200,Interfund Transfers,65334
2023-24,1899,Alsea SD 7J,100,General Fund,3103,Common School Fund,51631
2023-24,1899,Alsea SD 7J,100,General Fund,5300,Sale of or Compensation for Loss of Fixed Assets,4999
2023-24,1899,Alsea SD 7J,100,General Fund,5400,Resources - Beginning Fund Balance,4390473
2023-24,1899,Alsea SD 7J,201,Federal Sources,4500,Restricted Revenue From Federal Government Through the State,375650
2023-24,1899,Alsea SD 7J,251,Student Investment Account,3299,Other Restricted Grants-In-Aid,742933
2023-24,1899,Alsea SD 7J,252,Measure 98 - High School Success,3299,Other Restricted Grants-In-Aid,115911
2023-24,1899,Alsea SD 7J,100,General Fund,1960,Recovery of Prior Years' Expenditure,22809
2023-24,1899,Alsea SD 7J,100,General Fund,1990,Miscellaneous,27347
2023-24,1899,Alsea SD 7J,100,General Fund,2101,County School Funds,6305
2023-24,1899,Alsea SD 7J,100,General Fund,2102,General Education Service District Funds,7647
2023-24,1899,Alsea SD 7J,100,General Fund,2199,Other Intermediate Sources,4
2023-24,1899,Alsea SD 7J,100,General Fund,3101,State School Fund --General Support,6739620
2023-24,1900,Philomath SD 17J,400,Capital Projects Funds,5400,Resources - Beginning Fund Balance,403015
2023-24,1900,Philomath SD 17J,100,General Fund,1910,Rentals,18599
2023-24,1900,Philomath SD 17J,100,General Fund,1920,Contributions and Donations From Private Sources,4583
2023-24,1900,Philomath SD 17J,250,Non-Federal Sources,1700,Extra-Curricular Activities,103546.9
2023-24,1900,Philomath SD 17J,250,Non-Federal Sources,1990,Miscellaneous,519133.24
2023-24,1900,Philomath SD 17J,700,Trust and Agency Funds,1990,Miscellaneous,8263.35
2023-24,1900,Philomath SD 17J,700,Trust and Agency Funds,5200,Interfund Transfers,81580
2023-24,1900,Philomath SD 17J,700,Trust and Agency Funds,5400,Resources - Beginning Fund Balance,368920.92
2023-24,1900,Philomath SD 17J,400,Capital Projects Funds,1500,Earnings on Investments,424.32
2023-24,1900,Philomath SD 17J,400,Capital Projects Funds,1920,Contributions and Donations From Private Sources,6314
2023-24,1900,Philomath SD 17J,400,Capital Projects Funds,5200,Interfund Transfers,382500
2023-24,1900,Philomath SD 17J,400,Capital Projects Funds,5300,Sale of or Compensation for Loss of Fixed Assets,45666.6
2023-24,1900,Philomath SD 17J,600,Internal Service Funds,5200,Interfund Transfers,5000
2023-24,1900,Philomath SD 17J,600,Internal Service Funds,5400,Resources - Beginning Fund Balance,8021.01
2023-24,1900,Philomath SD 17J,250,Non-Federal Sources,5400,Resources - Beginning Fund Balance,349440.08
2023-24,1900,Philomath SD 17J,300,Debt Service Funds,1110,Ad valorem taxes levied by district,2345526.77
2023-24,1900,Philomath SD 17J,300,Debt Service Funds,1190,Penalties and interest on taxes,3378.95
2023-24,1900,Philomath SD 17J,300,Debt Service Funds,1500,Earnings on Investments,1075801.55
2023-24,1900,Philomath SD 17J,300,Debt Service Funds,1970,Services Provided Other Funds,624581.58
2023-24,1900,Philomath SD 17J,300,Debt Service Funds,5400,Resources - Beginning Fund Balance,12947898.55
2023-24,1900,Philomath SD 17J,250,Non-Federal Sources,1920,Contributions and Donations From Private Sources,74381.14
2023-24,1900,Philomath SD 17J,250,Non-Federal Sources,3199,Other Unrestricted Grants-In-Aid,15749
2023-24,1900,Philomath SD 17J,250,Non-Federal Sources,3204,Driver Education,10740
2023-24,1900,Philomath SD 17J,250,Non-Federal Sources,3299,Other Restricted Grants-In-Aid,277277
2023-24,1900,Philomath SD 17J,250,Non-Federal Sources,4700,Grants-In-Aid From Federal Government Through Other Intermed,10591.57
2023-24,1900,Philomath SD 17J,250,Non-Federal Sources,5200,Interfund Transfers,435000
2023-24,1900,Philomath SD 17J,299,Child Nutrition,4500,Restricted Revenue From Federal Government Through the State,347152.47
2023-24,1900,Philomath SD 17J,299,Child Nutrition,4900,Revenue for/on Behalf of the District,23288.94
2023-24,1900,Philomath SD 17J,299,Child Nutrition,5200,Interfund Transfers,3979.61
2023-24,1900,Philomath SD 17J,299,Child Nutrition,5400,Resources - Beginning Fund Balance,39335.27
2023-24,1900,Philomath SD 17J,250,Non-Federal Sources,1500,Earnings on Investments,53.82
2023-24,1900,Philomath SD 17J,250,Non-Federal Sources,1800,Community Services Activities,39316.34
2023-24,1900,Philomath SD 17J,251,Student Investment Account,3299,Other Restricted Grants-In-Aid,1534079.78
2023-24,1900,Philomath SD 17J,251,Student Investment Account,5400,Resources - Beginning Fund Balance,0.01
2023-24,1900,Philomath SD 17J,252,Measure 98 - High School Success,1990,Miscellaneous,87
2023-24,1900,Philomath SD 17J,252,Measure 98 - High School Success,3299,Other Restricted Grants-In-Aid,402876.65
2023-24,1900,Philomath SD 17J,299,Child Nutrition,1600,Food Service,92406.65
2023-24,1900,Philomath SD 17J,299,Child Nutrition,3299,Other Restricted Grants-In-Aid,74762.35
2023-24,1900,Philomath SD 17J,100,General Fund,3199,Other Unrestricted Grants-In-Aid,736746
2023-24,1900,Philomath SD 17J,100,General Fund,3299,Other Restricted Grants-In-Aid,157617.15
2023-24,1900,Philomath SD 17J,100,General Fund,4801,Federal Forest Fees,9.51
2023-24,1900,Philomath SD 17J,100,General Fund,5400,Resources - Beginning Fund Balance,1575884.54
2023-24,1900,Philomath SD 17J,201,Federal Sources,4500,Restricted Revenue From Federal Government Through the State,625060.05
2023-24,1900,Philomath SD 17J,201,Federal Sources,5400,Resources - Beginning Fund Balance,135872.33
2023-24,1900,Philomath SD 17J,100,General Fund,2101,County School Funds,24464.59
2023-24,1900,Philomath SD 17J,100,General Fund,2199,Other Intermediate Sources,53529.41
2023-24,1900,Philomath SD 17J,100,General Fund,2200,Restricted Revenue,1058.75
2023-24,1900,Philomath SD 17J,100,General Fund,3101,State School Fund --General Support,15239782.22
2023-24,1900,Philomath SD 17J,100,General Fund,3103,Common School Fund,329399.1
2023-24,1900,Philomath SD 17J,100,General Fund,3104,State Managed County Timber,474026.46
2023-24,1900,Philomath SD 17J,100,General Fund,1110,Ad valorem taxes levied by district,4751215.41
2023-24,1900,Philomath SD 17J,100,General Fund,1120,Local option ad valorem taxes levied by district,1379144.81
2023-24,1900,Philomath SD 17J,100,General Fund,1190,Penalties and interest on taxes,6571.79
2023-24,1900,Philomath SD 17J,100,General Fund,1500,Earnings on Investments,443204.71
2023-24,1900,Philomath SD 17J,100,General Fund,1940,Services Provided Other Local Education Agencies,167895.33
2023-24,1900,Philomath SD 17J,100,General Fund,1990,Miscellaneous,124949.3
2023-24,1901,Corvallis SD 509J,250,Non-Federal Sources,5400,Resources - Beginning Fund Balance,2134115.33
2023-24,1901,Corvallis SD 509J,251,Student Investment Account,3299,Other Restricted Grants-In-Aid,6040254.78
2023-24,1901,Corvallis SD 509J,252,Measure 98 - High School Success,3299,Other Restricted Grants-In-Aid,1819455.8
2023-24,1901,Corvallis SD 509J,299,Child Nutrition,1600,Food Service,712730.13
2023-24,1901,Corvallis SD 509J,299,Child Nutrition,1920,Contributions and Donations From Private Sources,1017.65
2023-24,1901,Corvallis SD 509J,299,Child Nutrition,1990,Miscellaneous,1694.77
2023-24,1901,Corvallis SD 509J,250,Non-Federal Sources,1920,Contributions and Donations From Private Sources,1499126.76
2023-24,1901,Corvallis SD 509J,250,Non-Federal Sources,1990,Miscellaneous,364299.39
2023-24,1901,Corvallis SD 509J,250,Non-Federal Sources,2200,Restricted Revenue,127934.58
2023-24,1901,Corvallis SD 509J,250,Non-Federal Sources,3299,Other Restricted Grants-In-Aid,456865.15
2023-24,1901,Corvallis SD 509J,250,Non-Federal Sources,5200,Interfund Transfers,1475350
2023-24,1901,Corvallis SD 509J,201,Federal Sources,4500,Restricted Revenue From Federal Government Through the State,6872374.42
2023-24,1901,Corvallis SD 509J,201,Federal Sources,4700,Grants-In-Aid From Federal Government Through Other Intermed,142901.19
2023-24,1901,Corvallis SD 509J,250,Non-Federal Sources,1130,Construction Excise Tax,130300.63
2023-24,1901,Corvallis SD 509J,250,Non-Federal Sources,1700,Extra-Curricular Activities,899352.94
2023-24,1901,Corvallis SD 509J,250,Non-Federal Sources,1800,Community Services Activities,37734.11
2023-24,1901,Corvallis SD 509J,250,Non-Federal Sources,1910,Rentals,25400.15
2023-24,1901,Corvallis SD 509J,100,General Fund,3900,Revenue for/on Behalf of the District,257.94
2023-24,1901,Corvallis SD 509J,100,General Fund,4201,Foster Transportation,34354.67
2023-24,1901,Corvallis SD 509J,100,General Fund,4202,Medicaid Reimbursement for Eligible K-12 Expenses (Ages Five to Twenty-One),258893.68
2023-24,1901,Corvallis SD 509J,100,General Fund,5100,Long Term Debt Financing Sources,328818
2023-24,1901,Corvallis SD 509J,100,General Fund,5300,Sale of or Compensation for Loss of Fixed Assets,2625
2023-24,1901,Corvallis SD 509J,100,General Fund,5400,Resources - Beginning Fund Balance,14493942.87
2023-24,1901,Corvallis SD 509J,100,General Fund,2101,County School Funds,122663.08
2023-24,1901,Corvallis SD 509J,100,General Fund,2102,General Education Service District Funds,384913
2023-24,1901,Corvallis SD 509J,100,General Fund,2200,Restricted Revenue,260000
2023-24,1901,Corvallis SD 509J,100,General Fund,3101,State School Fund --General Support,43530506.09
2023-24,1901,Corvallis SD 509J,100,General Fund,3103,Common School Fund,1344574.5
2023-24,1901,Corvallis SD 509J,100,General Fund,3199,Other Unrestricted Grants-In-Aid,558247.53
2023-24,1901,Corvallis SD 509J,100,General Fund,1500,Earnings on Investments,3429068.24
2023-24,1901,Corvallis SD 509J,100,General Fund,1910,Rentals,1874
2023-24,1901,Corvallis SD 509J,100,General Fund,1920,Contributions and Donations From Private Sources,8150
2023-24,1901,Corvallis SD 509J,100,General Fund,1960,Recovery of Prior Years' Expenditure,139744.26
2023-24,1901,Corvallis SD 509J,100,General Fund,1980,Fees Charged to Grants,717125.82
2023-24,1901,Corvallis SD 509J,100,General Fund,1990,Miscellaneous,1527098.01
2023-24,1901,Corvallis SD 509J,600,Internal Service Funds,5400,Resources - Beginning Fund Balance,9766164.84
2023-24,1901,Corvallis SD 509J,700,Trust and Agency Funds,1920,Contributions and Donations From Private Sources,833166.7
2023-24,1901,Corvallis SD 509J,700,Trust and Agency Funds,5400,Resources - Beginning Fund Balance,232967.66
2023-24,1901,Corvallis SD 509J,100,General Fund,1110,Ad valorem taxes levied by district,34631423.23
2023-24,1901,Corvallis SD 509J,100,General Fund,1120,Local option ad valorem taxes levied by district,10248579.9
2023-24,1901,Corvallis SD 509J,100,General Fund,1190,Penalties and interest on taxes,50163.13
2023-24,1901,Corvallis SD 509J,300,Debt Service Funds,5400,Resources - Beginning Fund Balance,1724718.76
2023-24,1901,Corvallis SD 509J,400,Capital Projects Funds,3299,Other Restricted Grants-In-Aid,17318.6
2023-24,1901,Corvallis SD 509J,400,Capital Projects Funds,4500,Restricted Revenue From Federal Government Through the State,35520
2023-24,1901,Corvallis SD 509J,400,Capital Projects Funds,5400,Resources - Beginning Fund Balance,9273642.06
2023-24,1901,Corvallis SD 509J,600,Internal Service Funds,1970,Services Provided Other Funds,15787585.5
2023-24,1901,Corvallis SD 509J,600,Internal Service Funds,1990,Miscellaneous,5791.88
2023-24,1901,Corvallis SD 509J,299,Child Nutrition,5400,Resources - Beginning Fund Balance,1018969.13
2023-24,1901,Corvallis SD 509J,300,Debt Service Funds,1110,Ad valorem taxes levied by district,15369381.81
2023-24,1901,Corvallis SD 509J,300,Debt Service Funds,1190,Penalties and interest on taxes,21212.6
2023-24,1901,Corvallis SD 509J,300,Debt Service Funds,1500,Earnings on Investments,20305
2023-24,1901,Corvallis SD 509J,300,Debt Service Funds,1970,Services Provided Other Funds,2917087.27
2023-24,1901,Corvallis SD 509J,300,Debt Service Funds,1990,Miscellaneous,5531.35
2023-24,1901,Corvallis SD 509J,299,Child Nutrition,3102,State School Fund--School Lunch Match,17626.84
2023-24,1901,Corvallis SD 509J,299,Child Nutrition,3299,Other Restricted Grants-In-Aid,284531.4
2023-24,1901,Corvallis SD 509J,299,Child Nutrition,4200,Unrestricted Revenue From Federal Government Through State,1658554.84
2023-24,1901,Corvallis SD 509J,299,Child Nutrition,4500,Restricted Revenue From Federal Government Through the State,18039.88
2023-24,1901,Corvallis SD 509J,299,Child Nutrition,4900,Revenue for/on Behalf of the District,160239.33
2023-24,1901,Corvallis SD 509J,299,Child Nutrition,5300,Sale of or Compensation for Loss of Fixed Assets,2225
2023-24,1902,Clackamas ESD,100,General Fund,1960,Recovery of Prior Years' Expenditure,0
2023-24,1902,Clackamas ESD,100,General Fund,4801,Federal Forest Fees,0
2023-24,1902,Clackamas ESD,100,General Fund,5100,Long Term Debt Financing Sources,0
2023-24,1902,Clackamas ESD,200,Special Revenue Funds,1980,Fees Charged to Grants,0
2023-24,1902,Clackamas ESD,200,Special Revenue Funds,5200,Interfund Transfers,0
2023-24,1902,Clackamas ESD,200,Special Revenue Funds,1960,Recovery of Prior Years' Expenditure,0
2023-24,1902,Clackamas ESD,600,Internal Service Funds,5400,Resources - Beginning Fund Balance,755400.18
2023-24,1902,Clackamas ESD,700,Trust and Agency Funds,5400,Resources - Beginning Fund Balance,162192.87
2023-24,1902,Clackamas ESD,200,Special Revenue Funds,4700,Grants-In-Aid From Federal Government Through Other Intermed,1095834.15
2023-24,1902,Clackamas ESD,100,General Fund,5400,Resources - Beginning Fund Balance,16626887.98
2023-24,1902,Clackamas ESD,200,Special Revenue Funds,5400,Resources - Beginning Fund Balance,2023056.98
2023-24,1902,Clackamas ESD,300,Debt Service Funds,5400,Resources - Beginning Fund Balance,1518971.85
2023-24,1902,Clackamas ESD,400,Capital Projects Funds,5400,Resources - Beginning Fund Balance,516156.8
2023-24,1902,Clackamas ESD,500,Enterprise Funds,5400,Resources - Beginning Fund Balance,2359198.95
2023-24,1902,Clackamas ESD,600,Internal Service Funds,1940,Services Provided Other Local Education Agencies,246482.02
2023-24,1902,Clackamas ESD,600,Internal Service Funds,1990,Miscellaneous,56130.41
2023-24,1902,Clackamas ESD,700,Trust and Agency Funds,1920,Contributions and Donations From Private Sources,381
2023-24,1902,Clackamas ESD,600,Internal Service Funds,5300,Sale of or Compensation for Loss of Fixed Assets,510
2023-24,1902,Clackamas ESD,200,Special Revenue Funds,3299,Other Restricted Grants-In-Aid,25529861.66
2023-24,1902,Clackamas ESD,200,Special Revenue Funds,4500,Restricted Revenue From Federal Government Through the State,5596918.9
2023-24,1902,Clackamas ESD,500,Enterprise Funds,1940,Services Provided Other Local Education Agencies,4008530.43
2023-24,1902,Clackamas ESD,500,Enterprise Funds,4202,Medicaid Reimbursement for Eligible K-12 Expenses (Ages Five to Twenty-One),904451.73
2023-24,1902,Clackamas ESD,500,Enterprise Funds,1990,Miscellaneous,212196.67
2023-24,1902,Clackamas ESD,500,Enterprise Funds,1970,Services Provided Other Funds,22187.74
2023-24,1902,Clackamas ESD,600,Internal Service Funds,1970,Services Provided Other Funds,601467.9
2023-24,1902,Clackamas ESD,600,Internal Service Funds,1910,Rentals,847440
2023-24,1902,Clackamas ESD,200,Special Revenue Funds,1311,Tuition from Individuals,420
2023-24,1902,Clackamas ESD,200,Special Revenue Funds,1312,Tuition from Other Districts within the State,8305049.07
2023-24,1902,Clackamas ESD,300,Debt Service Funds,1500,Earnings on Investments,55465.52
2023-24,1902,Clackamas ESD,300,Debt Service Funds,1970,Services Provided Other Funds,2168601.68
2023-24,1902,Clackamas ESD,400,Capital Projects Funds,1500,Earnings on Investments,278348.54
2023-24,1902,Clackamas ESD,400,Capital Projects Funds,5100,Long Term Debt Financing Sources,9022575.75
2023-24,1902,Clackamas ESD,100,General Fund,2199,Other Intermediate Sources,20690.47
2023-24,1902,Clackamas ESD,100,General Fund,3101,State School Fund --General Support,11905081.11
2023-24,1902,Clackamas ESD,100,General Fund,3104,State Managed County Timber,4260.18
2023-24,1902,Clackamas ESD,200,Special Revenue Funds,1990,Miscellaneous,67665.27
2023-24,1902,Clackamas ESD,200,Special Revenue Funds,1940,Services Provided Other Local Education Agencies,1415249.01
2023-24,1902,Clackamas ESD,200,Special Revenue Funds,1920,Contributions and Donations From Private Sources,84432.77
2023-24,1902,Clackamas ESD,100,General Fund,1190,Penalties and interest on taxes,44848.96
2023-24,1902,Clackamas ESD,100,General Fund,1312,Tuition from Other Districts within the State,1052172.33
2023-24,1902,Clackamas ESD,100,General Fund,1500,Earnings on Investments,883104.02
2023-24,1902,Clackamas ESD,100,General Fund,1910,Rentals,40.99
2023-24,1902,Clackamas ESD,100,General Fund,1980,Fees Charged to Grants,1339085.37
2023-24,1902,Clackamas ESD,100,General Fund,1990,Miscellaneous,21183.01
2023-24,1902,Clackamas ESD,400,Capital Projects Funds,1990,Miscellaneous,0
2023-24,1902,Clackamas ESD,500,Enterprise Funds,1960,Recovery of Prior Years' Expenditure,0
2023-24,1902,Clackamas ESD,500,Enterprise Funds,5100,Long Term Debt Financing Sources,0
2023-24,1902,Clackamas ESD,500,Enterprise Funds,5200,Interfund Transfers,0
2023-24,1902,Clackamas ESD,600,Internal Service Funds,5100,Long Term Debt Financing Sources,0
2023-24,1902,Clackamas ESD,100,General Fund,1110,Ad valorem taxes levied by district,20808388.37
2023-24,1922,West Linn-Wilsonville SD 3J,100,General Fund,4801,Federal Forest Fees,37888
2023-24,1922,West Linn-Wilsonville SD 3J,200,Special Revenue Funds,1990,Miscellaneous,53160
2023-24,1922,West Linn-Wilsonville SD 3J,200,Special Revenue Funds,2200,Restricted Revenue,109603
2023-24,1922,West Linn-Wilsonville SD 3J,200,Special Revenue Funds,3102,State School Fund--School Lunch Match,17411
2023-24,1922,West Linn-Wilsonville SD 3J,200,Special Revenue Funds,3299,Other Restricted Grants-In-Aid,12386762
2023-24,1922,West Linn-Wilsonville SD 3J,100,General Fund,2101,County School Funds,40759
2023-24,1922,West Linn-Wilsonville SD 3J,100,General Fund,2102,General Education Service District Funds,2588706
2023-24,1922,West Linn-Wilsonville SD 3J,100,General Fund,2199,Other Intermediate Sources,810287
2023-24,1922,West Linn-Wilsonville SD 3J,100,General Fund,3101,State School Fund --General Support,63192759
2023-24,1922,West Linn-Wilsonville SD 3J,100,General Fund,3103,Common School Fund,1180234
2023-24,1922,West Linn-Wilsonville SD 3J,100,General Fund,3199,Other Unrestricted Grants-In-Aid,781319
2023-24,1922,West Linn-Wilsonville SD 3J,100,General Fund,1190,Penalties and interest on taxes,166693
2023-24,1922,West Linn-Wilsonville SD 3J,100,General Fund,1311,Tuition from Individuals,254918
2023-24,1922,West Linn-Wilsonville SD 3J,100,General Fund,1500,Earnings on Investments,2877349
2023-24,1922,West Linn-Wilsonville SD 3J,100,General Fund,1700,Extra-Curricular Activities,771334
2023-24,1922,West Linn-Wilsonville SD 3J,100,General Fund,1960,Recovery of Prior Years' Expenditure,1116
2023-24,1922,West Linn-Wilsonville SD 3J,100,General Fund,1990,Miscellaneous,171820
2023-24,1922,West Linn-Wilsonville SD 3J,300,Debt Service Funds,1110,Ad valorem taxes levied by district,29139638
2023-24,1922,West Linn-Wilsonville SD 3J,300,Debt Service Funds,1190,Penalties and interest on taxes,103316
2023-24,1922,West Linn-Wilsonville SD 3J,400,Capital Projects Funds,1500,Earnings on Investments,3703652
2023-24,1922,West Linn-Wilsonville SD 3J,400,Capital Projects Funds,5200,Interfund Transfers,310569
2023-24,1922,West Linn-Wilsonville SD 3J,100,General Fund,1110,Ad valorem taxes levied by district,46751748
2023-24,1922,West Linn-Wilsonville SD 3J,100,General Fund,1120,Local option ad valorem taxes levied by district,13201308
2023-24,1922,West Linn-Wilsonville SD 3J,100,General Fund,1910,Rentals,307420
2023-24,1922,West Linn-Wilsonville SD 3J,100,General Fund,1920,Contributions and Donations From Private Sources,3005
2023-24,1922,West Linn-Wilsonville SD 3J,200,Special Revenue Funds,1500,Earnings on Investments,13770
2023-24,1922,West Linn-Wilsonville SD 3J,200,Special Revenue Funds,3199,Other Unrestricted Grants-In-Aid,42905
2023-24,1922,West Linn-Wilsonville SD 3J,200,Special Revenue Funds,1700,Extra-Curricular Activities,2715
2023-24,1922,West Linn-Wilsonville SD 3J,200,Special Revenue Funds,1910,Rentals,92360
2023-24,1922,West Linn-Wilsonville SD 3J,400,Capital Projects Funds,1990,Miscellaneous,136524
2023-24,1922,West Linn-Wilsonville SD 3J,400,Capital Projects Funds,5300,Sale of or Compensation for Loss of Fixed Assets,1389628
2023-24,1922,West Linn-Wilsonville SD 3J,100,General Fund,5400,Resources - Beginning Fund Balance,35088188
2023-24,1922,West Linn-Wilsonville SD 3J,200,Special Revenue Funds,5400,Resources - Beginning Fund Balance,3408043
2023-24,1922,West Linn-Wilsonville SD 3J,300,Debt Service Funds,5400,Resources - Beginning Fund Balance,1949295
2023-24,1922,West Linn-Wilsonville SD 3J,400,Capital Projects Funds,5400,Resources - Beginning Fund Balance,79239818
2023-24,1922,West Linn-Wilsonville SD 3J,200,Special Revenue Funds,4900,Revenue for/on Behalf of the District,218852
2023-24,1922,West Linn-Wilsonville SD 3J,200,Special Revenue Funds,1600,Food Service,1010593
2023-24,1922,West Linn-Wilsonville SD 3J,300,Debt Service Funds,1500,Earnings on Investments,209887
2023-24,1922,West Linn-Wilsonville SD 3J,300,Debt Service Funds,1970,Services Provided Other Funds,11622167
2023-24,1922,West Linn-Wilsonville SD 3J,400,Capital Projects Funds,1130,Construction Excise Tax,421248
2023-24,1922,West Linn-Wilsonville SD 3J,400,Capital Projects Funds,1930,Rental or Lease Payments from Private Contractors,24671
2023-24,1922,West Linn-Wilsonville SD 3J,200,Special Revenue Funds,4500,Restricted Revenue From Federal Government Through the State,1910052
2023-24,1922,West Linn-Wilsonville SD 3J,200,Special Revenue Funds,1920,Contributions and Donations From Private Sources,26072
2023-24,1923,Lake Oswego SD 7J,299,Child Nutrition,5400,Resources - Beginning Fund Balance,717189.43
2023-24,1923,Lake Oswego SD 7J,250,Non-Federal Sources,5400,Resources - Beginning Fund Balance,1552080.83
2023-24,1923,Lake Oswego SD 7J,400,Capital Projects Funds,3299,Other Restricted Grants-In-Aid,25000
2023-24,1923,Lake Oswego SD 7J,400,Capital Projects Funds,5300,Sale of or Compensation for Loss of Fixed Assets,22750
2023-24,1923,Lake Oswego SD 7J,600,Internal Service Funds,5200,Interfund Transfers,250000
2023-24,1923,Lake Oswego SD 7J,100,General Fund,5400,Resources - Beginning Fund Balance,17596408.03
2023-24,1923,Lake Oswego SD 7J,300,Debt Service Funds,5400,Resources - Beginning Fund Balance,2482383.47
2023-24,1923,Lake Oswego SD 7J,400,Capital Projects Funds,5400,Resources - Beginning Fund Balance,156733475.36
2023-24,1923,Lake Oswego SD 7J,400,Capital Projects Funds,1130,Construction Excise Tax,257094.28
2023-24,1923,Lake Oswego SD 7J,400,Capital Projects Funds,1500,Earnings on Investments,4626805.15
2023-24,1923,Lake Oswego SD 7J,400,Capital Projects Funds,1800,Community Services Activities,250159.25
2023-24,1923,Lake Oswego SD 7J,400,Capital Projects Funds,1920,Contributions and Donations From Private Sources,56635.5
2023-24,1923,Lake Oswego SD 7J,400,Capital Projects Funds,1960,Recovery of Prior Years' Expenditure,2362.68
2023-24,1923,Lake Oswego SD 7J,400,Capital Projects Funds,1990,Miscellaneous,227535.47
2023-24,1923,Lake Oswego SD 7J,299,Child Nutrition,4500,Restricted Revenue From Federal Government Through the State,700290.12
2023-24,1923,Lake Oswego SD 7J,299,Child Nutrition,4900,Revenue for/on Behalf of the District,190045.58
2023-24,1923,Lake Oswego SD 7J,299,Child Nutrition,5200,Interfund Transfers,5211.7
2023-24,1923,Lake Oswego SD 7J,300,Debt Service Funds,1110,Ad valorem taxes levied by district,27234086.24
2023-24,1923,Lake Oswego SD 7J,300,Debt Service Funds,1500,Earnings on Investments,605091.96
2023-24,1923,Lake Oswego SD 7J,300,Debt Service Funds,1970,Services Provided Other Funds,5210436.21
2023-24,1923,Lake Oswego SD 7J,252,Measure 98 - High School Success,3299,Other Restricted Grants-In-Aid,2014339.64
2023-24,1923,Lake Oswego SD 7J,252,Measure 98 - High School Success,5200,Interfund Transfers,138709.32
2023-24,1923,Lake Oswego SD 7J,299,Child Nutrition,1600,Food Service,1433460.25
2023-24,1923,Lake Oswego SD 7J,299,Child Nutrition,1990,Miscellaneous,40
2023-24,1923,Lake Oswego SD 7J,299,Child Nutrition,3102,State School Fund--School Lunch Match,16584.63
2023-24,1923,Lake Oswego SD 7J,299,Child Nutrition,3299,Other Restricted Grants-In-Aid,47208.82
2023-24,1923,Lake Oswego SD 7J,250,Non-Federal Sources,1700,Extra-Curricular Activities,2368750
2023-24,1923,Lake Oswego SD 7J,250,Non-Federal Sources,1800,Community Services Activities,1630751.62
2023-24,1923,Lake Oswego SD 7J,250,Non-Federal Sources,1920,Contributions and Donations From Private Sources,1068943.01
2023-24,1923,Lake Oswego SD 7J,250,Non-Federal Sources,2200,Restricted Revenue,174900
2023-24,1923,Lake Oswego SD 7J,250,Non-Federal Sources,3299,Other Restricted Grants-In-Aid,450110.69
2023-24,1923,Lake Oswego SD 7J,250,Non-Federal Sources,5200,Interfund Transfers,133326.73
2023-24,1923,Lake Oswego SD 7J,100,General Fund,3103,Common School Fund,898608.08
2023-24,1923,Lake Oswego SD 7J,100,General Fund,3299,Other Restricted Grants-In-Aid,478622.94
2023-24,1923,Lake Oswego SD 7J,100,General Fund,4801,Federal Forest Fees,28029.77
2023-24,1923,Lake Oswego SD 7J,201,Federal Sources,4500,Restricted Revenue From Federal Government Through the State,1653928.6
2023-24,1923,Lake Oswego SD 7J,201,Federal Sources,4700,Grants-In-Aid From Federal Government Through Other Intermed,4766.53
2023-24,1923,Lake Oswego SD 7J,201,Federal Sources,5200,Interfund Transfers,167657.93
2023-24,1923,Lake Oswego SD 7J,100,General Fund,1960,Recovery of Prior Years' Expenditure,378444.43
2023-24,1923,Lake Oswego SD 7J,100,General Fund,1980,Fees Charged to Grants,192238.73
2023-24,1923,Lake Oswego SD 7J,100,General Fund,1990,Miscellaneous,566253.43
2023-24,1923,Lake Oswego SD 7J,100,General Fund,2101,County School Funds,30613.43
2023-24,1923,Lake Oswego SD 7J,100,General Fund,2102,General Education Service District Funds,1985528.17
2023-24,1923,Lake Oswego SD 7J,100,General Fund,3101,State School Fund --General Support,40466589.02
2023-24,1923,Lake Oswego SD 7J,100,General Fund,1500,Earnings on Investments,1574287.59
2023-24,1923,Lake Oswego SD 7J,100,General Fund,1700,Extra-Curricular Activities,660527.39
2023-24,1923,Lake Oswego SD 7J,100,General Fund,1910,Rentals,220435.5
2023-24,1923,Lake Oswego SD 7J,100,General Fund,1920,Contributions and Donations From Private Sources,1882.2
2023-24,1923,Lake Oswego SD 7J,100,General Fund,1930,Rental or Lease Payments from Private Contractors,80836.58
2023-24,1923,Lake Oswego SD 7J,100,General Fund,1950,Textbook Sales and Rentals,1157.77
2023-24,1923,Lake Oswego SD 7J,251,Student Investment Account,3299,Other Restricted Grants-In-Aid,6153229.44
2023-24,1923,Lake Oswego SD 7J,100,General Fund,1110,Ad valorem taxes levied by district,42538562.46
2023-24,1923,Lake Oswego SD 7J,100,General Fund,1120,Local option ad valorem taxes levied by district,16188160.26
2023-24,1923,Lake Oswego SD 7J,100,General Fund,1311,Tuition from Individuals,750033.06
2023-24,1923,Lake Oswego SD 7J,100,General Fund,1413,Transportation fees from Other District Outside the State,93471.96
2023-24,1924,North Clackamas SD 12,100,General Fund,1110,Ad valorem taxes levied by district,79616467.37
2023-24,1924,North Clackamas SD 12,100,General Fund,1120,Local option ad valorem taxes levied by district,23616080.35
2023-24,1924,North Clackamas SD 12,100,General Fund,1190,Penalties and interest on taxes,198742.54
2023-24,1924,North Clackamas SD 12,100,General Fund,1200,Revenue From Local Governmental Units Other Than Districts,21764.41
2023-24,1924,North Clackamas SD 12,100,General Fund,1311,Tuition from Individuals,1050
2023-24,1924,North Clackamas SD 12,100,General Fund,1500,Earnings on Investments,4856330.33
2023-24,1924,North Clackamas SD 12,400,Capital Projects Funds,5400,Resources - Beginning Fund Balance,24206954
2023-24,1924,North Clackamas SD 12,100,General Fund,1980,Fees Charged to Grants,1493873.97
2023-24,1924,North Clackamas SD 12,250,Non-Federal Sources,1990,Miscellaneous,1862823.81
2023-24,1924,North Clackamas SD 12,100,General Fund,5100,Long Term Debt Financing Sources,382832
2023-24,1924,North Clackamas SD 12,201,Federal Sources,5400,Resources - Beginning Fund Balance,15533722
2023-24,1924,North Clackamas SD 12,600,Internal Service Funds,5200,Interfund Transfers,1100000
2023-24,1924,North Clackamas SD 12,700,Trust and Agency Funds,1120,Local option ad valorem taxes levied by district,508045
2023-24,1924,North Clackamas SD 12,700,Trust and Agency Funds,1990,Miscellaneous,22858.33
2023-24,1924,North Clackamas SD 12,700,Trust and Agency Funds,3101,State School Fund --General Support,10777383
2023-24,1924,North Clackamas SD 12,100,General Fund,5400,Resources - Beginning Fund Balance,66576553
2023-24,1924,North Clackamas SD 12,300,Debt Service Funds,5400,Resources - Beginning Fund Balance,7495411
2023-24,1924,North Clackamas SD 12,500,Enterprise Funds,1800,Community Services Activities,2385199.16
2023-24,1924,North Clackamas SD 12,500,Enterprise Funds,1910,Rentals,245817.89
2023-24,1924,North Clackamas SD 12,600,Internal Service Funds,1500,Earnings on Investments,415399.06
2023-24,1924,North Clackamas SD 12,600,Internal Service Funds,1960,Recovery of Prior Years' Expenditure,2074598.16
2023-24,1924,North Clackamas SD 12,600,Internal Service Funds,1970,Services Provided Other Funds,42619288.74
2023-24,1924,North Clackamas SD 12,600,Internal Service Funds,1990,Miscellaneous,6589.6
2023-24,1924,North Clackamas SD 12,300,Debt Service Funds,5200,Interfund Transfers,2292496
2023-24,1924,North Clackamas SD 12,400,Capital Projects Funds,1130,Construction Excise Tax,704988.33
2023-24,1924,North Clackamas SD 12,400,Capital Projects Funds,1500,Earnings on Investments,310050.09
2023-24,1924,North Clackamas SD 12,400,Capital Projects Funds,1960,Recovery of Prior Years' Expenditure,1128.93
2023-24,1924,North Clackamas SD 12,400,Capital Projects Funds,1990,Miscellaneous,17900
2023-24,1924,North Clackamas SD 12,400,Capital Projects Funds,5200,Interfund Transfers,95813.76
2023-24,1924,North Clackamas SD 12,252,Measure 98 - High School Success,3299,Other Restricted Grants-In-Aid,4591415.92
2023-24,1924,North Clackamas SD 12,300,Debt Service Funds,1110,Ad valorem taxes levied by district,38223246.77
2023-24,1924,North Clackamas SD 12,300,Debt Service Funds,1190,Penalties and interest on taxes,79296.97
2023-24,1924,North Clackamas SD 12,300,Debt Service Funds,1500,Earnings on Investments,504405.66
2023-24,1924,North Clackamas SD 12,300,Debt Service Funds,1970,Services Provided Other Funds,18478369.55
2023-24,1924,North Clackamas SD 12,300,Debt Service Funds,1990,Miscellaneous,1438.1
2023-24,1924,North Clackamas SD 12,250,Non-Federal Sources,3102,State School Fund--School Lunch Match,59319.68
2023-24,1924,North Clackamas SD 12,250,Non-Federal Sources,3299,Other Restricted Grants-In-Aid,2922624.55
2023-24,1924,North Clackamas SD 12,250,Non-Federal Sources,4500,Restricted Revenue From Federal Government Through the State,4271782.2
2023-24,1924,North Clackamas SD 12,250,Non-Federal Sources,4900,Revenue for/on Behalf of the District,491015.95
2023-24,1924,North Clackamas SD 12,250,Non-Federal Sources,5200,Interfund Transfers,2750000
2023-24,1924,North Clackamas SD 12,251,Student Investment Account,3299,Other Restricted Grants-In-Aid,15556351.22
2023-24,1924,North Clackamas SD 12,201,Federal Sources,3299,Other Restricted Grants-In-Aid,1029787.52
2023-24,1924,North Clackamas SD 12,201,Federal Sources,4500,Restricted Revenue From Federal Government Through the State,13077080.94
2023-24,1924,North Clackamas SD 12,201,Federal Sources,5200,Interfund Transfers,1100000
2023-24,1924,North Clackamas SD 12,250,Non-Federal Sources,1311,Tuition from Individuals,500
2023-24,1924,North Clackamas SD 12,250,Non-Federal Sources,1600,Food Service,1617713.58
2023-24,1924,North Clackamas SD 12,250,Non-Federal Sources,1920,Contributions and Donations From Private Sources,30635
2023-24,1924,North Clackamas SD 12,100,General Fund,3299,Other Restricted Grants-In-Aid,14400
2023-24,1924,North Clackamas SD 12,100,General Fund,4500,Restricted Revenue From Federal Government Through the State,26923.02
2023-24,1924,North Clackamas SD 12,100,General Fund,4801,Federal Forest Fees,70986.95
2023-24,1924,North Clackamas SD 12,100,General Fund,5300,Sale of or Compensation for Loss of Fixed Assets,12892
2023-24,1924,North Clackamas SD 12,201,Federal Sources,1990,Miscellaneous,3693577.47
2023-24,1924,North Clackamas SD 12,201,Federal Sources,3222,State School Fund (SSF) Transportation Equipment,715000
2023-24,1924,North Clackamas SD 12,100,General Fund,2101,County School Funds,73537.38
2023-24,1924,North Clackamas SD 12,100,General Fund,2102,General Education Service District Funds,3113134.42
2023-24,1924,North Clackamas SD 12,100,General Fund,2199,Other Intermediate Sources,142485.6
2023-24,1924,North Clackamas SD 12,100,General Fund,3101,State School Fund --General Support,141953113.8
2023-24,1924,North Clackamas SD 12,100,General Fund,3103,Common School Fund,2198269.5
2023-24,1924,North Clackamas SD 12,100,General Fund,3199,Other Unrestricted Grants-In-Aid,1006642.21
2023-24,1924,North Clackamas SD 12,100,General Fund,1700,Extra-Curricular Activities,399028.71
2023-24,1924,North Clackamas SD 12,100,General Fund,1910,Rentals,58528.78
2023-24,1924,North Clackamas SD 12,100,General Fund,1920,Contributions and Donations From Private Sources,123637.01
2023-24,1924,North Clackamas SD 12,100,General Fund,1960,Recovery of Prior Years' Expenditure,112838.79
2023-24,1924,North Clackamas SD 12,100,General Fund,1970,Services Provided Other Funds,2882895.7
2023-24,1924,North Clackamas SD 12,100,General Fund,1990,Miscellaneous,666060.43
2023-24,1925,Molalla River SD 35,400,Capital Projects Funds,5400,Resources - Beginning Fund Balance,629306.54
2023-24,1925,Molalla River SD 35,299,Child Nutrition,1600,Food Service,223144.96
2023-24,1925,Molalla River SD 35,100,General Fund,1990,Miscellaneous,161614.86
2023-24,1925,Molalla River SD 35,100,General Fund,5100,Long Term Debt Financing Sources,15274
2023-24,1925,Molalla River SD 35,100,General Fund,5400,Resources - Beginning Fund Balance,7121465
2023-24,1925,Molalla River SD 35,250,Non-Federal Sources,1700,Extra-Curricular Activities,670773.5
2023-24,1925,Molalla River SD 35,100,General Fund,1110,Ad valorem taxes levied by district,10446952.42
2023-24,1925,Molalla River SD 35,100,General Fund,1190,Penalties and interest on taxes,37731.86
2023-24,1925,Molalla River SD 35,100,General Fund,1910,Rentals,29786.51
2023-24,1925,Molalla River SD 35,700,Trust and Agency Funds,5400,Resources - Beginning Fund Balance,381394.93
2023-24,1925,Molalla River SD 35,400,Capital Projects Funds,1910,Rentals,5000
2023-24,1925,Molalla River SD 35,400,Capital Projects Funds,1130,Construction Excise Tax,105020.69
2023-24,1925,Molalla River SD 35,600,Internal Service Funds,1990,Miscellaneous,19648.13
2023-24,1925,Molalla River SD 35,600,Internal Service Funds,5400,Resources - Beginning Fund Balance,217846.63
2023-24,1925,Molalla River SD 35,700,Trust and Agency Funds,1500,Earnings on Investments,15974.26
2023-24,1925,Molalla River SD 35,700,Trust and Agency Funds,1920,Contributions and Donations From Private Sources,2396.34
2023-24,1925,Molalla River SD 35,299,Child Nutrition,4900,Revenue for/on Behalf of the District,61888.8
2023-24,1925,Molalla River SD 35,299,Child Nutrition,5400,Resources - Beginning Fund Balance,544182.5
2023-24,1925,Molalla River SD 35,300,Debt Service Funds,1970,Services Provided Other Funds,2419486.68
2023-24,1925,Molalla River SD 35,300,Debt Service Funds,1500,Earnings on Investments,77434.29
2023-24,1925,Molalla River SD 35,300,Debt Service Funds,5400,Resources - Beginning Fund Balance,1013252.66
2023-24,1925,Molalla River SD 35,400,Capital Projects Funds,3299,Other Restricted Grants-In-Aid,45000
2023-24,1925,Molalla River SD 35,250,Non-Federal Sources,5200,Interfund Transfers,505296.33
2023-24,1925,Molalla River SD 35,250,Non-Federal Sources,5400,Resources - Beginning Fund Balance,212283.78
2023-24,1925,Molalla River SD 35,299,Child Nutrition,1960,Recovery of Prior Years' Expenditure,266.95
2023-24,1925,Molalla River SD 35,299,Child Nutrition,1990,Miscellaneous,-6487.23
2023-24,1925,Molalla River SD 35,299,Child Nutrition,3102,State School Fund--School Lunch Match,7497.49
2023-24,1925,Molalla River SD 35,299,Child Nutrition,4500,Restricted Revenue From Federal Government Through the State,602933.33
2023-24,1925,Molalla River SD 35,251,Student Investment Account,5400,Resources - Beginning Fund Balance,35250.38
2023-24,1925,Molalla River SD 35,252,Measure 98 - High School Success,3299,Other Restricted Grants-In-Aid,572634.44
2023-24,1925,Molalla River SD 35,250,Non-Federal Sources,1920,Contributions and Donations From Private Sources,23231.97
2023-24,1925,Molalla River SD 35,250,Non-Federal Sources,1960,Recovery of Prior Years' Expenditure,2218
2023-24,1925,Molalla River SD 35,250,Non-Federal Sources,1990,Miscellaneous,509643.26
2023-24,1925,Molalla River SD 35,250,Non-Federal Sources,3299,Other Restricted Grants-In-Aid,301275.19
2023-24,1925,Molalla River SD 35,100,General Fund,4900,Revenue for/on Behalf of the District,2725.26
2023-24,1925,Molalla River SD 35,100,General Fund,5200,Interfund Transfers,309333.87
2023-24,1925,Molalla River SD 35,201,Federal Sources,1960,Recovery of Prior Years' Expenditure,-4850
2023-24,1925,Molalla River SD 35,201,Federal Sources,4500,Restricted Revenue From Federal Government Through the State,2374082.55
2023-24,1925,Molalla River SD 35,201,Federal Sources,5400,Resources - Beginning Fund Balance,6208
2023-24,1925,Molalla River SD 35,251,Student Investment Account,3299,Other Restricted Grants-In-Aid,2200719.41
2023-24,1925,Molalla River SD 35,100,General Fund,2199,Other Intermediate Sources,10472.99
2023-24,1925,Molalla River SD 35,100,General Fund,3101,State School Fund --General Support,22052424.99
2023-24,1925,Molalla River SD 35,100,General Fund,3103,Common School Fund,334412.2
2023-24,1925,Molalla River SD 35,100,General Fund,3104,State Managed County Timber,54693.89
2023-24,1925,Molalla River SD 35,100,General Fund,4500,Restricted Revenue From Federal Government Through the State,40154.21
2023-24,1925,Molalla River SD 35,100,General Fund,4801,Federal Forest Fees,10798.92
2023-24,1925,Molalla River SD 35,100,General Fund,1700,Extra-Curricular Activities,18313.38
2023-24,1925,Molalla River SD 35,100,General Fund,1920,Contributions and Donations From Private Sources,356.08
2023-24,1925,Molalla River SD 35,100,General Fund,1960,Recovery of Prior Years' Expenditure,6445.47
2023-24,1925,Molalla River SD 35,100,General Fund,1980,Fees Charged to Grants,215071.77
2023-24,1925,Molalla River SD 35,100,General Fund,2101,County School Funds,11186.91
2023-24,1925,Molalla River SD 35,100,General Fund,2102,General Education Service District Funds,577287.54
2023-24,1925,Molalla River SD 35,100,General Fund,1500,Earnings on Investments,722987.55
2023-24,1926,Oregon Trail SD 46,100,General Fund,1110,Ad valorem taxes levied by district,19219745.68
2023-24,1926,Oregon Trail SD 46,100,General Fund,1312,Tuition from Other Districts within the State,1660
2023-24,1926,Oregon Trail SD 46,100,General Fund,1500,Earnings on Investments,1630155.49
2023-24,1926,Oregon Trail SD 46,100,General Fund,1700,Extra-Curricular Activities,267100.61
2023-24,1926,Oregon Trail SD 46,100,General Fund,1910,Rentals,183947.46
2023-24,1926,Oregon Trail SD 46,100,General Fund,1940,Services Provided Other Local Education Agencies,152036.2
2023-24,1926,Oregon Trail SD 46,600,Internal Service Funds,1970,Services Provided Other Funds,1360086.75
2023-24,1926,Oregon Trail SD 46,600,Internal Service Funds,1990,Miscellaneous,24627.05
2023-24,1926,Oregon Trail SD 46,600,Internal Service Funds,5200,Interfund Transfers,30000
2023-24,1926,Oregon Trail SD 46,600,Internal Service Funds,5400,Resources - Beginning Fund Balance,1411063.4
2023-24,1926,Oregon Trail SD 46,700,Trust and Agency Funds,1920,Contributions and Donations From Private Sources,14845
2023-24,1926,Oregon Trail SD 46,700,Trust and Agency Funds,5400,Resources - Beginning Fund Balance,116593.33
2023-24,1926,Oregon Trail SD 46,299,Child Nutrition,5200,Interfund Transfers,40000
2023-24,1926,Oregon Trail SD 46,299,Child Nutrition,5400,Resources - Beginning Fund Balance,793279.16
2023-24,1926,Oregon Trail SD 46,300,Debt Service Funds,1110,Ad valorem taxes levied by district,7220226.43
2023-24,1926,Oregon Trail SD 46,300,Debt Service Funds,1500,Earnings on Investments,183942.35
2023-24,1926,Oregon Trail SD 46,300,Debt Service Funds,5400,Resources - Beginning Fund Balance,302628.6
2023-24,1926,Oregon Trail SD 46,600,Internal Service Funds,1500,Earnings on Investments,60993.5
2023-24,1926,Oregon Trail SD 46,299,Child Nutrition,1990,Miscellaneous,12717.74
2023-24,1926,Oregon Trail SD 46,299,Child Nutrition,3102,State School Fund--School Lunch Match,16074.01
2023-24,1926,Oregon Trail SD 46,299,Child Nutrition,3199,Other Unrestricted Grants-In-Aid,15883.8
2023-24,1926,Oregon Trail SD 46,299,Child Nutrition,3299,Other Restricted Grants-In-Aid,107972.25
2023-24,1926,Oregon Trail SD 46,299,Child Nutrition,4500,Restricted Revenue From Federal Government Through the State,1178295.34
2023-24,1926,Oregon Trail SD 46,299,Child Nutrition,4900,Revenue for/on Behalf of the District,145864.85
2023-24,1926,Oregon Trail SD 46,250,Non-Federal Sources,5200,Interfund Transfers,565000
2023-24,1926,Oregon Trail SD 46,250,Non-Federal Sources,5400,Resources - Beginning Fund Balance,5466027.32
2023-24,1926,Oregon Trail SD 46,251,Student Investment Account,3299,Other Restricted Grants-In-Aid,3693168.07
2023-24,1926,Oregon Trail SD 46,252,Measure 98 - High School Success,3299,Other Restricted Grants-In-Aid,1088326.75
2023-24,1926,Oregon Trail SD 46,299,Child Nutrition,1600,Food Service,386573.57
2023-24,1926,Oregon Trail SD 46,299,Child Nutrition,1700,Extra-Curricular Activities,19489.93
2023-24,1926,Oregon Trail SD 46,250,Non-Federal Sources,1940,Services Provided Other Local Education Agencies,61389.96
2023-24,1926,Oregon Trail SD 46,250,Non-Federal Sources,1990,Miscellaneous,167548.12
2023-24,1926,Oregon Trail SD 46,250,Non-Federal Sources,2200,Restricted Revenue,102419.6
2023-24,1926,Oregon Trail SD 46,250,Non-Federal Sources,3199,Other Unrestricted Grants-In-Aid,7084.21
2023-24,1926,Oregon Trail SD 46,250,Non-Federal Sources,3299,Other Restricted Grants-In-Aid,835814.99
2023-24,1926,Oregon Trail SD 46,250,Non-Federal Sources,5100,Long Term Debt Financing Sources,95809.7
2023-24,1926,Oregon Trail SD 46,201,Federal Sources,4700,Grants-In-Aid From Federal Government Through Other Intermed,989.41
2023-24,1926,Oregon Trail SD 46,250,Non-Federal Sources,1130,Construction Excise Tax,343984.83
2023-24,1926,Oregon Trail SD 46,250,Non-Federal Sources,1500,Earnings on Investments,27777.67
2023-24,1926,Oregon Trail SD 46,250,Non-Federal Sources,1700,Extra-Curricular Activities,519610.36
2023-24,1926,Oregon Trail SD 46,250,Non-Federal Sources,1910,Rentals,101729.65
2023-24,1926,Oregon Trail SD 46,250,Non-Federal Sources,1920,Contributions and Donations From Private Sources,177545.16
2023-24,1926,Oregon Trail SD 46,100,General Fund,4200,Unrestricted Revenue From Federal Government Through State,135457.48
2023-24,1926,Oregon Trail SD 46,100,General Fund,4801,Federal Forest Fees,18195.71
2023-24,1926,Oregon Trail SD 46,100,General Fund,5400,Resources - Beginning Fund Balance,17074369.51
2023-24,1926,Oregon Trail SD 46,201,Federal Sources,1990,Miscellaneous,28975.61
2023-24,1926,Oregon Trail SD 46,201,Federal Sources,3299,Other Restricted Grants-In-Aid,12355.97
2023-24,1926,Oregon Trail SD 46,201,Federal Sources,4500,Restricted Revenue From Federal Government Through the State,3733715.98
2023-24,1926,Oregon Trail SD 46,100,General Fund,1980,Fees Charged to Grants,394356.33
2023-24,1926,Oregon Trail SD 46,100,General Fund,1990,Miscellaneous,34926.01
2023-24,1926,Oregon Trail SD 46,100,General Fund,2101,County School Funds,18849.45
2023-24,1926,Oregon Trail SD 46,100,General Fund,2199,Other Intermediate Sources,837174.53
2023-24,1926,Oregon Trail SD 46,100,General Fund,3101,State School Fund --General Support,34427214.58
2023-24,1926,Oregon Trail SD 46,100,General Fund,3103,Common School Fund,563471.08
2023-24,1927,Colton SD 53,100,General Fund,1110,Ad valorem taxes levied by district,2270619.92
2023-24,1927,Colton SD 53,100,General Fund,1190,Penalties and interest on taxes,4737.81
2023-24,1927,Colton SD 53,100,General Fund,1412,Transportation fees from Other Districts within the State,1911.49
2023-24,1927,Colton SD 53,100,General Fund,1500,Earnings on Investments,105949.19
2023-24,1927,Colton SD 53,100,General Fund,1700,Extra-Curricular Activities,37211.84
2023-24,1927,Colton SD 53,100,General Fund,1910,Rentals,3150
2023-24,1927,Colton SD 53,300,Debt Service Funds,5400,Resources - Beginning Fund Balance,-29368.88
2023-24,1927,Colton SD 53,250,Non-Federal Sources,5400,Resources - Beginning Fund Balance,288872.63
2023-24,1927,Colton SD 53,299,Child Nutrition,4500,Restricted Revenue From Federal Government Through the State,94855.55
2023-24,1927,Colton SD 53,299,Child Nutrition,4900,Revenue for/on Behalf of the District,18156.1
2023-24,1927,Colton SD 53,300,Debt Service Funds,1110,Ad valorem taxes levied by district,184637.09
2023-24,1927,Colton SD 53,300,Debt Service Funds,1190,Penalties and interest on taxes,409.09
2023-24,1927,Colton SD 53,400,Capital Projects Funds,5200,Interfund Transfers,80826
2023-24,1927,Colton SD 53,100,General Fund,5400,Resources - Beginning Fund Balance,518010.64
2023-24,1927,Colton SD 53,251,Student Investment Account,3299,Other Restricted Grants-In-Aid,592805.97
2023-24,1927,Colton SD 53,252,Measure 98 - High School Success,3199,Other Unrestricted Grants-In-Aid,228017.21
2023-24,1927,Colton SD 53,299,Child Nutrition,1600,Food Service,35332.75
2023-24,1927,Colton SD 53,299,Child Nutrition,1990,Miscellaneous,1362.07
2023-24,1927,Colton SD 53,299,Child Nutrition,3102,State School Fund--School Lunch Match,1210.05
2023-24,1927,Colton SD 53,299,Child Nutrition,3199,Other Unrestricted Grants-In-Aid,23323.29
2023-24,1927,Colton SD 53,250,Non-Federal Sources,1990,Miscellaneous,2682
2023-24,1927,Colton SD 53,250,Non-Federal Sources,2200,Restricted Revenue,15000
2023-24,1927,Colton SD 53,250,Non-Federal Sources,3199,Other Unrestricted Grants-In-Aid,1693.65
2023-24,1927,Colton SD 53,250,Non-Federal Sources,3299,Other Restricted Grants-In-Aid,312325.94
2023-24,1927,Colton SD 53,250,Non-Federal Sources,4500,Restricted Revenue From Federal Government Through the State,30000
2023-24,1927,Colton SD 53,250,Non-Federal Sources,5200,Interfund Transfers,50000
2023-24,1927,Colton SD 53,100,General Fund,4801,Federal Forest Fees,2521.37
2023-24,1927,Colton SD 53,100,General Fund,5300,Sale of or Compensation for Loss of Fixed Assets,16575.35
2023-24,1927,Colton SD 53,201,Federal Sources,4500,Restricted Revenue From Federal Government Through the State,408858.74
2023-24,1927,Colton SD 53,250,Non-Federal Sources,1700,Extra-Curricular Activities,107748.34
2023-24,1927,Colton SD 53,250,Non-Federal Sources,1800,Community Services Activities,95896.22
2023-24,1927,Colton SD 53,250,Non-Federal Sources,1920,Contributions and Donations From Private Sources,34198.37
2023-24,1927,Colton SD 53,100,General Fund,1920,Contributions and Donations From Private Sources,220.93
2023-24,1927,Colton SD 53,100,General Fund,1980,Fees Charged to Grants,7311.55
2023-24,1927,Colton SD 53,100,General Fund,1990,Miscellaneous,21774.96
2023-24,1927,Colton SD 53,100,General Fund,2102,General Education Service District Funds,118218.72
2023-24,1927,Colton SD 53,100,General Fund,3101,State School Fund --General Support,6361499.34
2023-24,1927,Colton SD 53,100,General Fund,3103,Common School Fund,78080.02
2023-24,1928,Oregon City SD 62,700,Trust and Agency Funds,3299,Other Restricted Grants-In-Aid,412906.01
2023-24,1928,Oregon City SD 62,700,Trust and Agency Funds,4500,Restricted Revenue From Federal Government Through the State,424.59
2023-24,1928,Oregon City SD 62,700,Trust and Agency Funds,5400,Resources - Beginning Fund Balance,566199.42
2023-24,1928,Oregon City SD 62,600,Internal Service Funds,5300,Sale of or Compensation for Loss of Fixed Assets,120440
2023-24,1928,Oregon City SD 62,600,Internal Service Funds,5400,Resources - Beginning Fund Balance,467475.01
2023-24,1928,Oregon City SD 62,700,Trust and Agency Funds,1500,Earnings on Investments,70529.31
2023-24,1928,Oregon City SD 62,700,Trust and Agency Funds,1700,Extra-Curricular Activities,8312.22
2023-24,1928,Oregon City SD 62,700,Trust and Agency Funds,1920,Contributions and Donations From Private Sources,8009.57
2023-24,1928,Oregon City SD 62,700,Trust and Agency Funds,3101,State School Fund --General Support,4690115.21
2023-24,1928,Oregon City SD 62,400,Capital Projects Funds,3299,Other Restricted Grants-In-Aid,1847671
2023-24,1928,Oregon City SD 62,400,Capital Projects Funds,5200,Interfund Transfers,2100000
2023-24,1928,Oregon City SD 62,400,Capital Projects Funds,5400,Resources - Beginning Fund Balance,4978945.87
2023-24,1928,Oregon City SD 62,600,Internal Service Funds,1500,Earnings on Investments,2924.55
2023-24,1928,Oregon City SD 62,600,Internal Service Funds,1970,Services Provided Other Funds,879339.08
2023-24,1928,Oregon City SD 62,600,Internal Service Funds,5200,Interfund Transfers,300000
2023-24,1928,Oregon City SD 62,300,Debt Service Funds,5400,Resources - Beginning Fund Balance,1561444.61
2023-24,1928,Oregon City SD 62,400,Capital Projects Funds,1130,Construction Excise Tax,300424.71
2023-24,1928,Oregon City SD 62,400,Capital Projects Funds,1500,Earnings on Investments,281498.37
2023-24,1928,Oregon City SD 62,400,Capital Projects Funds,1910,Rentals,6078.56
2023-24,1928,Oregon City SD 62,400,Capital Projects Funds,1960,Recovery of Prior Years' Expenditure,30696.28
2023-24,1928,Oregon City SD 62,400,Capital Projects Funds,1990,Miscellaneous,288748.58
2023-24,1928,Oregon City SD 62,251,Student Investment Account,3299,Other Restricted Grants-In-Aid,7191429.67
2023-24,1928,Oregon City SD 62,252,Measure 98 - High School Success,3299,Other Restricted Grants-In-Aid,2055005.66
2023-24,1928,Oregon City SD 62,300,Debt Service Funds,1110,Ad valorem taxes levied by district,8472146.56
2023-24,1928,Oregon City SD 62,300,Debt Service Funds,1190,Penalties and interest on taxes,18118.66
2023-24,1928,Oregon City SD 62,300,Debt Service Funds,1500,Earnings on Investments,395734.88
2023-24,1928,Oregon City SD 62,300,Debt Service Funds,1970,Services Provided Other Funds,9185646.81
2023-24,1928,Oregon City SD 62,250,Non-Federal Sources,3204,Driver Education,16035
2023-24,1928,Oregon City SD 62,250,Non-Federal Sources,3299,Other Restricted Grants-In-Aid,740906.62
2023-24,1928,Oregon City SD 62,250,Non-Federal Sources,4500,Restricted Revenue From Federal Government Through the State,1579984.6
2023-24,1928,Oregon City SD 62,250,Non-Federal Sources,4900,Revenue for/on Behalf of the District,169116.74
2023-24,1928,Oregon City SD 62,250,Non-Federal Sources,5200,Interfund Transfers,800000
2023-24,1928,Oregon City SD 62,250,Non-Federal Sources,5400,Resources - Beginning Fund Balance,3406709.85
2023-24,1928,Oregon City SD 62,250,Non-Federal Sources,1920,Contributions and Donations From Private Sources,51709.19
2023-24,1928,Oregon City SD 62,250,Non-Federal Sources,1960,Recovery of Prior Years' Expenditure,83.78
2023-24,1928,Oregon City SD 62,250,Non-Federal Sources,1970,Services Provided Other Funds,15886.66
2023-24,1928,Oregon City SD 62,250,Non-Federal Sources,1990,Miscellaneous,31593.99
2023-24,1928,Oregon City SD 62,250,Non-Federal Sources,2200,Restricted Revenue,-827.28
2023-24,1928,Oregon City SD 62,250,Non-Federal Sources,3102,State School Fund--School Lunch Match,22080.3
2023-24,1928,Oregon City SD 62,200,Special Revenue Funds,4500,Restricted Revenue From Federal Government Through the State,4630532.34
2023-24,1928,Oregon City SD 62,200,Special Revenue Funds,4700,Grants-In-Aid From Federal Government Through Other Intermed,180148.5
2023-24,1928,Oregon City SD 62,250,Non-Federal Sources,1500,Earnings on Investments,87239.54
2023-24,1928,Oregon City SD 62,250,Non-Federal Sources,1600,Food Service,676990.38
2023-24,1928,Oregon City SD 62,250,Non-Federal Sources,1700,Extra-Curricular Activities,1386915.75
2023-24,1928,Oregon City SD 62,250,Non-Federal Sources,1800,Community Services Activities,1570403.17
2023-24,1928,Oregon City SD 62,100,General Fund,4200,Unrestricted Revenue From Federal Government Through State,14178.58
2023-24,1928,Oregon City SD 62,100,General Fund,4801,Federal Forest Fees,30536.04
2023-24,1928,Oregon City SD 62,100,General Fund,5100,Long Term Debt Financing Sources,46404.74
2023-24,1928,Oregon City SD 62,100,General Fund,5400,Resources - Beginning Fund Balance,12615654.83
2023-24,1928,Oregon City SD 62,200,Special Revenue Funds,2199,Other Intermediate Sources,79499.99
2023-24,1928,Oregon City SD 62,200,Special Revenue Funds,3199,Other Unrestricted Grants-In-Aid,7291.15
2023-24,1928,Oregon City SD 62,100,General Fund,2101,County School Funds,31633.15
2023-24,1928,Oregon City SD 62,100,General Fund,2102,General Education Service District Funds,1768760.32
2023-24,1928,Oregon City SD 62,100,General Fund,3101,State School Fund --General Support,56156334.63
2023-24,1928,Oregon City SD 62,100,General Fund,3103,Common School Fund,945616.56
2023-24,1928,Oregon City SD 62,100,General Fund,3199,Other Unrestricted Grants-In-Aid,1123423.93
2023-24,1928,Oregon City SD 62,100,General Fund,3204,Driver Education,65443
2023-24,1928,Oregon City SD 62,100,General Fund,1910,Rentals,281599.15
2023-24,1928,Oregon City SD 62,100,General Fund,1920,Contributions and Donations From Private Sources,1689.18
2023-24,1928,Oregon City SD 62,100,General Fund,1940,Services Provided Other Local Education Agencies,39295
2023-24,1928,Oregon City SD 62,100,General Fund,1960,Recovery of Prior Years' Expenditure,57487.98
2023-24,1928,Oregon City SD 62,100,General Fund,1980,Fees Charged to Grants,356002.16
2023-24,1928,Oregon City SD 62,100,General Fund,1990,Miscellaneous,207546.68
2023-24,1928,Oregon City SD 62,100,General Fund,1190,Penalties and interest on taxes,72105.73
2023-24,1928,Oregon City SD 62,100,General Fund,1411,Transportation fees from Individuals,5870.53
2023-24,1928,Oregon City SD 62,100,General Fund,1412,Transportation fees from Other Districts within the State,60059.12
2023-24,1928,Oregon City SD 62,100,General Fund,1500,Earnings on Investments,1438372.97
2023-24,1928,Oregon City SD 62,100,General Fund,1700,Extra-Curricular Activities,150462.34
2023-24,1928,Oregon City SD 62,100,General Fund,1800,Community Services Activities,300817.11
2023-24,1928,Oregon City SD 62,100,General Fund,1110,Ad valorem taxes levied by district,34091703.38
2023-24,1929,Canby SD 86,250,Non-Federal Sources,5200,Interfund Transfers,35000
2023-24,1929,Canby SD 86,600,Internal Service Funds,5200,Interfund Transfers,60000
2023-24,1929,Canby SD 86,700,Trust and Agency Funds,1990,Miscellaneous,-1000
2023-24,1929,Canby SD 86,700,Trust and Agency Funds,5400,Resources - Beginning Fund Balance,622697.35
2023-24,1929,Canby SD 86,600,Internal Service Funds,1700,Extra-Curricular Activities,7695.5
2023-24,1929,Canby SD 86,600,Internal Service Funds,1910,Rentals,62787.75
2023-24,1929,Canby SD 86,600,Internal Service Funds,1990,Miscellaneous,171493.83
2023-24,1929,Canby SD 86,600,Internal Service Funds,5400,Resources - Beginning Fund Balance,497079.64
2023-24,1929,Canby SD 86,700,Trust and Agency Funds,1500,Earnings on Investments,31828.8
2023-24,1929,Canby SD 86,700,Trust and Agency Funds,1920,Contributions and Donations From Private Sources,90189
2023-24,1929,Canby SD 86,300,Debt Service Funds,1990,Miscellaneous,73580.41
2023-24,1929,Canby SD 86,300,Debt Service Funds,5400,Resources - Beginning Fund Balance,1081249.84
2023-24,1929,Canby SD 86,400,Capital Projects Funds,1500,Earnings on Investments,612209.91
2023-24,1929,Canby SD 86,400,Capital Projects Funds,1990,Miscellaneous,114978.09
2023-24,1929,Canby SD 86,400,Capital Projects Funds,5400,Resources - Beginning Fund Balance,27297959.01
2023-24,1929,Canby SD 86,600,Internal Service Funds,1500,Earnings on Investments,73.59
2023-24,1929,Canby SD 86,299,Child Nutrition,4900,Revenue for/on Behalf of the District,98178.76
2023-24,1929,Canby SD 86,299,Child Nutrition,5400,Resources - Beginning Fund Balance,352806.18
2023-24,1929,Canby SD 86,300,Debt Service Funds,1110,Ad valorem taxes levied by district,7925369.86
2023-24,1929,Canby SD 86,300,Debt Service Funds,1190,Penalties and interest on taxes,18184.43
2023-24,1929,Canby SD 86,300,Debt Service Funds,1500,Earnings on Investments,278718.12
2023-24,1929,Canby SD 86,300,Debt Service Funds,1970,Services Provided Other Funds,4412560.59
2023-24,1929,Canby SD 86,251,Student Investment Account,3299,Other Restricted Grants-In-Aid,4053434.38
2023-24,1929,Canby SD 86,252,Measure 98 - High School Success,3299,Other Restricted Grants-In-Aid,1327875.82
2023-24,1929,Canby SD 86,299,Child Nutrition,1600,Food Service,287811.1
2023-24,1929,Canby SD 86,299,Child Nutrition,3102,State School Fund--School Lunch Match,26271.76
2023-24,1929,Canby SD 86,299,Child Nutrition,3299,Other Restricted Grants-In-Aid,75092.4
2023-24,1929,Canby SD 86,299,Child Nutrition,4500,Restricted Revenue From Federal Government Through the State,1058775.81
2023-24,1929,Canby SD 86,250,Non-Federal Sources,1920,Contributions and Donations From Private Sources,69388.61
2023-24,1929,Canby SD 86,250,Non-Federal Sources,1980,Fees Charged to Grants,278669.99
2023-24,1929,Canby SD 86,250,Non-Federal Sources,1990,Miscellaneous,531114.1
2023-24,1929,Canby SD 86,250,Non-Federal Sources,3204,Driver Education,32475
2023-24,1929,Canby SD 86,250,Non-Federal Sources,3299,Other Restricted Grants-In-Aid,1328188.26
2023-24,1929,Canby SD 86,250,Non-Federal Sources,5400,Resources - Beginning Fund Balance,2384851.51
2023-24,1929,Canby SD 86,201,Federal Sources,4500,Restricted Revenue From Federal Government Through the State,2632694.63
2023-24,1929,Canby SD 86,201,Federal Sources,5400,Resources - Beginning Fund Balance,16361.21
2023-24,1929,Canby SD 86,250,Non-Federal Sources,1130,Construction Excise Tax,317844.48
2023-24,1929,Canby SD 86,250,Non-Federal Sources,1500,Earnings on Investments,67420.27
2023-24,1929,Canby SD 86,250,Non-Federal Sources,1700,Extra-Curricular Activities,1111260.85
2023-24,1929,Canby SD 86,250,Non-Federal Sources,1910,Rentals,39889.75
2023-24,1929,Canby SD 86,100,General Fund,3103,Common School Fund,551480.48
2023-24,1929,Canby SD 86,100,General Fund,4500,Restricted Revenue From Federal Government Through the State,36222.62
2023-24,1929,Canby SD 86,100,General Fund,4700,Grants-In-Aid From Federal Government Through Other Intermed,6000
2023-24,1929,Canby SD 86,100,General Fund,5200,Interfund Transfers,125000
2023-24,1929,Canby SD 86,100,General Fund,5400,Resources - Beginning Fund Balance,494616.77
2023-24,1929,Canby SD 86,201,Federal Sources,1330,Summer School Tuition,840
2023-24,1929,Canby SD 86,100,General Fund,1990,Miscellaneous,507308.45
2023-24,1929,Canby SD 86,100,General Fund,2101,County School Funds,18448.34
2023-24,1929,Canby SD 86,100,General Fund,2102,General Education Service District Funds,655555.47
2023-24,1929,Canby SD 86,100,General Fund,2199,Other Intermediate Sources,26563.6
2023-24,1929,Canby SD 86,100,General Fund,2800,Revenue in Lieu of Taxes,172.13
2023-24,1929,Canby SD 86,100,General Fund,3101,State School Fund --General Support,36189762.34
2023-24,1929,Canby SD 86,100,General Fund,1190,Penalties and interest on taxes,42613.03
2023-24,1929,Canby SD 86,100,General Fund,1411,Transportation fees from Individuals,4208.94
2023-24,1929,Canby SD 86,100,General Fund,1500,Earnings on Investments,446057.87
2023-24,1929,Canby SD 86,100,General Fund,1700,Extra-Curricular Activities,146512.39
2023-24,1929,Canby SD 86,100,General Fund,1910,Rentals,22545
2023-24,1929,Canby SD 86,100,General Fund,1960,Recovery of Prior Years' Expenditure,10764.8
2023-24,1929,Canby SD 86,100,General Fund,4801,Federal Forest Fees,17808.51
2023-24,1929,Canby SD 86,100,General Fund,5100,Long Term Debt Financing Sources,6487
2023-24,1929,Canby SD 86,100,General Fund,5300,Sale of or Compensation for Loss of Fixed Assets,1336
2023-24,1929,Canby SD 86,250,Non-Federal Sources,4500,Restricted Revenue From Federal Government Through the State,97912.76
2023-24,1929,Canby SD 86,250,Non-Federal Sources,5300,Sale of or Compensation for Loss of Fixed Assets,1475
2023-24,1929,Canby SD 86,100,General Fund,1110,Ad valorem taxes levied by district,18682728.69
2023-24,1929,Canby SD 86,100,General Fund,3299,Other Restricted Grants-In-Aid,14232.1
2023-24,1930,Estacada SD 108,100,General Fund,1110,Ad valorem taxes levied by district,9003080.47
2023-24,1930,Estacada SD 108,100,General Fund,1411,Transportation fees from Individuals,5256.24
2023-24,1930,Estacada SD 108,100,General Fund,1420,Summer School Transportation,1282.5
2023-24,1930,Estacada SD 108,100,General Fund,1500,Earnings on Investments,919171.78
2023-24,1930,Estacada SD 108,100,General Fund,1700,Extra-Curricular Activities,84956.37
2023-24,1930,Estacada SD 108,100,General Fund,1910,Rentals,27344.53
2023-24,1930,Estacada SD 108,400,Capital Projects Funds,5200,Interfund Transfers,775000
2023-24,1930,Estacada SD 108,400,Capital Projects Funds,5400,Resources - Beginning Fund Balance,343076.11
2023-24,1930,Estacada SD 108,400,Capital Projects Funds,1500,Earnings on Investments,45935.49
2023-24,1930,Estacada SD 108,299,Child Nutrition,3199,Other Unrestricted Grants-In-Aid,-5605.61
2023-24,1930,Estacada SD 108,252,Measure 98 - High School Success,5400,Resources - Beginning Fund Balance,-168.7
2023-24,1930,Estacada SD 108,300,Debt Service Funds,1990,Miscellaneous,90334.3
2023-24,1930,Estacada SD 108,300,Debt Service Funds,5200,Interfund Transfers,50000
2023-24,1930,Estacada SD 108,300,Debt Service Funds,5400,Resources - Beginning Fund Balance,1263217.58
2023-24,1930,Estacada SD 108,400,Capital Projects Funds,1130,Construction Excise Tax,465783.86
2023-24,1930,Estacada SD 108,400,Capital Projects Funds,1990,Miscellaneous,53960
2023-24,1930,Estacada SD 108,400,Capital Projects Funds,3299,Other Restricted Grants-In-Aid,1977664.61
2023-24,1930,Estacada SD 108,299,Child Nutrition,4900,Revenue for/on Behalf of the District,81367.17
2023-24,1930,Estacada SD 108,299,Child Nutrition,5200,Interfund Transfers,582936.44
2023-24,1930,Estacada SD 108,299,Child Nutrition,5400,Resources - Beginning Fund Balance,2346.43
2023-24,1930,Estacada SD 108,300,Debt Service Funds,1110,Ad valorem taxes levied by district,2585951.3
2023-24,1930,Estacada SD 108,300,Debt Service Funds,1500,Earnings on Investments,43424.76
2023-24,1930,Estacada SD 108,300,Debt Service Funds,1970,Services Provided Other Funds,1727208.92
2023-24,1930,Estacada SD 108,252,Measure 98 - High School Success,3299,Other Restricted Grants-In-Aid,388908.66
2023-24,1930,Estacada SD 108,299,Child Nutrition,1600,Food Service,162034.52
2023-24,1930,Estacada SD 108,299,Child Nutrition,1920,Contributions and Donations From Private Sources,9007.94
2023-24,1930,Estacada SD 108,299,Child Nutrition,3102,State School Fund--School Lunch Match,6353.61
2023-24,1930,Estacada SD 108,299,Child Nutrition,3299,Other Restricted Grants-In-Aid,49922.52
2023-24,1930,Estacada SD 108,299,Child Nutrition,4500,Restricted Revenue From Federal Government Through the State,529151.46
2023-24,1930,Estacada SD 108,250,Non-Federal Sources,3299,Other Restricted Grants-In-Aid,425775.01
2023-24,1930,Estacada SD 108,250,Non-Federal Sources,4500,Restricted Revenue From Federal Government Through the State,79214.5
2023-24,1930,Estacada SD 108,250,Non-Federal Sources,5200,Interfund Transfers,925000
2023-24,1930,Estacada SD 108,250,Non-Federal Sources,5400,Resources - Beginning Fund Balance,3186109.25
2023-24,1930,Estacada SD 108,251,Student Investment Account,3199,Other Unrestricted Grants-In-Aid,1686129.85
2023-24,1930,Estacada SD 108,251,Student Investment Account,4500,Restricted Revenue From Federal Government Through the State,23671.45
2023-24,1930,Estacada SD 108,201,Federal Sources,5400,Resources - Beginning Fund Balance,2304.24
2023-24,1930,Estacada SD 108,250,Non-Federal Sources,1330,Summer School Tuition,1920
2023-24,1930,Estacada SD 108,250,Non-Federal Sources,1700,Extra-Curricular Activities,644447.43
2023-24,1930,Estacada SD 108,250,Non-Federal Sources,1910,Rentals,190
2023-24,1930,Estacada SD 108,250,Non-Federal Sources,1920,Contributions and Donations From Private Sources,56292.07
2023-24,1930,Estacada SD 108,250,Non-Federal Sources,1990,Miscellaneous,435606.49
2023-24,1930,Estacada SD 108,100,General Fund,3103,Common School Fund,314135.2
2023-24,1930,Estacada SD 108,100,General Fund,4801,Federal Forest Fees,10144.13
2023-24,1930,Estacada SD 108,100,General Fund,5100,Long Term Debt Financing Sources,11910.35
2023-24,1930,Estacada SD 108,100,General Fund,5300,Sale of or Compensation for Loss of Fixed Assets,2891.8
2023-24,1930,Estacada SD 108,100,General Fund,5400,Resources - Beginning Fund Balance,8043592.76
2023-24,1930,Estacada SD 108,201,Federal Sources,4500,Restricted Revenue From Federal Government Through the State,1566056.55
2023-24,1930,Estacada SD 108,100,General Fund,1920,Contributions and Donations From Private Sources,2407.6
2023-24,1930,Estacada SD 108,100,General Fund,1990,Miscellaneous,51653.66
2023-24,1930,Estacada SD 108,100,General Fund,2101,County School Funds,10508.59
2023-24,1930,Estacada SD 108,100,General Fund,2102,General Education Service District Funds,800535.91
2023-24,1930,Estacada SD 108,100,General Fund,2199,Other Intermediate Sources,15750.56
2023-24,1930,Estacada SD 108,100,General Fund,3101,State School Fund --General Support,29269877.52
2023-24,1931,Gladstone SD 115,100,General Fund,1110,Ad valorem taxes levied by district,4878333.85
2023-24,1931,Gladstone SD 115,100,General Fund,1190,Penalties and interest on taxes,26900.87
2023-24,1931,Gladstone SD 115,100,General Fund,1412,Transportation fees from Other Districts within the State,4782.89
2023-24,1931,Gladstone SD 115,100,General Fund,1500,Earnings on Investments,352853.9
2023-24,1931,Gladstone SD 115,100,General Fund,1700,Extra-Curricular Activities,112479.53
2023-24,1931,Gladstone SD 115,100,General Fund,1910,Rentals,156661.95
2023-24,1931,Gladstone SD 115,250,Non-Federal Sources,1200,Revenue From Local Governmental Units Other Than Districts,11450
2023-24,1931,Gladstone SD 115,400,Capital Projects Funds,3299,Other Restricted Grants-In-Aid,169820.55
2023-24,1931,Gladstone SD 115,400,Capital Projects Funds,5200,Interfund Transfers,343958.95
2023-24,1931,Gladstone SD 115,400,Capital Projects Funds,5400,Resources - Beginning Fund Balance,1996859.44
2023-24,1931,Gladstone SD 115,700,Trust and Agency Funds,1700,Extra-Curricular Activities,13351.68
2023-24,1931,Gladstone SD 115,700,Trust and Agency Funds,5400,Resources - Beginning Fund Balance,21498.06
2023-24,1931,Gladstone SD 115,300,Debt Service Funds,5400,Resources - Beginning Fund Balance,1150355.86
2023-24,1931,Gladstone SD 115,400,Capital Projects Funds,1130,Construction Excise Tax,2926.03
2023-24,1931,Gladstone SD 115,400,Capital Projects Funds,1500,Earnings on Investments,40519.53
2023-24,1931,Gladstone SD 115,400,Capital Projects Funds,1910,Rentals,20315.05
2023-24,1931,Gladstone SD 115,400,Capital Projects Funds,1920,Contributions and Donations From Private Sources,27240
2023-24,1931,Gladstone SD 115,400,Capital Projects Funds,1990,Miscellaneous,52753.5
2023-24,1931,Gladstone SD 115,299,Child Nutrition,5200,Interfund Transfers,6444.95
2023-24,1931,Gladstone SD 115,299,Child Nutrition,5400,Resources - Beginning Fund Balance,97946.4
2023-24,1931,Gladstone SD 115,300,Debt Service Funds,1110,Ad valorem taxes levied by district,4589946.59
2023-24,1931,Gladstone SD 115,300,Debt Service Funds,1190,Penalties and interest on taxes,10657.76
2023-24,1931,Gladstone SD 115,300,Debt Service Funds,1500,Earnings on Investments,304509.52
2023-24,1931,Gladstone SD 115,300,Debt Service Funds,1970,Services Provided Other Funds,2063631.59
2023-24,1931,Gladstone SD 115,252,Measure 98 - High School Success,3299,Other Restricted Grants-In-Aid,522983.63
2023-24,1931,Gladstone SD 115,299,Child Nutrition,1600,Food Service,211291.71
2023-24,1931,Gladstone SD 115,299,Child Nutrition,1990,Miscellaneous,41626.75
2023-24,1931,Gladstone SD 115,299,Child Nutrition,3299,Other Restricted Grants-In-Aid,84683.32
2023-24,1931,Gladstone SD 115,299,Child Nutrition,4500,Restricted Revenue From Federal Government Through the State,482571.34
2023-24,1931,Gladstone SD 115,299,Child Nutrition,4900,Revenue for/on Behalf of the District,55303.97
2023-24,1931,Gladstone SD 115,250,Non-Federal Sources,1920,Contributions and Donations From Private Sources,194855.96
2023-24,1931,Gladstone SD 115,250,Non-Federal Sources,2199,Other Intermediate Sources,84344.25
2023-24,1931,Gladstone SD 115,250,Non-Federal Sources,2200,Restricted Revenue,4943.06
2023-24,1931,Gladstone SD 115,250,Non-Federal Sources,3299,Other Restricted Grants-In-Aid,867374.7
2023-24,1931,Gladstone SD 115,250,Non-Federal Sources,5400,Resources - Beginning Fund Balance,633029.9
2023-24,1931,Gladstone SD 115,251,Student Investment Account,3299,Other Restricted Grants-In-Aid,1687051.59
2023-24,1931,Gladstone SD 115,200,Special Revenue Funds,1800,Community Services Activities,90994.49
2023-24,1931,Gladstone SD 115,200,Special Revenue Funds,1910,Rentals,28352.5
2023-24,1931,Gladstone SD 115,200,Special Revenue Funds,1940,Services Provided Other Local Education Agencies,8293
2023-24,1931,Gladstone SD 115,200,Special Revenue Funds,1990,Miscellaneous,12711
2023-24,1931,Gladstone SD 115,200,Special Revenue Funds,5400,Resources - Beginning Fund Balance,832344.52
2023-24,1931,Gladstone SD 115,201,Federal Sources,4500,Restricted Revenue From Federal Government Through the State,1223088.01
2023-24,1931,Gladstone SD 115,100,General Fund,3103,Common School Fund,219531.7
2023-24,1931,Gladstone SD 115,100,General Fund,4801,Federal Forest Fees,7089.15
2023-24,1931,Gladstone SD 115,100,General Fund,5400,Resources - Beginning Fund Balance,4597249.82
2023-24,1931,Gladstone SD 115,200,Special Revenue Funds,1320,Adult/Continuing Education Tuition,63723.05
2023-24,1931,Gladstone SD 115,200,Special Revenue Funds,1500,Earnings on Investments,26782.15
2023-24,1931,Gladstone SD 115,200,Special Revenue Funds,1700,Extra-Curricular Activities,697126.79
2023-24,1931,Gladstone SD 115,100,General Fund,1980,Fees Charged to Grants,194388.88
2023-24,1931,Gladstone SD 115,100,General Fund,1990,Miscellaneous,72435.39
2023-24,1931,Gladstone SD 115,100,General Fund,2101,County School Funds,7343.85
2023-24,1931,Gladstone SD 115,100,General Fund,2102,General Education Service District Funds,225347.05
2023-24,1931,Gladstone SD 115,100,General Fund,2199,Other Intermediate Sources,6645.92
2023-24,1931,Gladstone SD 115,100,General Fund,3101,State School Fund --General Support,15946836.64
2023-24,1933,Astoria SD 1,400,Capital Projects Funds,1990,Miscellaneous,105.29
2023-24,1933,Astoria SD 1,400,Capital Projects Funds,5400,Resources - Beginning Fund Balance,427022.7
2023-24,1933,Astoria SD 1,250,Non-Federal Sources,1500,Earnings on Investments,8593.96
2023-24,1933,Astoria SD 1,250,Non-Federal Sources,1910,Rentals,159061.42
2023-24,1933,Astoria SD 1,250,Non-Federal Sources,5400,Resources - Beginning Fund Balance,1094070.09
2023-24,1933,Astoria SD 1,300,Debt Service Funds,1110,Ad valorem taxes levied by district,4103338.04
2023-24,1933,Astoria SD 1,300,Debt Service Funds,1190,Penalties and interest on taxes,3252.55
2023-24,1933,Astoria SD 1,300,Debt Service Funds,1500,Earnings on Investments,157251.53
2023-24,1933,Astoria SD 1,300,Debt Service Funds,1970,Services Provided Other Funds,2240574.61
2023-24,1933,Astoria SD 1,300,Debt Service Funds,5400,Resources - Beginning Fund Balance,497537.83
2023-24,1933,Astoria SD 1,400,Capital Projects Funds,1500,Earnings on Investments,10443.39
2023-24,1933,Astoria SD 1,299,Child Nutrition,1990,Miscellaneous,544
2023-24,1933,Astoria SD 1,299,Child Nutrition,3299,Other Restricted Grants-In-Aid,134086.66
2023-24,1933,Astoria SD 1,299,Child Nutrition,4500,Restricted Revenue From Federal Government Through the State,542770.01
2023-24,1933,Astoria SD 1,299,Child Nutrition,4900,Revenue for/on Behalf of the District,43613.72
2023-24,1933,Astoria SD 1,299,Child Nutrition,5200,Interfund Transfers,98500
2023-24,1933,Astoria SD 1,299,Child Nutrition,5400,Resources - Beginning Fund Balance,-349787.7
2023-24,1933,Astoria SD 1,250,Non-Federal Sources,5200,Interfund Transfers,331500
2023-24,1933,Astoria SD 1,251,Student Investment Account,3299,Other Restricted Grants-In-Aid,1728461.57
2023-24,1933,Astoria SD 1,251,Student Investment Account,5400,Resources - Beginning Fund Balance,111168.52
2023-24,1933,Astoria SD 1,252,Measure 98 - High School Success,3299,Other Restricted Grants-In-Aid,720431.55
2023-24,1933,Astoria SD 1,299,Child Nutrition,1500,Earnings on Investments,46.54
2023-24,1933,Astoria SD 1,299,Child Nutrition,1600,Food Service,71806.52
2023-24,1933,Astoria SD 1,250,Non-Federal Sources,1700,Extra-Curricular Activities,438703.25
2023-24,1933,Astoria SD 1,250,Non-Federal Sources,1920,Contributions and Donations From Private Sources,341792.56
2023-24,1933,Astoria SD 1,250,Non-Federal Sources,1940,Services Provided Other Local Education Agencies,127881.75
2023-24,1933,Astoria SD 1,250,Non-Federal Sources,1990,Miscellaneous,89131.45
2023-24,1933,Astoria SD 1,250,Non-Federal Sources,3299,Other Restricted Grants-In-Aid,566937.53
2023-24,1933,Astoria SD 1,250,Non-Federal Sources,4100,Unrestricted Revenue Direct From the Federal Government,22160.6
2023-24,1933,Astoria SD 1,100,General Fund,4802,Impact Aid to School Districts for Operation,87666
2023-24,1933,Astoria SD 1,100,General Fund,4899,Other Federal Revenue in Lieu of Taxes,3327.5
2023-24,1933,Astoria SD 1,100,General Fund,5100,Long Term Debt Financing Sources,151900
2023-24,1933,Astoria SD 1,100,General Fund,5400,Resources - Beginning Fund Balance,3589291.45
2023-24,1933,Astoria SD 1,201,Federal Sources,4500,Restricted Revenue From Federal Government Through the State,2268765.73
2023-24,1933,Astoria SD 1,250,Non-Federal Sources,1130,Construction Excise Tax,19238.07
2023-24,1933,Astoria SD 1,100,General Fund,2101,County School Funds,1881715.22
2023-24,1933,Astoria SD 1,100,General Fund,2800,Revenue in Lieu of Taxes,3125.28
2023-24,1933,Astoria SD 1,100,General Fund,3101,State School Fund --General Support,12605630.03
2023-24,1933,Astoria SD 1,100,General Fund,3103,Common School Fund,230488.46
2023-24,1933,Astoria SD 1,100,General Fund,3104,State Managed County Timber,490830.02
2023-24,1933,Astoria SD 1,100,General Fund,3299,Other Restricted Grants-In-Aid,68.22
2023-24,1933,Astoria SD 1,100,General Fund,1190,Penalties and interest on taxes,11996.01
2023-24,1933,Astoria SD 1,100,General Fund,1311,Tuition from Individuals,6000
2023-24,1933,Astoria SD 1,100,General Fund,1500,Earnings on Investments,469177.32
2023-24,1933,Astoria SD 1,100,General Fund,1940,Services Provided Other Local Education Agencies,438474.46
2023-24,1933,Astoria SD 1,100,General Fund,1960,Recovery of Prior Years' Expenditure,8636.97
2023-24,1933,Astoria SD 1,100,General Fund,1990,Miscellaneous,131109.68
2023-24,1933,Astoria SD 1,100,General Fund,1110,Ad valorem taxes levied by district,7398055.69
2023-24,1934,Jewell SD 8,100,General Fund,1110,Ad valorem taxes levied by district,598322.16
2023-24,1934,Jewell SD 8,100,General Fund,1190,Penalties and interest on taxes,439.58
2023-24,1934,Jewell SD 8,100,General Fund,1312,Tuition from Other Districts within the State,84575
2023-24,1934,Jewell SD 8,100,General Fund,1500,Earnings on Investments,113223.4
2023-24,1934,Jewell SD 8,100,General Fund,1600,Food Service,12
2023-24,1934,Jewell SD 8,100,General Fund,1700,Extra-Curricular Activities,2600
2023-24,1934,Jewell SD 8,299,Child Nutrition,4500,Restricted Revenue From Federal Government Through the State,65427.29
2023-24,1934,Jewell SD 8,299,Child Nutrition,4900,Revenue for/on Behalf of the District,8472.4
2023-24,1934,Jewell SD 8,299,Child Nutrition,5200,Interfund Transfers,79072.46
2023-24,1934,Jewell SD 8,299,Child Nutrition,5400,Resources - Beginning Fund Balance,50228.45
2023-24,1934,Jewell SD 8,400,Capital Projects Funds,5400,Resources - Beginning Fund Balance,739268.16
2023-24,1934,Jewell SD 8,250,Non-Federal Sources,5200,Interfund Transfers,4436403.19
2023-24,1934,Jewell SD 8,250,Non-Federal Sources,5400,Resources - Beginning Fund Balance,11697974.67
2023-24,1934,Jewell SD 8,251,Student Investment Account,3299,Other Restricted Grants-In-Aid,119968.35
2023-24,1934,Jewell SD 8,252,Measure 98 - High School Success,3299,Other Restricted Grants-In-Aid,60458.55
2023-24,1934,Jewell SD 8,299,Child Nutrition,1600,Food Service,49033
2023-24,1934,Jewell SD 8,299,Child Nutrition,3299,Other Restricted Grants-In-Aid,24568.47
2023-24,1934,Jewell SD 8,201,Federal Sources,4700,Grants-In-Aid From Federal Government Through Other Intermed,12504
2023-24,1934,Jewell SD 8,250,Non-Federal Sources,1500,Earnings on Investments,605832.62
2023-24,1934,Jewell SD 8,250,Non-Federal Sources,1700,Extra-Curricular Activities,11685.98
2023-24,1934,Jewell SD 8,250,Non-Federal Sources,1910,Rentals,69695.03
2023-24,1934,Jewell SD 8,250,Non-Federal Sources,3299,Other Restricted Grants-In-Aid,142232.36
2023-24,1934,Jewell SD 8,250,Non-Federal Sources,4500,Restricted Revenue From Federal Government Through the State,18095.36
2023-24,1934,Jewell SD 8,100,General Fund,3103,Common School Fund,14731.64
2023-24,1934,Jewell SD 8,100,General Fund,3104,State Managed County Timber,6306925.92
2023-24,1934,Jewell SD 8,100,General Fund,3199,Other Unrestricted Grants-In-Aid,5704.67
2023-24,1934,Jewell SD 8,100,General Fund,5200,Interfund Transfers,4258263
2023-24,1934,Jewell SD 8,100,General Fund,5400,Resources - Beginning Fund Balance,2524859.45
2023-24,1934,Jewell SD 8,201,Federal Sources,4500,Restricted Revenue From Federal Government Through the State,298171.98
2023-24,1934,Jewell SD 8,100,General Fund,1920,Contributions and Donations From Private Sources,22797.67
2023-24,1934,Jewell SD 8,100,General Fund,1960,Recovery of Prior Years' Expenditure,4550.07
2023-24,1934,Jewell SD 8,100,General Fund,1980,Fees Charged to Grants,500
2023-24,1934,Jewell SD 8,100,General Fund,1990,Miscellaneous,26440.51
2023-24,1934,Jewell SD 8,100,General Fund,2101,County School Funds,147100.26
2023-24,1934,Jewell SD 8,100,General Fund,2200,Restricted Revenue,125
2023-24,1935,Seaside SD 10,100,General Fund,1110,Ad valorem taxes levied by district,18417748.94
2023-24,1935,Seaside SD 10,100,General Fund,1120,Local option ad valorem taxes levied by district,2112788.82
2023-24,1935,Seaside SD 10,100,General Fund,1500,Earnings on Investments,649927.54
2023-24,1935,Seaside SD 10,100,General Fund,1700,Extra-Curricular Activities,905
2023-24,1935,Seaside SD 10,100,General Fund,1910,Rentals,28191.07
2023-24,1935,Seaside SD 10,100,General Fund,1990,Miscellaneous,166168.63
2023-24,1935,Seaside SD 10,400,Capital Projects Funds,1990,Miscellaneous,247006.71
2023-24,1935,Seaside SD 10,400,Capital Projects Funds,1500,Earnings on Investments,15490.17
2023-24,1935,Seaside SD 10,400,Capital Projects Funds,5200,Interfund Transfers,75000
2023-24,1935,Seaside SD 10,400,Capital Projects Funds,5400,Resources - Beginning Fund Balance,7312669.31
2023-24,1935,Seaside SD 10,250,Non-Federal Sources,1990,Miscellaneous,52124.45
2023-24,1935,Seaside SD 10,250,Non-Federal Sources,1500,Earnings on Investments,11.17
2023-24,1935,Seaside SD 10,300,Debt Service Funds,1110,Ad valorem taxes levied by district,5205795.07
2023-24,1935,Seaside SD 10,300,Debt Service Funds,1990,Miscellaneous,-61549
2023-24,1935,Seaside SD 10,300,Debt Service Funds,5400,Resources - Beginning Fund Balance,-230475
2023-24,1935,Seaside SD 10,300,Debt Service Funds,1500,Earnings on Investments,34551.99
2023-24,1935,Seaside SD 10,300,Debt Service Funds,1970,Services Provided Other Funds,992634.73
2023-24,1935,Seaside SD 10,300,Debt Service Funds,5200,Interfund Transfers,568200
2023-24,1935,Seaside SD 10,299,Child Nutrition,1600,Food Service,2680.51
2023-24,1935,Seaside SD 10,299,Child Nutrition,1990,Miscellaneous,1603.43
2023-24,1935,Seaside SD 10,299,Child Nutrition,3299,Other Restricted Grants-In-Aid,71184.91
2023-24,1935,Seaside SD 10,299,Child Nutrition,4500,Restricted Revenue From Federal Government Through the State,333397.96
2023-24,1935,Seaside SD 10,299,Child Nutrition,4900,Revenue for/on Behalf of the District,45321.82
2023-24,1935,Seaside SD 10,299,Child Nutrition,5400,Resources - Beginning Fund Balance,151509.66
2023-24,1935,Seaside SD 10,250,Non-Federal Sources,3299,Other Restricted Grants-In-Aid,602276.93
2023-24,1935,Seaside SD 10,250,Non-Federal Sources,5400,Resources - Beginning Fund Balance,1906873.2
2023-24,1935,Seaside SD 10,250,Non-Federal Sources,5200,Interfund Transfers,66639.71
2023-24,1935,Seaside SD 10,250,Non-Federal Sources,1311,Tuition from Individuals,49092.5
2023-24,1935,Seaside SD 10,251,Student Investment Account,3299,Other Restricted Grants-In-Aid,1108549.55
2023-24,1935,Seaside SD 10,252,Measure 98 - High School Success,3299,Other Restricted Grants-In-Aid,450289.96
2023-24,1935,Seaside SD 10,201,Federal Sources,3299,Other Restricted Grants-In-Aid,3553
2023-24,1935,Seaside SD 10,201,Federal Sources,4500,Restricted Revenue From Federal Government Through the State,1922301.16
2023-24,1935,Seaside SD 10,201,Federal Sources,5400,Resources - Beginning Fund Balance,271276.95
2023-24,1935,Seaside SD 10,201,Federal Sources,4900,Revenue for/on Behalf of the District,80858.87
2023-24,1935,Seaside SD 10,201,Federal Sources,1990,Miscellaneous,264426.22
2023-24,1935,Seaside SD 10,250,Non-Federal Sources,2102,General Education Service District Funds,43531.74
2023-24,1935,Seaside SD 10,100,General Fund,2101,County School Funds,1253483.82
2023-24,1935,Seaside SD 10,100,General Fund,3103,Common School Fund,287148.41
2023-24,1935,Seaside SD 10,100,General Fund,3104,State Managed County Timber,132575.78
2023-24,1935,Seaside SD 10,100,General Fund,4500,Restricted Revenue From Federal Government Through the State,14901.3
2023-24,1935,Seaside SD 10,100,General Fund,5300,Sale of or Compensation for Loss of Fixed Assets,9999.95
2023-24,1935,Seaside SD 10,100,General Fund,5400,Resources - Beginning Fund Balance,8079015.61
2023-24,1936,Warrenton-Hammond SD 30,300,Debt Service Funds,1110,Ad valorem taxes levied by district,1997029
2023-24,1936,Warrenton-Hammond SD 30,300,Debt Service Funds,1990,Miscellaneous,42971
2023-24,1936,Warrenton-Hammond SD 30,100,General Fund,1110,Ad valorem taxes levied by district,3809317
2023-24,1936,Warrenton-Hammond SD 30,100,General Fund,1990,Miscellaneous,326481
2023-24,1936,Warrenton-Hammond SD 30,100,General Fund,3101,State School Fund --General Support,7636612
2023-24,1936,Warrenton-Hammond SD 30,200,Special Revenue Funds,1990,Miscellaneous,543656
2023-24,1936,Warrenton-Hammond SD 30,200,Special Revenue Funds,5400,Resources - Beginning Fund Balance,637292.45
2023-24,1936,Warrenton-Hammond SD 30,299,Child Nutrition,1600,Food Service,2593.39
2023-24,1936,Warrenton-Hammond SD 30,299,Child Nutrition,3102,State School Fund--School Lunch Match,33817.93
2023-24,1936,Warrenton-Hammond SD 30,299,Child Nutrition,3299,Other Restricted Grants-In-Aid,6345.29
2023-24,1936,Warrenton-Hammond SD 30,299,Child Nutrition,4500,Restricted Revenue From Federal Government Through the State,361387.43
2023-24,1936,Warrenton-Hammond SD 30,299,Child Nutrition,4900,Revenue for/on Behalf of the District,32379.64
2023-24,1936,Warrenton-Hammond SD 30,299,Child Nutrition,5400,Resources - Beginning Fund Balance,232334.55
2023-24,1936,Warrenton-Hammond SD 30,300,Debt Service Funds,5400,Resources - Beginning Fund Balance,1307791.84
2023-24,1936,Warrenton-Hammond SD 30,400,Capital Projects Funds,1500,Earnings on Investments,87924.46
2023-24,1936,Warrenton-Hammond SD 30,400,Capital Projects Funds,1910,Rentals,26140
2023-24,1936,Warrenton-Hammond SD 30,400,Capital Projects Funds,5400,Resources - Beginning Fund Balance,1739495.97
2023-24,1936,Warrenton-Hammond SD 30,251,Student Investment Account,3199,Other Unrestricted Grants-In-Aid,994255.79
2023-24,1936,Warrenton-Hammond SD 30,252,Measure 98 - High School Success,2900,Revenue for/on Behalf of the District,257967.5
2023-24,1936,Warrenton-Hammond SD 30,200,Special Revenue Funds,2900,Revenue for/on Behalf of the District,115521.85
2023-24,1936,Warrenton-Hammond SD 30,200,Special Revenue Funds,4500,Restricted Revenue From Federal Government Through the State,1129918.8
2023-24,1936,Warrenton-Hammond SD 30,200,Special Revenue Funds,5200,Interfund Transfers,62892.22
2023-24,1936,Warrenton-Hammond SD 30,300,Debt Service Funds,1500,Earnings on Investments,9998.45
2023-24,1936,Warrenton-Hammond SD 30,300,Debt Service Funds,1970,Services Provided Other Funds,341271.02
2023-24,1936,Warrenton-Hammond SD 30,300,Debt Service Funds,5200,Interfund Transfers,236951.78
2023-24,1936,Warrenton-Hammond SD 30,100,General Fund,3104,State Managed County Timber,150448.05
2023-24,1936,Warrenton-Hammond SD 30,100,General Fund,3199,Other Unrestricted Grants-In-Aid,51793.78
2023-24,1936,Warrenton-Hammond SD 30,100,General Fund,5400,Resources - Beginning Fund Balance,3208189.15
2023-24,1936,Warrenton-Hammond SD 30,200,Special Revenue Funds,1500,Earnings on Investments,2829.5
2023-24,1936,Warrenton-Hammond SD 30,200,Special Revenue Funds,1910,Rentals,16732.26
2023-24,1936,Warrenton-Hammond SD 30,200,Special Revenue Funds,1920,Contributions and Donations From Private Sources,5000
2023-24,1936,Warrenton-Hammond SD 30,100,General Fund,1311,Tuition from Individuals,263510.89
2023-24,1936,Warrenton-Hammond SD 30,100,General Fund,1500,Earnings on Investments,379965.25
2023-24,1936,Warrenton-Hammond SD 30,100,General Fund,1700,Extra-Curricular Activities,6548.38
2023-24,1936,Warrenton-Hammond SD 30,100,General Fund,1910,Rentals,550
2023-24,1936,Warrenton-Hammond SD 30,100,General Fund,2101,County School Funds,1168657.1
2023-24,1936,Warrenton-Hammond SD 30,100,General Fund,3103,Common School Fund,128613.58
2023-24,1944,Scappoose SD 1J,250,Non-Federal Sources,5200,Interfund Transfers,82416
2023-24,1944,Scappoose SD 1J,250,Non-Federal Sources,5400,Resources - Beginning Fund Balance,2856710.06
2023-24,1944,Scappoose SD 1J,251,Student Investment Account,1990,Miscellaneous,0.34
2023-24,1944,Scappoose SD 1J,251,Student Investment Account,3299,Other Restricted Grants-In-Aid,2065867.84
2023-24,1944,Scappoose SD 1J,251,Student Investment Account,5400,Resources - Beginning Fund Balance,-10751.6
2023-24,1944,Scappoose SD 1J,100,General Fund,5400,Resources - Beginning Fund Balance,1295637.9
2023-24,1944,Scappoose SD 1J,250,Non-Federal Sources,1910,Rentals,50679.52
2023-24,1944,Scappoose SD 1J,250,Non-Federal Sources,1990,Miscellaneous,800284.72
2023-24,1944,Scappoose SD 1J,250,Non-Federal Sources,2102,General Education Service District Funds,16239.79
2023-24,1944,Scappoose SD 1J,250,Non-Federal Sources,2199,Other Intermediate Sources,203176.74
2023-24,1944,Scappoose SD 1J,250,Non-Federal Sources,3204,Driver Education,16125
2023-24,1944,Scappoose SD 1J,250,Non-Federal Sources,3299,Other Restricted Grants-In-Aid,572695.52
2023-24,1944,Scappoose SD 1J,100,General Fund,3103,Common School Fund,295468.02
2023-24,1944,Scappoose SD 1J,100,General Fund,4801,Federal Forest Fees,270517.77
2023-24,1944,Scappoose SD 1J,201,Federal Sources,4500,Restricted Revenue From Federal Government Through the State,1097660.96
2023-24,1944,Scappoose SD 1J,250,Non-Federal Sources,1311,Tuition from Individuals,42650
2023-24,1944,Scappoose SD 1J,250,Non-Federal Sources,1500,Earnings on Investments,116925.2
2023-24,1944,Scappoose SD 1J,250,Non-Federal Sources,1700,Extra-Curricular Activities,18707.27
2023-24,1944,Scappoose SD 1J,100,General Fund,1990,Miscellaneous,47462.98
2023-24,1944,Scappoose SD 1J,100,General Fund,2101,County School Funds,97830.61
2023-24,1944,Scappoose SD 1J,100,General Fund,2105,Natural Gas; Oil; And Mineral Receipts,12392.13
2023-24,1944,Scappoose SD 1J,100,General Fund,2199,Other Intermediate Sources,33899.06
2023-24,1944,Scappoose SD 1J,100,General Fund,2800,Revenue in Lieu of Taxes,487686.08
2023-24,1944,Scappoose SD 1J,100,General Fund,3101,State School Fund --General Support,17686030.65
2023-24,1944,Scappoose SD 1J,100,General Fund,1190,Penalties and interest on taxes,20420.29
2023-24,1944,Scappoose SD 1J,100,General Fund,1500,Earnings on Investments,173068.35
2023-24,1944,Scappoose SD 1J,100,General Fund,1700,Extra-Curricular Activities,35152.61
2023-24,1944,Scappoose SD 1J,100,General Fund,1910,Rentals,36250.48
2023-24,1944,Scappoose SD 1J,100,General Fund,1940,Services Provided Other Local Education Agencies,89008.26
2023-24,1944,Scappoose SD 1J,100,General Fund,1960,Recovery of Prior Years' Expenditure,63410.71
2023-24,1944,Scappoose SD 1J,400,Capital Projects Funds,1500,Earnings on Investments,500.88
2023-24,1944,Scappoose SD 1J,400,Capital Projects Funds,2199,Other Intermediate Sources,33661.85
2023-24,1944,Scappoose SD 1J,400,Capital Projects Funds,5400,Resources - Beginning Fund Balance,103586.6
2023-24,1944,Scappoose SD 1J,201,Federal Sources,5400,Resources - Beginning Fund Balance,4824.6
2023-24,1944,Scappoose SD 1J,400,Capital Projects Funds,1130,Construction Excise Tax,25223.09
2023-24,1944,Scappoose SD 1J,100,General Fund,1110,Ad valorem taxes levied by district,10677476.36
2023-24,1944,Scappoose SD 1J,300,Debt Service Funds,1110,Ad valorem taxes levied by district,3078969.86
2023-24,1944,Scappoose SD 1J,300,Debt Service Funds,1190,Penalties and interest on taxes,5889.18
2023-24,1944,Scappoose SD 1J,300,Debt Service Funds,1500,Earnings on Investments,61439.25
2023-24,1944,Scappoose SD 1J,300,Debt Service Funds,2105,Natural Gas; Oil; And Mineral Receipts,3601.26
2023-24,1944,Scappoose SD 1J,300,Debt Service Funds,2199,Other Intermediate Sources,9534.85
2023-24,1944,Scappoose SD 1J,300,Debt Service Funds,5400,Resources - Beginning Fund Balance,189656.76
2023-24,1944,Scappoose SD 1J,299,Child Nutrition,3102,State School Fund--School Lunch Match,4729.1
2023-24,1944,Scappoose SD 1J,299,Child Nutrition,3299,Other Restricted Grants-In-Aid,42931.06
2023-24,1944,Scappoose SD 1J,299,Child Nutrition,4500,Restricted Revenue From Federal Government Through the State,429065.48
2023-24,1944,Scappoose SD 1J,299,Child Nutrition,4900,Revenue for/on Behalf of the District,55504.69
2023-24,1944,Scappoose SD 1J,299,Child Nutrition,5200,Interfund Transfers,81994.44
2023-24,1944,Scappoose SD 1J,299,Child Nutrition,5400,Resources - Beginning Fund Balance,55550.21
2023-24,1944,Scappoose SD 1J,252,Measure 98 - High School Success,3299,Other Restricted Grants-In-Aid,593944.53
2023-24,1944,Scappoose SD 1J,252,Measure 98 - High School Success,5400,Resources - Beginning Fund Balance,-545.85
2023-24,1944,Scappoose SD 1J,299,Child Nutrition,1600,Food Service,222797.5
2023-24,1944,Scappoose SD 1J,299,Child Nutrition,1990,Miscellaneous,370.65
2023-24,1945,Clatskanie SD 6J,400,Capital Projects Funds,5400,Resources - Beginning Fund Balance,5394962.62
2023-24,1945,Clatskanie SD 6J,400,Capital Projects Funds,3299,Other Restricted Grants-In-Aid,361969
2023-24,1945,Clatskanie SD 6J,300,Debt Service Funds,1190,Penalties and interest on taxes,912.27
2023-24,1945,Clatskanie SD 6J,300,Debt Service Funds,2105,Natural Gas; Oil; And Mineral Receipts,604.03
2023-24,1945,Clatskanie SD 6J,300,Debt Service Funds,5400,Resources - Beginning Fund Balance,9909.48
2023-24,1945,Clatskanie SD 6J,300,Debt Service Funds,5200,Interfund Transfers,59424.81
2023-24,1945,Clatskanie SD 6J,400,Capital Projects Funds,1500,Earnings on Investments,73785.66
2023-24,1945,Clatskanie SD 6J,400,Capital Projects Funds,1990,Miscellaneous,91310.47
2023-24,1945,Clatskanie SD 6J,299,Child Nutrition,3299,Other Restricted Grants-In-Aid,43734.85
2023-24,1945,Clatskanie SD 6J,299,Child Nutrition,4500,Restricted Revenue From Federal Government Through the State,217898.48
2023-24,1945,Clatskanie SD 6J,299,Child Nutrition,4900,Revenue for/on Behalf of the District,24052.2
2023-24,1945,Clatskanie SD 6J,299,Child Nutrition,5200,Interfund Transfers,150547.17
2023-24,1945,Clatskanie SD 6J,299,Child Nutrition,5400,Resources - Beginning Fund Balance,-53839.51
2023-24,1945,Clatskanie SD 6J,300,Debt Service Funds,1110,Ad valorem taxes levied by district,792868.73
2023-24,1945,Clatskanie SD 6J,250,Non-Federal Sources,1960,Recovery of Prior Years' Expenditure,212.99
2023-24,1945,Clatskanie SD 6J,200,Special Revenue Funds,3222,State School Fund (SSF) Transportation Equipment,87084
2023-24,1945,Clatskanie SD 6J,200,Special Revenue Funds,2200,Restricted Revenue,43333.61
2023-24,1945,Clatskanie SD 6J,299,Child Nutrition,1600,Food Service,41624.28
2023-24,1945,Clatskanie SD 6J,299,Child Nutrition,1990,Miscellaneous,636.47
2023-24,1945,Clatskanie SD 6J,299,Child Nutrition,3102,State School Fund--School Lunch Match,2625.01
2023-24,1945,Clatskanie SD 6J,252,Measure 98 - High School Success,3299,Other Restricted Grants-In-Aid,202779.87
2023-24,1945,Clatskanie SD 6J,250,Non-Federal Sources,1990,Miscellaneous,39229.38
2023-24,1945,Clatskanie SD 6J,250,Non-Federal Sources,3299,Other Restricted Grants-In-Aid,150964.19
2023-24,1945,Clatskanie SD 6J,250,Non-Federal Sources,5400,Resources - Beginning Fund Balance,1083581.66
2023-24,1945,Clatskanie SD 6J,250,Non-Federal Sources,1700,Extra-Curricular Activities,79333.52
2023-24,1945,Clatskanie SD 6J,250,Non-Federal Sources,1920,Contributions and Donations From Private Sources,473457.97
2023-24,1945,Clatskanie SD 6J,100,General Fund,5400,Resources - Beginning Fund Balance,686896.78
2023-24,1945,Clatskanie SD 6J,201,Federal Sources,4500,Restricted Revenue From Federal Government Through the State,1130404.41
2023-24,1945,Clatskanie SD 6J,201,Federal Sources,3299,Other Restricted Grants-In-Aid,21790.19
2023-24,1945,Clatskanie SD 6J,201,Federal Sources,4300,Restricted Revenue Direct From the Federal Government,5002.74
2023-24,1945,Clatskanie SD 6J,201,Federal Sources,5400,Resources - Beginning Fund Balance,-73322.91
2023-24,1945,Clatskanie SD 6J,251,Student Investment Account,3299,Other Restricted Grants-In-Aid,748728.19
2023-24,1945,Clatskanie SD 6J,100,General Fund,2101,County School Funds,37243.1
2023-24,1945,Clatskanie SD 6J,100,General Fund,2105,Natural Gas; Oil; And Mineral Receipts,5531.37
2023-24,1945,Clatskanie SD 6J,100,General Fund,2800,Revenue in Lieu of Taxes,570.87
2023-24,1945,Clatskanie SD 6J,100,General Fund,3101,State School Fund --General Support,3147208.21
2023-24,1945,Clatskanie SD 6J,100,General Fund,3103,Common School Fund,92195.84
2023-24,1945,Clatskanie SD 6J,100,General Fund,3104,State Managed County Timber,85323.67
2023-24,1945,Clatskanie SD 6J,100,General Fund,1190,Penalties and interest on taxes,7410.74
2023-24,1945,Clatskanie SD 6J,100,General Fund,1411,Transportation fees from Individuals,2448.25
2023-24,1945,Clatskanie SD 6J,100,General Fund,1500,Earnings on Investments,246266.7
2023-24,1945,Clatskanie SD 6J,100,General Fund,1700,Extra-Curricular Activities,25950.63
2023-24,1945,Clatskanie SD 6J,100,General Fund,1960,Recovery of Prior Years' Expenditure,7497.18
2023-24,1945,Clatskanie SD 6J,100,General Fund,1990,Miscellaneous,92613.64
2023-24,1945,Clatskanie SD 6J,100,General Fund,1110,Ad valorem taxes levied by district,6663258.34
2023-24,1946,Rainier SD 13,100,General Fund,1110,Ad valorem taxes levied by district,4585820.03
2023-24,1946,Rainier SD 13,100,General Fund,1190,Penalties and interest on taxes,7537.1
2023-24,1946,Rainier SD 13,100,General Fund,1500,Earnings on Investments,175904.08
2023-24,1946,Rainier SD 13,100,General Fund,1930,Rental or Lease Payments from Private Contractors,40000
2023-24,1946,Rainier SD 13,100,General Fund,2101,County School Funds,39821.56
2023-24,1946,Rainier SD 13,100,General Fund,2105,Natural Gas; Oil; And Mineral Receipts,6762.13
2023-24,1946,Rainier SD 13,100,General Fund,5400,Resources - Beginning Fund Balance,2108432
2023-24,1946,Rainier SD 13,300,Debt Service Funds,5400,Resources - Beginning Fund Balance,836602
2023-24,1946,Rainier SD 13,100,General Fund,1700,Extra-Curricular Activities,29802.79
2023-24,1946,Rainier SD 13,100,General Fund,5200,Interfund Transfers,280500
2023-24,1946,Rainier SD 13,300,Debt Service Funds,4900,Revenue for/on Behalf of the District,91822.65
2023-24,1946,Rainier SD 13,300,Debt Service Funds,5200,Interfund Transfers,55500
2023-24,1946,Rainier SD 13,100,General Fund,1960,Recovery of Prior Years' Expenditure,22130.28
2023-24,1946,Rainier SD 13,100,General Fund,1990,Miscellaneous,41785.56
2023-24,1946,Rainier SD 13,400,Capital Projects Funds,1990,Miscellaneous,19500
2023-24,1946,Rainier SD 13,400,Capital Projects Funds,5200,Interfund Transfers,175000
2023-24,1946,Rainier SD 13,400,Capital Projects Funds,5400,Resources - Beginning Fund Balance,231094.57
2023-24,1946,Rainier SD 13,700,Trust and Agency Funds,1920,Contributions and Donations From Private Sources,50500
2023-24,1946,Rainier SD 13,700,Trust and Agency Funds,1960,Recovery of Prior Years' Expenditure,375
2023-24,1946,Rainier SD 13,700,Trust and Agency Funds,5400,Resources - Beginning Fund Balance,107556.56
2023-24,1946,Rainier SD 13,299,Child Nutrition,5200,Interfund Transfers,189000
2023-24,1946,Rainier SD 13,250,Non-Federal Sources,5400,Resources - Beginning Fund Balance,522910.38
2023-24,1946,Rainier SD 13,299,Child Nutrition,5400,Resources - Beginning Fund Balance,145030.41
2023-24,1946,Rainier SD 13,251,Student Investment Account,3299,Other Restricted Grants-In-Aid,814452.88
2023-24,1946,Rainier SD 13,252,Measure 98 - High School Success,3299,Other Restricted Grants-In-Aid,242861.21
2023-24,1946,Rainier SD 13,300,Debt Service Funds,1970,Services Provided Other Funds,824125.9
2023-24,1946,Rainier SD 13,299,Child Nutrition,3299,Other Restricted Grants-In-Aid,57422.78
2023-24,1946,Rainier SD 13,250,Non-Federal Sources,4500,Restricted Revenue From Federal Government Through the State,1310.09
2023-24,1946,Rainier SD 13,299,Child Nutrition,4500,Restricted Revenue From Federal Government Through the State,400688.12
2023-24,1946,Rainier SD 13,299,Child Nutrition,4900,Revenue for/on Behalf of the District,44365.94
2023-24,1946,Rainier SD 13,299,Child Nutrition,5100,Long Term Debt Financing Sources,3502.01
2023-24,1946,Rainier SD 13,250,Non-Federal Sources,5200,Interfund Transfers,256800.12
2023-24,1946,Rainier SD 13,250,Non-Federal Sources,1920,Contributions and Donations From Private Sources,3750
2023-24,1946,Rainier SD 13,250,Non-Federal Sources,1990,Miscellaneous,97963.33
2023-24,1946,Rainier SD 13,299,Child Nutrition,1990,Miscellaneous,359.89
2023-24,1946,Rainier SD 13,250,Non-Federal Sources,2200,Restricted Revenue,22083.62
2023-24,1946,Rainier SD 13,299,Child Nutrition,3102,State School Fund--School Lunch Match,3433.48
2023-24,1946,Rainier SD 13,250,Non-Federal Sources,3299,Other Restricted Grants-In-Aid,369516.85
2023-24,1946,Rainier SD 13,201,Federal Sources,4300,Restricted Revenue Direct From the Federal Government,11035
2023-24,1946,Rainier SD 13,201,Federal Sources,4500,Restricted Revenue From Federal Government Through the State,1603747.46
2023-24,1946,Rainier SD 13,250,Non-Federal Sources,1311,Tuition from Individuals,61752.86
2023-24,1946,Rainier SD 13,299,Child Nutrition,1600,Food Service,29205.39
2023-24,1946,Rainier SD 13,250,Non-Federal Sources,1700,Extra-Curricular Activities,234033.26
2023-24,1946,Rainier SD 13,250,Non-Federal Sources,1800,Community Services Activities,15966
2023-24,1946,Rainier SD 13,100,General Fund,3101,State School Fund --General Support,5700908.89
2023-24,1946,Rainier SD 13,100,General Fund,3103,Common School Fund,109888.34
2023-24,1946,Rainier SD 13,100,General Fund,3104,State Managed County Timber,114377.01
2023-24,1946,Rainier SD 13,100,General Fund,3199,Other Unrestricted Grants-In-Aid,44506.64
2023-24,1946,Rainier SD 13,100,General Fund,3299,Other Restricted Grants-In-Aid,85350.87
2023-24,1946,Rainier SD 13,201,Federal Sources,3299,Other Restricted Grants-In-Aid,18795.79
2023-24,1947,Vernonia SD 47J,100,General Fund,1110,Ad valorem taxes levied by district,3482756.38
2023-24,1947,Vernonia SD 47J,300,Debt Service Funds,1110,Ad valorem taxes levied by district,1145857.2
2023-24,1947,Vernonia SD 47J,100,General Fund,1190,Penalties and interest on taxes,7203.79
2023-24,1947,Vernonia SD 47J,300,Debt Service Funds,1190,Penalties and interest on taxes,2439.99
2023-24,1947,Vernonia SD 47J,100,General Fund,1500,Earnings on Investments,128684.05
2023-24,1947,Vernonia SD 47J,200,Special Revenue Funds,1500,Earnings on Investments,1.69
2023-24,1947,Vernonia SD 47J,100,General Fund,5400,Resources - Beginning Fund Balance,811917.54
2023-24,1947,Vernonia SD 47J,200,Special Revenue Funds,5400,Resources - Beginning Fund Balance,272600.81
2023-24,1947,Vernonia SD 47J,200,Special Revenue Funds,3299,Other Restricted Grants-In-Aid,1016488.58
2023-24,1947,Vernonia SD 47J,200,Special Revenue Funds,4500,Restricted Revenue From Federal Government Through the State,1051321.34
2023-24,1947,Vernonia SD 47J,200,Special Revenue Funds,4900,Revenue for/on Behalf of the District,14877.06
2023-24,1947,Vernonia SD 47J,100,General Fund,5100,Long Term Debt Financing Sources,44081
2023-24,1947,Vernonia SD 47J,200,Special Revenue Funds,5200,Interfund Transfers,140000
2023-24,1947,Vernonia SD 47J,300,Debt Service Funds,5200,Interfund Transfers,78862.5
2023-24,1947,Vernonia SD 47J,100,General Fund,3101,State School Fund --General Support,4211904.59
2023-24,1947,Vernonia SD 47J,200,Special Revenue Funds,3102,State School Fund--School Lunch Match,1928.7
2023-24,1947,Vernonia SD 47J,100,General Fund,3103,Common School Fund,75915
2023-24,1947,Vernonia SD 47J,100,General Fund,3104,State Managed County Timber,1006311.31
2023-24,1947,Vernonia SD 47J,100,General Fund,3199,Other Unrestricted Grants-In-Aid,31618.58
2023-24,1947,Vernonia SD 47J,100,General Fund,3299,Other Restricted Grants-In-Aid,53401.43
2023-24,1947,Vernonia SD 47J,200,Special Revenue Funds,1990,Miscellaneous,4145
2023-24,1947,Vernonia SD 47J,100,General Fund,2101,County School Funds,33051.26
2023-24,1947,Vernonia SD 47J,100,General Fund,2102,General Education Service District Funds,105858.73
2023-24,1947,Vernonia SD 47J,200,Special Revenue Funds,2102,General Education Service District Funds,6000
2023-24,1947,Vernonia SD 47J,100,General Fund,2105,Natural Gas; Oil; And Mineral Receipts,5064.14
2023-24,1947,Vernonia SD 47J,300,Debt Service Funds,2105,Natural Gas; Oil; And Mineral Receipts,1685.66
2023-24,1947,Vernonia SD 47J,100,General Fund,1920,Contributions and Donations From Private Sources,89524.23
2023-24,1947,Vernonia SD 47J,200,Special Revenue Funds,1920,Contributions and Donations From Private Sources,66576.32
2023-24,1947,Vernonia SD 47J,100,General Fund,1960,Recovery of Prior Years' Expenditure,21528.54
2023-24,1947,Vernonia SD 47J,200,Special Revenue Funds,1960,Recovery of Prior Years' Expenditure,1316.78
2023-24,1947,Vernonia SD 47J,100,General Fund,1980,Fees Charged to Grants,4874
2023-24,1947,Vernonia SD 47J,100,General Fund,1990,Miscellaneous,77661.98
2023-24,1947,Vernonia SD 47J,300,Debt Service Funds,1500,Earnings on Investments,0.39
2023-24,1947,Vernonia SD 47J,400,Capital Projects Funds,1500,Earnings on Investments,36.35
2023-24,1947,Vernonia SD 47J,200,Special Revenue Funds,1600,Food Service,16995.25
2023-24,1947,Vernonia SD 47J,100,General Fund,1700,Extra-Curricular Activities,22971.1
2023-24,1947,Vernonia SD 47J,200,Special Revenue Funds,1700,Extra-Curricular Activities,113851.57
2023-24,1947,Vernonia SD 47J,100,General Fund,1910,Rentals,8210
2023-24,1948,St Helens SD 502,100,General Fund,1110,Ad valorem taxes levied by district,10673764.84
2023-24,1948,St Helens SD 502,100,General Fund,1190,Penalties and interest on taxes,17568.6
2023-24,1948,St Helens SD 502,100,General Fund,1500,Earnings on Investments,793373.22
2023-24,1948,St Helens SD 502,100,General Fund,1700,Extra-Curricular Activities,14133.5
2023-24,1948,St Helens SD 502,100,General Fund,1920,Contributions and Donations From Private Sources,5000.1
2023-24,1948,St Helens SD 502,100,General Fund,1960,Recovery of Prior Years' Expenditure,44660.55
2023-24,1948,St Helens SD 502,299,Child Nutrition,1990,Miscellaneous,245.58
2023-24,1948,St Helens SD 502,299,Child Nutrition,3102,State School Fund--School Lunch Match,9733.99
2023-24,1948,St Helens SD 502,299,Child Nutrition,3299,Other Restricted Grants-In-Aid,251543.95
2023-24,1948,St Helens SD 502,299,Child Nutrition,4500,Restricted Revenue From Federal Government Through the State,1126907.32
2023-24,1948,St Helens SD 502,299,Child Nutrition,4900,Revenue for/on Behalf of the District,86989.03
2023-24,1948,St Helens SD 502,299,Child Nutrition,5400,Resources - Beginning Fund Balance,591937.8
2023-24,1948,St Helens SD 502,252,Measure 98 - High School Success,1960,Recovery of Prior Years' Expenditure,1054.95
2023-24,1948,St Helens SD 502,252,Measure 98 - High School Success,3299,Other Restricted Grants-In-Aid,731862.41
2023-24,1948,St Helens SD 502,252,Measure 98 - High School Success,5400,Resources - Beginning Fund Balance,62916.22
2023-24,1948,St Helens SD 502,299,Child Nutrition,1600,Food Service,93704.5
2023-24,1948,St Helens SD 502,299,Child Nutrition,1920,Contributions and Donations From Private Sources,264.55
2023-24,1948,St Helens SD 502,299,Child Nutrition,1960,Recovery of Prior Years' Expenditure,1243.85
2023-24,1948,St Helens SD 502,250,Non-Federal Sources,1980,Fees Charged to Grants,43
2023-24,1948,St Helens SD 502,250,Non-Federal Sources,1990,Miscellaneous,241135.05
2023-24,1948,St Helens SD 502,250,Non-Federal Sources,2200,Restricted Revenue,368516.57
2023-24,1948,St Helens SD 502,250,Non-Federal Sources,3299,Other Restricted Grants-In-Aid,822984.43
2023-24,1948,St Helens SD 502,250,Non-Federal Sources,5200,Interfund Transfers,104862
2023-24,1948,St Helens SD 502,250,Non-Federal Sources,5400,Resources - Beginning Fund Balance,876232.61
2023-24,1948,St Helens SD 502,250,Non-Federal Sources,1700,Extra-Curricular Activities,234491.09
2023-24,1948,St Helens SD 502,250,Non-Federal Sources,1800,Community Services Activities,77662.5
2023-24,1948,St Helens SD 502,250,Non-Federal Sources,1910,Rentals,1200
2023-24,1948,St Helens SD 502,250,Non-Federal Sources,1920,Contributions and Donations From Private Sources,37671.85
2023-24,1948,St Helens SD 502,250,Non-Federal Sources,1950,Textbook Sales and Rentals,697.7
2023-24,1948,St Helens SD 502,250,Non-Federal Sources,1960,Recovery of Prior Years' Expenditure,-899.43
2023-24,1948,St Helens SD 502,201,Federal Sources,3299,Other Restricted Grants-In-Aid,30551.12
2023-24,1948,St Helens SD 502,201,Federal Sources,4500,Restricted Revenue From Federal Government Through the State,2790126.08
2023-24,1948,St Helens SD 502,201,Federal Sources,5200,Interfund Transfers,50120.59
2023-24,1948,St Helens SD 502,201,Federal Sources,5400,Resources - Beginning Fund Balance,6264.92
2023-24,1948,St Helens SD 502,250,Non-Federal Sources,1311,Tuition from Individuals,132857.5
2023-24,1948,St Helens SD 502,250,Non-Federal Sources,1600,Food Service,0.01
2023-24,1948,St Helens SD 502,400,Capital Projects Funds,3299,Other Restricted Grants-In-Aid,25000
2023-24,1948,St Helens SD 502,400,Capital Projects Funds,5100,Long Term Debt Financing Sources,4501560.88
2023-24,1948,St Helens SD 502,400,Capital Projects Funds,5400,Resources - Beginning Fund Balance,41983173.16
2023-24,1948,St Helens SD 502,201,Federal Sources,1700,Extra-Curricular Activities,15685.7
2023-24,1948,St Helens SD 502,201,Federal Sources,1920,Contributions and Donations From Private Sources,33.83
2023-24,1948,St Helens SD 502,201,Federal Sources,1960,Recovery of Prior Years' Expenditure,311.78
2023-24,1948,St Helens SD 502,300,Debt Service Funds,5400,Resources - Beginning Fund Balance,754583.11
2023-24,1948,St Helens SD 502,400,Capital Projects Funds,1130,Construction Excise Tax,38777.88
2023-24,1948,St Helens SD 502,400,Capital Projects Funds,1500,Earnings on Investments,1691635.39
2023-24,1948,St Helens SD 502,400,Capital Projects Funds,1910,Rentals,12400.74
2023-24,1948,St Helens SD 502,400,Capital Projects Funds,1960,Recovery of Prior Years' Expenditure,10525
2023-24,1948,St Helens SD 502,400,Capital Projects Funds,1990,Miscellaneous,52555.94
2023-24,1948,St Helens SD 502,251,Student Investment Account,1960,Recovery of Prior Years' Expenditure,5544.93
2023-24,1948,St Helens SD 502,251,Student Investment Account,3299,Other Restricted Grants-In-Aid,2639816.47
2023-24,1948,St Helens SD 502,300,Debt Service Funds,1110,Ad valorem taxes levied by district,4951984.72
2023-24,1948,St Helens SD 502,300,Debt Service Funds,1190,Penalties and interest on taxes,28.61
2023-24,1948,St Helens SD 502,300,Debt Service Funds,1500,Earnings on Investments,3307.24
2023-24,1948,St Helens SD 502,300,Debt Service Funds,1970,Services Provided Other Funds,3161239.5
2023-24,1948,St Helens SD 502,100,General Fund,3103,Common School Fund,370881.06
2023-24,1948,St Helens SD 502,100,General Fund,3104,State Managed County Timber,520242.88
2023-24,1948,St Helens SD 502,100,General Fund,3199,Other Unrestricted Grants-In-Aid,342625.53
2023-24,1948,St Helens SD 502,100,General Fund,3299,Other Restricted Grants-In-Aid,14159.26
2023-24,1948,St Helens SD 502,100,General Fund,5100,Long Term Debt Financing Sources,128388
2023-24,1948,St Helens SD 502,100,General Fund,5400,Resources - Beginning Fund Balance,8151745.45
2023-24,1948,St Helens SD 502,100,General Fund,1990,Miscellaneous,71984.44
2023-24,1948,St Helens SD 502,100,General Fund,2102,General Education Service District Funds,476000
2023-24,1948,St Helens SD 502,100,General Fund,2105,Natural Gas; Oil; And Mineral Receipts,23103.21
2023-24,1948,St Helens SD 502,100,General Fund,2199,Other Intermediate Sources,1839.39
2023-24,1948,St Helens SD 502,100,General Fund,2200,Restricted Revenue,3845.1
2023-24,1948,St Helens SD 502,100,General Fund,3101,State School Fund --General Support,23275674.89
2023-24,1949,South Coast ESD,100,General Fund,1110,Ad valorem taxes levied by district,4623313.95
2023-24,1949,South Coast ESD,100,General Fund,1500,Earnings on Investments,61696.39
2023-24,1949,South Coast ESD,100,General Fund,1910,Rentals,90655
2023-24,1949,South Coast ESD,100,General Fund,1920,Contributions and Donations From Private Sources,1500
2023-24,1949,South Coast ESD,100,General Fund,1940,Services Provided Other Local Education Agencies,295229.93
2023-24,1949,South Coast ESD,100,General Fund,1970,Services Provided Other Funds,3907383.56
2023-24,1949,South Coast ESD,600,Internal Service Funds,1960,Recovery of Prior Years' Expenditure,11148.72
2023-24,1949,South Coast ESD,600,Internal Service Funds,1970,Services Provided Other Funds,91527.5
2023-24,1949,South Coast ESD,600,Internal Service Funds,5400,Resources - Beginning Fund Balance,22638.26
2023-24,1949,South Coast ESD,500,Enterprise Funds,1500,Earnings on Investments,3125.59
2023-24,1949,South Coast ESD,500,Enterprise Funds,1940,Services Provided Other Local Education Agencies,199421.08
2023-24,1949,South Coast ESD,500,Enterprise Funds,1970,Services Provided Other Funds,115406.25
2023-24,1949,South Coast ESD,500,Enterprise Funds,1990,Miscellaneous,237.72
2023-24,1949,South Coast ESD,500,Enterprise Funds,5200,Interfund Transfers,440094.16
2023-24,1949,South Coast ESD,500,Enterprise Funds,5400,Resources - Beginning Fund Balance,1441423.12
2023-24,1949,South Coast ESD,250,Non-Federal Sources,1990,Miscellaneous,105045.3
2023-24,1949,South Coast ESD,250,Non-Federal Sources,3299,Other Restricted Grants-In-Aid,1539106.99
2023-24,1949,South Coast ESD,250,Non-Federal Sources,5400,Resources - Beginning Fund Balance,1580124.81
2023-24,1949,South Coast ESD,252,Measure 98 - High School Success,3299,Other Restricted Grants-In-Aid,9502.93
2023-24,1949,South Coast ESD,300,Debt Service Funds,5200,Interfund Transfers,50000
2023-24,1949,South Coast ESD,300,Debt Service Funds,5400,Resources - Beginning Fund Balance,5816.45
2023-24,1949,South Coast ESD,201,Federal Sources,1990,Miscellaneous,680
2023-24,1949,South Coast ESD,201,Federal Sources,2200,Restricted Revenue,2838398.19
2023-24,1949,South Coast ESD,201,Federal Sources,3299,Other Restricted Grants-In-Aid,95718.09
2023-24,1949,South Coast ESD,201,Federal Sources,4500,Restricted Revenue From Federal Government Through the State,2760491.64
2023-24,1949,South Coast ESD,201,Federal Sources,5400,Resources - Beginning Fund Balance,37261.15
2023-24,1949,South Coast ESD,250,Non-Federal Sources,1920,Contributions and Donations From Private Sources,377393.1
2023-24,1949,South Coast ESD,100,General Fund,1980,Fees Charged to Grants,546003.06
2023-24,1949,South Coast ESD,100,General Fund,1990,Miscellaneous,32873.46
2023-24,1949,South Coast ESD,100,General Fund,2199,Other Intermediate Sources,2524.45
2023-24,1949,South Coast ESD,100,General Fund,3101,State School Fund --General Support,2250820
2023-24,1949,South Coast ESD,100,General Fund,5200,Interfund Transfers,209324.76
2023-24,1949,South Coast ESD,100,General Fund,5400,Resources - Beginning Fund Balance,1295514.4
2023-24,1964,Coquille SD 8,100,General Fund,1110,Ad valorem taxes levied by district,2608334.19
2023-24,1964,Coquille SD 8,100,General Fund,1500,Earnings on Investments,267708.85
2023-24,1964,Coquille SD 8,100,General Fund,1700,Extra-Curricular Activities,1980
2023-24,1964,Coquille SD 8,100,General Fund,1910,Rentals,30150
2023-24,1964,Coquille SD 8,100,General Fund,1920,Contributions and Donations From Private Sources,150
2023-24,1964,Coquille SD 8,100,General Fund,1990,Miscellaneous,254673.98
2023-24,1964,Coquille SD 8,100,General Fund,1800,Community Services Activities,114513.07
2023-24,1964,Coquille SD 8,299,Child Nutrition,4900,Revenue for/on Behalf of the District,36147.77
2023-24,1964,Coquille SD 8,299,Child Nutrition,5200,Interfund Transfers,125000
2023-24,1964,Coquille SD 8,299,Child Nutrition,5400,Resources - Beginning Fund Balance,127444
2023-24,1964,Coquille SD 8,400,Capital Projects Funds,5200,Interfund Transfers,2102680.31
2023-24,1964,Coquille SD 8,400,Capital Projects Funds,5400,Resources - Beginning Fund Balance,30000
2023-24,1964,Coquille SD 8,700,Trust and Agency Funds,5400,Resources - Beginning Fund Balance,8243.08
2023-24,1964,Coquille SD 8,299,Child Nutrition,1600,Food Service,5488
2023-24,1964,Coquille SD 8,299,Child Nutrition,1940,Services Provided Other Local Education Agencies,49525.4
2023-24,1964,Coquille SD 8,299,Child Nutrition,1990,Miscellaneous,871
2023-24,1964,Coquille SD 8,299,Child Nutrition,3102,State School Fund--School Lunch Match,5356.33
2023-24,1964,Coquille SD 8,299,Child Nutrition,3299,Other Restricted Grants-In-Aid,117522.65
2023-24,1964,Coquille SD 8,299,Child Nutrition,4500,Restricted Revenue From Federal Government Through the State,770899.14
2023-24,1964,Coquille SD 8,250,Non-Federal Sources,2200,Restricted Revenue,20374.38
2023-24,1964,Coquille SD 8,250,Non-Federal Sources,3222,State School Fund (SSF) Transportation Equipment,114147.6
2023-24,1964,Coquille SD 8,250,Non-Federal Sources,3299,Other Restricted Grants-In-Aid,1743870.57
2023-24,1964,Coquille SD 8,250,Non-Federal Sources,4500,Restricted Revenue From Federal Government Through the State,26699.07
2023-24,1964,Coquille SD 8,250,Non-Federal Sources,5200,Interfund Transfers,418878.76
2023-24,1964,Coquille SD 8,250,Non-Federal Sources,5400,Resources - Beginning Fund Balance,1073106.12
2023-24,1964,Coquille SD 8,201,Federal Sources,4300,Restricted Revenue Direct From the Federal Government,9980
2023-24,1964,Coquille SD 8,201,Federal Sources,4500,Restricted Revenue From Federal Government Through the State,1329813.39
2023-24,1964,Coquille SD 8,250,Non-Federal Sources,1500,Earnings on Investments,1821.01
2023-24,1964,Coquille SD 8,250,Non-Federal Sources,1700,Extra-Curricular Activities,132299.06
2023-24,1964,Coquille SD 8,250,Non-Federal Sources,1920,Contributions and Donations From Private Sources,105520.23
2023-24,1964,Coquille SD 8,250,Non-Federal Sources,1990,Miscellaneous,190077.93
2023-24,1964,Coquille SD 8,100,General Fund,2101,County School Funds,23768.01
2023-24,1964,Coquille SD 8,100,General Fund,2199,Other Intermediate Sources,2128.99
2023-24,1964,Coquille SD 8,100,General Fund,3101,State School Fund --General Support,13085433.76
2023-24,1964,Coquille SD 8,100,General Fund,3103,Common School Fund,154220.56
2023-24,1964,Coquille SD 8,100,General Fund,5400,Resources - Beginning Fund Balance,4672040.16
2023-24,1964,Coquille SD 8,201,Federal Sources,3299,Other Restricted Grants-In-Aid,107503.19
2023-24,1965,Coos Bay SD 9,100,General Fund,1500,Earnings on Investments,507348.75
2023-24,1965,Coos Bay SD 9,100,General Fund,1910,Rentals,105053.12
2023-24,1965,Coos Bay SD 9,100,General Fund,1920,Contributions and Donations From Private Sources,66
2023-24,1965,Coos Bay SD 9,100,General Fund,1930,Rental or Lease Payments from Private Contractors,8460.08
2023-24,1965,Coos Bay SD 9,100,General Fund,1980,Fees Charged to Grants,326704.4
2023-24,1965,Coos Bay SD 9,100,General Fund,1990,Miscellaneous,316331.19
2023-24,1965,Coos Bay SD 9,300,Debt Service Funds,1110,Ad valorem taxes levied by district,3590840
2023-24,1965,Coos Bay SD 9,300,Debt Service Funds,1500,Earnings on Investments,42018
2023-24,1965,Coos Bay SD 9,200,Special Revenue Funds,1600,Food Service,1533.31
2023-24,1965,Coos Bay SD 9,200,Special Revenue Funds,1700,Extra-Curricular Activities,847566.2
2023-24,1965,Coos Bay SD 9,200,Special Revenue Funds,1920,Contributions and Donations From Private Sources,607274
2023-24,1965,Coos Bay SD 9,200,Special Revenue Funds,1990,Miscellaneous,109055
2023-24,1965,Coos Bay SD 9,200,Special Revenue Funds,3299,Other Restricted Grants-In-Aid,4907915
2023-24,1965,Coos Bay SD 9,200,Special Revenue Funds,4500,Restricted Revenue From Federal Government Through the State,11739147
2023-24,1965,Coos Bay SD 9,400,Capital Projects Funds,5400,Resources - Beginning Fund Balance,7519643
2023-24,1965,Coos Bay SD 9,100,General Fund,1110,Ad valorem taxes levied by district,10009978
2023-24,1965,Coos Bay SD 9,100,General Fund,2101,County School Funds,56977
2023-24,1965,Coos Bay SD 9,100,General Fund,2199,Other Intermediate Sources,15379
2023-24,1965,Coos Bay SD 9,100,General Fund,3103,Common School Fund,189730
2023-24,1965,Coos Bay SD 9,200,Special Revenue Funds,1500,Earnings on Investments,784919.49
2023-24,1965,Coos Bay SD 9,400,Capital Projects Funds,1920,Contributions and Donations From Private Sources,54000
2023-24,1965,Coos Bay SD 9,400,Capital Projects Funds,1990,Miscellaneous,98545.12
2023-24,1965,Coos Bay SD 9,100,General Fund,5400,Resources - Beginning Fund Balance,7018327
2023-24,1965,Coos Bay SD 9,200,Special Revenue Funds,5400,Resources - Beginning Fund Balance,9375663
2023-24,1965,Coos Bay SD 9,300,Debt Service Funds,5400,Resources - Beginning Fund Balance,544790
2023-24,1965,Coos Bay SD 9,400,Capital Projects Funds,5200,Interfund Transfers,1545000
2023-24,1965,Coos Bay SD 9,100,General Fund,3101,State School Fund --General Support,27921808.89
2023-24,1965,Coos Bay SD 9,200,Special Revenue Funds,2199,Other Intermediate Sources,125
2023-24,1965,Coos Bay SD 9,200,Special Revenue Funds,3101,State School Fund --General Support,363616
2023-24,1965,Coos Bay SD 9,200,Special Revenue Funds,3102,State School Fund--School Lunch Match,14619.11
2023-24,1965,Coos Bay SD 9,300,Debt Service Funds,1970,Services Provided Other Funds,1383366.44
2023-24,1965,Coos Bay SD 9,400,Capital Projects Funds,1500,Earnings on Investments,224109.16
2023-24,1966,North Bend SD 13,250,Non-Federal Sources,5400,Resources - Beginning Fund Balance,4023546.78
2023-24,1966,North Bend SD 13,251,Student Investment Account,3299,Other Restricted Grants-In-Aid,1976016.78
2023-24,1966,North Bend SD 13,299,Child Nutrition,1600,Food Service,35871.87
2023-24,1966,North Bend SD 13,299,Child Nutrition,3299,Other Restricted Grants-In-Aid,148277.56
2023-24,1966,North Bend SD 13,299,Child Nutrition,4500,Restricted Revenue From Federal Government Through the State,1027189.71
2023-24,1966,North Bend SD 13,299,Child Nutrition,5400,Resources - Beginning Fund Balance,1091263.63
2023-24,1966,North Bend SD 13,400,Capital Projects Funds,5200,Interfund Transfers,135000
2023-24,1966,North Bend SD 13,400,Capital Projects Funds,5400,Resources - Beginning Fund Balance,1855251.3
2023-24,1966,North Bend SD 13,100,General Fund,1110,Ad valorem taxes levied by district,6426342.36
2023-24,1966,North Bend SD 13,100,General Fund,3101,State School Fund --General Support,34576395.65
2023-24,1966,North Bend SD 13,201,Federal Sources,4500,Restricted Revenue From Federal Government Through the State,3013712.06
2023-24,1966,North Bend SD 13,250,Non-Federal Sources,1990,Miscellaneous,792355.72
2023-24,1966,North Bend SD 13,300,Debt Service Funds,4900,Revenue for/on Behalf of the District,13126.56
2023-24,1966,North Bend SD 13,300,Debt Service Funds,5200,Interfund Transfers,70725
2023-24,1966,North Bend SD 13,300,Debt Service Funds,5400,Resources - Beginning Fund Balance,51317.54
2023-24,1966,North Bend SD 13,400,Capital Projects Funds,1500,Earnings on Investments,92257.5
2023-24,1966,North Bend SD 13,400,Capital Projects Funds,1910,Rentals,11863.43
2023-24,1966,North Bend SD 13,400,Capital Projects Funds,1990,Miscellaneous,523.55
2023-24,1966,North Bend SD 13,250,Non-Federal Sources,1700,Extra-Curricular Activities,248.08
2023-24,1966,North Bend SD 13,250,Non-Federal Sources,1920,Contributions and Donations From Private Sources,-3071.5
2023-24,1966,North Bend SD 13,250,Non-Federal Sources,3299,Other Restricted Grants-In-Aid,190511.82
2023-24,1966,North Bend SD 13,250,Non-Federal Sources,5200,Interfund Transfers,150000
2023-24,1966,North Bend SD 13,300,Debt Service Funds,1500,Earnings on Investments,2676.93
2023-24,1966,North Bend SD 13,300,Debt Service Funds,1990,Miscellaneous,85.81
2023-24,1966,North Bend SD 13,299,Child Nutrition,1990,Miscellaneous,5920.03
2023-24,1966,North Bend SD 13,299,Child Nutrition,3102,State School Fund--School Lunch Match,9170.64
2023-24,1966,North Bend SD 13,299,Child Nutrition,4900,Revenue for/on Behalf of the District,71369.13
2023-24,1966,North Bend SD 13,252,Measure 98 - High School Success,3299,Other Restricted Grants-In-Aid,650104.74
2023-24,1966,North Bend SD 13,250,Non-Federal Sources,3199,Other Unrestricted Grants-In-Aid,132327.17
2023-24,1966,North Bend SD 13,250,Non-Federal Sources,1500,Earnings on Investments,21953.01
2023-24,1966,North Bend SD 13,100,General Fund,3103,Common School Fund,285324.6
2023-24,1966,North Bend SD 13,100,General Fund,3199,Other Unrestricted Grants-In-Aid,179319.25
2023-24,1966,North Bend SD 13,100,General Fund,3299,Other Restricted Grants-In-Aid,3900
2023-24,1966,North Bend SD 13,100,General Fund,5400,Resources - Beginning Fund Balance,5334256.42
2023-24,1966,North Bend SD 13,201,Federal Sources,4300,Restricted Revenue Direct From the Federal Government,21428
2023-24,1966,North Bend SD 13,201,Federal Sources,4700,Grants-In-Aid From Federal Government Through Other Intermed,30751.28
2023-24,1966,North Bend SD 13,100,General Fund,1500,Earnings on Investments,763567.28
2023-24,1966,North Bend SD 13,100,General Fund,1920,Contributions and Donations From Private Sources,250
2023-24,1966,North Bend SD 13,100,General Fund,1980,Fees Charged to Grants,195383.24
2023-24,1966,North Bend SD 13,100,General Fund,1990,Miscellaneous,73287.96
2023-24,1966,North Bend SD 13,100,General Fund,2101,County School Funds,46311.62
2023-24,1966,North Bend SD 13,100,General Fund,2199,Other Intermediate Sources,7217.8
2023-24,1967,Powers SD 31,201,Federal Sources,5400,Resources - Beginning Fund Balance,-341811.34
2023-24,1967,Powers SD 31,251,Student Investment Account,5400,Resources - Beginning Fund Balance,65193.49
2023-24,1967,Powers SD 31,252,Measure 98 - High School Success,5400,Resources - Beginning Fund Balance,-17850.67
2023-24,1967,Powers SD 31,200,Special Revenue Funds,3299,Other Restricted Grants-In-Aid,76699
2023-24,1967,Powers SD 31,200,Special Revenue Funds,4500,Restricted Revenue From Federal Government Through the State,218528.5
2023-24,1967,Powers SD 31,100,General Fund,5400,Resources - Beginning Fund Balance,1898179
2023-24,1967,Powers SD 31,100,General Fund,3101,State School Fund --General Support,2177906
2023-24,1967,Powers SD 31,200,Special Revenue Funds,1920,Contributions and Donations From Private Sources,19004.44
2023-24,1967,Powers SD 31,200,Special Revenue Funds,5400,Resources - Beginning Fund Balance,196452.57
2023-24,1967,Powers SD 31,200,Special Revenue Funds,1500,Earnings on Investments,241.4
2023-24,1967,Powers SD 31,200,Special Revenue Funds,1700,Extra-Curricular Activities,73740.48
2023-24,1967,Powers SD 31,200,Special Revenue Funds,1990,Miscellaneous,8580.84
2023-24,1967,Powers SD 31,200,Special Revenue Funds,4300,Restricted Revenue Direct From the Federal Government,19601.31
2023-24,1967,Powers SD 31,100,General Fund,1990,Miscellaneous,19870
2023-24,1967,Powers SD 31,200,Special Revenue Funds,3199,Other Unrestricted Grants-In-Aid,2159355
2023-24,1967,Powers SD 31,100,General Fund,1110,Ad valorem taxes levied by district,300010.28
2023-24,1967,Powers SD 31,100,General Fund,1500,Earnings on Investments,61199.46
2023-24,1967,Powers SD 31,100,General Fund,2101,County School Funds,2216.8
2023-24,1967,Powers SD 31,100,General Fund,3103,Common School Fund,14690.23
2023-24,1968,Myrtle Point SD 41,299,Child Nutrition,4500,Restricted Revenue From Federal Government Through the State,599301
2023-24,1968,Myrtle Point SD 41,300,Debt Service Funds,1110,Ad valorem taxes levied by district,108582
2023-24,1968,Myrtle Point SD 41,200,Special Revenue Funds,1920,Contributions and Donations From Private Sources,16014
2023-24,1968,Myrtle Point SD 41,200,Special Revenue Funds,1970,Services Provided Other Funds,126371
2023-24,1968,Myrtle Point SD 41,200,Special Revenue Funds,1990,Miscellaneous,42905
2023-24,1968,Myrtle Point SD 41,200,Special Revenue Funds,2200,Restricted Revenue,6476
2023-24,1968,Myrtle Point SD 41,200,Special Revenue Funds,3199,Other Unrestricted Grants-In-Aid,10205
2023-24,1968,Myrtle Point SD 41,299,Child Nutrition,3299,Other Restricted Grants-In-Aid,9295
2023-24,1968,Myrtle Point SD 41,200,Special Revenue Funds,5400,Resources - Beginning Fund Balance,854193.88
2023-24,1968,Myrtle Point SD 41,100,General Fund,1110,Ad valorem taxes levied by district,2109496
2023-24,1968,Myrtle Point SD 41,100,General Fund,1700,Extra-Curricular Activities,4807
2023-24,1968,Myrtle Point SD 41,100,General Fund,1990,Miscellaneous,160157
2023-24,1968,Myrtle Point SD 41,200,Special Revenue Funds,1500,Earnings on Investments,3
2023-24,1968,Myrtle Point SD 41,200,Special Revenue Funds,1700,Extra-Curricular Activities,121524
2023-24,1968,Myrtle Point SD 41,300,Debt Service Funds,4300,Restricted Revenue Direct From the Federal Government,43790
2023-24,1968,Myrtle Point SD 41,100,General Fund,5100,Long Term Debt Financing Sources,308287
2023-24,1968,Myrtle Point SD 41,100,General Fund,1500,Earnings on Investments,180079
2023-24,1968,Myrtle Point SD 41,100,General Fund,4900,Revenue for/on Behalf of the District,155192
2023-24,1968,Myrtle Point SD 41,100,General Fund,5400,Resources - Beginning Fund Balance,1308205
2023-24,1968,Myrtle Point SD 41,700,Trust and Agency Funds,1990,Miscellaneous,2000
2023-24,1968,Myrtle Point SD 41,700,Trust and Agency Funds,5400,Resources - Beginning Fund Balance,687932.54
2023-24,1968,Myrtle Point SD 41,100,General Fund,2102,General Education Service District Funds,35081.03
2023-24,1968,Myrtle Point SD 41,100,General Fund,3101,State School Fund --General Support,5786001.58
2023-24,1968,Myrtle Point SD 41,299,Child Nutrition,3102,State School Fund--School Lunch Match,3037.12
2023-24,1968,Myrtle Point SD 41,299,Child Nutrition,4900,Revenue for/on Behalf of the District,15122.89
2023-24,1968,Myrtle Point SD 41,299,Child Nutrition,5400,Resources - Beginning Fund Balance,338243.37
2023-24,1968,Myrtle Point SD 41,300,Debt Service Funds,5400,Resources - Beginning Fund Balance,373573.14
2023-24,1968,Myrtle Point SD 41,400,Capital Projects Funds,5400,Resources - Beginning Fund Balance,-16013.9
2023-24,1968,Myrtle Point SD 41,700,Trust and Agency Funds,1500,Earnings on Investments,32644.73
2023-24,1968,Myrtle Point SD 41,700,Trust and Agency Funds,1920,Contributions and Donations From Private Sources,21781
2023-24,1968,Myrtle Point SD 41,200,Special Revenue Funds,4500,Restricted Revenue From Federal Government Through the State,562268.05
2023-24,1968,Myrtle Point SD 41,200,Special Revenue Funds,5200,Interfund Transfers,62131.19
2023-24,1968,Myrtle Point SD 41,251,Student Investment Account,3299,Other Restricted Grants-In-Aid,569276.34
2023-24,1968,Myrtle Point SD 41,251,Student Investment Account,5400,Resources - Beginning Fund Balance,-445.8
2023-24,1968,Myrtle Point SD 41,252,Measure 98 - High School Success,3299,Other Restricted Grants-In-Aid,121905.18
2023-24,1968,Myrtle Point SD 41,299,Child Nutrition,1990,Miscellaneous,947.16
2023-24,1968,Myrtle Point SD 41,100,General Fund,2200,Restricted Revenue,18570.34
2023-24,1968,Myrtle Point SD 41,100,General Fund,3103,Common School Fund,59641.39
2023-24,1968,Myrtle Point SD 41,100,General Fund,5200,Interfund Transfers,115000
2023-24,1968,Myrtle Point SD 41,200,Special Revenue Funds,3299,Other Restricted Grants-In-Aid,136892.98
2023-24,1969,Bandon SD 54,100,General Fund,1110,Ad valorem taxes levied by district,4649616.75
2023-24,1969,Bandon SD 54,100,General Fund,1500,Earnings on Investments,428127.66
2023-24,1969,Bandon SD 54,100,General Fund,1700,Extra-Curricular Activities,30753.41
2023-24,1969,Bandon SD 54,100,General Fund,1910,Rentals,19700
2023-24,1969,Bandon SD 54,100,General Fund,1920,Contributions and Donations From Private Sources,83391
2023-24,1969,Bandon SD 54,100,General Fund,1980,Fees Charged to Grants,500
2023-24,1969,Bandon SD 54,300,Debt Service Funds,1500,Earnings on Investments,46576.9
2023-24,1969,Bandon SD 54,300,Debt Service Funds,1990,Miscellaneous,1336.38
2023-24,1969,Bandon SD 54,300,Debt Service Funds,5400,Resources - Beginning Fund Balance,66589.72
2023-24,1969,Bandon SD 54,400,Capital Projects Funds,3299,Other Restricted Grants-In-Aid,26972.62
2023-24,1969,Bandon SD 54,400,Capital Projects Funds,5200,Interfund Transfers,450000
2023-24,1969,Bandon SD 54,400,Capital Projects Funds,5400,Resources - Beginning Fund Balance,3214480.11
2023-24,1969,Bandon SD 54,250,Non-Federal Sources,1700,Extra-Curricular Activities,242643.42
2023-24,1969,Bandon SD 54,250,Non-Federal Sources,1920,Contributions and Donations From Private Sources,252053.01
2023-24,1969,Bandon SD 54,250,Non-Federal Sources,1990,Miscellaneous,145
2023-24,1969,Bandon SD 54,250,Non-Federal Sources,4500,Restricted Revenue From Federal Government Through the State,12482.78
2023-24,1969,Bandon SD 54,250,Non-Federal Sources,5200,Interfund Transfers,7825.8
2023-24,1969,Bandon SD 54,300,Debt Service Funds,1110,Ad valorem taxes levied by district,427041.32
2023-24,1969,Bandon SD 54,299,Child Nutrition,3102,State School Fund--School Lunch Match,3062.89
2023-24,1969,Bandon SD 54,299,Child Nutrition,3299,Other Restricted Grants-In-Aid,72967.3
2023-24,1969,Bandon SD 54,299,Child Nutrition,4500,Restricted Revenue From Federal Government Through the State,234313.65
2023-24,1969,Bandon SD 54,299,Child Nutrition,4900,Revenue for/on Behalf of the District,21260.51
2023-24,1969,Bandon SD 54,299,Child Nutrition,5200,Interfund Transfers,226806.9
2023-24,1969,Bandon SD 54,299,Child Nutrition,5400,Resources - Beginning Fund Balance,514.53
2023-24,1969,Bandon SD 54,252,Measure 98 - High School Success,3299,Other Restricted Grants-In-Aid,167232.08
2023-24,1969,Bandon SD 54,250,Non-Federal Sources,3299,Other Restricted Grants-In-Aid,26923.49
2023-24,1969,Bandon SD 54,251,Student Investment Account,3299,Other Restricted Grants-In-Aid,581329.62
2023-24,1969,Bandon SD 54,250,Non-Federal Sources,3222,State School Fund (SSF) Transportation Equipment,117260
2023-24,1969,Bandon SD 54,250,Non-Federal Sources,5100,Long Term Debt Financing Sources,201093
2023-24,1969,Bandon SD 54,250,Non-Federal Sources,5400,Resources - Beginning Fund Balance,435767.97
2023-24,1969,Bandon SD 54,100,General Fund,3103,Common School Fund,77815.62
2023-24,1969,Bandon SD 54,100,General Fund,3299,Other Restricted Grants-In-Aid,29643.19
2023-24,1969,Bandon SD 54,100,General Fund,5400,Resources - Beginning Fund Balance,5245264.47
2023-24,1969,Bandon SD 54,100,General Fund,5200,Interfund Transfers,200000
2023-24,1969,Bandon SD 54,201,Federal Sources,4500,Restricted Revenue From Federal Government Through the State,1201259.87
2023-24,1969,Bandon SD 54,201,Federal Sources,1990,Miscellaneous,150.6
2023-24,1969,Bandon SD 54,100,General Fund,1990,Miscellaneous,-8920.62
2023-24,1969,Bandon SD 54,100,General Fund,2101,County School Funds,11151.39
2023-24,1969,Bandon SD 54,100,General Fund,2199,Other Intermediate Sources,4844.23
2023-24,1969,Bandon SD 54,100,General Fund,2200,Restricted Revenue,6706
2023-24,1969,Bandon SD 54,100,General Fund,2900,Revenue for/on Behalf of the District,18.51
2023-24,1969,Bandon SD 54,100,General Fund,3101,State School Fund --General Support,4325474.09
2023-24,1970,Crook County SD,100,General Fund,1110,Ad valorem taxes levied by district,14527660.27
2023-24,1970,Crook County SD,100,General Fund,1190,Penalties and interest on taxes,5148.71
2023-24,1970,Crook County SD,100,General Fund,1500,Earnings on Investments,1093432.58
2023-24,1970,Crook County SD,100,General Fund,1910,Rentals,21995
2023-24,1970,Crook County SD,100,General Fund,1920,Contributions and Donations From Private Sources,720.03
2023-24,1970,Crook County SD,100,General Fund,1960,Recovery of Prior Years' Expenditure,505.52
2023-24,1970,Crook County SD,300,Debt Service Funds,1500,Earnings on Investments,129032.77
2023-24,1970,Crook County SD,300,Debt Service Funds,2199,Other Intermediate Sources,5285.31
2023-24,1970,Crook County SD,300,Debt Service Funds,5400,Resources - Beginning Fund Balance,332473.56
2023-24,1970,Crook County SD,300,Debt Service Funds,5200,Interfund Transfers,2938718.61
2023-24,1970,Crook County SD,250,Non-Federal Sources,5100,Long Term Debt Financing Sources,211376.02
2023-24,1970,Crook County SD,250,Non-Federal Sources,1600,Food Service,128344.37
2023-24,1970,Crook County SD,250,Non-Federal Sources,3102,State School Fund--School Lunch Match,12714.8
2023-24,1970,Crook County SD,250,Non-Federal Sources,4500,Restricted Revenue From Federal Government Through the State,1092198.46
2023-24,1970,Crook County SD,250,Non-Federal Sources,4900,Revenue for/on Behalf of the District,110009.03
2023-24,1970,Crook County SD,300,Debt Service Funds,1110,Ad valorem taxes levied by district,1896216.43
2023-24,1970,Crook County SD,300,Debt Service Funds,1190,Penalties and interest on taxes,676.14
2023-24,1970,Crook County SD,250,Non-Federal Sources,5200,Interfund Transfers,573266.89
2023-24,1970,Crook County SD,250,Non-Federal Sources,4700,Grants-In-Aid From Federal Government Through Other Intermed,-19709.24
2023-24,1970,Crook County SD,250,Non-Federal Sources,2102,General Education Service District Funds,83068.17
2023-24,1970,Crook County SD,250,Non-Federal Sources,1500,Earnings on Investments,45868.97
2023-24,1970,Crook County SD,250,Non-Federal Sources,1910,Rentals,9996
2023-24,1970,Crook County SD,250,Non-Federal Sources,3222,State School Fund (SSF) Transportation Equipment,181720.42
2023-24,1970,Crook County SD,250,Non-Federal Sources,3299,Other Restricted Grants-In-Aid,840856.33
2023-24,1970,Crook County SD,250,Non-Federal Sources,5400,Resources - Beginning Fund Balance,5319614.69
2023-24,1970,Crook County SD,250,Non-Federal Sources,1700,Extra-Curricular Activities,566849.01
2023-24,1970,Crook County SD,250,Non-Federal Sources,1920,Contributions and Donations From Private Sources,680872.06
2023-24,1970,Crook County SD,250,Non-Federal Sources,1990,Miscellaneous,339355.07
2023-24,1970,Crook County SD,250,Non-Federal Sources,4300,Restricted Revenue Direct From the Federal Government,110983.18
2023-24,1970,Crook County SD,100,General Fund,5100,Long Term Debt Financing Sources,217351.49
2023-24,1970,Crook County SD,201,Federal Sources,4500,Restricted Revenue From Federal Government Through the State,2253214.08
2023-24,1970,Crook County SD,201,Federal Sources,4700,Grants-In-Aid From Federal Government Through Other Intermed,6523.17
2023-24,1970,Crook County SD,201,Federal Sources,5400,Resources - Beginning Fund Balance,-39110.16
2023-24,1970,Crook County SD,251,Student Investment Account,3299,Other Restricted Grants-In-Aid,3155647.19
2023-24,1970,Crook County SD,252,Measure 98 - High School Success,3299,Other Restricted Grants-In-Aid,797317.13
2023-24,1970,Crook County SD,100,General Fund,4500,Restricted Revenue From Federal Government Through the State,11001.1
2023-24,1970,Crook County SD,100,General Fund,4801,Federal Forest Fees,270402.56
2023-24,1970,Crook County SD,100,General Fund,5400,Resources - Beginning Fund Balance,8668061.55
2023-24,1970,Crook County SD,100,General Fund,1700,Extra-Curricular Activities,45693
2023-24,1970,Crook County SD,100,General Fund,5200,Interfund Transfers,4664.93
2023-24,1970,Crook County SD,100,General Fund,5300,Sale of or Compensation for Loss of Fixed Assets,7214
2023-24,1970,Crook County SD,100,General Fund,1980,Fees Charged to Grants,7893.4
2023-24,1970,Crook County SD,100,General Fund,1990,Miscellaneous,3382444.79
2023-24,1970,Crook County SD,100,General Fund,2199,Other Intermediate Sources,40271.38
2023-24,1970,Crook County SD,100,General Fund,3101,State School Fund --General Support,25264874.77
2023-24,1970,Crook County SD,100,General Fund,3103,Common School Fund,439551.26
2023-24,1970,Crook County SD,100,General Fund,3299,Other Restricted Grants-In-Aid,5936
2023-24,1972,Central Curry SD 1,299,Child Nutrition,4900,Revenue for/on Behalf of the District,16156.77
2023-24,1972,Central Curry SD 1,299,Child Nutrition,5200,Interfund Transfers,170117.57
2023-24,1972,Central Curry SD 1,300,Debt Service Funds,1110,Ad valorem taxes levied by district,964178.12
2023-24,1972,Central Curry SD 1,251,Student Investment Account,3299,Other Restricted Grants-In-Aid,483112.9
2023-24,1972,Central Curry SD 1,251,Student Investment Account,5400,Resources - Beginning Fund Balance,90028.97
2023-24,1972,Central Curry SD 1,252,Measure 98 - High School Success,3299,Other Restricted Grants-In-Aid,118903.64
2023-24,1972,Central Curry SD 1,299,Child Nutrition,1600,Food Service,728.3
2023-24,1972,Central Curry SD 1,299,Child Nutrition,3299,Other Restricted Grants-In-Aid,60740.55
2023-24,1972,Central Curry SD 1,299,Child Nutrition,4500,Restricted Revenue From Federal Government Through the State,205270.12
2023-24,1972,Central Curry SD 1,201,Federal Sources,5400,Resources - Beginning Fund Balance,250000
2023-24,1972,Central Curry SD 1,250,Non-Federal Sources,1500,Earnings on Investments,10.35
2023-24,1972,Central Curry SD 1,250,Non-Federal Sources,1700,Extra-Curricular Activities,99030.96
2023-24,1972,Central Curry SD 1,250,Non-Federal Sources,1920,Contributions and Donations From Private Sources,149773.88
2023-24,1972,Central Curry SD 1,250,Non-Federal Sources,3299,Other Restricted Grants-In-Aid,56535.65
2023-24,1972,Central Curry SD 1,250,Non-Federal Sources,5400,Resources - Beginning Fund Balance,272107.97
2023-24,1972,Central Curry SD 1,100,General Fund,3299,Other Restricted Grants-In-Aid,3322.65
2023-24,1972,Central Curry SD 1,100,General Fund,4801,Federal Forest Fees,85886.2
2023-24,1972,Central Curry SD 1,100,General Fund,5300,Sale of or Compensation for Loss of Fixed Assets,24331
2023-24,1972,Central Curry SD 1,100,General Fund,5400,Resources - Beginning Fund Balance,2049443.3
2023-24,1972,Central Curry SD 1,201,Federal Sources,4500,Restricted Revenue From Federal Government Through the State,624379.97
2023-24,1972,Central Curry SD 1,201,Federal Sources,4700,Grants-In-Aid From Federal Government Through Other Intermed,5554.05
2023-24,1972,Central Curry SD 1,100,General Fund,1700,Extra-Curricular Activities,16084.3
2023-24,1972,Central Curry SD 1,100,General Fund,1910,Rentals,52325
2023-24,1972,Central Curry SD 1,100,General Fund,1990,Miscellaneous,58885.96
2023-24,1972,Central Curry SD 1,100,General Fund,3101,State School Fund --General Support,2055513.64
2023-24,1972,Central Curry SD 1,100,General Fund,3102,State School Fund--School Lunch Match,2543.04
2023-24,1972,Central Curry SD 1,100,General Fund,3103,Common School Fund,58598.92
2023-24,1972,Central Curry SD 1,300,Debt Service Funds,1500,Earnings on Investments,16544.45
2023-24,1972,Central Curry SD 1,300,Debt Service Funds,5400,Resources - Beginning Fund Balance,-574.92
2023-24,1972,Central Curry SD 1,400,Capital Projects Funds,1500,Earnings on Investments,595400.67
2023-24,1972,Central Curry SD 1,400,Capital Projects Funds,5100,Long Term Debt Financing Sources,16469667.15
2023-24,1972,Central Curry SD 1,100,General Fund,1110,Ad valorem taxes levied by district,3945580.7
2023-24,1972,Central Curry SD 1,100,General Fund,1500,Earnings on Investments,134749.18
2023-24,1973,Port Orford-Langlois SD 2CJ,100,General Fund,3103,Common School Fund,29770.75
2023-24,1973,Port Orford-Langlois SD 2CJ,100,General Fund,4801,Federal Forest Fees,36297.86
2023-24,1973,Port Orford-Langlois SD 2CJ,100,General Fund,5300,Sale of or Compensation for Loss of Fixed Assets,18254.06
2023-24,1973,Port Orford-Langlois SD 2CJ,100,General Fund,5400,Resources - Beginning Fund Balance,2140507.99
2023-24,1973,Port Orford-Langlois SD 2CJ,250,Non-Federal Sources,3299,Other Restricted Grants-In-Aid,152813.69
2023-24,1973,Port Orford-Langlois SD 2CJ,201,Federal Sources,4500,Restricted Revenue From Federal Government Through the State,1988928.8
2023-24,1973,Port Orford-Langlois SD 2CJ,252,Measure 98 - High School Success,3299,Other Restricted Grants-In-Aid,66957.12
2023-24,1973,Port Orford-Langlois SD 2CJ,100,General Fund,1110,Ad valorem taxes levied by district,2285152.92
2023-24,1973,Port Orford-Langlois SD 2CJ,100,General Fund,1500,Earnings on Investments,127995.56
2023-24,1973,Port Orford-Langlois SD 2CJ,100,General Fund,1990,Miscellaneous,8600.71
2023-24,1973,Port Orford-Langlois SD 2CJ,100,General Fund,2101,County School Funds,107.37
2023-24,1973,Port Orford-Langlois SD 2CJ,100,General Fund,3101,State School Fund --General Support,2119425.27
2023-24,1973,Port Orford-Langlois SD 2CJ,250,Non-Federal Sources,5400,Resources - Beginning Fund Balance,394262.03
2023-24,1973,Port Orford-Langlois SD 2CJ,201,Federal Sources,1990,Miscellaneous,-250
2023-24,1973,Port Orford-Langlois SD 2CJ,201,Federal Sources,3299,Other Restricted Grants-In-Aid,7000.52
2023-24,1973,Port Orford-Langlois SD 2CJ,201,Federal Sources,5400,Resources - Beginning Fund Balance,24227.99
2023-24,1973,Port Orford-Langlois SD 2CJ,251,Student Investment Account,3299,Other Restricted Grants-In-Aid,324861.47
2023-24,1973,Port Orford-Langlois SD 2CJ,251,Student Investment Account,5400,Resources - Beginning Fund Balance,20069.85
2023-24,1973,Port Orford-Langlois SD 2CJ,250,Non-Federal Sources,1500,Earnings on Investments,2783.16
2023-24,1973,Port Orford-Langlois SD 2CJ,250,Non-Federal Sources,1700,Extra-Curricular Activities,35171.13
2023-24,1973,Port Orford-Langlois SD 2CJ,250,Non-Federal Sources,1920,Contributions and Donations From Private Sources,19200.6
2023-24,1973,Port Orford-Langlois SD 2CJ,250,Non-Federal Sources,1990,Miscellaneous,2998
2023-24,1973,Port Orford-Langlois SD 2CJ,250,Non-Federal Sources,3222,State School Fund (SSF) Transportation Equipment,40702.4
2023-24,1973,Port Orford-Langlois SD 2CJ,250,Non-Federal Sources,4500,Restricted Revenue From Federal Government Through the State,10000
2023-24,1973,Port Orford-Langlois SD 2CJ,299,Child Nutrition,3102,State School Fund--School Lunch Match,1529.02
2023-24,1973,Port Orford-Langlois SD 2CJ,299,Child Nutrition,3299,Other Restricted Grants-In-Aid,5362.26
2023-24,1973,Port Orford-Langlois SD 2CJ,299,Child Nutrition,4500,Restricted Revenue From Federal Government Through the State,189696.61
2023-24,1973,Port Orford-Langlois SD 2CJ,299,Child Nutrition,4900,Revenue for/on Behalf of the District,8073.55
2023-24,1973,Port Orford-Langlois SD 2CJ,299,Child Nutrition,5200,Interfund Transfers,50000
2023-24,1973,Port Orford-Langlois SD 2CJ,299,Child Nutrition,5400,Resources - Beginning Fund Balance,105168.43
2023-24,1973,Port Orford-Langlois SD 2CJ,299,Child Nutrition,1600,Food Service,4020.8
2023-24,1974,Brookings-Harbor SD 17C,250,Non-Federal Sources,5400,Resources - Beginning Fund Balance,4088376.64
2023-24,1974,Brookings-Harbor SD 17C,400,Capital Projects Funds,1970,Services Provided Other Funds,4090
2023-24,1974,Brookings-Harbor SD 17C,400,Capital Projects Funds,5200,Interfund Transfers,100000
2023-24,1974,Brookings-Harbor SD 17C,400,Capital Projects Funds,5400,Resources - Beginning Fund Balance,363898.1
2023-24,1974,Brookings-Harbor SD 17C,250,Non-Federal Sources,3299,Other Restricted Grants-In-Aid,166055.47
2023-24,1974,Brookings-Harbor SD 17C,299,Child Nutrition,4500,Restricted Revenue From Federal Government Through the State,641493.6
2023-24,1974,Brookings-Harbor SD 17C,299,Child Nutrition,4900,Revenue for/on Behalf of the District,40200.05
2023-24,1974,Brookings-Harbor SD 17C,299,Child Nutrition,5200,Interfund Transfers,75000
2023-24,1974,Brookings-Harbor SD 17C,299,Child Nutrition,5400,Resources - Beginning Fund Balance,281151.93
2023-24,1974,Brookings-Harbor SD 17C,300,Debt Service Funds,1970,Services Provided Other Funds,1292812
2023-24,1974,Brookings-Harbor SD 17C,400,Capital Projects Funds,1920,Contributions and Donations From Private Sources,264460.77
2023-24,1974,Brookings-Harbor SD 17C,250,Non-Federal Sources,5200,Interfund Transfers,831000
2023-24,1974,Brookings-Harbor SD 17C,251,Student Investment Account,3299,Other Restricted Grants-In-Aid,1342381.41
2023-24,1974,Brookings-Harbor SD 17C,252,Measure 98 - High School Success,3299,Other Restricted Grants-In-Aid,401357.18
2023-24,1974,Brookings-Harbor SD 17C,299,Child Nutrition,1600,Food Service,14017
2023-24,1974,Brookings-Harbor SD 17C,299,Child Nutrition,1990,Miscellaneous,185.78
2023-24,1974,Brookings-Harbor SD 17C,299,Child Nutrition,3299,Other Restricted Grants-In-Aid,69188.82
2023-24,1974,Brookings-Harbor SD 17C,201,Federal Sources,5400,Resources - Beginning Fund Balance,4214.16
2023-24,1974,Brookings-Harbor SD 17C,250,Non-Federal Sources,1500,Earnings on Investments,73838.37
2023-24,1974,Brookings-Harbor SD 17C,250,Non-Federal Sources,1700,Extra-Curricular Activities,35084.93
2023-24,1974,Brookings-Harbor SD 17C,250,Non-Federal Sources,1920,Contributions and Donations From Private Sources,33328.6
2023-24,1974,Brookings-Harbor SD 17C,250,Non-Federal Sources,1990,Miscellaneous,224746.75
2023-24,1974,Brookings-Harbor SD 17C,250,Non-Federal Sources,2200,Restricted Revenue,30011.6
2023-24,1974,Brookings-Harbor SD 17C,100,General Fund,5400,Resources - Beginning Fund Balance,4041194.73
2023-24,1974,Brookings-Harbor SD 17C,201,Federal Sources,2102,General Education Service District Funds,12390
2023-24,1974,Brookings-Harbor SD 17C,201,Federal Sources,2200,Restricted Revenue,14863.49
2023-24,1974,Brookings-Harbor SD 17C,201,Federal Sources,4300,Restricted Revenue Direct From the Federal Government,82651.6
2023-24,1974,Brookings-Harbor SD 17C,201,Federal Sources,4500,Restricted Revenue From Federal Government Through the State,2385121.44
2023-24,1974,Brookings-Harbor SD 17C,201,Federal Sources,4700,Grants-In-Aid From Federal Government Through Other Intermed,3653.48
2023-24,1974,Brookings-Harbor SD 17C,100,General Fund,1990,Miscellaneous,18379.98
2023-24,1974,Brookings-Harbor SD 17C,100,General Fund,2101,County School Funds,147563.15
2023-24,1974,Brookings-Harbor SD 17C,100,General Fund,2102,General Education Service District Funds,465435.15
2023-24,1974,Brookings-Harbor SD 17C,100,General Fund,3101,State School Fund --General Support,9526350.82
2023-24,1974,Brookings-Harbor SD 17C,100,General Fund,3103,Common School Fund,186430.02
2023-24,1974,Brookings-Harbor SD 17C,100,General Fund,4801,Federal Forest Fees,279340.93
2023-24,1974,Brookings-Harbor SD 17C,100,General Fund,1110,Ad valorem taxes levied by district,7279995.6
2023-24,1974,Brookings-Harbor SD 17C,100,General Fund,1313,Tuition from Other Districts outside the State,41789.94
2023-24,1974,Brookings-Harbor SD 17C,100,General Fund,1500,Earnings on Investments,405149.64
2023-24,1974,Brookings-Harbor SD 17C,100,General Fund,1910,Rentals,1220
2023-24,1974,Brookings-Harbor SD 17C,100,General Fund,1980,Fees Charged to Grants,126132.76
2023-24,1975,High Desert ESD,250,Non-Federal Sources,5400,Resources - Beginning Fund Balance,3623188.32
2023-24,1975,High Desert ESD,600,Internal Service Funds,1990,Miscellaneous,6544.57
2023-24,1975,High Desert ESD,600,Internal Service Funds,5200,Interfund Transfers,8892.58
2023-24,1975,High Desert ESD,600,Internal Service Funds,5400,Resources - Beginning Fund Balance,603577.58
2023-24,1975,High Desert ESD,700,Trust and Agency Funds,1990,Miscellaneous,1978800.15
2023-24,1975,High Desert ESD,700,Trust and Agency Funds,5400,Resources - Beginning Fund Balance,-0.01
2023-24,1975,High Desert ESD,250,Non-Federal Sources,1990,Miscellaneous,3994571.58
2023-24,1975,High Desert ESD,400,Capital Projects Funds,5200,Interfund Transfers,19275.05
2023-24,1975,High Desert ESD,400,Capital Projects Funds,5400,Resources - Beginning Fund Balance,-5568.4
2023-24,1975,High Desert ESD,600,Internal Service Funds,1910,Rentals,36559.12
2023-24,1975,High Desert ESD,600,Internal Service Funds,1930,Rental or Lease Payments from Private Contractors,13236
2023-24,1975,High Desert ESD,600,Internal Service Funds,1940,Services Provided Other Local Education Agencies,855.75
2023-24,1975,High Desert ESD,600,Internal Service Funds,1970,Services Provided Other Funds,1166851.25
2023-24,1975,High Desert ESD,250,Non-Federal Sources,4500,Restricted Revenue From Federal Government Through the State,2143197.61
2023-24,1975,High Desert ESD,250,Non-Federal Sources,4700,Grants-In-Aid From Federal Government Through Other Intermed,451800.32
2023-24,1975,High Desert ESD,250,Non-Federal Sources,5200,Interfund Transfers,6214630.15
2023-24,1975,High Desert ESD,300,Debt Service Funds,1500,Earnings on Investments,38640.73
2023-24,1975,High Desert ESD,300,Debt Service Funds,1970,Services Provided Other Funds,1330725.48
2023-24,1975,High Desert ESD,300,Debt Service Funds,5400,Resources - Beginning Fund Balance,20539.47
2023-24,1975,High Desert ESD,250,Non-Federal Sources,1320,Adult/Continuing Education Tuition,522980.06
2023-24,1975,High Desert ESD,250,Non-Federal Sources,1920,Contributions and Donations From Private Sources,2423369.77
2023-24,1975,High Desert ESD,250,Non-Federal Sources,1940,Services Provided Other Local Education Agencies,10271545.09
2023-24,1975,High Desert ESD,250,Non-Federal Sources,1970,Services Provided Other Funds,184693.17
2023-24,1975,High Desert ESD,250,Non-Federal Sources,3204,Driver Education,129420
2023-24,1975,High Desert ESD,250,Non-Federal Sources,3299,Other Restricted Grants-In-Aid,13051935.78
2023-24,1975,High Desert ESD,201,Federal Sources,1990,Miscellaneous,55909.5
2023-24,1975,High Desert ESD,201,Federal Sources,3299,Other Restricted Grants-In-Aid,382213.35
2023-24,1975,High Desert ESD,201,Federal Sources,4500,Restricted Revenue From Federal Government Through the State,6246662.88
2023-24,1975,High Desert ESD,201,Federal Sources,4501,Medicaid Reimbursement for Eligible Early Intervention (EI) Services (Birth to Age Three),207760.61
2023-24,1975,High Desert ESD,201,Federal Sources,4700,Grants-In-Aid From Federal Government Through Other Intermed,183295.42
2023-24,1975,High Desert ESD,201,Federal Sources,5400,Resources - Beginning Fund Balance,1184596.48
2023-24,1975,High Desert ESD,100,General Fund,1970,Services Provided Other Funds,667639.55
2023-24,1975,High Desert ESD,100,General Fund,1980,Fees Charged to Grants,2127692.48
2023-24,1975,High Desert ESD,100,General Fund,1990,Miscellaneous,58080.38
2023-24,1975,High Desert ESD,100,General Fund,3101,State School Fund --General Support,12655511.24
2023-24,1975,High Desert ESD,100,General Fund,5200,Interfund Transfers,20000
2023-24,1975,High Desert ESD,100,General Fund,5400,Resources - Beginning Fund Balance,4504073.45
2023-24,1975,High Desert ESD,100,General Fund,1110,Ad valorem taxes levied by district,3278312.6
2023-24,1975,High Desert ESD,100,General Fund,1500,Earnings on Investments,208464.36
2023-24,1975,High Desert ESD,100,General Fund,1920,Contributions and Donations From Private Sources,1000
2023-24,1975,High Desert ESD,100,General Fund,1940,Services Provided Other Local Education Agencies,450
2023-24,1976,Bend-LaPine Administrative SD 1,100,General Fund,1110,Ad valorem taxes levied by district,104201184.6
2023-24,1976,Bend-LaPine Administrative SD 1,100,General Fund,1311,Tuition from Individuals,14252.22
2023-24,1976,Bend-LaPine Administrative SD 1,100,General Fund,1330,Summer School Tuition,300
2023-24,1976,Bend-LaPine Administrative SD 1,100,General Fund,1411,Transportation fees from Individuals,11507.75
2023-24,1976,Bend-LaPine Administrative SD 1,100,General Fund,1412,Transportation fees from Other Districts within the State,29772.49
2023-24,1976,Bend-LaPine Administrative SD 1,100,General Fund,1500,Earnings on Investments,3749787.66
2023-24,1976,Bend-LaPine Administrative SD 1,400,Capital Projects Funds,5400,Resources - Beginning Fund Balance,116160273.6
2023-24,1976,Bend-LaPine Administrative SD 1,700,Trust and Agency Funds,1500,Earnings on Investments,6102.5
2023-24,1976,Bend-LaPine Administrative SD 1,700,Trust and Agency Funds,1920,Contributions and Donations From Private Sources,11885
2023-24,1976,Bend-LaPine Administrative SD 1,700,Trust and Agency Funds,5400,Resources - Beginning Fund Balance,90987.24
2023-24,1976,Bend-LaPine Administrative SD 1,100,General Fund,5100,Long Term Debt Financing Sources,127951.87
2023-24,1976,Bend-LaPine Administrative SD 1,300,Debt Service Funds,5400,Resources - Beginning Fund Balance,5387004.09
2023-24,1976,Bend-LaPine Administrative SD 1,400,Capital Projects Funds,1500,Earnings on Investments,5219981.63
2023-24,1976,Bend-LaPine Administrative SD 1,400,Capital Projects Funds,1910,Rentals,41937.6
2023-24,1976,Bend-LaPine Administrative SD 1,400,Capital Projects Funds,1990,Miscellaneous,401416.6
2023-24,1976,Bend-LaPine Administrative SD 1,400,Capital Projects Funds,3299,Other Restricted Grants-In-Aid,176476.18
2023-24,1976,Bend-LaPine Administrative SD 1,400,Capital Projects Funds,5200,Interfund Transfers,16499.85
2023-24,1976,Bend-LaPine Administrative SD 1,299,Child Nutrition,3299,Other Restricted Grants-In-Aid,1147192.52
2023-24,1976,Bend-LaPine Administrative SD 1,299,Child Nutrition,4500,Restricted Revenue From Federal Government Through the State,5146500.51
2023-24,1976,Bend-LaPine Administrative SD 1,299,Child Nutrition,5400,Resources - Beginning Fund Balance,4501912.93
2023-24,1976,Bend-LaPine Administrative SD 1,300,Debt Service Funds,1110,Ad valorem taxes levied by district,39708633.02
2023-24,1976,Bend-LaPine Administrative SD 1,300,Debt Service Funds,1500,Earnings on Investments,894841.37
2023-24,1976,Bend-LaPine Administrative SD 1,300,Debt Service Funds,3101,State School Fund --General Support,8864518.89
2023-24,1976,Bend-LaPine Administrative SD 1,252,Measure 98 - High School Success,3299,Other Restricted Grants-In-Aid,4784961.2
2023-24,1976,Bend-LaPine Administrative SD 1,299,Child Nutrition,1500,Earnings on Investments,203258.12
2023-24,1976,Bend-LaPine Administrative SD 1,299,Child Nutrition,1600,Food Service,1614226.07
2023-24,1976,Bend-LaPine Administrative SD 1,299,Child Nutrition,1920,Contributions and Donations From Private Sources,9613.09
2023-24,1976,Bend-LaPine Administrative SD 1,299,Child Nutrition,1990,Miscellaneous,31421.05
2023-24,1976,Bend-LaPine Administrative SD 1,299,Child Nutrition,3102,State School Fund--School Lunch Match,56779.27
2023-24,1976,Bend-LaPine Administrative SD 1,250,Non-Federal Sources,1990,Miscellaneous,627254.27
2023-24,1976,Bend-LaPine Administrative SD 1,250,Non-Federal Sources,2102,General Education Service District Funds,395000
2023-24,1976,Bend-LaPine Administrative SD 1,250,Non-Federal Sources,3299,Other Restricted Grants-In-Aid,2163276.89
2023-24,1976,Bend-LaPine Administrative SD 1,250,Non-Federal Sources,4300,Restricted Revenue Direct From the Federal Government,26010.06
2023-24,1976,Bend-LaPine Administrative SD 1,250,Non-Federal Sources,5400,Resources - Beginning Fund Balance,6858021.75
2023-24,1976,Bend-LaPine Administrative SD 1,251,Student Investment Account,3299,Other Restricted Grants-In-Aid,15747254.17
2023-24,1976,Bend-LaPine Administrative SD 1,201,Federal Sources,4500,Restricted Revenue From Federal Government Through the State,18977331.53
2023-24,1976,Bend-LaPine Administrative SD 1,201,Federal Sources,5400,Resources - Beginning Fund Balance,1709939.07
2023-24,1976,Bend-LaPine Administrative SD 1,250,Non-Federal Sources,1500,Earnings on Investments,222197.35
2023-24,1976,Bend-LaPine Administrative SD 1,250,Non-Federal Sources,1700,Extra-Curricular Activities,3315074.2
2023-24,1976,Bend-LaPine Administrative SD 1,250,Non-Federal Sources,1920,Contributions and Donations From Private Sources,475564.21
2023-24,1976,Bend-LaPine Administrative SD 1,250,Non-Federal Sources,1960,Recovery of Prior Years' Expenditure,884.38
2023-24,1976,Bend-LaPine Administrative SD 1,100,General Fund,5300,Sale of or Compensation for Loss of Fixed Assets,85603
2023-24,1976,Bend-LaPine Administrative SD 1,100,General Fund,5400,Resources - Beginning Fund Balance,33529176.91
2023-24,1976,Bend-LaPine Administrative SD 1,201,Federal Sources,1920,Contributions and Donations From Private Sources,4375
2023-24,1976,Bend-LaPine Administrative SD 1,201,Federal Sources,1990,Miscellaneous,1852113.31
2023-24,1976,Bend-LaPine Administrative SD 1,201,Federal Sources,3299,Other Restricted Grants-In-Aid,158046.36
2023-24,1976,Bend-LaPine Administrative SD 1,201,Federal Sources,4300,Restricted Revenue Direct From the Federal Government,73784.45
2023-24,1976,Bend-LaPine Administrative SD 1,100,General Fund,3222,State School Fund (SSF) Transportation Equipment,847000
2023-24,1976,Bend-LaPine Administrative SD 1,100,General Fund,3299,Other Restricted Grants-In-Aid,0
2023-24,1976,Bend-LaPine Administrative SD 1,100,General Fund,4202,Medicaid Reimbursement for Eligible K-12 Expenses (Ages Five to Twenty-One),82392.21
2023-24,1976,Bend-LaPine Administrative SD 1,100,General Fund,4500,Restricted Revenue From Federal Government Through the State,211453.45
2023-24,1976,Bend-LaPine Administrative SD 1,100,General Fund,4801,Federal Forest Fees,0
2023-24,1976,Bend-LaPine Administrative SD 1,100,General Fund,5200,Interfund Transfers,140030.86
2023-24,1976,Bend-LaPine Administrative SD 1,100,General Fund,1990,Miscellaneous,2753681.31
2023-24,1976,Bend-LaPine Administrative SD 1,100,General Fund,2101,County School Funds,412208.34
2023-24,1976,Bend-LaPine Administrative SD 1,100,General Fund,2102,General Education Service District Funds,1705000
2023-24,1976,Bend-LaPine Administrative SD 1,100,General Fund,2199,Other Intermediate Sources,100010.3
2023-24,1976,Bend-LaPine Administrative SD 1,100,General Fund,3101,State School Fund --General Support,96015719.94
2023-24,1976,Bend-LaPine Administrative SD 1,100,General Fund,3103,Common School Fund,2289065.62
2023-24,1976,Bend-LaPine Administrative SD 1,100,General Fund,1700,Extra-Curricular Activities,556470.09
2023-24,1976,Bend-LaPine Administrative SD 1,100,General Fund,1910,Rentals,369094.55
2023-24,1976,Bend-LaPine Administrative SD 1,100,General Fund,1920,Contributions and Donations From Private Sources,0
2023-24,1976,Bend-LaPine Administrative SD 1,100,General Fund,1960,Recovery of Prior Years' Expenditure,3848
2023-24,1976,Bend-LaPine Administrative SD 1,100,General Fund,1970,Services Provided Other Funds,1864510.29
2023-24,1976,Bend-LaPine Administrative SD 1,100,General Fund,1980,Fees Charged to Grants,435858.59
2023-24,1977,Redmond SD 2J,100,General Fund,1110,Ad valorem taxes levied by district,32523622.23
2023-24,1977,Redmond SD 2J,100,General Fund,1190,Penalties and interest on taxes,14046.22
2023-24,1977,Redmond SD 2J,100,General Fund,1312,Tuition from Other Districts within the State,2820
2023-24,1977,Redmond SD 2J,100,General Fund,1411,Transportation fees from Individuals,30323.04
2023-24,1977,Redmond SD 2J,100,General Fund,1412,Transportation fees from Other Districts within the State,45946.04
2023-24,1977,Redmond SD 2J,100,General Fund,1500,Earnings on Investments,1602896.05
2023-24,1977,Redmond SD 2J,600,Internal Service Funds,5400,Resources - Beginning Fund Balance,772611.1
2023-24,1977,Redmond SD 2J,400,Capital Projects Funds,5400,Resources - Beginning Fund Balance,16257086.91
2023-24,1977,Redmond SD 2J,600,Internal Service Funds,1500,Earnings on Investments,17035.39
2023-24,1977,Redmond SD 2J,600,Internal Service Funds,1960,Recovery of Prior Years' Expenditure,89585.51
2023-24,1977,Redmond SD 2J,600,Internal Service Funds,1970,Services Provided Other Funds,579314.03
2023-24,1977,Redmond SD 2J,600,Internal Service Funds,1990,Miscellaneous,90948.75
2023-24,1977,Redmond SD 2J,600,Internal Service Funds,5200,Interfund Transfers,400000
2023-24,1977,Redmond SD 2J,300,Debt Service Funds,1970,Services Provided Other Funds,7404529.73
2023-24,1977,Redmond SD 2J,300,Debt Service Funds,5400,Resources - Beginning Fund Balance,2831705.66
2023-24,1977,Redmond SD 2J,400,Capital Projects Funds,1500,Earnings on Investments,795988.11
2023-24,1977,Redmond SD 2J,400,Capital Projects Funds,1990,Miscellaneous,21431.88
2023-24,1977,Redmond SD 2J,400,Capital Projects Funds,3299,Other Restricted Grants-In-Aid,2094182.05
2023-24,1977,Redmond SD 2J,400,Capital Projects Funds,5200,Interfund Transfers,578378.41
2023-24,1977,Redmond SD 2J,299,Child Nutrition,4500,Restricted Revenue From Federal Government Through the State,2159427.92
2023-24,1977,Redmond SD 2J,299,Child Nutrition,4900,Revenue for/on Behalf of the District,213229.04
2023-24,1977,Redmond SD 2J,299,Child Nutrition,5400,Resources - Beginning Fund Balance,1526971.93
2023-24,1977,Redmond SD 2J,300,Debt Service Funds,1110,Ad valorem taxes levied by district,15297657.35
2023-24,1977,Redmond SD 2J,300,Debt Service Funds,1190,Penalties and interest on taxes,6461.62
2023-24,1977,Redmond SD 2J,300,Debt Service Funds,1500,Earnings on Investments,554642.16
2023-24,1977,Redmond SD 2J,299,Child Nutrition,1600,Food Service,277952.4
2023-24,1977,Redmond SD 2J,299,Child Nutrition,1910,Rentals,146.34
2023-24,1977,Redmond SD 2J,299,Child Nutrition,1940,Services Provided Other Local Education Agencies,46000
2023-24,1977,Redmond SD 2J,299,Child Nutrition,1990,Miscellaneous,2745.41
2023-24,1977,Redmond SD 2J,299,Child Nutrition,3102,State School Fund--School Lunch Match,23035.96
2023-24,1977,Redmond SD 2J,299,Child Nutrition,3299,Other Restricted Grants-In-Aid,476270.89
2023-24,1977,Redmond SD 2J,250,Non-Federal Sources,4500,Restricted Revenue From Federal Government Through the State,26426.54
2023-24,1977,Redmond SD 2J,250,Non-Federal Sources,5200,Interfund Transfers,1527897
2023-24,1977,Redmond SD 2J,250,Non-Federal Sources,5400,Resources - Beginning Fund Balance,4850965.37
2023-24,1977,Redmond SD 2J,251,Student Investment Account,3299,Other Restricted Grants-In-Aid,6600074.54
2023-24,1977,Redmond SD 2J,252,Measure 98 - High School Success,3299,Other Restricted Grants-In-Aid,1605534.69
2023-24,1977,Redmond SD 2J,299,Child Nutrition,1500,Earnings on Investments,64874.29
2023-24,1977,Redmond SD 2J,250,Non-Federal Sources,1910,Rentals,208001.03
2023-24,1977,Redmond SD 2J,250,Non-Federal Sources,1920,Contributions and Donations From Private Sources,435405.6
2023-24,1977,Redmond SD 2J,250,Non-Federal Sources,1990,Miscellaneous,677415.56
2023-24,1977,Redmond SD 2J,250,Non-Federal Sources,2200,Restricted Revenue,13612.93
2023-24,1977,Redmond SD 2J,250,Non-Federal Sources,3222,State School Fund (SSF) Transportation Equipment,248406.2
2023-24,1977,Redmond SD 2J,250,Non-Federal Sources,3299,Other Restricted Grants-In-Aid,530791.26
2023-24,1977,Redmond SD 2J,100,General Fund,5400,Resources - Beginning Fund Balance,12826193.33
2023-24,1977,Redmond SD 2J,201,Federal Sources,3299,Other Restricted Grants-In-Aid,23250.97
2023-24,1977,Redmond SD 2J,201,Federal Sources,4500,Restricted Revenue From Federal Government Through the State,6995349.44
2023-24,1977,Redmond SD 2J,250,Non-Federal Sources,1500,Earnings on Investments,217550.28
2023-24,1977,Redmond SD 2J,250,Non-Federal Sources,1700,Extra-Curricular Activities,1393279.27
2023-24,1977,Redmond SD 2J,250,Non-Federal Sources,1800,Community Services Activities,100862.5
2023-24,1977,Redmond SD 2J,100,General Fund,4201,Foster Transportation,16432.36
2023-24,1977,Redmond SD 2J,100,General Fund,4202,Medicaid Reimbursement for Eligible K-12 Expenses (Ages Five to Twenty-One),26170.61
2023-24,1977,Redmond SD 2J,100,General Fund,4700,Grants-In-Aid From Federal Government Through Other Intermed,13937
2023-24,1977,Redmond SD 2J,100,General Fund,4801,Federal Forest Fees,68123.97
2023-24,1977,Redmond SD 2J,100,General Fund,5200,Interfund Transfers,9991.12
2023-24,1977,Redmond SD 2J,100,General Fund,5300,Sale of or Compensation for Loss of Fixed Assets,8267
2023-24,1977,Redmond SD 2J,100,General Fund,2102,General Education Service District Funds,272149.12
2023-24,1977,Redmond SD 2J,100,General Fund,2199,Other Intermediate Sources,30877.28
2023-24,1977,Redmond SD 2J,100,General Fund,2200,Restricted Revenue,170113.12
2023-24,1977,Redmond SD 2J,100,General Fund,3101,State School Fund --General Support,53020181.55
2023-24,1977,Redmond SD 2J,100,General Fund,3103,Common School Fund,919654.24
2023-24,1977,Redmond SD 2J,100,General Fund,3299,Other Restricted Grants-In-Aid,15518.01
2023-24,1977,Redmond SD 2J,100,General Fund,1910,Rentals,44962.5
2023-24,1977,Redmond SD 2J,100,General Fund,1920,Contributions and Donations From Private Sources,490.92
2023-24,1977,Redmond SD 2J,100,General Fund,1960,Recovery of Prior Years' Expenditure,30206.59
2023-24,1977,Redmond SD 2J,100,General Fund,1980,Fees Charged to Grants,582762.26
2023-24,1977,Redmond SD 2J,100,General Fund,1990,Miscellaneous,684359.72
2023-24,1977,Redmond SD 2J,100,General Fund,2101,County School Funds,106126.22
2023-24,1978,Sisters SD 6,100,General Fund,1110,Ad valorem taxes levied by district,10507863.56
2023-24,1978,Sisters SD 6,100,General Fund,1120,Local option ad valorem taxes levied by district,1926747.38
2023-24,1978,Sisters SD 6,100,General Fund,1190,Penalties and interest on taxes,5087.45
2023-24,1978,Sisters SD 6,100,General Fund,1312,Tuition from Other Districts within the State,170408.04
2023-24,1978,Sisters SD 6,100,General Fund,1500,Earnings on Investments,450523.66
2023-24,1978,Sisters SD 6,100,General Fund,1910,Rentals,137966.54
2023-24,1978,Sisters SD 6,700,Trust and Agency Funds,1990,Miscellaneous,217.23
2023-24,1978,Sisters SD 6,700,Trust and Agency Funds,5400,Resources - Beginning Fund Balance,56088.75
2023-24,1978,Sisters SD 6,250,Non-Federal Sources,1700,Extra-Curricular Activities,422383.53
2023-24,1978,Sisters SD 6,300,Debt Service Funds,1990,Miscellaneous,-46562
2023-24,1978,Sisters SD 6,300,Debt Service Funds,5400,Resources - Beginning Fund Balance,312977.27
2023-24,1978,Sisters SD 6,400,Capital Projects Funds,1500,Earnings on Investments,952358.92
2023-24,1978,Sisters SD 6,400,Capital Projects Funds,1990,Miscellaneous,8200
2023-24,1978,Sisters SD 6,400,Capital Projects Funds,5400,Resources - Beginning Fund Balance,28382972.97
2023-24,1978,Sisters SD 6,700,Trust and Agency Funds,1920,Contributions and Donations From Private Sources,81767.2
2023-24,1978,Sisters SD 6,299,Child Nutrition,5200,Interfund Transfers,52810.08
2023-24,1978,Sisters SD 6,299,Child Nutrition,5400,Resources - Beginning Fund Balance,110710.17
2023-24,1978,Sisters SD 6,300,Debt Service Funds,1110,Ad valorem taxes levied by district,3296538.11
2023-24,1978,Sisters SD 6,300,Debt Service Funds,1190,Penalties and interest on taxes,1322.3
2023-24,1978,Sisters SD 6,300,Debt Service Funds,1500,Earnings on Investments,45346.41
2023-24,1978,Sisters SD 6,300,Debt Service Funds,1970,Services Provided Other Funds,1045144
2023-24,1978,Sisters SD 6,252,Measure 98 - High School Success,3299,Other Restricted Grants-In-Aid,325184.46
2023-24,1978,Sisters SD 6,252,Measure 98 - High School Success,5400,Resources - Beginning Fund Balance,13.69
2023-24,1978,Sisters SD 6,299,Child Nutrition,1600,Food Service,86472.49
2023-24,1978,Sisters SD 6,299,Child Nutrition,1990,Miscellaneous,4965.07
2023-24,1978,Sisters SD 6,299,Child Nutrition,4500,Restricted Revenue From Federal Government Through the State,231466.11
2023-24,1978,Sisters SD 6,299,Child Nutrition,4900,Revenue for/on Behalf of the District,653
2023-24,1978,Sisters SD 6,250,Non-Federal Sources,5100,Long Term Debt Financing Sources,801451
2023-24,1978,Sisters SD 6,250,Non-Federal Sources,5200,Interfund Transfers,310000
2023-24,1978,Sisters SD 6,250,Non-Federal Sources,5300,Sale of or Compensation for Loss of Fixed Assets,313911.28
2023-24,1978,Sisters SD 6,250,Non-Federal Sources,5400,Resources - Beginning Fund Balance,1247392.31
2023-24,1978,Sisters SD 6,251,Student Investment Account,3299,Other Restricted Grants-In-Aid,964855.05
2023-24,1978,Sisters SD 6,251,Student Investment Account,5400,Resources - Beginning Fund Balance,-0.04
2023-24,1978,Sisters SD 6,250,Non-Federal Sources,1920,Contributions and Donations From Private Sources,186069.82
2023-24,1978,Sisters SD 6,250,Non-Federal Sources,1960,Recovery of Prior Years' Expenditure,287.92
2023-24,1978,Sisters SD 6,250,Non-Federal Sources,1990,Miscellaneous,66964.84
2023-24,1978,Sisters SD 6,250,Non-Federal Sources,2102,General Education Service District Funds,75094.72
2023-24,1978,Sisters SD 6,250,Non-Federal Sources,3222,State School Fund (SSF) Transportation Equipment,188001
2023-24,1978,Sisters SD 6,250,Non-Federal Sources,3299,Other Restricted Grants-In-Aid,538560.41
2023-24,1978,Sisters SD 6,100,General Fund,4500,Restricted Revenue From Federal Government Through the State,203500.16
2023-24,1978,Sisters SD 6,100,General Fund,5400,Resources - Beginning Fund Balance,3600234.59
2023-24,1978,Sisters SD 6,201,Federal Sources,4500,Restricted Revenue From Federal Government Through the State,549517.37
2023-24,1978,Sisters SD 6,201,Federal Sources,4700,Grants-In-Aid From Federal Government Through Other Intermed,1853.93
2023-24,1978,Sisters SD 6,250,Non-Federal Sources,1500,Earnings on Investments,1226
2023-24,1978,Sisters SD 6,250,Non-Federal Sources,1910,Rentals,12665.12
2023-24,1978,Sisters SD 6,100,General Fund,1920,Contributions and Donations From Private Sources,54.32
2023-24,1978,Sisters SD 6,100,General Fund,1960,Recovery of Prior Years' Expenditure,71.89
2023-24,1978,Sisters SD 6,100,General Fund,1990,Miscellaneous,154586.72
2023-24,1978,Sisters SD 6,100,General Fund,2101,County School Funds,26551.2
2023-24,1978,Sisters SD 6,100,General Fund,3101,State School Fund --General Support,4075768.02
2023-24,1978,Sisters SD 6,100,General Fund,3103,Common School Fund,153475.7
2023-24,1980,Douglas ESD,100,General Fund,5400,Resources - Beginning Fund Balance,4041943.68
2023-24,1980,Douglas ESD,200,Special Revenue Funds,5400,Resources - Beginning Fund Balance,6209290.62
2023-24,1980,Douglas ESD,300,Debt Service Funds,5400,Resources - Beginning Fund Balance,131265.32
2023-24,1980,Douglas ESD,400,Capital Projects Funds,5400,Resources - Beginning Fund Balance,73144.5
2023-24,1980,Douglas ESD,500,Enterprise Funds,5400,Resources - Beginning Fund Balance,160490
2023-24,1980,Douglas ESD,600,Internal Service Funds,5400,Resources - Beginning Fund Balance,1293825.64
2023-24,1980,Douglas ESD,600,Internal Service Funds,5200,Interfund Transfers,183144.5
2023-24,1980,Douglas ESD,300,Debt Service Funds,1500,Earnings on Investments,3638.84
2023-24,1980,Douglas ESD,300,Debt Service Funds,1970,Services Provided Other Funds,631949.67
2023-24,1980,Douglas ESD,300,Debt Service Funds,5200,Interfund Transfers,625260
2023-24,1980,Douglas ESD,500,Enterprise Funds,1910,Rentals,59160
2023-24,1980,Douglas ESD,500,Enterprise Funds,1940,Services Provided Other Local Education Agencies,272018.39
2023-24,1980,Douglas ESD,600,Internal Service Funds,1970,Services Provided Other Funds,147971.72
2023-24,1980,Douglas ESD,250,Non-Federal Sources,2900,Revenue for/on Behalf of the District,1081679.23
2023-24,1980,Douglas ESD,250,Non-Federal Sources,3299,Other Restricted Grants-In-Aid,14295891.71
2023-24,1980,Douglas ESD,250,Non-Federal Sources,3900,Revenue for/on Behalf of the District,9115632
2023-24,1980,Douglas ESD,250,Non-Federal Sources,5200,Interfund Transfers,15000
2023-24,1980,Douglas ESD,251,Student Investment Account,3299,Other Restricted Grants-In-Aid,566877.2
2023-24,1980,Douglas ESD,252,Measure 98 - High School Success,3299,Other Restricted Grants-In-Aid,13157.88
2023-24,1980,Douglas ESD,250,Non-Federal Sources,1910,Rentals,10103.35
2023-24,1980,Douglas ESD,250,Non-Federal Sources,1920,Contributions and Donations From Private Sources,1103072.2
2023-24,1980,Douglas ESD,250,Non-Federal Sources,1940,Services Provided Other Local Education Agencies,2000445.02
2023-24,1980,Douglas ESD,250,Non-Federal Sources,1970,Services Provided Other Funds,1133928.13
2023-24,1980,Douglas ESD,250,Non-Federal Sources,1990,Miscellaneous,54309.15
2023-24,1980,Douglas ESD,250,Non-Federal Sources,2199,Other Intermediate Sources,356819.66
2023-24,1980,Douglas ESD,100,General Fund,1990,Miscellaneous,19849.33
2023-24,1980,Douglas ESD,100,General Fund,3101,State School Fund --General Support,2215587.58
2023-24,1980,Douglas ESD,100,General Fund,5200,Interfund Transfers,300000
2023-24,1980,Douglas ESD,100,General Fund,5300,Sale of or Compensation for Loss of Fixed Assets,820
2023-24,1980,Douglas ESD,201,Federal Sources,4500,Restricted Revenue From Federal Government Through the State,8970236.05
2023-24,1980,Douglas ESD,250,Non-Federal Sources,1320,Adult/Continuing Education Tuition,83328.12
2023-24,1980,Douglas ESD,100,General Fund,1110,Ad valorem taxes levied by district,5535148.58
2023-24,1980,Douglas ESD,100,General Fund,1500,Earnings on Investments,294186.78
2023-24,1980,Douglas ESD,100,General Fund,1940,Services Provided Other Local Education Agencies,1624816.36
2023-24,1980,Douglas ESD,100,General Fund,1960,Recovery of Prior Years' Expenditure,16261
2023-24,1980,Douglas ESD,100,General Fund,1970,Services Provided Other Funds,158200
2023-24,1980,Douglas ESD,100,General Fund,1980,Fees Charged to Grants,1942771.72
2023-24,1990,Oakland SD 1,100,General Fund,1110,Ad valorem taxes levied by district,1697969.96
2023-24,1990,Oakland SD 1,100,General Fund,1500,Earnings on Investments,221501.21
2023-24,1990,Oakland SD 1,100,General Fund,1990,Miscellaneous,166626.33
2023-24,1990,Oakland SD 1,100,General Fund,2101,County School Funds,8858.01
2023-24,1990,Oakland SD 1,100,General Fund,2102,General Education Service District Funds,66414
2023-24,1990,Oakland SD 1,100,General Fund,2199,Other Intermediate Sources,1023.29
2023-24,1990,Oakland SD 1,400,Capital Projects Funds,1990,Miscellaneous,716718.74
2023-24,1990,Oakland SD 1,400,Capital Projects Funds,5200,Interfund Transfers,450000
2023-24,1990,Oakland SD 1,400,Capital Projects Funds,5400,Resources - Beginning Fund Balance,874620.76
2023-24,1990,Oakland SD 1,700,Trust and Agency Funds,1500,Earnings on Investments,17441.92
2023-24,1990,Oakland SD 1,700,Trust and Agency Funds,1920,Contributions and Donations From Private Sources,14067.12
2023-24,1990,Oakland SD 1,700,Trust and Agency Funds,5400,Resources - Beginning Fund Balance,390306.1
2023-24,1990,Oakland SD 1,299,Child Nutrition,4900,Revenue for/on Behalf of the District,25191.16
2023-24,1990,Oakland SD 1,299,Child Nutrition,5400,Resources - Beginning Fund Balance,98163.63
2023-24,1990,Oakland SD 1,300,Debt Service Funds,1500,Earnings on Investments,490.28
2023-24,1990,Oakland SD 1,300,Debt Service Funds,1990,Miscellaneous,17991.59
2023-24,1990,Oakland SD 1,300,Debt Service Funds,5400,Resources - Beginning Fund Balance,41409.32
2023-24,1990,Oakland SD 1,400,Capital Projects Funds,1500,Earnings on Investments,2978.94
2023-24,1990,Oakland SD 1,252,Measure 98 - High School Success,5400,Resources - Beginning Fund Balance,3499.28
2023-24,1990,Oakland SD 1,299,Child Nutrition,1600,Food Service,5921.95
2023-24,1990,Oakland SD 1,299,Child Nutrition,3101,State School Fund --General Support,13296.8
2023-24,1990,Oakland SD 1,299,Child Nutrition,3102,State School Fund--School Lunch Match,2104.01
2023-24,1990,Oakland SD 1,299,Child Nutrition,3299,Other Restricted Grants-In-Aid,26983.25
2023-24,1990,Oakland SD 1,299,Child Nutrition,4500,Restricted Revenue From Federal Government Through the State,244948.05
2023-24,1990,Oakland SD 1,250,Non-Federal Sources,3299,Other Restricted Grants-In-Aid,2141350.09
2023-24,1990,Oakland SD 1,250,Non-Federal Sources,5200,Interfund Transfers,695000
2023-24,1990,Oakland SD 1,250,Non-Federal Sources,5400,Resources - Beginning Fund Balance,2466065.85
2023-24,1990,Oakland SD 1,251,Student Investment Account,3299,Other Restricted Grants-In-Aid,666431.98
2023-24,1990,Oakland SD 1,251,Student Investment Account,5400,Resources - Beginning Fund Balance,123348.76
2023-24,1990,Oakland SD 1,252,Measure 98 - High School Success,3299,Other Restricted Grants-In-Aid,305786.63
2023-24,1990,Oakland SD 1,250,Non-Federal Sources,1500,Earnings on Investments,40996.7
2023-24,1990,Oakland SD 1,250,Non-Federal Sources,1700,Extra-Curricular Activities,215260.34
2023-24,1990,Oakland SD 1,250,Non-Federal Sources,1920,Contributions and Donations From Private Sources,47948.7
2023-24,1990,Oakland SD 1,250,Non-Federal Sources,1970,Services Provided Other Funds,275152.57
2023-24,1990,Oakland SD 1,250,Non-Federal Sources,1990,Miscellaneous,13304.97
2023-24,1990,Oakland SD 1,250,Non-Federal Sources,3222,State School Fund (SSF) Transportation Equipment,111155
2023-24,1990,Oakland SD 1,100,General Fund,3101,State School Fund --General Support,6408026.87
2023-24,1990,Oakland SD 1,100,General Fund,3103,Common School Fund,83500.04
2023-24,1990,Oakland SD 1,100,General Fund,4801,Federal Forest Fees,73009.02
2023-24,1990,Oakland SD 1,100,General Fund,5400,Resources - Beginning Fund Balance,2611875.44
2023-24,1990,Oakland SD 1,201,Federal Sources,4500,Restricted Revenue From Federal Government Through the State,1499775.46
2023-24,1990,Oakland SD 1,201,Federal Sources,4700,Grants-In-Aid From Federal Government Through Other Intermed,10000
2023-24,1991,Douglas County SD 4,100,General Fund,1110,Ad valorem taxes levied by district,20188144.59
2023-24,1991,Douglas County SD 4,100,General Fund,1500,Earnings on Investments,1713184.24
2023-24,1991,Douglas County SD 4,100,General Fund,1700,Extra-Curricular Activities,63265.25
2023-24,1991,Douglas County SD 4,100,General Fund,1800,Community Services Activities,97806.82
2023-24,1991,Douglas County SD 4,100,General Fund,1910,Rentals,5443.5
2023-24,1991,Douglas County SD 4,100,General Fund,1980,Fees Charged to Grants,42695.35
2023-24,1991,Douglas County SD 4,400,Capital Projects Funds,1700,Extra-Curricular Activities,5498.71
2023-24,1991,Douglas County SD 4,400,Capital Projects Funds,1990,Miscellaneous,340040.35
2023-24,1991,Douglas County SD 4,400,Capital Projects Funds,3299,Other Restricted Grants-In-Aid,2273071
2023-24,1991,Douglas County SD 4,400,Capital Projects Funds,5200,Interfund Transfers,1280000
2023-24,1991,Douglas County SD 4,400,Capital Projects Funds,5400,Resources - Beginning Fund Balance,3349278.29
2023-24,1991,Douglas County SD 4,300,Debt Service Funds,5400,Resources - Beginning Fund Balance,8069417.78
2023-24,1991,Douglas County SD 4,299,Child Nutrition,4500,Restricted Revenue From Federal Government Through the State,2007480.07
2023-24,1991,Douglas County SD 4,299,Child Nutrition,4900,Revenue for/on Behalf of the District,196916.31
2023-24,1991,Douglas County SD 4,299,Child Nutrition,5400,Resources - Beginning Fund Balance,3167206.11
2023-24,1991,Douglas County SD 4,300,Debt Service Funds,1110,Ad valorem taxes levied by district,18430.3
2023-24,1991,Douglas County SD 4,300,Debt Service Funds,1500,Earnings on Investments,380033.83
2023-24,1991,Douglas County SD 4,300,Debt Service Funds,1970,Services Provided Other Funds,6209965.24
2023-24,1991,Douglas County SD 4,251,Student Investment Account,3299,Other Restricted Grants-In-Aid,5226287.09
2023-24,1991,Douglas County SD 4,252,Measure 98 - High School Success,3299,Other Restricted Grants-In-Aid,1584304.33
2023-24,1991,Douglas County SD 4,299,Child Nutrition,1600,Food Service,5381
2023-24,1991,Douglas County SD 4,299,Child Nutrition,1990,Miscellaneous,13997.31
2023-24,1991,Douglas County SD 4,299,Child Nutrition,3102,State School Fund--School Lunch Match,30438.68
2023-24,1991,Douglas County SD 4,299,Child Nutrition,3299,Other Restricted Grants-In-Aid,548162.06
2023-24,1991,Douglas County SD 4,250,Non-Federal Sources,1990,Miscellaneous,27776
2023-24,1991,Douglas County SD 4,250,Non-Federal Sources,2102,General Education Service District Funds,444071
2023-24,1991,Douglas County SD 4,250,Non-Federal Sources,3204,Driver Education,61635
2023-24,1991,Douglas County SD 4,250,Non-Federal Sources,3299,Other Restricted Grants-In-Aid,1653726.34
2023-24,1991,Douglas County SD 4,250,Non-Federal Sources,5200,Interfund Transfers,874000
2023-24,1991,Douglas County SD 4,250,Non-Federal Sources,5400,Resources - Beginning Fund Balance,2583170.53
2023-24,1991,Douglas County SD 4,100,General Fund,5300,Sale of or Compensation for Loss of Fixed Assets,34591.17
2023-24,1991,Douglas County SD 4,100,General Fund,5400,Resources - Beginning Fund Balance,20541750.66
2023-24,1991,Douglas County SD 4,201,Federal Sources,4500,Restricted Revenue From Federal Government Through the State,10234532.26
2023-24,1991,Douglas County SD 4,250,Non-Federal Sources,1700,Extra-Curricular Activities,1096611.7
2023-24,1991,Douglas County SD 4,250,Non-Federal Sources,1910,Rentals,314262.32
2023-24,1991,Douglas County SD 4,250,Non-Federal Sources,1920,Contributions and Donations From Private Sources,229531.53
2023-24,1991,Douglas County SD 4,100,General Fund,1990,Miscellaneous,305341.3
2023-24,1991,Douglas County SD 4,100,General Fund,2101,County School Funds,77325.82
2023-24,1991,Douglas County SD 4,100,General Fund,3101,State School Fund --General Support,47723769.76
2023-24,1991,Douglas County SD 4,100,General Fund,3103,Common School Fund,748083.06
2023-24,1991,Douglas County SD 4,100,General Fund,4200,Unrestricted Revenue From Federal Government Through State,8455.99
2023-24,1991,Douglas County SD 4,100,General Fund,4801,Federal Forest Fees,637330.47
2023-24,1992,Glide SD 12,100,General Fund,1110,Ad valorem taxes levied by district,4827626.77
2023-24,1992,Glide SD 12,100,General Fund,1190,Penalties and interest on taxes,11563.48
2023-24,1992,Glide SD 12,100,General Fund,1500,Earnings on Investments,307881
2023-24,1992,Glide SD 12,100,General Fund,1700,Extra-Curricular Activities,19989.31
2023-24,1992,Glide SD 12,100,General Fund,1960,Recovery of Prior Years' Expenditure,38463.43
2023-24,1992,Glide SD 12,100,General Fund,1990,Miscellaneous,99379.42
2023-24,1992,Glide SD 12,400,Capital Projects Funds,5400,Resources - Beginning Fund Balance,2437787.45
2023-24,1992,Glide SD 12,700,Trust and Agency Funds,1920,Contributions and Donations From Private Sources,5900
2023-24,1992,Glide SD 12,700,Trust and Agency Funds,5400,Resources - Beginning Fund Balance,14093.22
2023-24,1992,Glide SD 12,250,Non-Federal Sources,5400,Resources - Beginning Fund Balance,595115
2023-24,1992,Glide SD 12,300,Debt Service Funds,1500,Earnings on Investments,11589.67
2023-24,1992,Glide SD 12,300,Debt Service Funds,1970,Services Provided Other Funds,332400.9
2023-24,1992,Glide SD 12,300,Debt Service Funds,5400,Resources - Beginning Fund Balance,721184.12
2023-24,1992,Glide SD 12,400,Capital Projects Funds,1990,Miscellaneous,48002.43
2023-24,1992,Glide SD 12,400,Capital Projects Funds,5200,Interfund Transfers,300000
2023-24,1992,Glide SD 12,400,Capital Projects Funds,5300,Sale of or Compensation for Loss of Fixed Assets,22915.92
2023-24,1992,Glide SD 12,299,Child Nutrition,3299,Other Restricted Grants-In-Aid,31141.94
2023-24,1992,Glide SD 12,299,Child Nutrition,4500,Restricted Revenue From Federal Government Through the State,179142.49
2023-24,1992,Glide SD 12,299,Child Nutrition,4900,Revenue for/on Behalf of the District,24673.63
2023-24,1992,Glide SD 12,299,Child Nutrition,5400,Resources - Beginning Fund Balance,121412.92
2023-24,1992,Glide SD 12,300,Debt Service Funds,1110,Ad valorem taxes levied by district,1014019.9
2023-24,1992,Glide SD 12,300,Debt Service Funds,1190,Penalties and interest on taxes,2355.84
2023-24,1992,Glide SD 12,250,Non-Federal Sources,5200,Interfund Transfers,175000
2023-24,1992,Glide SD 12,251,Student Investment Account,3299,Other Restricted Grants-In-Aid,722160.8
2023-24,1992,Glide SD 12,251,Student Investment Account,5400,Resources - Beginning Fund Balance,20998.95
2023-24,1992,Glide SD 12,252,Measure 98 - High School Success,3299,Other Restricted Grants-In-Aid,237839.38
2023-24,1992,Glide SD 12,299,Child Nutrition,1600,Food Service,78079
2023-24,1992,Glide SD 12,299,Child Nutrition,3102,State School Fund--School Lunch Match,2939.72
2023-24,1992,Glide SD 12,250,Non-Federal Sources,1990,Miscellaneous,385
2023-24,1992,Glide SD 12,250,Non-Federal Sources,2200,Restricted Revenue,10715.48
2023-24,1992,Glide SD 12,250,Non-Federal Sources,3222,State School Fund (SSF) Transportation Equipment,115902
2023-24,1992,Glide SD 12,250,Non-Federal Sources,3299,Other Restricted Grants-In-Aid,113788.94
2023-24,1992,Glide SD 12,250,Non-Federal Sources,4500,Restricted Revenue From Federal Government Through the State,6896.44
2023-24,1992,Glide SD 12,250,Non-Federal Sources,5100,Long Term Debt Financing Sources,316424
2023-24,1992,Glide SD 12,100,General Fund,5400,Resources - Beginning Fund Balance,2001561.9
2023-24,1992,Glide SD 12,201,Federal Sources,4500,Restricted Revenue From Federal Government Through the State,2047996.4
2023-24,1992,Glide SD 12,250,Non-Federal Sources,1500,Earnings on Investments,19.14
2023-24,1992,Glide SD 12,250,Non-Federal Sources,1700,Extra-Curricular Activities,120520
2023-24,1992,Glide SD 12,250,Non-Federal Sources,1910,Rentals,6300
2023-24,1992,Glide SD 12,250,Non-Federal Sources,1920,Contributions and Donations From Private Sources,98572.93
2023-24,1992,Glide SD 12,100,General Fund,2101,County School Funds,9998.26
2023-24,1992,Glide SD 12,100,General Fund,2102,General Education Service District Funds,73275
2023-24,1992,Glide SD 12,100,General Fund,2199,Other Intermediate Sources,6389.93
2023-24,1992,Glide SD 12,100,General Fund,3101,State School Fund --General Support,5005932.3
2023-24,1992,Glide SD 12,100,General Fund,3103,Common School Fund,93668.12
2023-24,1992,Glide SD 12,100,General Fund,4801,Federal Forest Fees,82407.14
2023-24,1993,Douglas County SD 15,100,General Fund,1110,Ad valorem taxes levied by district,588813.09
2023-24,1993,Douglas County SD 15,100,General Fund,1500,Earnings on Investments,149871.19
2023-24,1993,Douglas County SD 15,100,General Fund,1700,Extra-Curricular Activities,7316.65
2023-24,1993,Douglas County SD 15,100,General Fund,1920,Contributions and Donations From Private Sources,275
2023-24,1993,Douglas County SD 15,100,General Fund,1980,Fees Charged to Grants,17239.09
2023-24,1993,Douglas County SD 15,100,General Fund,1990,Miscellaneous,70909.23
2023-24,1993,Douglas County SD 15,400,Capital Projects Funds,5400,Resources - Beginning Fund Balance,1321779.27
2023-24,1993,Douglas County SD 15,300,Debt Service Funds,4500,Restricted Revenue From Federal Government Through the State,10373
2023-24,1993,Douglas County SD 15,300,Debt Service Funds,5200,Interfund Transfers,40000
2023-24,1993,Douglas County SD 15,300,Debt Service Funds,5400,Resources - Beginning Fund Balance,1902.73
2023-24,1993,Douglas County SD 15,400,Capital Projects Funds,1500,Earnings on Investments,51969.73
2023-24,1993,Douglas County SD 15,400,Capital Projects Funds,3299,Other Restricted Grants-In-Aid,58160
2023-24,1993,Douglas County SD 15,400,Capital Projects Funds,5200,Interfund Transfers,165000
2023-24,1993,Douglas County SD 15,299,Child Nutrition,3102,State School Fund--School Lunch Match,1170.75
2023-24,1993,Douglas County SD 15,299,Child Nutrition,3299,Other Restricted Grants-In-Aid,8931.6
2023-24,1993,Douglas County SD 15,299,Child Nutrition,4500,Restricted Revenue From Federal Government Through the State,140962.37
2023-24,1993,Douglas County SD 15,299,Child Nutrition,4900,Revenue for/on Behalf of the District,15820.39
2023-24,1993,Douglas County SD 15,299,Child Nutrition,5200,Interfund Transfers,50000
2023-24,1993,Douglas County SD 15,299,Child Nutrition,5400,Resources - Beginning Fund Balance,88990.49
2023-24,1993,Douglas County SD 15,250,Non-Federal Sources,3299,Other Restricted Grants-In-Aid,61402.41
2023-24,1993,Douglas County SD 15,250,Non-Federal Sources,5200,Interfund Transfers,50000
2023-24,1993,Douglas County SD 15,250,Non-Federal Sources,5400,Resources - Beginning Fund Balance,412539.3
2023-24,1993,Douglas County SD 15,251,Student Investment Account,3299,Other Restricted Grants-In-Aid,327921.94
2023-24,1993,Douglas County SD 15,252,Measure 98 - High School Success,3299,Other Restricted Grants-In-Aid,94200.93
2023-24,1993,Douglas County SD 15,299,Child Nutrition,1600,Food Service,1643.45
2023-24,1993,Douglas County SD 15,201,Federal Sources,4500,Restricted Revenue From Federal Government Through the State,321289.92
2023-24,1993,Douglas County SD 15,250,Non-Federal Sources,1500,Earnings on Investments,7458.2
2023-24,1993,Douglas County SD 15,250,Non-Federal Sources,1700,Extra-Curricular Activities,36811.8
2023-24,1993,Douglas County SD 15,250,Non-Federal Sources,1920,Contributions and Donations From Private Sources,115213.79
2023-24,1993,Douglas County SD 15,250,Non-Federal Sources,1990,Miscellaneous,803.61
2023-24,1993,Douglas County SD 15,250,Non-Federal Sources,2199,Other Intermediate Sources,3922.17
2023-24,1993,Douglas County SD 15,100,General Fund,2101,County School Funds,3082.24
2023-24,1993,Douglas County SD 15,100,General Fund,2102,General Education Service District Funds,38339
2023-24,1993,Douglas County SD 15,100,General Fund,3101,State School Fund --General Support,3429461.96
2023-24,1993,Douglas County SD 15,100,General Fund,3103,Common School Fund,30593.94
2023-24,1993,Douglas County SD 15,100,General Fund,4801,Federal Forest Fees,25404.26
2023-24,1993,Douglas County SD 15,100,General Fund,5400,Resources - Beginning Fund Balance,1986531.15
2023-24,1994,South Umpqua SD 19,100,General Fund,3102,State School Fund--School Lunch Match,-7683.82
2023-24,1994,South Umpqua SD 19,100,General Fund,1110,Ad valorem taxes levied by district,3962169.86
2023-24,1994,South Umpqua SD 19,100,General Fund,1190,Penalties and interest on taxes,9433.94
2023-24,1994,South Umpqua SD 19,100,General Fund,1500,Earnings on Investments,563.95
2023-24,1994,South Umpqua SD 19,100,General Fund,1700,Extra-Curricular Activities,54111.35
2023-24,1994,South Umpqua SD 19,100,General Fund,1910,Rentals,7771.6
2023-24,1994,South Umpqua SD 19,299,Child Nutrition,4500,Restricted Revenue From Federal Government Through the State,856613.35
2023-24,1994,South Umpqua SD 19,400,Capital Projects Funds,5200,Interfund Transfers,650000
2023-24,1994,South Umpqua SD 19,400,Capital Projects Funds,5400,Resources - Beginning Fund Balance,1265653.97
2023-24,1994,South Umpqua SD 19,300,Debt Service Funds,1500,Earnings on Investments,624768.65
2023-24,1994,South Umpqua SD 19,300,Debt Service Funds,1970,Services Provided Other Funds,1649533.31
2023-24,1994,South Umpqua SD 19,300,Debt Service Funds,4900,Revenue for/on Behalf of the District,2715.84
2023-24,1994,South Umpqua SD 19,300,Debt Service Funds,5200,Interfund Transfers,585220.35
2023-24,1994,South Umpqua SD 19,300,Debt Service Funds,5400,Resources - Beginning Fund Balance,3959241.07
2023-24,1994,South Umpqua SD 19,400,Capital Projects Funds,1990,Miscellaneous,47226.81
2023-24,1994,South Umpqua SD 19,252,Measure 98 - High School Success,3299,Other Restricted Grants-In-Aid,400081.78
2023-24,1994,South Umpqua SD 19,299,Child Nutrition,1600,Food Service,198035.72
2023-24,1994,South Umpqua SD 19,299,Child Nutrition,3102,State School Fund--School Lunch Match,7683.82
2023-24,1994,South Umpqua SD 19,299,Child Nutrition,3299,Other Restricted Grants-In-Aid,82299.1
2023-24,1994,South Umpqua SD 19,299,Child Nutrition,4900,Revenue for/on Behalf of the District,60488.41
2023-24,1994,South Umpqua SD 19,299,Child Nutrition,5400,Resources - Beginning Fund Balance,267043.89
2023-24,1994,South Umpqua SD 19,200,Special Revenue Funds,1500,Earnings on Investments,16.08
2023-24,1994,South Umpqua SD 19,200,Special Revenue Funds,1700,Extra-Curricular Activities,294638.86
2023-24,1994,South Umpqua SD 19,200,Special Revenue Funds,5400,Resources - Beginning Fund Balance,271117.09
2023-24,1994,South Umpqua SD 19,201,Federal Sources,4500,Restricted Revenue From Federal Government Through the State,2536465.94
2023-24,1994,South Umpqua SD 19,250,Non-Federal Sources,3299,Other Restricted Grants-In-Aid,410803.75
2023-24,1994,South Umpqua SD 19,251,Student Investment Account,3299,Other Restricted Grants-In-Aid,1298262.78
2023-24,1994,South Umpqua SD 19,100,General Fund,3101,State School Fund --General Support,13800586.89
2023-24,1994,South Umpqua SD 19,100,General Fund,3103,Common School Fund,193907.78
2023-24,1994,South Umpqua SD 19,100,General Fund,3299,Other Restricted Grants-In-Aid,1002.8
2023-24,1994,South Umpqua SD 19,100,General Fund,4201,Foster Transportation,37721.88
2023-24,1994,South Umpqua SD 19,100,General Fund,4801,Federal Forest Fees,164200.11
2023-24,1994,South Umpqua SD 19,100,General Fund,5400,Resources - Beginning Fund Balance,4349812.37
2023-24,1994,South Umpqua SD 19,100,General Fund,1960,Recovery of Prior Years' Expenditure,11969.61
2023-24,1994,South Umpqua SD 19,100,General Fund,1980,Fees Charged to Grants,77565.31
2023-24,1994,South Umpqua SD 19,100,General Fund,1990,Miscellaneous,23365.32
2023-24,1994,South Umpqua SD 19,100,General Fund,2101,County School Funds,19922.01
2023-24,1994,South Umpqua SD 19,100,General Fund,2199,Other Intermediate Sources,4358.93
2023-24,1994,South Umpqua SD 19,100,General Fund,2200,Restricted Revenue,125740
2023-24,1995,Camas Valley SD 21J,400,Capital Projects Funds,1500,Earnings on Investments,24877.35
2023-24,1995,Camas Valley SD 21J,400,Capital Projects Funds,5200,Interfund Transfers,250000
2023-24,1995,Camas Valley SD 21J,400,Capital Projects Funds,5400,Resources - Beginning Fund Balance,1017018.41
2023-24,1995,Camas Valley SD 21J,600,Internal Service Funds,1500,Earnings on Investments,3366.27
2023-24,1995,Camas Valley SD 21J,600,Internal Service Funds,5400,Resources - Beginning Fund Balance,66475.66
2023-24,1995,Camas Valley SD 21J,700,Trust and Agency Funds,1500,Earnings on Investments,941.4
2023-24,1995,Camas Valley SD 21J,299,Child Nutrition,5200,Interfund Transfers,10000
2023-24,1995,Camas Valley SD 21J,299,Child Nutrition,5400,Resources - Beginning Fund Balance,52044.66
2023-24,1995,Camas Valley SD 21J,252,Measure 98 - High School Success,5400,Resources - Beginning Fund Balance,-237.34
2023-24,1995,Camas Valley SD 21J,299,Child Nutrition,1600,Food Service,11656.45
2023-24,1995,Camas Valley SD 21J,299,Child Nutrition,3102,State School Fund--School Lunch Match,925.58
2023-24,1995,Camas Valley SD 21J,299,Child Nutrition,3299,Other Restricted Grants-In-Aid,3263.9
2023-24,1995,Camas Valley SD 21J,299,Child Nutrition,4500,Restricted Revenue From Federal Government Through the State,87548.76
2023-24,1995,Camas Valley SD 21J,299,Child Nutrition,4900,Revenue for/on Behalf of the District,8156.2
2023-24,1995,Camas Valley SD 21J,250,Non-Federal Sources,3299,Other Restricted Grants-In-Aid,79683.74
2023-24,1995,Camas Valley SD 21J,250,Non-Federal Sources,5200,Interfund Transfers,35000
2023-24,1995,Camas Valley SD 21J,250,Non-Federal Sources,5400,Resources - Beginning Fund Balance,501950.67
2023-24,1995,Camas Valley SD 21J,251,Student Investment Account,3299,Other Restricted Grants-In-Aid,308968.32
2023-24,1995,Camas Valley SD 21J,251,Student Investment Account,5400,Resources - Beginning Fund Balance,49374.1
2023-24,1995,Camas Valley SD 21J,252,Measure 98 - High School Success,3299,Other Restricted Grants-In-Aid,63977.73
2023-24,1995,Camas Valley SD 21J,100,General Fund,5400,Resources - Beginning Fund Balance,1475655.24
2023-24,1995,Camas Valley SD 21J,201,Federal Sources,4500,Restricted Revenue From Federal Government Through the State,117171.77
2023-24,1995,Camas Valley SD 21J,250,Non-Federal Sources,1500,Earnings on Investments,9679.04
2023-24,1995,Camas Valley SD 21J,250,Non-Federal Sources,1700,Extra-Curricular Activities,30876.72
2023-24,1995,Camas Valley SD 21J,250,Non-Federal Sources,1920,Contributions and Donations From Private Sources,29000
2023-24,1995,Camas Valley SD 21J,250,Non-Federal Sources,3222,State School Fund (SSF) Transportation Equipment,28001.36
2023-24,1995,Camas Valley SD 21J,100,General Fund,2101,County School Funds,3006.33
2023-24,1995,Camas Valley SD 21J,100,General Fund,2102,General Education Service District Funds,37269
2023-24,1995,Camas Valley SD 21J,100,General Fund,2199,Other Intermediate Sources,203.22
2023-24,1995,Camas Valley SD 21J,100,General Fund,3101,State School Fund --General Support,3475901.04
2023-24,1995,Camas Valley SD 21J,100,General Fund,3103,Common School Fund,28389.03
2023-24,1995,Camas Valley SD 21J,100,General Fund,4801,Federal Forest Fees,24778.63
2023-24,1995,Camas Valley SD 21J,700,Trust and Agency Funds,1920,Contributions and Donations From Private Sources,1600
2023-24,1995,Camas Valley SD 21J,700,Trust and Agency Funds,5400,Resources - Beginning Fund Balance,27877.16
2023-24,1995,Camas Valley SD 21J,100,General Fund,1110,Ad valorem taxes levied by district,333713.29
2023-24,1995,Camas Valley SD 21J,100,General Fund,1500,Earnings on Investments,115029.35
2023-24,1995,Camas Valley SD 21J,100,General Fund,1700,Extra-Curricular Activities,7393.7
2023-24,1995,Camas Valley SD 21J,100,General Fund,1990,Miscellaneous,72492.49
2023-24,1996,North Douglas SD 22,100,General Fund,1500,Earnings on Investments,68297.89
2023-24,1996,North Douglas SD 22,100,General Fund,1910,Rentals,8000
2023-24,1996,North Douglas SD 22,100,General Fund,2101,County School Funds,4730.47
2023-24,1996,North Douglas SD 22,100,General Fund,2800,Revenue in Lieu of Taxes,1317.28
2023-24,1996,North Douglas SD 22,100,General Fund,3102,State School Fund--School Lunch Match,0
2023-24,1996,North Douglas SD 22,100,General Fund,4801,Federal Forest Fees,38989.25
2023-24,1996,North Douglas SD 22,252,Measure 98 - High School Success,3299,Other Restricted Grants-In-Aid,130000.08
2023-24,1996,North Douglas SD 22,299,Child Nutrition,1600,Food Service,6632
2023-24,1996,North Douglas SD 22,299,Child Nutrition,3199,Other Unrestricted Grants-In-Aid,46250.94
2023-24,1996,North Douglas SD 22,299,Child Nutrition,4500,Restricted Revenue From Federal Government Through the State,201028.45
2023-24,1996,North Douglas SD 22,300,Debt Service Funds,1110,Ad valorem taxes levied by district,75389.78
2023-24,1996,North Douglas SD 22,400,Capital Projects Funds,3199,Other Unrestricted Grants-In-Aid,2109485.91
2023-24,1996,North Douglas SD 22,200,Special Revenue Funds,1700,Extra-Curricular Activities,146165.88
2023-24,1996,North Douglas SD 22,201,Federal Sources,4300,Restricted Revenue Direct From the Federal Government,48705.15
2023-24,1996,North Douglas SD 22,201,Federal Sources,4500,Restricted Revenue From Federal Government Through the State,349927.43
2023-24,1996,North Douglas SD 22,250,Non-Federal Sources,1990,Miscellaneous,22193.75
2023-24,1996,North Douglas SD 22,250,Non-Federal Sources,3299,Other Restricted Grants-In-Aid,184581.16
2023-24,1996,North Douglas SD 22,251,Student Investment Account,3299,Other Restricted Grants-In-Aid,414225.74
2023-24,1996,North Douglas SD 22,100,General Fund,1980,Fees Charged to Grants,46480.18
2023-24,1996,North Douglas SD 22,100,General Fund,1990,Miscellaneous,103192.46
2023-24,1996,North Douglas SD 22,100,General Fund,3101,State School Fund --General Support,4032792.59
2023-24,1996,North Douglas SD 22,100,General Fund,3103,Common School Fund,45772.27
2023-24,1996,North Douglas SD 22,100,General Fund,3299,Other Restricted Grants-In-Aid,22963.79
2023-24,1996,North Douglas SD 22,200,Special Revenue Funds,1500,Earnings on Investments,89755.27
2023-24,1996,North Douglas SD 22,300,Debt Service Funds,1500,Earnings on Investments,1918.22
2023-24,1996,North Douglas SD 22,300,Debt Service Funds,5400,Resources - Beginning Fund Balance,9424.01
2023-24,1996,North Douglas SD 22,400,Capital Projects Funds,5400,Resources - Beginning Fund Balance,56.86
2023-24,1996,North Douglas SD 22,700,Trust and Agency Funds,5400,Resources - Beginning Fund Balance,859.45
2023-24,1996,North Douglas SD 22,100,General Fund,1110,Ad valorem taxes levied by district,1120556.59
2023-24,1996,North Douglas SD 22,100,General Fund,1700,Extra-Curricular Activities,13474.38
2023-24,1996,North Douglas SD 22,201,Federal Sources,5400,Resources - Beginning Fund Balance,-9695.05
2023-24,1996,North Douglas SD 22,250,Non-Federal Sources,3199,Other Unrestricted Grants-In-Aid,41690.33
2023-24,1996,North Douglas SD 22,250,Non-Federal Sources,5400,Resources - Beginning Fund Balance,-9675.15
2023-24,1996,North Douglas SD 22,251,Student Investment Account,1990,Miscellaneous,1034.67
2023-24,1996,North Douglas SD 22,299,Child Nutrition,3299,Other Restricted Grants-In-Aid,2380
2023-24,1996,North Douglas SD 22,299,Child Nutrition,5400,Resources - Beginning Fund Balance,25962.09
2023-24,1996,North Douglas SD 22,100,General Fund,5300,Sale of or Compensation for Loss of Fixed Assets,21912
2023-24,1996,North Douglas SD 22,100,General Fund,5400,Resources - Beginning Fund Balance,956697.29
2023-24,1996,North Douglas SD 22,200,Special Revenue Funds,1920,Contributions and Donations From Private Sources,20000
2023-24,1996,North Douglas SD 22,200,Special Revenue Funds,3299,Other Restricted Grants-In-Aid,25000
2023-24,1996,North Douglas SD 22,200,Special Revenue Funds,5200,Interfund Transfers,400000
2023-24,1996,North Douglas SD 22,200,Special Revenue Funds,5400,Resources - Beginning Fund Balance,2589613.37
2023-24,1997,Yoncalla SD 32,250,Non-Federal Sources,3299,Other Restricted Grants-In-Aid,256319.97
2023-24,1997,Yoncalla SD 32,400,Capital Projects Funds,5400,Resources - Beginning Fund Balance,41462
2023-24,1997,Yoncalla SD 32,250,Non-Federal Sources,1500,Earnings on Investments,12508.95
2023-24,1997,Yoncalla SD 32,250,Non-Federal Sources,5200,Interfund Transfers,467300
2023-24,1997,Yoncalla SD 32,250,Non-Federal Sources,5400,Resources - Beginning Fund Balance,901750.18
2023-24,1997,Yoncalla SD 32,250,Non-Federal Sources,1700,Extra-Curricular Activities,33359.53
2023-24,1997,Yoncalla SD 32,250,Non-Federal Sources,1970,Services Provided Other Funds,24159.14
2023-24,1997,Yoncalla SD 32,250,Non-Federal Sources,4500,Restricted Revenue From Federal Government Through the State,18477.25
2023-24,1997,Yoncalla SD 32,250,Non-Federal Sources,1920,Contributions and Donations From Private Sources,8000
2023-24,1997,Yoncalla SD 32,100,General Fund,1110,Ad valorem taxes levied by district,1188477.61
2023-24,1997,Yoncalla SD 32,100,General Fund,1500,Earnings on Investments,99554.35
2023-24,1997,Yoncalla SD 32,100,General Fund,5400,Resources - Beginning Fund Balance,1565939.36
2023-24,1997,Yoncalla SD 32,299,Child Nutrition,4900,Revenue for/on Behalf of the District,8306.56
2023-24,1997,Yoncalla SD 32,299,Child Nutrition,5200,Interfund Transfers,15000
2023-24,1997,Yoncalla SD 32,400,Capital Projects Funds,1500,Earnings on Investments,0.27
2023-24,1997,Yoncalla SD 32,400,Capital Projects Funds,1920,Contributions and Donations From Private Sources,735.01
2023-24,1997,Yoncalla SD 32,700,Trust and Agency Funds,1500,Earnings on Investments,551.96
2023-24,1997,Yoncalla SD 32,700,Trust and Agency Funds,1920,Contributions and Donations From Private Sources,5503
2023-24,1997,Yoncalla SD 32,251,Student Investment Account,3299,Other Restricted Grants-In-Aid,371092.93
2023-24,1997,Yoncalla SD 32,252,Measure 98 - High School Success,3299,Other Restricted Grants-In-Aid,84915.29
2023-24,1997,Yoncalla SD 32,299,Child Nutrition,1600,Food Service,1755.5
2023-24,1997,Yoncalla SD 32,299,Child Nutrition,3102,State School Fund--School Lunch Match,1498.36
2023-24,1997,Yoncalla SD 32,299,Child Nutrition,3299,Other Restricted Grants-In-Aid,12408.17
2023-24,1997,Yoncalla SD 32,299,Child Nutrition,4500,Restricted Revenue From Federal Government Through the State,231222.04
2023-24,1997,Yoncalla SD 32,100,General Fund,3101,State School Fund --General Support,3228812.32
2023-24,1997,Yoncalla SD 32,100,General Fund,3103,Common School Fund,32914.97
2023-24,1997,Yoncalla SD 32,100,General Fund,4801,Federal Forest Fees,35516.19
2023-24,1997,Yoncalla SD 32,201,Federal Sources,4300,Restricted Revenue Direct From the Federal Government,40215.85
2023-24,1997,Yoncalla SD 32,201,Federal Sources,4500,Restricted Revenue From Federal Government Through the State,748916.49
2023-24,1997,Yoncalla SD 32,250,Non-Federal Sources,1311,Tuition from Individuals,454867.14
2023-24,1997,Yoncalla SD 32,100,General Fund,1930,Rental or Lease Payments from Private Contractors,18000
2023-24,1997,Yoncalla SD 32,100,General Fund,1960,Recovery of Prior Years' Expenditure,3921
2023-24,1997,Yoncalla SD 32,100,General Fund,1990,Miscellaneous,91701.27
2023-24,1997,Yoncalla SD 32,100,General Fund,2101,County School Funds,14862
2023-24,1997,Yoncalla SD 32,100,General Fund,2102,General Education Service District Funds,27796
2023-24,1997,Yoncalla SD 32,100,General Fund,2199,Other Intermediate Sources,1313.09
2023-24,1997,Yoncalla SD 32,100,General Fund,1700,Extra-Curricular Activities,6544
2023-24,1998,Elkton SD 34,100,General Fund,1110,Ad valorem taxes levied by district,925867.63
2023-24,1998,Elkton SD 34,100,General Fund,1500,Earnings on Investments,110432.7
2023-24,1998,Elkton SD 34,100,General Fund,1700,Extra-Curricular Activities,5816.5
2023-24,1998,Elkton SD 34,100,General Fund,1940,Services Provided Other Local Education Agencies,38035
2023-24,1998,Elkton SD 34,100,General Fund,1990,Miscellaneous,68622.91
2023-24,1998,Elkton SD 34,100,General Fund,2101,County School Funds,2955.59
2023-24,1998,Elkton SD 34,700,Trust and Agency Funds,1500,Earnings on Investments,1959.98
2023-24,1998,Elkton SD 34,700,Trust and Agency Funds,1920,Contributions and Donations From Private Sources,2000
2023-24,1998,Elkton SD 34,700,Trust and Agency Funds,5400,Resources - Beginning Fund Balance,48142.53
2023-24,1998,Elkton SD 34,300,Debt Service Funds,1110,Ad valorem taxes levied by district,181856.96
2023-24,1998,Elkton SD 34,300,Debt Service Funds,1500,Earnings on Investments,4126.77
2023-24,1998,Elkton SD 34,300,Debt Service Funds,5400,Resources - Beginning Fund Balance,58900.92
2023-24,1998,Elkton SD 34,400,Capital Projects Funds,1500,Earnings on Investments,29172.26
2023-24,1998,Elkton SD 34,400,Capital Projects Funds,5200,Interfund Transfers,100000
2023-24,1998,Elkton SD 34,400,Capital Projects Funds,5400,Resources - Beginning Fund Balance,368290.76
2023-24,1998,Elkton SD 34,200,Special Revenue Funds,3102,State School Fund--School Lunch Match,930.48
2023-24,1998,Elkton SD 34,200,Special Revenue Funds,3299,Other Restricted Grants-In-Aid,662643.35
2023-24,1998,Elkton SD 34,200,Special Revenue Funds,4500,Restricted Revenue From Federal Government Through the State,289686.96
2023-24,1998,Elkton SD 34,200,Special Revenue Funds,4900,Revenue for/on Behalf of the District,6294.53
2023-24,1998,Elkton SD 34,200,Special Revenue Funds,5200,Interfund Transfers,50000
2023-24,1998,Elkton SD 34,200,Special Revenue Funds,5400,Resources - Beginning Fund Balance,1100182.54
2023-24,1998,Elkton SD 34,200,Special Revenue Funds,1600,Food Service,11926.73
2023-24,1998,Elkton SD 34,200,Special Revenue Funds,1700,Extra-Curricular Activities,95646.31
2023-24,1998,Elkton SD 34,200,Special Revenue Funds,1920,Contributions and Donations From Private Sources,124047.38
2023-24,1998,Elkton SD 34,200,Special Revenue Funds,1940,Services Provided Other Local Education Agencies,7375.06
2023-24,1998,Elkton SD 34,200,Special Revenue Funds,1990,Miscellaneous,167.65
2023-24,1998,Elkton SD 34,200,Special Revenue Funds,2103,Excess ESD Local Revenue,16517.27
2023-24,1998,Elkton SD 34,100,General Fund,3101,State School Fund --General Support,3424261.95
2023-24,1998,Elkton SD 34,100,General Fund,3103,Common School Fund,26698.72
2023-24,1998,Elkton SD 34,100,General Fund,4500,Restricted Revenue From Federal Government Through the State,8083.23
2023-24,1998,Elkton SD 34,100,General Fund,4801,Federal Forest Fees,24360.4
2023-24,1998,Elkton SD 34,100,General Fund,5400,Resources - Beginning Fund Balance,1741720.8
2023-24,1998,Elkton SD 34,200,Special Revenue Funds,1500,Earnings on Investments,41626.55
2023-24,1999,Riddle SD 70,100,General Fund,1110,Ad valorem taxes levied by district,1505688.82
2023-24,1999,Riddle SD 70,100,General Fund,1500,Earnings on Investments,74493.19
2023-24,1999,Riddle SD 70,100,General Fund,1700,Extra-Curricular Activities,4904.5
2023-24,1999,Riddle SD 70,100,General Fund,1990,Miscellaneous,45137.4
2023-24,1999,Riddle SD 70,100,General Fund,2102,General Education Service District Funds,46459
2023-24,1999,Riddle SD 70,100,General Fund,2199,Other Intermediate Sources,1622.08
2023-24,1999,Riddle SD 70,250,Non-Federal Sources,3299,Other Restricted Grants-In-Aid,83153
2023-24,1999,Riddle SD 70,250,Non-Federal Sources,5400,Resources - Beginning Fund Balance,196793.42
2023-24,1999,Riddle SD 70,299,Child Nutrition,3199,Other Unrestricted Grants-In-Aid,32271.93
2023-24,1999,Riddle SD 70,299,Child Nutrition,4500,Restricted Revenue From Federal Government Through the State,162426.36
2023-24,1999,Riddle SD 70,600,Internal Service Funds,5400,Resources - Beginning Fund Balance,351282.6
2023-24,1999,Riddle SD 70,700,Trust and Agency Funds,1920,Contributions and Donations From Private Sources,1452
2023-24,1999,Riddle SD 70,700,Trust and Agency Funds,5400,Resources - Beginning Fund Balance,35223.66
2023-24,1999,Riddle SD 70,250,Non-Federal Sources,1500,Earnings on Investments,32.24
2023-24,1999,Riddle SD 70,250,Non-Federal Sources,1700,Extra-Curricular Activities,100867.42
2023-24,1999,Riddle SD 70,250,Non-Federal Sources,1920,Contributions and Donations From Private Sources,83000
2023-24,1999,Riddle SD 70,400,Capital Projects Funds,1500,Earnings on Investments,3318.27
2023-24,1999,Riddle SD 70,400,Capital Projects Funds,1990,Miscellaneous,14260.38
2023-24,1999,Riddle SD 70,400,Capital Projects Funds,5200,Interfund Transfers,75000
2023-24,1999,Riddle SD 70,400,Capital Projects Funds,5400,Resources - Beginning Fund Balance,44974.48
2023-24,1999,Riddle SD 70,600,Internal Service Funds,1500,Earnings on Investments,524.7
2023-24,1999,Riddle SD 70,600,Internal Service Funds,1970,Services Provided Other Funds,5687.46
2023-24,1999,Riddle SD 70,299,Child Nutrition,1600,Food Service,89.8
2023-24,1999,Riddle SD 70,299,Child Nutrition,3102,State School Fund--School Lunch Match,1772.92
2023-24,1999,Riddle SD 70,299,Child Nutrition,3299,Other Restricted Grants-In-Aid,3241.7
2023-24,1999,Riddle SD 70,299,Child Nutrition,5400,Resources - Beginning Fund Balance,115429.68
2023-24,1999,Riddle SD 70,251,Student Investment Account,3299,Other Restricted Grants-In-Aid,407721.83
2023-24,1999,Riddle SD 70,252,Measure 98 - High School Success,3299,Other Restricted Grants-In-Aid,129757.07
2023-24,1999,Riddle SD 70,100,General Fund,3101,State School Fund --General Support,4095725.22
2023-24,1999,Riddle SD 70,100,General Fund,3103,Common School Fund,45730.62
2023-24,1999,Riddle SD 70,100,General Fund,4801,Federal Forest Fees,47573.26
2023-24,1999,Riddle SD 70,100,General Fund,5400,Resources - Beginning Fund Balance,1278899.5
2023-24,1999,Riddle SD 70,201,Federal Sources,4500,Restricted Revenue From Federal Government Through the State,456623.65
2023-24,1999,Riddle SD 70,201,Federal Sources,5400,Resources - Beginning Fund Balance,11993.14
2023-24,2000,Glendale SD 77,100,General Fund,1110,Ad valorem taxes levied by district,1220782.83
2023-24,2000,Glendale SD 77,100,General Fund,1500,Earnings on Investments,40452.75
2023-24,2000,Glendale SD 77,100,General Fund,1700,Extra-Curricular Activities,4228.7
2023-24,2000,Glendale SD 77,100,General Fund,1920,Contributions and Donations From Private Sources,50
2023-24,2000,Glendale SD 77,100,General Fund,1990,Miscellaneous,62530.42
2023-24,2000,Glendale SD 77,100,General Fund,2101,County School Funds,3790.27
2023-24,2000,Glendale SD 77,600,Internal Service Funds,1970,Services Provided Other Funds,26067.77
2023-24,2000,Glendale SD 77,600,Internal Service Funds,5400,Resources - Beginning Fund Balance,38592.78
2023-24,2000,Glendale SD 77,700,Trust and Agency Funds,1500,Earnings on Investments,3134.22
2023-24,2000,Glendale SD 77,700,Trust and Agency Funds,1920,Contributions and Donations From Private Sources,900
2023-24,2000,Glendale SD 77,700,Trust and Agency Funds,5400,Resources - Beginning Fund Balance,55945.06
2023-24,2000,Glendale SD 77,300,Debt Service Funds,2199,Other Intermediate Sources,112.13
2023-24,2000,Glendale SD 77,300,Debt Service Funds,4900,Revenue for/on Behalf of the District,10450
2023-24,2000,Glendale SD 77,300,Debt Service Funds,5400,Resources - Beginning Fund Balance,162793.96
2023-24,2000,Glendale SD 77,400,Capital Projects Funds,1500,Earnings on Investments,25484.39
2023-24,2000,Glendale SD 77,400,Capital Projects Funds,3299,Other Restricted Grants-In-Aid,2261838
2023-24,2000,Glendale SD 77,400,Capital Projects Funds,5400,Resources - Beginning Fund Balance,1440983.26
2023-24,2000,Glendale SD 77,299,Child Nutrition,4900,Revenue for/on Behalf of the District,7941.24
2023-24,2000,Glendale SD 77,299,Child Nutrition,5200,Interfund Transfers,70000
2023-24,2000,Glendale SD 77,299,Child Nutrition,5400,Resources - Beginning Fund Balance,45268.09
2023-24,2000,Glendale SD 77,300,Debt Service Funds,1110,Ad valorem taxes levied by district,104716.28
2023-24,2000,Glendale SD 77,300,Debt Service Funds,1500,Earnings on Investments,13658.94
2023-24,2000,Glendale SD 77,300,Debt Service Funds,1990,Miscellaneous,12544.61
2023-24,2000,Glendale SD 77,252,Measure 98 - High School Success,3299,Other Restricted Grants-In-Aid,85813.68
2023-24,2000,Glendale SD 77,299,Child Nutrition,1600,Food Service,234
2023-24,2000,Glendale SD 77,299,Child Nutrition,1990,Miscellaneous,126
2023-24,2000,Glendale SD 77,299,Child Nutrition,3102,State School Fund--School Lunch Match,1660.51
2023-24,2000,Glendale SD 77,299,Child Nutrition,3299,Other Restricted Grants-In-Aid,29807.31
2023-24,2000,Glendale SD 77,299,Child Nutrition,4500,Restricted Revenue From Federal Government Through the State,174629.34
2023-24,2000,Glendale SD 77,250,Non-Federal Sources,3222,State School Fund (SSF) Transportation Equipment,37102.2
2023-24,2000,Glendale SD 77,250,Non-Federal Sources,3299,Other Restricted Grants-In-Aid,66690.33
2023-24,2000,Glendale SD 77,250,Non-Federal Sources,5200,Interfund Transfers,260000
2023-24,2000,Glendale SD 77,250,Non-Federal Sources,5400,Resources - Beginning Fund Balance,1268701.02
2023-24,2000,Glendale SD 77,251,Student Investment Account,3299,Other Restricted Grants-In-Aid,348014.69
2023-24,2000,Glendale SD 77,251,Student Investment Account,5400,Resources - Beginning Fund Balance,24126.97
2023-24,2000,Glendale SD 77,100,General Fund,5400,Resources - Beginning Fund Balance,1749469.58
2023-24,2000,Glendale SD 77,201,Federal Sources,4300,Restricted Revenue Direct From the Federal Government,7157
2023-24,2000,Glendale SD 77,201,Federal Sources,4500,Restricted Revenue From Federal Government Through the State,686310.05
2023-24,2000,Glendale SD 77,201,Federal Sources,5400,Resources - Beginning Fund Balance,408.7
2023-24,2000,Glendale SD 77,250,Non-Federal Sources,1500,Earnings on Investments,43032.9
2023-24,2000,Glendale SD 77,250,Non-Federal Sources,1700,Extra-Curricular Activities,46218.94
2023-24,2000,Glendale SD 77,100,General Fund,2102,General Education Service District Funds,38850
2023-24,2000,Glendale SD 77,100,General Fund,2199,Other Intermediate Sources,1269.27
2023-24,2000,Glendale SD 77,100,General Fund,3101,State School Fund --General Support,3025935.34
2023-24,2000,Glendale SD 77,100,General Fund,3103,Common School Fund,37839.9
2023-24,2000,Glendale SD 77,100,General Fund,3299,Other Restricted Grants-In-Aid,859.35
2023-24,2000,Glendale SD 77,100,General Fund,4801,Federal Forest Fees,31239.98
2023-24,2001,Reedsport SD 105,700,Trust and Agency Funds,1990,Miscellaneous,265
2023-24,2001,Reedsport SD 105,700,Trust and Agency Funds,5400,Resources - Beginning Fund Balance,246006.53
2023-24,2001,Reedsport SD 105,300,Debt Service Funds,5400,Resources - Beginning Fund Balance,774590.52
2023-24,2001,Reedsport SD 105,400,Capital Projects Funds,3299,Other Restricted Grants-In-Aid,1688808.88
2023-24,2001,Reedsport SD 105,400,Capital Projects Funds,5400,Resources - Beginning Fund Balance,152397.26
2023-24,2001,Reedsport SD 105,600,Internal Service Funds,1960,Recovery of Prior Years' Expenditure,34287.92
2023-24,2001,Reedsport SD 105,600,Internal Service Funds,1970,Services Provided Other Funds,50996.62
2023-24,2001,Reedsport SD 105,700,Trust and Agency Funds,1920,Contributions and Donations From Private Sources,3480
2023-24,2001,Reedsport SD 105,299,Child Nutrition,4900,Revenue for/on Behalf of the District,45179.4
2023-24,2001,Reedsport SD 105,299,Child Nutrition,5400,Resources - Beginning Fund Balance,144068.49
2023-24,2001,Reedsport SD 105,300,Debt Service Funds,1110,Ad valorem taxes levied by district,654492.4
2023-24,2001,Reedsport SD 105,300,Debt Service Funds,1500,Earnings on Investments,1559.45
2023-24,2001,Reedsport SD 105,300,Debt Service Funds,1970,Services Provided Other Funds,287805.12
2023-24,2001,Reedsport SD 105,300,Debt Service Funds,2199,Other Intermediate Sources,722.12
2023-24,2001,Reedsport SD 105,252,Measure 98 - High School Success,3299,Other Restricted Grants-In-Aid,180138.22
2023-24,2001,Reedsport SD 105,299,Child Nutrition,1600,Food Service,5362.46
2023-24,2001,Reedsport SD 105,299,Child Nutrition,1990,Miscellaneous,350.63
2023-24,2001,Reedsport SD 105,299,Child Nutrition,3102,State School Fund--School Lunch Match,2910.75
2023-24,2001,Reedsport SD 105,299,Child Nutrition,3299,Other Restricted Grants-In-Aid,22730.16
2023-24,2001,Reedsport SD 105,299,Child Nutrition,4500,Restricted Revenue From Federal Government Through the State,365664.6
2023-24,2001,Reedsport SD 105,250,Non-Federal Sources,3299,Other Restricted Grants-In-Aid,99511.54
2023-24,2001,Reedsport SD 105,250,Non-Federal Sources,5400,Resources - Beginning Fund Balance,376307.13
2023-24,2001,Reedsport SD 105,201,Federal Sources,2199,Other Intermediate Sources,0.31
2023-24,2001,Reedsport SD 105,201,Federal Sources,4500,Restricted Revenue From Federal Government Through the State,1070285.33
2023-24,2001,Reedsport SD 105,201,Federal Sources,5400,Resources - Beginning Fund Balance,6656.24
2023-24,2001,Reedsport SD 105,251,Student Investment Account,3299,Other Restricted Grants-In-Aid,677718.07
2023-24,2001,Reedsport SD 105,250,Non-Federal Sources,1700,Extra-Curricular Activities,7402.75
2023-24,2001,Reedsport SD 105,250,Non-Federal Sources,1910,Rentals,152.5
2023-24,2001,Reedsport SD 105,250,Non-Federal Sources,1920,Contributions and Donations From Private Sources,109289.79
2023-24,2001,Reedsport SD 105,250,Non-Federal Sources,1990,Miscellaneous,40147.71
2023-24,2001,Reedsport SD 105,250,Non-Federal Sources,2199,Other Intermediate Sources,43418.82
2023-24,2001,Reedsport SD 105,250,Non-Federal Sources,2200,Restricted Revenue,8924
2023-24,2001,Reedsport SD 105,100,General Fund,3101,State School Fund --General Support,6065446.16
2023-24,2001,Reedsport SD 105,100,General Fund,3103,Common School Fund,78047.94
2023-24,2001,Reedsport SD 105,100,General Fund,3299,Other Restricted Grants-In-Aid,4286.14
2023-24,2001,Reedsport SD 105,100,General Fund,4801,Federal Forest Fees,66007.98
2023-24,2001,Reedsport SD 105,100,General Fund,5400,Resources - Beginning Fund Balance,1029730.97
2023-24,2001,Reedsport SD 105,250,Non-Federal Sources,1500,Earnings on Investments,108.16
2023-24,2001,Reedsport SD 105,100,General Fund,1500,Earnings on Investments,101825.69
2023-24,2001,Reedsport SD 105,100,General Fund,1700,Extra-Curricular Activities,14962.7
2023-24,2001,Reedsport SD 105,100,General Fund,1910,Rentals,214.8
2023-24,2001,Reedsport SD 105,100,General Fund,1990,Miscellaneous,192417.08
2023-24,2001,Reedsport SD 105,100,General Fund,2101,County School Funds,8008.59
2023-24,2001,Reedsport SD 105,100,General Fund,2199,Other Intermediate Sources,9027.84
2023-24,2001,Reedsport SD 105,100,General Fund,1110,Ad valorem taxes levied by district,2436650.85
2023-24,2002,Winston-Dillard SD 116,300,Debt Service Funds,5400,Resources - Beginning Fund Balance,1692363.56
2023-24,2002,Winston-Dillard SD 116,400,Capital Projects Funds,1930,Rental or Lease Payments from Private Contractors,44400
2023-24,2002,Winston-Dillard SD 116,400,Capital Projects Funds,1990,Miscellaneous,31968.8
2023-24,2002,Winston-Dillard SD 116,400,Capital Projects Funds,5200,Interfund Transfers,194800
2023-24,2002,Winston-Dillard SD 116,400,Capital Projects Funds,5400,Resources - Beginning Fund Balance,800686.01
2023-24,2002,Winston-Dillard SD 116,250,Non-Federal Sources,4900,Revenue for/on Behalf of the District,37944.05
2023-24,2002,Winston-Dillard SD 116,250,Non-Federal Sources,5400,Resources - Beginning Fund Balance,723927.41
2023-24,2002,Winston-Dillard SD 116,300,Debt Service Funds,1110,Ad valorem taxes levied by district,1016441.59
2023-24,2002,Winston-Dillard SD 116,300,Debt Service Funds,1970,Services Provided Other Funds,1361738.4
2023-24,2002,Winston-Dillard SD 116,300,Debt Service Funds,4900,Revenue for/on Behalf of the District,10935.31
2023-24,2002,Winston-Dillard SD 116,300,Debt Service Funds,5200,Interfund Transfers,45200
2023-24,2002,Winston-Dillard SD 116,250,Non-Federal Sources,1920,Contributions and Donations From Private Sources,46645
2023-24,2002,Winston-Dillard SD 116,250,Non-Federal Sources,1990,Miscellaneous,36169.93
2023-24,2002,Winston-Dillard SD 116,250,Non-Federal Sources,2199,Other Intermediate Sources,57421.41
2023-24,2002,Winston-Dillard SD 116,250,Non-Federal Sources,3102,State School Fund--School Lunch Match,6620.9
2023-24,2002,Winston-Dillard SD 116,250,Non-Federal Sources,3299,Other Restricted Grants-In-Aid,2164070.69
2023-24,2002,Winston-Dillard SD 116,250,Non-Federal Sources,4500,Restricted Revenue From Federal Government Through the State,2071311
2023-24,2002,Winston-Dillard SD 116,100,General Fund,4801,Federal Forest Fees,144244.29
2023-24,2002,Winston-Dillard SD 116,100,General Fund,5200,Interfund Transfers,32000
2023-24,2002,Winston-Dillard SD 116,100,General Fund,5400,Resources - Beginning Fund Balance,5205959.38
2023-24,2002,Winston-Dillard SD 116,250,Non-Federal Sources,1500,Earnings on Investments,1.85
2023-24,2002,Winston-Dillard SD 116,250,Non-Federal Sources,1600,Food Service,1770.9
2023-24,2002,Winston-Dillard SD 116,250,Non-Federal Sources,1700,Extra-Curricular Activities,181803.31
2023-24,2002,Winston-Dillard SD 116,100,General Fund,2101,County School Funds,17500.82
2023-24,2002,Winston-Dillard SD 116,100,General Fund,2199,Other Intermediate Sources,5370.74
2023-24,2002,Winston-Dillard SD 116,100,General Fund,2200,Restricted Revenue,113517.85
2023-24,2002,Winston-Dillard SD 116,100,General Fund,3101,State School Fund --General Support,12636982.01
2023-24,2002,Winston-Dillard SD 116,100,General Fund,3103,Common School Fund,175148.46
2023-24,2002,Winston-Dillard SD 116,100,General Fund,3299,Other Restricted Grants-In-Aid,204163.95
2023-24,2002,Winston-Dillard SD 116,100,General Fund,1110,Ad valorem taxes levied by district,3676196.93
2023-24,2002,Winston-Dillard SD 116,100,General Fund,1190,Penalties and interest on taxes,10922.89
2023-24,2002,Winston-Dillard SD 116,100,General Fund,1500,Earnings on Investments,394279.96
2023-24,2002,Winston-Dillard SD 116,100,General Fund,1700,Extra-Curricular Activities,38632.96
2023-24,2002,Winston-Dillard SD 116,100,General Fund,1990,Miscellaneous,63720.46
2023-24,2003,Sutherlin SD 130,100,General Fund,1110,Ad valorem taxes levied by district,3440247
2023-24,2003,Sutherlin SD 130,100,General Fund,1190,Penalties and interest on taxes,25131
2023-24,2003,Sutherlin SD 130,100,General Fund,1500,Earnings on Investments,341546
2023-24,2003,Sutherlin SD 130,100,General Fund,1700,Extra-Curricular Activities,12819
2023-24,2003,Sutherlin SD 130,100,General Fund,1990,Miscellaneous,56652
2023-24,2003,Sutherlin SD 130,100,General Fund,2101,County School Funds,18779
2023-24,2003,Sutherlin SD 130,299,Child Nutrition,5400,Resources - Beginning Fund Balance,352289
2023-24,2003,Sutherlin SD 130,299,Child Nutrition,1600,Food Service,3974
2023-24,2003,Sutherlin SD 130,299,Child Nutrition,3102,State School Fund--School Lunch Match,6610
2023-24,2003,Sutherlin SD 130,299,Child Nutrition,4900,Revenue for/on Behalf of the District,65046
2023-24,2003,Sutherlin SD 130,251,Student Investment Account,3101,State School Fund --General Support,1310674
2023-24,2003,Sutherlin SD 130,251,Student Investment Account,5400,Resources - Beginning Fund Balance,98639
2023-24,2003,Sutherlin SD 130,252,Measure 98 - High School Success,3299,Other Restricted Grants-In-Aid,557723
2023-24,2003,Sutherlin SD 130,299,Child Nutrition,1990,Miscellaneous,415
2023-24,2003,Sutherlin SD 130,299,Child Nutrition,3299,Other Restricted Grants-In-Aid,193536
2023-24,2003,Sutherlin SD 130,299,Child Nutrition,4500,Restricted Revenue From Federal Government Through the State,582651
2023-24,2003,Sutherlin SD 130,201,Federal Sources,4700,Grants-In-Aid From Federal Government Through Other Intermed,17485
2023-24,2003,Sutherlin SD 130,250,Non-Federal Sources,1920,Contributions and Donations From Private Sources,149178
2023-24,2003,Sutherlin SD 130,250,Non-Federal Sources,3299,Other Restricted Grants-In-Aid,2394732
2023-24,2003,Sutherlin SD 130,250,Non-Federal Sources,5400,Resources - Beginning Fund Balance,849191
2023-24,2003,Sutherlin SD 130,250,Non-Federal Sources,5200,Interfund Transfers,550000
2023-24,2003,Sutherlin SD 130,250,Non-Federal Sources,1700,Extra-Curricular Activities,389974
2023-24,2003,Sutherlin SD 130,300,Debt Service Funds,5400,Resources - Beginning Fund Balance,5741145
2023-24,2003,Sutherlin SD 130,400,Capital Projects Funds,1920,Contributions and Donations From Private Sources,5000
2023-24,2003,Sutherlin SD 130,400,Capital Projects Funds,1990,Miscellaneous,40836
2023-24,2003,Sutherlin SD 130,400,Capital Projects Funds,5200,Interfund Transfers,400000
2023-24,2003,Sutherlin SD 130,400,Capital Projects Funds,5400,Resources - Beginning Fund Balance,498880
2023-24,2003,Sutherlin SD 130,201,Federal Sources,4500,Restricted Revenue From Federal Government Through the State,2018331
2023-24,2003,Sutherlin SD 130,100,General Fund,5400,Resources - Beginning Fund Balance,5637014
2023-24,2003,Sutherlin SD 130,300,Debt Service Funds,1110,Ad valorem taxes levied by district,84
2023-24,2003,Sutherlin SD 130,300,Debt Service Funds,1190,Penalties and interest on taxes,216
2023-24,2003,Sutherlin SD 130,300,Debt Service Funds,1500,Earnings on Investments,8299
2023-24,2003,Sutherlin SD 130,300,Debt Service Funds,1970,Services Provided Other Funds,2540084
2023-24,2003,Sutherlin SD 130,300,Debt Service Funds,5200,Interfund Transfers,37500
2023-24,2003,Sutherlin SD 130,100,General Fund,2102,General Education Service District Funds,116979
2023-24,2003,Sutherlin SD 130,100,General Fund,2199,Other Intermediate Sources,3813
2023-24,2003,Sutherlin SD 130,100,General Fund,3101,State School Fund --General Support,13088179
2023-24,2003,Sutherlin SD 130,100,General Fund,3103,Common School Fund,180362
2023-24,2003,Sutherlin SD 130,100,General Fund,4801,Federal Forest Fees,154779
2023-24,2003,Sutherlin SD 130,100,General Fund,5300,Sale of or Compensation for Loss of Fixed Assets,8600
2023-24,2004,North Central ESD,100,General Fund,1110,Ad valorem taxes levied by district,4801499.64
2023-24,2004,North Central ESD,100,General Fund,1190,Penalties and interest on taxes,13083.92
2023-24,2004,North Central ESD,100,General Fund,1500,Earnings on Investments,139662.32
2023-24,2004,North Central ESD,100,General Fund,1910,Rentals,73323.04
2023-24,2004,North Central ESD,100,General Fund,1940,Services Provided Other Local Education Agencies,193757.06
2023-24,2004,North Central ESD,100,General Fund,1980,Fees Charged to Grants,69636.74
2023-24,2004,North Central ESD,300,Debt Service Funds,5400,Resources - Beginning Fund Balance,39487.52
2023-24,2004,North Central ESD,600,Internal Service Funds,5400,Resources - Beginning Fund Balance,138022.38
2023-24,2004,North Central ESD,250,Non-Federal Sources,5400,Resources - Beginning Fund Balance,-6663.18
2023-24,2004,North Central ESD,251,Student Investment Account,3299,Other Restricted Grants-In-Aid,156743.31
2023-24,2004,North Central ESD,251,Student Investment Account,5400,Resources - Beginning Fund Balance,71066.02
2023-24,2004,North Central ESD,252,Measure 98 - High School Success,3299,Other Restricted Grants-In-Aid,2537.81
2023-24,2004,North Central ESD,252,Measure 98 - High School Success,5400,Resources - Beginning Fund Balance,-0.02
2023-24,2004,North Central ESD,300,Debt Service Funds,5200,Interfund Transfers,39451
2023-24,2004,North Central ESD,201,Federal Sources,5400,Resources - Beginning Fund Balance,2165.56
2023-24,2004,North Central ESD,250,Non-Federal Sources,1940,Services Provided Other Local Education Agencies,268625.14
2023-24,2004,North Central ESD,250,Non-Federal Sources,1960,Recovery of Prior Years' Expenditure,10000
2023-24,2004,North Central ESD,250,Non-Federal Sources,1990,Miscellaneous,144.06
2023-24,2004,North Central ESD,250,Non-Federal Sources,3299,Other Restricted Grants-In-Aid,626646.09
2023-24,2004,North Central ESD,250,Non-Federal Sources,4500,Restricted Revenue From Federal Government Through the State,71202.6
2023-24,2004,North Central ESD,100,General Fund,1990,Miscellaneous,32394
2023-24,2004,North Central ESD,100,General Fund,2199,Other Intermediate Sources,159547.93
2023-24,2004,North Central ESD,100,General Fund,3299,Other Restricted Grants-In-Aid,1303
2023-24,2004,North Central ESD,100,General Fund,5400,Resources - Beginning Fund Balance,1336058.86
2023-24,2004,North Central ESD,201,Federal Sources,3299,Other Restricted Grants-In-Aid,1142.47
2023-24,2004,North Central ESD,201,Federal Sources,4500,Restricted Revenue From Federal Government Through the State,279057.65
2023-24,2005,Arlington SD 3,201,Federal Sources,4500,Restricted Revenue From Federal Government Through the State,237454.98
2023-24,2005,Arlington SD 3,201,Federal Sources,5400,Resources - Beginning Fund Balance,228.39
2023-24,2005,Arlington SD 3,250,Non-Federal Sources,1990,Miscellaneous,88030
2023-24,2005,Arlington SD 3,250,Non-Federal Sources,3299,Other Restricted Grants-In-Aid,50136.52
2023-24,2005,Arlington SD 3,250,Non-Federal Sources,5400,Resources - Beginning Fund Balance,66769.14
2023-24,2005,Arlington SD 3,250,Non-Federal Sources,2102,General Education Service District Funds,34000
2023-24,2005,Arlington SD 3,600,Internal Service Funds,5400,Resources - Beginning Fund Balance,44740.78
2023-24,2005,Arlington SD 3,700,Trust and Agency Funds,1500,Earnings on Investments,932.75
2023-24,2005,Arlington SD 3,700,Trust and Agency Funds,5400,Resources - Beginning Fund Balance,32383.06
2023-24,2005,Arlington SD 3,299,Child Nutrition,3102,State School Fund--School Lunch Match,715.39
2023-24,2005,Arlington SD 3,299,Child Nutrition,3299,Other Restricted Grants-In-Aid,19593.84
2023-24,2005,Arlington SD 3,299,Child Nutrition,4300,Restricted Revenue Direct From the Federal Government,6300.91
2023-24,2005,Arlington SD 3,299,Child Nutrition,4500,Restricted Revenue From Federal Government Through the State,60699.4
2023-24,2005,Arlington SD 3,299,Child Nutrition,5200,Interfund Transfers,121410.52
2023-24,2005,Arlington SD 3,600,Internal Service Funds,5200,Interfund Transfers,75000
2023-24,2005,Arlington SD 3,250,Non-Federal Sources,1700,Extra-Curricular Activities,43786.58
2023-24,2005,Arlington SD 3,250,Non-Federal Sources,1910,Rentals,16775
2023-24,2005,Arlington SD 3,250,Non-Federal Sources,2101,County School Funds,546000
2023-24,2005,Arlington SD 3,250,Non-Federal Sources,3101,State School Fund --General Support,470088.89
2023-24,2005,Arlington SD 3,250,Non-Federal Sources,5200,Interfund Transfers,408114.01
2023-24,2005,Arlington SD 3,299,Child Nutrition,1600,Food Service,674.95
2023-24,2005,Arlington SD 3,100,General Fund,5400,Resources - Beginning Fund Balance,2915267.82
2023-24,2005,Arlington SD 3,201,Federal Sources,4300,Restricted Revenue Direct From the Federal Government,23123.64
2023-24,2005,Arlington SD 3,251,Student Investment Account,3299,Other Restricted Grants-In-Aid,240844.64
2023-24,2005,Arlington SD 3,251,Student Investment Account,5400,Resources - Beginning Fund Balance,293.75
2023-24,2005,Arlington SD 3,252,Measure 98 - High School Success,3299,Other Restricted Grants-In-Aid,79758.76
2023-24,2005,Arlington SD 3,252,Measure 98 - High School Success,5400,Resources - Beginning Fund Balance,124.47
2023-24,2005,Arlington SD 3,100,General Fund,2200,Restricted Revenue,464000
2023-24,2005,Arlington SD 3,100,General Fund,3101,State School Fund --General Support,-289684.83
2023-24,2005,Arlington SD 3,100,General Fund,3103,Common School Fund,15762.96
2023-24,2005,Arlington SD 3,100,General Fund,4500,Restricted Revenue From Federal Government Through the State,10802.6
2023-24,2005,Arlington SD 3,100,General Fund,5100,Long Term Debt Financing Sources,226383
2023-24,2005,Arlington SD 3,100,General Fund,5300,Sale of or Compensation for Loss of Fixed Assets,62500
2023-24,2005,Arlington SD 3,100,General Fund,1110,Ad valorem taxes levied by district,2555374.05
2023-24,2005,Arlington SD 3,100,General Fund,1190,Penalties and interest on taxes,10111.59
2023-24,2005,Arlington SD 3,100,General Fund,1500,Earnings on Investments,149978.34
2023-24,2005,Arlington SD 3,100,General Fund,1920,Contributions and Donations From Private Sources,49.97
2023-24,2005,Arlington SD 3,100,General Fund,1990,Miscellaneous,82105.36
2023-24,2005,Arlington SD 3,100,General Fund,2103,Excess ESD Local Revenue,152406.28
2023-24,2006,Condon SD 25J,100,General Fund,1110,Ad valorem taxes levied by district,607525.4
2023-24,2006,Condon SD 25J,100,General Fund,1120,Local option ad valorem taxes levied by district,0.01
2023-24,2006,Condon SD 25J,100,General Fund,1500,Earnings on Investments,328617.58
2023-24,2006,Condon SD 25J,100,General Fund,1920,Contributions and Donations From Private Sources,1484
2023-24,2006,Condon SD 25J,100,General Fund,1990,Miscellaneous,7749.76
2023-24,2006,Condon SD 25J,100,General Fund,2103,Excess ESD Local Revenue,138633.98
2023-24,2006,Condon SD 25J,400,Capital Projects Funds,5400,Resources - Beginning Fund Balance,2000000
2023-24,2006,Condon SD 25J,600,Internal Service Funds,5200,Interfund Transfers,2000
2023-24,2006,Condon SD 25J,600,Internal Service Funds,5400,Resources - Beginning Fund Balance,958079.54
2023-24,2006,Condon SD 25J,200,Special Revenue Funds,5400,Resources - Beginning Fund Balance,173560.68
2023-24,2006,Condon SD 25J,300,Debt Service Funds,1110,Ad valorem taxes levied by district,253378.36
2023-24,2006,Condon SD 25J,300,Debt Service Funds,1500,Earnings on Investments,1072.5
2023-24,2006,Condon SD 25J,300,Debt Service Funds,2800,Revenue in Lieu of Taxes,2.64
2023-24,2006,Condon SD 25J,300,Debt Service Funds,5400,Resources - Beginning Fund Balance,38368.2
2023-24,2006,Condon SD 25J,400,Capital Projects Funds,5200,Interfund Transfers,225000
2023-24,2006,Condon SD 25J,200,Special Revenue Funds,3299,Other Restricted Grants-In-Aid,314972.16
2023-24,2006,Condon SD 25J,200,Special Revenue Funds,3900,Revenue for/on Behalf of the District,1916.06
2023-24,2006,Condon SD 25J,200,Special Revenue Funds,4300,Restricted Revenue Direct From the Federal Government,9377.76
2023-24,2006,Condon SD 25J,200,Special Revenue Funds,4500,Restricted Revenue From Federal Government Through the State,124710.18
2023-24,2006,Condon SD 25J,200,Special Revenue Funds,4900,Revenue for/on Behalf of the District,3298.33
2023-24,2006,Condon SD 25J,200,Special Revenue Funds,5200,Interfund Transfers,128000
2023-24,2006,Condon SD 25J,100,General Fund,5200,Interfund Transfers,49870.62
2023-24,2006,Condon SD 25J,100,General Fund,5400,Resources - Beginning Fund Balance,3187542.32
2023-24,2006,Condon SD 25J,200,Special Revenue Funds,1600,Food Service,11993.7
2023-24,2006,Condon SD 25J,200,Special Revenue Funds,1700,Extra-Curricular Activities,10317.9
2023-24,2006,Condon SD 25J,200,Special Revenue Funds,1990,Miscellaneous,83476.25
2023-24,2006,Condon SD 25J,200,Special Revenue Funds,2200,Restricted Revenue,407663
2023-24,2006,Condon SD 25J,100,General Fund,2200,Restricted Revenue,26373.78
2023-24,2006,Condon SD 25J,100,General Fund,2800,Revenue in Lieu of Taxes,27.94
2023-24,2006,Condon SD 25J,100,General Fund,3101,State School Fund --General Support,2287807.32
2023-24,2006,Condon SD 25J,100,General Fund,3103,Common School Fund,16001.51
2023-24,2006,Condon SD 25J,100,General Fund,3299,Other Restricted Grants-In-Aid,25684.71
2023-24,2006,Condon SD 25J,100,General Fund,4500,Restricted Revenue From Federal Government Through the State,10000
2023-24,2007,Grant ESD,100,General Fund,1110,Ad valorem taxes levied by district,2517655.2
2023-24,2007,Grant ESD,100,General Fund,1500,Earnings on Investments,99905.49
2023-24,2007,Grant ESD,100,General Fund,1910,Rentals,3600
2023-24,2007,Grant ESD,100,General Fund,1940,Services Provided Other Local Education Agencies,474548.45
2023-24,2007,Grant ESD,100,General Fund,1980,Fees Charged to Grants,3295.19
2023-24,2007,Grant ESD,100,General Fund,1990,Miscellaneous,39055.93
2023-24,2007,Grant ESD,250,Non-Federal Sources,4500,Restricted Revenue From Federal Government Through the State,179346.01
2023-24,2007,Grant ESD,250,Non-Federal Sources,5400,Resources - Beginning Fund Balance,145001.85
2023-24,2007,Grant ESD,700,Trust and Agency Funds,1500,Earnings on Investments,119.2
2023-24,2007,Grant ESD,700,Trust and Agency Funds,1920,Contributions and Donations From Private Sources,1000
2023-24,2007,Grant ESD,700,Trust and Agency Funds,5400,Resources - Beginning Fund Balance,237802.67
2023-24,2007,Grant ESD,200,Special Revenue Funds,5400,Resources - Beginning Fund Balance,251404.6
2023-24,2007,Grant ESD,201,Federal Sources,4500,Restricted Revenue From Federal Government Through the State,36711.8
2023-24,2007,Grant ESD,250,Non-Federal Sources,1940,Services Provided Other Local Education Agencies,512890.81
2023-24,2007,Grant ESD,250,Non-Federal Sources,1990,Miscellaneous,57840.61
2023-24,2007,Grant ESD,250,Non-Federal Sources,2199,Other Intermediate Sources,50250
2023-24,2007,Grant ESD,250,Non-Federal Sources,3299,Other Restricted Grants-In-Aid,489101.84
2023-24,2007,Grant ESD,100,General Fund,3299,Other Restricted Grants-In-Aid,574.38
2023-24,2007,Grant ESD,100,General Fund,4700,Grants-In-Aid From Federal Government Through Other Intermed,54300
2023-24,2007,Grant ESD,100,General Fund,5400,Resources - Beginning Fund Balance,1565587.75
2023-24,2007,Grant ESD,200,Special Revenue Funds,1500,Earnings on Investments,-1499.97
2023-24,2007,Grant ESD,200,Special Revenue Funds,1990,Miscellaneous,48618.8
2023-24,2007,Grant ESD,200,Special Revenue Funds,3299,Other Restricted Grants-In-Aid,5500
2023-24,2008,John Day SD 3,100,General Fund,1110,Ad valorem taxes levied by district,698195.51
2023-24,2008,John Day SD 3,100,General Fund,1190,Penalties and interest on taxes,1735.16
2023-24,2008,John Day SD 3,100,General Fund,1312,Tuition from Other Districts within the State,36739.16
2023-24,2008,John Day SD 3,100,General Fund,1500,Earnings on Investments,299925.88
2023-24,2008,John Day SD 3,100,General Fund,1920,Contributions and Donations From Private Sources,9743.75
2023-24,2008,John Day SD 3,100,General Fund,1960,Recovery of Prior Years' Expenditure,57829.36
2023-24,2008,John Day SD 3,251,Student Investment Account,5400,Resources - Beginning Fund Balance,-684
2023-24,2008,John Day SD 3,100,General Fund,5400,Resources - Beginning Fund Balance,2529558.93
2023-24,2008,John Day SD 3,400,Capital Projects Funds,5400,Resources - Beginning Fund Balance,3497622.74
2023-24,2008,John Day SD 3,300,Debt Service Funds,1500,Earnings on Investments,19631.65
2023-24,2008,John Day SD 3,300,Debt Service Funds,1970,Services Provided Other Funds,22500.82
2023-24,2008,John Day SD 3,300,Debt Service Funds,5400,Resources - Beginning Fund Balance,2911872.27
2023-24,2008,John Day SD 3,400,Capital Projects Funds,1990,Miscellaneous,10000
2023-24,2008,John Day SD 3,400,Capital Projects Funds,3299,Other Restricted Grants-In-Aid,1356158
2023-24,2008,John Day SD 3,400,Capital Projects Funds,5200,Interfund Transfers,155000
2023-24,2008,John Day SD 3,299,Child Nutrition,1990,Miscellaneous,7802.6
2023-24,2008,John Day SD 3,299,Child Nutrition,3299,Other Restricted Grants-In-Aid,37092.13
2023-24,2008,John Day SD 3,299,Child Nutrition,4500,Restricted Revenue From Federal Government Through the State,176004.25
2023-24,2008,John Day SD 3,299,Child Nutrition,4900,Revenue for/on Behalf of the District,15149.25
2023-24,2008,John Day SD 3,299,Child Nutrition,5200,Interfund Transfers,162000
2023-24,2008,John Day SD 3,299,Child Nutrition,5400,Resources - Beginning Fund Balance,60081.58
2023-24,2008,John Day SD 3,250,Non-Federal Sources,3299,Other Restricted Grants-In-Aid,54088.99
2023-24,2008,John Day SD 3,250,Non-Federal Sources,5200,Interfund Transfers,180000
2023-24,2008,John Day SD 3,250,Non-Federal Sources,5400,Resources - Beginning Fund Balance,666265.25
2023-24,2008,John Day SD 3,251,Student Investment Account,3299,Other Restricted Grants-In-Aid,566850.2
2023-24,2008,John Day SD 3,252,Measure 98 - High School Success,3299,Other Restricted Grants-In-Aid,150040.5
2023-24,2008,John Day SD 3,299,Child Nutrition,1600,Food Service,65993.69
2023-24,2008,John Day SD 3,201,Federal Sources,4500,Restricted Revenue From Federal Government Through the State,803660.61
2023-24,2008,John Day SD 3,201,Federal Sources,5400,Resources - Beginning Fund Balance,-4592.74
2023-24,2008,John Day SD 3,250,Non-Federal Sources,1311,Tuition from Individuals,116223.68
2023-24,2008,John Day SD 3,250,Non-Federal Sources,1700,Extra-Curricular Activities,274823.11
2023-24,2008,John Day SD 3,250,Non-Federal Sources,1920,Contributions and Donations From Private Sources,29555.76
2023-24,2008,John Day SD 3,250,Non-Federal Sources,1990,Miscellaneous,24345.04
2023-24,2008,John Day SD 3,100,General Fund,3103,Common School Fund,61542.64
2023-24,2008,John Day SD 3,100,General Fund,3199,Other Unrestricted Grants-In-Aid,23455.34
2023-24,2008,John Day SD 3,100,General Fund,3299,Other Restricted Grants-In-Aid,16475.24
2023-24,2008,John Day SD 3,100,General Fund,4500,Restricted Revenue From Federal Government Through the State,2211
2023-24,2008,John Day SD 3,100,General Fund,4801,Federal Forest Fees,355988.87
2023-24,2008,John Day SD 3,100,General Fund,5300,Sale of or Compensation for Loss of Fixed Assets,907.95
2023-24,2008,John Day SD 3,100,General Fund,1990,Miscellaneous,38979.3
2023-24,2008,John Day SD 3,100,General Fund,2101,County School Funds,4700.7
2023-24,2008,John Day SD 3,100,General Fund,2102,General Education Service District Funds,160000
2023-24,2008,John Day SD 3,100,General Fund,2103,Excess ESD Local Revenue,218752.58
2023-24,2008,John Day SD 3,100,General Fund,2199,Other Intermediate Sources,89898.15
2023-24,2008,John Day SD 3,100,General Fund,3101,State School Fund --General Support,6677012.44
2023-24,2009,Prairie City SD 4,100,General Fund,1110,Ad valorem taxes levied by district,166750.09
2023-24,2009,Prairie City SD 4,100,General Fund,1500,Earnings on Investments,187914.71
2023-24,2009,Prairie City SD 4,100,General Fund,1910,Rentals,3000
2023-24,2009,Prairie City SD 4,100,General Fund,1940,Services Provided Other Local Education Agencies,329676.65
2023-24,2009,Prairie City SD 4,100,General Fund,1960,Recovery of Prior Years' Expenditure,1718.07
2023-24,2009,Prairie City SD 4,100,General Fund,1990,Miscellaneous,153479.88
2023-24,2009,Prairie City SD 4,300,Debt Service Funds,1500,Earnings on Investments,717.59
2023-24,2009,Prairie City SD 4,300,Debt Service Funds,1970,Services Provided Other Funds,103176.96
2023-24,2009,Prairie City SD 4,300,Debt Service Funds,5400,Resources - Beginning Fund Balance,64932.1
2023-24,2009,Prairie City SD 4,700,Trust and Agency Funds,1500,Earnings on Investments,2.88
2023-24,2009,Prairie City SD 4,700,Trust and Agency Funds,5400,Resources - Beginning Fund Balance,20186.86
2023-24,2009,Prairie City SD 4,299,Child Nutrition,1990,Miscellaneous,3885.27
2023-24,2009,Prairie City SD 4,299,Child Nutrition,3299,Other Restricted Grants-In-Aid,21899.46
2023-24,2009,Prairie City SD 4,299,Child Nutrition,4500,Restricted Revenue From Federal Government Through the State,86668.81
2023-24,2009,Prairie City SD 4,299,Child Nutrition,4900,Revenue for/on Behalf of the District,3998.72
2023-24,2009,Prairie City SD 4,299,Child Nutrition,5200,Interfund Transfers,91322.99
2023-24,2009,Prairie City SD 4,299,Child Nutrition,5400,Resources - Beginning Fund Balance,17272.73
2023-24,2009,Prairie City SD 4,250,Non-Federal Sources,3299,Other Restricted Grants-In-Aid,685900.02
2023-24,2009,Prairie City SD 4,250,Non-Federal Sources,5200,Interfund Transfers,6725.9
2023-24,2009,Prairie City SD 4,250,Non-Federal Sources,5400,Resources - Beginning Fund Balance,92973
2023-24,2009,Prairie City SD 4,251,Student Investment Account,3299,Other Restricted Grants-In-Aid,425511.91
2023-24,2009,Prairie City SD 4,252,Measure 98 - High School Success,3299,Other Restricted Grants-In-Aid,67432.9
2023-24,2009,Prairie City SD 4,299,Child Nutrition,1600,Food Service,31855.4
2023-24,2009,Prairie City SD 4,100,General Fund,4700,Grants-In-Aid From Federal Government Through Other Intermed,510143.7
2023-24,2009,Prairie City SD 4,100,General Fund,5400,Resources - Beginning Fund Balance,2746784.54
2023-24,2009,Prairie City SD 4,201,Federal Sources,4500,Restricted Revenue From Federal Government Through the State,625855.62
2023-24,2009,Prairie City SD 4,250,Non-Federal Sources,1500,Earnings on Investments,28.68
2023-24,2009,Prairie City SD 4,250,Non-Federal Sources,1990,Miscellaneous,60249.77
2023-24,2009,Prairie City SD 4,250,Non-Federal Sources,2110,Intermediate 'I' Tax,11750
2023-24,2009,Prairie City SD 4,100,General Fund,2101,County School Funds,12918.4
2023-24,2009,Prairie City SD 4,100,General Fund,2102,General Education Service District Funds,15000
2023-24,2009,Prairie City SD 4,100,General Fund,2103,Excess ESD Local Revenue,485495.09
2023-24,2009,Prairie City SD 4,100,General Fund,3101,State School Fund --General Support,17951931.45
2023-24,2009,Prairie City SD 4,100,General Fund,3103,Common School Fund,31729.22
2023-24,2009,Prairie City SD 4,100,General Fund,3299,Other Restricted Grants-In-Aid,24981.58
2023-24,2010,Monument SD 8,100,General Fund,1110,Ad valorem taxes levied by district,103320.83
2023-24,2010,Monument SD 8,100,General Fund,1500,Earnings on Investments,168302.1
2023-24,2010,Monument SD 8,100,General Fund,1800,Community Services Activities,15700
2023-24,2010,Monument SD 8,100,General Fund,1960,Recovery of Prior Years' Expenditure,20
2023-24,2010,Monument SD 8,100,General Fund,1990,Miscellaneous,46357.74
2023-24,2010,Monument SD 8,100,General Fund,2101,County School Funds,581.1
2023-24,2010,Monument SD 8,300,Debt Service Funds,1500,Earnings on Investments,3329.9
2023-24,2010,Monument SD 8,300,Debt Service Funds,1970,Services Provided Other Funds,93443.1
2023-24,2010,Monument SD 8,300,Debt Service Funds,5400,Resources - Beginning Fund Balance,16402.11
2023-24,2010,Monument SD 8,700,Trust and Agency Funds,1500,Earnings on Investments,30.88
2023-24,2010,Monument SD 8,700,Trust and Agency Funds,5400,Resources - Beginning Fund Balance,23664.67
2023-24,2010,Monument SD 8,299,Child Nutrition,1990,Miscellaneous,7000
2023-24,2010,Monument SD 8,299,Child Nutrition,3299,Other Restricted Grants-In-Aid,8676.45
2023-24,2010,Monument SD 8,299,Child Nutrition,4500,Restricted Revenue From Federal Government Through the State,28681.77
2023-24,2010,Monument SD 8,299,Child Nutrition,4900,Revenue for/on Behalf of the District,2448.65
2023-24,2010,Monument SD 8,299,Child Nutrition,5200,Interfund Transfers,30154.4
2023-24,2010,Monument SD 8,299,Child Nutrition,5400,Resources - Beginning Fund Balance,7294.92
2023-24,2010,Monument SD 8,250,Non-Federal Sources,3299,Other Restricted Grants-In-Aid,1332825.29
2023-24,2010,Monument SD 8,250,Non-Federal Sources,5200,Interfund Transfers,129800
2023-24,2010,Monument SD 8,250,Non-Federal Sources,5400,Resources - Beginning Fund Balance,1056045.28
2023-24,2010,Monument SD 8,251,Student Investment Account,3299,Other Restricted Grants-In-Aid,124615.52
2023-24,2010,Monument SD 8,252,Measure 98 - High School Success,3299,Other Restricted Grants-In-Aid,27236.85
2023-24,2010,Monument SD 8,299,Child Nutrition,1600,Food Service,1964
2023-24,2010,Monument SD 8,100,General Fund,4700,Grants-In-Aid From Federal Government Through Other Intermed,86519.67
2023-24,2010,Monument SD 8,100,General Fund,5400,Resources - Beginning Fund Balance,2544143.42
2023-24,2010,Monument SD 8,201,Federal Sources,4500,Restricted Revenue From Federal Government Through the State,114280.46
2023-24,2010,Monument SD 8,250,Non-Federal Sources,1700,Extra-Curricular Activities,46322.39
2023-24,2010,Monument SD 8,250,Non-Federal Sources,1990,Miscellaneous,13100
2023-24,2010,Monument SD 8,250,Non-Federal Sources,2900,Revenue for/on Behalf of the District,9000
2023-24,2010,Monument SD 8,100,General Fund,2103,Excess ESD Local Revenue,53165.71
2023-24,2010,Monument SD 8,100,General Fund,2199,Other Intermediate Sources,11113.2
2023-24,2010,Monument SD 8,100,General Fund,3101,State School Fund --General Support,1720834.58
2023-24,2010,Monument SD 8,100,General Fund,3103,Common School Fund,7921.46
2023-24,2010,Monument SD 8,100,General Fund,3299,Other Restricted Grants-In-Aid,2178.56
2023-24,2010,Monument SD 8,100,General Fund,4500,Restricted Revenue From Federal Government Through the State,10000
2023-24,2011,Dayville SD 16J,201,Federal Sources,4500,Restricted Revenue From Federal Government Through the State,121585.71
2023-24,2011,Dayville SD 16J,250,Non-Federal Sources,1500,Earnings on Investments,11.93
2023-24,2011,Dayville SD 16J,250,Non-Federal Sources,1700,Extra-Curricular Activities,15519.74
2023-24,2011,Dayville SD 16J,250,Non-Federal Sources,2199,Other Intermediate Sources,7000
2023-24,2011,Dayville SD 16J,300,Debt Service Funds,1110,Ad valorem taxes levied by district,56620.87
2023-24,2011,Dayville SD 16J,300,Debt Service Funds,1500,Earnings on Investments,130.05
2023-24,2011,Dayville SD 16J,300,Debt Service Funds,5400,Resources - Beginning Fund Balance,531.01
2023-24,2011,Dayville SD 16J,400,Capital Projects Funds,5200,Interfund Transfers,25487.07
2023-24,2011,Dayville SD 16J,400,Capital Projects Funds,5400,Resources - Beginning Fund Balance,162674.44
2023-24,2011,Dayville SD 16J,500,Enterprise Funds,5200,Interfund Transfers,17285.6
2023-24,2011,Dayville SD 16J,299,Child Nutrition,1600,Food Service,2340.5
2023-24,2011,Dayville SD 16J,299,Child Nutrition,1990,Miscellaneous,3956.86
2023-24,2011,Dayville SD 16J,299,Child Nutrition,3299,Other Restricted Grants-In-Aid,7593.6
2023-24,2011,Dayville SD 16J,299,Child Nutrition,4500,Restricted Revenue From Federal Government Through the State,20168.07
2023-24,2011,Dayville SD 16J,299,Child Nutrition,4900,Revenue for/on Behalf of the District,2261.96
2023-24,2011,Dayville SD 16J,299,Child Nutrition,5200,Interfund Transfers,39633.07
2023-24,2011,Dayville SD 16J,100,General Fund,4700,Grants-In-Aid From Federal Government Through Other Intermed,88531.33
2023-24,2011,Dayville SD 16J,100,General Fund,5400,Resources - Beginning Fund Balance,1148217.63
2023-24,2011,Dayville SD 16J,250,Non-Federal Sources,3299,Other Restricted Grants-In-Aid,158214.66
2023-24,2011,Dayville SD 16J,250,Non-Federal Sources,5400,Resources - Beginning Fund Balance,60655.88
2023-24,2011,Dayville SD 16J,251,Student Investment Account,3299,Other Restricted Grants-In-Aid,150366.58
2023-24,2011,Dayville SD 16J,252,Measure 98 - High School Success,3299,Other Restricted Grants-In-Aid,41292.54
2023-24,2011,Dayville SD 16J,100,General Fund,2102,General Education Service District Funds,4000
2023-24,2011,Dayville SD 16J,100,General Fund,2103,Excess ESD Local Revenue,48839.73
2023-24,2011,Dayville SD 16J,100,General Fund,3101,State School Fund --General Support,1398439.78
2023-24,2011,Dayville SD 16J,100,General Fund,3103,Common School Fund,6990.64
2023-24,2011,Dayville SD 16J,100,General Fund,3299,Other Restricted Grants-In-Aid,2167.25
2023-24,2011,Dayville SD 16J,100,General Fund,4500,Restricted Revenue From Federal Government Through the State,10000
2023-24,2011,Dayville SD 16J,100,General Fund,1110,Ad valorem taxes levied by district,85662.41
2023-24,2011,Dayville SD 16J,100,General Fund,1500,Earnings on Investments,51522.51
2023-24,2011,Dayville SD 16J,100,General Fund,1800,Community Services Activities,6265.92
2023-24,2011,Dayville SD 16J,100,General Fund,1960,Recovery of Prior Years' Expenditure,2758.46
2023-24,2011,Dayville SD 16J,100,General Fund,1990,Miscellaneous,11504.07
2023-24,2011,Dayville SD 16J,100,General Fund,2101,County School Funds,473.3
2023-24,2012,Long Creek SD 17,299,Child Nutrition,4500,Restricted Revenue From Federal Government Through the State,23673.77
2023-24,2012,Long Creek SD 17,299,Child Nutrition,5200,Interfund Transfers,31169.68
2023-24,2012,Long Creek SD 17,700,Trust and Agency Funds,1500,Earnings on Investments,3.01
2023-24,2012,Long Creek SD 17,700,Trust and Agency Funds,1920,Contributions and Donations From Private Sources,6823.81
2023-24,2012,Long Creek SD 17,250,Non-Federal Sources,5400,Resources - Beginning Fund Balance,127252.56
2023-24,2012,Long Creek SD 17,251,Student Investment Account,3299,Other Restricted Grants-In-Aid,84466.49
2023-24,2012,Long Creek SD 17,252,Measure 98 - High School Success,3299,Other Restricted Grants-In-Aid,32679.86
2023-24,2012,Long Creek SD 17,299,Child Nutrition,1600,Food Service,236.6
2023-24,2012,Long Creek SD 17,299,Child Nutrition,1920,Contributions and Donations From Private Sources,500
2023-24,2012,Long Creek SD 17,299,Child Nutrition,3299,Other Restricted Grants-In-Aid,1975.72
2023-24,2012,Long Creek SD 17,250,Non-Federal Sources,1700,Extra-Curricular Activities,3521.32
2023-24,2012,Long Creek SD 17,250,Non-Federal Sources,1910,Rentals,21464.47
2023-24,2012,Long Creek SD 17,250,Non-Federal Sources,1990,Miscellaneous,20273.07
2023-24,2012,Long Creek SD 17,250,Non-Federal Sources,3299,Other Restricted Grants-In-Aid,137790.34
2023-24,2012,Long Creek SD 17,250,Non-Federal Sources,5200,Interfund Transfers,64382.04
2023-24,2012,Long Creek SD 17,250,Non-Federal Sources,5300,Sale of or Compensation for Loss of Fixed Assets,12720
2023-24,2012,Long Creek SD 17,100,General Fund,4700,Grants-In-Aid From Federal Government Through Other Intermed,54341.6
2023-24,2012,Long Creek SD 17,100,General Fund,5400,Resources - Beginning Fund Balance,1653365.81
2023-24,2012,Long Creek SD 17,201,Federal Sources,2200,Restricted Revenue,10000
2023-24,2012,Long Creek SD 17,201,Federal Sources,4300,Restricted Revenue Direct From the Federal Government,11405.03
2023-24,2012,Long Creek SD 17,201,Federal Sources,4500,Restricted Revenue From Federal Government Through the State,221391.15
2023-24,2012,Long Creek SD 17,201,Federal Sources,5400,Resources - Beginning Fund Balance,53616.31
2023-24,2012,Long Creek SD 17,100,General Fund,2102,General Education Service District Funds,181.5
2023-24,2012,Long Creek SD 17,100,General Fund,2103,Excess ESD Local Revenue,79897.89
2023-24,2012,Long Creek SD 17,100,General Fund,3101,State School Fund --General Support,999788.13
2023-24,2012,Long Creek SD 17,100,General Fund,3103,Common School Fund,3110.29
2023-24,2012,Long Creek SD 17,100,General Fund,3299,Other Restricted Grants-In-Aid,77.1
2023-24,2012,Long Creek SD 17,100,General Fund,4500,Restricted Revenue From Federal Government Through the State,10000
2023-24,2012,Long Creek SD 17,100,General Fund,1110,Ad valorem taxes levied by district,87910.57
2023-24,2012,Long Creek SD 17,100,General Fund,1312,Tuition from Other Districts within the State,107487.94
2023-24,2012,Long Creek SD 17,100,General Fund,1500,Earnings on Investments,90281.96
2023-24,2012,Long Creek SD 17,100,General Fund,1960,Recovery of Prior Years' Expenditure,4247.36
2023-24,2012,Long Creek SD 17,100,General Fund,1990,Miscellaneous,35574.46
2023-24,2012,Long Creek SD 17,100,General Fund,2101,County School Funds,3469.17
2023-24,2013,Harney ESD Region XVII,200,Special Revenue Funds,4500,Restricted Revenue From Federal Government Through the State,652811.92
2023-24,2013,Harney ESD Region XVII,100,General Fund,5400,Resources - Beginning Fund Balance,887312
2023-24,2013,Harney ESD Region XVII,400,Capital Projects Funds,5200,Interfund Transfers,50000
2023-24,2013,Harney ESD Region XVII,400,Capital Projects Funds,5400,Resources - Beginning Fund Balance,376257.37
2023-24,2013,Harney ESD Region XVII,100,General Fund,1110,Ad valorem taxes levied by district,604961
2023-24,2013,Harney ESD Region XVII,200,Special Revenue Funds,2199,Other Intermediate Sources,69637
2023-24,2013,Harney ESD Region XVII,200,Special Revenue Funds,3299,Other Restricted Grants-In-Aid,2235147.65
2023-24,2013,Harney ESD Region XVII,200,Special Revenue Funds,4300,Restricted Revenue Direct From the Federal Government,401511.49
2023-24,2013,Harney ESD Region XVII,200,Special Revenue Funds,1311,Tuition from Individuals,1200
2023-24,2013,Harney ESD Region XVII,200,Special Revenue Funds,1800,Community Services Activities,25629
2023-24,2013,Harney ESD Region XVII,200,Special Revenue Funds,1940,Services Provided Other Local Education Agencies,616818.31
2023-24,2013,Harney ESD Region XVII,200,Special Revenue Funds,1990,Miscellaneous,183825.93
2023-24,2013,Harney ESD Region XVII,200,Special Revenue Funds,5200,Interfund Transfers,100000
2023-24,2013,Harney ESD Region XVII,200,Special Revenue Funds,5400,Resources - Beginning Fund Balance,1327025.04
2023-24,2013,Harney ESD Region XVII,100,General Fund,1940,Services Provided Other Local Education Agencies,7401.66
2023-24,2013,Harney ESD Region XVII,100,General Fund,1980,Fees Charged to Grants,226683.24
2023-24,2013,Harney ESD Region XVII,100,General Fund,1990,Miscellaneous,54529.98
2023-24,2013,Harney ESD Region XVII,100,General Fund,2101,County School Funds,847.64
2023-24,2013,Harney ESD Region XVII,100,General Fund,3101,State School Fund --General Support,623786
2023-24,2013,Harney ESD Region XVII,100,General Fund,3299,Other Restricted Grants-In-Aid,500
2023-24,2013,Harney ESD Region XVII,100,General Fund,1500,Earnings on Investments,61002.13
2023-24,2013,Harney ESD Region XVII,100,General Fund,1910,Rentals,150
2023-24,2014,Harney County SD 3,100,General Fund,1110,Ad valorem taxes levied by district,2178361.2
2023-24,2014,Harney County SD 3,100,General Fund,1500,Earnings on Investments,290380.07
2023-24,2014,Harney County SD 3,100,General Fund,1980,Fees Charged to Grants,121145.61
2023-24,2014,Harney County SD 3,100,General Fund,1990,Miscellaneous,25324.55
2023-24,2014,Harney County SD 3,100,General Fund,2102,General Education Service District Funds,393674
2023-24,2014,Harney County SD 3,100,General Fund,2199,Other Intermediate Sources,3041.42
2023-24,2014,Harney County SD 3,252,Measure 98 - High School Success,3299,Other Restricted Grants-In-Aid,198229
2023-24,2014,Harney County SD 3,300,Debt Service Funds,1110,Ad valorem taxes levied by district,207713.41
2023-24,2014,Harney County SD 3,300,Debt Service Funds,1500,Earnings on Investments,7980.39
2023-24,2014,Harney County SD 3,300,Debt Service Funds,1970,Services Provided Other Funds,1360868.67
2023-24,2014,Harney County SD 3,300,Debt Service Funds,2199,Other Intermediate Sources,294.07
2023-24,2014,Harney County SD 3,300,Debt Service Funds,5400,Resources - Beginning Fund Balance,92026.94
2023-24,2014,Harney County SD 3,400,Capital Projects Funds,5400,Resources - Beginning Fund Balance,353897.81
2023-24,2014,Harney County SD 3,299,Child Nutrition,1600,Food Service,34497.17
2023-24,2014,Harney County SD 3,299,Child Nutrition,3102,State School Fund--School Lunch Match,11778.25
2023-24,2014,Harney County SD 3,299,Child Nutrition,3299,Other Restricted Grants-In-Aid,143.35
2023-24,2014,Harney County SD 3,299,Child Nutrition,4500,Restricted Revenue From Federal Government Through the State,235976.02
2023-24,2014,Harney County SD 3,299,Child Nutrition,4900,Revenue for/on Behalf of the District,14878.26
2023-24,2014,Harney County SD 3,299,Child Nutrition,5200,Interfund Transfers,105367.37
2023-24,2014,Harney County SD 3,250,Non-Federal Sources,4500,Restricted Revenue From Federal Government Through the State,132368.39
2023-24,2014,Harney County SD 3,250,Non-Federal Sources,5200,Interfund Transfers,359482.63
2023-24,2014,Harney County SD 3,250,Non-Federal Sources,5300,Sale of or Compensation for Loss of Fixed Assets,27000
2023-24,2014,Harney County SD 3,250,Non-Federal Sources,5400,Resources - Beginning Fund Balance,295599.85
2023-24,2014,Harney County SD 3,251,Student Investment Account,3299,Other Restricted Grants-In-Aid,938539.14
2023-24,2014,Harney County SD 3,251,Student Investment Account,5400,Resources - Beginning Fund Balance,44077.86
2023-24,2014,Harney County SD 3,250,Non-Federal Sources,1920,Contributions and Donations From Private Sources,2028.33
2023-24,2014,Harney County SD 3,250,Non-Federal Sources,1960,Recovery of Prior Years' Expenditure,18209.11
2023-24,2014,Harney County SD 3,250,Non-Federal Sources,1970,Services Provided Other Funds,3118
2023-24,2014,Harney County SD 3,250,Non-Federal Sources,1990,Miscellaneous,34497.75
2023-24,2014,Harney County SD 3,250,Non-Federal Sources,3222,State School Fund (SSF) Transportation Equipment,50813.2
2023-24,2014,Harney County SD 3,250,Non-Federal Sources,3299,Other Restricted Grants-In-Aid,777706.11
2023-24,2014,Harney County SD 3,100,General Fund,4801,Federal Forest Fees,85425.36
2023-24,2014,Harney County SD 3,100,General Fund,5400,Resources - Beginning Fund Balance,4865190.05
2023-24,2014,Harney County SD 3,201,Federal Sources,4300,Restricted Revenue Direct From the Federal Government,12035
2023-24,2014,Harney County SD 3,201,Federal Sources,4500,Restricted Revenue From Federal Government Through the State,1998917.41
2023-24,2014,Harney County SD 3,201,Federal Sources,5400,Resources - Beginning Fund Balance,14303.09
2023-24,2014,Harney County SD 3,250,Non-Federal Sources,1700,Extra-Curricular Activities,256730.91
2023-24,2014,Harney County SD 3,100,General Fund,2200,Restricted Revenue,4243.68
2023-24,2014,Harney County SD 3,100,General Fund,3101,State School Fund --General Support,7345615.76
2023-24,2014,Harney County SD 3,100,General Fund,3103,Common School Fund,78746.42
2023-24,2014,Harney County SD 3,100,General Fund,3299,Other Restricted Grants-In-Aid,12607.03
2023-24,2014,Harney County SD 3,100,General Fund,4500,Restricted Revenue From Federal Government Through the State,8772.67
2023-24,2014,Harney County SD 3,100,General Fund,4700,Grants-In-Aid From Federal Government Through Other Intermed,4989.1
2023-24,2015,Harney County SD 4,100,General Fund,1110,Ad valorem taxes levied by district,247705.55
2023-24,2015,Harney County SD 4,100,General Fund,1500,Earnings on Investments,447132.08
2023-24,2015,Harney County SD 4,100,General Fund,1990,Miscellaneous,29429.28
2023-24,2015,Harney County SD 4,100,General Fund,2101,County School Funds,318.39
2023-24,2015,Harney County SD 4,100,General Fund,2199,Other Intermediate Sources,1400.97
2023-24,2015,Harney County SD 4,100,General Fund,2900,Revenue for/on Behalf of the District,187153
2023-24,2015,Harney County SD 4,200,Special Revenue Funds,4900,Revenue for/on Behalf of the District,379
2023-24,2015,Harney County SD 4,200,Special Revenue Funds,4300,Restricted Revenue Direct From the Federal Government,17632
2023-24,2015,Harney County SD 4,200,Special Revenue Funds,4500,Restricted Revenue From Federal Government Through the State,98125.38
2023-24,2015,Harney County SD 4,200,Special Revenue Funds,5200,Interfund Transfers,124640
2023-24,2015,Harney County SD 4,200,Special Revenue Funds,5400,Resources - Beginning Fund Balance,476765
2023-24,2015,Harney County SD 4,400,Capital Projects Funds,5200,Interfund Transfers,675000
2023-24,2015,Harney County SD 4,400,Capital Projects Funds,5400,Resources - Beginning Fund Balance,605148
2023-24,2015,Harney County SD 4,100,General Fund,5400,Resources - Beginning Fund Balance,6784219
2023-24,2015,Harney County SD 4,200,Special Revenue Funds,1500,Earnings on Investments,11.96
2023-24,2015,Harney County SD 4,200,Special Revenue Funds,1600,Food Service,10413.25
2023-24,2015,Harney County SD 4,200,Special Revenue Funds,1910,Rentals,12900
2023-24,2015,Harney County SD 4,200,Special Revenue Funds,1990,Miscellaneous,4398.35
2023-24,2015,Harney County SD 4,200,Special Revenue Funds,3299,Other Restricted Grants-In-Aid,136233.32
2023-24,2015,Harney County SD 4,100,General Fund,3101,State School Fund --General Support,11986104.82
2023-24,2015,Harney County SD 4,100,General Fund,3103,Common School Fund,18260.71
2023-24,2015,Harney County SD 4,100,General Fund,3299,Other Restricted Grants-In-Aid,-0.1
2023-24,2015,Harney County SD 4,100,General Fund,4100,Unrestricted Revenue Direct From the Federal Government,10023.03
2023-24,2015,Harney County SD 4,100,General Fund,4801,Federal Forest Fees,111932.33
2023-24,2015,Harney County SD 4,100,General Fund,5200,Interfund Transfers,525000
2023-24,2016,Pine Creek SD 5,100,General Fund,1110,Ad valorem taxes levied by district,27191.86
2023-24,2016,Pine Creek SD 5,100,General Fund,1500,Earnings on Investments,54403.12
2023-24,2016,Pine Creek SD 5,100,General Fund,1990,Miscellaneous,1480
2023-24,2016,Pine Creek SD 5,100,General Fund,2101,County School Funds,38.07
2023-24,2016,Pine Creek SD 5,100,General Fund,2199,Other Intermediate Sources,1489.12
2023-24,2016,Pine Creek SD 5,100,General Fund,3101,State School Fund --General Support,291768.71
2023-24,2016,Pine Creek SD 5,200,Special Revenue Funds,4500,Restricted Revenue From Federal Government Through the State,99741.53
2023-24,2016,Pine Creek SD 5,100,General Fund,3103,Common School Fund,329.38
2023-24,2016,Pine Creek SD 5,100,General Fund,4500,Restricted Revenue From Federal Government Through the State,-0.3
2023-24,2016,Pine Creek SD 5,100,General Fund,4801,Federal Forest Fees,2598.08
2023-24,2016,Pine Creek SD 5,100,General Fund,5400,Resources - Beginning Fund Balance,1107390
2023-24,2016,Pine Creek SD 5,200,Special Revenue Funds,4300,Restricted Revenue Direct From the Federal Government,7001.83
2023-24,2017,Diamond SD 7,100,General Fund,1110,Ad valorem taxes levied by district,33608
2023-24,2017,Diamond SD 7,100,General Fund,1500,Earnings on Investments,19911
2023-24,2017,Diamond SD 7,100,General Fund,2105,Natural Gas; Oil; And Mineral Receipts,1473
2023-24,2017,Diamond SD 7,100,General Fund,3101,State School Fund --General Support,335537
2023-24,2017,Diamond SD 7,100,General Fund,3103,Common School Fund,1074
2023-24,2017,Diamond SD 7,100,General Fund,4100,Unrestricted Revenue Direct From the Federal Government,2637
2023-24,2017,Diamond SD 7,200,Special Revenue Funds,1700,Extra-Curricular Activities,443
2023-24,2017,Diamond SD 7,100,General Fund,1990,Miscellaneous,32666
2023-24,2017,Diamond SD 7,400,Capital Projects Funds,1500,Earnings on Investments,22015
2023-24,2017,Diamond SD 7,400,Capital Projects Funds,5400,Resources - Beginning Fund Balance,427901
2023-24,2017,Diamond SD 7,100,General Fund,4801,Federal Forest Fees,3564
2023-24,2017,Diamond SD 7,100,General Fund,5400,Resources - Beginning Fund Balance,384760
2023-24,2017,Diamond SD 7,200,Special Revenue Funds,4300,Restricted Revenue Direct From the Federal Government,25238
2023-24,2017,Diamond SD 7,200,Special Revenue Funds,4500,Restricted Revenue From Federal Government Through the State,62783
2023-24,2017,Diamond SD 7,200,Special Revenue Funds,5200,Interfund Transfers,5000
2023-24,2017,Diamond SD 7,200,Special Revenue Funds,5400,Resources - Beginning Fund Balance,30190
2023-24,2018,Suntex SD 10,100,General Fund,1110,Ad valorem taxes levied by district,48933.83
2023-24,2018,Suntex SD 10,100,General Fund,1500,Earnings on Investments,44617.41
2023-24,2018,Suntex SD 10,100,General Fund,1990,Miscellaneous,4843.86
2023-24,2018,Suntex SD 10,100,General Fund,2101,County School Funds,70.31
2023-24,2018,Suntex SD 10,100,General Fund,2199,Other Intermediate Sources,1581.53
2023-24,2018,Suntex SD 10,100,General Fund,3101,State School Fund --General Support,161267
2023-24,2018,Suntex SD 10,200,Special Revenue Funds,5400,Resources - Beginning Fund Balance,2221
2023-24,2018,Suntex SD 10,100,General Fund,3103,Common School Fund,0.07
2023-24,2018,Suntex SD 10,100,General Fund,3299,Other Restricted Grants-In-Aid,329.5
2023-24,2018,Suntex SD 10,100,General Fund,4500,Restricted Revenue From Federal Government Through the State,-0.34
2023-24,2018,Suntex SD 10,100,General Fund,4801,Federal Forest Fees,2626.45
2023-24,2018,Suntex SD 10,100,General Fund,5400,Resources - Beginning Fund Balance,905436
2023-24,2018,Suntex SD 10,200,Special Revenue Funds,4500,Restricted Revenue From Federal Government Through the State,94987
2023-24,2019,Drewsey SD 13,100,General Fund,1110,Ad valorem taxes levied by district,43521.33
2023-24,2019,Drewsey SD 13,100,General Fund,1500,Earnings on Investments,29501.18
2023-24,2019,Drewsey SD 13,100,General Fund,1910,Rentals,0
2023-24,2019,Drewsey SD 13,100,General Fund,1990,Miscellaneous,7567.67
2023-24,2019,Drewsey SD 13,100,General Fund,2101,County School Funds,62.21
2023-24,2019,Drewsey SD 13,100,General Fund,2199,Other Intermediate Sources,5579.37
2023-24,2019,Drewsey SD 13,200,Special Revenue Funds,4300,Restricted Revenue Direct From the Federal Government,37557.66
2023-24,2019,Drewsey SD 13,200,Special Revenue Funds,4500,Restricted Revenue From Federal Government Through the State,2262
2023-24,2019,Drewsey SD 13,200,Special Revenue Funds,5400,Resources - Beginning Fund Balance,34902
2023-24,2019,Drewsey SD 13,400,Capital Projects Funds,1500,Earnings on Investments,8521.72
2023-24,2019,Drewsey SD 13,400,Capital Projects Funds,5400,Resources - Beginning Fund Balance,3163
2023-24,2019,Drewsey SD 13,100,General Fund,3101,State School Fund --General Support,290365
2023-24,2019,Drewsey SD 13,100,General Fund,3103,Common School Fund,1264.55
2023-24,2019,Drewsey SD 13,100,General Fund,4500,Restricted Revenue From Federal Government Through the State,0.06
2023-24,2019,Drewsey SD 13,100,General Fund,4801,Federal Forest Fees,3113.3
2023-24,2019,Drewsey SD 13,100,General Fund,5400,Resources - Beginning Fund Balance,798940
2023-24,2019,Drewsey SD 13,200,Special Revenue Funds,1910,Rentals,125
2023-24,2020,Frenchglen SD 16,200,Special Revenue Funds,3299,Other Restricted Grants-In-Aid,944
2023-24,2020,Frenchglen SD 16,100,General Fund,4801,Federal Forest Fees,2903.73
2023-24,2020,Frenchglen SD 16,200,Special Revenue Funds,4500,Restricted Revenue From Federal Government Through the State,62990.51
2023-24,2020,Frenchglen SD 16,400,Capital Projects Funds,5400,Resources - Beginning Fund Balance,150780.07
2023-24,2020,Frenchglen SD 16,400,Capital Projects Funds,1500,Earnings on Investments,7646.14
2023-24,2020,Frenchglen SD 16,100,General Fund,1990,Miscellaneous,16740.77
2023-24,2020,Frenchglen SD 16,200,Special Revenue Funds,5400,Resources - Beginning Fund Balance,-22881
2023-24,2020,Frenchglen SD 16,100,General Fund,5400,Resources - Beginning Fund Balance,2109027
2023-24,2020,Frenchglen SD 16,100,General Fund,1500,Earnings on Investments,107082.46
2023-24,2020,Frenchglen SD 16,100,General Fund,3101,State School Fund --General Support,321650.07
2023-24,2020,Frenchglen SD 16,100,General Fund,3103,Common School Fund,680.31
2023-24,2020,Frenchglen SD 16,100,General Fund,4100,Unrestricted Revenue Direct From the Federal Government,7922.24
2023-24,2021,Double O SD 28,100,General Fund,1110,Ad valorem taxes levied by district,3973.72
2023-24,2021,Double O SD 28,100,General Fund,1500,Earnings on Investments,39937.09
2023-24,2021,Double O SD 28,100,General Fund,1990,Miscellaneous,6046.85
2023-24,2021,Double O SD 28,100,General Fund,2101,County School Funds,4.74
2023-24,2021,Double O SD 28,100,General Fund,2199,Other Intermediate Sources,802.81
2023-24,2021,Double O SD 28,100,General Fund,3101,State School Fund --General Support,261805.7
2023-24,2021,Double O SD 28,200,Special Revenue Funds,5400,Resources - Beginning Fund Balance,800
2023-24,2021,Double O SD 28,400,Capital Projects Funds,5400,Resources - Beginning Fund Balance,52792.02
2023-24,2021,Double O SD 28,100,General Fund,3103,Common School Fund,197.27
2023-24,2021,Double O SD 28,100,General Fund,4100,Unrestricted Revenue Direct From the Federal Government,4728.03
2023-24,2021,Double O SD 28,100,General Fund,4500,Restricted Revenue From Federal Government Through the State,0.11
2023-24,2021,Double O SD 28,100,General Fund,4801,Federal Forest Fees,2582.52
2023-24,2021,Double O SD 28,100,General Fund,5400,Resources - Beginning Fund Balance,756588
2023-24,2021,Double O SD 28,200,Special Revenue Funds,4500,Restricted Revenue From Federal Government Through the State,100001
2023-24,2022,South Harney SD 33,100,General Fund,1990,Miscellaneous,8447.48
2023-24,2022,South Harney SD 33,100,General Fund,3101,State School Fund --General Support,372539.33
2023-24,2022,South Harney SD 33,100,General Fund,3103,Common School Fund,919.5
2023-24,2022,South Harney SD 33,100,General Fund,4801,Federal Forest Fees,3018.12
2023-24,2022,South Harney SD 33,100,General Fund,5200,Interfund Transfers,2732.07
2023-24,2022,South Harney SD 33,200,Special Revenue Funds,1920,Contributions and Donations From Private Sources,2068
2023-24,2022,South Harney SD 33,100,General Fund,1110,Ad valorem taxes levied by district,30223.84
2023-24,2022,South Harney SD 33,100,General Fund,5400,Resources - Beginning Fund Balance,473516
2023-24,2022,South Harney SD 33,200,Special Revenue Funds,5400,Resources - Beginning Fund Balance,-16142
2023-24,2022,South Harney SD 33,400,Capital Projects Funds,5400,Resources - Beginning Fund Balance,46242
2023-24,2022,South Harney SD 33,200,Special Revenue Funds,5200,Interfund Transfers,4886.97
2023-24,2022,South Harney SD 33,200,Special Revenue Funds,3299,Other Restricted Grants-In-Aid,0.36
2023-24,2022,South Harney SD 33,200,Special Revenue Funds,4500,Restricted Revenue From Federal Government Through the State,105332.23
2023-24,2022,South Harney SD 33,100,General Fund,1500,Earnings on Investments,22641.22
2023-24,2022,South Harney SD 33,200,Special Revenue Funds,1200,Revenue From Local Governmental Units Other Than Districts,2699
2023-24,2022,South Harney SD 33,400,Capital Projects Funds,1500,Earnings on Investments,2344.89
2023-24,2023,Harney County Union High SD 1J,400,Capital Projects Funds,5400,Resources - Beginning Fund Balance,228329
2023-24,2023,Harney County Union High SD 1J,200,Special Revenue Funds,4100,Unrestricted Revenue Direct From the Federal Government,88514.01
2023-24,2023,Harney County Union High SD 1J,200,Special Revenue Funds,4500,Restricted Revenue From Federal Government Through the State,379403.63
2023-24,2023,Harney County Union High SD 1J,200,Special Revenue Funds,4900,Revenue for/on Behalf of the District,8504
2023-24,2023,Harney County Union High SD 1J,200,Special Revenue Funds,5200,Interfund Transfers,66218
2023-24,2023,Harney County Union High SD 1J,200,Special Revenue Funds,5400,Resources - Beginning Fund Balance,709249
2023-24,2023,Harney County Union High SD 1J,400,Capital Projects Funds,5200,Interfund Transfers,876000
2023-24,2023,Harney County Union High SD 1J,200,Special Revenue Funds,1500,Earnings on Investments,103.25
2023-24,2023,Harney County Union High SD 1J,200,Special Revenue Funds,1600,Food Service,144278.2
2023-24,2023,Harney County Union High SD 1J,200,Special Revenue Funds,1910,Rentals,19200
2023-24,2023,Harney County Union High SD 1J,200,Special Revenue Funds,1990,Miscellaneous,134132.51
2023-24,2023,Harney County Union High SD 1J,200,Special Revenue Funds,3102,State School Fund--School Lunch Match,23863.5
2023-24,2023,Harney County Union High SD 1J,200,Special Revenue Funds,3299,Other Restricted Grants-In-Aid,613935.02
2023-24,2023,Harney County Union High SD 1J,100,General Fund,3103,Common School Fund,17638.1
2023-24,2023,Harney County Union High SD 1J,100,General Fund,3299,Other Restricted Grants-In-Aid,5639
2023-24,2023,Harney County Union High SD 1J,100,General Fund,4100,Unrestricted Revenue Direct From the Federal Government,25310.67
2023-24,2023,Harney County Union High SD 1J,100,General Fund,4801,Federal Forest Fees,121841.43
2023-24,2023,Harney County Union High SD 1J,100,General Fund,5200,Interfund Transfers,475000
2023-24,2023,Harney County Union High SD 1J,100,General Fund,5400,Resources - Beginning Fund Balance,4398633
2023-24,2023,Harney County Union High SD 1J,100,General Fund,1700,Extra-Curricular Activities,29318.27
2023-24,2023,Harney County Union High SD 1J,100,General Fund,1990,Miscellaneous,67341.2
2023-24,2023,Harney County Union High SD 1J,100,General Fund,2101,County School Funds,757.92
2023-24,2023,Harney County Union High SD 1J,100,General Fund,2199,Other Intermediate Sources,600.18
2023-24,2023,Harney County Union High SD 1J,100,General Fund,2900,Revenue for/on Behalf of the District,203721
2023-24,2023,Harney County Union High SD 1J,100,General Fund,3101,State School Fund --General Support,12947978.77
2023-24,2023,Harney County Union High SD 1J,100,General Fund,1110,Ad valorem taxes levied by district,578754.06
2023-24,2023,Harney County Union High SD 1J,100,General Fund,1500,Earnings on Investments,291521.46
2023-24,2024,Hood River County SD,100,General Fund,1110,Ad valorem taxes levied by district,14828529.51
2023-24,2024,Hood River County SD,100,General Fund,1120,Local option ad valorem taxes levied by district,3377518.47
2023-24,2024,Hood River County SD,100,General Fund,1500,Earnings on Investments,661775.54
2023-24,2024,Hood River County SD,100,General Fund,1700,Extra-Curricular Activities,600
2023-24,2024,Hood River County SD,100,General Fund,1910,Rentals,113767.95
2023-24,2024,Hood River County SD,100,General Fund,1920,Contributions and Donations From Private Sources,81700
2023-24,2024,Hood River County SD,299,Child Nutrition,3299,Other Restricted Grants-In-Aid,284883.35
2023-24,2024,Hood River County SD,299,Child Nutrition,4500,Restricted Revenue From Federal Government Through the State,1504193.3
2023-24,2024,Hood River County SD,299,Child Nutrition,4900,Revenue for/on Behalf of the District,140588.76
2023-24,2024,Hood River County SD,299,Child Nutrition,5400,Resources - Beginning Fund Balance,932680.42
2023-24,2024,Hood River County SD,100,General Fund,1311,Tuition from Individuals,71793.84
2023-24,2024,Hood River County SD,252,Measure 98 - High School Success,3299,Other Restricted Grants-In-Aid,1221860.69
2023-24,2024,Hood River County SD,252,Measure 98 - High School Success,5400,Resources - Beginning Fund Balance,-1319.79
2023-24,2024,Hood River County SD,299,Child Nutrition,1600,Food Service,207798.71
2023-24,2024,Hood River County SD,299,Child Nutrition,1920,Contributions and Donations From Private Sources,8442.3
2023-24,2024,Hood River County SD,299,Child Nutrition,1990,Miscellaneous,6764.72
2023-24,2024,Hood River County SD,299,Child Nutrition,3102,State School Fund--School Lunch Match,17504.1
2023-24,2024,Hood River County SD,250,Non-Federal Sources,3199,Other Unrestricted Grants-In-Aid,59454.81
2023-24,2024,Hood River County SD,250,Non-Federal Sources,3222,State School Fund (SSF) Transportation Equipment,160448.17
2023-24,2024,Hood River County SD,250,Non-Federal Sources,3299,Other Restricted Grants-In-Aid,2273856.85
2023-24,2024,Hood River County SD,250,Non-Federal Sources,5400,Resources - Beginning Fund Balance,6224853.8
2023-24,2024,Hood River County SD,251,Student Investment Account,3299,Other Restricted Grants-In-Aid,4308484.9
2023-24,2024,Hood River County SD,251,Student Investment Account,5400,Resources - Beginning Fund Balance,26460
2023-24,2024,Hood River County SD,250,Non-Federal Sources,1960,Recovery of Prior Years' Expenditure,136429.69
2023-24,2024,Hood River County SD,250,Non-Federal Sources,1980,Fees Charged to Grants,6507.95
2023-24,2024,Hood River County SD,250,Non-Federal Sources,1990,Miscellaneous,26078.15
2023-24,2024,Hood River County SD,250,Non-Federal Sources,2102,General Education Service District Funds,161679.88
2023-24,2024,Hood River County SD,250,Non-Federal Sources,2199,Other Intermediate Sources,50000
2023-24,2024,Hood River County SD,250,Non-Federal Sources,2200,Restricted Revenue,87653.04
2023-24,2024,Hood River County SD,201,Federal Sources,4200,Unrestricted Revenue From Federal Government Through State,75454.57
2023-24,2024,Hood River County SD,201,Federal Sources,4300,Restricted Revenue Direct From the Federal Government,281432.14
2023-24,2024,Hood River County SD,201,Federal Sources,4500,Restricted Revenue From Federal Government Through the State,4763491.96
2023-24,2024,Hood River County SD,250,Non-Federal Sources,1700,Extra-Curricular Activities,108897.16
2023-24,2024,Hood River County SD,250,Non-Federal Sources,1910,Rentals,18.41
2023-24,2024,Hood River County SD,250,Non-Federal Sources,1920,Contributions and Donations From Private Sources,446134.79
2023-24,2024,Hood River County SD,300,Debt Service Funds,1500,Earnings on Investments,224791.32
2023-24,2024,Hood River County SD,300,Debt Service Funds,5400,Resources - Beginning Fund Balance,498970.7
2023-24,2024,Hood River County SD,400,Capital Projects Funds,1130,Construction Excise Tax,161138.07
2023-24,2024,Hood River County SD,400,Capital Projects Funds,1500,Earnings on Investments,47873.86
2023-24,2024,Hood River County SD,400,Capital Projects Funds,1990,Miscellaneous,142302.04
2023-24,2024,Hood River County SD,400,Capital Projects Funds,5400,Resources - Beginning Fund Balance,1176138.28
2023-24,2024,Hood River County SD,100,General Fund,3103,Common School Fund,462868.54
2023-24,2024,Hood River County SD,100,General Fund,3199,Other Unrestricted Grants-In-Aid,767701
2023-24,2024,Hood River County SD,100,General Fund,3299,Other Restricted Grants-In-Aid,209577.37
2023-24,2024,Hood River County SD,100,General Fund,5200,Interfund Transfers,2005926
2023-24,2024,Hood River County SD,100,General Fund,5400,Resources - Beginning Fund Balance,5239951.23
2023-24,2024,Hood River County SD,300,Debt Service Funds,1110,Ad valorem taxes levied by district,4882651.97
2023-24,2024,Hood River County SD,100,General Fund,1960,Recovery of Prior Years' Expenditure,-317
2023-24,2024,Hood River County SD,100,General Fund,1980,Fees Charged to Grants,575385.16
2023-24,2024,Hood River County SD,100,General Fund,1990,Miscellaneous,177300.06
2023-24,2024,Hood River County SD,100,General Fund,2102,General Education Service District Funds,1386971.76
2023-24,2024,Hood River County SD,100,General Fund,2900,Revenue for/on Behalf of the District,259.35
2023-24,2024,Hood River County SD,100,General Fund,3101,State School Fund --General Support,35212262.85
2023-24,2025,Southern Oregon ESD,100,General Fund,1110,Ad valorem taxes levied by district,14264714.27
2023-24,2025,Southern Oregon ESD,100,General Fund,1200,Revenue From Local Governmental Units Other Than Districts,11752.95
2023-24,2025,Southern Oregon ESD,100,General Fund,1500,Earnings on Investments,969785.17
2023-24,2025,Southern Oregon ESD,100,General Fund,1940,Services Provided Other Local Education Agencies,76832.99
2023-24,2025,Southern Oregon ESD,100,General Fund,1960,Recovery of Prior Years' Expenditure,175372
2023-24,2025,Southern Oregon ESD,100,General Fund,1990,Miscellaneous,2905.45
2023-24,2025,Southern Oregon ESD,600,Internal Service Funds,1960,Recovery of Prior Years' Expenditure,14208.46
2023-24,2025,Southern Oregon ESD,600,Internal Service Funds,1970,Services Provided Other Funds,1902638.08
2023-24,2025,Southern Oregon ESD,600,Internal Service Funds,1990,Miscellaneous,4461.33
2023-24,2025,Southern Oregon ESD,600,Internal Service Funds,5400,Resources - Beginning Fund Balance,2427200.84
2023-24,2025,Southern Oregon ESD,250,Non-Federal Sources,5200,Interfund Transfers,410000
2023-24,2025,Southern Oregon ESD,250,Non-Federal Sources,5400,Resources - Beginning Fund Balance,3004668.22
2023-24,2025,Southern Oregon ESD,400,Capital Projects Funds,3900,Revenue for/on Behalf of the District,1600030
2023-24,2025,Southern Oregon ESD,400,Capital Projects Funds,5300,Sale of or Compensation for Loss of Fixed Assets,1702407.62
2023-24,2025,Southern Oregon ESD,400,Capital Projects Funds,5400,Resources - Beginning Fund Balance,7266342.46
2023-24,2025,Southern Oregon ESD,600,Internal Service Funds,1940,Services Provided Other Local Education Agencies,3863529.51
2023-24,2025,Southern Oregon ESD,250,Non-Federal Sources,1990,Miscellaneous,338813.73
2023-24,2025,Southern Oregon ESD,250,Non-Federal Sources,2900,Revenue for/on Behalf of the District,153728.62
2023-24,2025,Southern Oregon ESD,250,Non-Federal Sources,3299,Other Restricted Grants-In-Aid,3875740.34
2023-24,2025,Southern Oregon ESD,250,Non-Federal Sources,3900,Revenue for/on Behalf of the District,8105175.66
2023-24,2025,Southern Oregon ESD,250,Non-Federal Sources,4500,Restricted Revenue From Federal Government Through the State,29274.55
2023-24,2025,Southern Oregon ESD,250,Non-Federal Sources,5100,Long Term Debt Financing Sources,1327150
2023-24,2025,Southern Oregon ESD,250,Non-Federal Sources,1700,Extra-Curricular Activities,432.9
2023-24,2025,Southern Oregon ESD,250,Non-Federal Sources,1920,Contributions and Donations From Private Sources,328804.82
2023-24,2025,Southern Oregon ESD,250,Non-Federal Sources,1940,Services Provided Other Local Education Agencies,3660949.37
2023-24,2025,Southern Oregon ESD,250,Non-Federal Sources,1950,Textbook Sales and Rentals,20888.18
2023-24,2025,Southern Oregon ESD,250,Non-Federal Sources,1960,Recovery of Prior Years' Expenditure,6250
2023-24,2025,Southern Oregon ESD,250,Non-Federal Sources,1980,Fees Charged to Grants,1296820.69
2023-24,2025,Southern Oregon ESD,100,General Fund,3101,State School Fund --General Support,13560814.46
2023-24,2025,Southern Oregon ESD,100,General Fund,3104,State Managed County Timber,32284.27
2023-24,2025,Southern Oregon ESD,100,General Fund,5400,Resources - Beginning Fund Balance,1122406.62
2023-24,2025,Southern Oregon ESD,201,Federal Sources,4500,Restricted Revenue From Federal Government Through the State,5335990.72
2023-24,2025,Southern Oregon ESD,201,Federal Sources,4900,Revenue for/on Behalf of the District,6281209.83
2023-24,2025,Southern Oregon ESD,201,Federal Sources,5400,Resources - Beginning Fund Balance,-3438030.83
2023-24,2039,Phoenix-Talent SD 4,250,Non-Federal Sources,5400,Resources - Beginning Fund Balance,7446954.22
2023-24,2039,Phoenix-Talent SD 4,299,Child Nutrition,5400,Resources - Beginning Fund Balance,655671.32
2023-24,2039,Phoenix-Talent SD 4,300,Debt Service Funds,5400,Resources - Beginning Fund Balance,272005.91
2023-24,2039,Phoenix-Talent SD 4,400,Capital Projects Funds,5400,Resources - Beginning Fund Balance,4864115.3
2023-24,2039,Phoenix-Talent SD 4,300,Debt Service Funds,1110,Ad valorem taxes levied by district,3587101.91
2023-24,2039,Phoenix-Talent SD 4,300,Debt Service Funds,1190,Penalties and interest on taxes,2319.73
2023-24,2039,Phoenix-Talent SD 4,300,Debt Service Funds,1500,Earnings on Investments,88298.86
2023-24,2039,Phoenix-Talent SD 4,400,Capital Projects Funds,1500,Earnings on Investments,243358.15
2023-24,2039,Phoenix-Talent SD 4,400,Capital Projects Funds,1990,Miscellaneous,75054.7
2023-24,2039,Phoenix-Talent SD 4,100,General Fund,5400,Resources - Beginning Fund Balance,6700384.01
2023-24,2039,Phoenix-Talent SD 4,299,Child Nutrition,1990,Miscellaneous,5087.05
2023-24,2039,Phoenix-Talent SD 4,299,Child Nutrition,3102,State School Fund--School Lunch Match,11928.14
2023-24,2039,Phoenix-Talent SD 4,299,Child Nutrition,3299,Other Restricted Grants-In-Aid,176948.79
2023-24,2039,Phoenix-Talent SD 4,299,Child Nutrition,4500,Restricted Revenue From Federal Government Through the State,1330610.21
2023-24,2039,Phoenix-Talent SD 4,299,Child Nutrition,4900,Revenue for/on Behalf of the District,77964.79
2023-24,2039,Phoenix-Talent SD 4,299,Child Nutrition,5300,Sale of or Compensation for Loss of Fixed Assets,11956.75
2023-24,2039,Phoenix-Talent SD 4,250,Non-Federal Sources,2900,Revenue for/on Behalf of the District,83973.66
2023-24,2039,Phoenix-Talent SD 4,250,Non-Federal Sources,3299,Other Restricted Grants-In-Aid,648669.98
2023-24,2039,Phoenix-Talent SD 4,250,Non-Federal Sources,5200,Interfund Transfers,39330.1
2023-24,2039,Phoenix-Talent SD 4,251,Student Investment Account,3299,Other Restricted Grants-In-Aid,2285284.82
2023-24,2039,Phoenix-Talent SD 4,252,Measure 98 - High School Success,3299,Other Restricted Grants-In-Aid,619871.04
2023-24,2039,Phoenix-Talent SD 4,299,Child Nutrition,1600,Food Service,25755.86
2023-24,2039,Phoenix-Talent SD 4,201,Federal Sources,4700,Grants-In-Aid From Federal Government Through Other Intermed,190729.65
2023-24,2039,Phoenix-Talent SD 4,250,Non-Federal Sources,1130,Construction Excise Tax,183638.86
2023-24,2039,Phoenix-Talent SD 4,250,Non-Federal Sources,1500,Earnings on Investments,319456.68
2023-24,2039,Phoenix-Talent SD 4,250,Non-Federal Sources,1700,Extra-Curricular Activities,623443.72
2023-24,2039,Phoenix-Talent SD 4,250,Non-Federal Sources,1920,Contributions and Donations From Private Sources,70915
2023-24,2039,Phoenix-Talent SD 4,250,Non-Federal Sources,2200,Restricted Revenue,7300
2023-24,2039,Phoenix-Talent SD 4,100,General Fund,3299,Other Restricted Grants-In-Aid,4434364.86
2023-24,2039,Phoenix-Talent SD 4,100,General Fund,4500,Restricted Revenue From Federal Government Through the State,31141.51
2023-24,2039,Phoenix-Talent SD 4,100,General Fund,4801,Federal Forest Fees,26943.65
2023-24,2039,Phoenix-Talent SD 4,100,General Fund,5300,Sale of or Compensation for Loss of Fixed Assets,6278.75
2023-24,2039,Phoenix-Talent SD 4,201,Federal Sources,4300,Restricted Revenue Direct From the Federal Government,555137.26
2023-24,2039,Phoenix-Talent SD 4,201,Federal Sources,4500,Restricted Revenue From Federal Government Through the State,6212434.06
2023-24,2039,Phoenix-Talent SD 4,100,General Fund,1960,Recovery of Prior Years' Expenditure,28358.29
2023-24,2039,Phoenix-Talent SD 4,100,General Fund,1980,Fees Charged to Grants,82319.07
2023-24,2039,Phoenix-Talent SD 4,100,General Fund,1990,Miscellaneous,133356.12
2023-24,2039,Phoenix-Talent SD 4,100,General Fund,2102,General Education Service District Funds,609174.75
2023-24,2039,Phoenix-Talent SD 4,100,General Fund,3101,State School Fund --General Support,18393404.78
2023-24,2039,Phoenix-Talent SD 4,100,General Fund,3103,Common School Fund,304021.94
2023-24,2039,Phoenix-Talent SD 4,100,General Fund,1190,Penalties and interest on taxes,7113.01
2023-24,2039,Phoenix-Talent SD 4,100,General Fund,1500,Earnings on Investments,681087.93
2023-24,2039,Phoenix-Talent SD 4,100,General Fund,1700,Extra-Curricular Activities,22697.81
2023-24,2039,Phoenix-Talent SD 4,100,General Fund,1910,Rentals,14976.5
2023-24,2039,Phoenix-Talent SD 4,100,General Fund,1920,Contributions and Donations From Private Sources,250
2023-24,2039,Phoenix-Talent SD 4,100,General Fund,1930,Rental or Lease Payments from Private Contractors,48000
2023-24,2039,Phoenix-Talent SD 4,100,General Fund,1110,Ad valorem taxes levied by district,11007307.98
2023-24,2041,Ashland SD 5,300,Debt Service Funds,5400,Resources - Beginning Fund Balance,-317123.98
2023-24,2041,Ashland SD 5,600,Internal Service Funds,5400,Resources - Beginning Fund Balance,3884875.72
2023-24,2041,Ashland SD 5,700,Trust and Agency Funds,5400,Resources - Beginning Fund Balance,94753.99
2023-24,2041,Ashland SD 5,201,Federal Sources,5400,Resources - Beginning Fund Balance,-762484.21
2023-24,2041,Ashland SD 5,250,Non-Federal Sources,5400,Resources - Beginning Fund Balance,148920.99
2023-24,2041,Ashland SD 5,251,Student Investment Account,5400,Resources - Beginning Fund Balance,-88573.29
2023-24,2041,Ashland SD 5,100,General Fund,5100,Long Term Debt Financing Sources,93856
2023-24,2041,Ashland SD 5,100,General Fund,1990,Miscellaneous,97725.37
2023-24,2041,Ashland SD 5,100,General Fund,2199,Other Intermediate Sources,532045
2023-24,2041,Ashland SD 5,250,Non-Federal Sources,1920,Contributions and Donations From Private Sources,58418.14
2023-24,2041,Ashland SD 5,300,Debt Service Funds,1110,Ad valorem taxes levied by district,8276857.33
2023-24,2041,Ashland SD 5,400,Capital Projects Funds,5200,Interfund Transfers,97702
2023-24,2041,Ashland SD 5,100,General Fund,5400,Resources - Beginning Fund Balance,2089451.45
2023-24,2041,Ashland SD 5,400,Capital Projects Funds,5300,Sale of or Compensation for Loss of Fixed Assets,35000
2023-24,2041,Ashland SD 5,600,Internal Service Funds,1960,Recovery of Prior Years' Expenditure,111376.49
2023-24,2041,Ashland SD 5,600,Internal Service Funds,1970,Services Provided Other Funds,7719388.91
2023-24,2041,Ashland SD 5,600,Internal Service Funds,1990,Miscellaneous,37399
2023-24,2041,Ashland SD 5,700,Trust and Agency Funds,1920,Contributions and Donations From Private Sources,141242.85
2023-24,2041,Ashland SD 5,400,Capital Projects Funds,5400,Resources - Beginning Fund Balance,31231071
2023-24,2041,Ashland SD 5,300,Debt Service Funds,1500,Earnings on Investments,13.43
2023-24,2041,Ashland SD 5,400,Capital Projects Funds,1130,Construction Excise Tax,136555.05
2023-24,2041,Ashland SD 5,400,Capital Projects Funds,1500,Earnings on Investments,952118.75
2023-24,2041,Ashland SD 5,400,Capital Projects Funds,1960,Recovery of Prior Years' Expenditure,23343.68
2023-24,2041,Ashland SD 5,400,Capital Projects Funds,1990,Miscellaneous,104888
2023-24,2041,Ashland SD 5,400,Capital Projects Funds,3299,Other Restricted Grants-In-Aid,2517122
2023-24,2041,Ashland SD 5,299,Child Nutrition,1990,Miscellaneous,3069.49
2023-24,2041,Ashland SD 5,299,Child Nutrition,3299,Other Restricted Grants-In-Aid,35975.12
2023-24,2041,Ashland SD 5,299,Child Nutrition,4500,Restricted Revenue From Federal Government Through the State,465655.42
2023-24,2041,Ashland SD 5,299,Child Nutrition,4900,Revenue for/on Behalf of the District,49621.37
2023-24,2041,Ashland SD 5,299,Child Nutrition,5200,Interfund Transfers,6483.57
2023-24,2041,Ashland SD 5,300,Debt Service Funds,1190,Penalties and interest on taxes,5238.95
2023-24,2041,Ashland SD 5,250,Non-Federal Sources,3101,State School Fund --General Support,4777.64
2023-24,2041,Ashland SD 5,250,Non-Federal Sources,3299,Other Restricted Grants-In-Aid,284648.67
2023-24,2041,Ashland SD 5,251,Student Investment Account,3299,Other Restricted Grants-In-Aid,2396078.51
2023-24,2041,Ashland SD 5,252,Measure 98 - High School Success,3299,Other Restricted Grants-In-Aid,806363.7
2023-24,2041,Ashland SD 5,299,Child Nutrition,1600,Food Service,150143.61
2023-24,2041,Ashland SD 5,299,Child Nutrition,1920,Contributions and Donations From Private Sources,9900
2023-24,2041,Ashland SD 5,100,General Fund,4801,Federal Forest Fees,30053.66
2023-24,2041,Ashland SD 5,100,General Fund,5300,Sale of or Compensation for Loss of Fixed Assets,160000
2023-24,2041,Ashland SD 5,201,Federal Sources,4500,Restricted Revenue From Federal Government Through the State,1441300.83
2023-24,2041,Ashland SD 5,250,Non-Federal Sources,1700,Extra-Curricular Activities,27932.15
2023-24,2041,Ashland SD 5,250,Non-Federal Sources,1990,Miscellaneous,29346.93
2023-24,2041,Ashland SD 5,250,Non-Federal Sources,2199,Other Intermediate Sources,34309.65
2023-24,2041,Ashland SD 5,100,General Fund,1940,Services Provided Other Local Education Agencies,18779.52
2023-24,2041,Ashland SD 5,100,General Fund,1960,Recovery of Prior Years' Expenditure,-12366.69
2023-24,2041,Ashland SD 5,100,General Fund,1980,Fees Charged to Grants,153744.27
2023-24,2041,Ashland SD 5,100,General Fund,3101,State School Fund --General Support,13652197.03
2023-24,2041,Ashland SD 5,100,General Fund,3103,Common School Fund,339114.32
2023-24,2041,Ashland SD 5,100,General Fund,3299,Other Restricted Grants-In-Aid,65766.35
2023-24,2041,Ashland SD 5,100,General Fund,1312,Tuition from Other Districts within the State,60626.47
2023-24,2041,Ashland SD 5,100,General Fund,1412,Transportation fees from Other Districts within the State,18576
2023-24,2041,Ashland SD 5,100,General Fund,1500,Earnings on Investments,857986.35
2023-24,2041,Ashland SD 5,100,General Fund,1700,Extra-Curricular Activities,296587.9
2023-24,2041,Ashland SD 5,100,General Fund,1910,Rentals,55828
2023-24,2041,Ashland SD 5,100,General Fund,1920,Contributions and Donations From Private Sources,130183.12
2023-24,2041,Ashland SD 5,252,Measure 98 - High School Success,5400,Resources - Beginning Fund Balance,263.56
2023-24,2041,Ashland SD 5,299,Child Nutrition,5400,Resources - Beginning Fund Balance,-535781.81
2023-24,2041,Ashland SD 5,100,General Fund,1110,Ad valorem taxes levied by district,16680237.47
2023-24,2041,Ashland SD 5,100,General Fund,1120,Local option ad valorem taxes levied by district,4796029.59
2023-24,2041,Ashland SD 5,100,General Fund,1190,Penalties and interest on taxes,10920.87
2023-24,2041,Ashland SD 5,100,General Fund,1311,Tuition from Individuals,4977.5
2023-24,2042,Central Point SD 6,100,General Fund,1110,Ad valorem taxes levied by district,14584890.9
2023-24,2042,Central Point SD 6,100,General Fund,1190,Penalties and interest on taxes,9275.75
2023-24,2042,Central Point SD 6,100,General Fund,1411,Transportation fees from Individuals,24640.39
2023-24,2042,Central Point SD 6,100,General Fund,1500,Earnings on Investments,738068.91
2023-24,2042,Central Point SD 6,100,General Fund,1700,Extra-Curricular Activities,642
2023-24,2042,Central Point SD 6,100,General Fund,1910,Rentals,20050
2023-24,2042,Central Point SD 6,300,Debt Service Funds,1500,Earnings on Investments,93295.7
2023-24,2042,Central Point SD 6,250,Non-Federal Sources,4500,Restricted Revenue From Federal Government Through the State,25975
2023-24,2042,Central Point SD 6,251,Student Investment Account,3299,Other Restricted Grants-In-Aid,4753289.1
2023-24,2042,Central Point SD 6,250,Non-Federal Sources,5400,Resources - Beginning Fund Balance,2495782.91
2023-24,2042,Central Point SD 6,300,Debt Service Funds,1110,Ad valorem taxes levied by district,3512231.37
2023-24,2042,Central Point SD 6,300,Debt Service Funds,1190,Penalties and interest on taxes,2433.58
2023-24,2042,Central Point SD 6,300,Debt Service Funds,5400,Resources - Beginning Fund Balance,507664.18
2023-24,2042,Central Point SD 6,400,Capital Projects Funds,1990,Miscellaneous,12493.27
2023-24,2042,Central Point SD 6,400,Capital Projects Funds,5400,Resources - Beginning Fund Balance,17301453.6
2023-24,2042,Central Point SD 6,400,Capital Projects Funds,1500,Earnings on Investments,585951
2023-24,2042,Central Point SD 6,299,Child Nutrition,1990,Miscellaneous,698.07
2023-24,2042,Central Point SD 6,299,Child Nutrition,3102,State School Fund--School Lunch Match,22044.48
2023-24,2042,Central Point SD 6,299,Child Nutrition,3299,Other Restricted Grants-In-Aid,405021.15
2023-24,2042,Central Point SD 6,299,Child Nutrition,4500,Restricted Revenue From Federal Government Through the State,2620759.9
2023-24,2042,Central Point SD 6,299,Child Nutrition,4900,Revenue for/on Behalf of the District,192959.38
2023-24,2042,Central Point SD 6,299,Child Nutrition,5400,Resources - Beginning Fund Balance,2943916.29
2023-24,2042,Central Point SD 6,250,Non-Federal Sources,1920,Contributions and Donations From Private Sources,93271
2023-24,2042,Central Point SD 6,250,Non-Federal Sources,1990,Miscellaneous,204243.7
2023-24,2042,Central Point SD 6,250,Non-Federal Sources,2199,Other Intermediate Sources,40638
2023-24,2042,Central Point SD 6,250,Non-Federal Sources,3299,Other Restricted Grants-In-Aid,506251.2
2023-24,2042,Central Point SD 6,252,Measure 98 - High School Success,3299,Other Restricted Grants-In-Aid,846098.02
2023-24,2042,Central Point SD 6,299,Child Nutrition,1600,Food Service,182524.18
2023-24,2042,Central Point SD 6,201,Federal Sources,3299,Other Restricted Grants-In-Aid,119178.65
2023-24,2042,Central Point SD 6,201,Federal Sources,4500,Restricted Revenue From Federal Government Through the State,1341773.85
2023-24,2042,Central Point SD 6,201,Federal Sources,4501,Medicaid Reimbursement for Eligible Early Intervention (EI) Services (Birth to Age Three),974934.74
2023-24,2042,Central Point SD 6,250,Non-Federal Sources,1130,Construction Excise Tax,237184.81
2023-24,2042,Central Point SD 6,250,Non-Federal Sources,1700,Extra-Curricular Activities,953394.27
2023-24,2042,Central Point SD 6,250,Non-Federal Sources,1910,Rentals,49008.36
2023-24,2042,Central Point SD 6,100,General Fund,3103,Common School Fund,634659.42
2023-24,2042,Central Point SD 6,100,General Fund,3299,Other Restricted Grants-In-Aid,450863.94
2023-24,2042,Central Point SD 6,100,General Fund,4500,Restricted Revenue From Federal Government Through the State,236225.13
2023-24,2042,Central Point SD 6,100,General Fund,4801,Federal Forest Fees,56246.06
2023-24,2042,Central Point SD 6,100,General Fund,5300,Sale of or Compensation for Loss of Fixed Assets,6463.5
2023-24,2042,Central Point SD 6,100,General Fund,5400,Resources - Beginning Fund Balance,-566890.38
2023-24,2042,Central Point SD 6,100,General Fund,1930,Rental or Lease Payments from Private Contractors,107813.88
2023-24,2042,Central Point SD 6,100,General Fund,1980,Fees Charged to Grants,443805.63
2023-24,2042,Central Point SD 6,100,General Fund,1990,Miscellaneous,344167.25
2023-24,2042,Central Point SD 6,100,General Fund,2102,General Education Service District Funds,1140581.75
2023-24,2042,Central Point SD 6,100,General Fund,2199,Other Intermediate Sources,25800.67
2023-24,2042,Central Point SD 6,100,General Fund,3101,State School Fund --General Support,42225937.67
2023-24,2043,Eagle Point SD 9,100,General Fund,1110,Ad valorem taxes levied by district,13265368.75
2023-24,2043,Eagle Point SD 9,100,General Fund,1190,Penalties and interest on taxes,8615.01
2023-24,2043,Eagle Point SD 9,100,General Fund,1320,Adult/Continuing Education Tuition,1980
2023-24,2043,Eagle Point SD 9,100,General Fund,1411,Transportation fees from Individuals,314.26
2023-24,2043,Eagle Point SD 9,100,General Fund,1412,Transportation fees from Other Districts within the State,58599.45
2023-24,2043,Eagle Point SD 9,100,General Fund,1500,Earnings on Investments,527254.91
2023-24,2043,Eagle Point SD 9,700,Trust and Agency Funds,1920,Contributions and Donations From Private Sources,182650.72
2023-24,2043,Eagle Point SD 9,700,Trust and Agency Funds,5400,Resources - Beginning Fund Balance,231936.35
2023-24,2043,Eagle Point SD 9,100,General Fund,1990,Miscellaneous,142148
2023-24,2043,Eagle Point SD 9,299,Child Nutrition,5400,Resources - Beginning Fund Balance,2073617.12
2023-24,2043,Eagle Point SD 9,300,Debt Service Funds,1500,Earnings on Investments,2243.11
2023-24,2043,Eagle Point SD 9,400,Capital Projects Funds,1920,Contributions and Donations From Private Sources,112294.5
2023-24,2043,Eagle Point SD 9,400,Capital Projects Funds,1990,Miscellaneous,220000
2023-24,2043,Eagle Point SD 9,400,Capital Projects Funds,5200,Interfund Transfers,750500
2023-24,2043,Eagle Point SD 9,400,Capital Projects Funds,5400,Resources - Beginning Fund Balance,2263165.76
2023-24,2043,Eagle Point SD 9,299,Child Nutrition,1600,Food Service,7278.49
2023-24,2043,Eagle Point SD 9,299,Child Nutrition,1990,Miscellaneous,1074.73
2023-24,2043,Eagle Point SD 9,299,Child Nutrition,3102,State School Fund--School Lunch Match,21907.46
2023-24,2043,Eagle Point SD 9,299,Child Nutrition,3299,Other Restricted Grants-In-Aid,404292.7
2023-24,2043,Eagle Point SD 9,299,Child Nutrition,4500,Restricted Revenue From Federal Government Through the State,1988750.75
2023-24,2043,Eagle Point SD 9,299,Child Nutrition,4900,Revenue for/on Behalf of the District,122799.69
2023-24,2043,Eagle Point SD 9,250,Non-Federal Sources,5400,Resources - Beginning Fund Balance,1841650.35
2023-24,2043,Eagle Point SD 9,251,Student Investment Account,3299,Other Restricted Grants-In-Aid,4464279.79
2023-24,2043,Eagle Point SD 9,252,Measure 98 - High School Success,3299,Other Restricted Grants-In-Aid,963465.82
2023-24,2043,Eagle Point SD 9,252,Measure 98 - High School Success,5200,Interfund Transfers,197621
2023-24,2043,Eagle Point SD 9,252,Measure 98 - High School Success,5400,Resources - Beginning Fund Balance,-197621.22
2023-24,2043,Eagle Point SD 9,299,Child Nutrition,1500,Earnings on Investments,945.17
2023-24,2043,Eagle Point SD 9,201,Federal Sources,4500,Restricted Revenue From Federal Government Through the State,9356627.83
2023-24,2043,Eagle Point SD 9,201,Federal Sources,5400,Resources - Beginning Fund Balance,-137.18
2023-24,2043,Eagle Point SD 9,250,Non-Federal Sources,1920,Contributions and Donations From Private Sources,16262.1
2023-24,2043,Eagle Point SD 9,250,Non-Federal Sources,1990,Miscellaneous,254987.52
2023-24,2043,Eagle Point SD 9,250,Non-Federal Sources,3299,Other Restricted Grants-In-Aid,1375291.37
2023-24,2043,Eagle Point SD 9,250,Non-Federal Sources,4500,Restricted Revenue From Federal Government Through the State,11636.45
2023-24,2043,Eagle Point SD 9,100,General Fund,2199,Other Intermediate Sources,807709.42
2023-24,2043,Eagle Point SD 9,100,General Fund,3101,State School Fund --General Support,37319426.57
2023-24,2043,Eagle Point SD 9,100,General Fund,3103,Common School Fund,561097.7
2023-24,2043,Eagle Point SD 9,100,General Fund,4801,Federal Forest Fees,49726.77
2023-24,2043,Eagle Point SD 9,100,General Fund,5300,Sale of or Compensation for Loss of Fixed Assets,25274.21
2023-24,2043,Eagle Point SD 9,100,General Fund,5400,Resources - Beginning Fund Balance,6947584.71
2023-24,2043,Eagle Point SD 9,100,General Fund,1700,Extra-Curricular Activities,648358.27
2023-24,2043,Eagle Point SD 9,100,General Fund,1910,Rentals,18020.09
2023-24,2043,Eagle Point SD 9,100,General Fund,1920,Contributions and Donations From Private Sources,9507.75
2023-24,2043,Eagle Point SD 9,100,General Fund,1960,Recovery of Prior Years' Expenditure,27375.43
2023-24,2043,Eagle Point SD 9,100,General Fund,1980,Fees Charged to Grants,260102.33
2023-24,2043,Eagle Point SD 9,100,General Fund,2102,General Education Service District Funds,391660
2023-24,2044,Rogue River SD 35,100,General Fund,1110,Ad valorem taxes levied by district,4108623.76
2023-24,2044,Rogue River SD 35,100,General Fund,1500,Earnings on Investments,238364.88
2023-24,2044,Rogue River SD 35,100,General Fund,1700,Extra-Curricular Activities,2155.55
2023-24,2044,Rogue River SD 35,100,General Fund,1910,Rentals,2550
2023-24,2044,Rogue River SD 35,100,General Fund,1960,Recovery of Prior Years' Expenditure,-1084.38
2023-24,2044,Rogue River SD 35,100,General Fund,1990,Miscellaneous,32019.06
2023-24,2044,Rogue River SD 35,600,Internal Service Funds,5400,Resources - Beginning Fund Balance,186551.57
2023-24,2044,Rogue River SD 35,300,Debt Service Funds,1500,Earnings on Investments,14639.18
2023-24,2044,Rogue River SD 35,300,Debt Service Funds,5400,Resources - Beginning Fund Balance,9832.39
2023-24,2044,Rogue River SD 35,400,Capital Projects Funds,1500,Earnings on Investments,229981.97
2023-24,2044,Rogue River SD 35,400,Capital Projects Funds,5100,Long Term Debt Financing Sources,4464999.75
2023-24,2044,Rogue River SD 35,400,Capital Projects Funds,5400,Resources - Beginning Fund Balance,164639.33
2023-24,2044,Rogue River SD 35,600,Internal Service Funds,1970,Services Provided Other Funds,69701.67
2023-24,2044,Rogue River SD 35,299,Child Nutrition,3102,State School Fund--School Lunch Match,4163.2
2023-24,2044,Rogue River SD 35,299,Child Nutrition,3299,Other Restricted Grants-In-Aid,52131.25
2023-24,2044,Rogue River SD 35,299,Child Nutrition,4500,Restricted Revenue From Federal Government Through the State,430066.78
2023-24,2044,Rogue River SD 35,299,Child Nutrition,4900,Revenue for/on Behalf of the District,20677.26
2023-24,2044,Rogue River SD 35,299,Child Nutrition,5400,Resources - Beginning Fund Balance,190574.7
2023-24,2044,Rogue River SD 35,300,Debt Service Funds,1110,Ad valorem taxes levied by district,587002.71
2023-24,2044,Rogue River SD 35,250,Non-Federal Sources,5400,Resources - Beginning Fund Balance,1357924.1
2023-24,2044,Rogue River SD 35,251,Student Investment Account,3299,Other Restricted Grants-In-Aid,1217945.13
2023-24,2044,Rogue River SD 35,252,Measure 98 - High School Success,1960,Recovery of Prior Years' Expenditure,347
2023-24,2044,Rogue River SD 35,252,Measure 98 - High School Success,3299,Other Restricted Grants-In-Aid,251733.16
2023-24,2044,Rogue River SD 35,252,Measure 98 - High School Success,5400,Resources - Beginning Fund Balance,-347
2023-24,2044,Rogue River SD 35,299,Child Nutrition,1600,Food Service,30097.84
2023-24,2044,Rogue River SD 35,250,Non-Federal Sources,1700,Extra-Curricular Activities,150249.5
2023-24,2044,Rogue River SD 35,250,Non-Federal Sources,1920,Contributions and Donations From Private Sources,51725.86
2023-24,2044,Rogue River SD 35,250,Non-Federal Sources,1960,Recovery of Prior Years' Expenditure,1132.38
2023-24,2044,Rogue River SD 35,250,Non-Federal Sources,1990,Miscellaneous,39572.72
2023-24,2044,Rogue River SD 35,250,Non-Federal Sources,3299,Other Restricted Grants-In-Aid,272061.21
2023-24,2044,Rogue River SD 35,250,Non-Federal Sources,5200,Interfund Transfers,670000
2023-24,2044,Rogue River SD 35,100,General Fund,5400,Resources - Beginning Fund Balance,2255233.09
2023-24,2044,Rogue River SD 35,201,Federal Sources,1960,Recovery of Prior Years' Expenditure,-48
2023-24,2044,Rogue River SD 35,201,Federal Sources,4500,Restricted Revenue From Federal Government Through the State,1805647.44
2023-24,2044,Rogue River SD 35,201,Federal Sources,5400,Resources - Beginning Fund Balance,48
2023-24,2044,Rogue River SD 35,250,Non-Federal Sources,1130,Construction Excise Tax,29421.62
2023-24,2044,Rogue River SD 35,250,Non-Federal Sources,1500,Earnings on Investments,6223.09
2023-24,2044,Rogue River SD 35,100,General Fund,2102,General Education Service District Funds,157807.88
2023-24,2044,Rogue River SD 35,100,General Fund,2110,Intermediate 'I' Tax,3573.18
2023-24,2044,Rogue River SD 35,100,General Fund,3101,State School Fund --General Support,9706281.24
2023-24,2044,Rogue River SD 35,100,General Fund,3103,Common School Fund,116951.2
2023-24,2044,Rogue River SD 35,100,General Fund,3299,Other Restricted Grants-In-Aid,130779.83
2023-24,2044,Rogue River SD 35,100,General Fund,4801,Federal Forest Fees,10698.28
2023-24,2045,Prospect SD 59,299,Child Nutrition,4900,Revenue for/on Behalf of the District,6338.33
2023-24,2045,Prospect SD 59,299,Child Nutrition,5200,Interfund Transfers,30000
2023-24,2045,Prospect SD 59,299,Child Nutrition,5400,Resources - Beginning Fund Balance,22702.62
2023-24,2045,Prospect SD 59,700,Trust and Agency Funds,1500,Earnings on Investments,3.18
2023-24,2045,Prospect SD 59,700,Trust and Agency Funds,1920,Contributions and Donations From Private Sources,12875
2023-24,2045,Prospect SD 59,700,Trust and Agency Funds,5400,Resources - Beginning Fund Balance,16368.92
2023-24,2045,Prospect SD 59,252,Measure 98 - High School Success,5400,Resources - Beginning Fund Balance,-1050
2023-24,2045,Prospect SD 59,299,Child Nutrition,1600,Food Service,1500
2023-24,2045,Prospect SD 59,299,Child Nutrition,1990,Miscellaneous,15
2023-24,2045,Prospect SD 59,299,Child Nutrition,3102,State School Fund--School Lunch Match,843.34
2023-24,2045,Prospect SD 59,299,Child Nutrition,3299,Other Restricted Grants-In-Aid,17345.05
2023-24,2045,Prospect SD 59,299,Child Nutrition,4500,Restricted Revenue From Federal Government Through the State,91537.61
2023-24,2045,Prospect SD 59,250,Non-Federal Sources,3299,Other Restricted Grants-In-Aid,74606.77
2023-24,2045,Prospect SD 59,250,Non-Federal Sources,5200,Interfund Transfers,208000
2023-24,2045,Prospect SD 59,250,Non-Federal Sources,5400,Resources - Beginning Fund Balance,451408.94
2023-24,2045,Prospect SD 59,251,Student Investment Account,3299,Other Restricted Grants-In-Aid,307524.78
2023-24,2045,Prospect SD 59,251,Student Investment Account,5400,Resources - Beginning Fund Balance,45962.82
2023-24,2045,Prospect SD 59,252,Measure 98 - High School Success,3299,Other Restricted Grants-In-Aid,167782.57
2023-24,2045,Prospect SD 59,201,Federal Sources,4700,Grants-In-Aid From Federal Government Through Other Intermed,104644.3
2023-24,2045,Prospect SD 59,201,Federal Sources,5400,Resources - Beginning Fund Balance,-30326.77
2023-24,2045,Prospect SD 59,250,Non-Federal Sources,1500,Earnings on Investments,6.75
2023-24,2045,Prospect SD 59,250,Non-Federal Sources,1700,Extra-Curricular Activities,53446.54
2023-24,2045,Prospect SD 59,250,Non-Federal Sources,1920,Contributions and Donations From Private Sources,12969.25
2023-24,2045,Prospect SD 59,250,Non-Federal Sources,1990,Miscellaneous,11352.85
2023-24,2045,Prospect SD 59,100,General Fund,4500,Restricted Revenue From Federal Government Through the State,9113.79
2023-24,2045,Prospect SD 59,100,General Fund,4801,Federal Forest Fees,2696.47
2023-24,2045,Prospect SD 59,100,General Fund,5200,Interfund Transfers,78000
2023-24,2045,Prospect SD 59,100,General Fund,5400,Resources - Beginning Fund Balance,2012931.53
2023-24,2045,Prospect SD 59,201,Federal Sources,4300,Restricted Revenue Direct From the Federal Government,14370.38
2023-24,2045,Prospect SD 59,201,Federal Sources,4500,Restricted Revenue From Federal Government Through the State,128259.78
2023-24,2045,Prospect SD 59,100,General Fund,1960,Recovery of Prior Years' Expenditure,2440
2023-24,2045,Prospect SD 59,100,General Fund,1990,Miscellaneous,13444.78
2023-24,2045,Prospect SD 59,100,General Fund,2199,Other Intermediate Sources,510.21
2023-24,2045,Prospect SD 59,100,General Fund,3101,State School Fund --General Support,3488016.33
2023-24,2045,Prospect SD 59,100,General Fund,3103,Common School Fund,29375.33
2023-24,2045,Prospect SD 59,100,General Fund,3299,Other Restricted Grants-In-Aid,1042.84
2023-24,2045,Prospect SD 59,100,General Fund,1110,Ad valorem taxes levied by district,672159.66
2023-24,2045,Prospect SD 59,100,General Fund,1190,Penalties and interest on taxes,434.39
2023-24,2045,Prospect SD 59,100,General Fund,1500,Earnings on Investments,138574.93
2023-24,2045,Prospect SD 59,100,General Fund,1700,Extra-Curricular Activities,3805.06
2023-24,2045,Prospect SD 59,100,General Fund,1920,Contributions and Donations From Private Sources,1996
2023-24,2046,Butte Falls SD 91,100,General Fund,1110,Ad valorem taxes levied by district,554836.18
2023-24,2046,Butte Falls SD 91,100,General Fund,1500,Earnings on Investments,81083.62
2023-24,2046,Butte Falls SD 91,100,General Fund,1910,Rentals,2389.19
2023-24,2046,Butte Falls SD 91,100,General Fund,1920,Contributions and Donations From Private Sources,450
2023-24,2046,Butte Falls SD 91,100,General Fund,1990,Miscellaneous,104004.66
2023-24,2046,Butte Falls SD 91,100,General Fund,2199,Other Intermediate Sources,421.03
2023-24,2046,Butte Falls SD 91,600,Internal Service Funds,5400,Resources - Beginning Fund Balance,26363.27
2023-24,2046,Butte Falls SD 91,201,Federal Sources,4700,Grants-In-Aid From Federal Government Through Other Intermed,80455.95
2023-24,2046,Butte Falls SD 91,201,Federal Sources,5400,Resources - Beginning Fund Balance,-85985.58
2023-24,2046,Butte Falls SD 91,400,Capital Projects Funds,3299,Other Restricted Grants-In-Aid,3600
2023-24,2046,Butte Falls SD 91,400,Capital Projects Funds,5200,Interfund Transfers,100000
2023-24,2046,Butte Falls SD 91,400,Capital Projects Funds,5400,Resources - Beginning Fund Balance,188298.12
2023-24,2046,Butte Falls SD 91,600,Internal Service Funds,1970,Services Provided Other Funds,20354.4
2023-24,2046,Butte Falls SD 91,299,Child Nutrition,3299,Other Restricted Grants-In-Aid,10009.82
2023-24,2046,Butte Falls SD 91,299,Child Nutrition,4500,Restricted Revenue From Federal Government Through the State,107801.02
2023-24,2046,Butte Falls SD 91,299,Child Nutrition,5200,Interfund Transfers,70000
2023-24,2046,Butte Falls SD 91,299,Child Nutrition,5400,Resources - Beginning Fund Balance,28346.39
2023-24,2046,Butte Falls SD 91,201,Federal Sources,4300,Restricted Revenue Direct From the Federal Government,25545.35
2023-24,2046,Butte Falls SD 91,201,Federal Sources,4500,Restricted Revenue From Federal Government Through the State,410877.86
2023-24,2046,Butte Falls SD 91,250,Non-Federal Sources,5400,Resources - Beginning Fund Balance,711682.83
2023-24,2046,Butte Falls SD 91,251,Student Investment Account,3299,Other Restricted Grants-In-Aid,418609.27
2023-24,2046,Butte Falls SD 91,251,Student Investment Account,5400,Resources - Beginning Fund Balance,-135259
2023-24,2046,Butte Falls SD 91,252,Measure 98 - High School Success,3299,Other Restricted Grants-In-Aid,34603.94
2023-24,2046,Butte Falls SD 91,299,Child Nutrition,1600,Food Service,1095.25
2023-24,2046,Butte Falls SD 91,299,Child Nutrition,3102,State School Fund--School Lunch Match,997.01
2023-24,2046,Butte Falls SD 91,250,Non-Federal Sources,1920,Contributions and Donations From Private Sources,30120.7
2023-24,2046,Butte Falls SD 91,250,Non-Federal Sources,1990,Miscellaneous,17837.93
2023-24,2046,Butte Falls SD 91,250,Non-Federal Sources,3222,State School Fund (SSF) Transportation Equipment,19761
2023-24,2046,Butte Falls SD 91,250,Non-Federal Sources,3299,Other Restricted Grants-In-Aid,47610.56
2023-24,2046,Butte Falls SD 91,250,Non-Federal Sources,4500,Restricted Revenue From Federal Government Through the State,7918.73
2023-24,2046,Butte Falls SD 91,250,Non-Federal Sources,5200,Interfund Transfers,30000
2023-24,2046,Butte Falls SD 91,100,General Fund,3101,State School Fund --General Support,3181297.21
2023-24,2046,Butte Falls SD 91,100,General Fund,3103,Common School Fund,24553.04
2023-24,2046,Butte Falls SD 91,100,General Fund,4801,Federal Forest Fees,2188.89
2023-24,2046,Butte Falls SD 91,100,General Fund,5400,Resources - Beginning Fund Balance,740649.34
2023-24,2046,Butte Falls SD 91,250,Non-Federal Sources,1700,Extra-Curricular Activities,9744.81
2023-24,2046,Butte Falls SD 91,250,Non-Federal Sources,1910,Rentals,1650
2023-24,2047,Pinehurst SD 94,100,General Fund,1110,Ad valorem taxes levied by district,242545
2023-24,2047,Pinehurst SD 94,100,General Fund,1500,Earnings on Investments,33400
2023-24,2047,Pinehurst SD 94,100,General Fund,1920,Contributions and Donations From Private Sources,6080
2023-24,2047,Pinehurst SD 94,100,General Fund,1980,Fees Charged to Grants,6725
2023-24,2047,Pinehurst SD 94,100,General Fund,1990,Miscellaneous,3714
2023-24,2047,Pinehurst SD 94,100,General Fund,2103,Excess ESD Local Revenue,2354
2023-24,2047,Pinehurst SD 94,200,Special Revenue Funds,1990,Miscellaneous,653
2023-24,2047,Pinehurst SD 94,200,Special Revenue Funds,3299,Other Restricted Grants-In-Aid,86014
2023-24,2047,Pinehurst SD 94,200,Special Revenue Funds,4500,Restricted Revenue From Federal Government Through the State,94827
2023-24,2047,Pinehurst SD 94,200,Special Revenue Funds,5200,Interfund Transfers,8558
2023-24,2047,Pinehurst SD 94,200,Special Revenue Funds,5400,Resources - Beginning Fund Balance,64279
2023-24,2047,Pinehurst SD 94,400,Capital Projects Funds,5400,Resources - Beginning Fund Balance,99860
2023-24,2047,Pinehurst SD 94,100,General Fund,3101,State School Fund --General Support,229119
2023-24,2047,Pinehurst SD 94,100,General Fund,3103,Common School Fund,2746
2023-24,2047,Pinehurst SD 94,100,General Fund,3299,Other Restricted Grants-In-Aid,6072
2023-24,2047,Pinehurst SD 94,100,General Fund,4801,Federal Forest Fees,263
2023-24,2047,Pinehurst SD 94,100,General Fund,5400,Resources - Beginning Fund Balance,430153
2023-24,2047,Pinehurst SD 94,200,Special Revenue Funds,1920,Contributions and Donations From Private Sources,18331
2023-24,2048,Medford SD 549C,100,General Fund,1110,Ad valorem taxes levied by district,45553294.33
2023-24,2048,Medford SD 549C,100,General Fund,1190,Penalties and interest on taxes,29517.89
2023-24,2048,Medford SD 549C,100,General Fund,1500,Earnings on Investments,3601990.98
2023-24,2048,Medford SD 549C,100,General Fund,1800,Community Services Activities,70356.66
2023-24,2048,Medford SD 549C,100,General Fund,1910,Rentals,38081.83
2023-24,2048,Medford SD 549C,100,General Fund,1920,Contributions and Donations From Private Sources,19745.22
2023-24,2048,Medford SD 549C,100,General Fund,2199,Other Intermediate Sources,44326.86
2023-24,2048,Medford SD 549C,100,General Fund,3299,Other Restricted Grants-In-Aid,373049.81
2023-24,2048,Medford SD 549C,100,General Fund,5100,Long Term Debt Financing Sources,3081838.17
2023-24,2048,Medford SD 549C,201,Federal Sources,4700,Grants-In-Aid From Federal Government Through Other Intermed,229942.49
2023-24,2048,Medford SD 549C,100,General Fund,1990,Miscellaneous,812176.36
2023-24,2048,Medford SD 549C,700,Trust and Agency Funds,3299,Other Restricted Grants-In-Aid,500
2023-24,2048,Medford SD 549C,700,Trust and Agency Funds,5400,Resources - Beginning Fund Balance,462890.4
2023-24,2048,Medford SD 549C,400,Capital Projects Funds,5400,Resources - Beginning Fund Balance,394208.78
2023-24,2048,Medford SD 549C,600,Internal Service Funds,1970,Services Provided Other Funds,19513768.2
2023-24,2048,Medford SD 549C,600,Internal Service Funds,1990,Miscellaneous,62.8
2023-24,2048,Medford SD 549C,600,Internal Service Funds,5400,Resources - Beginning Fund Balance,1909416.74
2023-24,2048,Medford SD 549C,700,Trust and Agency Funds,1500,Earnings on Investments,19767.23
2023-24,2048,Medford SD 549C,700,Trust and Agency Funds,1920,Contributions and Donations From Private Sources,199701
2023-24,2048,Medford SD 549C,300,Debt Service Funds,1500,Earnings on Investments,88863.99
2023-24,2048,Medford SD 549C,300,Debt Service Funds,1970,Services Provided Other Funds,5067989.58
2023-24,2048,Medford SD 549C,300,Debt Service Funds,5200,Interfund Transfers,1170000
2023-24,2048,Medford SD 549C,300,Debt Service Funds,5400,Resources - Beginning Fund Balance,1395138.36
2023-24,2048,Medford SD 549C,400,Capital Projects Funds,1500,Earnings on Investments,30829.95
2023-24,2048,Medford SD 549C,400,Capital Projects Funds,1990,Miscellaneous,24089.87
2023-24,2048,Medford SD 549C,299,Child Nutrition,3299,Other Restricted Grants-In-Aid,898926.1
2023-24,2048,Medford SD 549C,299,Child Nutrition,4500,Restricted Revenue From Federal Government Through the State,4691843.31
2023-24,2048,Medford SD 549C,299,Child Nutrition,4900,Revenue for/on Behalf of the District,362159.35
2023-24,2048,Medford SD 549C,299,Child Nutrition,5400,Resources - Beginning Fund Balance,1838838.27
2023-24,2048,Medford SD 549C,300,Debt Service Funds,1110,Ad valorem taxes levied by district,12555366.01
2023-24,2048,Medford SD 549C,300,Debt Service Funds,1190,Penalties and interest on taxes,8142.2
2023-24,2048,Medford SD 549C,252,Measure 98 - High School Success,1920,Contributions and Donations From Private Sources,8448.79
2023-24,2048,Medford SD 549C,252,Measure 98 - High School Success,3299,Other Restricted Grants-In-Aid,3710266.5
2023-24,2048,Medford SD 549C,252,Measure 98 - High School Success,5400,Resources - Beginning Fund Balance,-3917.52
2023-24,2048,Medford SD 549C,299,Child Nutrition,1600,Food Service,71004.79
2023-24,2048,Medford SD 549C,299,Child Nutrition,1920,Contributions and Donations From Private Sources,115030.1
2023-24,2048,Medford SD 549C,299,Child Nutrition,3102,State School Fund--School Lunch Match,53634.41
2023-24,2048,Medford SD 549C,250,Non-Federal Sources,3199,Other Unrestricted Grants-In-Aid,36000
2023-24,2048,Medford SD 549C,250,Non-Federal Sources,3299,Other Restricted Grants-In-Aid,2334767.4
2023-24,2048,Medford SD 549C,250,Non-Federal Sources,5200,Interfund Transfers,9190000
2023-24,2048,Medford SD 549C,250,Non-Federal Sources,5400,Resources - Beginning Fund Balance,10630980.34
2023-24,2048,Medford SD 549C,251,Student Investment Account,3299,Other Restricted Grants-In-Aid,13030152.83
2023-24,2048,Medford SD 549C,251,Student Investment Account,5400,Resources - Beginning Fund Balance,663649.18
2023-24,2048,Medford SD 549C,250,Non-Federal Sources,1500,Earnings on Investments,33.62
2023-24,2048,Medford SD 549C,250,Non-Federal Sources,1700,Extra-Curricular Activities,343986.23
2023-24,2048,Medford SD 549C,250,Non-Federal Sources,1910,Rentals,239.25
2023-24,2048,Medford SD 549C,250,Non-Federal Sources,1920,Contributions and Donations From Private Sources,339932.26
2023-24,2048,Medford SD 549C,250,Non-Federal Sources,1990,Miscellaneous,420406.77
2023-24,2048,Medford SD 549C,250,Non-Federal Sources,2199,Other Intermediate Sources,3000
2023-24,2048,Medford SD 549C,100,General Fund,4801,Federal Forest Fees,159565.99
2023-24,2048,Medford SD 549C,100,General Fund,5200,Interfund Transfers,550000
2023-24,2048,Medford SD 549C,100,General Fund,5400,Resources - Beginning Fund Balance,24139326.13
2023-24,2048,Medford SD 549C,201,Federal Sources,4500,Restricted Revenue From Federal Government Through the State,20854421.4
2023-24,2048,Medford SD 549C,201,Federal Sources,5400,Resources - Beginning Fund Balance,0
2023-24,2048,Medford SD 549C,250,Non-Federal Sources,1130,Construction Excise Tax,1200487.61
2023-24,2048,Medford SD 549C,100,General Fund,1940,Services Provided Other Local Education Agencies,37602
2023-24,2048,Medford SD 549C,100,General Fund,1980,Fees Charged to Grants,1208516.91
2023-24,2048,Medford SD 549C,100,General Fund,2102,General Education Service District Funds,3649074.62
2023-24,2048,Medford SD 549C,100,General Fund,3101,State School Fund --General Support,121940637.05
2023-24,2048,Medford SD 549C,100,General Fund,3103,Common School Fund,1800480.86
2023-24,2048,Medford SD 549C,100,General Fund,4500,Restricted Revenue From Federal Government Through the State,15987.26
2023-24,2049,Jefferson ESD,100,General Fund,1110,Ad valorem taxes levied by district,456797.74
2023-24,2049,Jefferson ESD,100,General Fund,1500,Earnings on Investments,39695.79
2023-24,2049,Jefferson ESD,100,General Fund,1940,Services Provided Other Local Education Agencies,233772.93
2023-24,2049,Jefferson ESD,100,General Fund,1980,Fees Charged to Grants,12902.3
2023-24,2049,Jefferson ESD,100,General Fund,1990,Miscellaneous,188749.61
2023-24,2049,Jefferson ESD,100,General Fund,2199,Other Intermediate Sources,106.62
2023-24,2049,Jefferson ESD,300,Debt Service Funds,1500,Earnings on Investments,1420.82
2023-24,2049,Jefferson ESD,300,Debt Service Funds,5200,Interfund Transfers,127341.81
2023-24,2049,Jefferson ESD,300,Debt Service Funds,5400,Resources - Beginning Fund Balance,513.25
2023-24,2049,Jefferson ESD,100,General Fund,3101,State School Fund --General Support,1704065.91
2023-24,2049,Jefferson ESD,100,General Fund,5400,Resources - Beginning Fund Balance,705104.18
2023-24,2049,Jefferson ESD,201,Federal Sources,4500,Restricted Revenue From Federal Government Through the State,262957.91
2023-24,2049,Jefferson ESD,250,Non-Federal Sources,3299,Other Restricted Grants-In-Aid,364495.22
2023-24,2049,Jefferson ESD,250,Non-Federal Sources,5200,Interfund Transfers,5000
2023-24,2049,Jefferson ESD,250,Non-Federal Sources,5400,Resources - Beginning Fund Balance,11744.84
2023-24,2050,Culver SD 4,400,Capital Projects Funds,1500,Earnings on Investments,21524.51
2023-24,2050,Culver SD 4,400,Capital Projects Funds,3222,State School Fund (SSF) Transportation Equipment,52227
2023-24,2050,Culver SD 4,400,Capital Projects Funds,5400,Resources - Beginning Fund Balance,531726.69
2023-24,2050,Culver SD 4,100,General Fund,4201,Foster Transportation,766.51
2023-24,2050,Culver SD 4,100,General Fund,5400,Resources - Beginning Fund Balance,2182919.75
2023-24,2050,Culver SD 4,300,Debt Service Funds,1110,Ad valorem taxes levied by district,879437.82
2023-24,2050,Culver SD 4,300,Debt Service Funds,1500,Earnings on Investments,15846.75
2023-24,2050,Culver SD 4,300,Debt Service Funds,2199,Other Intermediate Sources,168.42
2023-24,2050,Culver SD 4,300,Debt Service Funds,5400,Resources - Beginning Fund Balance,76807.63
2023-24,2050,Culver SD 4,400,Capital Projects Funds,1130,Construction Excise Tax,14572.85
2023-24,2050,Culver SD 4,100,General Fund,1990,Miscellaneous,24770.1
2023-24,2050,Culver SD 4,100,General Fund,2101,County School Funds,12671.63
2023-24,2050,Culver SD 4,100,General Fund,2199,Other Intermediate Sources,407.2
2023-24,2050,Culver SD 4,100,General Fund,3101,State School Fund --General Support,7094394.15
2023-24,2050,Culver SD 4,100,General Fund,3103,Common School Fund,85065.94
2023-24,2050,Culver SD 4,100,General Fund,4801,Federal Forest Fees,18218.14
2023-24,2050,Culver SD 4,100,General Fund,1312,Tuition from Other Districts within the State,25860
2023-24,2050,Culver SD 4,100,General Fund,1412,Transportation fees from Other Districts within the State,1737.78
2023-24,2050,Culver SD 4,100,General Fund,1500,Earnings on Investments,107142.31
2023-24,2050,Culver SD 4,100,General Fund,1700,Extra-Curricular Activities,11702.74
2023-24,2050,Culver SD 4,100,General Fund,1940,Services Provided Other Local Education Agencies,4647.94
2023-24,2050,Culver SD 4,100,General Fund,1980,Fees Charged to Grants,36549.92
2023-24,2050,Culver SD 4,299,Child Nutrition,3299,Other Restricted Grants-In-Aid,67932.65
2023-24,2050,Culver SD 4,299,Child Nutrition,4500,Restricted Revenue From Federal Government Through the State,279341.25
2023-24,2050,Culver SD 4,299,Child Nutrition,4900,Revenue for/on Behalf of the District,24554.79
2023-24,2050,Culver SD 4,299,Child Nutrition,5200,Interfund Transfers,100000
2023-24,2050,Culver SD 4,299,Child Nutrition,5400,Resources - Beginning Fund Balance,14445.97
2023-24,2050,Culver SD 4,100,General Fund,1110,Ad valorem taxes levied by district,2124985.29
2023-24,2050,Culver SD 4,250,Non-Federal Sources,5400,Resources - Beginning Fund Balance,591930.16
2023-24,2050,Culver SD 4,251,Student Investment Account,3299,Other Restricted Grants-In-Aid,784034.2
2023-24,2050,Culver SD 4,252,Measure 98 - High School Success,3299,Other Restricted Grants-In-Aid,226552.39
2023-24,2050,Culver SD 4,299,Child Nutrition,1600,Food Service,464.25
2023-24,2050,Culver SD 4,299,Child Nutrition,1990,Miscellaneous,1194.61
2023-24,2050,Culver SD 4,299,Child Nutrition,3102,State School Fund--School Lunch Match,3309.69
2023-24,2050,Culver SD 4,250,Non-Federal Sources,1700,Extra-Curricular Activities,127723.88
2023-24,2050,Culver SD 4,250,Non-Federal Sources,1800,Community Services Activities,2510.95
2023-24,2050,Culver SD 4,250,Non-Federal Sources,1920,Contributions and Donations From Private Sources,71064.9
2023-24,2050,Culver SD 4,250,Non-Federal Sources,1940,Services Provided Other Local Education Agencies,15000.04
2023-24,2050,Culver SD 4,250,Non-Federal Sources,1990,Miscellaneous,27932.18
2023-24,2050,Culver SD 4,250,Non-Federal Sources,3299,Other Restricted Grants-In-Aid,36289.18
2023-24,2050,Culver SD 4,201,Federal Sources,3299,Other Restricted Grants-In-Aid,2160
2023-24,2050,Culver SD 4,201,Federal Sources,4500,Restricted Revenue From Federal Government Through the State,952334.15
2023-24,2050,Culver SD 4,201,Federal Sources,5400,Resources - Beginning Fund Balance,0.56
2023-24,2050,Culver SD 4,250,Non-Federal Sources,1500,Earnings on Investments,11163.59
2023-24,2051,Ashwood SD 8,200,Special Revenue Funds,1990,Miscellaneous,652.74
2023-24,2051,Ashwood SD 8,200,Special Revenue Funds,4300,Restricted Revenue Direct From the Federal Government,15092.52
2023-24,2051,Ashwood SD 8,200,Special Revenue Funds,4500,Restricted Revenue From Federal Government Through the State,68500
2023-24,2051,Ashwood SD 8,200,Special Revenue Funds,5400,Resources - Beginning Fund Balance,-28567.49
2023-24,2051,Ashwood SD 8,100,General Fund,1990,Miscellaneous,1243.12
2023-24,2051,Ashwood SD 8,100,General Fund,2101,County School Funds,246.02
2023-24,2051,Ashwood SD 8,100,General Fund,3101,State School Fund --General Support,390329.47
2023-24,2051,Ashwood SD 8,100,General Fund,3103,Common School Fund,1035.38
2023-24,2051,Ashwood SD 8,100,General Fund,5400,Resources - Beginning Fund Balance,557975.68
2023-24,2051,Ashwood SD 8,200,Special Revenue Funds,1500,Earnings on Investments,2.12
2023-24,2051,Ashwood SD 8,100,General Fund,1500,Earnings on Investments,14162.59
2023-24,2052,Black Butte SD 41,100,General Fund,1110,Ad valorem taxes levied by district,343594.54
2023-24,2052,Black Butte SD 41,100,General Fund,1500,Earnings on Investments,41550.21
2023-24,2052,Black Butte SD 41,100,General Fund,1910,Rentals,15000
2023-24,2052,Black Butte SD 41,100,General Fund,1990,Miscellaneous,3010.5
2023-24,2052,Black Butte SD 41,100,General Fund,2101,County School Funds,295.64
2023-24,2052,Black Butte SD 41,100,General Fund,2199,Other Intermediate Sources,315.16
2023-24,2052,Black Butte SD 41,400,Capital Projects Funds,5100,Long Term Debt Financing Sources,2000000
2023-24,2052,Black Butte SD 41,251,Student Investment Account,5400,Resources - Beginning Fund Balance,-4272.26
2023-24,2052,Black Butte SD 41,300,Debt Service Funds,1110,Ad valorem taxes levied by district,127918.46
2023-24,2052,Black Butte SD 41,300,Debt Service Funds,1500,Earnings on Investments,2296.29
2023-24,2052,Black Butte SD 41,300,Debt Service Funds,2199,Other Intermediate Sources,25.12
2023-24,2052,Black Butte SD 41,400,Capital Projects Funds,1500,Earnings on Investments,80187.21
2023-24,2052,Black Butte SD 41,400,Capital Projects Funds,3299,Other Restricted Grants-In-Aid,629516.43
2023-24,2052,Black Butte SD 41,250,Non-Federal Sources,1920,Contributions and Donations From Private Sources,1000
2023-24,2052,Black Butte SD 41,250,Non-Federal Sources,3222,State School Fund (SSF) Transportation Equipment,7996
2023-24,2052,Black Butte SD 41,250,Non-Federal Sources,3299,Other Restricted Grants-In-Aid,41690.33
2023-24,2052,Black Butte SD 41,250,Non-Federal Sources,5200,Interfund Transfers,26774.07
2023-24,2052,Black Butte SD 41,250,Non-Federal Sources,5400,Resources - Beginning Fund Balance,19337.1
2023-24,2052,Black Butte SD 41,251,Student Investment Account,3299,Other Restricted Grants-In-Aid,40286.22
2023-24,2052,Black Butte SD 41,100,General Fund,3101,State School Fund --General Support,230995.41
2023-24,2052,Black Butte SD 41,100,General Fund,3103,Common School Fund,1984.66
2023-24,2052,Black Butte SD 41,100,General Fund,4801,Federal Forest Fees,425.04
2023-24,2052,Black Butte SD 41,100,General Fund,5400,Resources - Beginning Fund Balance,959948.33
2023-24,2052,Black Butte SD 41,201,Federal Sources,4500,Restricted Revenue From Federal Government Through the State,84562.79
2023-24,2052,Black Butte SD 41,201,Federal Sources,5400,Resources - Beginning Fund Balance,39337.19
2023-24,2053,Jefferson County SD 509J,100,General Fund,1110,Ad valorem taxes levied by district,6079801.59
2023-24,2053,Jefferson County SD 509J,100,General Fund,1412,Transportation fees from Other Districts within the State,108142.83
2023-24,2053,Jefferson County SD 509J,100,General Fund,1500,Earnings on Investments,1291241.84
2023-24,2053,Jefferson County SD 509J,100,General Fund,1700,Extra-Curricular Activities,23481.9
2023-24,2053,Jefferson County SD 509J,100,General Fund,1910,Rentals,97086.35
2023-24,2053,Jefferson County SD 509J,100,General Fund,1980,Fees Charged to Grants,444672.36
2023-24,2053,Jefferson County SD 509J,300,Debt Service Funds,5400,Resources - Beginning Fund Balance,159120.38
2023-24,2053,Jefferson County SD 509J,400,Capital Projects Funds,1500,Earnings on Investments,696560.54
2023-24,2053,Jefferson County SD 509J,400,Capital Projects Funds,1990,Miscellaneous,67786.33
2023-24,2053,Jefferson County SD 509J,400,Capital Projects Funds,3299,Other Restricted Grants-In-Aid,4927122.07
2023-24,2053,Jefferson County SD 509J,400,Capital Projects Funds,5400,Resources - Beginning Fund Balance,19095307.66
2023-24,2053,Jefferson County SD 509J,299,Child Nutrition,5400,Resources - Beginning Fund Balance,35635.78
2023-24,2053,Jefferson County SD 509J,300,Debt Service Funds,1110,Ad valorem taxes levied by district,3363509.05
2023-24,2053,Jefferson County SD 509J,300,Debt Service Funds,1500,Earnings on Investments,114850.84
2023-24,2053,Jefferson County SD 509J,300,Debt Service Funds,1990,Miscellaneous,3119884.55
2023-24,2053,Jefferson County SD 509J,300,Debt Service Funds,2199,Other Intermediate Sources,848.77
2023-24,2053,Jefferson County SD 509J,300,Debt Service Funds,5200,Interfund Transfers,97477
2023-24,2053,Jefferson County SD 509J,299,Child Nutrition,1990,Miscellaneous,2179.92
2023-24,2053,Jefferson County SD 509J,299,Child Nutrition,3102,State School Fund--School Lunch Match,16696.36
2023-24,2053,Jefferson County SD 509J,299,Child Nutrition,3299,Other Restricted Grants-In-Aid,45435.66
2023-24,2053,Jefferson County SD 509J,299,Child Nutrition,4500,Restricted Revenue From Federal Government Through the State,2112559.26
2023-24,2053,Jefferson County SD 509J,299,Child Nutrition,4900,Revenue for/on Behalf of the District,127365.21
2023-24,2053,Jefferson County SD 509J,299,Child Nutrition,5200,Interfund Transfers,711259
2023-24,2053,Jefferson County SD 509J,250,Non-Federal Sources,4500,Restricted Revenue From Federal Government Through the State,172873.82
2023-24,2053,Jefferson County SD 509J,250,Non-Federal Sources,5200,Interfund Transfers,66523.43
2023-24,2053,Jefferson County SD 509J,250,Non-Federal Sources,5400,Resources - Beginning Fund Balance,372291.51
2023-24,2053,Jefferson County SD 509J,251,Student Investment Account,3299,Other Restricted Grants-In-Aid,2786053.15
2023-24,2053,Jefferson County SD 509J,252,Measure 98 - High School Success,3299,Other Restricted Grants-In-Aid,770742.33
2023-24,2053,Jefferson County SD 509J,299,Child Nutrition,1600,Food Service,11133.41
2023-24,2053,Jefferson County SD 509J,201,Federal Sources,5400,Resources - Beginning Fund Balance,30157.96
2023-24,2053,Jefferson County SD 509J,250,Non-Federal Sources,1700,Extra-Curricular Activities,230849.84
2023-24,2053,Jefferson County SD 509J,250,Non-Federal Sources,1910,Rentals,29393.09
2023-24,2053,Jefferson County SD 509J,250,Non-Federal Sources,1920,Contributions and Donations From Private Sources,303271.71
2023-24,2053,Jefferson County SD 509J,250,Non-Federal Sources,1990,Miscellaneous,71986.18
2023-24,2053,Jefferson County SD 509J,250,Non-Federal Sources,3299,Other Restricted Grants-In-Aid,1617626.83
2023-24,2053,Jefferson County SD 509J,100,General Fund,4801,Federal Forest Fees,85407.42
2023-24,2053,Jefferson County SD 509J,100,General Fund,4802,Impact Aid to School Districts for Operation,4210634
2023-24,2053,Jefferson County SD 509J,100,General Fund,5200,Interfund Transfers,1552947
2023-24,2053,Jefferson County SD 509J,100,General Fund,5400,Resources - Beginning Fund Balance,25592519.87
2023-24,2053,Jefferson County SD 509J,201,Federal Sources,4300,Restricted Revenue Direct From the Federal Government,168923.04
2023-24,2053,Jefferson County SD 509J,201,Federal Sources,4500,Restricted Revenue From Federal Government Through the State,8684859.82
2023-24,2053,Jefferson County SD 509J,100,General Fund,1990,Miscellaneous,495582.02
2023-24,2053,Jefferson County SD 509J,100,General Fund,2101,County School Funds,57465.19
2023-24,2053,Jefferson County SD 509J,100,General Fund,2199,Other Intermediate Sources,1553.15
2023-24,2053,Jefferson County SD 509J,100,General Fund,2200,Restricted Revenue,100699.64
2023-24,2053,Jefferson County SD 509J,100,General Fund,3101,State School Fund --General Support,30504603.16
2023-24,2053,Jefferson County SD 509J,100,General Fund,3103,Common School Fund,366267.24
2023-24,2054,Grants Pass SD 7,200,Special Revenue Funds,1920,Contributions and Donations From Private Sources,524428
2023-24,2054,Grants Pass SD 7,200,Special Revenue Funds,1990,Miscellaneous,256885
2023-24,2054,Grants Pass SD 7,200,Special Revenue Funds,4500,Restricted Revenue From Federal Government Through the State,7124387
2023-24,2054,Grants Pass SD 7,200,Special Revenue Funds,5400,Resources - Beginning Fund Balance,5786447
2023-24,2054,Grants Pass SD 7,400,Capital Projects Funds,1130,Construction Excise Tax,130236.27
2023-24,2054,Grants Pass SD 7,400,Capital Projects Funds,1500,Earnings on Investments,430131.44
2023-24,2054,Grants Pass SD 7,400,Capital Projects Funds,5100,Long Term Debt Financing Sources,16089649.34
2023-24,2054,Grants Pass SD 7,400,Capital Projects Funds,5400,Resources - Beginning Fund Balance,577020
2023-24,2054,Grants Pass SD 7,600,Internal Service Funds,1970,Services Provided Other Funds,11169.27
2023-24,2054,Grants Pass SD 7,600,Internal Service Funds,5400,Resources - Beginning Fund Balance,40366
2023-24,2054,Grants Pass SD 7,200,Special Revenue Funds,3199,Other Unrestricted Grants-In-Aid,49885.61
2023-24,2054,Grants Pass SD 7,200,Special Revenue Funds,3299,Other Restricted Grants-In-Aid,10041203.15
2023-24,2054,Grants Pass SD 7,200,Special Revenue Funds,5100,Long Term Debt Financing Sources,2150351.36
2023-24,2054,Grants Pass SD 7,200,Special Revenue Funds,5200,Interfund Transfers,375
2023-24,2054,Grants Pass SD 7,300,Debt Service Funds,5200,Interfund Transfers,1970326.46
2023-24,2054,Grants Pass SD 7,300,Debt Service Funds,5400,Resources - Beginning Fund Balance,1193749
2023-24,2054,Grants Pass SD 7,200,Special Revenue Funds,1500,Earnings on Investments,173657.75
2023-24,2054,Grants Pass SD 7,200,Special Revenue Funds,1600,Food Service,33773.64
2023-24,2054,Grants Pass SD 7,200,Special Revenue Funds,1700,Extra-Curricular Activities,645762.84
2023-24,2054,Grants Pass SD 7,200,Special Revenue Funds,2102,General Education Service District Funds,2008.72
2023-24,2054,Grants Pass SD 7,200,Special Revenue Funds,3101,State School Fund --General Support,250000.12
2023-24,2054,Grants Pass SD 7,200,Special Revenue Funds,3102,State School Fund--School Lunch Match,28571.67
2023-24,2054,Grants Pass SD 7,100,General Fund,4500,Restricted Revenue From Federal Government Through the State,3005605.58
2023-24,2054,Grants Pass SD 7,100,General Fund,4801,Federal Forest Fees,125047.48
2023-24,2054,Grants Pass SD 7,100,General Fund,5200,Interfund Transfers,252297
2023-24,2054,Grants Pass SD 7,100,General Fund,5300,Sale of or Compensation for Loss of Fixed Assets,18795.69
2023-24,2054,Grants Pass SD 7,100,General Fund,5400,Resources - Beginning Fund Balance,13298378.02
2023-24,2054,Grants Pass SD 7,200,Special Revenue Funds,1311,Tuition from Individuals,1542
2023-24,2054,Grants Pass SD 7,100,General Fund,1990,Miscellaneous,611083.7
2023-24,2054,Grants Pass SD 7,100,General Fund,2102,General Education Service District Funds,1495081.11
2023-24,2054,Grants Pass SD 7,100,General Fund,2199,Other Intermediate Sources,4162
2023-24,2054,Grants Pass SD 7,100,General Fund,2200,Restricted Revenue,166406.64
2023-24,2054,Grants Pass SD 7,100,General Fund,3101,State School Fund --General Support,51932433.74
2023-24,2054,Grants Pass SD 7,100,General Fund,3103,Common School Fund,783548.46
2023-24,2054,Grants Pass SD 7,100,General Fund,1500,Earnings on Investments,638032.45
2023-24,2054,Grants Pass SD 7,100,General Fund,1700,Extra-Curricular Activities,462956.29
2023-24,2054,Grants Pass SD 7,100,General Fund,1910,Rentals,20277.7
2023-24,2054,Grants Pass SD 7,100,General Fund,1920,Contributions and Donations From Private Sources,102256.2
2023-24,2054,Grants Pass SD 7,100,General Fund,1930,Rental or Lease Payments from Private Contractors,1910
2023-24,2054,Grants Pass SD 7,100,General Fund,1980,Fees Charged to Grants,873576.8
2023-24,2054,Grants Pass SD 7,100,General Fund,1110,Ad valorem taxes levied by district,17099422.88
2023-24,2054,Grants Pass SD 7,100,General Fund,1130,Construction Excise Tax,2027.52
2023-24,2054,Grants Pass SD 7,100,General Fund,1200,Revenue From Local Governmental Units Other Than Districts,1796.55
2023-24,2054,Grants Pass SD 7,100,General Fund,1311,Tuition from Individuals,2636
2023-24,2054,Grants Pass SD 7,100,General Fund,1320,Adult/Continuing Education Tuition,962.91
2023-24,2055,Three Rivers/Josephine County SD,700,Trust and Agency Funds,1500,Earnings on Investments,245.38
2023-24,2055,Three Rivers/Josephine County SD,700,Trust and Agency Funds,1920,Contributions and Donations From Private Sources,1000
2023-24,2055,Three Rivers/Josephine County SD,700,Trust and Agency Funds,5400,Resources - Beginning Fund Balance,4098.18
2023-24,2055,Three Rivers/Josephine County SD,600,Internal Service Funds,1500,Earnings on Investments,19153.5
2023-24,2055,Three Rivers/Josephine County SD,600,Internal Service Funds,1970,Services Provided Other Funds,69456.41
2023-24,2055,Three Rivers/Josephine County SD,600,Internal Service Funds,1980,Fees Charged to Grants,482858.53
2023-24,2055,Three Rivers/Josephine County SD,600,Internal Service Funds,1990,Miscellaneous,42996.52
2023-24,2055,Three Rivers/Josephine County SD,600,Internal Service Funds,5200,Interfund Transfers,30000
2023-24,2055,Three Rivers/Josephine County SD,600,Internal Service Funds,5400,Resources - Beginning Fund Balance,1773017.27
2023-24,2055,Three Rivers/Josephine County SD,400,Capital Projects Funds,1500,Earnings on Investments,65721.6
2023-24,2055,Three Rivers/Josephine County SD,400,Capital Projects Funds,1990,Miscellaneous,588315.15
2023-24,2055,Three Rivers/Josephine County SD,400,Capital Projects Funds,3299,Other Restricted Grants-In-Aid,2461476.98
2023-24,2055,Three Rivers/Josephine County SD,400,Capital Projects Funds,5200,Interfund Transfers,640000
2023-24,2055,Three Rivers/Josephine County SD,400,Capital Projects Funds,5300,Sale of or Compensation for Loss of Fixed Assets,12011
2023-24,2055,Three Rivers/Josephine County SD,400,Capital Projects Funds,5400,Resources - Beginning Fund Balance,2644102.07
2023-24,2055,Three Rivers/Josephine County SD,299,Child Nutrition,5400,Resources - Beginning Fund Balance,384919.72
2023-24,2055,Three Rivers/Josephine County SD,300,Debt Service Funds,1500,Earnings on Investments,92060.42
2023-24,2055,Three Rivers/Josephine County SD,300,Debt Service Funds,1970,Services Provided Other Funds,3110944.81
2023-24,2055,Three Rivers/Josephine County SD,300,Debt Service Funds,5200,Interfund Transfers,152500
2023-24,2055,Three Rivers/Josephine County SD,300,Debt Service Funds,5400,Resources - Beginning Fund Balance,255325.54
2023-24,2055,Three Rivers/Josephine County SD,400,Capital Projects Funds,1130,Construction Excise Tax,227763.17
2023-24,2055,Three Rivers/Josephine County SD,201,Federal Sources,4500,Restricted Revenue From Federal Government Through the State,13215153.55
2023-24,2055,Three Rivers/Josephine County SD,299,Child Nutrition,4500,Restricted Revenue From Federal Government Through the State,1857612.25
2023-24,2055,Three Rivers/Josephine County SD,299,Child Nutrition,4900,Revenue for/on Behalf of the District,95555.14
2023-24,2055,Three Rivers/Josephine County SD,299,Child Nutrition,5200,Interfund Transfers,19158.39
2023-24,2055,Three Rivers/Josephine County SD,201,Federal Sources,5400,Resources - Beginning Fund Balance,3186.91
2023-24,2055,Three Rivers/Josephine County SD,250,Non-Federal Sources,5400,Resources - Beginning Fund Balance,1901874.92
2023-24,2055,Three Rivers/Josephine County SD,250,Non-Federal Sources,2200,Restricted Revenue,9234.73
2023-24,2055,Three Rivers/Josephine County SD,201,Federal Sources,3299,Other Restricted Grants-In-Aid,194624.94
2023-24,2055,Three Rivers/Josephine County SD,250,Non-Federal Sources,3299,Other Restricted Grants-In-Aid,817821.46
2023-24,2055,Three Rivers/Josephine County SD,251,Student Investment Account,3299,Other Restricted Grants-In-Aid,3834465.91
2023-24,2055,Three Rivers/Josephine County SD,252,Measure 98 - High School Success,3299,Other Restricted Grants-In-Aid,1140567.46
2023-24,2055,Three Rivers/Josephine County SD,299,Child Nutrition,3299,Other Restricted Grants-In-Aid,265850.83
2023-24,2055,Three Rivers/Josephine County SD,250,Non-Federal Sources,1500,Earnings on Investments,6448.67
2023-24,2055,Three Rivers/Josephine County SD,299,Child Nutrition,1600,Food Service,14895.32
2023-24,2055,Three Rivers/Josephine County SD,250,Non-Federal Sources,1700,Extra-Curricular Activities,1141345.87
2023-24,2055,Three Rivers/Josephine County SD,250,Non-Federal Sources,1920,Contributions and Donations From Private Sources,89859.58
2023-24,2055,Three Rivers/Josephine County SD,250,Non-Federal Sources,1990,Miscellaneous,30880.77
2023-24,2055,Three Rivers/Josephine County SD,299,Child Nutrition,1990,Miscellaneous,23.61
2023-24,2055,Three Rivers/Josephine County SD,100,General Fund,3101,State School Fund --General Support,37453612.05
2023-24,2055,Three Rivers/Josephine County SD,100,General Fund,3103,Common School Fund,613118.08
2023-24,2055,Three Rivers/Josephine County SD,100,General Fund,3299,Other Restricted Grants-In-Aid,140054.28
2023-24,2055,Three Rivers/Josephine County SD,100,General Fund,4500,Restricted Revenue From Federal Government Through the State,196355.24
2023-24,2055,Three Rivers/Josephine County SD,100,General Fund,4801,Federal Forest Fees,97561.13
2023-24,2055,Three Rivers/Josephine County SD,100,General Fund,5400,Resources - Beginning Fund Balance,11039103
2023-24,2055,Three Rivers/Josephine County SD,100,General Fund,1910,Rentals,32046.01
2023-24,2055,Three Rivers/Josephine County SD,100,General Fund,1920,Contributions and Donations From Private Sources,1560
2023-24,2055,Three Rivers/Josephine County SD,100,General Fund,1960,Recovery of Prior Years' Expenditure,391.22
2023-24,2055,Three Rivers/Josephine County SD,100,General Fund,1990,Miscellaneous,285994.54
2023-24,2055,Three Rivers/Josephine County SD,100,General Fund,2102,General Education Service District Funds,777291.04
2023-24,2055,Three Rivers/Josephine County SD,100,General Fund,2199,Other Intermediate Sources,4092.08
2023-24,2055,Three Rivers/Josephine County SD,100,General Fund,1110,Ad valorem taxes levied by district,20454976.13
2023-24,2055,Three Rivers/Josephine County SD,100,General Fund,1313,Tuition from Other Districts outside the State,51421.15
2023-24,2055,Three Rivers/Josephine County SD,100,General Fund,1500,Earnings on Investments,801433
2023-24,2056,Klamath Falls City Schools,100,General Fund,1110,Ad valorem taxes levied by district,7298997.59
2023-24,2056,Klamath Falls City Schools,100,General Fund,1500,Earnings on Investments,720228.94
2023-24,2056,Klamath Falls City Schools,100,General Fund,1910,Rentals,91882.38
2023-24,2056,Klamath Falls City Schools,100,General Fund,1920,Contributions and Donations From Private Sources,39
2023-24,2056,Klamath Falls City Schools,100,General Fund,1930,Rental or Lease Payments from Private Contractors,13104.95
2023-24,2056,Klamath Falls City Schools,100,General Fund,1960,Recovery of Prior Years' Expenditure,-862.23
2023-24,2056,Klamath Falls City Schools,250,Non-Federal Sources,1910,Rentals,36565.44
2023-24,2056,Klamath Falls City Schools,250,Non-Federal Sources,4700,Grants-In-Aid From Federal Government Through Other Intermed,575401.15
2023-24,2056,Klamath Falls City Schools,250,Non-Federal Sources,5100,Long Term Debt Financing Sources,871396
2023-24,2056,Klamath Falls City Schools,251,Student Investment Account,1960,Recovery of Prior Years' Expenditure,90
2023-24,2056,Klamath Falls City Schools,300,Debt Service Funds,5400,Resources - Beginning Fund Balance,571222.65
2023-24,2056,Klamath Falls City Schools,400,Capital Projects Funds,1500,Earnings on Investments,10450.31
2023-24,2056,Klamath Falls City Schools,400,Capital Projects Funds,1920,Contributions and Donations From Private Sources,10810.2
2023-24,2056,Klamath Falls City Schools,400,Capital Projects Funds,5400,Resources - Beginning Fund Balance,537192.25
2023-24,2056,Klamath Falls City Schools,201,Federal Sources,5200,Interfund Transfers,31999.95
2023-24,2056,Klamath Falls City Schools,250,Non-Federal Sources,1130,Construction Excise Tax,108384.23
2023-24,2056,Klamath Falls City Schools,299,Child Nutrition,3299,Other Restricted Grants-In-Aid,29557
2023-24,2056,Klamath Falls City Schools,299,Child Nutrition,4500,Restricted Revenue From Federal Government Through the State,1734491.58
2023-24,2056,Klamath Falls City Schools,299,Child Nutrition,4900,Revenue for/on Behalf of the District,6090.31
2023-24,2056,Klamath Falls City Schools,299,Child Nutrition,5200,Interfund Transfers,12823.69
2023-24,2056,Klamath Falls City Schools,299,Child Nutrition,5400,Resources - Beginning Fund Balance,779732.34
2023-24,2056,Klamath Falls City Schools,300,Debt Service Funds,1110,Ad valorem taxes levied by district,3336691.57
2023-24,2056,Klamath Falls City Schools,251,Student Investment Account,4500,Restricted Revenue From Federal Government Through the State,19831.42
2023-24,2056,Klamath Falls City Schools,251,Student Investment Account,5400,Resources - Beginning Fund Balance,630210.97
2023-24,2056,Klamath Falls City Schools,252,Measure 98 - High School Success,3299,Other Restricted Grants-In-Aid,1058959.11
2023-24,2056,Klamath Falls City Schools,252,Measure 98 - High School Success,5400,Resources - Beginning Fund Balance,-369732.06
2023-24,2056,Klamath Falls City Schools,299,Child Nutrition,1600,Food Service,78727.48
2023-24,2056,Klamath Falls City Schools,299,Child Nutrition,1990,Miscellaneous,3656.5
2023-24,2056,Klamath Falls City Schools,250,Non-Federal Sources,3299,Other Restricted Grants-In-Aid,4558381.26
2023-24,2056,Klamath Falls City Schools,250,Non-Federal Sources,4500,Restricted Revenue From Federal Government Through the State,13670.14
2023-24,2056,Klamath Falls City Schools,250,Non-Federal Sources,4900,Revenue for/on Behalf of the District,1046.62
2023-24,2056,Klamath Falls City Schools,250,Non-Federal Sources,5200,Interfund Transfers,12454434.47
2023-24,2056,Klamath Falls City Schools,250,Non-Federal Sources,5400,Resources - Beginning Fund Balance,3350795.91
2023-24,2056,Klamath Falls City Schools,251,Student Investment Account,3299,Other Restricted Grants-In-Aid,2724770.53
2023-24,2056,Klamath Falls City Schools,201,Federal Sources,5400,Resources - Beginning Fund Balance,-2601911.22
2023-24,2056,Klamath Falls City Schools,250,Non-Federal Sources,1800,Community Services Activities,52724.75
2023-24,2056,Klamath Falls City Schools,250,Non-Federal Sources,1920,Contributions and Donations From Private Sources,74080.4
2023-24,2056,Klamath Falls City Schools,250,Non-Federal Sources,1940,Services Provided Other Local Education Agencies,69357.25
2023-24,2056,Klamath Falls City Schools,250,Non-Federal Sources,1960,Recovery of Prior Years' Expenditure,24745.51
2023-24,2056,Klamath Falls City Schools,250,Non-Federal Sources,1990,Miscellaneous,234974.89
2023-24,2056,Klamath Falls City Schools,200,Special Revenue Funds,1960,Recovery of Prior Years' Expenditure,5
2023-24,2056,Klamath Falls City Schools,200,Special Revenue Funds,1990,Miscellaneous,42997.12
2023-24,2056,Klamath Falls City Schools,200,Special Revenue Funds,5400,Resources - Beginning Fund Balance,519579.24
2023-24,2056,Klamath Falls City Schools,201,Federal Sources,3299,Other Restricted Grants-In-Aid,540668.66
2023-24,2056,Klamath Falls City Schools,201,Federal Sources,4300,Restricted Revenue Direct From the Federal Government,49354.9
2023-24,2056,Klamath Falls City Schools,201,Federal Sources,4500,Restricted Revenue From Federal Government Through the State,14222858.9
2023-24,2056,Klamath Falls City Schools,100,General Fund,4801,Federal Forest Fees,403818.06
2023-24,2056,Klamath Falls City Schools,100,General Fund,5300,Sale of or Compensation for Loss of Fixed Assets,17450
2023-24,2056,Klamath Falls City Schools,100,General Fund,5400,Resources - Beginning Fund Balance,12711464.95
2023-24,2056,Klamath Falls City Schools,200,Special Revenue Funds,1500,Earnings on Investments,1362.42
2023-24,2056,Klamath Falls City Schools,200,Special Revenue Funds,1700,Extra-Curricular Activities,423850.56
2023-24,2056,Klamath Falls City Schools,200,Special Revenue Funds,1920,Contributions and Donations From Private Sources,14767.19
2023-24,2056,Klamath Falls City Schools,100,General Fund,1980,Fees Charged to Grants,721360.25
2023-24,2056,Klamath Falls City Schools,100,General Fund,1990,Miscellaneous,85591.59
2023-24,2056,Klamath Falls City Schools,100,General Fund,2101,County School Funds,66337.36
2023-24,2056,Klamath Falls City Schools,100,General Fund,2102,General Education Service District Funds,142948
2023-24,2056,Klamath Falls City Schools,100,General Fund,3101,State School Fund --General Support,25674999.53
2023-24,2056,Klamath Falls City Schools,100,General Fund,3103,Common School Fund,346398.97
2023-24,2057,Klamath County SD,100,General Fund,3199,Other Unrestricted Grants-In-Aid,181116.45
2023-24,2057,Klamath County SD,299,Child Nutrition,3101,State School Fund --General Support,586377.85
2023-24,2057,Klamath County SD,400,Capital Projects Funds,3299,Other Restricted Grants-In-Aid,360000
2023-24,2057,Klamath County SD,400,Capital Projects Funds,5200,Interfund Transfers,12298046.97
2023-24,2057,Klamath County SD,600,Internal Service Funds,5200,Interfund Transfers,1024561.56
2023-24,2057,Klamath County SD,700,Trust and Agency Funds,1500,Earnings on Investments,13660.96
2023-24,2057,Klamath County SD,299,Child Nutrition,3102,State School Fund--School Lunch Match,38486.67
2023-24,2057,Klamath County SD,300,Debt Service Funds,1110,Ad valorem taxes levied by district,2446936.61
2023-24,2057,Klamath County SD,300,Debt Service Funds,1190,Penalties and interest on taxes,8.3
2023-24,2057,Klamath County SD,300,Debt Service Funds,1500,Earnings on Investments,192053.51
2023-24,2057,Klamath County SD,300,Debt Service Funds,2800,Revenue in Lieu of Taxes,3679.05
2023-24,2057,Klamath County SD,300,Debt Service Funds,5200,Interfund Transfers,971364.43
2023-24,2057,Klamath County SD,400,Capital Projects Funds,1500,Earnings on Investments,9850.15
2023-24,2057,Klamath County SD,250,Non-Federal Sources,5200,Interfund Transfers,30679.77
2023-24,2057,Klamath County SD,251,Student Investment Account,3299,Other Restricted Grants-In-Aid,7307978.62
2023-24,2057,Klamath County SD,252,Measure 98 - High School Success,3299,Other Restricted Grants-In-Aid,1901527.38
2023-24,2057,Klamath County SD,299,Child Nutrition,1600,Food Service,35106.08
2023-24,2057,Klamath County SD,299,Child Nutrition,4500,Restricted Revenue From Federal Government Through the State,3722441.54
2023-24,2057,Klamath County SD,299,Child Nutrition,4900,Revenue for/on Behalf of the District,289710.47
2023-24,2057,Klamath County SD,250,Non-Federal Sources,1700,Extra-Curricular Activities,1383277.25
2023-24,2057,Klamath County SD,250,Non-Federal Sources,1920,Contributions and Donations From Private Sources,360601.06
2023-24,2057,Klamath County SD,250,Non-Federal Sources,1940,Services Provided Other Local Education Agencies,20600
2023-24,2057,Klamath County SD,250,Non-Federal Sources,3299,Other Restricted Grants-In-Aid,2592387.37
2023-24,2057,Klamath County SD,250,Non-Federal Sources,3900,Revenue for/on Behalf of the District,1214882.33
2023-24,2057,Klamath County SD,250,Non-Federal Sources,4500,Restricted Revenue From Federal Government Through the State,324037.16
2023-24,2057,Klamath County SD,201,Federal Sources,3299,Other Restricted Grants-In-Aid,83002.46
2023-24,2057,Klamath County SD,201,Federal Sources,4300,Restricted Revenue Direct From the Federal Government,208800.72
2023-24,2057,Klamath County SD,201,Federal Sources,4500,Restricted Revenue From Federal Government Through the State,14226329.56
2023-24,2057,Klamath County SD,250,Non-Federal Sources,1130,Construction Excise Tax,380154.45
2023-24,2057,Klamath County SD,250,Non-Federal Sources,1190,Penalties and interest on taxes,992.22
2023-24,2057,Klamath County SD,250,Non-Federal Sources,1500,Earnings on Investments,82846.43
2023-24,2057,Klamath County SD,100,General Fund,4801,Federal Forest Fees,1070051.69
2023-24,2057,Klamath County SD,100,General Fund,5200,Interfund Transfers,718672.97
2023-24,2057,Klamath County SD,100,General Fund,5300,Sale of or Compensation for Loss of Fixed Assets,36337.26
2023-24,2057,Klamath County SD,201,Federal Sources,1500,Earnings on Investments,1313.97
2023-24,2057,Klamath County SD,201,Federal Sources,1920,Contributions and Donations From Private Sources,5575.88
2023-24,2057,Klamath County SD,201,Federal Sources,3222,State School Fund (SSF) Transportation Equipment,475000
2023-24,2057,Klamath County SD,100,General Fund,3101,State School Fund --General Support,71949823.7
2023-24,2057,Klamath County SD,100,General Fund,3103,Common School Fund,978637.84
2023-24,2057,Klamath County SD,100,General Fund,3104,State Managed County Timber,486071.69
2023-24,2057,Klamath County SD,100,General Fund,3299,Other Restricted Grants-In-Aid,76401.22
2023-24,2057,Klamath County SD,100,General Fund,4300,Restricted Revenue Direct From the Federal Government,42329.5
2023-24,2057,Klamath County SD,100,General Fund,4500,Restricted Revenue From Federal Government Through the State,233221.83
2023-24,2057,Klamath County SD,100,General Fund,1980,Fees Charged to Grants,443233
2023-24,2057,Klamath County SD,100,General Fund,1990,Miscellaneous,523552.65
2023-24,2057,Klamath County SD,100,General Fund,2101,County School Funds,128217.78
2023-24,2057,Klamath County SD,100,General Fund,2199,Other Intermediate Sources,30598.96
2023-24,2057,Klamath County SD,100,General Fund,2800,Revenue in Lieu of Taxes,26846.95
2023-24,2057,Klamath County SD,100,General Fund,2900,Revenue for/on Behalf of the District,1863662.84
2023-24,2057,Klamath County SD,100,General Fund,1700,Extra-Curricular Activities,305071.31
2023-24,2057,Klamath County SD,100,General Fund,1800,Community Services Activities,145901
2023-24,2057,Klamath County SD,100,General Fund,1910,Rentals,28748.38
2023-24,2057,Klamath County SD,100,General Fund,1920,Contributions and Donations From Private Sources,3545.31
2023-24,2057,Klamath County SD,100,General Fund,1940,Services Provided Other Local Education Agencies,20000
2023-24,2057,Klamath County SD,100,General Fund,1960,Recovery of Prior Years' Expenditure,12106.08
2023-24,2057,Klamath County SD,100,General Fund,1110,Ad valorem taxes levied by district,18117557
2023-24,2057,Klamath County SD,100,General Fund,1190,Penalties and interest on taxes,269.24
2023-24,2057,Klamath County SD,100,General Fund,1411,Transportation fees from Individuals,-1852.19
2023-24,2057,Klamath County SD,100,General Fund,1412,Transportation fees from Other Districts within the State,3157.02
2023-24,2057,Klamath County SD,100,General Fund,1413,Transportation fees from Other District Outside the State,1059.94
2023-24,2057,Klamath County SD,100,General Fund,1500,Earnings on Investments,996557.82
2023-24,2057,Klamath County SD,100,General Fund,5400,Resources - Beginning Fund Balance,22296359
2023-24,2057,Klamath County SD,200,Special Revenue Funds,5400,Resources - Beginning Fund Balance,5080564
2023-24,2057,Klamath County SD,300,Debt Service Funds,5400,Resources - Beginning Fund Balance,3728937
2023-24,2057,Klamath County SD,400,Capital Projects Funds,5400,Resources - Beginning Fund Balance,196150
2023-24,2057,Klamath County SD,600,Internal Service Funds,5400,Resources - Beginning Fund Balance,2757406
2023-24,2057,Klamath County SD,700,Trust and Agency Funds,5400,Resources - Beginning Fund Balance,325058
2023-24,2058,Lake ESD,100,General Fund,1110,Ad valorem taxes levied by district,575252.08
2023-24,2058,Lake ESD,100,General Fund,1190,Penalties and interest on taxes,3815.86
2023-24,2058,Lake ESD,100,General Fund,1500,Earnings on Investments,31503.25
2023-24,2058,Lake ESD,100,General Fund,1700,Extra-Curricular Activities,372.6
2023-24,2058,Lake ESD,100,General Fund,1910,Rentals,68768.4
2023-24,2058,Lake ESD,100,General Fund,1980,Fees Charged to Grants,23583.95
2023-24,2058,Lake ESD,400,Capital Projects Funds,1990,Miscellaneous,325
2023-24,2058,Lake ESD,400,Capital Projects Funds,5200,Interfund Transfers,10000
2023-24,2058,Lake ESD,400,Capital Projects Funds,5400,Resources - Beginning Fund Balance,54976.26
2023-24,2058,Lake ESD,500,Enterprise Funds,1940,Services Provided Other Local Education Agencies,33744.66
2023-24,2058,Lake ESD,500,Enterprise Funds,1990,Miscellaneous,8907.89
2023-24,2058,Lake ESD,500,Enterprise Funds,5400,Resources - Beginning Fund Balance,7125.68
2023-24,2058,Lake ESD,250,Non-Federal Sources,2200,Restricted Revenue,87850
2023-24,2058,Lake ESD,250,Non-Federal Sources,3299,Other Restricted Grants-In-Aid,445477.29
2023-24,2058,Lake ESD,250,Non-Federal Sources,4500,Restricted Revenue From Federal Government Through the State,28252.7
2023-24,2058,Lake ESD,250,Non-Federal Sources,5400,Resources - Beginning Fund Balance,243500.06
2023-24,2058,Lake ESD,252,Measure 98 - High School Success,3299,Other Restricted Grants-In-Aid,2292.24
2023-24,2058,Lake ESD,400,Capital Projects Funds,1970,Services Provided Other Funds,18080.56
2023-24,2058,Lake ESD,201,Federal Sources,4500,Restricted Revenue From Federal Government Through the State,227258.28
2023-24,2058,Lake ESD,201,Federal Sources,4700,Grants-In-Aid From Federal Government Through Other Intermed,94010.04
2023-24,2058,Lake ESD,201,Federal Sources,5400,Resources - Beginning Fund Balance,30323.44
2023-24,2058,Lake ESD,250,Non-Federal Sources,1920,Contributions and Donations From Private Sources,10000
2023-24,2058,Lake ESD,250,Non-Federal Sources,1940,Services Provided Other Local Education Agencies,162235.7
2023-24,2058,Lake ESD,250,Non-Federal Sources,1990,Miscellaneous,21253.24
2023-24,2058,Lake ESD,100,General Fund,1990,Miscellaneous,12031.62
2023-24,2058,Lake ESD,100,General Fund,2199,Other Intermediate Sources,744.32
2023-24,2058,Lake ESD,100,General Fund,3101,State School Fund --General Support,1062215
2023-24,2058,Lake ESD,100,General Fund,3299,Other Restricted Grants-In-Aid,12282.45
2023-24,2058,Lake ESD,100,General Fund,5400,Resources - Beginning Fund Balance,292511.37
2023-24,2058,Lake ESD,201,Federal Sources,3299,Other Restricted Grants-In-Aid,21830.8
2023-24,2059,Lake County SD 7,200,Special Revenue Funds,1700,Extra-Curricular Activities,281931
2023-24,2059,Lake County SD 7,201,Federal Sources,4500,Restricted Revenue From Federal Government Through the State,1804869
2023-24,2059,Lake County SD 7,250,Non-Federal Sources,3299,Other Restricted Grants-In-Aid,399161
2023-24,2059,Lake County SD 7,400,Capital Projects Funds,5400,Resources - Beginning Fund Balance,154284
2023-24,2059,Lake County SD 7,400,Capital Projects Funds,3299,Other Restricted Grants-In-Aid,275574
2023-24,2059,Lake County SD 7,200,Special Revenue Funds,1200,Revenue From Local Governmental Units Other Than Districts,606
2023-24,2059,Lake County SD 7,200,Special Revenue Funds,5200,Interfund Transfers,238000
2023-24,2059,Lake County SD 7,200,Special Revenue Funds,1910,Rentals,11857
2023-24,2059,Lake County SD 7,200,Special Revenue Funds,1990,Miscellaneous,65759
2023-24,2059,Lake County SD 7,250,Non-Federal Sources,4100,Unrestricted Revenue Direct From the Federal Government,13423
2023-24,2059,Lake County SD 7,100,General Fund,1700,Extra-Curricular Activities,4091
2023-24,2059,Lake County SD 7,700,Trust and Agency Funds,5400,Resources - Beginning Fund Balance,47787
2023-24,2059,Lake County SD 7,100,General Fund,1110,Ad valorem taxes levied by district,2311835
2023-24,2059,Lake County SD 7,100,General Fund,1500,Earnings on Investments,135557
2023-24,2059,Lake County SD 7,250,Non-Federal Sources,2200,Restricted Revenue,23110
2023-24,2059,Lake County SD 7,300,Debt Service Funds,1500,Earnings on Investments,6435
2023-24,2059,Lake County SD 7,100,General Fund,3199,Other Unrestricted Grants-In-Aid,50824
2023-24,2059,Lake County SD 7,300,Debt Service Funds,1970,Services Provided Other Funds,770626
2023-24,2059,Lake County SD 7,300,Debt Service Funds,5400,Resources - Beginning Fund Balance,943061
2023-24,2059,Lake County SD 7,400,Capital Projects Funds,1910,Rentals,9993
2023-24,2059,Lake County SD 7,600,Internal Service Funds,1990,Miscellaneous,21544
2023-24,2059,Lake County SD 7,600,Internal Service Funds,5200,Interfund Transfers,13900
2023-24,2059,Lake County SD 7,600,Internal Service Funds,5400,Resources - Beginning Fund Balance,32116
2023-24,2059,Lake County SD 7,299,Child Nutrition,1920,Contributions and Donations From Private Sources,1738
2023-24,2059,Lake County SD 7,299,Child Nutrition,1990,Miscellaneous,540
2023-24,2059,Lake County SD 7,299,Child Nutrition,3299,Other Restricted Grants-In-Aid,30071
2023-24,2059,Lake County SD 7,299,Child Nutrition,4500,Restricted Revenue From Federal Government Through the State,380185
2023-24,2059,Lake County SD 7,299,Child Nutrition,5200,Interfund Transfers,270845
2023-24,2059,Lake County SD 7,299,Child Nutrition,5400,Resources - Beginning Fund Balance,48337
2023-24,2059,Lake County SD 7,250,Non-Federal Sources,1920,Contributions and Donations From Private Sources,17722
2023-24,2059,Lake County SD 7,250,Non-Federal Sources,5200,Interfund Transfers,47000
2023-24,2059,Lake County SD 7,250,Non-Federal Sources,5400,Resources - Beginning Fund Balance,1972
2023-24,2059,Lake County SD 7,251,Student Investment Account,3299,Other Restricted Grants-In-Aid,791768
2023-24,2059,Lake County SD 7,252,Measure 98 - High School Success,3299,Other Restricted Grants-In-Aid,249786
2023-24,2059,Lake County SD 7,299,Child Nutrition,1600,Food Service,8821
2023-24,2059,Lake County SD 7,100,General Fund,3103,Common School Fund,95268
2023-24,2059,Lake County SD 7,100,General Fund,3299,Other Restricted Grants-In-Aid,125563
2023-24,2059,Lake County SD 7,100,General Fund,4500,Restricted Revenue From Federal Government Through the State,4815
2023-24,2059,Lake County SD 7,100,General Fund,4801,Federal Forest Fees,411757
2023-24,2059,Lake County SD 7,100,General Fund,5400,Resources - Beginning Fund Balance,663871
2023-24,2059,Lake County SD 7,200,Special Revenue Funds,5400,Resources - Beginning Fund Balance,400249
2023-24,2059,Lake County SD 7,100,General Fund,1313,Tuition from Other Districts outside the State,57819
2023-24,2059,Lake County SD 7,100,General Fund,1960,Recovery of Prior Years' Expenditure,114208
2023-24,2059,Lake County SD 7,100,General Fund,1990,Miscellaneous,14587
2023-24,2059,Lake County SD 7,100,General Fund,2102,General Education Service District Funds,306786
2023-24,2059,Lake County SD 7,100,General Fund,2199,Other Intermediate Sources,54490
2023-24,2059,Lake County SD 7,100,General Fund,3101,State School Fund --General Support,7910479
2023-24,2059,Lake County SD 7,100,General Fund,1190,Penalties and interest on taxes,19544
2023-24,2059,Lake County SD 7,100,General Fund,1312,Tuition from Other Districts within the State,55803
2023-24,2060,Paisley SD 11,100,General Fund,1110,Ad valorem taxes levied by district,391962.99
2023-24,2060,Paisley SD 11,100,General Fund,1190,Penalties and interest on taxes,1831.3
2023-24,2060,Paisley SD 11,100,General Fund,1500,Earnings on Investments,173078.73
2023-24,2060,Paisley SD 11,100,General Fund,3103,Common School Fund,8394.87
2023-24,2060,Paisley SD 11,100,General Fund,5400,Resources - Beginning Fund Balance,3033923.1
2023-24,2060,Paisley SD 11,400,Capital Projects Funds,1500,Earnings on Investments,30240.05
2023-24,2060,Paisley SD 11,100,General Fund,1990,Miscellaneous,20466.55
2023-24,2060,Paisley SD 11,100,General Fund,3101,State School Fund --General Support,3042536.3
2023-24,2060,Paisley SD 11,299,Child Nutrition,5200,Interfund Transfers,17800
2023-24,2060,Paisley SD 11,299,Child Nutrition,5400,Resources - Beginning Fund Balance,1215.88
2023-24,2060,Paisley SD 11,300,Debt Service Funds,5400,Resources - Beginning Fund Balance,1176.62
2023-24,2060,Paisley SD 11,400,Capital Projects Funds,5200,Interfund Transfers,175000
2023-24,2060,Paisley SD 11,400,Capital Projects Funds,5400,Resources - Beginning Fund Balance,497098.04
2023-24,2060,Paisley SD 11,251,Student Investment Account,3299,Other Restricted Grants-In-Aid,127691.89
2023-24,2060,Paisley SD 11,251,Student Investment Account,5400,Resources - Beginning Fund Balance,-39392.04
2023-24,2060,Paisley SD 11,252,Measure 98 - High School Success,3299,Other Restricted Grants-In-Aid,26310.13
2023-24,2060,Paisley SD 11,252,Measure 98 - High School Success,5400,Resources - Beginning Fund Balance,-7778.14
2023-24,2060,Paisley SD 11,299,Child Nutrition,1500,Earnings on Investments,278.53
2023-24,2060,Paisley SD 11,250,Non-Federal Sources,1700,Extra-Curricular Activities,16575.52
2023-24,2060,Paisley SD 11,250,Non-Federal Sources,1910,Rentals,14139.3
2023-24,2060,Paisley SD 11,250,Non-Federal Sources,1990,Miscellaneous,10452.79
2023-24,2060,Paisley SD 11,250,Non-Federal Sources,3299,Other Restricted Grants-In-Aid,58140.92
2023-24,2060,Paisley SD 11,250,Non-Federal Sources,5200,Interfund Transfers,137323.98
2023-24,2060,Paisley SD 11,250,Non-Federal Sources,5400,Resources - Beginning Fund Balance,164130.46
2023-24,2060,Paisley SD 11,100,General Fund,3299,Other Restricted Grants-In-Aid,25724.76
2023-24,2060,Paisley SD 11,100,General Fund,4801,Federal Forest Fees,37223.9
2023-24,2060,Paisley SD 11,201,Federal Sources,4300,Restricted Revenue Direct From the Federal Government,26127.42
2023-24,2060,Paisley SD 11,201,Federal Sources,4500,Restricted Revenue From Federal Government Through the State,106695.48
2023-24,2060,Paisley SD 11,201,Federal Sources,5400,Resources - Beginning Fund Balance,-104845.06
2023-24,2060,Paisley SD 11,250,Non-Federal Sources,1500,Earnings on Investments,6403.67
2023-24,2061,North Lake SD 14,100,General Fund,1110,Ad valorem taxes levied by district,1128341.24
2023-24,2061,North Lake SD 14,100,General Fund,1190,Penalties and interest on taxes,5238.07
2023-24,2061,North Lake SD 14,100,General Fund,1500,Earnings on Investments,242789.67
2023-24,2061,North Lake SD 14,100,General Fund,1700,Extra-Curricular Activities,12806.34
2023-24,2061,North Lake SD 14,100,General Fund,1980,Fees Charged to Grants,13996.41
2023-24,2061,North Lake SD 14,100,General Fund,1990,Miscellaneous,30332.52
2023-24,2061,North Lake SD 14,100,General Fund,5400,Resources - Beginning Fund Balance,4255445.8
2023-24,2061,North Lake SD 14,200,Special Revenue Funds,5400,Resources - Beginning Fund Balance,-107215.84
2023-24,2061,North Lake SD 14,300,Debt Service Funds,5400,Resources - Beginning Fund Balance,39148.93
2023-24,2061,North Lake SD 14,400,Capital Projects Funds,5400,Resources - Beginning Fund Balance,250367.12
2023-24,2061,North Lake SD 14,600,Internal Service Funds,5400,Resources - Beginning Fund Balance,66485.96
2023-24,2061,North Lake SD 14,700,Trust and Agency Funds,5400,Resources - Beginning Fund Balance,5644.23
2023-24,2061,North Lake SD 14,400,Capital Projects Funds,1500,Earnings on Investments,12667.72
2023-24,2061,North Lake SD 14,400,Capital Projects Funds,3222,State School Fund (SSF) Transportation Equipment,111140.16
2023-24,2061,North Lake SD 14,400,Capital Projects Funds,5100,Long Term Debt Financing Sources,193911
2023-24,2061,North Lake SD 14,400,Capital Projects Funds,5200,Interfund Transfers,110000
2023-24,2061,North Lake SD 14,600,Internal Service Funds,1500,Earnings on Investments,3435.98
2023-24,2061,North Lake SD 14,700,Trust and Agency Funds,1920,Contributions and Donations From Private Sources,2181
2023-24,2061,North Lake SD 14,299,Child Nutrition,4900,Revenue for/on Behalf of the District,8677.59
2023-24,2061,North Lake SD 14,299,Child Nutrition,5200,Interfund Transfers,41416
2023-24,2061,North Lake SD 14,300,Debt Service Funds,1110,Ad valorem taxes levied by district,108315.5
2023-24,2061,North Lake SD 14,300,Debt Service Funds,1190,Penalties and interest on taxes,953.11
2023-24,2061,North Lake SD 14,300,Debt Service Funds,1500,Earnings on Investments,834.16
2023-24,2061,North Lake SD 14,300,Debt Service Funds,2199,Other Intermediate Sources,19.88
2023-24,2061,North Lake SD 14,251,Student Investment Account,3299,Other Restricted Grants-In-Aid,506486.04
2023-24,2061,North Lake SD 14,252,Measure 98 - High School Success,3299,Other Restricted Grants-In-Aid,205124.4
2023-24,2061,North Lake SD 14,299,Child Nutrition,1600,Food Service,7745.15
2023-24,2061,North Lake SD 14,299,Child Nutrition,1990,Miscellaneous,49.03
2023-24,2061,North Lake SD 14,299,Child Nutrition,3299,Other Restricted Grants-In-Aid,9761.32
2023-24,2061,North Lake SD 14,299,Child Nutrition,4500,Restricted Revenue From Federal Government Through the State,160094.35
2023-24,2061,North Lake SD 14,201,Federal Sources,4700,Grants-In-Aid From Federal Government Through Other Intermed,2645.86
2023-24,2061,North Lake SD 14,250,Non-Federal Sources,1500,Earnings on Investments,19.13
2023-24,2061,North Lake SD 14,250,Non-Federal Sources,1700,Extra-Curricular Activities,64283.48
2023-24,2061,North Lake SD 14,250,Non-Federal Sources,1990,Miscellaneous,3819.77
2023-24,2061,North Lake SD 14,250,Non-Federal Sources,2200,Restricted Revenue,4282.56
2023-24,2061,North Lake SD 14,250,Non-Federal Sources,3299,Other Restricted Grants-In-Aid,120545.64
2023-24,2061,North Lake SD 14,100,General Fund,2199,Other Intermediate Sources,1444.21
2023-24,2061,North Lake SD 14,100,General Fund,2200,Restricted Revenue,143579.72
2023-24,2061,North Lake SD 14,100,General Fund,3101,State School Fund --General Support,3482413.74
2023-24,2061,North Lake SD 14,100,General Fund,3103,Common School Fund,29474.91
2023-24,2061,North Lake SD 14,100,General Fund,4801,Federal Forest Fees,124281.07
2023-24,2061,North Lake SD 14,201,Federal Sources,4500,Restricted Revenue From Federal Government Through the State,809231.96
2023-24,2062,Plush SD 18,400,Capital Projects Funds,5400,Resources - Beginning Fund Balance,565712.35
2023-24,2062,Plush SD 18,400,Capital Projects Funds,3222,State School Fund (SSF) Transportation Equipment,10484.66
2023-24,2062,Plush SD 18,400,Capital Projects Funds,5300,Sale of or Compensation for Loss of Fixed Assets,8000
2023-24,2062,Plush SD 18,100,General Fund,1110,Ad valorem taxes levied by district,41133.06
2023-24,2062,Plush SD 18,100,General Fund,4801,Federal Forest Fees,4760.68
2023-24,2062,Plush SD 18,100,General Fund,5400,Resources - Beginning Fund Balance,1173358
2023-24,2062,Plush SD 18,200,Special Revenue Funds,4500,Restricted Revenue From Federal Government Through the State,61080.56
2023-24,2062,Plush SD 18,200,Special Revenue Funds,5400,Resources - Beginning Fund Balance,18962.31
2023-24,2062,Plush SD 18,200,Special Revenue Funds,3299,Other Restricted Grants-In-Aid,59792.65
2023-24,2062,Plush SD 18,400,Capital Projects Funds,1500,Earnings on Investments,31982.3
2023-24,2062,Plush SD 18,100,General Fund,1190,Penalties and interest on taxes,172.16
2023-24,2062,Plush SD 18,100,General Fund,1500,Earnings on Investments,47973.44
2023-24,2062,Plush SD 18,100,General Fund,1910,Rentals,2400
2023-24,2062,Plush SD 18,100,General Fund,1990,Miscellaneous,2155.2
2023-24,2062,Plush SD 18,100,General Fund,3101,State School Fund --General Support,384540.85
2023-24,2062,Plush SD 18,100,General Fund,3103,Common School Fund,1139.52
2023-24,2062,Plush SD 18,100,General Fund,1115,Revenue in Lieu of Taxes-Enterprise Zones,52.6
2023-24,2063,Adel SD 21,100,General Fund,1110,Ad valorem taxes levied by district,86901.16
2023-24,2063,Adel SD 21,100,General Fund,1190,Penalties and interest on taxes,944.05
2023-24,2063,Adel SD 21,100,General Fund,1500,Earnings on Investments,24939.78
2023-24,2063,Adel SD 21,100,General Fund,1910,Rentals,1500
2023-24,2063,Adel SD 21,100,General Fund,1980,Fees Charged to Grants,1932.32
2023-24,2063,Adel SD 21,100,General Fund,1990,Miscellaneous,2181.46
2023-24,2063,Adel SD 21,400,Capital Projects Funds,5200,Interfund Transfers,213065
2023-24,2063,Adel SD 21,400,Capital Projects Funds,5400,Resources - Beginning Fund Balance,89663.25
2023-24,2063,Adel SD 21,201,Federal Sources,5400,Resources - Beginning Fund Balance,-389.46
2023-24,2063,Adel SD 21,250,Non-Federal Sources,2200,Restricted Revenue,5950.05
2023-24,2063,Adel SD 21,250,Non-Federal Sources,3299,Other Restricted Grants-In-Aid,41690.33
2023-24,2063,Adel SD 21,251,Student Investment Account,3299,Other Restricted Grants-In-Aid,39694.76
2023-24,2063,Adel SD 21,251,Student Investment Account,5400,Resources - Beginning Fund Balance,20374.89
2023-24,2063,Adel SD 21,400,Capital Projects Funds,1500,Earnings on Investments,5231.98
2023-24,2063,Adel SD 21,100,General Fund,2199,Other Intermediate Sources,118.73
2023-24,2063,Adel SD 21,100,General Fund,3101,State School Fund --General Support,362583.81
2023-24,2063,Adel SD 21,100,General Fund,3103,Common School Fund,1582.96
2023-24,2063,Adel SD 21,100,General Fund,4801,Federal Forest Fees,6427.75
2023-24,2063,Adel SD 21,100,General Fund,5400,Resources - Beginning Fund Balance,520496.04
2023-24,2063,Adel SD 21,201,Federal Sources,4500,Restricted Revenue From Federal Government Through the State,3935.44
2023-24,2064,Lane ESD,100,General Fund,1110,Ad valorem taxes levied by district,8616899.94
2023-24,2064,Lane ESD,100,General Fund,1190,Penalties and interest on taxes,20733.16
2023-24,2064,Lane ESD,100,General Fund,1500,Earnings on Investments,340150.47
2023-24,2064,Lane ESD,100,General Fund,1910,Rentals,4590
2023-24,2064,Lane ESD,100,General Fund,1920,Contributions and Donations From Private Sources,217.72
2023-24,2064,Lane ESD,100,General Fund,1940,Services Provided Other Local Education Agencies,1256511
2023-24,2064,Lane ESD,400,Capital Projects Funds,5200,Interfund Transfers,285000
2023-24,2064,Lane ESD,400,Capital Projects Funds,5400,Resources - Beginning Fund Balance,244294.74
2023-24,2064,Lane ESD,600,Internal Service Funds,1970,Services Provided Other Funds,278832
2023-24,2064,Lane ESD,600,Internal Service Funds,5400,Resources - Beginning Fund Balance,418074.15
2023-24,2064,Lane ESD,299,Child Nutrition,4500,Restricted Revenue From Federal Government Through the State,32885.18
2023-24,2064,Lane ESD,299,Child Nutrition,5200,Interfund Transfers,19197.63
2023-24,2064,Lane ESD,300,Debt Service Funds,1500,Earnings on Investments,25325.54
2023-24,2064,Lane ESD,300,Debt Service Funds,1970,Services Provided Other Funds,865015.37
2023-24,2064,Lane ESD,300,Debt Service Funds,5400,Resources - Beginning Fund Balance,58719.67
2023-24,2064,Lane ESD,400,Capital Projects Funds,5100,Long Term Debt Financing Sources,300000
2023-24,2064,Lane ESD,250,Non-Federal Sources,1990,Miscellaneous,205522.89
2023-24,2064,Lane ESD,250,Non-Federal Sources,3299,Other Restricted Grants-In-Aid,21316407.95
2023-24,2064,Lane ESD,250,Non-Federal Sources,5200,Interfund Transfers,144000
2023-24,2064,Lane ESD,250,Non-Federal Sources,5400,Resources - Beginning Fund Balance,1166078.71
2023-24,2064,Lane ESD,251,Student Investment Account,3299,Other Restricted Grants-In-Aid,30680.23
2023-24,2064,Lane ESD,299,Child Nutrition,3299,Other Restricted Grants-In-Aid,7879.69
2023-24,2064,Lane ESD,201,Federal Sources,4300,Restricted Revenue Direct From the Federal Government,249201.27
2023-24,2064,Lane ESD,201,Federal Sources,4500,Restricted Revenue From Federal Government Through the State,7870071.84
2023-24,2064,Lane ESD,201,Federal Sources,4700,Grants-In-Aid From Federal Government Through Other Intermed,150644.34
2023-24,2064,Lane ESD,250,Non-Federal Sources,1920,Contributions and Donations From Private Sources,81010
2023-24,2064,Lane ESD,250,Non-Federal Sources,1940,Services Provided Other Local Education Agencies,2884066.72
2023-24,2064,Lane ESD,250,Non-Federal Sources,1960,Recovery of Prior Years' Expenditure,11625.34
2023-24,2064,Lane ESD,100,General Fund,1980,Fees Charged to Grants,812984.74
2023-24,2064,Lane ESD,100,General Fund,1990,Miscellaneous,282773.47
2023-24,2064,Lane ESD,100,General Fund,3101,State School Fund --General Support,16091916.83
2023-24,2064,Lane ESD,100,General Fund,3104,State Managed County Timber,61506.4
2023-24,2064,Lane ESD,100,General Fund,5100,Long Term Debt Financing Sources,42174.24
2023-24,2064,Lane ESD,100,General Fund,5400,Resources - Beginning Fund Balance,3246640.2
2023-24,2081,Pleasant Hill SD 1,201,Federal Sources,2200,Restricted Revenue,14331.01
2023-24,2081,Pleasant Hill SD 1,201,Federal Sources,4500,Restricted Revenue From Federal Government Through the State,1410166.33
2023-24,2081,Pleasant Hill SD 1,201,Federal Sources,5400,Resources - Beginning Fund Balance,-6518.29
2023-24,2081,Pleasant Hill SD 1,250,Non-Federal Sources,1500,Earnings on Investments,3781.92
2023-24,2081,Pleasant Hill SD 1,250,Non-Federal Sources,1920,Contributions and Donations From Private Sources,54004.43
2023-24,2081,Pleasant Hill SD 1,250,Non-Federal Sources,1990,Miscellaneous,89104.91
2023-24,2081,Pleasant Hill SD 1,300,Debt Service Funds,1500,Earnings on Investments,6.22
2023-24,2081,Pleasant Hill SD 1,300,Debt Service Funds,5400,Resources - Beginning Fund Balance,255187.87
2023-24,2081,Pleasant Hill SD 1,299,Child Nutrition,5400,Resources - Beginning Fund Balance,225246.84
2023-24,2081,Pleasant Hill SD 1,201,Federal Sources,3299,Other Restricted Grants-In-Aid,10233.43
2023-24,2081,Pleasant Hill SD 1,250,Non-Federal Sources,1700,Extra-Curricular Activities,296366.92
2023-24,2081,Pleasant Hill SD 1,250,Non-Federal Sources,4500,Restricted Revenue From Federal Government Through the State,3138.66
2023-24,2081,Pleasant Hill SD 1,300,Debt Service Funds,1110,Ad valorem taxes levied by district,1354488.57
2023-24,2081,Pleasant Hill SD 1,300,Debt Service Funds,1190,Penalties and interest on taxes,3653.54
2023-24,2081,Pleasant Hill SD 1,252,Measure 98 - High School Success,3299,Other Restricted Grants-In-Aid,280753.37
2023-24,2081,Pleasant Hill SD 1,299,Child Nutrition,1600,Food Service,105774.18
2023-24,2081,Pleasant Hill SD 1,299,Child Nutrition,3102,State School Fund--School Lunch Match,3593.95
2023-24,2081,Pleasant Hill SD 1,299,Child Nutrition,3299,Other Restricted Grants-In-Aid,44219.3
2023-24,2081,Pleasant Hill SD 1,299,Child Nutrition,4500,Restricted Revenue From Federal Government Through the State,293325.88
2023-24,2081,Pleasant Hill SD 1,299,Child Nutrition,4900,Revenue for/on Behalf of the District,32291.55
2023-24,2081,Pleasant Hill SD 1,100,General Fund,3101,State School Fund --General Support,8263151.08
2023-24,2081,Pleasant Hill SD 1,100,General Fund,3103,Common School Fund,153311.36
2023-24,2081,Pleasant Hill SD 1,100,General Fund,3199,Other Unrestricted Grants-In-Aid,62728.49
2023-24,2081,Pleasant Hill SD 1,100,General Fund,3299,Other Restricted Grants-In-Aid,75820.12
2023-24,2081,Pleasant Hill SD 1,100,General Fund,5400,Resources - Beginning Fund Balance,7261733.29
2023-24,2081,Pleasant Hill SD 1,251,Student Investment Account,3299,Other Restricted Grants-In-Aid,968922.27
2023-24,2081,Pleasant Hill SD 1,100,General Fund,1500,Earnings on Investments,647143.46
2023-24,2081,Pleasant Hill SD 1,100,General Fund,1700,Extra-Curricular Activities,80850.95
2023-24,2081,Pleasant Hill SD 1,100,General Fund,1910,Rentals,8443.34
2023-24,2081,Pleasant Hill SD 1,100,General Fund,1990,Miscellaneous,84436.79
2023-24,2081,Pleasant Hill SD 1,100,General Fund,2101,County School Funds,68063
2023-24,2081,Pleasant Hill SD 1,100,General Fund,2200,Restricted Revenue,7485.25
2023-24,2081,Pleasant Hill SD 1,250,Non-Federal Sources,3299,Other Restricted Grants-In-Aid,119441.02
2023-24,2081,Pleasant Hill SD 1,250,Non-Federal Sources,5400,Resources - Beginning Fund Balance,2257607.45
2023-24,2081,Pleasant Hill SD 1,250,Non-Federal Sources,5200,Interfund Transfers,990000
2023-24,2081,Pleasant Hill SD 1,100,General Fund,1110,Ad valorem taxes levied by district,3604989.84
2023-24,2081,Pleasant Hill SD 1,100,General Fund,1190,Penalties and interest on taxes,15847.53
2023-24,2081,Pleasant Hill SD 1,100,General Fund,1411,Transportation fees from Individuals,13754.52
2023-24,2082,Eugene SD 4J,100,General Fund,1110,Ad valorem taxes levied by district,84882035.17
2023-24,2082,Eugene SD 4J,100,General Fund,1120,Local option ad valorem taxes levied by district,25174227.92
2023-24,2082,Eugene SD 4J,100,General Fund,1190,Penalties and interest on taxes,29425.58
2023-24,2082,Eugene SD 4J,100,General Fund,1200,Revenue From Local Governmental Units Other Than Districts,23544.4
2023-24,2082,Eugene SD 4J,100,General Fund,1311,Tuition from Individuals,854
2023-24,2082,Eugene SD 4J,100,General Fund,1411,Transportation fees from Individuals,9543.16
2023-24,2082,Eugene SD 4J,299,Child Nutrition,5400,Resources - Beginning Fund Balance,796499
2023-24,2082,Eugene SD 4J,250,Non-Federal Sources,5400,Resources - Beginning Fund Balance,46050
2023-24,2082,Eugene SD 4J,300,Debt Service Funds,5400,Resources - Beginning Fund Balance,4491903
2023-24,2082,Eugene SD 4J,400,Capital Projects Funds,5400,Resources - Beginning Fund Balance,133878559
2023-24,2082,Eugene SD 4J,600,Internal Service Funds,5400,Resources - Beginning Fund Balance,16241272
2023-24,2082,Eugene SD 4J,700,Trust and Agency Funds,5400,Resources - Beginning Fund Balance,272157
2023-24,2082,Eugene SD 4J,299,Child Nutrition,4900,Revenue for/on Behalf of the District,466340
2023-24,2082,Eugene SD 4J,600,Internal Service Funds,3900,Revenue for/on Behalf of the District,73449.4
2023-24,2082,Eugene SD 4J,600,Internal Service Funds,5200,Interfund Transfers,438652.67
2023-24,2082,Eugene SD 4J,700,Trust and Agency Funds,1920,Contributions and Donations From Private Sources,40011.67
2023-24,2082,Eugene SD 4J,100,General Fund,5400,Resources - Beginning Fund Balance,75217020
2023-24,2082,Eugene SD 4J,200,Special Revenue Funds,5400,Resources - Beginning Fund Balance,10212988
2023-24,2082,Eugene SD 4J,201,Federal Sources,5400,Resources - Beginning Fund Balance,1549410
2023-24,2082,Eugene SD 4J,400,Capital Projects Funds,1990,Miscellaneous,356882.99
2023-24,2082,Eugene SD 4J,400,Capital Projects Funds,4900,Revenue for/on Behalf of the District,9805.15
2023-24,2082,Eugene SD 4J,400,Capital Projects Funds,5200,Interfund Transfers,5000000
2023-24,2082,Eugene SD 4J,400,Capital Projects Funds,5300,Sale of or Compensation for Loss of Fixed Assets,105207.01
2023-24,2082,Eugene SD 4J,600,Internal Service Funds,1500,Earnings on Investments,344609
2023-24,2082,Eugene SD 4J,600,Internal Service Funds,1990,Miscellaneous,41370591.76
2023-24,2082,Eugene SD 4J,300,Debt Service Funds,1190,Penalties and interest on taxes,25563
2023-24,2082,Eugene SD 4J,300,Debt Service Funds,1500,Earnings on Investments,1072818.19
2023-24,2082,Eugene SD 4J,300,Debt Service Funds,1990,Miscellaneous,6850511.39
2023-24,2082,Eugene SD 4J,300,Debt Service Funds,4300,Restricted Revenue Direct From the Federal Government,1001105.98
2023-24,2082,Eugene SD 4J,400,Capital Projects Funds,1500,Earnings on Investments,5283403.27
2023-24,2082,Eugene SD 4J,400,Capital Projects Funds,1910,Rentals,514369.68
2023-24,2082,Eugene SD 4J,299,Child Nutrition,1990,Miscellaneous,24634.7
2023-24,2082,Eugene SD 4J,299,Child Nutrition,3102,State School Fund--School Lunch Match,60384.75
2023-24,2082,Eugene SD 4J,299,Child Nutrition,3299,Other Restricted Grants-In-Aid,1364850.9
2023-24,2082,Eugene SD 4J,299,Child Nutrition,4500,Restricted Revenue From Federal Government Through the State,4755355.64
2023-24,2082,Eugene SD 4J,299,Child Nutrition,5200,Interfund Transfers,2334999.98
2023-24,2082,Eugene SD 4J,300,Debt Service Funds,1110,Ad valorem taxes levied by district,40337277
2023-24,2082,Eugene SD 4J,250,Non-Federal Sources,2199,Other Intermediate Sources,14073
2023-24,2082,Eugene SD 4J,250,Non-Federal Sources,3299,Other Restricted Grants-In-Aid,2157405.87
2023-24,2082,Eugene SD 4J,250,Non-Federal Sources,3900,Revenue for/on Behalf of the District,262390.3
2023-24,2082,Eugene SD 4J,251,Student Investment Account,3299,Other Restricted Grants-In-Aid,15809311.56
2023-24,2082,Eugene SD 4J,252,Measure 98 - High School Success,3299,Other Restricted Grants-In-Aid,4881597.75
2023-24,2082,Eugene SD 4J,299,Child Nutrition,1600,Food Service,202265.31
2023-24,2082,Eugene SD 4J,201,Federal Sources,4500,Restricted Revenue From Federal Government Through the State,28147714.15
2023-24,2082,Eugene SD 4J,250,Non-Federal Sources,1312,Tuition from Other Districts within the State,209208.5
2023-24,2082,Eugene SD 4J,250,Non-Federal Sources,1700,Extra-Curricular Activities,13855.16
2023-24,2082,Eugene SD 4J,250,Non-Federal Sources,1910,Rentals,28209.97
2023-24,2082,Eugene SD 4J,250,Non-Federal Sources,1920,Contributions and Donations From Private Sources,717014.5
2023-24,2082,Eugene SD 4J,250,Non-Federal Sources,1990,Miscellaneous,1775403.37
2023-24,2082,Eugene SD 4J,100,General Fund,2102,General Education Service District Funds,1489824
2023-24,2082,Eugene SD 4J,200,Special Revenue Funds,1700,Extra-Curricular Activities,2824547.79
2023-24,2082,Eugene SD 4J,200,Special Revenue Funds,3199,Other Unrestricted Grants-In-Aid,26943
2023-24,2082,Eugene SD 4J,200,Special Revenue Funds,5100,Long Term Debt Financing Sources,599254
2023-24,2082,Eugene SD 4J,200,Special Revenue Funds,5200,Interfund Transfers,1000000
2023-24,2082,Eugene SD 4J,201,Federal Sources,4300,Restricted Revenue Direct From the Federal Government,140972.78
2023-24,2082,Eugene SD 4J,100,General Fund,2199,Other Intermediate Sources,91797.19
2023-24,2082,Eugene SD 4J,100,General Fund,3101,State School Fund --General Support,110937464.5
2023-24,2082,Eugene SD 4J,100,General Fund,3103,Common School Fund,2467436.91
2023-24,2082,Eugene SD 4J,100,General Fund,3199,Other Unrestricted Grants-In-Aid,3912925.54
2023-24,2082,Eugene SD 4J,100,General Fund,3900,Revenue for/on Behalf of the District,37734.64
2023-24,2082,Eugene SD 4J,100,General Fund,5100,Long Term Debt Financing Sources,474536.39
2023-24,2082,Eugene SD 4J,100,General Fund,1500,Earnings on Investments,6451196.28
2023-24,2082,Eugene SD 4J,100,General Fund,1700,Extra-Curricular Activities,15074.8
2023-24,2082,Eugene SD 4J,100,General Fund,1920,Contributions and Donations From Private Sources,306.07
2023-24,2082,Eugene SD 4J,100,General Fund,1980,Fees Charged to Grants,881806.24
2023-24,2082,Eugene SD 4J,100,General Fund,1990,Miscellaneous,724862.68
2023-24,2082,Eugene SD 4J,100,General Fund,2101,County School Funds,1119936.16
2023-24,2083,Springfield SD 19,201,Federal Sources,4700,Grants-In-Aid From Federal Government Through Other Intermed,114321.07
2023-24,2083,Springfield SD 19,250,Non-Federal Sources,1200,Revenue From Local Governmental Units Other Than Districts,200635.2
2023-24,2083,Springfield SD 19,250,Non-Federal Sources,1500,Earnings on Investments,285825.36
2023-24,2083,Springfield SD 19,250,Non-Federal Sources,1700,Extra-Curricular Activities,1322923.41
2023-24,2083,Springfield SD 19,250,Non-Federal Sources,1800,Community Services Activities,61639.94
2023-24,2083,Springfield SD 19,250,Non-Federal Sources,1910,Rentals,78407
2023-24,2083,Springfield SD 19,100,General Fund,4801,Federal Forest Fees,393725.25
2023-24,2083,Springfield SD 19,100,General Fund,5100,Long Term Debt Financing Sources,757886.55
2023-24,2083,Springfield SD 19,100,General Fund,5400,Resources - Beginning Fund Balance,19759871.1
2023-24,2083,Springfield SD 19,201,Federal Sources,4300,Restricted Revenue Direct From the Federal Government,339823.75
2023-24,2083,Springfield SD 19,201,Federal Sources,4500,Restricted Revenue From Federal Government Through the State,24198135.4
2023-24,2083,Springfield SD 19,100,General Fund,2101,County School Funds,256886.46
2023-24,2083,Springfield SD 19,100,General Fund,2199,Other Intermediate Sources,23994.49
2023-24,2083,Springfield SD 19,100,General Fund,3101,State School Fund --General Support,87079544.57
2023-24,2083,Springfield SD 19,100,General Fund,3103,Common School Fund,1445253.45
2023-24,2083,Springfield SD 19,100,General Fund,3299,Other Restricted Grants-In-Aid,224.45
2023-24,2083,Springfield SD 19,100,General Fund,4500,Restricted Revenue From Federal Government Through the State,233.19
2023-24,2083,Springfield SD 19,100,General Fund,1312,Tuition from Other Districts within the State,11754.18
2023-24,2083,Springfield SD 19,100,General Fund,1411,Transportation fees from Individuals,36890.02
2023-24,2083,Springfield SD 19,100,General Fund,1500,Earnings on Investments,2312917.69
2023-24,2083,Springfield SD 19,100,General Fund,1920,Contributions and Donations From Private Sources,1.86
2023-24,2083,Springfield SD 19,100,General Fund,1960,Recovery of Prior Years' Expenditure,1176.02
2023-24,2083,Springfield SD 19,100,General Fund,1990,Miscellaneous,223146.37
2023-24,2083,Springfield SD 19,600,Internal Service Funds,5300,Sale of or Compensation for Loss of Fixed Assets,50
2023-24,2083,Springfield SD 19,600,Internal Service Funds,5400,Resources - Beginning Fund Balance,779349.66
2023-24,2083,Springfield SD 19,700,Trust and Agency Funds,1500,Earnings on Investments,32564.42
2023-24,2083,Springfield SD 19,700,Trust and Agency Funds,1970,Services Provided Other Funds,100000
2023-24,2083,Springfield SD 19,700,Trust and Agency Funds,5400,Resources - Beginning Fund Balance,872774.74
2023-24,2083,Springfield SD 19,100,General Fund,1110,Ad valorem taxes levied by district,31749894.78
2023-24,2083,Springfield SD 19,400,Capital Projects Funds,5100,Long Term Debt Financing Sources,3500000
2023-24,2083,Springfield SD 19,400,Capital Projects Funds,5400,Resources - Beginning Fund Balance,429327.7
2023-24,2083,Springfield SD 19,600,Internal Service Funds,1500,Earnings on Investments,45932.53
2023-24,2083,Springfield SD 19,600,Internal Service Funds,1960,Recovery of Prior Years' Expenditure,327.63
2023-24,2083,Springfield SD 19,600,Internal Service Funds,1970,Services Provided Other Funds,22300122.25
2023-24,2083,Springfield SD 19,600,Internal Service Funds,1990,Miscellaneous,1278062.83
2023-24,2083,Springfield SD 19,300,Debt Service Funds,5200,Interfund Transfers,431896
2023-24,2083,Springfield SD 19,300,Debt Service Funds,5400,Resources - Beginning Fund Balance,667005.46
2023-24,2083,Springfield SD 19,400,Capital Projects Funds,1500,Earnings on Investments,51569.35
2023-24,2083,Springfield SD 19,400,Capital Projects Funds,1910,Rentals,97333.73
2023-24,2083,Springfield SD 19,400,Capital Projects Funds,1920,Contributions and Donations From Private Sources,5105.89
2023-24,2083,Springfield SD 19,400,Capital Projects Funds,1990,Miscellaneous,1000
2023-24,2083,Springfield SD 19,299,Child Nutrition,4900,Revenue for/on Behalf of the District,289005.76
2023-24,2083,Springfield SD 19,299,Child Nutrition,5300,Sale of or Compensation for Loss of Fixed Assets,9000
2023-24,2083,Springfield SD 19,299,Child Nutrition,5400,Resources - Beginning Fund Balance,1898032.36
2023-24,2083,Springfield SD 19,300,Debt Service Funds,1110,Ad valorem taxes levied by district,7466291.25
2023-24,2083,Springfield SD 19,300,Debt Service Funds,1500,Earnings on Investments,439170.69
2023-24,2083,Springfield SD 19,300,Debt Service Funds,1970,Services Provided Other Funds,12280585.35
2023-24,2083,Springfield SD 19,252,Measure 98 - High School Success,3299,Other Restricted Grants-In-Aid,3474210.22
2023-24,2083,Springfield SD 19,299,Child Nutrition,1600,Food Service,6506.69
2023-24,2083,Springfield SD 19,299,Child Nutrition,1990,Miscellaneous,10186.42
2023-24,2083,Springfield SD 19,299,Child Nutrition,3102,State School Fund--School Lunch Match,43381.48
2023-24,2083,Springfield SD 19,299,Child Nutrition,3299,Other Restricted Grants-In-Aid,868856.9
2023-24,2083,Springfield SD 19,299,Child Nutrition,4500,Restricted Revenue From Federal Government Through the State,3775296.92
2023-24,2083,Springfield SD 19,250,Non-Federal Sources,5100,Long Term Debt Financing Sources,749493.5
2023-24,2083,Springfield SD 19,250,Non-Federal Sources,5200,Interfund Transfers,3800000
2023-24,2083,Springfield SD 19,250,Non-Federal Sources,5300,Sale of or Compensation for Loss of Fixed Assets,28151
2023-24,2083,Springfield SD 19,250,Non-Federal Sources,5400,Resources - Beginning Fund Balance,11568329.16
2023-24,2083,Springfield SD 19,251,Student Investment Account,3299,Other Restricted Grants-In-Aid,9196588.94
2023-24,2083,Springfield SD 19,252,Measure 98 - High School Success,1960,Recovery of Prior Years' Expenditure,66
2023-24,2083,Springfield SD 19,250,Non-Federal Sources,1920,Contributions and Donations From Private Sources,179498.46
2023-24,2083,Springfield SD 19,250,Non-Federal Sources,1960,Recovery of Prior Years' Expenditure,45268.55
2023-24,2083,Springfield SD 19,250,Non-Federal Sources,1980,Fees Charged to Grants,998004.68
2023-24,2083,Springfield SD 19,250,Non-Federal Sources,1990,Miscellaneous,958722.77
2023-24,2083,Springfield SD 19,250,Non-Federal Sources,3222,State School Fund (SSF) Transportation Equipment,545126.49
2023-24,2083,Springfield SD 19,250,Non-Federal Sources,3299,Other Restricted Grants-In-Aid,2774248.2
2023-24,2084,Fern Ridge SD 28J,100,General Fund,1110,Ad valorem taxes levied by district,5366990.06
2023-24,2084,Fern Ridge SD 28J,100,General Fund,1190,Penalties and interest on taxes,14418.89
2023-24,2084,Fern Ridge SD 28J,100,General Fund,1412,Transportation fees from Other Districts within the State,1720.32
2023-24,2084,Fern Ridge SD 28J,100,General Fund,1500,Earnings on Investments,488269.4
2023-24,2084,Fern Ridge SD 28J,100,General Fund,1700,Extra-Curricular Activities,3848.06
2023-24,2084,Fern Ridge SD 28J,100,General Fund,1910,Rentals,710.5
2023-24,2084,Fern Ridge SD 28J,300,Debt Service Funds,1970,Services Provided Other Funds,809831.56
2023-24,2084,Fern Ridge SD 28J,300,Debt Service Funds,1990,Miscellaneous,-8158
2023-24,2084,Fern Ridge SD 28J,300,Debt Service Funds,5400,Resources - Beginning Fund Balance,173338.3
2023-24,2084,Fern Ridge SD 28J,299,Child Nutrition,4500,Restricted Revenue From Federal Government Through the State,442684.15
2023-24,2084,Fern Ridge SD 28J,299,Child Nutrition,5200,Interfund Transfers,15831.38
2023-24,2084,Fern Ridge SD 28J,299,Child Nutrition,5400,Resources - Beginning Fund Balance,536639.14
2023-24,2084,Fern Ridge SD 28J,300,Debt Service Funds,1110,Ad valorem taxes levied by district,2505638.93
2023-24,2084,Fern Ridge SD 28J,300,Debt Service Funds,1190,Penalties and interest on taxes,6253.03
2023-24,2084,Fern Ridge SD 28J,300,Debt Service Funds,1500,Earnings on Investments,61983.49
2023-24,2084,Fern Ridge SD 28J,250,Non-Federal Sources,3101,State School Fund --General Support,800857.46
2023-24,2084,Fern Ridge SD 28J,250,Non-Federal Sources,3299,Other Restricted Grants-In-Aid,1727068
2023-24,2084,Fern Ridge SD 28J,250,Non-Federal Sources,5200,Interfund Transfers,2142945
2023-24,2084,Fern Ridge SD 28J,250,Non-Federal Sources,5400,Resources - Beginning Fund Balance,5284473
2023-24,2084,Fern Ridge SD 28J,299,Child Nutrition,1600,Food Service,143278.9
2023-24,2084,Fern Ridge SD 28J,299,Child Nutrition,3299,Other Restricted Grants-In-Aid,4072.5
2023-24,2084,Fern Ridge SD 28J,250,Non-Federal Sources,1500,Earnings on Investments,222311.1
2023-24,2084,Fern Ridge SD 28J,250,Non-Federal Sources,1700,Extra-Curricular Activities,292787
2023-24,2084,Fern Ridge SD 28J,250,Non-Federal Sources,1920,Contributions and Donations From Private Sources,86207.68
2023-24,2084,Fern Ridge SD 28J,250,Non-Federal Sources,1940,Services Provided Other Local Education Agencies,1513.5
2023-24,2084,Fern Ridge SD 28J,250,Non-Federal Sources,1960,Recovery of Prior Years' Expenditure,-111.57
2023-24,2084,Fern Ridge SD 28J,250,Non-Federal Sources,1990,Miscellaneous,16383.09
2023-24,2084,Fern Ridge SD 28J,100,General Fund,4801,Federal Forest Fees,58624.96
2023-24,2084,Fern Ridge SD 28J,100,General Fund,5400,Resources - Beginning Fund Balance,5752141.43
2023-24,2084,Fern Ridge SD 28J,201,Federal Sources,4500,Restricted Revenue From Federal Government Through the State,2547826
2023-24,2084,Fern Ridge SD 28J,201,Federal Sources,4700,Grants-In-Aid From Federal Government Through Other Intermed,60263.4
2023-24,2084,Fern Ridge SD 28J,250,Non-Federal Sources,1130,Construction Excise Tax,165767.94
2023-24,2084,Fern Ridge SD 28J,250,Non-Federal Sources,1411,Transportation fees from Individuals,586.99
2023-24,2084,Fern Ridge SD 28J,100,General Fund,2101,County School Funds,38249.92
2023-24,2084,Fern Ridge SD 28J,100,General Fund,2102,General Education Service District Funds,191433
2023-24,2084,Fern Ridge SD 28J,100,General Fund,2199,Other Intermediate Sources,6644.49
2023-24,2084,Fern Ridge SD 28J,100,General Fund,3101,State School Fund --General Support,10857186.62
2023-24,2084,Fern Ridge SD 28J,100,General Fund,3103,Common School Fund,218210.94
2023-24,2084,Fern Ridge SD 28J,100,General Fund,3104,State Managed County Timber,673511.82
2023-24,2084,Fern Ridge SD 28J,100,General Fund,1920,Contributions and Donations From Private Sources,360
2023-24,2084,Fern Ridge SD 28J,100,General Fund,1930,Rental or Lease Payments from Private Contractors,17234.92
2023-24,2084,Fern Ridge SD 28J,100,General Fund,1940,Services Provided Other Local Education Agencies,5428.81
2023-24,2084,Fern Ridge SD 28J,100,General Fund,1960,Recovery of Prior Years' Expenditure,6671
2023-24,2084,Fern Ridge SD 28J,100,General Fund,1980,Fees Charged to Grants,144130.31
2023-24,2084,Fern Ridge SD 28J,100,General Fund,1990,Miscellaneous,68025.89
2023-24,2085,Mapleton SD 32,100,General Fund,1110,Ad valorem taxes levied by district,797491.42
2023-24,2085,Mapleton SD 32,100,General Fund,1190,Penalties and interest on taxes,1881.23
2023-24,2085,Mapleton SD 32,100,General Fund,1500,Earnings on Investments,152995.06
2023-24,2085,Mapleton SD 32,100,General Fund,1700,Extra-Curricular Activities,3074.32
2023-24,2085,Mapleton SD 32,100,General Fund,1910,Rentals,5245.08
2023-24,2085,Mapleton SD 32,100,General Fund,1920,Contributions and Donations From Private Sources,14133.77
2023-24,2085,Mapleton SD 32,299,Child Nutrition,5400,Resources - Beginning Fund Balance,6618
2023-24,2085,Mapleton SD 32,300,Debt Service Funds,5400,Resources - Beginning Fund Balance,33614
2023-24,2085,Mapleton SD 32,299,Child Nutrition,3102,State School Fund--School Lunch Match,744.78
2023-24,2085,Mapleton SD 32,299,Child Nutrition,3299,Other Restricted Grants-In-Aid,4795.74
2023-24,2085,Mapleton SD 32,299,Child Nutrition,4500,Restricted Revenue From Federal Government Through the State,89052.35
2023-24,2085,Mapleton SD 32,299,Child Nutrition,4900,Revenue for/on Behalf of the District,5349.71
2023-24,2085,Mapleton SD 32,300,Debt Service Funds,1110,Ad valorem taxes levied by district,217849.31
2023-24,2085,Mapleton SD 32,300,Debt Service Funds,1190,Penalties and interest on taxes,453.75
2023-24,2085,Mapleton SD 32,250,Non-Federal Sources,3222,State School Fund (SSF) Transportation Equipment,63663
2023-24,2085,Mapleton SD 32,250,Non-Federal Sources,5200,Interfund Transfers,150000
2023-24,2085,Mapleton SD 32,250,Non-Federal Sources,1920,Contributions and Donations From Private Sources,167456.01
2023-24,2085,Mapleton SD 32,250,Non-Federal Sources,2200,Restricted Revenue,12885.24
2023-24,2085,Mapleton SD 32,250,Non-Federal Sources,1990,Miscellaneous,36699.3
2023-24,2085,Mapleton SD 32,299,Child Nutrition,1600,Food Service,527.02
2023-24,2085,Mapleton SD 32,201,Federal Sources,4500,Restricted Revenue From Federal Government Through the State,267782.34
2023-24,2085,Mapleton SD 32,251,Student Investment Account,3299,Other Restricted Grants-In-Aid,235021.26
2023-24,2085,Mapleton SD 32,252,Measure 98 - High School Success,3299,Other Restricted Grants-In-Aid,57777.92
2023-24,2085,Mapleton SD 32,250,Non-Federal Sources,3299,Other Restricted Grants-In-Aid,279163.18
2023-24,2085,Mapleton SD 32,250,Non-Federal Sources,4500,Restricted Revenue From Federal Government Through the State,143294.01
2023-24,2085,Mapleton SD 32,250,Non-Federal Sources,5400,Resources - Beginning Fund Balance,933087
2023-24,2085,Mapleton SD 32,100,General Fund,3101,State School Fund --General Support,2475990.8
2023-24,2085,Mapleton SD 32,100,General Fund,3103,Common School Fund,22461.74
2023-24,2085,Mapleton SD 32,100,General Fund,3104,State Managed County Timber,607.25
2023-24,2085,Mapleton SD 32,100,General Fund,3199,Other Unrestricted Grants-In-Aid,7323.06
2023-24,2085,Mapleton SD 32,100,General Fund,5300,Sale of or Compensation for Loss of Fixed Assets,-0.22
2023-24,2085,Mapleton SD 32,100,General Fund,5400,Resources - Beginning Fund Balance,2317382
2023-24,2085,Mapleton SD 32,100,General Fund,1960,Recovery of Prior Years' Expenditure,60904.22
2023-24,2085,Mapleton SD 32,100,General Fund,1970,Services Provided Other Funds,15537.31
2023-24,2085,Mapleton SD 32,100,General Fund,1990,Miscellaneous,30852
2023-24,2085,Mapleton SD 32,100,General Fund,2101,County School Funds,9971.68
2023-24,2085,Mapleton SD 32,100,General Fund,2102,General Education Service District Funds,43256
2023-24,2085,Mapleton SD 32,100,General Fund,2199,Other Intermediate Sources,856.36
2023-24,2086,Creswell SD 40,100,General Fund,1110,Ad valorem taxes levied by district,3941555.88
2023-24,2086,Creswell SD 40,100,General Fund,1500,Earnings on Investments,140451.34
2023-24,2086,Creswell SD 40,100,General Fund,1910,Rentals,29693.24
2023-24,2086,Creswell SD 40,100,General Fund,1920,Contributions and Donations From Private Sources,256.27
2023-24,2086,Creswell SD 40,100,General Fund,1990,Miscellaneous,282167.65
2023-24,2086,Creswell SD 40,100,General Fund,2101,County School Funds,30308.91
2023-24,2086,Creswell SD 40,300,Debt Service Funds,5400,Resources - Beginning Fund Balance,246768.11
2023-24,2086,Creswell SD 40,400,Capital Projects Funds,1500,Earnings on Investments,633757
2023-24,2086,Creswell SD 40,400,Capital Projects Funds,5100,Long Term Debt Financing Sources,18206790
2023-24,2086,Creswell SD 40,299,Child Nutrition,4500,Restricted Revenue From Federal Government Through the State,446952.12
2023-24,2086,Creswell SD 40,299,Child Nutrition,4900,Revenue for/on Behalf of the District,39383.2
2023-24,2086,Creswell SD 40,299,Child Nutrition,5400,Resources - Beginning Fund Balance,67031.89
2023-24,2086,Creswell SD 40,300,Debt Service Funds,1110,Ad valorem taxes levied by district,1677926.65
2023-24,2086,Creswell SD 40,300,Debt Service Funds,1500,Earnings on Investments,54516.75
2023-24,2086,Creswell SD 40,300,Debt Service Funds,1970,Services Provided Other Funds,468969.82
2023-24,2086,Creswell SD 40,251,Student Investment Account,5400,Resources - Beginning Fund Balance,44435.58
2023-24,2086,Creswell SD 40,252,Measure 98 - High School Success,3299,Other Restricted Grants-In-Aid,309140.74
2023-24,2086,Creswell SD 40,299,Child Nutrition,1600,Food Service,101066.16
2023-24,2086,Creswell SD 40,299,Child Nutrition,1990,Miscellaneous,5301.18
2023-24,2086,Creswell SD 40,299,Child Nutrition,3102,State School Fund--School Lunch Match,5165.37
2023-24,2086,Creswell SD 40,299,Child Nutrition,3299,Other Restricted Grants-In-Aid,86631.95
2023-24,2086,Creswell SD 40,250,Non-Federal Sources,1990,Miscellaneous,79441.52
2023-24,2086,Creswell SD 40,250,Non-Federal Sources,3299,Other Restricted Grants-In-Aid,3234572.51
2023-24,2086,Creswell SD 40,250,Non-Federal Sources,4500,Restricted Revenue From Federal Government Through the State,8860.73
2023-24,2086,Creswell SD 40,250,Non-Federal Sources,5200,Interfund Transfers,639999.93
2023-24,2086,Creswell SD 40,250,Non-Federal Sources,5400,Resources - Beginning Fund Balance,1130906.92
2023-24,2086,Creswell SD 40,251,Student Investment Account,3299,Other Restricted Grants-In-Aid,1087557.46
2023-24,2086,Creswell SD 40,201,Federal Sources,4500,Restricted Revenue From Federal Government Through the State,2587812.52
2023-24,2086,Creswell SD 40,201,Federal Sources,5400,Resources - Beginning Fund Balance,7219.2
2023-24,2086,Creswell SD 40,250,Non-Federal Sources,1130,Construction Excise Tax,29139.98
2023-24,2086,Creswell SD 40,250,Non-Federal Sources,1500,Earnings on Investments,29234.16
2023-24,2086,Creswell SD 40,250,Non-Federal Sources,1700,Extra-Curricular Activities,242893.19
2023-24,2086,Creswell SD 40,250,Non-Federal Sources,1920,Contributions and Donations From Private Sources,151780.73
2023-24,2086,Creswell SD 40,100,General Fund,2800,Revenue in Lieu of Taxes,6100.47
2023-24,2086,Creswell SD 40,100,General Fund,3101,State School Fund --General Support,10161543.1
2023-24,2086,Creswell SD 40,100,General Fund,3103,Common School Fund,168949.66
2023-24,2086,Creswell SD 40,100,General Fund,3199,Other Unrestricted Grants-In-Aid,662879.47
2023-24,2086,Creswell SD 40,100,General Fund,4801,Federal Forest Fees,46453.92
2023-24,2086,Creswell SD 40,100,General Fund,5400,Resources - Beginning Fund Balance,3163882.36
2023-24,2087,South Lane SD 45J3,100,General Fund,1500,Earnings on Investments,193323
2023-24,2087,South Lane SD 45J3,250,Non-Federal Sources,1500,Earnings on Investments,4019
2023-24,2087,South Lane SD 45J3,250,Non-Federal Sources,1800,Community Services Activities,345
2023-24,2087,South Lane SD 45J3,100,General Fund,1190,Penalties and interest on taxes,40479
2023-24,2087,South Lane SD 45J3,100,General Fund,1411,Transportation fees from Individuals,100
2023-24,2087,South Lane SD 45J3,100,General Fund,1412,Transportation fees from Other Districts within the State,4230
2023-24,2087,South Lane SD 45J3,300,Debt Service Funds,5400,Resources - Beginning Fund Balance,1711003
2023-24,2087,South Lane SD 45J3,100,General Fund,1110,Ad valorem taxes levied by district,8612026
2023-24,2087,South Lane SD 45J3,300,Debt Service Funds,1110,Ad valorem taxes levied by district,3233622
2023-24,2087,South Lane SD 45J3,250,Non-Federal Sources,5400,Resources - Beginning Fund Balance,2201605
2023-24,2087,South Lane SD 45J3,100,General Fund,1990,Miscellaneous,104520
2023-24,2087,South Lane SD 45J3,100,General Fund,5400,Resources - Beginning Fund Balance,2776991
2023-24,2087,South Lane SD 45J3,201,Federal Sources,4500,Restricted Revenue From Federal Government Through the State,3671543
2023-24,2087,South Lane SD 45J3,201,Federal Sources,5400,Resources - Beginning Fund Balance,587576
2023-24,2087,South Lane SD 45J3,250,Non-Federal Sources,1990,Miscellaneous,356139
2023-24,2087,South Lane SD 45J3,250,Non-Federal Sources,3299,Other Restricted Grants-In-Aid,2290615
2023-24,2087,South Lane SD 45J3,300,Debt Service Funds,1500,Earnings on Investments,128824
2023-24,2087,South Lane SD 45J3,400,Capital Projects Funds,1500,Earnings on Investments,9447
2023-24,2087,South Lane SD 45J3,500,Enterprise Funds,1700,Extra-Curricular Activities,137796
2023-24,2087,South Lane SD 45J3,700,Trust and Agency Funds,1500,Earnings on Investments,11751
2023-24,2087,South Lane SD 45J3,250,Non-Federal Sources,5100,Long Term Debt Financing Sources,372618
2023-24,2087,South Lane SD 45J3,300,Debt Service Funds,1990,Miscellaneous,-94839
2023-24,2087,South Lane SD 45J3,400,Capital Projects Funds,5400,Resources - Beginning Fund Balance,346125
2023-24,2087,South Lane SD 45J3,500,Enterprise Funds,1920,Contributions and Donations From Private Sources,91654
2023-24,2087,South Lane SD 45J3,500,Enterprise Funds,5200,Interfund Transfers,70000
2023-24,2087,South Lane SD 45J3,500,Enterprise Funds,5400,Resources - Beginning Fund Balance,443498
2023-24,2087,South Lane SD 45J3,700,Trust and Agency Funds,1920,Contributions and Donations From Private Sources,2500
2023-24,2087,South Lane SD 45J3,250,Non-Federal Sources,1700,Extra-Curricular Activities,26270
2023-24,2087,South Lane SD 45J3,300,Debt Service Funds,1970,Services Provided Other Funds,3770368
2023-24,2087,South Lane SD 45J3,300,Debt Service Funds,5200,Interfund Transfers,260000
2023-24,2087,South Lane SD 45J3,400,Capital Projects Funds,1130,Construction Excise Tax,92842
2023-24,2087,South Lane SD 45J3,400,Capital Projects Funds,1910,Rentals,5372
2023-24,2087,South Lane SD 45J3,400,Capital Projects Funds,1990,Miscellaneous,100520
2023-24,2087,South Lane SD 45J3,400,Capital Projects Funds,5200,Interfund Transfers,310000
2023-24,2087,South Lane SD 45J3,299,Child Nutrition,1990,Miscellaneous,3293
2023-24,2087,South Lane SD 45J3,299,Child Nutrition,3299,Other Restricted Grants-In-Aid,37306
2023-24,2087,South Lane SD 45J3,299,Child Nutrition,4500,Restricted Revenue From Federal Government Through the State,2053049
2023-24,2087,South Lane SD 45J3,299,Child Nutrition,4900,Revenue for/on Behalf of the District,-83710
2023-24,2087,South Lane SD 45J3,299,Child Nutrition,5200,Interfund Transfers,13990
2023-24,2087,South Lane SD 45J3,299,Child Nutrition,5400,Resources - Beginning Fund Balance,363442
2023-24,2087,South Lane SD 45J3,251,Student Investment Account,3299,Other Restricted Grants-In-Aid,2783248
2023-24,2087,South Lane SD 45J3,251,Student Investment Account,5400,Resources - Beginning Fund Balance,454346
2023-24,2087,South Lane SD 45J3,252,Measure 98 - High School Success,3299,Other Restricted Grants-In-Aid,934030
2023-24,2087,South Lane SD 45J3,252,Measure 98 - High School Success,5400,Resources - Beginning Fund Balance,112204
2023-24,2087,South Lane SD 45J3,299,Child Nutrition,1600,Food Service,30518
2023-24,2087,South Lane SD 45J3,299,Child Nutrition,1970,Services Provided Other Funds,25625
2023-24,2087,South Lane SD 45J3,201,Federal Sources,3299,Other Restricted Grants-In-Aid,106421
2023-24,2087,South Lane SD 45J3,250,Non-Federal Sources,1920,Contributions and Donations From Private Sources,763070
2023-24,2087,South Lane SD 45J3,250,Non-Federal Sources,1960,Recovery of Prior Years' Expenditure,602
2023-24,2087,South Lane SD 45J3,250,Non-Federal Sources,2200,Restricted Revenue,7467
2023-24,2087,South Lane SD 45J3,250,Non-Federal Sources,4700,Grants-In-Aid From Federal Government Through Other Intermed,5249
2023-24,2087,South Lane SD 45J3,250,Non-Federal Sources,5200,Interfund Transfers,1355000
2023-24,2087,South Lane SD 45J3,100,General Fund,3101,State School Fund --General Support,27357729
2023-24,2087,South Lane SD 45J3,100,General Fund,3103,Common School Fund,413856
2023-24,2087,South Lane SD 45J3,100,General Fund,3800,Revenue in Lieu of Taxes,6561
2023-24,2087,South Lane SD 45J3,100,General Fund,4801,Federal Forest Fees,111234
2023-24,2087,South Lane SD 45J3,201,Federal Sources,1920,Contributions and Donations From Private Sources,6410
2023-24,2087,South Lane SD 45J3,201,Federal Sources,1990,Miscellaneous,100
2023-24,2087,South Lane SD 45J3,100,General Fund,1420,Summer School Transportation,496
2023-24,2087,South Lane SD 45J3,100,General Fund,1920,Contributions and Donations From Private Sources,12154
2023-24,2087,South Lane SD 45J3,100,General Fund,1970,Services Provided Other Funds,4086
2023-24,2087,South Lane SD 45J3,100,General Fund,1980,Fees Charged to Grants,344712
2023-24,2087,South Lane SD 45J3,100,General Fund,2101,County School Funds,72575
2023-24,2087,South Lane SD 45J3,100,General Fund,2199,Other Intermediate Sources,3431
2023-24,2088,Bethel SD 52,600,Internal Service Funds,5400,Resources - Beginning Fund Balance,56869.59
2023-24,2088,Bethel SD 52,700,Trust and Agency Funds,5400,Resources - Beginning Fund Balance,869757.81
2023-24,2088,Bethel SD 52,250,Non-Federal Sources,5400,Resources - Beginning Fund Balance,2510686.21
2023-24,2088,Bethel SD 52,251,Student Investment Account,5400,Resources - Beginning Fund Balance,0
2023-24,2088,Bethel SD 52,252,Measure 98 - High School Success,5400,Resources - Beginning Fund Balance,0
2023-24,2088,Bethel SD 52,299,Child Nutrition,5400,Resources - Beginning Fund Balance,1082828.05
2023-24,2088,Bethel SD 52,300,Debt Service Funds,5400,Resources - Beginning Fund Balance,555273.94
2023-24,2088,Bethel SD 52,400,Capital Projects Funds,5400,Resources - Beginning Fund Balance,73580036.29
2023-24,2088,Bethel SD 52,700,Trust and Agency Funds,1800,Community Services Activities,416050.95
2023-24,2088,Bethel SD 52,700,Trust and Agency Funds,1920,Contributions and Donations From Private Sources,345328.2
2023-24,2088,Bethel SD 52,700,Trust and Agency Funds,1990,Miscellaneous,140288.81
2023-24,2088,Bethel SD 52,700,Trust and Agency Funds,5200,Interfund Transfers,262545.5
2023-24,2088,Bethel SD 52,100,General Fund,5400,Resources - Beginning Fund Balance,23072441.16
2023-24,2088,Bethel SD 52,201,Federal Sources,5400,Resources - Beginning Fund Balance,2089.61
2023-24,2088,Bethel SD 52,300,Debt Service Funds,2199,Other Intermediate Sources,5521.15
2023-24,2088,Bethel SD 52,400,Capital Projects Funds,1500,Earnings on Investments,2568674.43
2023-24,2088,Bethel SD 52,400,Capital Projects Funds,1960,Recovery of Prior Years' Expenditure,12416.5
2023-24,2088,Bethel SD 52,600,Internal Service Funds,1970,Services Provided Other Funds,15938.2
2023-24,2088,Bethel SD 52,600,Internal Service Funds,1990,Miscellaneous,22413.95
2023-24,2088,Bethel SD 52,700,Trust and Agency Funds,1500,Earnings on Investments,45919.8
2023-24,2088,Bethel SD 52,300,Debt Service Funds,1190,Penalties and interest on taxes,15043.39
2023-24,2088,Bethel SD 52,300,Debt Service Funds,1200,Revenue From Local Governmental Units Other Than Districts,2810.02
2023-24,2088,Bethel SD 52,300,Debt Service Funds,1500,Earnings on Investments,189287.84
2023-24,2088,Bethel SD 52,300,Debt Service Funds,1910,Rentals,932.92
2023-24,2088,Bethel SD 52,300,Debt Service Funds,1970,Services Provided Other Funds,3752778.9
2023-24,2088,Bethel SD 52,300,Debt Service Funds,1990,Miscellaneous,0.01
2023-24,2088,Bethel SD 52,299,Child Nutrition,3299,Other Restricted Grants-In-Aid,665681.05
2023-24,2088,Bethel SD 52,299,Child Nutrition,4500,Restricted Revenue From Federal Government Through the State,2154742.92
2023-24,2088,Bethel SD 52,299,Child Nutrition,4900,Revenue for/on Behalf of the District,184263.44
2023-24,2088,Bethel SD 52,299,Child Nutrition,5200,Interfund Transfers,9165.05
2023-24,2088,Bethel SD 52,299,Child Nutrition,5300,Sale of or Compensation for Loss of Fixed Assets,463.55
2023-24,2088,Bethel SD 52,300,Debt Service Funds,1110,Ad valorem taxes levied by district,6515136.51
2023-24,2088,Bethel SD 52,250,Non-Federal Sources,5300,Sale of or Compensation for Loss of Fixed Assets,781.3
2023-24,2088,Bethel SD 52,251,Student Investment Account,3299,Other Restricted Grants-In-Aid,4777499.89
2023-24,2088,Bethel SD 52,252,Measure 98 - High School Success,3299,Other Restricted Grants-In-Aid,1539907.13
2023-24,2088,Bethel SD 52,299,Child Nutrition,1600,Food Service,15364.65
2023-24,2088,Bethel SD 52,299,Child Nutrition,1990,Miscellaneous,16917.72
2023-24,2088,Bethel SD 52,299,Child Nutrition,3102,State School Fund--School Lunch Match,24204.49
2023-24,2088,Bethel SD 52,250,Non-Federal Sources,2200,Restricted Revenue,235952.12
2023-24,2088,Bethel SD 52,250,Non-Federal Sources,2800,Revenue in Lieu of Taxes,22181.52
2023-24,2088,Bethel SD 52,250,Non-Federal Sources,3222,State School Fund (SSF) Transportation Equipment,173776.68
2023-24,2088,Bethel SD 52,250,Non-Federal Sources,3299,Other Restricted Grants-In-Aid,913449.73
2023-24,2088,Bethel SD 52,250,Non-Federal Sources,4500,Restricted Revenue From Federal Government Through the State,1499.29
2023-24,2088,Bethel SD 52,250,Non-Federal Sources,5200,Interfund Transfers,446150.33
2023-24,2088,Bethel SD 52,250,Non-Federal Sources,1130,Construction Excise Tax,69218.19
2023-24,2088,Bethel SD 52,250,Non-Federal Sources,1200,Revenue From Local Governmental Units Other Than Districts,37721.78
2023-24,2088,Bethel SD 52,250,Non-Federal Sources,1500,Earnings on Investments,104487.97
2023-24,2088,Bethel SD 52,250,Non-Federal Sources,1700,Extra-Curricular Activities,839755.32
2023-24,2088,Bethel SD 52,250,Non-Federal Sources,1920,Contributions and Donations From Private Sources,443040.78
2023-24,2088,Bethel SD 52,250,Non-Federal Sources,1990,Miscellaneous,374059.3
2023-24,2088,Bethel SD 52,100,General Fund,4801,Federal Forest Fees,209133.06
2023-24,2088,Bethel SD 52,100,General Fund,5200,Interfund Transfers,50000
2023-24,2088,Bethel SD 52,201,Federal Sources,1990,Miscellaneous,9248.38
2023-24,2088,Bethel SD 52,201,Federal Sources,4300,Restricted Revenue Direct From the Federal Government,41451.49
2023-24,2088,Bethel SD 52,201,Federal Sources,4500,Restricted Revenue From Federal Government Through the State,7301668.89
2023-24,2088,Bethel SD 52,201,Federal Sources,4700,Grants-In-Aid From Federal Government Through Other Intermed,73442.21
2023-24,2088,Bethel SD 52,100,General Fund,1970,Services Provided Other Funds,353236.81
2023-24,2088,Bethel SD 52,100,General Fund,1990,Miscellaneous,252982.43
2023-24,2088,Bethel SD 52,100,General Fund,2101,County School Funds,136449.09
2023-24,2088,Bethel SD 52,100,General Fund,2102,General Education Service District Funds,1194136
2023-24,2088,Bethel SD 52,100,General Fund,2199,Other Intermediate Sources,16161.55
2023-24,2088,Bethel SD 52,100,General Fund,3101,State School Fund --General Support,43362842.53
2023-24,2088,Bethel SD 52,100,General Fund,1110,Ad valorem taxes levied by district,19069816.78
2023-24,2088,Bethel SD 52,100,General Fund,1190,Penalties and interest on taxes,47429.1
2023-24,2088,Bethel SD 52,100,General Fund,1200,Revenue From Local Governmental Units Other Than Districts,8225.49
2023-24,2088,Bethel SD 52,100,General Fund,1500,Earnings on Investments,1644176.58
2023-24,2088,Bethel SD 52,100,General Fund,1910,Rentals,119857.28
2023-24,2088,Bethel SD 52,100,General Fund,1960,Recovery of Prior Years' Expenditure,30125.8
2023-24,2088,Bethel SD 52,100,General Fund,3103,Common School Fund,778422.08
2023-24,2088,Bethel SD 52,100,General Fund,3199,Other Unrestricted Grants-In-Aid,389343.97
2023-24,2089,Crow-Applegate-Lorane SD 66,100,General Fund,1190,Penalties and interest on taxes,7946.7
2023-24,2089,Crow-Applegate-Lorane SD 66,100,General Fund,1311,Tuition from Individuals,25980
2023-24,2089,Crow-Applegate-Lorane SD 66,100,General Fund,1500,Earnings on Investments,102986.91
2023-24,2089,Crow-Applegate-Lorane SD 66,100,General Fund,1980,Fees Charged to Grants,16391.62
2023-24,2089,Crow-Applegate-Lorane SD 66,100,General Fund,1990,Miscellaneous,11239.37
2023-24,2089,Crow-Applegate-Lorane SD 66,100,General Fund,2101,County School Funds,19119.78
2023-24,2089,Crow-Applegate-Lorane SD 66,299,Child Nutrition,1600,Food Service,16170.97
2023-24,2089,Crow-Applegate-Lorane SD 66,299,Child Nutrition,4500,Restricted Revenue From Federal Government Through the State,139239.44
2023-24,2089,Crow-Applegate-Lorane SD 66,250,Non-Federal Sources,4500,Restricted Revenue From Federal Government Through the State,90161.33
2023-24,2089,Crow-Applegate-Lorane SD 66,250,Non-Federal Sources,4300,Restricted Revenue Direct From the Federal Government,27494.03
2023-24,2089,Crow-Applegate-Lorane SD 66,100,General Fund,1110,Ad valorem taxes levied by district,1369708.2
2023-24,2089,Crow-Applegate-Lorane SD 66,100,General Fund,1120,Local option ad valorem taxes levied by district,391702.2
2023-24,2089,Crow-Applegate-Lorane SD 66,201,Federal Sources,4500,Restricted Revenue From Federal Government Through the State,260618.13
2023-24,2089,Crow-Applegate-Lorane SD 66,250,Non-Federal Sources,3299,Other Restricted Grants-In-Aid,49901.71
2023-24,2089,Crow-Applegate-Lorane SD 66,400,Capital Projects Funds,5200,Interfund Transfers,50000
2023-24,2089,Crow-Applegate-Lorane SD 66,100,General Fund,5400,Resources - Beginning Fund Balance,832091
2023-24,2089,Crow-Applegate-Lorane SD 66,300,Debt Service Funds,5400,Resources - Beginning Fund Balance,74111
2023-24,2089,Crow-Applegate-Lorane SD 66,400,Capital Projects Funds,5400,Resources - Beginning Fund Balance,503693
2023-24,2089,Crow-Applegate-Lorane SD 66,250,Non-Federal Sources,5400,Resources - Beginning Fund Balance,363192
2023-24,2089,Crow-Applegate-Lorane SD 66,300,Debt Service Funds,1110,Ad valorem taxes levied by district,256757.59
2023-24,2089,Crow-Applegate-Lorane SD 66,252,Measure 98 - High School Success,3299,Other Restricted Grants-In-Aid,81512.48
2023-24,2089,Crow-Applegate-Lorane SD 66,299,Child Nutrition,1500,Earnings on Investments,9.16
2023-24,2089,Crow-Applegate-Lorane SD 66,299,Child Nutrition,1990,Miscellaneous,653
2023-24,2089,Crow-Applegate-Lorane SD 66,299,Child Nutrition,3299,Other Restricted Grants-In-Aid,34444.3
2023-24,2089,Crow-Applegate-Lorane SD 66,299,Child Nutrition,5200,Interfund Transfers,133201.65
2023-24,2089,Crow-Applegate-Lorane SD 66,300,Debt Service Funds,1500,Earnings on Investments,0.8
2023-24,2089,Crow-Applegate-Lorane SD 66,250,Non-Federal Sources,1700,Extra-Curricular Activities,1276
2023-24,2089,Crow-Applegate-Lorane SD 66,250,Non-Federal Sources,1920,Contributions and Donations From Private Sources,35
2023-24,2089,Crow-Applegate-Lorane SD 66,250,Non-Federal Sources,1990,Miscellaneous,800.49
2023-24,2089,Crow-Applegate-Lorane SD 66,250,Non-Federal Sources,5200,Interfund Transfers,224610.33
2023-24,2089,Crow-Applegate-Lorane SD 66,250,Non-Federal Sources,5300,Sale of or Compensation for Loss of Fixed Assets,500
2023-24,2089,Crow-Applegate-Lorane SD 66,251,Student Investment Account,3299,Other Restricted Grants-In-Aid,349990.72
2023-24,2089,Crow-Applegate-Lorane SD 66,100,General Fund,3101,State School Fund --General Support,3186071.82
2023-24,2089,Crow-Applegate-Lorane SD 66,100,General Fund,3103,Common School Fund,42264.83
2023-24,2089,Crow-Applegate-Lorane SD 66,100,General Fund,3199,Other Unrestricted Grants-In-Aid,23353.94
2023-24,2089,Crow-Applegate-Lorane SD 66,100,General Fund,3299,Other Restricted Grants-In-Aid,68411.11
2023-24,2089,Crow-Applegate-Lorane SD 66,201,Federal Sources,4300,Restricted Revenue Direct From the Federal Government,936.85
2023-24,2089,Crow-Applegate-Lorane SD 66,201,Federal Sources,4700,Grants-In-Aid From Federal Government Through Other Intermed,8156.38
2023-24,2090,McKenzie SD 68,299,Child Nutrition,5400,Resources - Beginning Fund Balance,-16369.72
2023-24,2090,McKenzie SD 68,400,Capital Projects Funds,5200,Interfund Transfers,657904.13
2023-24,2090,McKenzie SD 68,400,Capital Projects Funds,1500,Earnings on Investments,451.18
2023-24,2090,McKenzie SD 68,400,Capital Projects Funds,5400,Resources - Beginning Fund Balance,19488.64
2023-24,2090,McKenzie SD 68,400,Capital Projects Funds,1130,Construction Excise Tax,17811.36
2023-24,2090,McKenzie SD 68,299,Child Nutrition,1990,Miscellaneous,866.94
2023-24,2090,McKenzie SD 68,299,Child Nutrition,3102,State School Fund--School Lunch Match,1039.68
2023-24,2090,McKenzie SD 68,299,Child Nutrition,3199,Other Unrestricted Grants-In-Aid,653
2023-24,2090,McKenzie SD 68,299,Child Nutrition,3299,Other Restricted Grants-In-Aid,7094.05
2023-24,2090,McKenzie SD 68,299,Child Nutrition,4500,Restricted Revenue From Federal Government Through the State,136145.06
2023-24,2090,McKenzie SD 68,299,Child Nutrition,5200,Interfund Transfers,42000
2023-24,2090,McKenzie SD 68,250,Non-Federal Sources,5400,Resources - Beginning Fund Balance,59379.1
2023-24,2090,McKenzie SD 68,251,Student Investment Account,3299,Other Restricted Grants-In-Aid,306997.66
2023-24,2090,McKenzie SD 68,251,Student Investment Account,5400,Resources - Beginning Fund Balance,8504.33
2023-24,2090,McKenzie SD 68,252,Measure 98 - High School Success,3299,Other Restricted Grants-In-Aid,84560.54
2023-24,2090,McKenzie SD 68,252,Measure 98 - High School Success,5400,Resources - Beginning Fund Balance,-14656.04
2023-24,2090,McKenzie SD 68,299,Child Nutrition,1600,Food Service,3786.75
2023-24,2090,McKenzie SD 68,200,Special Revenue Funds,4700,Grants-In-Aid From Federal Government Through Other Intermed,47004.15
2023-24,2090,McKenzie SD 68,200,Special Revenue Funds,5200,Interfund Transfers,605402
2023-24,2090,McKenzie SD 68,200,Special Revenue Funds,5400,Resources - Beginning Fund Balance,1509101.68
2023-24,2090,McKenzie SD 68,250,Non-Federal Sources,1500,Earnings on Investments,16.88
2023-24,2090,McKenzie SD 68,250,Non-Federal Sources,1920,Contributions and Donations From Private Sources,120
2023-24,2090,McKenzie SD 68,250,Non-Federal Sources,2200,Restricted Revenue,11160.26
2023-24,2090,McKenzie SD 68,200,Special Revenue Funds,1700,Extra-Curricular Activities,100050.5
2023-24,2090,McKenzie SD 68,200,Special Revenue Funds,1920,Contributions and Donations From Private Sources,55910.21
2023-24,2090,McKenzie SD 68,200,Special Revenue Funds,1990,Miscellaneous,18578.87
2023-24,2090,McKenzie SD 68,200,Special Revenue Funds,2200,Restricted Revenue,108184.63
2023-24,2090,McKenzie SD 68,200,Special Revenue Funds,3299,Other Restricted Grants-In-Aid,170796.2
2023-24,2090,McKenzie SD 68,200,Special Revenue Funds,4500,Restricted Revenue From Federal Government Through the State,490363.48
2023-24,2090,McKenzie SD 68,100,General Fund,3299,Other Restricted Grants-In-Aid,491.64
2023-24,2090,McKenzie SD 68,100,General Fund,4801,Federal Forest Fees,7136.69
2023-24,2090,McKenzie SD 68,100,General Fund,5100,Long Term Debt Financing Sources,11748
2023-24,2090,McKenzie SD 68,100,General Fund,5200,Interfund Transfers,500000
2023-24,2090,McKenzie SD 68,100,General Fund,5400,Resources - Beginning Fund Balance,154266.36
2023-24,2090,McKenzie SD 68,200,Special Revenue Funds,1500,Earnings on Investments,328.73
2023-24,2090,McKenzie SD 68,100,General Fund,1990,Miscellaneous,7001.54
2023-24,2090,McKenzie SD 68,100,General Fund,2101,County School Funds,4656.34
2023-24,2090,McKenzie SD 68,100,General Fund,2199,Other Intermediate Sources,1655.04
2023-24,2090,McKenzie SD 68,100,General Fund,3101,State School Fund --General Support,1656399.41
2023-24,2090,McKenzie SD 68,100,General Fund,3103,Common School Fund,25880.15
2023-24,2090,McKenzie SD 68,100,General Fund,3199,Other Unrestricted Grants-In-Aid,649504.37
2023-24,2090,McKenzie SD 68,100,General Fund,1110,Ad valorem taxes levied by district,1994328.8
2023-24,2090,McKenzie SD 68,100,General Fund,1190,Penalties and interest on taxes,2281.45
2023-24,2090,McKenzie SD 68,100,General Fund,1500,Earnings on Investments,44803.65
2023-24,2090,McKenzie SD 68,100,General Fund,1700,Extra-Curricular Activities,5.8
2023-24,2091,Junction City SD 69,300,Debt Service Funds,1110,Ad valorem taxes levied by district,2268859
2023-24,2091,Junction City SD 69,100,General Fund,1990,Miscellaneous,177006.87
2023-24,2091,Junction City SD 69,250,Non-Federal Sources,1990,Miscellaneous,111025.99
2023-24,2091,Junction City SD 69,100,General Fund,5400,Resources - Beginning Fund Balance,2890799.22
2023-24,2091,Junction City SD 69,250,Non-Federal Sources,5400,Resources - Beginning Fund Balance,2348501.75
2023-24,2091,Junction City SD 69,300,Debt Service Funds,5400,Resources - Beginning Fund Balance,-185631.21
2023-24,2091,Junction City SD 69,300,Debt Service Funds,5200,Interfund Transfers,100000
2023-24,2091,Junction City SD 69,251,Student Investment Account,5400,Resources - Beginning Fund Balance,400
2023-24,2091,Junction City SD 69,252,Measure 98 - High School Success,5400,Resources - Beginning Fund Balance,3883.61
2023-24,2091,Junction City SD 69,299,Child Nutrition,5400,Resources - Beginning Fund Balance,126410.15
2023-24,2091,Junction City SD 69,300,Debt Service Funds,1990,Miscellaneous,-140364
2023-24,2091,Junction City SD 69,100,General Fund,1110,Ad valorem taxes levied by district,6427122.24
2023-24,2091,Junction City SD 69,201,Federal Sources,4500,Restricted Revenue From Federal Government Through the State,1367966.53
2023-24,2091,Junction City SD 69,299,Child Nutrition,4500,Restricted Revenue From Federal Government Through the State,457330.65
2023-24,2091,Junction City SD 69,201,Federal Sources,4700,Grants-In-Aid From Federal Government Through Other Intermed,7328.91
2023-24,2091,Junction City SD 69,299,Child Nutrition,4900,Revenue for/on Behalf of the District,43177.86
2023-24,2091,Junction City SD 69,250,Non-Federal Sources,5200,Interfund Transfers,450000
2023-24,2091,Junction City SD 69,299,Child Nutrition,5200,Interfund Transfers,55083.44
2023-24,2091,Junction City SD 69,250,Non-Federal Sources,3299,Other Restricted Grants-In-Aid,89390.87
2023-24,2091,Junction City SD 69,251,Student Investment Account,3299,Other Restricted Grants-In-Aid,1344832.09
2023-24,2091,Junction City SD 69,252,Measure 98 - High School Success,3299,Other Restricted Grants-In-Aid,403069.31
2023-24,2091,Junction City SD 69,299,Child Nutrition,3299,Other Restricted Grants-In-Aid,109279.33
2023-24,2091,Junction City SD 69,250,Non-Federal Sources,4300,Restricted Revenue Direct From the Federal Government,175608
2023-24,2091,Junction City SD 69,300,Debt Service Funds,4300,Restricted Revenue Direct From the Federal Government,35016.19
2023-24,2091,Junction City SD 69,299,Child Nutrition,1990,Miscellaneous,320.16
2023-24,2091,Junction City SD 69,100,General Fund,2101,County School Funds,113448.2
2023-24,2091,Junction City SD 69,100,General Fund,2199,Other Intermediate Sources,7225.98
2023-24,2091,Junction City SD 69,100,General Fund,3101,State School Fund --General Support,13905325.6
2023-24,2091,Junction City SD 69,100,General Fund,3103,Common School Fund,255541.86
2023-24,2091,Junction City SD 69,201,Federal Sources,3299,Other Restricted Grants-In-Aid,301500.01
2023-24,2091,Junction City SD 69,100,General Fund,1910,Rentals,1868
2023-24,2091,Junction City SD 69,250,Non-Federal Sources,1920,Contributions and Donations From Private Sources,322168.94
2023-24,2091,Junction City SD 69,100,General Fund,1960,Recovery of Prior Years' Expenditure,2231.52
2023-24,2091,Junction City SD 69,300,Debt Service Funds,1970,Services Provided Other Funds,1173331.58
2023-24,2091,Junction City SD 69,100,General Fund,1980,Fees Charged to Grants,156967.36
2023-24,2091,Junction City SD 69,252,Measure 98 - High School Success,1990,Miscellaneous,365.82
2023-24,2091,Junction City SD 69,100,General Fund,1500,Earnings on Investments,333685.58
2023-24,2091,Junction City SD 69,300,Debt Service Funds,1500,Earnings on Investments,5.22
2023-24,2091,Junction City SD 69,299,Child Nutrition,1600,Food Service,108279.92
2023-24,2091,Junction City SD 69,100,General Fund,1700,Extra-Curricular Activities,103423.79
2023-24,2091,Junction City SD 69,250,Non-Federal Sources,1700,Extra-Curricular Activities,220039.32
2023-24,2091,Junction City SD 69,250,Non-Federal Sources,1800,Community Services Activities,122867.08
2023-24,2091,Junction City SD 69,250,Non-Federal Sources,1130,Construction Excise Tax,170988.66
2023-24,2091,Junction City SD 69,100,General Fund,1190,Penalties and interest on taxes,19627.68
2023-24,2091,Junction City SD 69,300,Debt Service Funds,1190,Penalties and interest on taxes,5884.07
2023-24,2091,Junction City SD 69,250,Non-Federal Sources,1312,Tuition from Other Districts within the State,105048
2023-24,2091,Junction City SD 69,250,Non-Federal Sources,1411,Transportation fees from Individuals,779.39
2023-24,2092,Lowell SD 71,100,General Fund,1190,Penalties and interest on taxes,3258.33
2023-24,2092,Lowell SD 71,100,General Fund,1910,Rentals,73541.2
2023-24,2092,Lowell SD 71,100,General Fund,1920,Contributions and Donations From Private Sources,42.5
2023-24,2092,Lowell SD 71,100,General Fund,1940,Services Provided Other Local Education Agencies,49673.77
2023-24,2092,Lowell SD 71,100,General Fund,1980,Fees Charged to Grants,14227.73
2023-24,2092,Lowell SD 71,100,General Fund,1990,Miscellaneous,83086.91
2023-24,2092,Lowell SD 71,299,Child Nutrition,3299,Other Restricted Grants-In-Aid,59702.37
2023-24,2092,Lowell SD 71,299,Child Nutrition,4500,Restricted Revenue From Federal Government Through the State,278183
2023-24,2092,Lowell SD 71,300,Debt Service Funds,1110,Ad valorem taxes levied by district,286007.59
2023-24,2092,Lowell SD 71,300,Debt Service Funds,1500,Earnings on Investments,6837.29
2023-24,2092,Lowell SD 71,100,General Fund,1500,Earnings on Investments,254195.11
2023-24,2092,Lowell SD 71,100,General Fund,3103,Common School Fund,140678.74
2023-24,2092,Lowell SD 71,201,Federal Sources,4500,Restricted Revenue From Federal Government Through the State,363292.27
2023-24,2092,Lowell SD 71,201,Federal Sources,4700,Grants-In-Aid From Federal Government Through Other Intermed,24555.82
2023-24,2092,Lowell SD 71,251,Student Investment Account,3299,Other Restricted Grants-In-Aid,1130040.53
2023-24,2092,Lowell SD 71,252,Measure 98 - High School Success,3299,Other Restricted Grants-In-Aid,95254.24
2023-24,2092,Lowell SD 71,250,Non-Federal Sources,5200,Interfund Transfers,586198.69
2023-24,2092,Lowell SD 71,250,Non-Federal Sources,5300,Sale of or Compensation for Loss of Fixed Assets,7852.89
2023-24,2092,Lowell SD 71,250,Non-Federal Sources,5400,Resources - Beginning Fund Balance,459635.49
2023-24,2092,Lowell SD 71,299,Child Nutrition,4900,Revenue for/on Behalf of the District,23705.2
2023-24,2092,Lowell SD 71,300,Debt Service Funds,5200,Interfund Transfers,951000
2023-24,2092,Lowell SD 71,100,General Fund,1110,Ad valorem taxes levied by district,1491132.69
2023-24,2092,Lowell SD 71,250,Non-Federal Sources,1910,Rentals,51285
2023-24,2092,Lowell SD 71,250,Non-Federal Sources,1920,Contributions and Donations From Private Sources,91912.52
2023-24,2092,Lowell SD 71,250,Non-Federal Sources,1990,Miscellaneous,37264.21
2023-24,2092,Lowell SD 71,250,Non-Federal Sources,3222,State School Fund (SSF) Transportation Equipment,99192
2023-24,2092,Lowell SD 71,250,Non-Federal Sources,3299,Other Restricted Grants-In-Aid,74451.93
2023-24,2092,Lowell SD 71,250,Non-Federal Sources,4500,Restricted Revenue From Federal Government Through the State,1224.7
2023-24,2092,Lowell SD 71,300,Debt Service Funds,5400,Resources - Beginning Fund Balance,45065.23
2023-24,2092,Lowell SD 71,400,Capital Projects Funds,5200,Interfund Transfers,50000
2023-24,2092,Lowell SD 71,400,Capital Projects Funds,5400,Resources - Beginning Fund Balance,2310892.73
2023-24,2092,Lowell SD 71,250,Non-Federal Sources,1130,Construction Excise Tax,1998.91
2023-24,2092,Lowell SD 71,250,Non-Federal Sources,1500,Earnings on Investments,163.38
2023-24,2092,Lowell SD 71,250,Non-Federal Sources,1700,Extra-Curricular Activities,169119.95
2023-24,2092,Lowell SD 71,100,General Fund,5400,Resources - Beginning Fund Balance,1749841.95
2023-24,2092,Lowell SD 71,299,Child Nutrition,1990,Miscellaneous,144.54
2023-24,2092,Lowell SD 71,299,Child Nutrition,5200,Interfund Transfers,2862.7
2023-24,2092,Lowell SD 71,299,Child Nutrition,5400,Resources - Beginning Fund Balance,86.59
2023-24,2092,Lowell SD 71,300,Debt Service Funds,1910,Rentals,45000
2023-24,2092,Lowell SD 71,300,Debt Service Funds,1190,Penalties and interest on taxes,103.82
2023-24,2092,Lowell SD 71,100,General Fund,2101,County School Funds,122159.36
2023-24,2092,Lowell SD 71,100,General Fund,2200,Restricted Revenue,32500
2023-24,2092,Lowell SD 71,100,General Fund,3101,State School Fund --General Support,11434000.66
2023-24,2092,Lowell SD 71,100,General Fund,3199,Other Unrestricted Grants-In-Aid,22787.38
2023-24,2092,Lowell SD 71,100,General Fund,3299,Other Restricted Grants-In-Aid,37981.36
2023-24,2092,Lowell SD 71,100,General Fund,4801,Federal Forest Fees,37794.96
2023-24,2093,Oakridge SD 76,100,General Fund,1110,Ad valorem taxes levied by district,1463555.27
2023-24,2093,Oakridge SD 76,100,General Fund,1190,Penalties and interest on taxes,4955.92
2023-24,2093,Oakridge SD 76,100,General Fund,1500,Earnings on Investments,146246.92
2023-24,2093,Oakridge SD 76,100,General Fund,1910,Rentals,26877
2023-24,2093,Oakridge SD 76,100,General Fund,1920,Contributions and Donations From Private Sources,-771.1
2023-24,2093,Oakridge SD 76,100,General Fund,1990,Miscellaneous,60062.21
2023-24,2093,Oakridge SD 76,250,Non-Federal Sources,3299,Other Restricted Grants-In-Aid,257553.6
2023-24,2093,Oakridge SD 76,250,Non-Federal Sources,5400,Resources - Beginning Fund Balance,733790.3
2023-24,2093,Oakridge SD 76,250,Non-Federal Sources,5200,Interfund Transfers,793116.8
2023-24,2093,Oakridge SD 76,250,Non-Federal Sources,1500,Earnings on Investments,608.55
2023-24,2093,Oakridge SD 76,250,Non-Federal Sources,1700,Extra-Curricular Activities,65866.83
2023-24,2093,Oakridge SD 76,250,Non-Federal Sources,1990,Miscellaneous,24946
2023-24,2093,Oakridge SD 76,100,General Fund,3222,State School Fund (SSF) Transportation Equipment,307776.7
2023-24,2093,Oakridge SD 76,251,Student Investment Account,3299,Other Restricted Grants-In-Aid,573779
2023-24,2093,Oakridge SD 76,201,Federal Sources,4500,Restricted Revenue From Federal Government Through the State,3252235
2023-24,2093,Oakridge SD 76,250,Non-Federal Sources,2200,Restricted Revenue,25556.43
2023-24,2093,Oakridge SD 76,300,Debt Service Funds,5200,Interfund Transfers,379896.97
2023-24,2093,Oakridge SD 76,400,Capital Projects Funds,1130,Construction Excise Tax,7401.6
2023-24,2093,Oakridge SD 76,400,Capital Projects Funds,5200,Interfund Transfers,20465.19
2023-24,2093,Oakridge SD 76,400,Capital Projects Funds,5400,Resources - Beginning Fund Balance,32165.98
2023-24,2093,Oakridge SD 76,299,Child Nutrition,5400,Resources - Beginning Fund Balance,81105.55
2023-24,2093,Oakridge SD 76,250,Non-Federal Sources,1920,Contributions and Donations From Private Sources,54762.65
2023-24,2093,Oakridge SD 76,300,Debt Service Funds,1110,Ad valorem taxes levied by district,374758.52
2023-24,2093,Oakridge SD 76,300,Debt Service Funds,1190,Penalties and interest on taxes,767.44
2023-24,2093,Oakridge SD 76,300,Debt Service Funds,1990,Miscellaneous,-14709
2023-24,2093,Oakridge SD 76,300,Debt Service Funds,5400,Resources - Beginning Fund Balance,31575
2023-24,2093,Oakridge SD 76,299,Child Nutrition,1600,Food Service,1103
2023-24,2093,Oakridge SD 76,299,Child Nutrition,1990,Miscellaneous,3213
2023-24,2093,Oakridge SD 76,299,Child Nutrition,3102,State School Fund--School Lunch Match,2533.88
2023-24,2093,Oakridge SD 76,299,Child Nutrition,3299,Other Restricted Grants-In-Aid,9102.89
2023-24,2093,Oakridge SD 76,299,Child Nutrition,4500,Restricted Revenue From Federal Government Through the State,426946.72
2023-24,2093,Oakridge SD 76,299,Child Nutrition,4900,Revenue for/on Behalf of the District,19045.33
2023-24,2093,Oakridge SD 76,100,General Fund,2102,General Education Service District Funds,34358.59
2023-24,2093,Oakridge SD 76,100,General Fund,3101,State School Fund --General Support,4920309.13
2023-24,2093,Oakridge SD 76,100,General Fund,3103,Common School Fund,114164.4
2023-24,2093,Oakridge SD 76,100,General Fund,5100,Long Term Debt Financing Sources,41554
2023-24,2093,Oakridge SD 76,100,General Fund,5400,Resources - Beginning Fund Balance,3023158
2023-24,2093,Oakridge SD 76,299,Child Nutrition,1500,Earnings on Investments,0.87
2023-24,2094,Marcola SD 79J,100,General Fund,1190,Penalties and interest on taxes,2364.04
2023-24,2094,Marcola SD 79J,100,General Fund,1500,Earnings on Investments,195764.13
2023-24,2094,Marcola SD 79J,100,General Fund,2101,County School Funds,22434.51
2023-24,2094,Marcola SD 79J,100,General Fund,2199,Other Intermediate Sources,1242.47
2023-24,2094,Marcola SD 79J,100,General Fund,2200,Restricted Revenue,178167
2023-24,2094,Marcola SD 79J,100,General Fund,3101,State School Fund --General Support,10424036.47
2023-24,2094,Marcola SD 79J,250,Non-Federal Sources,5400,Resources - Beginning Fund Balance,408727.86
2023-24,2094,Marcola SD 79J,400,Capital Projects Funds,1500,Earnings on Investments,10479
2023-24,2094,Marcola SD 79J,250,Non-Federal Sources,1990,Miscellaneous,18812.89
2023-24,2094,Marcola SD 79J,299,Child Nutrition,5400,Resources - Beginning Fund Balance,46560.3
2023-24,2094,Marcola SD 79J,300,Debt Service Funds,1110,Ad valorem taxes levied by district,417195.9
2023-24,2094,Marcola SD 79J,300,Debt Service Funds,1190,Penalties and interest on taxes,543.7
2023-24,2094,Marcola SD 79J,250,Non-Federal Sources,4500,Restricted Revenue From Federal Government Through the State,205168.8
2023-24,2094,Marcola SD 79J,100,General Fund,3222,State School Fund (SSF) Transportation Equipment,53018
2023-24,2094,Marcola SD 79J,299,Child Nutrition,3299,Other Restricted Grants-In-Aid,34442.81
2023-24,2094,Marcola SD 79J,100,General Fund,1110,Ad valorem taxes levied by district,1049123.87
2023-24,2094,Marcola SD 79J,100,General Fund,1990,Miscellaneous,11865.73
2023-24,2094,Marcola SD 79J,100,General Fund,5400,Resources - Beginning Fund Balance,1371663.92
2023-24,2094,Marcola SD 79J,201,Federal Sources,4500,Restricted Revenue From Federal Government Through the State,152404.16
2023-24,2094,Marcola SD 79J,201,Federal Sources,4700,Grants-In-Aid From Federal Government Through Other Intermed,60033.98
2023-24,2094,Marcola SD 79J,251,Student Investment Account,3299,Other Restricted Grants-In-Aid,457057.7
2023-24,2094,Marcola SD 79J,250,Non-Federal Sources,1500,Earnings on Investments,1446.53
2023-24,2094,Marcola SD 79J,250,Non-Federal Sources,1700,Extra-Curricular Activities,200111.34
2023-24,2094,Marcola SD 79J,250,Non-Federal Sources,1940,Services Provided Other Local Education Agencies,334829.82
2023-24,2094,Marcola SD 79J,250,Non-Federal Sources,3299,Other Restricted Grants-In-Aid,80822.54
2023-24,2094,Marcola SD 79J,250,Non-Federal Sources,5200,Interfund Transfers,80000
2023-24,2094,Marcola SD 79J,250,Non-Federal Sources,4700,Grants-In-Aid From Federal Government Through Other Intermed,49051.17
2023-24,2094,Marcola SD 79J,299,Child Nutrition,5200,Interfund Transfers,886.01
2023-24,2094,Marcola SD 79J,300,Debt Service Funds,1500,Earnings on Investments,1.06
2023-24,2094,Marcola SD 79J,300,Debt Service Funds,5400,Resources - Beginning Fund Balance,110698.07
2023-24,2094,Marcola SD 79J,400,Capital Projects Funds,5200,Interfund Transfers,90000
2023-24,2094,Marcola SD 79J,400,Capital Projects Funds,5400,Resources - Beginning Fund Balance,1114970.21
2023-24,2094,Marcola SD 79J,201,Federal Sources,4300,Restricted Revenue Direct From the Federal Government,32032
2023-24,2094,Marcola SD 79J,100,General Fund,3103,Common School Fund,129079.38
2023-24,2094,Marcola SD 79J,100,General Fund,3199,Other Unrestricted Grants-In-Aid,15785.19
2023-24,2094,Marcola SD 79J,100,General Fund,4801,Federal Forest Fees,34384.97
2023-24,2094,Marcola SD 79J,299,Child Nutrition,1600,Food Service,21998.7
2023-24,2094,Marcola SD 79J,299,Child Nutrition,4500,Restricted Revenue From Federal Government Through the State,73485.19
2023-24,2094,Marcola SD 79J,299,Child Nutrition,4900,Revenue for/on Behalf of the District,6951.21
2023-24,2095,Blachly SD 90,100,General Fund,1110,Ad valorem taxes levied by district,370970.75
2023-24,2095,Blachly SD 90,100,General Fund,1190,Penalties and interest on taxes,856.7
2023-24,2095,Blachly SD 90,100,General Fund,1500,Earnings on Investments,72395.96
2023-24,2095,Blachly SD 90,200,Special Revenue Funds,1500,Earnings on Investments,1274.94
2023-24,2095,Blachly SD 90,700,Trust and Agency Funds,1500,Earnings on Investments,25688.33
2023-24,2095,Blachly SD 90,299,Child Nutrition,1600,Food Service,16019.36
2023-24,2095,Blachly SD 90,200,Special Revenue Funds,1990,Miscellaneous,2583.96
2023-24,2095,Blachly SD 90,200,Special Revenue Funds,5400,Resources - Beginning Fund Balance,230035.98
2023-24,2095,Blachly SD 90,201,Federal Sources,4500,Restricted Revenue From Federal Government Through the State,207569.15
2023-24,2095,Blachly SD 90,250,Non-Federal Sources,3299,Other Restricted Grants-In-Aid,138805.46
2023-24,2095,Blachly SD 90,299,Child Nutrition,5400,Resources - Beginning Fund Balance,47720
2023-24,2095,Blachly SD 90,400,Capital Projects Funds,5400,Resources - Beginning Fund Balance,38.84
2023-24,2095,Blachly SD 90,600,Internal Service Funds,5400,Resources - Beginning Fund Balance,55500
2023-24,2095,Blachly SD 90,700,Trust and Agency Funds,5400,Resources - Beginning Fund Balance,765500.51
2023-24,2095,Blachly SD 90,100,General Fund,1990,Miscellaneous,6667.93
2023-24,2095,Blachly SD 90,100,General Fund,5400,Resources - Beginning Fund Balance,260015.41
2023-24,2095,Blachly SD 90,200,Special Revenue Funds,5200,Interfund Transfers,120087
2023-24,2095,Blachly SD 90,400,Capital Projects Funds,5200,Interfund Transfers,22000
2023-24,2095,Blachly SD 90,201,Federal Sources,4300,Restricted Revenue Direct From the Federal Government,43631
2023-24,2095,Blachly SD 90,201,Federal Sources,4700,Grants-In-Aid From Federal Government Through Other Intermed,3345.58
2023-24,2095,Blachly SD 90,251,Student Investment Account,3299,Other Restricted Grants-In-Aid,407427.06
2023-24,2095,Blachly SD 90,252,Measure 98 - High School Success,3299,Other Restricted Grants-In-Aid,84643.69
2023-24,2095,Blachly SD 90,100,General Fund,3299,Other Restricted Grants-In-Aid,3982.58
2023-24,2095,Blachly SD 90,299,Child Nutrition,3299,Other Restricted Grants-In-Aid,7614.6
2023-24,2095,Blachly SD 90,299,Child Nutrition,4500,Restricted Revenue From Federal Government Through the State,117735.22
2023-24,2095,Blachly SD 90,100,General Fund,4801,Federal Forest Fees,16241.12
2023-24,2095,Blachly SD 90,299,Child Nutrition,4900,Revenue for/on Behalf of the District,6332.53
2023-24,2095,Blachly SD 90,299,Child Nutrition,5200,Interfund Transfers,31691.3
2023-24,2095,Blachly SD 90,100,General Fund,2199,Other Intermediate Sources,994.11
2023-24,2095,Blachly SD 90,100,General Fund,2200,Restricted Revenue,19903
2023-24,2095,Blachly SD 90,100,General Fund,3101,State School Fund --General Support,3838253.16
2023-24,2095,Blachly SD 90,100,General Fund,3103,Common School Fund,60451.26
2023-24,2095,Blachly SD 90,100,General Fund,3104,State Managed County Timber,815376.61
2023-24,2095,Blachly SD 90,200,Special Revenue Funds,3222,State School Fund (SSF) Transportation Equipment,39653
2023-24,2095,Blachly SD 90,200,Special Revenue Funds,1700,Extra-Curricular Activities,19912.55
2023-24,2095,Blachly SD 90,200,Special Revenue Funds,1920,Contributions and Donations From Private Sources,16580.79
2023-24,2095,Blachly SD 90,100,General Fund,1960,Recovery of Prior Years' Expenditure,1140
2023-24,2095,Blachly SD 90,700,Trust and Agency Funds,1960,Recovery of Prior Years' Expenditure,501.32
2023-24,2095,Blachly SD 90,299,Child Nutrition,1990,Miscellaneous,295.55
2023-24,2095,Blachly SD 90,100,General Fund,2101,County School Funds,10596.54
2023-24,2096,Siuslaw SD 97J,100,General Fund,1110,Ad valorem taxes levied by district,8645038.28
2023-24,2096,Siuslaw SD 97J,100,General Fund,1120,Local option ad valorem taxes levied by district,1668743.88
2023-24,2096,Siuslaw SD 97J,100,General Fund,1411,Transportation fees from Individuals,2569.25
2023-24,2096,Siuslaw SD 97J,100,General Fund,1500,Earnings on Investments,219615
2023-24,2096,Siuslaw SD 97J,100,General Fund,1910,Rentals,32911.2
2023-24,2096,Siuslaw SD 97J,100,General Fund,1920,Contributions and Donations From Private Sources,1550
2023-24,2096,Siuslaw SD 97J,200,Special Revenue Funds,3299,Other Restricted Grants-In-Aid,1748273.01
2023-24,2096,Siuslaw SD 97J,300,Debt Service Funds,5400,Resources - Beginning Fund Balance,3895
2023-24,2096,Siuslaw SD 97J,400,Capital Projects Funds,5400,Resources - Beginning Fund Balance,1250201
2023-24,2096,Siuslaw SD 97J,200,Special Revenue Funds,4500,Restricted Revenue From Federal Government Through the State,8680852.37
2023-24,2096,Siuslaw SD 97J,200,Special Revenue Funds,5100,Long Term Debt Financing Sources,361316
2023-24,2096,Siuslaw SD 97J,200,Special Revenue Funds,5200,Interfund Transfers,42721.06
2023-24,2096,Siuslaw SD 97J,300,Debt Service Funds,4900,Revenue for/on Behalf of the District,317.99
2023-24,2096,Siuslaw SD 97J,100,General Fund,5400,Resources - Beginning Fund Balance,1914205
2023-24,2096,Siuslaw SD 97J,200,Special Revenue Funds,5400,Resources - Beginning Fund Balance,2141297.89
2023-24,2096,Siuslaw SD 97J,200,Special Revenue Funds,1500,Earnings on Investments,48397.81
2023-24,2096,Siuslaw SD 97J,200,Special Revenue Funds,1600,Food Service,13592.65
2023-24,2096,Siuslaw SD 97J,200,Special Revenue Funds,1700,Extra-Curricular Activities,414853.48
2023-24,2096,Siuslaw SD 97J,200,Special Revenue Funds,1990,Miscellaneous,250
2023-24,2096,Siuslaw SD 97J,200,Special Revenue Funds,3101,State School Fund --General Support,266073.04
2023-24,2096,Siuslaw SD 97J,200,Special Revenue Funds,3102,State School Fund--School Lunch Match,5744.32
2023-24,2096,Siuslaw SD 97J,100,General Fund,3101,State School Fund --General Support,6277296.55
2023-24,2096,Siuslaw SD 97J,100,General Fund,3103,Common School Fund,277143.44
2023-24,2096,Siuslaw SD 97J,100,General Fund,3299,Other Restricted Grants-In-Aid,14470.94
2023-24,2096,Siuslaw SD 97J,100,General Fund,4801,Federal Forest Fees,50859.86
2023-24,2096,Siuslaw SD 97J,200,Special Revenue Funds,1130,Construction Excise Tax,119628.98
2023-24,2096,Siuslaw SD 97J,200,Special Revenue Funds,1411,Transportation fees from Individuals,1355.18
2023-24,2096,Siuslaw SD 97J,100,General Fund,1970,Services Provided Other Funds,383450.38
2023-24,2096,Siuslaw SD 97J,100,General Fund,1980,Fees Charged to Grants,500
2023-24,2096,Siuslaw SD 97J,100,General Fund,1990,Miscellaneous,273576.49
2023-24,2096,Siuslaw SD 97J,100,General Fund,2101,County School Funds,33183.57
2023-24,2096,Siuslaw SD 97J,100,General Fund,2199,Other Intermediate Sources,8672.84
2023-24,2096,Siuslaw SD 97J,100,General Fund,2200,Restricted Revenue,351280
2023-24,2097,Lincoln County SD,100,General Fund,1110,Ad valorem taxes levied by district,44007704.63
2023-24,2097,Lincoln County SD,100,General Fund,1200,Revenue From Local Governmental Units Other Than Districts,13039.06
2023-24,2097,Lincoln County SD,100,General Fund,1500,Earnings on Investments,1492868.11
2023-24,2097,Lincoln County SD,100,General Fund,1910,Rentals,8837.19
2023-24,2097,Lincoln County SD,100,General Fund,1920,Contributions and Donations From Private Sources,2590.58
2023-24,2097,Lincoln County SD,100,General Fund,1940,Services Provided Other Local Education Agencies,284395.5
2023-24,2097,Lincoln County SD,600,Internal Service Funds,5400,Resources - Beginning Fund Balance,3307932.57
2023-24,2097,Lincoln County SD,700,Trust and Agency Funds,1960,Recovery of Prior Years' Expenditure,2209.6
2023-24,2097,Lincoln County SD,700,Trust and Agency Funds,1990,Miscellaneous,36657.88
2023-24,2097,Lincoln County SD,700,Trust and Agency Funds,5400,Resources - Beginning Fund Balance,-2209.6
2023-24,2097,Lincoln County SD,400,Capital Projects Funds,1500,Earnings on Investments,130803.51
2023-24,2097,Lincoln County SD,400,Capital Projects Funds,5400,Resources - Beginning Fund Balance,2857987.69
2023-24,2097,Lincoln County SD,600,Internal Service Funds,1500,Earnings on Investments,174486
2023-24,2097,Lincoln County SD,600,Internal Service Funds,1960,Recovery of Prior Years' Expenditure,1080.35
2023-24,2097,Lincoln County SD,600,Internal Service Funds,1970,Services Provided Other Funds,1907906.5
2023-24,2097,Lincoln County SD,600,Internal Service Funds,1990,Miscellaneous,20139.34
2023-24,2097,Lincoln County SD,300,Debt Service Funds,1110,Ad valorem taxes levied by district,6191590.05
2023-24,2097,Lincoln County SD,300,Debt Service Funds,1500,Earnings on Investments,1052596.39
2023-24,2097,Lincoln County SD,300,Debt Service Funds,1970,Services Provided Other Funds,4748247.07
2023-24,2097,Lincoln County SD,300,Debt Service Funds,5200,Interfund Transfers,1431650
2023-24,2097,Lincoln County SD,300,Debt Service Funds,5400,Resources - Beginning Fund Balance,12041087.71
2023-24,2097,Lincoln County SD,400,Capital Projects Funds,1130,Construction Excise Tax,767064.6
2023-24,2097,Lincoln County SD,299,Child Nutrition,1600,Food Service,176882.13
2023-24,2097,Lincoln County SD,299,Child Nutrition,1990,Miscellaneous,13943.63
2023-24,2097,Lincoln County SD,299,Child Nutrition,3102,State School Fund--School Lunch Match,23917.55
2023-24,2097,Lincoln County SD,299,Child Nutrition,3299,Other Restricted Grants-In-Aid,318774.58
2023-24,2097,Lincoln County SD,299,Child Nutrition,4500,Restricted Revenue From Federal Government Through the State,2498370.79
2023-24,2097,Lincoln County SD,299,Child Nutrition,5400,Resources - Beginning Fund Balance,1239252.53
2023-24,2097,Lincoln County SD,250,Non-Federal Sources,3299,Other Restricted Grants-In-Aid,3414031.41
2023-24,2097,Lincoln County SD,250,Non-Federal Sources,5200,Interfund Transfers,4305000
2023-24,2097,Lincoln County SD,250,Non-Federal Sources,5400,Resources - Beginning Fund Balance,9237241.19
2023-24,2097,Lincoln County SD,251,Student Investment Account,3299,Other Restricted Grants-In-Aid,5073621.05
2023-24,2097,Lincoln County SD,252,Measure 98 - High School Success,3299,Other Restricted Grants-In-Aid,1369850.3
2023-24,2097,Lincoln County SD,299,Child Nutrition,1500,Earnings on Investments,122.81
2023-24,2097,Lincoln County SD,250,Non-Federal Sources,1910,Rentals,17791.7
2023-24,2097,Lincoln County SD,250,Non-Federal Sources,1920,Contributions and Donations From Private Sources,414037.85
2023-24,2097,Lincoln County SD,250,Non-Federal Sources,1960,Recovery of Prior Years' Expenditure,955.7
2023-24,2097,Lincoln County SD,250,Non-Federal Sources,1990,Miscellaneous,1464959.11
2023-24,2097,Lincoln County SD,250,Non-Federal Sources,2200,Restricted Revenue,2800
2023-24,2097,Lincoln County SD,250,Non-Federal Sources,3199,Other Unrestricted Grants-In-Aid,89700.06
2023-24,2097,Lincoln County SD,201,Federal Sources,4500,Restricted Revenue From Federal Government Through the State,8178763.94
2023-24,2097,Lincoln County SD,201,Federal Sources,4700,Grants-In-Aid From Federal Government Through Other Intermed,338894.42
2023-24,2097,Lincoln County SD,201,Federal Sources,5400,Resources - Beginning Fund Balance,30470.1
2023-24,2097,Lincoln County SD,250,Non-Federal Sources,1110,Ad valorem taxes levied by district,2.3
2023-24,2097,Lincoln County SD,250,Non-Federal Sources,1500,Earnings on Investments,341041.62
2023-24,2097,Lincoln County SD,250,Non-Federal Sources,1700,Extra-Curricular Activities,1107441.63
2023-24,2097,Lincoln County SD,100,General Fund,4801,Federal Forest Fees,325068.55
2023-24,2097,Lincoln County SD,100,General Fund,5100,Long Term Debt Financing Sources,197856
2023-24,2097,Lincoln County SD,100,General Fund,5300,Sale of or Compensation for Loss of Fixed Assets,16921.39
2023-24,2097,Lincoln County SD,100,General Fund,5400,Resources - Beginning Fund Balance,16084020.01
2023-24,2097,Lincoln County SD,201,Federal Sources,4202,Medicaid Reimbursement for Eligible K-12 Expenses (Ages Five to Twenty-One),24063.54
2023-24,2097,Lincoln County SD,201,Federal Sources,4300,Restricted Revenue Direct From the Federal Government,121003.05
2023-24,2097,Lincoln County SD,100,General Fund,3101,State School Fund --General Support,22102164.76
2023-24,2097,Lincoln County SD,100,General Fund,3103,Common School Fund,696414.18
2023-24,2097,Lincoln County SD,100,General Fund,3104,State Managed County Timber,787656.52
2023-24,2097,Lincoln County SD,100,General Fund,3199,Other Unrestricted Grants-In-Aid,1566709.61
2023-24,2097,Lincoln County SD,100,General Fund,4201,Foster Transportation,86961.94
2023-24,2097,Lincoln County SD,100,General Fund,4500,Restricted Revenue From Federal Government Through the State,70593.62
2023-24,2097,Lincoln County SD,100,General Fund,1960,Recovery of Prior Years' Expenditure,49704.39
2023-24,2097,Lincoln County SD,100,General Fund,1980,Fees Charged to Grants,453761.53
2023-24,2097,Lincoln County SD,100,General Fund,1990,Miscellaneous,317801.75
2023-24,2097,Lincoln County SD,100,General Fund,2101,County School Funds,484292.49
2023-24,2097,Lincoln County SD,100,General Fund,2199,Other Intermediate Sources,2623.07
2023-24,2097,Lincoln County SD,100,General Fund,2200,Restricted Revenue,76470.59
2023-24,2098,Linn Benton Lincoln ESD,100,General Fund,1110,Ad valorem taxes levied by district,9498539.4
2023-24,2098,Linn Benton Lincoln ESD,100,General Fund,1190,Penalties and interest on taxes,29765.07
2023-24,2098,Linn Benton Lincoln ESD,100,General Fund,1500,Earnings on Investments,812890.12
2023-24,2098,Linn Benton Lincoln ESD,100,General Fund,1910,Rentals,5048.16
2023-24,2098,Linn Benton Lincoln ESD,100,General Fund,1960,Recovery of Prior Years' Expenditure,1647.04
2023-24,2098,Linn Benton Lincoln ESD,100,General Fund,1980,Fees Charged to Grants,2430676.39
2023-24,2098,Linn Benton Lincoln ESD,600,Internal Service Funds,5400,Resources - Beginning Fund Balance,5567017.68
2023-24,2098,Linn Benton Lincoln ESD,200,Special Revenue Funds,4100,Unrestricted Revenue Direct From the Federal Government,9159836.97
2023-24,2098,Linn Benton Lincoln ESD,600,Internal Service Funds,1940,Services Provided Other Local Education Agencies,4188900.69
2023-24,2098,Linn Benton Lincoln ESD,600,Internal Service Funds,1960,Recovery of Prior Years' Expenditure,9456.54
2023-24,2098,Linn Benton Lincoln ESD,600,Internal Service Funds,1970,Services Provided Other Funds,564403.29
2023-24,2098,Linn Benton Lincoln ESD,600,Internal Service Funds,1990,Miscellaneous,328150.77
2023-24,2098,Linn Benton Lincoln ESD,600,Internal Service Funds,5100,Long Term Debt Financing Sources,1115
2023-24,2098,Linn Benton Lincoln ESD,600,Internal Service Funds,5200,Interfund Transfers,3859620.36
2023-24,2098,Linn Benton Lincoln ESD,300,Debt Service Funds,5400,Resources - Beginning Fund Balance,54050.93
2023-24,2098,Linn Benton Lincoln ESD,400,Capital Projects Funds,1500,Earnings on Investments,1376.08
2023-24,2098,Linn Benton Lincoln ESD,400,Capital Projects Funds,1910,Rentals,41200
2023-24,2098,Linn Benton Lincoln ESD,400,Capital Projects Funds,1990,Miscellaneous,1094.4
2023-24,2098,Linn Benton Lincoln ESD,400,Capital Projects Funds,5400,Resources - Beginning Fund Balance,5054825.42
2023-24,2098,Linn Benton Lincoln ESD,600,Internal Service Funds,1920,Contributions and Donations From Private Sources,18000
2023-24,2098,Linn Benton Lincoln ESD,250,Non-Federal Sources,3299,Other Restricted Grants-In-Aid,13592475.84
2023-24,2098,Linn Benton Lincoln ESD,250,Non-Federal Sources,4500,Restricted Revenue From Federal Government Through the State,3394381.01
2023-24,2098,Linn Benton Lincoln ESD,250,Non-Federal Sources,5400,Resources - Beginning Fund Balance,184088.68
2023-24,2098,Linn Benton Lincoln ESD,251,Student Investment Account,3299,Other Restricted Grants-In-Aid,1317627.99
2023-24,2098,Linn Benton Lincoln ESD,252,Measure 98 - High School Success,3299,Other Restricted Grants-In-Aid,16188.92
2023-24,2098,Linn Benton Lincoln ESD,300,Debt Service Funds,5200,Interfund Transfers,418448.47
2023-24,2098,Linn Benton Lincoln ESD,100,General Fund,5400,Resources - Beginning Fund Balance,7666396.25
2023-24,2098,Linn Benton Lincoln ESD,200,Special Revenue Funds,5400,Resources - Beginning Fund Balance,2618100.68
2023-24,2098,Linn Benton Lincoln ESD,201,Federal Sources,4500,Restricted Revenue From Federal Government Through the State,2567667.44
2023-24,2098,Linn Benton Lincoln ESD,201,Federal Sources,5400,Resources - Beginning Fund Balance,178.34
2023-24,2098,Linn Benton Lincoln ESD,250,Non-Federal Sources,1940,Services Provided Other Local Education Agencies,38236.91
2023-24,2098,Linn Benton Lincoln ESD,250,Non-Federal Sources,2200,Restricted Revenue,90428.85
2023-24,2098,Linn Benton Lincoln ESD,100,General Fund,1990,Miscellaneous,8360.61
2023-24,2098,Linn Benton Lincoln ESD,100,General Fund,2199,Other Intermediate Sources,285.19
2023-24,2098,Linn Benton Lincoln ESD,100,General Fund,3101,State School Fund --General Support,10524777.53
2023-24,2098,Linn Benton Lincoln ESD,100,General Fund,3104,State Managed County Timber,83895.05
2023-24,2098,Linn Benton Lincoln ESD,100,General Fund,5100,Long Term Debt Financing Sources,1303438
2023-24,2098,Linn Benton Lincoln ESD,100,General Fund,5300,Sale of or Compensation for Loss of Fixed Assets,212477.82
2023-24,2099,Harrisburg SD 7J,100,General Fund,1110,Ad valorem taxes levied by district,2331806.1
2023-24,2099,Harrisburg SD 7J,100,General Fund,1190,Penalties and interest on taxes,6485.67
2023-24,2099,Harrisburg SD 7J,100,General Fund,1500,Earnings on Investments,344612.97
2023-24,2099,Harrisburg SD 7J,100,General Fund,1960,Recovery of Prior Years' Expenditure,39881.86
2023-24,2099,Harrisburg SD 7J,100,General Fund,1990,Miscellaneous,65859.49
2023-24,2099,Harrisburg SD 7J,100,General Fund,2101,County School Funds,58974.78
2023-24,2099,Harrisburg SD 7J,100,General Fund,1920,Contributions and Donations From Private Sources,22765
2023-24,2099,Harrisburg SD 7J,300,Debt Service Funds,1500,Earnings on Investments,6.03
2023-24,2099,Harrisburg SD 7J,300,Debt Service Funds,5200,Interfund Transfers,51905
2023-24,2099,Harrisburg SD 7J,300,Debt Service Funds,5400,Resources - Beginning Fund Balance,193157.81
2023-24,2099,Harrisburg SD 7J,400,Capital Projects Funds,3299,Other Restricted Grants-In-Aid,18500
2023-24,2099,Harrisburg SD 7J,100,General Fund,1411,Transportation fees from Individuals,4702.5
2023-24,2099,Harrisburg SD 7J,299,Child Nutrition,3102,State School Fund--School Lunch Match,2810.6
2023-24,2099,Harrisburg SD 7J,299,Child Nutrition,3299,Other Restricted Grants-In-Aid,75388.4
2023-24,2099,Harrisburg SD 7J,299,Child Nutrition,4500,Restricted Revenue From Federal Government Through the State,310919.64
2023-24,2099,Harrisburg SD 7J,299,Child Nutrition,5400,Resources - Beginning Fund Balance,220592.88
2023-24,2099,Harrisburg SD 7J,300,Debt Service Funds,1110,Ad valorem taxes levied by district,765321.86
2023-24,2099,Harrisburg SD 7J,300,Debt Service Funds,1190,Penalties and interest on taxes,2172.39
2023-24,2099,Harrisburg SD 7J,250,Non-Federal Sources,5200,Interfund Transfers,530647
2023-24,2099,Harrisburg SD 7J,250,Non-Federal Sources,5400,Resources - Beginning Fund Balance,1956226.6
2023-24,2099,Harrisburg SD 7J,251,Student Investment Account,3299,Other Restricted Grants-In-Aid,645892.54
2023-24,2099,Harrisburg SD 7J,252,Measure 98 - High School Success,3299,Other Restricted Grants-In-Aid,200756.56
2023-24,2099,Harrisburg SD 7J,299,Child Nutrition,1600,Food Service,13845.8
2023-24,2099,Harrisburg SD 7J,299,Child Nutrition,1990,Miscellaneous,869.51
2023-24,2099,Harrisburg SD 7J,250,Non-Federal Sources,1920,Contributions and Donations From Private Sources,70663.98
2023-24,2099,Harrisburg SD 7J,250,Non-Federal Sources,1960,Recovery of Prior Years' Expenditure,-3
2023-24,2099,Harrisburg SD 7J,250,Non-Federal Sources,1990,Miscellaneous,110329.99
2023-24,2099,Harrisburg SD 7J,250,Non-Federal Sources,2200,Restricted Revenue,47900
2023-24,2099,Harrisburg SD 7J,250,Non-Federal Sources,3299,Other Restricted Grants-In-Aid,118220.97
2023-24,2099,Harrisburg SD 7J,250,Non-Federal Sources,4500,Restricted Revenue From Federal Government Through the State,58740.29
2023-24,2099,Harrisburg SD 7J,100,General Fund,5400,Resources - Beginning Fund Balance,3587833.33
2023-24,2099,Harrisburg SD 7J,201,Federal Sources,1990,Miscellaneous,3113
2023-24,2099,Harrisburg SD 7J,201,Federal Sources,4200,Unrestricted Revenue From Federal Government Through State,48654.12
2023-24,2099,Harrisburg SD 7J,201,Federal Sources,4500,Restricted Revenue From Federal Government Through the State,799610.2
2023-24,2099,Harrisburg SD 7J,201,Federal Sources,5400,Resources - Beginning Fund Balance,-65903.38
2023-24,2099,Harrisburg SD 7J,250,Non-Federal Sources,1700,Extra-Curricular Activities,143281.18
2023-24,2099,Harrisburg SD 7J,100,General Fund,2199,Other Intermediate Sources,231.69
2023-24,2099,Harrisburg SD 7J,100,General Fund,2200,Restricted Revenue,19117.65
2023-24,2099,Harrisburg SD 7J,100,General Fund,3101,State School Fund --General Support,8397399.9
2023-24,2099,Harrisburg SD 7J,100,General Fund,3102,State School Fund--School Lunch Match,-2810.6
2023-24,2099,Harrisburg SD 7J,100,General Fund,3103,Common School Fund,108137.16
2023-24,2099,Harrisburg SD 7J,100,General Fund,5200,Interfund Transfers,39665
2023-24,2100,Greater Albany Public SD 8J,250,Non-Federal Sources,5400,Resources - Beginning Fund Balance,5571967.92
2023-24,2100,Greater Albany Public SD 8J,300,Debt Service Funds,1110,Ad valorem taxes levied by district,14924502.84
2023-24,2100,Greater Albany Public SD 8J,300,Debt Service Funds,5400,Resources - Beginning Fund Balance,2512204.43
2023-24,2100,Greater Albany Public SD 8J,299,Child Nutrition,4900,Revenue for/on Behalf of the District,286384.41
2023-24,2100,Greater Albany Public SD 8J,250,Non-Federal Sources,1700,Extra-Curricular Activities,1484125.67
2023-24,2100,Greater Albany Public SD 8J,201,Federal Sources,1920,Contributions and Donations From Private Sources,-501.52
2023-24,2100,Greater Albany Public SD 8J,201,Federal Sources,4500,Restricted Revenue From Federal Government Through the State,8977086.5
2023-24,2100,Greater Albany Public SD 8J,250,Non-Federal Sources,2200,Restricted Revenue,335365.4
2023-24,2100,Greater Albany Public SD 8J,250,Non-Federal Sources,3299,Other Restricted Grants-In-Aid,2950007.13
2023-24,2100,Greater Albany Public SD 8J,299,Child Nutrition,3102,State School Fund--School Lunch Match,37262.61
2023-24,2100,Greater Albany Public SD 8J,300,Debt Service Funds,5200,Interfund Transfers,257443
2023-24,2100,Greater Albany Public SD 8J,250,Non-Federal Sources,3102,State School Fund--School Lunch Match,10000
2023-24,2100,Greater Albany Public SD 8J,299,Child Nutrition,1600,Food Service,53250.1
2023-24,2100,Greater Albany Public SD 8J,300,Debt Service Funds,2199,Other Intermediate Sources,381.09
2023-24,2100,Greater Albany Public SD 8J,100,General Fund,1990,Miscellaneous,147255.92
2023-24,2100,Greater Albany Public SD 8J,400,Capital Projects Funds,1990,Miscellaneous,163014.2
2023-24,2100,Greater Albany Public SD 8J,400,Capital Projects Funds,5200,Interfund Transfers,630118.44
2023-24,2100,Greater Albany Public SD 8J,400,Capital Projects Funds,5300,Sale of or Compensation for Loss of Fixed Assets,1977362.5
2023-24,2100,Greater Albany Public SD 8J,400,Capital Projects Funds,5400,Resources - Beginning Fund Balance,11868034.34
2023-24,2100,Greater Albany Public SD 8J,600,Internal Service Funds,1970,Services Provided Other Funds,215921.65
2023-24,2100,Greater Albany Public SD 8J,251,Student Investment Account,5400,Resources - Beginning Fund Balance,-0.01
2023-24,2100,Greater Albany Public SD 8J,300,Debt Service Funds,1970,Services Provided Other Funds,5077485.81
2023-24,2100,Greater Albany Public SD 8J,300,Debt Service Funds,3222,State School Fund (SSF) Transportation Equipment,394660
2023-24,2100,Greater Albany Public SD 8J,400,Capital Projects Funds,1130,Construction Excise Tax,454958.03
2023-24,2100,Greater Albany Public SD 8J,400,Capital Projects Funds,1500,Earnings on Investments,97504.76
2023-24,2100,Greater Albany Public SD 8J,400,Capital Projects Funds,1800,Community Services Activities,4000
2023-24,2100,Greater Albany Public SD 8J,400,Capital Projects Funds,1960,Recovery of Prior Years' Expenditure,4173.97
2023-24,2100,Greater Albany Public SD 8J,252,Measure 98 - High School Success,3299,Other Restricted Grants-In-Aid,2735107.98
2023-24,2100,Greater Albany Public SD 8J,252,Measure 98 - High School Success,5400,Resources - Beginning Fund Balance,-37113.78
2023-24,2100,Greater Albany Public SD 8J,299,Child Nutrition,1990,Miscellaneous,98108.1
2023-24,2100,Greater Albany Public SD 8J,299,Child Nutrition,4500,Restricted Revenue From Federal Government Through the State,3571279.13
2023-24,2100,Greater Albany Public SD 8J,300,Debt Service Funds,1190,Penalties and interest on taxes,39811.07
2023-24,2100,Greater Albany Public SD 8J,300,Debt Service Funds,1500,Earnings on Investments,3870.87
2023-24,2100,Greater Albany Public SD 8J,250,Non-Federal Sources,1970,Services Provided Other Funds,106907.2
2023-24,2100,Greater Albany Public SD 8J,250,Non-Federal Sources,1990,Miscellaneous,1284758.27
2023-24,2100,Greater Albany Public SD 8J,250,Non-Federal Sources,3222,State School Fund (SSF) Transportation Equipment,705500
2023-24,2100,Greater Albany Public SD 8J,250,Non-Federal Sources,5200,Interfund Transfers,240000
2023-24,2100,Greater Albany Public SD 8J,250,Non-Federal Sources,5300,Sale of or Compensation for Loss of Fixed Assets,4150
2023-24,2100,Greater Albany Public SD 8J,251,Student Investment Account,3299,Other Restricted Grants-In-Aid,8668966.61
2023-24,2100,Greater Albany Public SD 8J,201,Federal Sources,1990,Miscellaneous,8000
2023-24,2100,Greater Albany Public SD 8J,201,Federal Sources,4300,Restricted Revenue Direct From the Federal Government,48181.36
2023-24,2100,Greater Albany Public SD 8J,201,Federal Sources,4700,Grants-In-Aid From Federal Government Through Other Intermed,152291.52
2023-24,2100,Greater Albany Public SD 8J,201,Federal Sources,5400,Resources - Beginning Fund Balance,-164575.65
2023-24,2100,Greater Albany Public SD 8J,250,Non-Federal Sources,1311,Tuition from Individuals,134016
2023-24,2100,Greater Albany Public SD 8J,250,Non-Federal Sources,1920,Contributions and Donations From Private Sources,13993.23
2023-24,2100,Greater Albany Public SD 8J,100,General Fund,3104,State Managed County Timber,186298.68
2023-24,2100,Greater Albany Public SD 8J,100,General Fund,3199,Other Unrestricted Grants-In-Aid,637021.8
2023-24,2100,Greater Albany Public SD 8J,100,General Fund,3299,Other Restricted Grants-In-Aid,359411.76
2023-24,2100,Greater Albany Public SD 8J,100,General Fund,4801,Federal Forest Fees,274421.75
2023-24,2100,Greater Albany Public SD 8J,100,General Fund,5200,Interfund Transfers,600000
2023-24,2100,Greater Albany Public SD 8J,100,General Fund,5400,Resources - Beginning Fund Balance,14260016
2023-24,2100,Greater Albany Public SD 8J,100,General Fund,1980,Fees Charged to Grants,633834.83
2023-24,2100,Greater Albany Public SD 8J,100,General Fund,2101,County School Funds,80807.84
2023-24,2100,Greater Albany Public SD 8J,100,General Fund,2199,Other Intermediate Sources,801.63
2023-24,2100,Greater Albany Public SD 8J,100,General Fund,3101,State School Fund --General Support,75238735.12
2023-24,2100,Greater Albany Public SD 8J,100,General Fund,3102,State School Fund--School Lunch Match,-37262.61
2023-24,2100,Greater Albany Public SD 8J,100,General Fund,3103,Common School Fund,1313666.06
2023-24,2100,Greater Albany Public SD 8J,100,General Fund,1500,Earnings on Investments,2335832.24
2023-24,2100,Greater Albany Public SD 8J,100,General Fund,1700,Extra-Curricular Activities,34249.03
2023-24,2100,Greater Albany Public SD 8J,100,General Fund,1800,Community Services Activities,58809.51
2023-24,2100,Greater Albany Public SD 8J,100,General Fund,1910,Rentals,37221.67
2023-24,2100,Greater Albany Public SD 8J,100,General Fund,1920,Contributions and Donations From Private Sources,3750
2023-24,2100,Greater Albany Public SD 8J,100,General Fund,1970,Services Provided Other Funds,-200
2023-24,2100,Greater Albany Public SD 8J,100,General Fund,1110,Ad valorem taxes levied by district,31228390.84
2023-24,2100,Greater Albany Public SD 8J,100,General Fund,1190,Penalties and interest on taxes,83030.9
2023-24,2101,Lebanon Community SD 9,100,General Fund,5300,Sale of or Compensation for Loss of Fixed Assets,2000
2023-24,2101,Lebanon Community SD 9,299,Child Nutrition,5200,Interfund Transfers,200000
2023-24,2101,Lebanon Community SD 9,300,Debt Service Funds,1990,Miscellaneous,-71818
2023-24,2101,Lebanon Community SD 9,250,Non-Federal Sources,2200,Restricted Revenue,400
2023-24,2101,Lebanon Community SD 9,500,Enterprise Funds,5400,Resources - Beginning Fund Balance,1157191
2023-24,2101,Lebanon Community SD 9,600,Internal Service Funds,5400,Resources - Beginning Fund Balance,232512
2023-24,2101,Lebanon Community SD 9,700,Trust and Agency Funds,1990,Miscellaneous,62
2023-24,2101,Lebanon Community SD 9,700,Trust and Agency Funds,5400,Resources - Beginning Fund Balance,3108
2023-24,2101,Lebanon Community SD 9,250,Non-Federal Sources,5400,Resources - Beginning Fund Balance,6000466
2023-24,2101,Lebanon Community SD 9,299,Child Nutrition,1500,Earnings on Investments,67034
2023-24,2101,Lebanon Community SD 9,299,Child Nutrition,1600,Food Service,10778
2023-24,2101,Lebanon Community SD 9,299,Child Nutrition,3299,Other Restricted Grants-In-Aid,204945
2023-24,2101,Lebanon Community SD 9,299,Child Nutrition,4900,Revenue for/on Behalf of the District,160367
2023-24,2101,Lebanon Community SD 9,300,Debt Service Funds,1110,Ad valorem taxes levied by district,4230027
2023-24,2101,Lebanon Community SD 9,300,Debt Service Funds,1500,Earnings on Investments,11865
2023-24,2101,Lebanon Community SD 9,250,Non-Federal Sources,1500,Earnings on Investments,2424
2023-24,2101,Lebanon Community SD 9,250,Non-Federal Sources,1700,Extra-Curricular Activities,764787
2023-24,2101,Lebanon Community SD 9,250,Non-Federal Sources,1920,Contributions and Donations From Private Sources,86929
2023-24,2101,Lebanon Community SD 9,250,Non-Federal Sources,1990,Miscellaneous,309276
2023-24,2101,Lebanon Community SD 9,250,Non-Federal Sources,3299,Other Restricted Grants-In-Aid,617102
2023-24,2101,Lebanon Community SD 9,250,Non-Federal Sources,5200,Interfund Transfers,1636908
2023-24,2101,Lebanon Community SD 9,100,General Fund,1500,Earnings on Investments,1007729
2023-24,2101,Lebanon Community SD 9,201,Federal Sources,2200,Restricted Revenue,9434
2023-24,2101,Lebanon Community SD 9,201,Federal Sources,4500,Restricted Revenue From Federal Government Through the State,9645113
2023-24,2101,Lebanon Community SD 9,201,Federal Sources,4700,Grants-In-Aid From Federal Government Through Other Intermed,132881
2023-24,2101,Lebanon Community SD 9,201,Federal Sources,5400,Resources - Beginning Fund Balance,676
2023-24,2101,Lebanon Community SD 9,250,Non-Federal Sources,1130,Construction Excise Tax,338040
2023-24,2101,Lebanon Community SD 9,299,Child Nutrition,1990,Miscellaneous,19161
2023-24,2101,Lebanon Community SD 9,299,Child Nutrition,4500,Restricted Revenue From Federal Government Through the State,1926705
2023-24,2101,Lebanon Community SD 9,299,Child Nutrition,5400,Resources - Beginning Fund Balance,1609908
2023-24,2101,Lebanon Community SD 9,300,Debt Service Funds,5100,Long Term Debt Financing Sources,92168
2023-24,2101,Lebanon Community SD 9,300,Debt Service Funds,5400,Resources - Beginning Fund Balance,411530
2023-24,2101,Lebanon Community SD 9,100,General Fund,1110,Ad valorem taxes levied by district,12793354
2023-24,2101,Lebanon Community SD 9,100,General Fund,3199,Other Unrestricted Grants-In-Aid,286855
2023-24,2101,Lebanon Community SD 9,100,General Fund,4300,Restricted Revenue Direct From the Federal Government,80809
2023-24,2101,Lebanon Community SD 9,100,General Fund,4801,Federal Forest Fees,143058
2023-24,2101,Lebanon Community SD 9,100,General Fund,5400,Resources - Beginning Fund Balance,6147584
2023-24,2101,Lebanon Community SD 9,251,Student Investment Account,3299,Other Restricted Grants-In-Aid,3866818
2023-24,2101,Lebanon Community SD 9,252,Measure 98 - High School Success,3299,Other Restricted Grants-In-Aid,1065883
2023-24,2101,Lebanon Community SD 9,100,General Fund,1990,Miscellaneous,485316
2023-24,2101,Lebanon Community SD 9,100,General Fund,2101,County School Funds,30502
2023-24,2101,Lebanon Community SD 9,100,General Fund,2200,Restricted Revenue,291838
2023-24,2101,Lebanon Community SD 9,100,General Fund,3101,State School Fund --General Support,35615581
2023-24,2101,Lebanon Community SD 9,100,General Fund,3103,Common School Fund,546735
2023-24,2101,Lebanon Community SD 9,100,General Fund,3104,State Managed County Timber,97119
2023-24,2101,Lebanon Community SD 9,250,Non-Federal Sources,5100,Long Term Debt Financing Sources,762584
2023-24,2101,Lebanon Community SD 9,300,Debt Service Funds,5200,Interfund Transfers,200000
2023-24,2101,Lebanon Community SD 9,100,General Fund,1190,Penalties and interest on taxes,1268
2023-24,2101,Lebanon Community SD 9,100,General Fund,1411,Transportation fees from Individuals,8920
2023-24,2101,Lebanon Community SD 9,100,General Fund,1910,Rentals,1823
2023-24,2101,Lebanon Community SD 9,100,General Fund,1980,Fees Charged to Grants,386074
2023-24,2102,Sweet Home SD 55,100,General Fund,1110,Ad valorem taxes levied by district,5847622.9
2023-24,2102,Sweet Home SD 55,100,General Fund,1120,Local option ad valorem taxes levied by district,319283.29
2023-24,2102,Sweet Home SD 55,100,General Fund,1500,Earnings on Investments,944009.36
2023-24,2102,Sweet Home SD 55,100,General Fund,1800,Community Services Activities,35732.32
2023-24,2102,Sweet Home SD 55,100,General Fund,1910,Rentals,41485
2023-24,2102,Sweet Home SD 55,100,General Fund,1980,Fees Charged to Grants,100997.74
2023-24,2102,Sweet Home SD 55,299,Child Nutrition,5400,Resources - Beginning Fund Balance,618269.75
2023-24,2102,Sweet Home SD 55,300,Debt Service Funds,1110,Ad valorem taxes levied by district,1747262.23
2023-24,2102,Sweet Home SD 55,300,Debt Service Funds,1500,Earnings on Investments,5255.98
2023-24,2102,Sweet Home SD 55,300,Debt Service Funds,1970,Services Provided Other Funds,2617100.16
2023-24,2102,Sweet Home SD 55,300,Debt Service Funds,5400,Resources - Beginning Fund Balance,3003007.74
2023-24,2102,Sweet Home SD 55,400,Capital Projects Funds,5400,Resources - Beginning Fund Balance,591931.95
2023-24,2102,Sweet Home SD 55,252,Measure 98 - High School Success,3299,Other Restricted Grants-In-Aid,608913.95
2023-24,2102,Sweet Home SD 55,299,Child Nutrition,1600,Food Service,19858.38
2023-24,2102,Sweet Home SD 55,299,Child Nutrition,3102,State School Fund--School Lunch Match,11370.74
2023-24,2102,Sweet Home SD 55,299,Child Nutrition,3299,Other Restricted Grants-In-Aid,177403.85
2023-24,2102,Sweet Home SD 55,299,Child Nutrition,4500,Restricted Revenue From Federal Government Through the State,1015947.83
2023-24,2102,Sweet Home SD 55,299,Child Nutrition,4900,Revenue for/on Behalf of the District,85955.73
2023-24,2102,Sweet Home SD 55,250,Non-Federal Sources,3199,Other Unrestricted Grants-In-Aid,311685
2023-24,2102,Sweet Home SD 55,250,Non-Federal Sources,3299,Other Restricted Grants-In-Aid,497618.88
2023-24,2102,Sweet Home SD 55,250,Non-Federal Sources,4500,Restricted Revenue From Federal Government Through the State,10689.31
2023-24,2102,Sweet Home SD 55,250,Non-Federal Sources,5200,Interfund Transfers,3257500
2023-24,2102,Sweet Home SD 55,250,Non-Federal Sources,5400,Resources - Beginning Fund Balance,9228063.3
2023-24,2102,Sweet Home SD 55,251,Student Investment Account,3299,Other Restricted Grants-In-Aid,2149568.79
2023-24,2102,Sweet Home SD 55,100,General Fund,5400,Resources - Beginning Fund Balance,6400053.87
2023-24,2102,Sweet Home SD 55,201,Federal Sources,4500,Restricted Revenue From Federal Government Through the State,3492856.76
2023-24,2102,Sweet Home SD 55,201,Federal Sources,5400,Resources - Beginning Fund Balance,0.05
2023-24,2102,Sweet Home SD 55,250,Non-Federal Sources,1500,Earnings on Investments,332500
2023-24,2102,Sweet Home SD 55,250,Non-Federal Sources,1920,Contributions and Donations From Private Sources,81473.93
2023-24,2102,Sweet Home SD 55,250,Non-Federal Sources,1990,Miscellaneous,717901.79
2023-24,2102,Sweet Home SD 55,100,General Fund,1990,Miscellaneous,103319.11
2023-24,2102,Sweet Home SD 55,100,General Fund,2102,General Education Service District Funds,114705.88
2023-24,2102,Sweet Home SD 55,100,General Fund,3101,State School Fund --General Support,22407508.87
2023-24,2102,Sweet Home SD 55,100,General Fund,3103,Common School Fund,308626.25
2023-24,2102,Sweet Home SD 55,100,General Fund,3104,State Managed County Timber,52518.71
2023-24,2102,Sweet Home SD 55,100,General Fund,4801,Federal Forest Fees,77361.11
2023-24,2103,Scio SD 95,299,Child Nutrition,5400,Resources - Beginning Fund Balance,136565.51
2023-24,2103,Scio SD 95,400,Capital Projects Funds,1990,Miscellaneous,26590.16
2023-24,2103,Scio SD 95,400,Capital Projects Funds,3299,Other Restricted Grants-In-Aid,419550.84
2023-24,2103,Scio SD 95,400,Capital Projects Funds,5200,Interfund Transfers,2244739
2023-24,2103,Scio SD 95,400,Capital Projects Funds,5400,Resources - Beginning Fund Balance,3109106.19
2023-24,2103,Scio SD 95,299,Child Nutrition,1600,Food Service,52019.41
2023-24,2103,Scio SD 95,299,Child Nutrition,1990,Miscellaneous,2
2023-24,2103,Scio SD 95,299,Child Nutrition,3299,Other Restricted Grants-In-Aid,30811.15
2023-24,2103,Scio SD 95,299,Child Nutrition,4500,Restricted Revenue From Federal Government Through the State,226116.75
2023-24,2103,Scio SD 95,299,Child Nutrition,4900,Revenue for/on Behalf of the District,18999.5
2023-24,2103,Scio SD 95,299,Child Nutrition,5200,Interfund Transfers,2231.02
2023-24,2103,Scio SD 95,250,Non-Federal Sources,3299,Other Restricted Grants-In-Aid,105405.77
2023-24,2103,Scio SD 95,250,Non-Federal Sources,4500,Restricted Revenue From Federal Government Through the State,8218.31
2023-24,2103,Scio SD 95,250,Non-Federal Sources,5200,Interfund Transfers,45000
2023-24,2103,Scio SD 95,250,Non-Federal Sources,5400,Resources - Beginning Fund Balance,2348290.99
2023-24,2103,Scio SD 95,251,Student Investment Account,3299,Other Restricted Grants-In-Aid,1032870.65
2023-24,2103,Scio SD 95,252,Measure 98 - High School Success,3299,Other Restricted Grants-In-Aid,216500.04
2023-24,2103,Scio SD 95,250,Non-Federal Sources,1500,Earnings on Investments,232.43
2023-24,2103,Scio SD 95,250,Non-Federal Sources,1700,Extra-Curricular Activities,201394.36
2023-24,2103,Scio SD 95,250,Non-Federal Sources,1920,Contributions and Donations From Private Sources,2882
2023-24,2103,Scio SD 95,250,Non-Federal Sources,1960,Recovery of Prior Years' Expenditure,1157.5
2023-24,2103,Scio SD 95,250,Non-Federal Sources,1990,Miscellaneous,22262.5
2023-24,2103,Scio SD 95,250,Non-Federal Sources,2200,Restricted Revenue,4500
2023-24,2103,Scio SD 95,100,General Fund,3204,Driver Education,16590
2023-24,2103,Scio SD 95,100,General Fund,4801,Federal Forest Fees,24906.61
2023-24,2103,Scio SD 95,100,General Fund,5400,Resources - Beginning Fund Balance,3403323.91
2023-24,2103,Scio SD 95,201,Federal Sources,4500,Restricted Revenue From Federal Government Through the State,786521.06
2023-24,2103,Scio SD 95,201,Federal Sources,4700,Grants-In-Aid From Federal Government Through Other Intermed,17497.87
2023-24,2103,Scio SD 95,201,Federal Sources,5400,Resources - Beginning Fund Balance,-34415.9
2023-24,2103,Scio SD 95,100,General Fund,1990,Miscellaneous,64359.51
2023-24,2103,Scio SD 95,100,General Fund,2101,County School Funds,5310.34
2023-24,2103,Scio SD 95,100,General Fund,2200,Restricted Revenue,38235.29
2023-24,2103,Scio SD 95,100,General Fund,3101,State School Fund --General Support,19515983.88
2023-24,2103,Scio SD 95,100,General Fund,3103,Common School Fund,102492.32
2023-24,2103,Scio SD 95,100,General Fund,3104,State Managed County Timber,16908.53
2023-24,2103,Scio SD 95,100,General Fund,1190,Penalties and interest on taxes,4974.95
2023-24,2103,Scio SD 95,100,General Fund,1500,Earnings on Investments,545987.65
2023-24,2103,Scio SD 95,100,General Fund,1700,Extra-Curricular Activities,4161.47
2023-24,2103,Scio SD 95,100,General Fund,1910,Rentals,11235
2023-24,2103,Scio SD 95,100,General Fund,1960,Recovery of Prior Years' Expenditure,3950.2
2023-24,2103,Scio SD 95,100,General Fund,1980,Fees Charged to Grants,68229.89
2023-24,2103,Scio SD 95,100,General Fund,1110,Ad valorem taxes levied by district,1665496.26
2023-24,2104,Santiam Canyon SD 129J,100,General Fund,1110,Ad valorem taxes levied by district,2453996.54
2023-24,2104,Santiam Canyon SD 129J,100,General Fund,1190,Penalties and interest on taxes,5766.75
2023-24,2104,Santiam Canyon SD 129J,100,General Fund,1500,Earnings on Investments,471555.64
2023-24,2104,Santiam Canyon SD 129J,100,General Fund,1700,Extra-Curricular Activities,10624.86
2023-24,2104,Santiam Canyon SD 129J,100,General Fund,1920,Contributions and Donations From Private Sources,24000
2023-24,2104,Santiam Canyon SD 129J,100,General Fund,1940,Services Provided Other Local Education Agencies,1273800.53
2023-24,2104,Santiam Canyon SD 129J,250,Non-Federal Sources,1920,Contributions and Donations From Private Sources,242834.7
2023-24,2104,Santiam Canyon SD 129J,250,Non-Federal Sources,1990,Miscellaneous,59282.88
2023-24,2104,Santiam Canyon SD 129J,250,Non-Federal Sources,3299,Other Restricted Grants-In-Aid,363362.2
2023-24,2104,Santiam Canyon SD 129J,250,Non-Federal Sources,5200,Interfund Transfers,22000
2023-24,2104,Santiam Canyon SD 129J,250,Non-Federal Sources,5400,Resources - Beginning Fund Balance,966625.6
2023-24,2104,Santiam Canyon SD 129J,250,Non-Federal Sources,3199,Other Unrestricted Grants-In-Aid,894799.44
2023-24,2104,Santiam Canyon SD 129J,400,Capital Projects Funds,5400,Resources - Beginning Fund Balance,3400743.69
2023-24,2104,Santiam Canyon SD 129J,252,Measure 98 - High School Success,3299,Other Restricted Grants-In-Aid,155769.2
2023-24,2104,Santiam Canyon SD 129J,251,Student Investment Account,3299,Other Restricted Grants-In-Aid,999908.81
2023-24,2104,Santiam Canyon SD 129J,201,Federal Sources,3299,Other Restricted Grants-In-Aid,16105.07
2023-24,2104,Santiam Canyon SD 129J,201,Federal Sources,4500,Restricted Revenue From Federal Government Through the State,1070625
2023-24,2104,Santiam Canyon SD 129J,201,Federal Sources,5400,Resources - Beginning Fund Balance,-19210.95
2023-24,2104,Santiam Canyon SD 129J,300,Debt Service Funds,1970,Services Provided Other Funds,353004.71
2023-24,2104,Santiam Canyon SD 129J,300,Debt Service Funds,1990,Miscellaneous,-21526
2023-24,2104,Santiam Canyon SD 129J,300,Debt Service Funds,2199,Other Intermediate Sources,86.62
2023-24,2104,Santiam Canyon SD 129J,300,Debt Service Funds,2800,Revenue in Lieu of Taxes,195.72
2023-24,2104,Santiam Canyon SD 129J,300,Debt Service Funds,5400,Resources - Beginning Fund Balance,1228309.15
2023-24,2104,Santiam Canyon SD 129J,400,Capital Projects Funds,5200,Interfund Transfers,380000
2023-24,2104,Santiam Canyon SD 129J,250,Non-Federal Sources,1500,Earnings on Investments,23541.07
2023-24,2104,Santiam Canyon SD 129J,250,Non-Federal Sources,1700,Extra-Curricular Activities,95365.81
2023-24,2104,Santiam Canyon SD 129J,250,Non-Federal Sources,1910,Rentals,1079
2023-24,2104,Santiam Canyon SD 129J,250,Non-Federal Sources,1960,Recovery of Prior Years' Expenditure,53.15
2023-24,2104,Santiam Canyon SD 129J,300,Debt Service Funds,1110,Ad valorem taxes levied by district,1040415.96
2023-24,2104,Santiam Canyon SD 129J,300,Debt Service Funds,1500,Earnings on Investments,14701.4
2023-24,2104,Santiam Canyon SD 129J,299,Child Nutrition,3299,Other Restricted Grants-In-Aid,5418
2023-24,2104,Santiam Canyon SD 129J,299,Child Nutrition,4500,Restricted Revenue From Federal Government Through the State,258103.39
2023-24,2104,Santiam Canyon SD 129J,299,Child Nutrition,4900,Revenue for/on Behalf of the District,12030.63
2023-24,2104,Santiam Canyon SD 129J,299,Child Nutrition,5200,Interfund Transfers,43935.19
2023-24,2104,Santiam Canyon SD 129J,299,Child Nutrition,5400,Resources - Beginning Fund Balance,1700
2023-24,2104,Santiam Canyon SD 129J,201,Federal Sources,4300,Restricted Revenue Direct From the Federal Government,86626.58
2023-24,2104,Santiam Canyon SD 129J,100,General Fund,3104,State Managed County Timber,461658.92
2023-24,2104,Santiam Canyon SD 129J,100,General Fund,4200,Unrestricted Revenue From Federal Government Through State,665.28
2023-24,2104,Santiam Canyon SD 129J,100,General Fund,4801,Federal Forest Fees,43503.09
2023-24,2104,Santiam Canyon SD 129J,100,General Fund,5400,Resources - Beginning Fund Balance,2009514.44
2023-24,2104,Santiam Canyon SD 129J,299,Child Nutrition,1990,Miscellaneous,427.9
2023-24,2104,Santiam Canyon SD 129J,299,Child Nutrition,3102,State School Fund--School Lunch Match,44.6
2023-24,2104,Santiam Canyon SD 129J,100,General Fund,1990,Miscellaneous,80865.97
2023-24,2104,Santiam Canyon SD 129J,100,General Fund,2102,General Education Service District Funds,313648.64
2023-24,2104,Santiam Canyon SD 129J,100,General Fund,2199,Other Intermediate Sources,209
2023-24,2104,Santiam Canyon SD 129J,100,General Fund,2800,Revenue in Lieu of Taxes,459.12
2023-24,2104,Santiam Canyon SD 129J,100,General Fund,3101,State School Fund --General Support,34792960.91
2023-24,2104,Santiam Canyon SD 129J,100,General Fund,3103,Common School Fund,131747.26
2023-24,2105,Central Linn SD 552,201,Federal Sources,4500,Restricted Revenue From Federal Government Through the State,1372586.87
2023-24,2105,Central Linn SD 552,250,Non-Federal Sources,1500,Earnings on Investments,67.03
2023-24,2105,Central Linn SD 552,250,Non-Federal Sources,1700,Extra-Curricular Activities,141130.96
2023-24,2105,Central Linn SD 552,250,Non-Federal Sources,3299,Other Restricted Grants-In-Aid,64936.28
2023-24,2105,Central Linn SD 552,250,Non-Federal Sources,5400,Resources - Beginning Fund Balance,699941.15
2023-24,2105,Central Linn SD 552,100,General Fund,1110,Ad valorem taxes levied by district,4227021.48
2023-24,2105,Central Linn SD 552,299,Child Nutrition,4900,Revenue for/on Behalf of the District,11363.71
2023-24,2105,Central Linn SD 552,299,Child Nutrition,5200,Interfund Transfers,124718.27
2023-24,2105,Central Linn SD 552,400,Capital Projects Funds,5400,Resources - Beginning Fund Balance,-0.36
2023-24,2105,Central Linn SD 552,500,Enterprise Funds,5400,Resources - Beginning Fund Balance,1518.21
2023-24,2105,Central Linn SD 552,252,Measure 98 - High School Success,3299,Other Restricted Grants-In-Aid,202873.66
2023-24,2105,Central Linn SD 552,299,Child Nutrition,1600,Food Service,15174.84
2023-24,2105,Central Linn SD 552,299,Child Nutrition,1990,Miscellaneous,31.17
2023-24,2105,Central Linn SD 552,299,Child Nutrition,3102,State School Fund--School Lunch Match,50379.56
2023-24,2105,Central Linn SD 552,299,Child Nutrition,3299,Other Restricted Grants-In-Aid,466.1
2023-24,2105,Central Linn SD 552,299,Child Nutrition,4500,Restricted Revenue From Federal Government Through the State,172042.36
2023-24,2105,Central Linn SD 552,201,Federal Sources,5100,Long Term Debt Financing Sources,58480
2023-24,2105,Central Linn SD 552,201,Federal Sources,5200,Interfund Transfers,13696.55
2023-24,2105,Central Linn SD 552,201,Federal Sources,5400,Resources - Beginning Fund Balance,0.3
2023-24,2105,Central Linn SD 552,250,Non-Federal Sources,4500,Restricted Revenue From Federal Government Through the State,56922.82
2023-24,2105,Central Linn SD 552,250,Non-Federal Sources,5200,Interfund Transfers,123802.44
2023-24,2105,Central Linn SD 552,251,Student Investment Account,3299,Other Restricted Grants-In-Aid,583718.41
2023-24,2105,Central Linn SD 552,100,General Fund,3103,Common School Fund,73813.98
2023-24,2105,Central Linn SD 552,100,General Fund,3104,State Managed County Timber,14746.56
2023-24,2105,Central Linn SD 552,100,General Fund,3199,Other Unrestricted Grants-In-Aid,39747.41
2023-24,2105,Central Linn SD 552,100,General Fund,3299,Other Restricted Grants-In-Aid,-54165.64
2023-24,2105,Central Linn SD 552,100,General Fund,4500,Restricted Revenue From Federal Government Through the State,23574.44
2023-24,2105,Central Linn SD 552,100,General Fund,5400,Resources - Beginning Fund Balance,1759704.17
2023-24,2105,Central Linn SD 552,100,General Fund,1500,Earnings on Investments,125646.72
2023-24,2105,Central Linn SD 552,100,General Fund,1700,Extra-Curricular Activities,77775.6
2023-24,2105,Central Linn SD 552,100,General Fund,1910,Rentals,127.5
2023-24,2105,Central Linn SD 552,100,General Fund,1920,Contributions and Donations From Private Sources,1735
2023-24,2105,Central Linn SD 552,100,General Fund,1990,Miscellaneous,147994.93
2023-24,2105,Central Linn SD 552,100,General Fund,3101,State School Fund --General Support,2958915.23
2023-24,2106,Malheur ESD Region 14,100,General Fund,1110,Ad valorem taxes levied by district,772967.36
2023-24,2106,Malheur ESD Region 14,100,General Fund,1500,Earnings on Investments,86763.14
2023-24,2106,Malheur ESD Region 14,100,General Fund,1910,Rentals,25
2023-24,2106,Malheur ESD Region 14,100,General Fund,1940,Services Provided Other Local Education Agencies,318267.93
2023-24,2106,Malheur ESD Region 14,100,General Fund,1980,Fees Charged to Grants,400069.99
2023-24,2106,Malheur ESD Region 14,100,General Fund,1990,Miscellaneous,8635.25
2023-24,2106,Malheur ESD Region 14,200,Special Revenue Funds,5400,Resources - Beginning Fund Balance,1444456.9
2023-24,2106,Malheur ESD Region 14,201,Federal Sources,4500,Restricted Revenue From Federal Government Through the State,1914854.91
2023-24,2106,Malheur ESD Region 14,400,Capital Projects Funds,5200,Interfund Transfers,50000
2023-24,2106,Malheur ESD Region 14,400,Capital Projects Funds,5400,Resources - Beginning Fund Balance,416060.6
2023-24,2106,Malheur ESD Region 14,600,Internal Service Funds,1940,Services Provided Other Local Education Agencies,605235.55
2023-24,2106,Malheur ESD Region 14,600,Internal Service Funds,1990,Miscellaneous,65952.17
2023-24,2106,Malheur ESD Region 14,600,Internal Service Funds,5200,Interfund Transfers,200000
2023-24,2106,Malheur ESD Region 14,600,Internal Service Funds,5400,Resources - Beginning Fund Balance,185042.18
2023-24,2106,Malheur ESD Region 14,100,General Fund,3101,State School Fund --General Support,2906828.06
2023-24,2106,Malheur ESD Region 14,100,General Fund,5400,Resources - Beginning Fund Balance,1377871.66
2023-24,2106,Malheur ESD Region 14,250,Non-Federal Sources,1940,Services Provided Other Local Education Agencies,423088.57
2023-24,2106,Malheur ESD Region 14,250,Non-Federal Sources,1990,Miscellaneous,557179.6
2023-24,2106,Malheur ESD Region 14,250,Non-Federal Sources,3204,Driver Education,17908.98
2023-24,2106,Malheur ESD Region 14,250,Non-Federal Sources,3299,Other Restricted Grants-In-Aid,5321233.79
2023-24,2107,Jordan Valley SD 3,100,General Fund,1110,Ad valorem taxes levied by district,222695.12
2023-24,2107,Jordan Valley SD 3,100,General Fund,1313,Tuition from Other Districts outside the State,78155
2023-24,2107,Jordan Valley SD 3,100,General Fund,1500,Earnings on Investments,135711.78
2023-24,2107,Jordan Valley SD 3,100,General Fund,1990,Miscellaneous,32614.68
2023-24,2107,Jordan Valley SD 3,100,General Fund,3101,State School Fund --General Support,1873170.27
2023-24,2107,Jordan Valley SD 3,100,General Fund,3103,Common School Fund,8219.42
2023-24,2107,Jordan Valley SD 3,251,Student Investment Account,3299,Other Restricted Grants-In-Aid,140981.91
2023-24,2107,Jordan Valley SD 3,400,Capital Projects Funds,5200,Interfund Transfers,392388.53
2023-24,2107,Jordan Valley SD 3,400,Capital Projects Funds,5400,Resources - Beginning Fund Balance,150000
2023-24,2107,Jordan Valley SD 3,201,Federal Sources,5400,Resources - Beginning Fund Balance,-52679.92
2023-24,2107,Jordan Valley SD 3,250,Non-Federal Sources,5400,Resources - Beginning Fund Balance,165348.46
2023-24,2107,Jordan Valley SD 3,100,General Fund,5400,Resources - Beginning Fund Balance,2195271.79
2023-24,2107,Jordan Valley SD 3,100,General Fund,3199,Other Unrestricted Grants-In-Aid,4034.28
2023-24,2107,Jordan Valley SD 3,100,General Fund,5300,Sale of or Compensation for Loss of Fixed Assets,70000
2023-24,2107,Jordan Valley SD 3,201,Federal Sources,4500,Restricted Revenue From Federal Government Through the State,187768.15
2023-24,2107,Jordan Valley SD 3,250,Non-Federal Sources,1700,Extra-Curricular Activities,166905.81
2023-24,2107,Jordan Valley SD 3,250,Non-Federal Sources,3299,Other Restricted Grants-In-Aid,400712.82
2023-24,2107,Jordan Valley SD 3,250,Non-Federal Sources,5200,Interfund Transfers,100000
2023-24,2108,Ontario SD 8C,200,Special Revenue Funds,1700,Extra-Curricular Activities,271770.95
2023-24,2108,Ontario SD 8C,300,Debt Service Funds,1970,Services Provided Other Funds,1783098.71
2023-24,2108,Ontario SD 8C,400,Capital Projects Funds,5200,Interfund Transfers,2193500
2023-24,2108,Ontario SD 8C,500,Enterprise Funds,3299,Other Restricted Grants-In-Aid,22407
2023-24,2108,Ontario SD 8C,100,General Fund,3101,State School Fund --General Support,28035242.07
2023-24,2108,Ontario SD 8C,100,General Fund,3103,Common School Fund,319102.66
2023-24,2108,Ontario SD 8C,200,Special Revenue Funds,4202,Medicaid Reimbursement for Eligible K-12 Expenses (Ages Five to Twenty-One),165157.43
2023-24,2108,Ontario SD 8C,299,Child Nutrition,1990,Miscellaneous,-408310.68
2023-24,2108,Ontario SD 8C,100,General Fund,1110,Ad valorem taxes levied by district,5326312.39
2023-24,2108,Ontario SD 8C,100,General Fund,1500,Earnings on Investments,1012743.25
2023-24,2108,Ontario SD 8C,100,General Fund,1990,Miscellaneous,-1317685.07
2023-24,2108,Ontario SD 8C,252,Measure 98 - High School Success,3299,Other Restricted Grants-In-Aid,556849.82
2023-24,2108,Ontario SD 8C,201,Federal Sources,3299,Other Restricted Grants-In-Aid,82948
2023-24,2108,Ontario SD 8C,250,Non-Federal Sources,3299,Other Restricted Grants-In-Aid,1172881.62
2023-24,2108,Ontario SD 8C,200,Special Revenue Funds,1920,Contributions and Donations From Private Sources,1977.3
2023-24,2108,Ontario SD 8C,200,Special Revenue Funds,1990,Miscellaneous,9000.18
2023-24,2108,Ontario SD 8C,201,Federal Sources,4500,Restricted Revenue From Federal Government Through the State,4115739.01
2023-24,2108,Ontario SD 8C,200,Special Revenue Funds,3299,Other Restricted Grants-In-Aid,-6964
2023-24,2108,Ontario SD 8C,500,Enterprise Funds,1990,Miscellaneous,115053.68
2023-24,2108,Ontario SD 8C,299,Child Nutrition,5400,Resources - Beginning Fund Balance,2793200.26
2023-24,2108,Ontario SD 8C,500,Enterprise Funds,5400,Resources - Beginning Fund Balance,28554.68
2023-24,2108,Ontario SD 8C,600,Internal Service Funds,1500,Earnings on Investments,1382
2023-24,2108,Ontario SD 8C,600,Internal Service Funds,5400,Resources - Beginning Fund Balance,361562.47
2023-24,2108,Ontario SD 8C,200,Special Revenue Funds,5400,Resources - Beginning Fund Balance,1205538.98
2023-24,2108,Ontario SD 8C,251,Student Investment Account,3299,Other Restricted Grants-In-Aid,2340635.02
2023-24,2108,Ontario SD 8C,300,Debt Service Funds,1500,Earnings on Investments,822581.78
2023-24,2108,Ontario SD 8C,100,General Fund,5400,Resources - Beginning Fund Balance,10279364.52
2023-24,2108,Ontario SD 8C,201,Federal Sources,5400,Resources - Beginning Fund Balance,-116506.86
2023-24,2108,Ontario SD 8C,250,Non-Federal Sources,5400,Resources - Beginning Fund Balance,-95707.39
2023-24,2108,Ontario SD 8C,251,Student Investment Account,5400,Resources - Beginning Fund Balance,1013908.89
2023-24,2108,Ontario SD 8C,252,Measure 98 - High School Success,5400,Resources - Beginning Fund Balance,65358.13
2023-24,2108,Ontario SD 8C,100,General Fund,1700,Extra-Curricular Activities,28118.14
2023-24,2108,Ontario SD 8C,400,Capital Projects Funds,5400,Resources - Beginning Fund Balance,4451015.81
2023-24,2108,Ontario SD 8C,300,Debt Service Funds,1990,Miscellaneous,-43068
2023-24,2108,Ontario SD 8C,300,Debt Service Funds,5400,Resources - Beginning Fund Balance,14918010.38
2023-24,2108,Ontario SD 8C,400,Capital Projects Funds,1990,Miscellaneous,120211.04
2023-24,2108,Ontario SD 8C,300,Debt Service Funds,1110,Ad valorem taxes levied by district,1196849.04
2023-24,2108,Ontario SD 8C,250,Non-Federal Sources,5200,Interfund Transfers,6500
2023-24,2108,Ontario SD 8C,100,General Fund,1200,Revenue From Local Governmental Units Other Than Districts,1694.81
2023-24,2108,Ontario SD 8C,100,General Fund,1910,Rentals,10372.31
2023-24,2108,Ontario SD 8C,100,General Fund,1980,Fees Charged to Grants,449600.62
2023-24,2108,Ontario SD 8C,100,General Fund,2200,Restricted Revenue,1849630.02
2023-24,2108,Ontario SD 8C,299,Child Nutrition,1600,Food Service,6214.7
2023-24,2108,Ontario SD 8C,100,General Fund,3299,Other Restricted Grants-In-Aid,115103.01
2023-24,2108,Ontario SD 8C,100,General Fund,4500,Restricted Revenue From Federal Government Through the State,11747408.77
2023-24,2108,Ontario SD 8C,100,General Fund,5300,Sale of or Compensation for Loss of Fixed Assets,18493.62
2023-24,2108,Ontario SD 8C,299,Child Nutrition,3102,State School Fund--School Lunch Match,16214.66
2023-24,2108,Ontario SD 8C,299,Child Nutrition,4500,Restricted Revenue From Federal Government Through the State,1992086.11
2023-24,2108,Ontario SD 8C,299,Child Nutrition,4900,Revenue for/on Behalf of the District,122991.44
2023-24,2109,Juntura SD 12,100,General Fund,1110,Ad valorem taxes levied by district,75950.92
2023-24,2109,Juntura SD 12,100,General Fund,1500,Earnings on Investments,39687.91
2023-24,2109,Juntura SD 12,100,General Fund,1990,Miscellaneous,11179.6
2023-24,2109,Juntura SD 12,100,General Fund,3101,State School Fund --General Support,237576.85
2023-24,2109,Juntura SD 12,100,General Fund,3103,Common School Fund,514.12
2023-24,2109,Juntura SD 12,201,Federal Sources,4300,Restricted Revenue Direct From the Federal Government,80173.5
2023-24,2109,Juntura SD 12,200,Special Revenue Funds,4500,Restricted Revenue From Federal Government Through the State,10000
2023-24,2109,Juntura SD 12,201,Federal Sources,4500,Restricted Revenue From Federal Government Through the State,1705.82
2023-24,2109,Juntura SD 12,100,General Fund,5400,Resources - Beginning Fund Balance,692535.2
2023-24,2109,Juntura SD 12,250,Non-Federal Sources,3299,Other Restricted Grants-In-Aid,33329
2023-24,2109,Juntura SD 12,200,Special Revenue Funds,5400,Resources - Beginning Fund Balance,93545
2023-24,2109,Juntura SD 12,400,Capital Projects Funds,5400,Resources - Beginning Fund Balance,18443.43
2023-24,2109,Juntura SD 12,250,Non-Federal Sources,1990,Miscellaneous,2100
2023-24,2110,Nyssa SD 26,300,Debt Service Funds,1110,Ad valorem taxes levied by district,407688.73
2023-24,2110,Nyssa SD 26,300,Debt Service Funds,1500,Earnings on Investments,11284.22
2023-24,2110,Nyssa SD 26,300,Debt Service Funds,2199,Other Intermediate Sources,300.42
2023-24,2110,Nyssa SD 26,300,Debt Service Funds,5400,Resources - Beginning Fund Balance,42461.54
2023-24,2110,Nyssa SD 26,400,Capital Projects Funds,1500,Earnings on Investments,150424.13
2023-24,2110,Nyssa SD 26,400,Capital Projects Funds,5200,Interfund Transfers,1714910.47
2023-24,2110,Nyssa SD 26,299,Child Nutrition,5200,Interfund Transfers,16963.64
2023-24,2110,Nyssa SD 26,299,Child Nutrition,5400,Resources - Beginning Fund Balance,45008.66
2023-24,2110,Nyssa SD 26,251,Student Investment Account,5400,Resources - Beginning Fund Balance,159525.83
2023-24,2110,Nyssa SD 26,252,Measure 98 - High School Success,3299,Other Restricted Grants-In-Aid,449647.87
2023-24,2110,Nyssa SD 26,252,Measure 98 - High School Success,5400,Resources - Beginning Fund Balance,-53950.11
2023-24,2110,Nyssa SD 26,299,Child Nutrition,1990,Miscellaneous,1737
2023-24,2110,Nyssa SD 26,299,Child Nutrition,3299,Other Restricted Grants-In-Aid,15968.18
2023-24,2110,Nyssa SD 26,299,Child Nutrition,4500,Restricted Revenue From Federal Government Through the State,959710.77
2023-24,2110,Nyssa SD 26,250,Non-Federal Sources,2200,Restricted Revenue,22471.74
2023-24,2110,Nyssa SD 26,250,Non-Federal Sources,3299,Other Restricted Grants-In-Aid,615957.08
2023-24,2110,Nyssa SD 26,250,Non-Federal Sources,5200,Interfund Transfers,119127.8
2023-24,2110,Nyssa SD 26,250,Non-Federal Sources,5300,Sale of or Compensation for Loss of Fixed Assets,45192
2023-24,2110,Nyssa SD 26,250,Non-Federal Sources,5400,Resources - Beginning Fund Balance,1387073.21
2023-24,2110,Nyssa SD 26,251,Student Investment Account,3299,Other Restricted Grants-In-Aid,1368470.55
2023-24,2110,Nyssa SD 26,100,General Fund,3103,Common School Fund,166755.06
2023-24,2110,Nyssa SD 26,100,General Fund,5300,Sale of or Compensation for Loss of Fixed Assets,18518
2023-24,2110,Nyssa SD 26,100,General Fund,5400,Resources - Beginning Fund Balance,6494871.46
2023-24,2110,Nyssa SD 26,201,Federal Sources,4500,Restricted Revenue From Federal Government Through the State,2695629.39
2023-24,2110,Nyssa SD 26,201,Federal Sources,5400,Resources - Beginning Fund Balance,-2384.89
2023-24,2110,Nyssa SD 26,250,Non-Federal Sources,1990,Miscellaneous,274184.36
2023-24,2110,Nyssa SD 26,100,General Fund,1910,Rentals,3810.72
2023-24,2110,Nyssa SD 26,100,General Fund,1980,Fees Charged to Grants,75422.59
2023-24,2110,Nyssa SD 26,100,General Fund,1990,Miscellaneous,42553.61
2023-24,2110,Nyssa SD 26,100,General Fund,2101,County School Funds,979.17
2023-24,2110,Nyssa SD 26,100,General Fund,2199,Other Intermediate Sources,853.29
2023-24,2110,Nyssa SD 26,100,General Fund,3101,State School Fund --General Support,18146273.36
2023-24,2110,Nyssa SD 26,400,Capital Projects Funds,5400,Resources - Beginning Fund Balance,797387.99
2023-24,2110,Nyssa SD 26,100,General Fund,1110,Ad valorem taxes levied by district,1155499.59
2023-24,2110,Nyssa SD 26,100,General Fund,1500,Earnings on Investments,226504.1
2023-24,2110,Nyssa SD 26,100,General Fund,1700,Extra-Curricular Activities,13690.65
2023-24,2110,Nyssa SD 26,250,Non-Federal Sources,1500,Earnings on Investments,19792.64
2023-24,2110,Nyssa SD 26,299,Child Nutrition,1600,Food Service,16732.71
2023-24,2111,Annex SD 29,100,General Fund,1500,Earnings on Investments,102071.08
2023-24,2111,Annex SD 29,100,General Fund,1990,Miscellaneous,7315.11
2023-24,2111,Annex SD 29,100,General Fund,3101,State School Fund --General Support,1893417.49
2023-24,2111,Annex SD 29,100,General Fund,3103,Common School Fund,16126.15
2023-24,2111,Annex SD 29,100,General Fund,4500,Restricted Revenue From Federal Government Through the State,176814
2023-24,2111,Annex SD 29,100,General Fund,5400,Resources - Beginning Fund Balance,809872.67
2023-24,2111,Annex SD 29,400,Capital Projects Funds,5400,Resources - Beginning Fund Balance,773462
2023-24,2111,Annex SD 29,201,Federal Sources,4500,Restricted Revenue From Federal Government Through the State,474739.01
2023-24,2111,Annex SD 29,200,Special Revenue Funds,3299,Other Restricted Grants-In-Aid,200113.33
2023-24,2111,Annex SD 29,100,General Fund,1110,Ad valorem taxes levied by district,201993.38
2023-24,2111,Annex SD 29,200,Special Revenue Funds,5400,Resources - Beginning Fund Balance,73892
2023-24,2111,Annex SD 29,200,Special Revenue Funds,1700,Extra-Curricular Activities,1370
2023-24,2111,Annex SD 29,252,Measure 98 - High School Success,3299,Other Restricted Grants-In-Aid,40577.09
2023-24,2111,Annex SD 29,201,Federal Sources,5400,Resources - Beginning Fund Balance,-16845.63
2023-24,2111,Annex SD 29,200,Special Revenue Funds,5200,Interfund Transfers,100000
2023-24,2111,Annex SD 29,251,Student Investment Account,3299,Other Restricted Grants-In-Aid,164165.63
2023-24,2111,Annex SD 29,600,Internal Service Funds,5400,Resources - Beginning Fund Balance,15014.23
2023-24,2111,Annex SD 29,201,Federal Sources,4300,Restricted Revenue Direct From the Federal Government,4633.74
2023-24,2111,Annex SD 29,201,Federal Sources,1600,Food Service,110
2023-24,2111,Annex SD 29,201,Federal Sources,5200,Interfund Transfers,36134.15
2023-24,2112,Malheur County SD 51,100,General Fund,1110,Ad valorem taxes levied by district,18104.08
2023-24,2112,Malheur County SD 51,100,General Fund,1500,Earnings on Investments,11291.47
2023-24,2112,Malheur County SD 51,100,General Fund,3101,State School Fund --General Support,27092.65
2023-24,2112,Malheur County SD 51,100,General Fund,3103,Common School Fund,347.9
2023-24,2112,Malheur County SD 51,100,General Fund,4500,Restricted Revenue From Federal Government Through the State,541.55
2023-24,2112,Malheur County SD 51,100,General Fund,5400,Resources - Beginning Fund Balance,222290.11
2023-24,2113,Adrian SD 61,100,General Fund,1110,Ad valorem taxes levied by district,462800.69
2023-24,2113,Adrian SD 61,100,General Fund,1500,Earnings on Investments,75233.81
2023-24,2113,Adrian SD 61,100,General Fund,1700,Extra-Curricular Activities,9996.18
2023-24,2113,Adrian SD 61,100,General Fund,1910,Rentals,8800
2023-24,2113,Adrian SD 61,100,General Fund,1920,Contributions and Donations From Private Sources,5000
2023-24,2113,Adrian SD 61,100,General Fund,1990,Miscellaneous,27223.86
2023-24,2113,Adrian SD 61,201,Federal Sources,4500,Restricted Revenue From Federal Government Through the State,5167.69
2023-24,2113,Adrian SD 61,201,Federal Sources,4700,Grants-In-Aid From Federal Government Through Other Intermed,32075.98
2023-24,2113,Adrian SD 61,300,Debt Service Funds,1110,Ad valorem taxes levied by district,189729.11
2023-24,2113,Adrian SD 61,300,Debt Service Funds,1500,Earnings on Investments,2738.69
2023-24,2113,Adrian SD 61,201,Federal Sources,4300,Restricted Revenue Direct From the Federal Government,0
2023-24,2113,Adrian SD 61,250,Non-Federal Sources,3299,Other Restricted Grants-In-Aid,41690.33
2023-24,2113,Adrian SD 61,299,Child Nutrition,4500,Restricted Revenue From Federal Government Through the State,88465.77
2023-24,2113,Adrian SD 61,299,Child Nutrition,4900,Revenue for/on Behalf of the District,12496.93
2023-24,2113,Adrian SD 61,250,Non-Federal Sources,1500,Earnings on Investments,369.92
2023-24,2113,Adrian SD 61,250,Non-Federal Sources,1700,Extra-Curricular Activities,171836.37
2023-24,2113,Adrian SD 61,300,Debt Service Funds,5400,Resources - Beginning Fund Balance,-32135.79
2023-24,2113,Adrian SD 61,400,Capital Projects Funds,1920,Contributions and Donations From Private Sources,135000
2023-24,2113,Adrian SD 61,400,Capital Projects Funds,5200,Interfund Transfers,255000
2023-24,2113,Adrian SD 61,400,Capital Projects Funds,5400,Resources - Beginning Fund Balance,517431.74
2023-24,2113,Adrian SD 61,100,General Fund,3299,Other Restricted Grants-In-Aid,10327
2023-24,2113,Adrian SD 61,100,General Fund,4500,Restricted Revenue From Federal Government Through the State,0
2023-24,2113,Adrian SD 61,252,Measure 98 - High School Success,5400,Resources - Beginning Fund Balance,-138.15
2023-24,2113,Adrian SD 61,299,Child Nutrition,1600,Food Service,37707.37
2023-24,2113,Adrian SD 61,299,Child Nutrition,3102,State School Fund--School Lunch Match,1549.93
2023-24,2113,Adrian SD 61,299,Child Nutrition,3299,Other Restricted Grants-In-Aid,15546.45
2023-24,2113,Adrian SD 61,299,Child Nutrition,5200,Interfund Transfers,18520
2023-24,2113,Adrian SD 61,299,Child Nutrition,5400,Resources - Beginning Fund Balance,5739.71
2023-24,2113,Adrian SD 61,250,Non-Federal Sources,5200,Interfund Transfers,35000
2023-24,2113,Adrian SD 61,250,Non-Federal Sources,5300,Sale of or Compensation for Loss of Fixed Assets,4184.12
2023-24,2113,Adrian SD 61,250,Non-Federal Sources,5400,Resources - Beginning Fund Balance,79824.17
2023-24,2113,Adrian SD 61,251,Student Investment Account,3299,Other Restricted Grants-In-Aid,362752.11
2023-24,2113,Adrian SD 61,251,Student Investment Account,5400,Resources - Beginning Fund Balance,-763.11
2023-24,2113,Adrian SD 61,252,Measure 98 - High School Success,3299,Other Restricted Grants-In-Aid,98978.32
2023-24,2113,Adrian SD 61,100,General Fund,3101,State School Fund --General Support,4081823
2023-24,2113,Adrian SD 61,100,General Fund,3103,Common School Fund,37290.47
2023-24,2113,Adrian SD 61,100,General Fund,3199,Other Unrestricted Grants-In-Aid,15379.23
2023-24,2113,Adrian SD 61,100,General Fund,5400,Resources - Beginning Fund Balance,1302604.81
2023-24,2113,Adrian SD 61,201,Federal Sources,5400,Resources - Beginning Fund Balance,-21779.25
2023-24,2113,Adrian SD 61,250,Non-Federal Sources,3222,State School Fund (SSF) Transportation Equipment,53894
2023-24,2114,Harper SD 66,100,General Fund,1110,Ad valorem taxes levied by district,140209.43
2023-24,2114,Harper SD 66,100,General Fund,1500,Earnings on Investments,240927.59
2023-24,2114,Harper SD 66,100,General Fund,1910,Rentals,4650
2023-24,2114,Harper SD 66,100,General Fund,1920,Contributions and Donations From Private Sources,62900
2023-24,2114,Harper SD 66,100,General Fund,1990,Miscellaneous,35125.22
2023-24,2114,Harper SD 66,100,General Fund,2101,County School Funds,229.02
2023-24,2114,Harper SD 66,400,Capital Projects Funds,5400,Resources - Beginning Fund Balance,2475745.24
2023-24,2114,Harper SD 66,200,Special Revenue Funds,3299,Other Restricted Grants-In-Aid,218804.01
2023-24,2114,Harper SD 66,200,Special Revenue Funds,4500,Restricted Revenue From Federal Government Through the State,226006.66
2023-24,2114,Harper SD 66,200,Special Revenue Funds,5200,Interfund Transfers,296963.08
2023-24,2114,Harper SD 66,200,Special Revenue Funds,5400,Resources - Beginning Fund Balance,327038.08
2023-24,2114,Harper SD 66,251,Student Investment Account,5400,Resources - Beginning Fund Balance,157199
2023-24,2114,Harper SD 66,400,Capital Projects Funds,5200,Interfund Transfers,1750000
2023-24,2114,Harper SD 66,100,General Fund,3101,State School Fund --General Support,4664705.41
2023-24,2114,Harper SD 66,100,General Fund,3103,Common School Fund,30845.48
2023-24,2114,Harper SD 66,100,General Fund,5300,Sale of or Compensation for Loss of Fixed Assets,449039.99
2023-24,2114,Harper SD 66,100,General Fund,5400,Resources - Beginning Fund Balance,1962740.32
2023-24,2114,Harper SD 66,200,Special Revenue Funds,1500,Earnings on Investments,49325.05
2023-24,2114,Harper SD 66,200,Special Revenue Funds,1700,Extra-Curricular Activities,114170
2023-24,2115,Arock SD 81,100,General Fund,1110,Ad valorem taxes levied by district,88335.97
2023-24,2115,Arock SD 81,100,General Fund,1500,Earnings on Investments,36697.18
2023-24,2115,Arock SD 81,100,General Fund,1990,Miscellaneous,3863.98
2023-24,2115,Arock SD 81,100,General Fund,3101,State School Fund --General Support,442511.18
2023-24,2115,Arock SD 81,100,General Fund,3103,Common School Fund,2101.27
2023-24,2115,Arock SD 81,100,General Fund,5300,Sale of or Compensation for Loss of Fixed Assets,51929.75
2023-24,2115,Arock SD 81,100,General Fund,5400,Resources - Beginning Fund Balance,654090
2023-24,2115,Arock SD 81,250,Non-Federal Sources,1990,Miscellaneous,4450
2023-24,2115,Arock SD 81,251,Student Investment Account,3299,Other Restricted Grants-In-Aid,41020.46
2023-24,2115,Arock SD 81,250,Non-Federal Sources,5400,Resources - Beginning Fund Balance,160000
2023-24,2115,Arock SD 81,251,Student Investment Account,5400,Resources - Beginning Fund Balance,1030.52
2023-24,2115,Arock SD 81,201,Federal Sources,4500,Restricted Revenue From Federal Government Through the State,140141.91
2023-24,2116,Vale SD 84,100,General Fund,1110,Ad valorem taxes levied by district,2235914
2023-24,2116,Vale SD 84,300,Debt Service Funds,1110,Ad valorem taxes levied by district,537772
2023-24,2116,Vale SD 84,250,Non-Federal Sources,1600,Food Service,2707
2023-24,2116,Vale SD 84,100,General Fund,1700,Extra-Curricular Activities,44557
2023-24,2116,Vale SD 84,250,Non-Federal Sources,1920,Contributions and Donations From Private Sources,89950
2023-24,2116,Vale SD 84,400,Capital Projects Funds,5200,Interfund Transfers,400000
2023-24,2116,Vale SD 84,700,Trust and Agency Funds,1500,Earnings on Investments,6030
2023-24,2116,Vale SD 84,700,Trust and Agency Funds,1920,Contributions and Donations From Private Sources,1325
2023-24,2116,Vale SD 84,600,Internal Service Funds,1990,Miscellaneous,7554
2023-24,2116,Vale SD 84,600,Internal Service Funds,5400,Resources - Beginning Fund Balance,6949
2023-24,2116,Vale SD 84,100,General Fund,1500,Earnings on Investments,445200
2023-24,2116,Vale SD 84,250,Non-Federal Sources,1500,Earnings on Investments,259
2023-24,2116,Vale SD 84,300,Debt Service Funds,1500,Earnings on Investments,8267
2023-24,2116,Vale SD 84,400,Capital Projects Funds,1500,Earnings on Investments,41717
2023-24,2116,Vale SD 84,251,Student Investment Account,5400,Resources - Beginning Fund Balance,171938
2023-24,2116,Vale SD 84,252,Measure 98 - High School Success,3299,Other Restricted Grants-In-Aid,305232
2023-24,2116,Vale SD 84,252,Measure 98 - High School Success,5400,Resources - Beginning Fund Balance,-41050
2023-24,2116,Vale SD 84,300,Debt Service Funds,1990,Miscellaneous,-36934
2023-24,2116,Vale SD 84,300,Debt Service Funds,2199,Other Intermediate Sources,911
2023-24,2116,Vale SD 84,300,Debt Service Funds,5400,Resources - Beginning Fund Balance,-52532
2023-24,2116,Vale SD 84,250,Non-Federal Sources,1990,Miscellaneous,555563
2023-24,2116,Vale SD 84,250,Non-Federal Sources,3299,Other Restricted Grants-In-Aid,109082
2023-24,2116,Vale SD 84,250,Non-Federal Sources,4500,Restricted Revenue From Federal Government Through the State,773050
2023-24,2116,Vale SD 84,250,Non-Federal Sources,5200,Interfund Transfers,249148
2023-24,2116,Vale SD 84,250,Non-Federal Sources,5400,Resources - Beginning Fund Balance,856775
2023-24,2116,Vale SD 84,251,Student Investment Account,3299,Other Restricted Grants-In-Aid,1009751
2023-24,2116,Vale SD 84,100,General Fund,3103,Common School Fund,125669
2023-24,2116,Vale SD 84,100,General Fund,5300,Sale of or Compensation for Loss of Fixed Assets,1992
2023-24,2116,Vale SD 84,100,General Fund,5400,Resources - Beginning Fund Balance,6390547
2023-24,2116,Vale SD 84,201,Federal Sources,1990,Miscellaneous,3380
2023-24,2116,Vale SD 84,201,Federal Sources,4500,Restricted Revenue From Federal Government Through the State,2103231
2023-24,2116,Vale SD 84,201,Federal Sources,5400,Resources - Beginning Fund Balance,11605
2023-24,2116,Vale SD 84,400,Capital Projects Funds,5400,Resources - Beginning Fund Balance,756040
2023-24,2116,Vale SD 84,700,Trust and Agency Funds,5400,Resources - Beginning Fund Balance,124764
2023-24,2116,Vale SD 84,100,General Fund,1940,Services Provided Other Local Education Agencies,2563
2023-24,2116,Vale SD 84,100,General Fund,1990,Miscellaneous,-71336
2023-24,2116,Vale SD 84,100,General Fund,2199,Other Intermediate Sources,3742
2023-24,2116,Vale SD 84,100,General Fund,3101,State School Fund --General Support,10095904
2023-24,2117,Willamette ESD,300,Debt Service Funds,5400,Resources - Beginning Fund Balance,8529.64
2023-24,2117,Willamette ESD,400,Capital Projects Funds,5200,Interfund Transfers,274939.29
2023-24,2117,Willamette ESD,400,Capital Projects Funds,5400,Resources - Beginning Fund Balance,2216847.76
2023-24,2117,Willamette ESD,600,Internal Service Funds,1920,Contributions and Donations From Private Sources,8679
2023-24,2117,Willamette ESD,600,Internal Service Funds,1940,Services Provided Other Local Education Agencies,7407183.15
2023-24,2117,Willamette ESD,600,Internal Service Funds,1990,Miscellaneous,1681422.93
2023-24,2117,Willamette ESD,300,Debt Service Funds,5200,Interfund Transfers,516937
2023-24,2117,Willamette ESD,600,Internal Service Funds,1700,Extra-Curricular Activities,116424.15
2023-24,2117,Willamette ESD,250,Non-Federal Sources,5200,Interfund Transfers,35000
2023-24,2117,Willamette ESD,250,Non-Federal Sources,5400,Resources - Beginning Fund Balance,3518235.85
2023-24,2117,Willamette ESD,251,Student Investment Account,3299,Other Restricted Grants-In-Aid,3497490
2023-24,2117,Willamette ESD,252,Measure 98 - High School Success,3299,Other Restricted Grants-In-Aid,183449.68
2023-24,2117,Willamette ESD,300,Debt Service Funds,1500,Earnings on Investments,16758.35
2023-24,2117,Willamette ESD,300,Debt Service Funds,1970,Services Provided Other Funds,2751026.71
2023-24,2117,Willamette ESD,201,Federal Sources,5400,Resources - Beginning Fund Balance,-521635.81
2023-24,2117,Willamette ESD,250,Non-Federal Sources,1920,Contributions and Donations From Private Sources,70150
2023-24,2117,Willamette ESD,250,Non-Federal Sources,1940,Services Provided Other Local Education Agencies,323064.9
2023-24,2117,Willamette ESD,250,Non-Federal Sources,1960,Recovery of Prior Years' Expenditure,1475.98
2023-24,2117,Willamette ESD,250,Non-Federal Sources,1990,Miscellaneous,2099151.38
2023-24,2117,Willamette ESD,250,Non-Federal Sources,3299,Other Restricted Grants-In-Aid,25287998.22
2023-24,2117,Willamette ESD,100,General Fund,3101,State School Fund --General Support,32804855.59
2023-24,2117,Willamette ESD,100,General Fund,3104,State Managed County Timber,16527.14
2023-24,2117,Willamette ESD,100,General Fund,5400,Resources - Beginning Fund Balance,5892652.37
2023-24,2117,Willamette ESD,201,Federal Sources,4500,Restricted Revenue From Federal Government Through the State,13357516.18
2023-24,2117,Willamette ESD,201,Federal Sources,4501,Medicaid Reimbursement for Eligible Early Intervention (EI) Services (Birth to Age Three),62038.17
2023-24,2117,Willamette ESD,201,Federal Sources,4502,Medicaid Reimbursement for Eligible Early Childhood Special Education (ECSE) Services (Ages 3 to 5),178356.99
2023-24,2117,Willamette ESD,100,General Fund,1500,Earnings on Investments,620357.86
2023-24,2117,Willamette ESD,100,General Fund,1910,Rentals,19063.8
2023-24,2117,Willamette ESD,100,General Fund,1920,Contributions and Donations From Private Sources,170
2023-24,2117,Willamette ESD,100,General Fund,1980,Fees Charged to Grants,2136452.08
2023-24,2117,Willamette ESD,100,General Fund,1990,Miscellaneous,158996.53
2023-24,2117,Willamette ESD,100,General Fund,2199,Other Intermediate Sources,9781.83
2023-24,2117,Willamette ESD,600,Internal Service Funds,3299,Other Restricted Grants-In-Aid,15000
2023-24,2117,Willamette ESD,600,Internal Service Funds,5200,Interfund Transfers,19705139.14
2023-24,2117,Willamette ESD,600,Internal Service Funds,5400,Resources - Beginning Fund Balance,681053.43
2023-24,2117,Willamette ESD,700,Trust and Agency Funds,5200,Interfund Transfers,42875520.75
2023-24,2117,Willamette ESD,700,Trust and Agency Funds,5400,Resources - Beginning Fund Balance,1070521.76
2023-24,2117,Willamette ESD,100,General Fund,1110,Ad valorem taxes levied by district,14338185.38
2023-24,2137,Gervais SD 1,100,General Fund,1110,Ad valorem taxes levied by district,3528689.24
2023-24,2137,Gervais SD 1,299,Child Nutrition,5200,Interfund Transfers,6009.24
2023-24,2137,Gervais SD 1,299,Child Nutrition,5400,Resources - Beginning Fund Balance,115085.54
2023-24,2137,Gervais SD 1,300,Debt Service Funds,1500,Earnings on Investments,34921.78
2023-24,2137,Gervais SD 1,300,Debt Service Funds,1970,Services Provided Other Funds,1289795.32
2023-24,2137,Gervais SD 1,300,Debt Service Funds,5200,Interfund Transfers,309720
2023-24,2137,Gervais SD 1,300,Debt Service Funds,5400,Resources - Beginning Fund Balance,190607.79
2023-24,2137,Gervais SD 1,252,Measure 98 - High School Success,3299,Other Restricted Grants-In-Aid,299042.94
2023-24,2137,Gervais SD 1,299,Child Nutrition,1600,Food Service,2430.94
2023-24,2137,Gervais SD 1,299,Child Nutrition,1990,Miscellaneous,561.5
2023-24,2137,Gervais SD 1,299,Child Nutrition,3299,Other Restricted Grants-In-Aid,39095.16
2023-24,2137,Gervais SD 1,299,Child Nutrition,4500,Restricted Revenue From Federal Government Through the State,946720.66
2023-24,2137,Gervais SD 1,299,Child Nutrition,4900,Revenue for/on Behalf of the District,47278.79
2023-24,2137,Gervais SD 1,250,Non-Federal Sources,1990,Miscellaneous,69326.02
2023-24,2137,Gervais SD 1,250,Non-Federal Sources,3299,Other Restricted Grants-In-Aid,385021.35
2023-24,2137,Gervais SD 1,250,Non-Federal Sources,5200,Interfund Transfers,308903.75
2023-24,2137,Gervais SD 1,250,Non-Federal Sources,5400,Resources - Beginning Fund Balance,1361099.77
2023-24,2137,Gervais SD 1,251,Student Investment Account,3299,Other Restricted Grants-In-Aid,1731742.24
2023-24,2137,Gervais SD 1,251,Student Investment Account,5400,Resources - Beginning Fund Balance,258165.04
2023-24,2137,Gervais SD 1,250,Non-Federal Sources,1130,Construction Excise Tax,87127.29
2023-24,2137,Gervais SD 1,250,Non-Federal Sources,1700,Extra-Curricular Activities,98026.48
2023-24,2137,Gervais SD 1,250,Non-Federal Sources,1800,Community Services Activities,108499.23
2023-24,2137,Gervais SD 1,250,Non-Federal Sources,1910,Rentals,37839.22
2023-24,2137,Gervais SD 1,250,Non-Federal Sources,1920,Contributions and Donations From Private Sources,113566.46
2023-24,2137,Gervais SD 1,250,Non-Federal Sources,1930,Rental or Lease Payments from Private Contractors,20437.25
2023-24,2137,Gervais SD 1,201,Federal Sources,1920,Contributions and Donations From Private Sources,100
2023-24,2137,Gervais SD 1,201,Federal Sources,1960,Recovery of Prior Years' Expenditure,1884.35
2023-24,2137,Gervais SD 1,201,Federal Sources,1990,Miscellaneous,85125.56
2023-24,2137,Gervais SD 1,201,Federal Sources,4500,Restricted Revenue From Federal Government Through the State,1411100.71
2023-24,2137,Gervais SD 1,201,Federal Sources,4700,Grants-In-Aid From Federal Government Through Other Intermed,125891.43
2023-24,2137,Gervais SD 1,201,Federal Sources,5400,Resources - Beginning Fund Balance,110148.42
2023-24,2137,Gervais SD 1,100,General Fund,1990,Miscellaneous,24654.43
2023-24,2137,Gervais SD 1,100,General Fund,2101,County School Funds,7010.11
2023-24,2137,Gervais SD 1,100,General Fund,2199,Other Intermediate Sources,3543.15
2023-24,2137,Gervais SD 1,100,General Fund,3101,State School Fund --General Support,13699669.13
2023-24,2137,Gervais SD 1,100,General Fund,3103,Common School Fund,129889.22
2023-24,2137,Gervais SD 1,100,General Fund,5400,Resources - Beginning Fund Balance,3357777.53
2023-24,2137,Gervais SD 1,100,General Fund,1190,Penalties and interest on taxes,1842.42
2023-24,2137,Gervais SD 1,100,General Fund,1500,Earnings on Investments,295494.42
2023-24,2137,Gervais SD 1,100,General Fund,1960,Recovery of Prior Years' Expenditure,1574.61
2023-24,2137,Gervais SD 1,100,General Fund,1980,Fees Charged to Grants,121212.23
2023-24,2138,Silver Falls SD 4J,100,General Fund,1110,Ad valorem taxes levied by district,9726250.94
2023-24,2138,Silver Falls SD 4J,100,General Fund,1190,Penalties and interest on taxes,4670.65
2023-24,2138,Silver Falls SD 4J,100,General Fund,1311,Tuition from Individuals,634.18
2023-24,2138,Silver Falls SD 4J,100,General Fund,1312,Tuition from Other Districts within the State,282024
2023-24,2138,Silver Falls SD 4J,100,General Fund,1500,Earnings on Investments,372098.16
2023-24,2138,Silver Falls SD 4J,100,General Fund,1700,Extra-Curricular Activities,47707.24
2023-24,2138,Silver Falls SD 4J,700,Trust and Agency Funds,3299,Other Restricted Grants-In-Aid,83380.66
2023-24,2138,Silver Falls SD 4J,700,Trust and Agency Funds,5400,Resources - Beginning Fund Balance,949473.01
2023-24,2138,Silver Falls SD 4J,600,Internal Service Funds,1990,Miscellaneous,27739
2023-24,2138,Silver Falls SD 4J,600,Internal Service Funds,5400,Resources - Beginning Fund Balance,185458.26
2023-24,2138,Silver Falls SD 4J,700,Trust and Agency Funds,1980,Fees Charged to Grants,1042.25
2023-24,2138,Silver Falls SD 4J,700,Trust and Agency Funds,1990,Miscellaneous,249
2023-24,2138,Silver Falls SD 4J,700,Trust and Agency Funds,2199,Other Intermediate Sources,4500
2023-24,2138,Silver Falls SD 4J,700,Trust and Agency Funds,3101,State School Fund --General Support,2019660.32
2023-24,2138,Silver Falls SD 4J,300,Debt Service Funds,3299,Other Restricted Grants-In-Aid,105177.54
2023-24,2138,Silver Falls SD 4J,300,Debt Service Funds,5200,Interfund Transfers,125000
2023-24,2138,Silver Falls SD 4J,300,Debt Service Funds,5400,Resources - Beginning Fund Balance,764185.69
2023-24,2138,Silver Falls SD 4J,400,Capital Projects Funds,1990,Miscellaneous,26824.2
2023-24,2138,Silver Falls SD 4J,400,Capital Projects Funds,5400,Resources - Beginning Fund Balance,7030.47
2023-24,2138,Silver Falls SD 4J,600,Internal Service Funds,1970,Services Provided Other Funds,174260.33
2023-24,2138,Silver Falls SD 4J,300,Debt Service Funds,1110,Ad valorem taxes levied by district,4409127.89
2023-24,2138,Silver Falls SD 4J,300,Debt Service Funds,1130,Construction Excise Tax,107253.68
2023-24,2138,Silver Falls SD 4J,300,Debt Service Funds,1190,Penalties and interest on taxes,2300.49
2023-24,2138,Silver Falls SD 4J,300,Debt Service Funds,1500,Earnings on Investments,-18737.65
2023-24,2138,Silver Falls SD 4J,300,Debt Service Funds,1970,Services Provided Other Funds,4037825.86
2023-24,2138,Silver Falls SD 4J,300,Debt Service Funds,2199,Other Intermediate Sources,4526.85
2023-24,2138,Silver Falls SD 4J,299,Child Nutrition,3102,State School Fund--School Lunch Match,10134.78
2023-24,2138,Silver Falls SD 4J,299,Child Nutrition,3299,Other Restricted Grants-In-Aid,88451.3
2023-24,2138,Silver Falls SD 4J,299,Child Nutrition,4500,Restricted Revenue From Federal Government Through the State,854218.24
2023-24,2138,Silver Falls SD 4J,299,Child Nutrition,4900,Revenue for/on Behalf of the District,3256
2023-24,2138,Silver Falls SD 4J,299,Child Nutrition,5200,Interfund Transfers,375000
2023-24,2138,Silver Falls SD 4J,299,Child Nutrition,5400,Resources - Beginning Fund Balance,-267927.45
2023-24,2138,Silver Falls SD 4J,250,Non-Federal Sources,5200,Interfund Transfers,126722.83
2023-24,2138,Silver Falls SD 4J,250,Non-Federal Sources,5400,Resources - Beginning Fund Balance,524888.42
2023-24,2138,Silver Falls SD 4J,251,Student Investment Account,3299,Other Restricted Grants-In-Aid,3933792.19
2023-24,2138,Silver Falls SD 4J,252,Measure 98 - High School Success,3299,Other Restricted Grants-In-Aid,1165933.95
2023-24,2138,Silver Falls SD 4J,252,Measure 98 - High School Success,5400,Resources - Beginning Fund Balance,-801.2
2023-24,2138,Silver Falls SD 4J,299,Child Nutrition,1600,Food Service,244289.55
2023-24,2138,Silver Falls SD 4J,250,Non-Federal Sources,1910,Rentals,38412.5
2023-24,2138,Silver Falls SD 4J,250,Non-Federal Sources,1920,Contributions and Donations From Private Sources,603108.98
2023-24,2138,Silver Falls SD 4J,250,Non-Federal Sources,1970,Services Provided Other Funds,9637.36
2023-24,2138,Silver Falls SD 4J,250,Non-Federal Sources,1990,Miscellaneous,98955.78
2023-24,2138,Silver Falls SD 4J,250,Non-Federal Sources,2199,Other Intermediate Sources,10000
2023-24,2138,Silver Falls SD 4J,250,Non-Federal Sources,3299,Other Restricted Grants-In-Aid,1242028.23
2023-24,2138,Silver Falls SD 4J,100,General Fund,5400,Resources - Beginning Fund Balance,738820.47
2023-24,2138,Silver Falls SD 4J,201,Federal Sources,4500,Restricted Revenue From Federal Government Through the State,1413717.13
2023-24,2138,Silver Falls SD 4J,201,Federal Sources,5200,Interfund Transfers,139326.33
2023-24,2138,Silver Falls SD 4J,201,Federal Sources,5400,Resources - Beginning Fund Balance,-344312.69
2023-24,2138,Silver Falls SD 4J,250,Non-Federal Sources,1311,Tuition from Individuals,25642.5
2023-24,2138,Silver Falls SD 4J,250,Non-Federal Sources,1700,Extra-Curricular Activities,877223.3
2023-24,2138,Silver Falls SD 4J,100,General Fund,3299,Other Restricted Grants-In-Aid,277443.07
2023-24,2138,Silver Falls SD 4J,100,General Fund,4202,Medicaid Reimbursement for Eligible K-12 Expenses (Ages Five to Twenty-One),689123.25
2023-24,2138,Silver Falls SD 4J,100,General Fund,4500,Restricted Revenue From Federal Government Through the State,61630.88
2023-24,2138,Silver Falls SD 4J,100,General Fund,4801,Federal Forest Fees,655.05
2023-24,2138,Silver Falls SD 4J,100,General Fund,4900,Revenue for/on Behalf of the District,389.55
2023-24,2138,Silver Falls SD 4J,100,General Fund,5100,Long Term Debt Financing Sources,3816757.45
2023-24,2138,Silver Falls SD 4J,100,General Fund,2102,General Education Service District Funds,1129871.65
2023-24,2138,Silver Falls SD 4J,100,General Fund,2199,Other Intermediate Sources,9936.77
2023-24,2138,Silver Falls SD 4J,100,General Fund,3101,State School Fund --General Support,36018479.26
2023-24,2138,Silver Falls SD 4J,100,General Fund,3102,State School Fund--School Lunch Match,-10134.78
2023-24,2138,Silver Falls SD 4J,100,General Fund,3103,Common School Fund,507368.16
2023-24,2138,Silver Falls SD 4J,100,General Fund,3104,State Managed County Timber,54119.18
2023-24,2138,Silver Falls SD 4J,100,General Fund,1910,Rentals,20000
2023-24,2138,Silver Falls SD 4J,100,General Fund,1920,Contributions and Donations From Private Sources,13137.47
2023-24,2138,Silver Falls SD 4J,100,General Fund,1930,Rental or Lease Payments from Private Contractors,30900
2023-24,2138,Silver Falls SD 4J,100,General Fund,1980,Fees Charged to Grants,288983.24
2023-24,2138,Silver Falls SD 4J,100,General Fund,1990,Miscellaneous,74081.4
2023-24,2138,Silver Falls SD 4J,100,General Fund,2101,County School Funds,26966.31
2023-24,2139,Cascade SD 5,100,General Fund,1500,Earnings on Investments,800444.64
2023-24,2139,Cascade SD 5,100,General Fund,1700,Extra-Curricular Activities,22075
2023-24,2139,Cascade SD 5,100,General Fund,1910,Rentals,77000
2023-24,2139,Cascade SD 5,100,General Fund,1980,Fees Charged to Grants,257728.53
2023-24,2139,Cascade SD 5,100,General Fund,1990,Miscellaneous,171695.42
2023-24,2139,Cascade SD 5,100,General Fund,2101,County School Funds,19903.22
2023-24,2139,Cascade SD 5,299,Child Nutrition,3299,Other Restricted Grants-In-Aid,267296.49
2023-24,2139,Cascade SD 5,299,Child Nutrition,4900,Revenue for/on Behalf of the District,110652.43
2023-24,2139,Cascade SD 5,300,Debt Service Funds,1110,Ad valorem taxes levied by district,1741752.57
2023-24,2139,Cascade SD 5,400,Capital Projects Funds,5400,Resources - Beginning Fund Balance,1450015
2023-24,2139,Cascade SD 5,250,Non-Federal Sources,1920,Contributions and Donations From Private Sources,41297.53
2023-24,2139,Cascade SD 5,250,Non-Federal Sources,5400,Resources - Beginning Fund Balance,4415834.55
2023-24,2139,Cascade SD 5,299,Child Nutrition,4500,Restricted Revenue From Federal Government Through the State,918396.2
2023-24,2139,Cascade SD 5,100,General Fund,5400,Resources - Beginning Fund Balance,5529886
2023-24,2139,Cascade SD 5,252,Measure 98 - High School Success,5400,Resources - Beginning Fund Balance,179.49
2023-24,2139,Cascade SD 5,299,Child Nutrition,5400,Resources - Beginning Fund Balance,145972.76
2023-24,2139,Cascade SD 5,300,Debt Service Funds,5400,Resources - Beginning Fund Balance,322410.17
2023-24,2139,Cascade SD 5,100,General Fund,1110,Ad valorem taxes levied by district,7079874.01
2023-24,2139,Cascade SD 5,250,Non-Federal Sources,1500,Earnings on Investments,2693.11
2023-24,2139,Cascade SD 5,250,Non-Federal Sources,1700,Extra-Curricular Activities,1315107.27
2023-24,2139,Cascade SD 5,250,Non-Federal Sources,1990,Miscellaneous,451457.82
2023-24,2139,Cascade SD 5,250,Non-Federal Sources,5200,Interfund Transfers,382793.2
2023-24,2139,Cascade SD 5,250,Non-Federal Sources,3299,Other Restricted Grants-In-Aid,333626.78
2023-24,2139,Cascade SD 5,299,Child Nutrition,4300,Restricted Revenue Direct From the Federal Government,166232.07
2023-24,2139,Cascade SD 5,400,Capital Projects Funds,3299,Other Restricted Grants-In-Aid,501272
2023-24,2139,Cascade SD 5,400,Capital Projects Funds,5200,Interfund Transfers,338500
2023-24,2139,Cascade SD 5,700,Trust and Agency Funds,1500,Earnings on Investments,6283.96
2023-24,2139,Cascade SD 5,251,Student Investment Account,3299,Other Restricted Grants-In-Aid,2554142.11
2023-24,2139,Cascade SD 5,252,Measure 98 - High School Success,3299,Other Restricted Grants-In-Aid,694862.4
2023-24,2139,Cascade SD 5,201,Federal Sources,4500,Restricted Revenue From Federal Government Through the State,4608635.69
2023-24,2139,Cascade SD 5,299,Child Nutrition,5200,Interfund Transfers,29991.9
2023-24,2139,Cascade SD 5,300,Debt Service Funds,1500,Earnings on Investments,55630.1
2023-24,2139,Cascade SD 5,300,Debt Service Funds,1970,Services Provided Other Funds,1786571.25
2023-24,2139,Cascade SD 5,300,Debt Service Funds,5200,Interfund Transfers,150000
2023-24,2139,Cascade SD 5,400,Capital Projects Funds,1130,Construction Excise Tax,108482.12
2023-24,2139,Cascade SD 5,400,Capital Projects Funds,1910,Rentals,31650
2023-24,2139,Cascade SD 5,250,Non-Federal Sources,1970,Services Provided Other Funds,46710.34
2023-24,2139,Cascade SD 5,250,Non-Federal Sources,2102,General Education Service District Funds,49819.62
2023-24,2139,Cascade SD 5,250,Non-Federal Sources,4500,Restricted Revenue From Federal Government Through the State,7365.33
2023-24,2139,Cascade SD 5,201,Federal Sources,1990,Miscellaneous,40500
2023-24,2139,Cascade SD 5,299,Child Nutrition,1600,Food Service,195441.49
2023-24,2139,Cascade SD 5,299,Child Nutrition,1990,Miscellaneous,1423.43
2023-24,2139,Cascade SD 5,100,General Fund,2199,Other Intermediate Sources,8909.92
2023-24,2139,Cascade SD 5,100,General Fund,3101,State School Fund --General Support,26618448.43
2023-24,2139,Cascade SD 5,100,General Fund,3103,Common School Fund,353242.29
2023-24,2139,Cascade SD 5,100,General Fund,3199,Other Unrestricted Grants-In-Aid,119464.32
2023-24,2139,Cascade SD 5,100,General Fund,4500,Restricted Revenue From Federal Government Through the State,99814.96
2023-24,2139,Cascade SD 5,250,Non-Federal Sources,1910,Rentals,8849.03
2023-24,2140,Jefferson SD 14J,100,General Fund,1110,Ad valorem taxes levied by district,2769599.02
2023-24,2140,Jefferson SD 14J,100,General Fund,1500,Earnings on Investments,102015.57
2023-24,2140,Jefferson SD 14J,100,General Fund,1910,Rentals,1500
2023-24,2140,Jefferson SD 14J,100,General Fund,1990,Miscellaneous,60337.07
2023-24,2140,Jefferson SD 14J,100,General Fund,2101,County School Funds,7131.65
2023-24,2140,Jefferson SD 14J,100,General Fund,2800,Revenue in Lieu of Taxes,3375.07
2023-24,2140,Jefferson SD 14J,300,Debt Service Funds,5200,Interfund Transfers,116651.22
2023-24,2140,Jefferson SD 14J,300,Debt Service Funds,5400,Resources - Beginning Fund Balance,146599.46
2023-24,2140,Jefferson SD 14J,400,Capital Projects Funds,1130,Construction Excise Tax,6330.36
2023-24,2140,Jefferson SD 14J,400,Capital Projects Funds,1920,Contributions and Donations From Private Sources,130000
2023-24,2140,Jefferson SD 14J,400,Capital Projects Funds,1990,Miscellaneous,8000
2023-24,2140,Jefferson SD 14J,400,Capital Projects Funds,5400,Resources - Beginning Fund Balance,673665.63
2023-24,2140,Jefferson SD 14J,299,Child Nutrition,5400,Resources - Beginning Fund Balance,-430330.04
2023-24,2140,Jefferson SD 14J,300,Debt Service Funds,1110,Ad valorem taxes levied by district,821649.25
2023-24,2140,Jefferson SD 14J,300,Debt Service Funds,1500,Earnings on Investments,4396.94
2023-24,2140,Jefferson SD 14J,300,Debt Service Funds,1920,Contributions and Donations From Private Sources,27886.78
2023-24,2140,Jefferson SD 14J,300,Debt Service Funds,1970,Services Provided Other Funds,869691.22
2023-24,2140,Jefferson SD 14J,300,Debt Service Funds,1990,Miscellaneous,-4058
2023-24,2140,Jefferson SD 14J,299,Child Nutrition,3199,Other Unrestricted Grants-In-Aid,-2359.6
2023-24,2140,Jefferson SD 14J,299,Child Nutrition,3299,Other Restricted Grants-In-Aid,186.38
2023-24,2140,Jefferson SD 14J,299,Child Nutrition,3900,Revenue for/on Behalf of the District,71657.26
2023-24,2140,Jefferson SD 14J,299,Child Nutrition,4500,Restricted Revenue From Federal Government Through the State,298233.79
2023-24,2140,Jefferson SD 14J,299,Child Nutrition,4900,Revenue for/on Behalf of the District,26955.62
2023-24,2140,Jefferson SD 14J,299,Child Nutrition,5200,Interfund Transfers,3447.66
2023-24,2140,Jefferson SD 14J,251,Student Investment Account,3299,Other Restricted Grants-In-Aid,802778.49
2023-24,2140,Jefferson SD 14J,251,Student Investment Account,5400,Resources - Beginning Fund Balance,32.08
2023-24,2140,Jefferson SD 14J,252,Measure 98 - High School Success,3299,Other Restricted Grants-In-Aid,252133.42
2023-24,2140,Jefferson SD 14J,252,Measure 98 - High School Success,5400,Resources - Beginning Fund Balance,-1829.14
2023-24,2140,Jefferson SD 14J,299,Child Nutrition,1600,Food Service,9730.84
2023-24,2140,Jefferson SD 14J,299,Child Nutrition,1990,Miscellaneous,13977.63
2023-24,2140,Jefferson SD 14J,250,Non-Federal Sources,1700,Extra-Curricular Activities,126673.89
2023-24,2140,Jefferson SD 14J,250,Non-Federal Sources,1920,Contributions and Donations From Private Sources,7755.89
2023-24,2140,Jefferson SD 14J,250,Non-Federal Sources,1990,Miscellaneous,16958.48
2023-24,2140,Jefferson SD 14J,250,Non-Federal Sources,3299,Other Restricted Grants-In-Aid,70910.42
2023-24,2140,Jefferson SD 14J,250,Non-Federal Sources,5200,Interfund Transfers,157535.9
2023-24,2140,Jefferson SD 14J,250,Non-Federal Sources,5400,Resources - Beginning Fund Balance,116879.35
2023-24,2140,Jefferson SD 14J,100,General Fund,3101,State School Fund --General Support,7584655.39
2023-24,2140,Jefferson SD 14J,100,General Fund,3103,Common School Fund,51939.89
2023-24,2140,Jefferson SD 14J,100,General Fund,3199,Other Unrestricted Grants-In-Aid,55376.68
2023-24,2140,Jefferson SD 14J,100,General Fund,5400,Resources - Beginning Fund Balance,550563.83
2023-24,2140,Jefferson SD 14J,201,Federal Sources,4500,Restricted Revenue From Federal Government Through the State,1026748.32
2023-24,2140,Jefferson SD 14J,201,Federal Sources,5400,Resources - Beginning Fund Balance,-162792.6
2023-24,2141,North Marion SD 15,100,General Fund,1110,Ad valorem taxes levied by district,4494958
2023-24,2141,North Marion SD 15,100,General Fund,1311,Tuition from Individuals,89450
2023-24,2141,North Marion SD 15,100,General Fund,1312,Tuition from Other Districts within the State,23500
2023-24,2141,North Marion SD 15,100,General Fund,1500,Earnings on Investments,353209.14
2023-24,2141,North Marion SD 15,100,General Fund,1700,Extra-Curricular Activities,39917
2023-24,2141,North Marion SD 15,100,General Fund,1910,Rentals,25600
2023-24,2141,North Marion SD 15,400,Capital Projects Funds,5200,Interfund Transfers,54000
2023-24,2141,North Marion SD 15,400,Capital Projects Funds,5400,Resources - Beginning Fund Balance,929411.77
2023-24,2141,North Marion SD 15,300,Debt Service Funds,1500,Earnings on Investments,85978.27
2023-24,2141,North Marion SD 15,300,Debt Service Funds,1970,Services Provided Other Funds,2276039.79
2023-24,2141,North Marion SD 15,300,Debt Service Funds,2199,Other Intermediate Sources,2225.36
2023-24,2141,North Marion SD 15,300,Debt Service Funds,5400,Resources - Beginning Fund Balance,837853.18
2023-24,2141,North Marion SD 15,400,Capital Projects Funds,1130,Construction Excise Tax,168990.03
2023-24,2141,North Marion SD 15,400,Capital Projects Funds,1500,Earnings on Investments,19709
2023-24,2141,North Marion SD 15,299,Child Nutrition,3102,State School Fund--School Lunch Match,8758.74
2023-24,2141,North Marion SD 15,299,Child Nutrition,3299,Other Restricted Grants-In-Aid,85376.41
2023-24,2141,North Marion SD 15,299,Child Nutrition,4500,Restricted Revenue From Federal Government Through the State,813647.91
2023-24,2141,North Marion SD 15,299,Child Nutrition,4900,Revenue for/on Behalf of the District,67032.92
2023-24,2141,North Marion SD 15,299,Child Nutrition,5400,Resources - Beginning Fund Balance,484640.49
2023-24,2141,North Marion SD 15,300,Debt Service Funds,1110,Ad valorem taxes levied by district,2196431
2023-24,2141,North Marion SD 15,251,Student Investment Account,3299,Other Restricted Grants-In-Aid,1721889.42
2023-24,2141,North Marion SD 15,252,Measure 98 - High School Success,3299,Other Restricted Grants-In-Aid,549997.93
2023-24,2141,North Marion SD 15,252,Measure 98 - High School Success,5400,Resources - Beginning Fund Balance,-12.69
2023-24,2141,North Marion SD 15,299,Child Nutrition,1500,Earnings on Investments,14404
2023-24,2141,North Marion SD 15,299,Child Nutrition,1600,Food Service,114365.6
2023-24,2141,North Marion SD 15,299,Child Nutrition,1990,Miscellaneous,1498.84
2023-24,2141,North Marion SD 15,250,Non-Federal Sources,1920,Contributions and Donations From Private Sources,10493.49
2023-24,2141,North Marion SD 15,250,Non-Federal Sources,1990,Miscellaneous,79670.02
2023-24,2141,North Marion SD 15,250,Non-Federal Sources,2199,Other Intermediate Sources,49741.6
2023-24,2141,North Marion SD 15,250,Non-Federal Sources,3299,Other Restricted Grants-In-Aid,377931.21
2023-24,2141,North Marion SD 15,250,Non-Federal Sources,4500,Restricted Revenue From Federal Government Through the State,1111.59
2023-24,2141,North Marion SD 15,250,Non-Federal Sources,5400,Resources - Beginning Fund Balance,541584.98
2023-24,2141,North Marion SD 15,100,General Fund,5400,Resources - Beginning Fund Balance,2927176.91
2023-24,2141,North Marion SD 15,201,Federal Sources,4500,Restricted Revenue From Federal Government Through the State,3180612.28
2023-24,2141,North Marion SD 15,201,Federal Sources,4700,Grants-In-Aid From Federal Government Through Other Intermed,25984.86
2023-24,2141,North Marion SD 15,201,Federal Sources,5400,Resources - Beginning Fund Balance,-897.92
2023-24,2141,North Marion SD 15,250,Non-Federal Sources,1500,Earnings on Investments,52749
2023-24,2141,North Marion SD 15,250,Non-Federal Sources,1700,Extra-Curricular Activities,258726.55
2023-24,2141,North Marion SD 15,100,General Fund,1960,Recovery of Prior Years' Expenditure,15051.38
2023-24,2141,North Marion SD 15,100,General Fund,1990,Miscellaneous,39914.41
2023-24,2141,North Marion SD 15,100,General Fund,2101,County School Funds,12449.1
2023-24,2141,North Marion SD 15,100,General Fund,2199,Other Intermediate Sources,4092.46
2023-24,2141,North Marion SD 15,100,General Fund,3101,State School Fund --General Support,17816587.86
2023-24,2141,North Marion SD 15,100,General Fund,3103,Common School Fund,230667.84
2023-24,2142,Salem-Keizer SD 24J,250,Non-Federal Sources,1500,Earnings on Investments,2480930.76
2023-24,2142,Salem-Keizer SD 24J,299,Child Nutrition,1500,Earnings on Investments,1254911
2023-24,2142,Salem-Keizer SD 24J,300,Debt Service Funds,1500,Earnings on Investments,2722675.65
2023-24,2142,Salem-Keizer SD 24J,400,Capital Projects Funds,1500,Earnings on Investments,3724280.64
2023-24,2142,Salem-Keizer SD 24J,600,Internal Service Funds,1500,Earnings on Investments,2075323
2023-24,2142,Salem-Keizer SD 24J,299,Child Nutrition,1600,Food Service,577433.1
2023-24,2142,Salem-Keizer SD 24J,100,General Fund,1190,Penalties and interest on taxes,49817.68
2023-24,2142,Salem-Keizer SD 24J,300,Debt Service Funds,1190,Penalties and interest on taxes,31905.72
2023-24,2142,Salem-Keizer SD 24J,100,General Fund,1312,Tuition from Other Districts within the State,40632
2023-24,2142,Salem-Keizer SD 24J,250,Non-Federal Sources,1312,Tuition from Other Districts within the State,250036
2023-24,2142,Salem-Keizer SD 24J,100,General Fund,1412,Transportation fees from Other Districts within the State,3967.76
2023-24,2142,Salem-Keizer SD 24J,100,General Fund,1500,Earnings on Investments,9234710.89
2023-24,2142,Salem-Keizer SD 24J,300,Debt Service Funds,5400,Resources - Beginning Fund Balance,39026394.92
2023-24,2142,Salem-Keizer SD 24J,400,Capital Projects Funds,5400,Resources - Beginning Fund Balance,98176837.87
2023-24,2142,Salem-Keizer SD 24J,600,Internal Service Funds,5400,Resources - Beginning Fund Balance,27037109.93
2023-24,2142,Salem-Keizer SD 24J,700,Trust and Agency Funds,5400,Resources - Beginning Fund Balance,108048.9
2023-24,2142,Salem-Keizer SD 24J,100,General Fund,1110,Ad valorem taxes levied by district,99705192.94
2023-24,2142,Salem-Keizer SD 24J,300,Debt Service Funds,1110,Ad valorem taxes levied by district,63810472.81
2023-24,2142,Salem-Keizer SD 24J,400,Capital Projects Funds,5200,Interfund Transfers,3050400.65
2023-24,2142,Salem-Keizer SD 24J,100,General Fund,5300,Sale of or Compensation for Loss of Fixed Assets,52613.35
2023-24,2142,Salem-Keizer SD 24J,100,General Fund,5400,Resources - Beginning Fund Balance,86636672.1
2023-24,2142,Salem-Keizer SD 24J,250,Non-Federal Sources,5400,Resources - Beginning Fund Balance,52750775.6
2023-24,2142,Salem-Keizer SD 24J,251,Student Investment Account,5400,Resources - Beginning Fund Balance,1225125.57
2023-24,2142,Salem-Keizer SD 24J,299,Child Nutrition,5400,Resources - Beginning Fund Balance,17753394.24
2023-24,2142,Salem-Keizer SD 24J,201,Federal Sources,4500,Restricted Revenue From Federal Government Through the State,90274930.38
2023-24,2142,Salem-Keizer SD 24J,299,Child Nutrition,4500,Restricted Revenue From Federal Government Through the State,14158905.29
2023-24,2142,Salem-Keizer SD 24J,100,General Fund,4801,Federal Forest Fees,334.38
2023-24,2142,Salem-Keizer SD 24J,201,Federal Sources,4900,Revenue for/on Behalf of the District,8557.46
2023-24,2142,Salem-Keizer SD 24J,299,Child Nutrition,4900,Revenue for/on Behalf of the District,1258967.05
2023-24,2142,Salem-Keizer SD 24J,250,Non-Federal Sources,5200,Interfund Transfers,8000000
2023-24,2142,Salem-Keizer SD 24J,251,Student Investment Account,3299,Other Restricted Grants-In-Aid,40980525.45
2023-24,2142,Salem-Keizer SD 24J,252,Measure 98 - High School Success,3299,Other Restricted Grants-In-Aid,12532931.12
2023-24,2142,Salem-Keizer SD 24J,299,Child Nutrition,3299,Other Restricted Grants-In-Aid,4137199.38
2023-24,2142,Salem-Keizer SD 24J,600,Internal Service Funds,3299,Other Restricted Grants-In-Aid,25399.73
2023-24,2142,Salem-Keizer SD 24J,100,General Fund,4200,Unrestricted Revenue From Federal Government Through State,124814.97
2023-24,2142,Salem-Keizer SD 24J,201,Federal Sources,4300,Restricted Revenue Direct From the Federal Government,191090
2023-24,2142,Salem-Keizer SD 24J,299,Child Nutrition,3102,State School Fund--School Lunch Match,183353.41
2023-24,2142,Salem-Keizer SD 24J,100,General Fund,3103,Common School Fund,5383661.8
2023-24,2142,Salem-Keizer SD 24J,100,General Fund,3199,Other Unrestricted Grants-In-Aid,1850205.14
2023-24,2142,Salem-Keizer SD 24J,250,Non-Federal Sources,3222,State School Fund (SSF) Transportation Equipment,3147905
2023-24,2142,Salem-Keizer SD 24J,100,General Fund,3299,Other Restricted Grants-In-Aid,57228.68
2023-24,2142,Salem-Keizer SD 24J,250,Non-Federal Sources,3299,Other Restricted Grants-In-Aid,12031618.59
2023-24,2142,Salem-Keizer SD 24J,100,General Fund,2101,County School Funds,251149.71
2023-24,2142,Salem-Keizer SD 24J,100,General Fund,2102,General Education Service District Funds,19189266.94
2023-24,2142,Salem-Keizer SD 24J,100,General Fund,2199,Other Intermediate Sources,89419.11
2023-24,2142,Salem-Keizer SD 24J,300,Debt Service Funds,2199,Other Intermediate Sources,57135.5
2023-24,2142,Salem-Keizer SD 24J,250,Non-Federal Sources,2200,Restricted Revenue,1823953.63
2023-24,2142,Salem-Keizer SD 24J,100,General Fund,3101,State School Fund --General Support,408212628.5
2023-24,2142,Salem-Keizer SD 24J,100,General Fund,1990,Miscellaneous,1602977.33
2023-24,2142,Salem-Keizer SD 24J,250,Non-Federal Sources,1990,Miscellaneous,1984148.94
2023-24,2142,Salem-Keizer SD 24J,299,Child Nutrition,1990,Miscellaneous,132407.38
2023-24,2142,Salem-Keizer SD 24J,400,Capital Projects Funds,1990,Miscellaneous,159021.35
2023-24,2142,Salem-Keizer SD 24J,600,Internal Service Funds,1990,Miscellaneous,8978212.53
2023-24,2142,Salem-Keizer SD 24J,700,Trust and Agency Funds,1990,Miscellaneous,56923.87
2023-24,2142,Salem-Keizer SD 24J,250,Non-Federal Sources,1960,Recovery of Prior Years' Expenditure,232
2023-24,2142,Salem-Keizer SD 24J,299,Child Nutrition,1960,Recovery of Prior Years' Expenditure,54512.6
2023-24,2142,Salem-Keizer SD 24J,600,Internal Service Funds,1960,Recovery of Prior Years' Expenditure,24913.55
2023-24,2142,Salem-Keizer SD 24J,300,Debt Service Funds,1970,Services Provided Other Funds,26773539.27
2023-24,2142,Salem-Keizer SD 24J,600,Internal Service Funds,1970,Services Provided Other Funds,12005931.39
2023-24,2142,Salem-Keizer SD 24J,100,General Fund,1980,Fees Charged to Grants,4741365.86
2023-24,2142,Salem-Keizer SD 24J,299,Child Nutrition,1920,Contributions and Donations From Private Sources,6196.25
2023-24,2142,Salem-Keizer SD 24J,400,Capital Projects Funds,1920,Contributions and Donations From Private Sources,432173.75
2023-24,2142,Salem-Keizer SD 24J,100,General Fund,1940,Services Provided Other Local Education Agencies,91325
2023-24,2142,Salem-Keizer SD 24J,600,Internal Service Funds,1940,Services Provided Other Local Education Agencies,97357.74
2023-24,2142,Salem-Keizer SD 24J,250,Non-Federal Sources,1950,Textbook Sales and Rentals,5684.68
2023-24,2142,Salem-Keizer SD 24J,100,General Fund,1960,Recovery of Prior Years' Expenditure,91161.26
2023-24,2142,Salem-Keizer SD 24J,250,Non-Federal Sources,1700,Extra-Curricular Activities,3965526.68
2023-24,2142,Salem-Keizer SD 24J,250,Non-Federal Sources,1800,Community Services Activities,6912.5
2023-24,2142,Salem-Keizer SD 24J,100,General Fund,1910,Rentals,517861.05
2023-24,2142,Salem-Keizer SD 24J,250,Non-Federal Sources,1910,Rentals,44071.47
2023-24,2142,Salem-Keizer SD 24J,100,General Fund,1920,Contributions and Donations From Private Sources,62366.96
2023-24,2142,Salem-Keizer SD 24J,250,Non-Federal Sources,1920,Contributions and Donations From Private Sources,844166.55
2023-24,2143,North Santiam SD 29J,100,General Fund,1110,Ad valorem taxes levied by district,7434375.4
2023-24,2143,North Santiam SD 29J,100,General Fund,1190,Penalties and interest on taxes,3855.61
2023-24,2143,North Santiam SD 29J,100,General Fund,1200,Revenue From Local Governmental Units Other Than Districts,1879.22
2023-24,2143,North Santiam SD 29J,100,General Fund,1500,Earnings on Investments,896172.83
2023-24,2143,North Santiam SD 29J,100,General Fund,1700,Extra-Curricular Activities,26575.92
2023-24,2143,North Santiam SD 29J,100,General Fund,1910,Rentals,2108.98
2023-24,2143,North Santiam SD 29J,700,Trust and Agency Funds,1920,Contributions and Donations From Private Sources,37572.23
2023-24,2143,North Santiam SD 29J,700,Trust and Agency Funds,5400,Resources - Beginning Fund Balance,17219.88
2023-24,2143,North Santiam SD 29J,400,Capital Projects Funds,1130,Construction Excise Tax,240002.43
2023-24,2143,North Santiam SD 29J,400,Capital Projects Funds,1990,Miscellaneous,25403.68
2023-24,2143,North Santiam SD 29J,400,Capital Projects Funds,5200,Interfund Transfers,674833.35
2023-24,2143,North Santiam SD 29J,400,Capital Projects Funds,5400,Resources - Beginning Fund Balance,3322296.44
2023-24,2143,North Santiam SD 29J,600,Internal Service Funds,5200,Interfund Transfers,278000
2023-24,2143,North Santiam SD 29J,600,Internal Service Funds,5400,Resources - Beginning Fund Balance,322049.71
2023-24,2143,North Santiam SD 29J,299,Child Nutrition,5400,Resources - Beginning Fund Balance,221388.32
2023-24,2143,North Santiam SD 29J,300,Debt Service Funds,1110,Ad valorem taxes levied by district,2360652.74
2023-24,2143,North Santiam SD 29J,300,Debt Service Funds,1190,Penalties and interest on taxes,2076.1
2023-24,2143,North Santiam SD 29J,300,Debt Service Funds,1500,Earnings on Investments,65267.16
2023-24,2143,North Santiam SD 29J,300,Debt Service Funds,1970,Services Provided Other Funds,2886964.55
2023-24,2143,North Santiam SD 29J,300,Debt Service Funds,5400,Resources - Beginning Fund Balance,1954949.5
2023-24,2143,North Santiam SD 29J,299,Child Nutrition,1960,Recovery of Prior Years' Expenditure,299.79
2023-24,2143,North Santiam SD 29J,299,Child Nutrition,1990,Miscellaneous,3407.3
2023-24,2143,North Santiam SD 29J,299,Child Nutrition,3299,Other Restricted Grants-In-Aid,228681.23
2023-24,2143,North Santiam SD 29J,299,Child Nutrition,4500,Restricted Revenue From Federal Government Through the State,798277.96
2023-24,2143,North Santiam SD 29J,299,Child Nutrition,4900,Revenue for/on Behalf of the District,82587.93
2023-24,2143,North Santiam SD 29J,299,Child Nutrition,5200,Interfund Transfers,10166.65
2023-24,2143,North Santiam SD 29J,250,Non-Federal Sources,5200,Interfund Transfers,697000
2023-24,2143,North Santiam SD 29J,250,Non-Federal Sources,5400,Resources - Beginning Fund Balance,2912891.62
2023-24,2143,North Santiam SD 29J,251,Student Investment Account,3299,Other Restricted Grants-In-Aid,2015076.02
2023-24,2143,North Santiam SD 29J,251,Student Investment Account,5400,Resources - Beginning Fund Balance,598175.75
2023-24,2143,North Santiam SD 29J,252,Measure 98 - High School Success,3299,Other Restricted Grants-In-Aid,410261.29
2023-24,2143,North Santiam SD 29J,299,Child Nutrition,1600,Food Service,106671.9
2023-24,2143,North Santiam SD 29J,201,Federal Sources,5400,Resources - Beginning Fund Balance,-1268.3
2023-24,2143,North Santiam SD 29J,250,Non-Federal Sources,1700,Extra-Curricular Activities,257914.58
2023-24,2143,North Santiam SD 29J,250,Non-Federal Sources,1920,Contributions and Donations From Private Sources,18235
2023-24,2143,North Santiam SD 29J,250,Non-Federal Sources,1990,Miscellaneous,164124.88
2023-24,2143,North Santiam SD 29J,250,Non-Federal Sources,2200,Restricted Revenue,98400.83
2023-24,2143,North Santiam SD 29J,250,Non-Federal Sources,3299,Other Restricted Grants-In-Aid,741473.24
2023-24,2143,North Santiam SD 29J,100,General Fund,3103,Common School Fund,290645.24
2023-24,2143,North Santiam SD 29J,100,General Fund,3104,State Managed County Timber,196370.32
2023-24,2143,North Santiam SD 29J,100,General Fund,4801,Federal Forest Fees,9174.04
2023-24,2143,North Santiam SD 29J,100,General Fund,5400,Resources - Beginning Fund Balance,5521992.58
2023-24,2143,North Santiam SD 29J,201,Federal Sources,3299,Other Restricted Grants-In-Aid,11913.61
2023-24,2143,North Santiam SD 29J,201,Federal Sources,4500,Restricted Revenue From Federal Government Through the State,1375295.63
2023-24,2143,North Santiam SD 29J,100,General Fund,1960,Recovery of Prior Years' Expenditure,1086.82
2023-24,2143,North Santiam SD 29J,100,General Fund,1980,Fees Charged to Grants,145820.46
2023-24,2143,North Santiam SD 29J,100,General Fund,1990,Miscellaneous,97673.58
2023-24,2143,North Santiam SD 29J,100,General Fund,2101,County School Funds,17131.81
2023-24,2143,North Santiam SD 29J,100,General Fund,2800,Revenue in Lieu of Taxes,6383.61
2023-24,2143,North Santiam SD 29J,100,General Fund,3101,State School Fund --General Support,18151662.6
2023-24,2144,St Paul SD 45,100,General Fund,1110,Ad valorem taxes levied by district,966938.4
2023-24,2144,St Paul SD 45,300,Debt Service Funds,1110,Ad valorem taxes levied by district,587086.5
2023-24,2144,St Paul SD 45,201,Federal Sources,4500,Restricted Revenue From Federal Government Through the State,210782.08
2023-24,2144,St Paul SD 45,201,Federal Sources,5400,Resources - Beginning Fund Balance,-60260.83
2023-24,2144,St Paul SD 45,250,Non-Federal Sources,5400,Resources - Beginning Fund Balance,212606.24
2023-24,2144,St Paul SD 45,400,Capital Projects Funds,5400,Resources - Beginning Fund Balance,214124.64
2023-24,2144,St Paul SD 45,250,Non-Federal Sources,1990,Miscellaneous,10726.99
2023-24,2144,St Paul SD 45,250,Non-Federal Sources,1700,Extra-Curricular Activities,258081
2023-24,2144,St Paul SD 45,300,Debt Service Funds,5400,Resources - Beginning Fund Balance,-9101.35
2023-24,2144,St Paul SD 45,400,Capital Projects Funds,1500,Earnings on Investments,57417.51
2023-24,2144,St Paul SD 45,100,General Fund,1500,Earnings on Investments,69538.12
2023-24,2144,St Paul SD 45,299,Child Nutrition,1600,Food Service,31244
2023-24,2144,St Paul SD 45,100,General Fund,1700,Extra-Curricular Activities,11625.25
2023-24,2144,St Paul SD 45,299,Child Nutrition,4500,Restricted Revenue From Federal Government Through the State,79715.8
2023-24,2144,St Paul SD 45,251,Student Investment Account,3299,Other Restricted Grants-In-Aid,336232.51
2023-24,2144,St Paul SD 45,252,Measure 98 - High School Success,3299,Other Restricted Grants-In-Aid,127610.07
2023-24,2144,St Paul SD 45,299,Child Nutrition,3299,Other Restricted Grants-In-Aid,1703.5
2023-24,2144,St Paul SD 45,299,Child Nutrition,4900,Revenue for/on Behalf of the District,8048
2023-24,2144,St Paul SD 45,250,Non-Federal Sources,5200,Interfund Transfers,20508.1
2023-24,2144,St Paul SD 45,300,Debt Service Funds,1190,Penalties and interest on taxes,300.04
2023-24,2144,St Paul SD 45,100,General Fund,3102,State School Fund--School Lunch Match,949.18
2023-24,2144,St Paul SD 45,100,General Fund,3103,Common School Fund,30632.4
2023-24,2144,St Paul SD 45,100,General Fund,5400,Resources - Beginning Fund Balance,803387.36
2023-24,2144,St Paul SD 45,250,Non-Federal Sources,1920,Contributions and Donations From Private Sources,1518.95
2023-24,2144,St Paul SD 45,250,Non-Federal Sources,3199,Other Unrestricted Grants-In-Aid,79262.49
2023-24,2144,St Paul SD 45,201,Federal Sources,3299,Other Restricted Grants-In-Aid,731.61
2023-24,2144,St Paul SD 45,400,Capital Projects Funds,5100,Long Term Debt Financing Sources,3403097.26
2023-24,2144,St Paul SD 45,100,General Fund,1190,Penalties and interest on taxes,490.83
2023-24,2144,St Paul SD 45,100,General Fund,1960,Recovery of Prior Years' Expenditure,36262.29
2023-24,2144,St Paul SD 45,100,General Fund,1990,Miscellaneous,5207.79
2023-24,2144,St Paul SD 45,100,General Fund,2101,County School Funds,1683.81
2023-24,2144,St Paul SD 45,100,General Fund,3101,State School Fund --General Support,3514777.14
2023-24,2145,Mt Angel SD 91,100,General Fund,5400,Resources - Beginning Fund Balance,1635707
2023-24,2145,Mt Angel SD 91,252,Measure 98 - High School Success,5400,Resources - Beginning Fund Balance,-770.36
2023-24,2145,Mt Angel SD 91,299,Child Nutrition,5400,Resources - Beginning Fund Balance,-12351.7
2023-24,2145,Mt Angel SD 91,251,Student Investment Account,5400,Resources - Beginning Fund Balance,54176.49
2023-24,2145,Mt Angel SD 91,250,Non-Federal Sources,5400,Resources - Beginning Fund Balance,420811.06
2023-24,2145,Mt Angel SD 91,300,Debt Service Funds,5400,Resources - Beginning Fund Balance,1118.37
2023-24,2145,Mt Angel SD 91,400,Capital Projects Funds,1500,Earnings on Investments,304366.74
2023-24,2145,Mt Angel SD 91,400,Capital Projects Funds,2200,Restricted Revenue,91000
2023-24,2145,Mt Angel SD 91,400,Capital Projects Funds,5100,Long Term Debt Financing Sources,7233769
2023-24,2145,Mt Angel SD 91,400,Capital Projects Funds,5200,Interfund Transfers,130527.29
2023-24,2145,Mt Angel SD 91,299,Child Nutrition,5200,Interfund Transfers,89142
2023-24,2145,Mt Angel SD 91,251,Student Investment Account,3299,Other Restricted Grants-In-Aid,731706.44
2023-24,2145,Mt Angel SD 91,250,Non-Federal Sources,1500,Earnings on Investments,7056.21
2023-24,2145,Mt Angel SD 91,250,Non-Federal Sources,3299,Other Restricted Grants-In-Aid,221822.3
2023-24,2145,Mt Angel SD 91,300,Debt Service Funds,1110,Ad valorem taxes levied by district,1326720.79
2023-24,2145,Mt Angel SD 91,300,Debt Service Funds,1500,Earnings on Investments,33191.96
2023-24,2145,Mt Angel SD 91,299,Child Nutrition,1990,Miscellaneous,380
2023-24,2145,Mt Angel SD 91,299,Child Nutrition,3102,State School Fund--School Lunch Match,3595.05
2023-24,2145,Mt Angel SD 91,299,Child Nutrition,3299,Other Restricted Grants-In-Aid,55008.06
2023-24,2145,Mt Angel SD 91,299,Child Nutrition,3900,Revenue for/on Behalf of the District,2369.7
2023-24,2145,Mt Angel SD 91,299,Child Nutrition,4500,Restricted Revenue From Federal Government Through the State,316665.75
2023-24,2145,Mt Angel SD 91,299,Child Nutrition,4900,Revenue for/on Behalf of the District,28572.4
2023-24,2145,Mt Angel SD 91,100,General Fund,3103,Common School Fund,88003.51
2023-24,2145,Mt Angel SD 91,100,General Fund,3299,Other Restricted Grants-In-Aid,16023.98
2023-24,2145,Mt Angel SD 91,100,General Fund,4500,Restricted Revenue From Federal Government Through the State,152389.75
2023-24,2145,Mt Angel SD 91,100,General Fund,5200,Interfund Transfers,28168.5
2023-24,2145,Mt Angel SD 91,252,Measure 98 - High School Success,3299,Other Restricted Grants-In-Aid,150837.26
2023-24,2145,Mt Angel SD 91,299,Child Nutrition,1600,Food Service,32240.88
2023-24,2145,Mt Angel SD 91,100,General Fund,1920,Contributions and Donations From Private Sources,1787.7
2023-24,2145,Mt Angel SD 91,100,General Fund,1990,Miscellaneous,71668.79
2023-24,2145,Mt Angel SD 91,100,General Fund,2101,County School Funds,5021.96
2023-24,2145,Mt Angel SD 91,100,General Fund,2102,General Education Service District Funds,3007.08
2023-24,2145,Mt Angel SD 91,100,General Fund,2200,Restricted Revenue,21237.6
2023-24,2145,Mt Angel SD 91,100,General Fund,3101,State School Fund --General Support,7877708.61
2023-24,2145,Mt Angel SD 91,250,Non-Federal Sources,5200,Interfund Transfers,135143.5
2023-24,2145,Mt Angel SD 91,201,Federal Sources,4500,Restricted Revenue From Federal Government Through the State,508716.5
2023-24,2145,Mt Angel SD 91,100,General Fund,1110,Ad valorem taxes levied by district,1515089.56
2023-24,2145,Mt Angel SD 91,100,General Fund,1311,Tuition from Individuals,642.64
2023-24,2145,Mt Angel SD 91,100,General Fund,1500,Earnings on Investments,152260.88
2023-24,2145,Mt Angel SD 91,100,General Fund,1910,Rentals,11910
2023-24,2145,Mt Angel SD 91,400,Capital Projects Funds,5400,Resources - Beginning Fund Balance,676779.53
2023-24,2145,Mt Angel SD 91,201,Federal Sources,5400,Resources - Beginning Fund Balance,-146528.28
2023-24,2145,Mt Angel SD 91,250,Non-Federal Sources,1700,Extra-Curricular Activities,217138.64
2023-24,2145,Mt Angel SD 91,250,Non-Federal Sources,1920,Contributions and Donations From Private Sources,50572.15
2023-24,2145,Mt Angel SD 91,250,Non-Federal Sources,1990,Miscellaneous,43822.66
2023-24,2145,Mt Angel SD 91,250,Non-Federal Sources,2200,Restricted Revenue,12233.3
2023-24,2146,Woodburn SD 103,100,General Fund,5400,Resources - Beginning Fund Balance,20979972
2023-24,2146,Woodburn SD 103,700,Trust and Agency Funds,5400,Resources - Beginning Fund Balance,1932.54
2023-24,2146,Woodburn SD 103,100,General Fund,5200,Interfund Transfers,37767
2023-24,2146,Woodburn SD 103,201,Federal Sources,4500,Restricted Revenue From Federal Government Through the State,19232910.82
2023-24,2146,Woodburn SD 103,201,Federal Sources,5400,Resources - Beginning Fund Balance,-12805874.24
2023-24,2146,Woodburn SD 103,250,Non-Federal Sources,3299,Other Restricted Grants-In-Aid,461321.8
2023-24,2146,Woodburn SD 103,299,Child Nutrition,5400,Resources - Beginning Fund Balance,3261333
2023-24,2146,Woodburn SD 103,300,Debt Service Funds,5400,Resources - Beginning Fund Balance,340871.79
2023-24,2146,Woodburn SD 103,400,Capital Projects Funds,1130,Construction Excise Tax,848872.65
2023-24,2146,Woodburn SD 103,400,Capital Projects Funds,1500,Earnings on Investments,44354.57
2023-24,2146,Woodburn SD 103,400,Capital Projects Funds,5200,Interfund Transfers,1250000
2023-24,2146,Woodburn SD 103,400,Capital Projects Funds,5400,Resources - Beginning Fund Balance,1896847.74
2023-24,2146,Woodburn SD 103,700,Trust and Agency Funds,1990,Miscellaneous,683
2023-24,2146,Woodburn SD 103,299,Child Nutrition,3299,Other Restricted Grants-In-Aid,25188.62
2023-24,2146,Woodburn SD 103,299,Child Nutrition,4500,Restricted Revenue From Federal Government Through the State,3142378.73
2023-24,2146,Woodburn SD 103,299,Child Nutrition,4900,Revenue for/on Behalf of the District,211786.37
2023-24,2146,Woodburn SD 103,300,Debt Service Funds,1110,Ad valorem taxes levied by district,5820623.76
2023-24,2146,Woodburn SD 103,300,Debt Service Funds,1990,Miscellaneous,129524.67
2023-24,2146,Woodburn SD 103,300,Debt Service Funds,5200,Interfund Transfers,1072000
2023-24,2146,Woodburn SD 103,252,Measure 98 - High School Success,3299,Other Restricted Grants-In-Aid,1756286.87
2023-24,2146,Woodburn SD 103,252,Measure 98 - High School Success,5400,Resources - Beginning Fund Balance,94683.21
2023-24,2146,Woodburn SD 103,299,Child Nutrition,1600,Food Service,67622.98
2023-24,2146,Woodburn SD 103,299,Child Nutrition,1990,Miscellaneous,13035.69
2023-24,2146,Woodburn SD 103,299,Child Nutrition,3102,State School Fund--School Lunch Match,33639.48
2023-24,2146,Woodburn SD 103,299,Child Nutrition,3199,Other Unrestricted Grants-In-Aid,536245.52
2023-24,2146,Woodburn SD 103,250,Non-Federal Sources,1960,Recovery of Prior Years' Expenditure,112.37
2023-24,2146,Woodburn SD 103,250,Non-Federal Sources,1990,Miscellaneous,562829.25
2023-24,2146,Woodburn SD 103,250,Non-Federal Sources,2200,Restricted Revenue,8000
2023-24,2146,Woodburn SD 103,250,Non-Federal Sources,5400,Resources - Beginning Fund Balance,655167.98
2023-24,2146,Woodburn SD 103,251,Student Investment Account,3299,Other Restricted Grants-In-Aid,5789898.89
2023-24,2146,Woodburn SD 103,251,Student Investment Account,5400,Resources - Beginning Fund Balance,-1754.95
2023-24,2146,Woodburn SD 103,100,General Fund,2199,Other Intermediate Sources,16359.96
2023-24,2146,Woodburn SD 103,100,General Fund,3101,State School Fund --General Support,63103170.43
2023-24,2146,Woodburn SD 103,100,General Fund,3103,Common School Fund,707085.04
2023-24,2146,Woodburn SD 103,250,Non-Federal Sources,1600,Food Service,13561
2023-24,2146,Woodburn SD 103,250,Non-Federal Sources,1700,Extra-Curricular Activities,208529.17
2023-24,2146,Woodburn SD 103,250,Non-Federal Sources,1920,Contributions and Donations From Private Sources,17660.55
2023-24,2146,Woodburn SD 103,100,General Fund,1500,Earnings on Investments,1069146.39
2023-24,2146,Woodburn SD 103,100,General Fund,1910,Rentals,24895
2023-24,2146,Woodburn SD 103,100,General Fund,1980,Fees Charged to Grants,433528.3
2023-24,2146,Woodburn SD 103,100,General Fund,1990,Miscellaneous,377220.58
2023-24,2146,Woodburn SD 103,100,General Fund,2101,County School Funds,38989.84
2023-24,2146,Woodburn SD 103,100,General Fund,2102,General Education Service District Funds,797366.52
2023-24,2146,Woodburn SD 103,100,General Fund,1110,Ad valorem taxes levied by district,10272107.02
2023-24,2146,Woodburn SD 103,100,General Fund,1320,Adult/Continuing Education Tuition,19102
2023-24,2147,Morrow SD 1,100,General Fund,1190,Penalties and interest on taxes,5926.51
2023-24,2147,Morrow SD 1,300,Debt Service Funds,1190,Penalties and interest on taxes,13000.19
2023-24,2147,Morrow SD 1,250,Non-Federal Sources,1200,Revenue From Local Governmental Units Other Than Districts,958620
2023-24,2147,Morrow SD 1,100,General Fund,1500,Earnings on Investments,917451.96
2023-24,2147,Morrow SD 1,299,Child Nutrition,1500,Earnings on Investments,68.35
2023-24,2147,Morrow SD 1,300,Debt Service Funds,1500,Earnings on Investments,38485.82
2023-24,2147,Morrow SD 1,100,General Fund,5400,Resources - Beginning Fund Balance,8040244.39
2023-24,2147,Morrow SD 1,250,Non-Federal Sources,5400,Resources - Beginning Fund Balance,5063934.81
2023-24,2147,Morrow SD 1,300,Debt Service Funds,1110,Ad valorem taxes levied by district,6015.2
2023-24,2147,Morrow SD 1,250,Non-Federal Sources,1990,Miscellaneous,262914.37
2023-24,2147,Morrow SD 1,100,General Fund,3101,State School Fund --General Support,17063868.78
2023-24,2147,Morrow SD 1,250,Non-Federal Sources,3299,Other Restricted Grants-In-Aid,347827.25
2023-24,2147,Morrow SD 1,100,General Fund,4500,Restricted Revenue From Federal Government Through the State,51800.21
2023-24,2147,Morrow SD 1,250,Non-Federal Sources,5200,Interfund Transfers,91422.42
2023-24,2147,Morrow SD 1,201,Federal Sources,5400,Resources - Beginning Fund Balance,-53039.92
2023-24,2147,Morrow SD 1,299,Child Nutrition,5400,Resources - Beginning Fund Balance,1202426.82
2023-24,2147,Morrow SD 1,251,Student Investment Account,5400,Resources - Beginning Fund Balance,0.63
2023-24,2147,Morrow SD 1,300,Debt Service Funds,5400,Resources - Beginning Fund Balance,376114.86
2023-24,2147,Morrow SD 1,400,Capital Projects Funds,5400,Resources - Beginning Fund Balance,1388735.35
2023-24,2147,Morrow SD 1,100,General Fund,1110,Ad valorem taxes levied by district,14095384.49
2023-24,2147,Morrow SD 1,251,Student Investment Account,3299,Other Restricted Grants-In-Aid,2550583.79
2023-24,2147,Morrow SD 1,201,Federal Sources,4500,Restricted Revenue From Federal Government Through the State,3273901.95
2023-24,2147,Morrow SD 1,299,Child Nutrition,4500,Restricted Revenue From Federal Government Through the State,981241.18
2023-24,2147,Morrow SD 1,201,Federal Sources,4700,Grants-In-Aid From Federal Government Through Other Intermed,129679.98
2023-24,2147,Morrow SD 1,299,Child Nutrition,4900,Revenue for/on Behalf of the District,71703.91
2023-24,2147,Morrow SD 1,299,Child Nutrition,5200,Interfund Transfers,12287.52
2023-24,2147,Morrow SD 1,250,Non-Federal Sources,2200,Restricted Revenue,873650
2023-24,2147,Morrow SD 1,100,General Fund,2800,Revenue in Lieu of Taxes,332743.8
2023-24,2147,Morrow SD 1,100,General Fund,3103,Common School Fund,273884.46
2023-24,2147,Morrow SD 1,100,General Fund,3299,Other Restricted Grants-In-Aid,7346.02
2023-24,2147,Morrow SD 1,252,Measure 98 - High School Success,3299,Other Restricted Grants-In-Aid,671668.95
2023-24,2147,Morrow SD 1,299,Child Nutrition,3299,Other Restricted Grants-In-Aid,258459.61
2023-24,2147,Morrow SD 1,300,Debt Service Funds,1970,Services Provided Other Funds,2059510.75
2023-24,2147,Morrow SD 1,100,General Fund,1990,Miscellaneous,270485.45
2023-24,2147,Morrow SD 1,299,Child Nutrition,1990,Miscellaneous,3624.78
2023-24,2147,Morrow SD 1,400,Capital Projects Funds,1990,Miscellaneous,55000
2023-24,2147,Morrow SD 1,100,General Fund,2101,County School Funds,310
2023-24,2147,Morrow SD 1,100,General Fund,2102,General Education Service District Funds,90101.54
2023-24,2147,Morrow SD 1,299,Child Nutrition,1600,Food Service,11728.73
2023-24,2147,Morrow SD 1,250,Non-Federal Sources,1700,Extra-Curricular Activities,580108.24
2023-24,2147,Morrow SD 1,100,General Fund,1920,Contributions and Donations From Private Sources,3125
2023-24,2147,Morrow SD 1,250,Non-Federal Sources,1920,Contributions and Donations From Private Sources,194378.18
2023-24,2147,Morrow SD 1,400,Capital Projects Funds,1920,Contributions and Donations From Private Sources,430321
2023-24,2147,Morrow SD 1,100,General Fund,1940,Services Provided Other Local Education Agencies,7000
2023-24,2148,Multnomah ESD,100,General Fund,1110,Ad valorem taxes levied by district,42584256.95
2023-24,2148,Multnomah ESD,100,General Fund,1190,Penalties and interest on taxes,121330.91
2023-24,2148,Multnomah ESD,100,General Fund,1500,Earnings on Investments,1013877.04
2023-24,2148,Multnomah ESD,100,General Fund,1800,Community Services Activities,5766.01
2023-24,2148,Multnomah ESD,100,General Fund,1910,Rentals,17940
2023-24,2148,Multnomah ESD,100,General Fund,1920,Contributions and Donations From Private Sources,21143.02
2023-24,2148,Multnomah ESD,100,General Fund,1200,Revenue From Local Governmental Units Other Than Districts,27210.09
2023-24,2148,Multnomah ESD,250,Non-Federal Sources,1990,Miscellaneous,309053.49
2023-24,2148,Multnomah ESD,250,Non-Federal Sources,1200,Revenue From Local Governmental Units Other Than Districts,374892.95
2023-24,2148,Multnomah ESD,300,Debt Service Funds,1500,Earnings on Investments,109594.72
2023-24,2148,Multnomah ESD,300,Debt Service Funds,1970,Services Provided Other Funds,8320279.46
2023-24,2148,Multnomah ESD,300,Debt Service Funds,5400,Resources - Beginning Fund Balance,916829.3
2023-24,2148,Multnomah ESD,100,General Fund,4200,Unrestricted Revenue From Federal Government Through State,7148.32
2023-24,2148,Multnomah ESD,250,Non-Federal Sources,4200,Unrestricted Revenue From Federal Government Through State,7043.93
2023-24,2148,Multnomah ESD,100,General Fund,1990,Miscellaneous,158387.55
2023-24,2148,Multnomah ESD,250,Non-Federal Sources,1940,Services Provided Other Local Education Agencies,16015882.16
2023-24,2148,Multnomah ESD,250,Non-Federal Sources,1960,Recovery of Prior Years' Expenditure,639.5
2023-24,2148,Multnomah ESD,250,Non-Federal Sources,3299,Other Restricted Grants-In-Aid,17836668.14
2023-24,2148,Multnomah ESD,250,Non-Federal Sources,4500,Restricted Revenue From Federal Government Through the State,1803929.1
2023-24,2148,Multnomah ESD,250,Non-Federal Sources,5400,Resources - Beginning Fund Balance,717020.46
2023-24,2148,Multnomah ESD,252,Measure 98 - High School Success,3299,Other Restricted Grants-In-Aid,402460.93
2023-24,2148,Multnomah ESD,201,Federal Sources,3299,Other Restricted Grants-In-Aid,1409301.48
2023-24,2148,Multnomah ESD,201,Federal Sources,4300,Restricted Revenue Direct From the Federal Government,567957.95
2023-24,2148,Multnomah ESD,201,Federal Sources,4500,Restricted Revenue From Federal Government Through the State,4232680.2
2023-24,2148,Multnomah ESD,201,Federal Sources,5400,Resources - Beginning Fund Balance,2201.05
2023-24,2148,Multnomah ESD,250,Non-Federal Sources,1800,Community Services Activities,4984
2023-24,2148,Multnomah ESD,250,Non-Federal Sources,1920,Contributions and Donations From Private Sources,142502.02
2023-24,2148,Multnomah ESD,100,General Fund,4500,Restricted Revenue From Federal Government Through the State,71001.45
2023-24,2148,Multnomah ESD,100,General Fund,5100,Long Term Debt Financing Sources,695840.97
2023-24,2148,Multnomah ESD,100,General Fund,5200,Interfund Transfers,5718375.82
2023-24,2148,Multnomah ESD,100,General Fund,5400,Resources - Beginning Fund Balance,18601950.12
2023-24,2148,Multnomah ESD,201,Federal Sources,1600,Food Service,4311
2023-24,2148,Multnomah ESD,201,Federal Sources,1960,Recovery of Prior Years' Expenditure,-40207.44
2023-24,2148,Multnomah ESD,100,General Fund,1940,Services Provided Other Local Education Agencies,72013.52
2023-24,2148,Multnomah ESD,100,General Fund,1960,Recovery of Prior Years' Expenditure,826.89
2023-24,2148,Multnomah ESD,100,General Fund,1970,Services Provided Other Funds,1181298.99
2023-24,2148,Multnomah ESD,100,General Fund,1980,Fees Charged to Grants,1696990.69
2023-24,2148,Multnomah ESD,100,General Fund,3101,State School Fund --General Support,8088170.26
2023-24,2148,Multnomah ESD,100,General Fund,3299,Other Restricted Grants-In-Aid,78109.89
2023-24,2180,Portland SD 1J,100,General Fund,1110,Ad valorem taxes levied by district,314347897.5
2023-24,2180,Portland SD 1J,250,Non-Federal Sources,1110,Ad valorem taxes levied by district,337417.53
2023-24,2180,Portland SD 1J,300,Debt Service Funds,1110,Ad valorem taxes levied by district,158037676.5
2023-24,2180,Portland SD 1J,100,General Fund,1120,Local option ad valorem taxes levied by district,141082478.2
2023-24,2180,Portland SD 1J,250,Non-Federal Sources,1120,Local option ad valorem taxes levied by district,35605
2023-24,2180,Portland SD 1J,400,Capital Projects Funds,1130,Construction Excise Tax,1786014.75
2023-24,2180,Portland SD 1J,400,Capital Projects Funds,5400,Resources - Beginning Fund Balance,730550503.7
2023-24,2180,Portland SD 1J,600,Internal Service Funds,5400,Resources - Beginning Fund Balance,4148352.62
2023-24,2180,Portland SD 1J,100,General Fund,5300,Sale of or Compensation for Loss of Fixed Assets,115020
2023-24,2180,Portland SD 1J,400,Capital Projects Funds,5300,Sale of or Compensation for Loss of Fixed Assets,10300000
2023-24,2180,Portland SD 1J,100,General Fund,5400,Resources - Beginning Fund Balance,105496817.7
2023-24,2180,Portland SD 1J,250,Non-Federal Sources,5400,Resources - Beginning Fund Balance,31912332.21
2023-24,2180,Portland SD 1J,299,Child Nutrition,5400,Resources - Beginning Fund Balance,4752882.16
2023-24,2180,Portland SD 1J,300,Debt Service Funds,5400,Resources - Beginning Fund Balance,18303405.02
2023-24,2180,Portland SD 1J,299,Child Nutrition,4500,Restricted Revenue From Federal Government Through the State,13700091.28
2023-24,2180,Portland SD 1J,201,Federal Sources,4700,Grants-In-Aid From Federal Government Through Other Intermed,43675.99
2023-24,2180,Portland SD 1J,100,General Fund,4801,Federal Forest Fees,20542.55
2023-24,2180,Portland SD 1J,299,Child Nutrition,5200,Interfund Transfers,77108.22
2023-24,2180,Portland SD 1J,300,Debt Service Funds,5200,Interfund Transfers,618751.45
2023-24,2180,Portland SD 1J,400,Capital Projects Funds,5200,Interfund Transfers,809570.5
2023-24,2180,Portland SD 1J,299,Child Nutrition,3299,Other Restricted Grants-In-Aid,3300440.92
2023-24,2180,Portland SD 1J,400,Capital Projects Funds,3299,Other Restricted Grants-In-Aid,2903346
2023-24,2180,Portland SD 1J,201,Federal Sources,4200,Unrestricted Revenue From Federal Government Through State,63753.76
2023-24,2180,Portland SD 1J,201,Federal Sources,4300,Restricted Revenue Direct From the Federal Government,11824776.74
2023-24,2180,Portland SD 1J,100,General Fund,4500,Restricted Revenue From Federal Government Through the State,7042.89
2023-24,2180,Portland SD 1J,201,Federal Sources,4500,Restricted Revenue From Federal Government Through the State,82935104.58
2023-24,2180,Portland SD 1J,299,Child Nutrition,3102,State School Fund--School Lunch Match,156647.7
2023-24,2180,Portland SD 1J,100,General Fund,3103,Common School Fund,6415268.5
2023-24,2180,Portland SD 1J,600,Internal Service Funds,3199,Other Unrestricted Grants-In-Aid,421900.21
2023-24,2180,Portland SD 1J,250,Non-Federal Sources,3299,Other Restricted Grants-In-Aid,23896624.42
2023-24,2180,Portland SD 1J,251,Student Investment Account,3299,Other Restricted Grants-In-Aid,40407550.17
2023-24,2180,Portland SD 1J,252,Measure 98 - High School Success,3299,Other Restricted Grants-In-Aid,12269991.05
2023-24,2180,Portland SD 1J,400,Capital Projects Funds,1990,Miscellaneous,2192947.02
2023-24,2180,Portland SD 1J,100,General Fund,2101,County School Funds,8199.78
2023-24,2180,Portland SD 1J,100,General Fund,2102,General Education Service District Funds,1500000
2023-24,2180,Portland SD 1J,100,General Fund,2199,Other Intermediate Sources,5714289.67
2023-24,2180,Portland SD 1J,250,Non-Federal Sources,2200,Restricted Revenue,331773.04
2023-24,2180,Portland SD 1J,100,General Fund,3101,State School Fund --General Support,274365758.6
2023-24,2180,Portland SD 1J,300,Debt Service Funds,1970,Services Provided Other Funds,81705223.2
2023-24,2180,Portland SD 1J,600,Internal Service Funds,1970,Services Provided Other Funds,2847341.16
2023-24,2180,Portland SD 1J,100,General Fund,1980,Fees Charged to Grants,6120228.18
2023-24,2180,Portland SD 1J,100,General Fund,1990,Miscellaneous,1773341.83
2023-24,2180,Portland SD 1J,250,Non-Federal Sources,1990,Miscellaneous,529339.21
2023-24,2180,Portland SD 1J,299,Child Nutrition,1990,Miscellaneous,33276.68
2023-24,2180,Portland SD 1J,250,Non-Federal Sources,1920,Contributions and Donations From Private Sources,9011695.4
2023-24,2180,Portland SD 1J,299,Child Nutrition,1920,Contributions and Donations From Private Sources,2760.65
2023-24,2180,Portland SD 1J,250,Non-Federal Sources,1940,Services Provided Other Local Education Agencies,1473262.04
2023-24,2180,Portland SD 1J,100,General Fund,1960,Recovery of Prior Years' Expenditure,902813.41
2023-24,2180,Portland SD 1J,250,Non-Federal Sources,1960,Recovery of Prior Years' Expenditure,-10279.23
2023-24,2180,Portland SD 1J,299,Child Nutrition,1970,Services Provided Other Funds,227422.41
2023-24,2180,Portland SD 1J,299,Child Nutrition,1600,Food Service,1955584.52
2023-24,2180,Portland SD 1J,100,General Fund,1700,Extra-Curricular Activities,934081.99
2023-24,2180,Portland SD 1J,250,Non-Federal Sources,1700,Extra-Curricular Activities,6307693.3
2023-24,2180,Portland SD 1J,100,General Fund,1910,Rentals,1862395.47
2023-24,2180,Portland SD 1J,400,Capital Projects Funds,1910,Rentals,190429.5
2023-24,2180,Portland SD 1J,100,General Fund,1920,Contributions and Donations From Private Sources,13801.53
2023-24,2180,Portland SD 1J,250,Non-Federal Sources,1330,Summer School Tuition,1190
2023-24,2180,Portland SD 1J,100,General Fund,1500,Earnings on Investments,11686831.99
2023-24,2180,Portland SD 1J,250,Non-Federal Sources,1500,Earnings on Investments,991161.58
2023-24,2180,Portland SD 1J,300,Debt Service Funds,1500,Earnings on Investments,6467308.74
2023-24,2180,Portland SD 1J,400,Capital Projects Funds,1500,Earnings on Investments,36767056.56
2023-24,2180,Portland SD 1J,600,Internal Service Funds,1500,Earnings on Investments,265134.35
2023-24,2180,Portland SD 1J,100,General Fund,1190,Penalties and interest on taxes,988014.08
2023-24,2180,Portland SD 1J,300,Debt Service Funds,1190,Penalties and interest on taxes,452530.97
2023-24,2180,Portland SD 1J,100,General Fund,1200,Revenue From Local Governmental Units Other Than Districts,5880
2023-24,2180,Portland SD 1J,250,Non-Federal Sources,1200,Revenue From Local Governmental Units Other Than Districts,699245.94
2023-24,2180,Portland SD 1J,100,General Fund,1311,Tuition from Individuals,14251.5
2023-24,2180,Portland SD 1J,250,Non-Federal Sources,1311,Tuition from Individuals,292263
2023-24,2181,Parkrose SD 3,100,General Fund,1110,Ad valorem taxes levied by district,21325889.92
2023-24,2181,Parkrose SD 3,100,General Fund,1500,Earnings on Investments,636239.27
2023-24,2181,Parkrose SD 3,100,General Fund,1700,Extra-Curricular Activities,29862.68
2023-24,2181,Parkrose SD 3,100,General Fund,1960,Recovery of Prior Years' Expenditure,25401.76
2023-24,2181,Parkrose SD 3,100,General Fund,1980,Fees Charged to Grants,273809.96
2023-24,2181,Parkrose SD 3,100,General Fund,1990,Miscellaneous,48692.73
2023-24,2181,Parkrose SD 3,400,Capital Projects Funds,1500,Earnings on Investments,24606.22
2023-24,2181,Parkrose SD 3,400,Capital Projects Funds,1990,Miscellaneous,96550.4
2023-24,2181,Parkrose SD 3,400,Capital Projects Funds,5400,Resources - Beginning Fund Balance,1090987.9
2023-24,2181,Parkrose SD 3,300,Debt Service Funds,1110,Ad valorem taxes levied by district,3389699.01
2023-24,2181,Parkrose SD 3,300,Debt Service Funds,1500,Earnings on Investments,152604.44
2023-24,2181,Parkrose SD 3,300,Debt Service Funds,3101,State School Fund --General Support,3367276.91
2023-24,2181,Parkrose SD 3,300,Debt Service Funds,4300,Restricted Revenue Direct From the Federal Government,1039665.56
2023-24,2181,Parkrose SD 3,300,Debt Service Funds,5400,Resources - Beginning Fund Balance,1608084.47
2023-24,2181,Parkrose SD 3,400,Capital Projects Funds,1130,Construction Excise Tax,88005.89
2023-24,2181,Parkrose SD 3,299,Child Nutrition,1990,Miscellaneous,315.81
2023-24,2181,Parkrose SD 3,299,Child Nutrition,3102,State School Fund--School Lunch Match,12398.2
2023-24,2181,Parkrose SD 3,299,Child Nutrition,3299,Other Restricted Grants-In-Aid,274639.12
2023-24,2181,Parkrose SD 3,299,Child Nutrition,4500,Restricted Revenue From Federal Government Through the State,1172597.65
2023-24,2181,Parkrose SD 3,299,Child Nutrition,4900,Revenue for/on Behalf of the District,85984.39
2023-24,2181,Parkrose SD 3,299,Child Nutrition,5400,Resources - Beginning Fund Balance,222490.64
2023-24,2181,Parkrose SD 3,250,Non-Federal Sources,5100,Long Term Debt Financing Sources,67484.51
2023-24,2181,Parkrose SD 3,250,Non-Federal Sources,5200,Interfund Transfers,65000
2023-24,2181,Parkrose SD 3,250,Non-Federal Sources,5400,Resources - Beginning Fund Balance,4917439.71
2023-24,2181,Parkrose SD 3,251,Student Investment Account,3299,Other Restricted Grants-In-Aid,3312220.54
2023-24,2181,Parkrose SD 3,252,Measure 98 - High School Success,3299,Other Restricted Grants-In-Aid,1072480.5
2023-24,2181,Parkrose SD 3,299,Child Nutrition,1600,Food Service,44859.17
2023-24,2181,Parkrose SD 3,250,Non-Federal Sources,1700,Extra-Curricular Activities,423408.85
2023-24,2181,Parkrose SD 3,250,Non-Federal Sources,1910,Rentals,1149667.21
2023-24,2181,Parkrose SD 3,250,Non-Federal Sources,1920,Contributions and Donations From Private Sources,210303.18
2023-24,2181,Parkrose SD 3,250,Non-Federal Sources,1930,Rental or Lease Payments from Private Contractors,194806.52
2023-24,2181,Parkrose SD 3,250,Non-Federal Sources,1990,Miscellaneous,49100.2
2023-24,2181,Parkrose SD 3,250,Non-Federal Sources,3299,Other Restricted Grants-In-Aid,1606971.53
2023-24,2181,Parkrose SD 3,100,General Fund,5100,Long Term Debt Financing Sources,106214.84
2023-24,2181,Parkrose SD 3,100,General Fund,5300,Sale of or Compensation for Loss of Fixed Assets,9906.78
2023-24,2181,Parkrose SD 3,100,General Fund,5400,Resources - Beginning Fund Balance,3158123.86
2023-24,2181,Parkrose SD 3,201,Federal Sources,4500,Restricted Revenue From Federal Government Through the State,4478078.55
2023-24,2181,Parkrose SD 3,201,Federal Sources,4501,Medicaid Reimbursement for Eligible Early Intervention (EI) Services (Birth to Age Three),958781.9
2023-24,2181,Parkrose SD 3,250,Non-Federal Sources,1500,Earnings on Investments,95184.19
2023-24,2181,Parkrose SD 3,100,General Fund,2101,County School Funds,1797.79
2023-24,2181,Parkrose SD 3,100,General Fund,2200,Restricted Revenue,285706.38
2023-24,2181,Parkrose SD 3,100,General Fund,2900,Revenue for/on Behalf of the District,94600
2023-24,2181,Parkrose SD 3,100,General Fund,3101,State School Fund --General Support,14329954.91
2023-24,2181,Parkrose SD 3,100,General Fund,3103,Common School Fund,409593.28
2023-24,2181,Parkrose SD 3,100,General Fund,4500,Restricted Revenue From Federal Government Through the State,5000
2023-24,2182,Reynolds SD 7,250,Non-Federal Sources,5400,Resources - Beginning Fund Balance,4740339
2023-24,2182,Reynolds SD 7,201,Federal Sources,5400,Resources - Beginning Fund Balance,-7903883.63
2023-24,2182,Reynolds SD 7,250,Non-Federal Sources,1960,Recovery of Prior Years' Expenditure,-179204.12
2023-24,2182,Reynolds SD 7,250,Non-Federal Sources,3299,Other Restricted Grants-In-Aid,1075492.03
2023-24,2182,Reynolds SD 7,300,Debt Service Funds,1110,Ad valorem taxes levied by district,11876849.7
2023-24,2182,Reynolds SD 7,300,Debt Service Funds,1990,Miscellaneous,-267479
2023-24,2182,Reynolds SD 7,250,Non-Federal Sources,1990,Miscellaneous,2166966
2023-24,2182,Reynolds SD 7,100,General Fund,1110,Ad valorem taxes levied by district,32340921.01
2023-24,2182,Reynolds SD 7,100,General Fund,1500,Earnings on Investments,1540562.48
2023-24,2182,Reynolds SD 7,100,General Fund,1910,Rentals,75560.47
2023-24,2182,Reynolds SD 7,100,General Fund,1990,Miscellaneous,305550.1
2023-24,2182,Reynolds SD 7,100,General Fund,3101,State School Fund --General Support,102950820.8
2023-24,2182,Reynolds SD 7,201,Federal Sources,4500,Restricted Revenue From Federal Government Through the State,26416571.21
2023-24,2182,Reynolds SD 7,400,Capital Projects Funds,5400,Resources - Beginning Fund Balance,4163449.86
2023-24,2182,Reynolds SD 7,300,Debt Service Funds,1500,Earnings on Investments,788463.17
2023-24,2182,Reynolds SD 7,300,Debt Service Funds,1970,Services Provided Other Funds,10118875.63
2023-24,2182,Reynolds SD 7,300,Debt Service Funds,5400,Resources - Beginning Fund Balance,4116827.4
2023-24,2182,Reynolds SD 7,400,Capital Projects Funds,1130,Construction Excise Tax,344616.12
2023-24,2182,Reynolds SD 7,400,Capital Projects Funds,1500,Earnings on Investments,32848.53
2023-24,2182,Reynolds SD 7,400,Capital Projects Funds,5200,Interfund Transfers,1351250
2023-24,2182,Reynolds SD 7,299,Child Nutrition,4100,Unrestricted Revenue Direct From the Federal Government,346892.35
2023-24,2182,Reynolds SD 7,299,Child Nutrition,4500,Restricted Revenue From Federal Government Through the State,5127339.63
2023-24,2182,Reynolds SD 7,299,Child Nutrition,4502,Medicaid Reimbursement for Eligible Early Childhood Special Education (ECSE) Services (Ages 3 to 5),100957.73
2023-24,2182,Reynolds SD 7,299,Child Nutrition,5200,Interfund Transfers,46205.09
2023-24,2182,Reynolds SD 7,299,Child Nutrition,5400,Resources - Beginning Fund Balance,674760
2023-24,2182,Reynolds SD 7,300,Debt Service Funds,1190,Penalties and interest on taxes,33892.08
2023-24,2182,Reynolds SD 7,251,Student Investment Account,5400,Resources - Beginning Fund Balance,56640.06
2023-24,2182,Reynolds SD 7,252,Measure 98 - High School Success,3299,Other Restricted Grants-In-Aid,2725345.17
2023-24,2182,Reynolds SD 7,252,Measure 98 - High School Success,5400,Resources - Beginning Fund Balance,-311953.09
2023-24,2182,Reynolds SD 7,299,Child Nutrition,1600,Food Service,80975.28
2023-24,2182,Reynolds SD 7,299,Child Nutrition,1990,Miscellaneous,4192.76
2023-24,2182,Reynolds SD 7,299,Child Nutrition,3299,Other Restricted Grants-In-Aid,481633.75
2023-24,2182,Reynolds SD 7,250,Non-Federal Sources,1920,Contributions and Donations From Private Sources,70763.93
2023-24,2182,Reynolds SD 7,250,Non-Federal Sources,2199,Other Intermediate Sources,66112.13
2023-24,2182,Reynolds SD 7,250,Non-Federal Sources,2200,Restricted Revenue,361074.58
2023-24,2182,Reynolds SD 7,250,Non-Federal Sources,3204,Driver Education,53875
2023-24,2182,Reynolds SD 7,250,Non-Federal Sources,5200,Interfund Transfers,430000
2023-24,2182,Reynolds SD 7,251,Student Investment Account,3299,Other Restricted Grants-In-Aid,12351782.48
2023-24,2182,Reynolds SD 7,100,General Fund,4100,Unrestricted Revenue Direct From the Federal Government,240651.63
2023-24,2182,Reynolds SD 7,100,General Fund,4300,Restricted Revenue Direct From the Federal Government,47743.24
2023-24,2182,Reynolds SD 7,100,General Fund,5400,Resources - Beginning Fund Balance,26681849.9
2023-24,2182,Reynolds SD 7,201,Federal Sources,1920,Contributions and Donations From Private Sources,8000
2023-24,2182,Reynolds SD 7,201,Federal Sources,1960,Recovery of Prior Years' Expenditure,7845967.85
2023-24,2182,Reynolds SD 7,250,Non-Federal Sources,1412,Transportation fees from Other Districts within the State,25427.99
2023-24,2182,Reynolds SD 7,100,General Fund,1960,Recovery of Prior Years' Expenditure,-436960.84
2023-24,2182,Reynolds SD 7,100,General Fund,1980,Fees Charged to Grants,1292039.67
2023-24,2182,Reynolds SD 7,100,General Fund,2101,County School Funds,36596.42
2023-24,2182,Reynolds SD 7,100,General Fund,2102,General Education Service District Funds,1999997
2023-24,2182,Reynolds SD 7,100,General Fund,3103,Common School Fund,1404428.32
2023-24,2182,Reynolds SD 7,100,General Fund,3199,Other Unrestricted Grants-In-Aid,856066.06
2023-24,2182,Reynolds SD 7,100,General Fund,1190,Penalties and interest on taxes,93438.14
2023-24,2182,Reynolds SD 7,100,General Fund,1411,Transportation fees from Individuals,227531.06
2023-24,2182,Reynolds SD 7,100,General Fund,1700,Extra-Curricular Activities,44488.86
2023-24,2183,Gresham-Barlow SD 10J,100,General Fund,1110,Ad valorem taxes levied by district,34770551.99
2023-24,2183,Gresham-Barlow SD 10J,100,General Fund,1190,Penalties and interest on taxes,101527.52
2023-24,2183,Gresham-Barlow SD 10J,100,General Fund,1411,Transportation fees from Individuals,10414.15
2023-24,2183,Gresham-Barlow SD 10J,100,General Fund,1500,Earnings on Investments,1867259.38
2023-24,2183,Gresham-Barlow SD 10J,100,General Fund,1700,Extra-Curricular Activities,63947.77
2023-24,2183,Gresham-Barlow SD 10J,100,General Fund,1800,Community Services Activities,128063.5
2023-24,2183,Gresham-Barlow SD 10J,400,Capital Projects Funds,5200,Interfund Transfers,3500000
2023-24,2183,Gresham-Barlow SD 10J,400,Capital Projects Funds,5300,Sale of or Compensation for Loss of Fixed Assets,496319.5
2023-24,2183,Gresham-Barlow SD 10J,400,Capital Projects Funds,5400,Resources - Beginning Fund Balance,6976858.56
2023-24,2183,Gresham-Barlow SD 10J,100,General Fund,3101,State School Fund --General Support,110800619.3
2023-24,2183,Gresham-Barlow SD 10J,250,Non-Federal Sources,3299,Other Restricted Grants-In-Aid,1896946.55
2023-24,2183,Gresham-Barlow SD 10J,250,Non-Federal Sources,5400,Resources - Beginning Fund Balance,12819054.07
2023-24,2183,Gresham-Barlow SD 10J,300,Debt Service Funds,5400,Resources - Beginning Fund Balance,2115098.74
2023-24,2183,Gresham-Barlow SD 10J,400,Capital Projects Funds,1130,Construction Excise Tax,266207.33
2023-24,2183,Gresham-Barlow SD 10J,400,Capital Projects Funds,1500,Earnings on Investments,249244.83
2023-24,2183,Gresham-Barlow SD 10J,400,Capital Projects Funds,1910,Rentals,1088
2023-24,2183,Gresham-Barlow SD 10J,400,Capital Projects Funds,1960,Recovery of Prior Years' Expenditure,199284.01
2023-24,2183,Gresham-Barlow SD 10J,400,Capital Projects Funds,3299,Other Restricted Grants-In-Aid,335879.64
2023-24,2183,Gresham-Barlow SD 10J,299,Child Nutrition,5400,Resources - Beginning Fund Balance,4422615.81
2023-24,2183,Gresham-Barlow SD 10J,300,Debt Service Funds,1110,Ad valorem taxes levied by district,21541105.49
2023-24,2183,Gresham-Barlow SD 10J,300,Debt Service Funds,1190,Penalties and interest on taxes,53219.89
2023-24,2183,Gresham-Barlow SD 10J,300,Debt Service Funds,1500,Earnings on Investments,555773.75
2023-24,2183,Gresham-Barlow SD 10J,300,Debt Service Funds,1970,Services Provided Other Funds,7672463.5
2023-24,2183,Gresham-Barlow SD 10J,300,Debt Service Funds,5200,Interfund Transfers,185700
2023-24,2183,Gresham-Barlow SD 10J,252,Measure 98 - High School Success,3299,Other Restricted Grants-In-Aid,3419465.6
2023-24,2183,Gresham-Barlow SD 10J,299,Child Nutrition,1500,Earnings on Investments,189001.07
2023-24,2183,Gresham-Barlow SD 10J,299,Child Nutrition,1600,Food Service,337942.45
2023-24,2183,Gresham-Barlow SD 10J,299,Child Nutrition,3102,State School Fund--School Lunch Match,630746.92
2023-24,2183,Gresham-Barlow SD 10J,299,Child Nutrition,3299,Other Restricted Grants-In-Aid,16813.06
2023-24,2183,Gresham-Barlow SD 10J,299,Child Nutrition,4500,Restricted Revenue From Federal Government Through the State,3992135.75
2023-24,2183,Gresham-Barlow SD 10J,250,Non-Federal Sources,1970,Services Provided Other Funds,1699976.97
2023-24,2183,Gresham-Barlow SD 10J,250,Non-Federal Sources,1990,Miscellaneous,49769
2023-24,2183,Gresham-Barlow SD 10J,250,Non-Federal Sources,2199,Other Intermediate Sources,17443.04
2023-24,2183,Gresham-Barlow SD 10J,250,Non-Federal Sources,2900,Revenue for/on Behalf of the District,8624.03
2023-24,2183,Gresham-Barlow SD 10J,250,Non-Federal Sources,5200,Interfund Transfers,1447600
2023-24,2183,Gresham-Barlow SD 10J,251,Student Investment Account,3299,Other Restricted Grants-In-Aid,9677468.65
2023-24,2183,Gresham-Barlow SD 10J,250,Non-Federal Sources,1700,Extra-Curricular Activities,1147046.64
2023-24,2183,Gresham-Barlow SD 10J,250,Non-Federal Sources,1800,Community Services Activities,59940
2023-24,2183,Gresham-Barlow SD 10J,250,Non-Federal Sources,1910,Rentals,13697.5
2023-24,2183,Gresham-Barlow SD 10J,250,Non-Federal Sources,1920,Contributions and Donations From Private Sources,1049428.97
2023-24,2183,Gresham-Barlow SD 10J,250,Non-Federal Sources,1940,Services Provided Other Local Education Agencies,12126.39
2023-24,2183,Gresham-Barlow SD 10J,250,Non-Federal Sources,1950,Textbook Sales and Rentals,4436.43
2023-24,2183,Gresham-Barlow SD 10J,100,General Fund,5400,Resources - Beginning Fund Balance,20730039.97
2023-24,2183,Gresham-Barlow SD 10J,201,Federal Sources,3299,Other Restricted Grants-In-Aid,1327532.75
2023-24,2183,Gresham-Barlow SD 10J,201,Federal Sources,4500,Restricted Revenue From Federal Government Through the State,20801212.03
2023-24,2183,Gresham-Barlow SD 10J,201,Federal Sources,4700,Grants-In-Aid From Federal Government Through Other Intermed,241.67
2023-24,2183,Gresham-Barlow SD 10J,250,Non-Federal Sources,1311,Tuition from Individuals,45714.51
2023-24,2183,Gresham-Barlow SD 10J,250,Non-Federal Sources,1500,Earnings on Investments,567941.55
2023-24,2183,Gresham-Barlow SD 10J,100,General Fund,2101,County School Funds,6374.04
2023-24,2183,Gresham-Barlow SD 10J,100,General Fund,2102,General Education Service District Funds,2499479.82
2023-24,2183,Gresham-Barlow SD 10J,100,General Fund,2199,Other Intermediate Sources,49656.37
2023-24,2183,Gresham-Barlow SD 10J,100,General Fund,3103,Common School Fund,1637026.32
2023-24,2183,Gresham-Barlow SD 10J,100,General Fund,3199,Other Unrestricted Grants-In-Aid,1277565.68
2023-24,2183,Gresham-Barlow SD 10J,100,General Fund,4801,Federal Forest Fees,9669.04
2023-24,2183,Gresham-Barlow SD 10J,100,General Fund,1910,Rentals,149243.92
2023-24,2183,Gresham-Barlow SD 10J,100,General Fund,1920,Contributions and Donations From Private Sources,33104.7
2023-24,2183,Gresham-Barlow SD 10J,100,General Fund,1940,Services Provided Other Local Education Agencies,463882.32
2023-24,2183,Gresham-Barlow SD 10J,100,General Fund,1960,Recovery of Prior Years' Expenditure,366043.84
2023-24,2183,Gresham-Barlow SD 10J,100,General Fund,1980,Fees Charged to Grants,912881.17
2023-24,2183,Gresham-Barlow SD 10J,100,General Fund,1990,Miscellaneous,649202.94
2023-24,2185,Centennial SD 28J,100,General Fund,1910,Rentals,5424
2023-24,2185,Centennial SD 28J,100,General Fund,1950,Textbook Sales and Rentals,212.91
2023-24,2185,Centennial SD 28J,100,General Fund,1980,Fees Charged to Grants,550557.75
2023-24,2185,Centennial SD 28J,100,General Fund,1990,Miscellaneous,805488.7
2023-24,2185,Centennial SD 28J,100,General Fund,2101,County School Funds,950.75
2023-24,2185,Centennial SD 28J,100,General Fund,3101,State School Fund --General Support,55265145.09
2023-24,2185,Centennial SD 28J,250,Non-Federal Sources,1700,Extra-Curricular Activities,23922.89
2023-24,2185,Centennial SD 28J,100,General Fund,1700,Extra-Curricular Activities,46672.2
2023-24,2185,Centennial SD 28J,100,General Fund,1800,Community Services Activities,8720
2023-24,2185,Centennial SD 28J,600,Internal Service Funds,5400,Resources - Beginning Fund Balance,1016879.94
2023-24,2185,Centennial SD 28J,700,Trust and Agency Funds,5400,Resources - Beginning Fund Balance,430390.53
2023-24,2185,Centennial SD 28J,100,General Fund,1110,Ad valorem taxes levied by district,15943593.73
2023-24,2185,Centennial SD 28J,100,General Fund,1190,Penalties and interest on taxes,2578.52
2023-24,2185,Centennial SD 28J,100,General Fund,1411,Transportation fees from Individuals,137270.85
2023-24,2185,Centennial SD 28J,100,General Fund,1500,Earnings on Investments,1203825.22
2023-24,2185,Centennial SD 28J,200,Special Revenue Funds,1700,Extra-Curricular Activities,394611
2023-24,2185,Centennial SD 28J,100,General Fund,5400,Resources - Beginning Fund Balance,20361605.79
2023-24,2185,Centennial SD 28J,299,Child Nutrition,5400,Resources - Beginning Fund Balance,1012315.55
2023-24,2185,Centennial SD 28J,250,Non-Federal Sources,5400,Resources - Beginning Fund Balance,9396215.26
2023-24,2185,Centennial SD 28J,300,Debt Service Funds,5400,Resources - Beginning Fund Balance,1591567.24
2023-24,2185,Centennial SD 28J,400,Capital Projects Funds,5400,Resources - Beginning Fund Balance,13395968.41
2023-24,2185,Centennial SD 28J,400,Capital Projects Funds,3299,Other Restricted Grants-In-Aid,734884.14
2023-24,2185,Centennial SD 28J,600,Internal Service Funds,1500,Earnings on Investments,27601.75
2023-24,2185,Centennial SD 28J,600,Internal Service Funds,1970,Services Provided Other Funds,1076362.37
2023-24,2185,Centennial SD 28J,600,Internal Service Funds,1990,Miscellaneous,36815.46
2023-24,2185,Centennial SD 28J,600,Internal Service Funds,5300,Sale of or Compensation for Loss of Fixed Assets,432711.37
2023-24,2185,Centennial SD 28J,700,Trust and Agency Funds,1970,Services Provided Other Funds,693373
2023-24,2185,Centennial SD 28J,300,Debt Service Funds,1110,Ad valorem taxes levied by district,3659021.74
2023-24,2185,Centennial SD 28J,300,Debt Service Funds,1500,Earnings on Investments,122589.44
2023-24,2185,Centennial SD 28J,400,Capital Projects Funds,1130,Construction Excise Tax,413419.06
2023-24,2185,Centennial SD 28J,400,Capital Projects Funds,1500,Earnings on Investments,716217.53
2023-24,2185,Centennial SD 28J,400,Capital Projects Funds,1920,Contributions and Donations From Private Sources,143812.84
2023-24,2185,Centennial SD 28J,400,Capital Projects Funds,1990,Miscellaneous,8349.43
2023-24,2185,Centennial SD 28J,252,Measure 98 - High School Success,3299,Other Restricted Grants-In-Aid,1526956.44
2023-24,2185,Centennial SD 28J,299,Child Nutrition,1600,Food Service,1607639.52
2023-24,2185,Centennial SD 28J,299,Child Nutrition,1990,Miscellaneous,160.62
2023-24,2185,Centennial SD 28J,299,Child Nutrition,3102,State School Fund--School Lunch Match,24538.06
2023-24,2185,Centennial SD 28J,299,Child Nutrition,3299,Other Restricted Grants-In-Aid,477870.75
2023-24,2185,Centennial SD 28J,299,Child Nutrition,4500,Restricted Revenue From Federal Government Through the State,2228317.19
2023-24,2185,Centennial SD 28J,250,Non-Federal Sources,2199,Other Intermediate Sources,303898.57
2023-24,2185,Centennial SD 28J,250,Non-Federal Sources,3101,State School Fund --General Support,701955.03
2023-24,2185,Centennial SD 28J,250,Non-Federal Sources,3222,State School Fund (SSF) Transportation Equipment,232559
2023-24,2185,Centennial SD 28J,250,Non-Federal Sources,3299,Other Restricted Grants-In-Aid,499313.33
2023-24,2185,Centennial SD 28J,250,Non-Federal Sources,5200,Interfund Transfers,372000
2023-24,2185,Centennial SD 28J,251,Student Investment Account,3299,Other Restricted Grants-In-Aid,3956774.03
2023-24,2185,Centennial SD 28J,201,Federal Sources,4500,Restricted Revenue From Federal Government Through the State,12968479.14
2023-24,2185,Centennial SD 28J,250,Non-Federal Sources,1500,Earnings on Investments,322009.62
2023-24,2185,Centennial SD 28J,250,Non-Federal Sources,1910,Rentals,630
2023-24,2185,Centennial SD 28J,250,Non-Federal Sources,1920,Contributions and Donations From Private Sources,57621.58
2023-24,2185,Centennial SD 28J,250,Non-Federal Sources,1940,Services Provided Other Local Education Agencies,7220.4
2023-24,2185,Centennial SD 28J,250,Non-Federal Sources,1990,Miscellaneous,421326.01
2023-24,2185,Centennial SD 28J,100,General Fund,3103,Common School Fund,786915.33
2023-24,2185,Centennial SD 28J,100,General Fund,3199,Other Unrestricted Grants-In-Aid,2073423.11
2023-24,2185,Centennial SD 28J,100,General Fund,3299,Other Restricted Grants-In-Aid,336
2023-24,2185,Centennial SD 28J,100,General Fund,4201,Foster Transportation,28216.5
2023-24,2185,Centennial SD 28J,100,General Fund,4202,Medicaid Reimbursement for Eligible K-12 Expenses (Ages Five to Twenty-One),73748.4
2023-24,2185,Centennial SD 28J,100,General Fund,4801,Federal Forest Fees,2711.53
2023-24,2186,Corbett SD 39,100,General Fund,1110,Ad valorem taxes levied by district,2051272.62
2023-24,2186,Corbett SD 39,100,General Fund,1190,Penalties and interest on taxes,5939.91
2023-24,2186,Corbett SD 39,100,General Fund,1500,Earnings on Investments,52029.53
2023-24,2186,Corbett SD 39,100,General Fund,1700,Extra-Curricular Activities,70735
2023-24,2186,Corbett SD 39,100,General Fund,1910,Rentals,1660
2023-24,2186,Corbett SD 39,100,General Fund,1920,Contributions and Donations From Private Sources,351.15
2023-24,2186,Corbett SD 39,300,Debt Service Funds,5400,Resources - Beginning Fund Balance,10197.69
2023-24,2186,Corbett SD 39,400,Capital Projects Funds,3299,Other Restricted Grants-In-Aid,614080.78
2023-24,2186,Corbett SD 39,400,Capital Projects Funds,5400,Resources - Beginning Fund Balance,3274698.99
2023-24,2186,Corbett SD 39,100,General Fund,3299,Other Restricted Grants-In-Aid,641666.3
2023-24,2186,Corbett SD 39,299,Child Nutrition,4500,Restricted Revenue From Federal Government Through the State,153449.65
2023-24,2186,Corbett SD 39,299,Child Nutrition,5400,Resources - Beginning Fund Balance,56816.61
2023-24,2186,Corbett SD 39,300,Debt Service Funds,1110,Ad valorem taxes levied by district,474422.95
2023-24,2186,Corbett SD 39,300,Debt Service Funds,1190,Penalties and interest on taxes,1330.95
2023-24,2186,Corbett SD 39,300,Debt Service Funds,1500,Earnings on Investments,37630.65
2023-24,2186,Corbett SD 39,300,Debt Service Funds,2199,Other Intermediate Sources,381.87
2023-24,2186,Corbett SD 39,250,Non-Federal Sources,1990,Miscellaneous,34393.14
2023-24,2186,Corbett SD 39,250,Non-Federal Sources,5400,Resources - Beginning Fund Balance,59272.02
2023-24,2186,Corbett SD 39,251,Student Investment Account,3299,Other Restricted Grants-In-Aid,988603.49
2023-24,2186,Corbett SD 39,299,Child Nutrition,1600,Food Service,79762.44
2023-24,2186,Corbett SD 39,299,Child Nutrition,3102,State School Fund--School Lunch Match,1581.54
2023-24,2186,Corbett SD 39,299,Child Nutrition,3299,Other Restricted Grants-In-Aid,17469.59
2023-24,2186,Corbett SD 39,100,General Fund,5400,Resources - Beginning Fund Balance,53544.76
2023-24,2186,Corbett SD 39,200,Special Revenue Funds,1700,Extra-Curricular Activities,169703.98
2023-24,2186,Corbett SD 39,200,Special Revenue Funds,5400,Resources - Beginning Fund Balance,135549.08
2023-24,2186,Corbett SD 39,201,Federal Sources,4500,Restricted Revenue From Federal Government Through the State,556110.1
2023-24,2186,Corbett SD 39,201,Federal Sources,4900,Revenue for/on Behalf of the District,830088.22
2023-24,2186,Corbett SD 39,201,Federal Sources,5400,Resources - Beginning Fund Balance,-35152.82
2023-24,2186,Corbett SD 39,100,General Fund,3101,State School Fund --General Support,11358371.16
2023-24,2186,Corbett SD 39,100,General Fund,3102,State School Fund--School Lunch Match,-1581.54
2023-24,2186,Corbett SD 39,100,General Fund,3103,Common School Fund,144304.34
2023-24,2186,Corbett SD 39,100,General Fund,4500,Restricted Revenue From Federal Government Through the State,90404.73
2023-24,2186,Corbett SD 39,100,General Fund,5100,Long Term Debt Financing Sources,922842.8
2023-24,2186,Corbett SD 39,100,General Fund,5200,Interfund Transfers,15000
2023-24,2186,Corbett SD 39,100,General Fund,1960,Recovery of Prior Years' Expenditure,124812.22
2023-24,2186,Corbett SD 39,100,General Fund,1980,Fees Charged to Grants,37833.2
2023-24,2186,Corbett SD 39,100,General Fund,1990,Miscellaneous,796709.66
2023-24,2186,Corbett SD 39,100,General Fund,2101,County School Funds,617.6
2023-24,2186,Corbett SD 39,100,General Fund,2102,General Education Service District Funds,421708
2023-24,2186,Corbett SD 39,100,General Fund,2199,Other Intermediate Sources,1722.83
2023-24,2187,David Douglas SD 40,100,General Fund,3204,Driver Education,29550
2023-24,2187,David Douglas SD 40,100,General Fund,4200,Unrestricted Revenue From Federal Government Through State,184311.27
2023-24,2187,David Douglas SD 40,100,General Fund,4700,Grants-In-Aid From Federal Government Through Other Intermed,4207.25
2023-24,2187,David Douglas SD 40,100,General Fund,5100,Long Term Debt Financing Sources,791810
2023-24,2187,David Douglas SD 40,100,General Fund,5300,Sale of or Compensation for Loss of Fixed Assets,123936.55
2023-24,2187,David Douglas SD 40,100,General Fund,5400,Resources - Beginning Fund Balance,23628231.47
2023-24,2187,David Douglas SD 40,100,General Fund,2200,Restricted Revenue,782096.88
2023-24,2187,David Douglas SD 40,100,General Fund,3101,State School Fund --General Support,96348850.15
2023-24,2187,David Douglas SD 40,100,General Fund,3103,Common School Fund,1244539.16
2023-24,2187,David Douglas SD 40,100,General Fund,3199,Other Unrestricted Grants-In-Aid,1375006.9
2023-24,2187,David Douglas SD 40,100,General Fund,1920,Contributions and Donations From Private Sources,1020.38
2023-24,2187,David Douglas SD 40,100,General Fund,1960,Recovery of Prior Years' Expenditure,51920.59
2023-24,2187,David Douglas SD 40,100,General Fund,1980,Fees Charged to Grants,2575203.1
2023-24,2187,David Douglas SD 40,100,General Fund,1990,Miscellaneous,773114.76
2023-24,2187,David Douglas SD 40,100,General Fund,2101,County School Funds,1420.07
2023-24,2187,David Douglas SD 40,100,General Fund,2199,Other Intermediate Sources,20648.6
2023-24,2187,David Douglas SD 40,100,General Fund,1110,Ad valorem taxes levied by district,17355685.28
2023-24,2187,David Douglas SD 40,100,General Fund,1190,Penalties and interest on taxes,50512.02
2023-24,2187,David Douglas SD 40,100,General Fund,1330,Summer School Tuition,21750
2023-24,2187,David Douglas SD 40,100,General Fund,1500,Earnings on Investments,2226984.69
2023-24,2187,David Douglas SD 40,100,General Fund,1700,Extra-Curricular Activities,171894.55
2023-24,2187,David Douglas SD 40,100,General Fund,1910,Rentals,18355.5
2023-24,2187,David Douglas SD 40,400,Capital Projects Funds,5400,Resources - Beginning Fund Balance,144619555.4
2023-24,2187,David Douglas SD 40,400,Capital Projects Funds,3299,Other Restricted Grants-In-Aid,900837.46
2023-24,2187,David Douglas SD 40,400,Capital Projects Funds,1130,Construction Excise Tax,80506.99
2023-24,2187,David Douglas SD 40,600,Internal Service Funds,1500,Earnings on Investments,385.37
2023-24,2187,David Douglas SD 40,600,Internal Service Funds,5400,Resources - Beginning Fund Balance,16987.9
2023-24,2187,David Douglas SD 40,600,Internal Service Funds,1970,Services Provided Other Funds,386161.66
2023-24,2187,David Douglas SD 40,300,Debt Service Funds,1190,Penalties and interest on taxes,21783.23
2023-24,2187,David Douglas SD 40,300,Debt Service Funds,1500,Earnings on Investments,276934.9
2023-24,2187,David Douglas SD 40,300,Debt Service Funds,5400,Resources - Beginning Fund Balance,975874.36
2023-24,2187,David Douglas SD 40,300,Debt Service Funds,1970,Services Provided Other Funds,3747239.48
2023-24,2187,David Douglas SD 40,400,Capital Projects Funds,1500,Earnings on Investments,6614004.43
2023-24,2187,David Douglas SD 40,400,Capital Projects Funds,1990,Miscellaneous,2368
2023-24,2187,David Douglas SD 40,299,Child Nutrition,1600,Food Service,82452.24
2023-24,2187,David Douglas SD 40,299,Child Nutrition,3102,State School Fund--School Lunch Match,52808.66
2023-24,2187,David Douglas SD 40,299,Child Nutrition,3299,Other Restricted Grants-In-Aid,684838.17
2023-24,2187,David Douglas SD 40,299,Child Nutrition,4500,Restricted Revenue From Federal Government Through the State,4692617.88
2023-24,2187,David Douglas SD 40,299,Child Nutrition,4900,Revenue for/on Behalf of the District,387621.94
2023-24,2187,David Douglas SD 40,300,Debt Service Funds,1110,Ad valorem taxes levied by district,8054949.02
2023-24,2187,David Douglas SD 40,252,Measure 98 - High School Success,5400,Resources - Beginning Fund Balance,-6355.53
2023-24,2187,David Douglas SD 40,252,Measure 98 - High School Success,3299,Other Restricted Grants-In-Aid,2582839.6
2023-24,2187,David Douglas SD 40,299,Child Nutrition,1500,Earnings on Investments,52846.42
2023-24,2187,David Douglas SD 40,299,Child Nutrition,1990,Miscellaneous,6642.44
2023-24,2187,David Douglas SD 40,299,Child Nutrition,5100,Long Term Debt Financing Sources,15217
2023-24,2187,David Douglas SD 40,299,Child Nutrition,5400,Resources - Beginning Fund Balance,2261053.93
2023-24,2187,David Douglas SD 40,250,Non-Federal Sources,5100,Long Term Debt Financing Sources,64040
2023-24,2187,David Douglas SD 40,250,Non-Federal Sources,5300,Sale of or Compensation for Loss of Fixed Assets,13604.95
2023-24,2187,David Douglas SD 40,250,Non-Federal Sources,5400,Resources - Beginning Fund Balance,7010724.8
2023-24,2187,David Douglas SD 40,250,Non-Federal Sources,3222,State School Fund (SSF) Transportation Equipment,240663.5
2023-24,2187,David Douglas SD 40,250,Non-Federal Sources,3299,Other Restricted Grants-In-Aid,34521990.83
2023-24,2187,David Douglas SD 40,251,Student Investment Account,3299,Other Restricted Grants-In-Aid,9240589.66
2023-24,2187,David Douglas SD 40,250,Non-Federal Sources,1500,Earnings on Investments,83970.12
2023-24,2187,David Douglas SD 40,250,Non-Federal Sources,1700,Extra-Curricular Activities,156697.14
2023-24,2187,David Douglas SD 40,250,Non-Federal Sources,1920,Contributions and Donations From Private Sources,156815.31
2023-24,2187,David Douglas SD 40,250,Non-Federal Sources,1990,Miscellaneous,1098119.73
2023-24,2187,David Douglas SD 40,250,Non-Federal Sources,2200,Restricted Revenue,5593463.15
2023-24,2187,David Douglas SD 40,250,Non-Federal Sources,4200,Unrestricted Revenue From Federal Government Through State,917892.66
2023-24,2187,David Douglas SD 40,201,Federal Sources,4700,Grants-In-Aid From Federal Government Through Other Intermed,5842
2023-24,2187,David Douglas SD 40,201,Federal Sources,5400,Resources - Beginning Fund Balance,-55968.65
2023-24,2187,David Douglas SD 40,201,Federal Sources,4300,Restricted Revenue Direct From the Federal Government,350653.36
2023-24,2187,David Douglas SD 40,201,Federal Sources,4500,Restricted Revenue From Federal Government Through the State,28329319
2023-24,2187,David Douglas SD 40,201,Federal Sources,4900,Revenue for/on Behalf of the District,126559.16
2023-24,2187,David Douglas SD 40,250,Non-Federal Sources,1330,Summer School Tuition,180
2023-24,2188,Riverdale SD 51J,100,General Fund,1110,Ad valorem taxes levied by district,3049355.78
2023-24,2188,Riverdale SD 51J,100,General Fund,1120,Local option ad valorem taxes levied by district,1044839.94
2023-24,2188,Riverdale SD 51J,100,General Fund,1190,Penalties and interest on taxes,9133.4
2023-24,2188,Riverdale SD 51J,100,General Fund,1311,Tuition from Individuals,1091995.01
2023-24,2188,Riverdale SD 51J,100,General Fund,1500,Earnings on Investments,138177.29
2023-24,2188,Riverdale SD 51J,100,General Fund,1700,Extra-Curricular Activities,107960
2023-24,2188,Riverdale SD 51J,400,Capital Projects Funds,1130,Construction Excise Tax,18865.47
2023-24,2188,Riverdale SD 51J,400,Capital Projects Funds,1500,Earnings on Investments,224.74
2023-24,2188,Riverdale SD 51J,400,Capital Projects Funds,5400,Resources - Beginning Fund Balance,203205.14
2023-24,2188,Riverdale SD 51J,300,Debt Service Funds,1110,Ad valorem taxes levied by district,1937829.57
2023-24,2188,Riverdale SD 51J,300,Debt Service Funds,1190,Penalties and interest on taxes,5562.2
2023-24,2188,Riverdale SD 51J,300,Debt Service Funds,1500,Earnings on Investments,68599.61
2023-24,2188,Riverdale SD 51J,300,Debt Service Funds,1970,Services Provided Other Funds,431967.4
2023-24,2188,Riverdale SD 51J,300,Debt Service Funds,2199,Other Intermediate Sources,1515.45
2023-24,2188,Riverdale SD 51J,300,Debt Service Funds,5400,Resources - Beginning Fund Balance,284975.48
2023-24,2188,Riverdale SD 51J,250,Non-Federal Sources,3299,Other Restricted Grants-In-Aid,64005.38
2023-24,2188,Riverdale SD 51J,250,Non-Federal Sources,5200,Interfund Transfers,8456.76
2023-24,2188,Riverdale SD 51J,250,Non-Federal Sources,5400,Resources - Beginning Fund Balance,744530.62
2023-24,2188,Riverdale SD 51J,251,Student Investment Account,3299,Other Restricted Grants-In-Aid,541861.31
2023-24,2188,Riverdale SD 51J,252,Measure 98 - High School Success,3299,Other Restricted Grants-In-Aid,144476.45
2023-24,2188,Riverdale SD 51J,299,Child Nutrition,5400,Resources - Beginning Fund Balance,12076.28
2023-24,2188,Riverdale SD 51J,201,Federal Sources,1960,Recovery of Prior Years' Expenditure,-10.88
2023-24,2188,Riverdale SD 51J,201,Federal Sources,4500,Restricted Revenue From Federal Government Through the State,141346.83
2023-24,2188,Riverdale SD 51J,250,Non-Federal Sources,1700,Extra-Curricular Activities,64810.12
2023-24,2188,Riverdale SD 51J,250,Non-Federal Sources,1920,Contributions and Donations From Private Sources,184566.19
2023-24,2188,Riverdale SD 51J,250,Non-Federal Sources,1960,Recovery of Prior Years' Expenditure,203.9
2023-24,2188,Riverdale SD 51J,250,Non-Federal Sources,1990,Miscellaneous,18154.07
2023-24,2188,Riverdale SD 51J,100,General Fund,2199,Other Intermediate Sources,3468.26
2023-24,2188,Riverdale SD 51J,100,General Fund,3101,State School Fund --General Support,3942496.28
2023-24,2188,Riverdale SD 51J,100,General Fund,3103,Common School Fund,73443.02
2023-24,2188,Riverdale SD 51J,100,General Fund,3199,Other Unrestricted Grants-In-Aid,37962.12
2023-24,2188,Riverdale SD 51J,100,General Fund,4801,Federal Forest Fees,265.08
2023-24,2188,Riverdale SD 51J,100,General Fund,5400,Resources - Beginning Fund Balance,958686.45
2023-24,2188,Riverdale SD 51J,100,General Fund,1910,Rentals,70512.3
2023-24,2188,Riverdale SD 51J,100,General Fund,1920,Contributions and Donations From Private Sources,1175000
2023-24,2188,Riverdale SD 51J,100,General Fund,1960,Recovery of Prior Years' Expenditure,1183.89
2023-24,2188,Riverdale SD 51J,100,General Fund,1990,Miscellaneous,42407.66
2023-24,2188,Riverdale SD 51J,100,General Fund,2101,County School Funds,98.46
2023-24,2188,Riverdale SD 51J,100,General Fund,2110,Intermediate 'I' Tax,68022.53
2023-24,2190,Dallas SD 2,100,General Fund,1130,Construction Excise Tax,54676.38
2023-24,2190,Dallas SD 2,100,General Fund,1190,Penalties and interest on taxes,3244.31
2023-24,2190,Dallas SD 2,100,General Fund,1500,Earnings on Investments,361581.53
2023-24,2190,Dallas SD 2,100,General Fund,1700,Extra-Curricular Activities,70887
2023-24,2190,Dallas SD 2,100,General Fund,1910,Rentals,2755
2023-24,2190,Dallas SD 2,100,General Fund,1940,Services Provided Other Local Education Agencies,58182.71
2023-24,2190,Dallas SD 2,100,General Fund,1110,Ad valorem taxes levied by district,9457566.49
2023-24,2190,Dallas SD 2,300,Debt Service Funds,1110,Ad valorem taxes levied by district,3340688.21
2023-24,2190,Dallas SD 2,400,Capital Projects Funds,5100,Long Term Debt Financing Sources,16709222.15
2023-24,2190,Dallas SD 2,400,Capital Projects Funds,5400,Resources - Beginning Fund Balance,12082396.57
2023-24,2190,Dallas SD 2,300,Debt Service Funds,1970,Services Provided Other Funds,2392213.5
2023-24,2190,Dallas SD 2,300,Debt Service Funds,4899,Other Federal Revenue in Lieu of Taxes,594.4
2023-24,2190,Dallas SD 2,300,Debt Service Funds,5200,Interfund Transfers,117664
2023-24,2190,Dallas SD 2,300,Debt Service Funds,5400,Resources - Beginning Fund Balance,1621229.12
2023-24,2190,Dallas SD 2,400,Capital Projects Funds,1500,Earnings on Investments,484586.43
2023-24,2190,Dallas SD 2,400,Capital Projects Funds,3299,Other Restricted Grants-In-Aid,1808484.26
2023-24,2190,Dallas SD 2,299,Child Nutrition,3299,Other Restricted Grants-In-Aid,15358.97
2023-24,2190,Dallas SD 2,299,Child Nutrition,4500,Restricted Revenue From Federal Government Through the State,849975.47
2023-24,2190,Dallas SD 2,299,Child Nutrition,4900,Revenue for/on Behalf of the District,77612.41
2023-24,2190,Dallas SD 2,299,Child Nutrition,5400,Resources - Beginning Fund Balance,55394.5
2023-24,2190,Dallas SD 2,300,Debt Service Funds,1190,Penalties and interest on taxes,1153.31
2023-24,2190,Dallas SD 2,300,Debt Service Funds,1500,Earnings on Investments,155371.95
2023-24,2190,Dallas SD 2,252,Measure 98 - High School Success,3299,Other Restricted Grants-In-Aid,768051.92
2023-24,2190,Dallas SD 2,299,Child Nutrition,1500,Earnings on Investments,197.16
2023-24,2190,Dallas SD 2,299,Child Nutrition,1600,Food Service,3535.63
2023-24,2190,Dallas SD 2,299,Child Nutrition,1990,Miscellaneous,1344.63
2023-24,2190,Dallas SD 2,299,Child Nutrition,3102,State School Fund--School Lunch Match,10494.79
2023-24,2190,Dallas SD 2,299,Child Nutrition,3199,Other Unrestricted Grants-In-Aid,187742.32
2023-24,2190,Dallas SD 2,250,Non-Federal Sources,1990,Miscellaneous,116957.79
2023-24,2190,Dallas SD 2,250,Non-Federal Sources,2102,General Education Service District Funds,500000
2023-24,2190,Dallas SD 2,250,Non-Federal Sources,3299,Other Restricted Grants-In-Aid,597166.17
2023-24,2190,Dallas SD 2,250,Non-Federal Sources,4500,Restricted Revenue From Federal Government Through the State,9860.6
2023-24,2190,Dallas SD 2,250,Non-Federal Sources,5400,Resources - Beginning Fund Balance,469140.32
2023-24,2190,Dallas SD 2,251,Student Investment Account,3299,Other Restricted Grants-In-Aid,2915221.09
2023-24,2190,Dallas SD 2,100,General Fund,5200,Interfund Transfers,109294.83
2023-24,2190,Dallas SD 2,100,General Fund,5400,Resources - Beginning Fund Balance,2549863.6
2023-24,2190,Dallas SD 2,201,Federal Sources,3299,Other Restricted Grants-In-Aid,65289.38
2023-24,2190,Dallas SD 2,201,Federal Sources,4500,Restricted Revenue From Federal Government Through the State,1752903.47
2023-24,2190,Dallas SD 2,250,Non-Federal Sources,1700,Extra-Curricular Activities,1192129.53
2023-24,2190,Dallas SD 2,250,Non-Federal Sources,1920,Contributions and Donations From Private Sources,297.8
2023-24,2190,Dallas SD 2,100,General Fund,3103,Common School Fund,461558
2023-24,2190,Dallas SD 2,100,General Fund,3199,Other Unrestricted Grants-In-Aid,416314.86
2023-24,2190,Dallas SD 2,100,General Fund,4200,Unrestricted Revenue From Federal Government Through State,7950.23
2023-24,2190,Dallas SD 2,100,General Fund,4500,Restricted Revenue From Federal Government Through the State,2439393.42
2023-24,2190,Dallas SD 2,100,General Fund,4801,Federal Forest Fees,211.39
2023-24,2190,Dallas SD 2,100,General Fund,4899,Other Federal Revenue in Lieu of Taxes,4584.58
2023-24,2190,Dallas SD 2,100,General Fund,1960,Recovery of Prior Years' Expenditure,7033.54
2023-24,2190,Dallas SD 2,100,General Fund,1980,Fees Charged to Grants,329798.12
2023-24,2190,Dallas SD 2,100,General Fund,1990,Miscellaneous,89095.2
2023-24,2190,Dallas SD 2,100,General Fund,2101,County School Funds,46219.41
2023-24,2190,Dallas SD 2,100,General Fund,2102,General Education Service District Funds,10500
2023-24,2190,Dallas SD 2,100,General Fund,3101,State School Fund --General Support,27670129.1
2023-24,2191,Central SD 13J,400,Capital Projects Funds,5200,Interfund Transfers,58579.08
2023-24,2191,Central SD 13J,400,Capital Projects Funds,5400,Resources - Beginning Fund Balance,1538734.89
2023-24,2191,Central SD 13J,300,Debt Service Funds,1500,Earnings on Investments,-16.62
2023-24,2191,Central SD 13J,300,Debt Service Funds,2199,Other Intermediate Sources,907.31
2023-24,2191,Central SD 13J,300,Debt Service Funds,4300,Restricted Revenue Direct From the Federal Government,50544.8
2023-24,2191,Central SD 13J,300,Debt Service Funds,5200,Interfund Transfers,226450
2023-24,2191,Central SD 13J,300,Debt Service Funds,5400,Resources - Beginning Fund Balance,290828.9
2023-24,2191,Central SD 13J,400,Capital Projects Funds,1130,Construction Excise Tax,181481.97
2023-24,2191,Central SD 13J,299,Child Nutrition,3299,Other Restricted Grants-In-Aid,185238.87
2023-24,2191,Central SD 13J,299,Child Nutrition,4500,Restricted Revenue From Federal Government Through the State,1362002.54
2023-24,2191,Central SD 13J,299,Child Nutrition,4900,Revenue for/on Behalf of the District,100942.95
2023-24,2191,Central SD 13J,299,Child Nutrition,5400,Resources - Beginning Fund Balance,386308.34
2023-24,2191,Central SD 13J,300,Debt Service Funds,1110,Ad valorem taxes levied by district,6588363.08
2023-24,2191,Central SD 13J,300,Debt Service Funds,1190,Penalties and interest on taxes,2275.56
2023-24,2191,Central SD 13J,251,Student Investment Account,5400,Resources - Beginning Fund Balance,340927.05
2023-24,2191,Central SD 13J,252,Measure 98 - High School Success,3299,Other Restricted Grants-In-Aid,1045839.26
2023-24,2191,Central SD 13J,252,Measure 98 - High School Success,5400,Resources - Beginning Fund Balance,-197335.15
2023-24,2191,Central SD 13J,299,Child Nutrition,1600,Food Service,40291.84
2023-24,2191,Central SD 13J,299,Child Nutrition,3102,State School Fund--School Lunch Match,13467.17
2023-24,2191,Central SD 13J,299,Child Nutrition,3199,Other Unrestricted Grants-In-Aid,259.15
2023-24,2191,Central SD 13J,250,Non-Federal Sources,1920,Contributions and Donations From Private Sources,159911.17
2023-24,2191,Central SD 13J,250,Non-Federal Sources,1990,Miscellaneous,18397.58
2023-24,2191,Central SD 13J,250,Non-Federal Sources,3299,Other Restricted Grants-In-Aid,586458.46
2023-24,2191,Central SD 13J,250,Non-Federal Sources,5200,Interfund Transfers,60000
2023-24,2191,Central SD 13J,250,Non-Federal Sources,5400,Resources - Beginning Fund Balance,488019.3
2023-24,2191,Central SD 13J,251,Student Investment Account,3299,Other Restricted Grants-In-Aid,3179140.37
2023-24,2191,Central SD 13J,100,General Fund,5300,Sale of or Compensation for Loss of Fixed Assets,6836.14
2023-24,2191,Central SD 13J,100,General Fund,5400,Resources - Beginning Fund Balance,7817963.4
2023-24,2191,Central SD 13J,201,Federal Sources,4500,Restricted Revenue From Federal Government Through the State,4115476.16
2023-24,2191,Central SD 13J,201,Federal Sources,5400,Resources - Beginning Fund Balance,-350345.75
2023-24,2191,Central SD 13J,250,Non-Federal Sources,1500,Earnings on Investments,10592.38
2023-24,2191,Central SD 13J,250,Non-Federal Sources,1700,Extra-Curricular Activities,417813.66
2023-24,2191,Central SD 13J,100,General Fund,2199,Other Intermediate Sources,1198.91
2023-24,2191,Central SD 13J,100,General Fund,3101,State School Fund --General Support,32188346.76
2023-24,2191,Central SD 13J,100,General Fund,3103,Common School Fund,478561.32
2023-24,2191,Central SD 13J,100,General Fund,3199,Other Unrestricted Grants-In-Aid,698617.89
2023-24,2191,Central SD 13J,100,General Fund,3299,Other Restricted Grants-In-Aid,23096.62
2023-24,2191,Central SD 13J,100,General Fund,4801,Federal Forest Fees,217.68
2023-24,2191,Central SD 13J,100,General Fund,1910,Rentals,56699.79
2023-24,2191,Central SD 13J,100,General Fund,1920,Contributions and Donations From Private Sources,10000
2023-24,2191,Central SD 13J,100,General Fund,1960,Recovery of Prior Years' Expenditure,14297.11
2023-24,2191,Central SD 13J,100,General Fund,1980,Fees Charged to Grants,424711.25
2023-24,2191,Central SD 13J,100,General Fund,1990,Miscellaneous,295950.01
2023-24,2191,Central SD 13J,100,General Fund,2102,General Education Service District Funds,125000
2023-24,2191,Central SD 13J,100,General Fund,1110,Ad valorem taxes levied by district,8013438.08
2023-24,2191,Central SD 13J,100,General Fund,1190,Penalties and interest on taxes,2836.37
2023-24,2191,Central SD 13J,100,General Fund,1412,Transportation fees from Other Districts within the State,20372.55
2023-24,2191,Central SD 13J,100,General Fund,1500,Earnings on Investments,649114.42
2023-24,2192,Perrydale SD 21,100,General Fund,1110,Ad valorem taxes levied by district,605516.58
2023-24,2192,Perrydale SD 21,100,General Fund,1500,Earnings on Investments,79614.64
2023-24,2192,Perrydale SD 21,100,General Fund,1700,Extra-Curricular Activities,7343.6
2023-24,2192,Perrydale SD 21,100,General Fund,1920,Contributions and Donations From Private Sources,1004
2023-24,2192,Perrydale SD 21,100,General Fund,3199,Other Unrestricted Grants-In-Aid,2694.01
2023-24,2192,Perrydale SD 21,100,General Fund,4801,Federal Forest Fees,39.46
2023-24,2192,Perrydale SD 21,200,Special Revenue Funds,1920,Contributions and Donations From Private Sources,43636
2023-24,2192,Perrydale SD 21,200,Special Revenue Funds,1600,Food Service,49402.04
2023-24,2192,Perrydale SD 21,200,Special Revenue Funds,3199,Other Unrestricted Grants-In-Aid,29860.97
2023-24,2192,Perrydale SD 21,300,Debt Service Funds,5400,Resources - Beginning Fund Balance,51270
2023-24,2192,Perrydale SD 21,400,Capital Projects Funds,1500,Earnings on Investments,20363
2023-24,2192,Perrydale SD 21,400,Capital Projects Funds,5400,Resources - Beginning Fund Balance,359407
2023-24,2192,Perrydale SD 21,200,Special Revenue Funds,5400,Resources - Beginning Fund Balance,542646
2023-24,2192,Perrydale SD 21,200,Special Revenue Funds,1311,Tuition from Individuals,7686
2023-24,2192,Perrydale SD 21,200,Special Revenue Funds,1700,Extra-Curricular Activities,163626
2023-24,2192,Perrydale SD 21,200,Special Revenue Funds,5200,Interfund Transfers,307034.31
2023-24,2192,Perrydale SD 21,200,Special Revenue Funds,1990,Miscellaneous,14954
2023-24,2192,Perrydale SD 21,200,Special Revenue Funds,3299,Other Restricted Grants-In-Aid,510131
2023-24,2192,Perrydale SD 21,100,General Fund,2199,Other Intermediate Sources,6708
2023-24,2192,Perrydale SD 21,100,General Fund,3101,State School Fund --General Support,2383523
2023-24,2192,Perrydale SD 21,100,General Fund,3103,Common School Fund,42148
2023-24,2192,Perrydale SD 21,200,Special Revenue Funds,4500,Restricted Revenue From Federal Government Through the State,359574
2023-24,2192,Perrydale SD 21,400,Capital Projects Funds,1990,Miscellaneous,0
2023-24,2192,Perrydale SD 21,100,General Fund,5400,Resources - Beginning Fund Balance,1808752
2023-24,2192,Perrydale SD 21,200,Special Revenue Funds,2200,Restricted Revenue,10583.24
2023-24,2192,Perrydale SD 21,300,Debt Service Funds,1110,Ad valorem taxes levied by district,193347.18
2023-24,2192,Perrydale SD 21,300,Debt Service Funds,1500,Earnings on Investments,63.72
2023-24,2192,Perrydale SD 21,300,Debt Service Funds,2199,Other Intermediate Sources,27.52
2023-24,2192,Perrydale SD 21,400,Capital Projects Funds,3299,Other Restricted Grants-In-Aid,897809.5
2023-24,2192,Perrydale SD 21,100,General Fund,1990,Miscellaneous,120753
2023-24,2193,Falls City SD 57,299,Child Nutrition,5400,Resources - Beginning Fund Balance,-27455.43
2023-24,2193,Falls City SD 57,300,Debt Service Funds,1970,Services Provided Other Funds,208040.44
2023-24,2193,Falls City SD 57,300,Debt Service Funds,5400,Resources - Beginning Fund Balance,494043.73
2023-24,2193,Falls City SD 57,400,Capital Projects Funds,5400,Resources - Beginning Fund Balance,-162839.36
2023-24,2193,Falls City SD 57,100,General Fund,1990,Miscellaneous,255766.07
2023-24,2193,Falls City SD 57,251,Student Investment Account,5400,Resources - Beginning Fund Balance,20287.31
2023-24,2193,Falls City SD 57,252,Measure 98 - High School Success,3199,Other Unrestricted Grants-In-Aid,92003.92
2023-24,2193,Falls City SD 57,252,Measure 98 - High School Success,5400,Resources - Beginning Fund Balance,-8364.27
2023-24,2193,Falls City SD 57,299,Child Nutrition,1990,Miscellaneous,20.86
2023-24,2193,Falls City SD 57,299,Child Nutrition,4500,Restricted Revenue From Federal Government Through the State,120496.7
2023-24,2193,Falls City SD 57,299,Child Nutrition,5200,Interfund Transfers,903.14
2023-24,2193,Falls City SD 57,250,Non-Federal Sources,1700,Extra-Curricular Activities,4644.33
2023-24,2193,Falls City SD 57,250,Non-Federal Sources,1990,Miscellaneous,56377.78
2023-24,2193,Falls City SD 57,250,Non-Federal Sources,3199,Other Unrestricted Grants-In-Aid,202057
2023-24,2193,Falls City SD 57,250,Non-Federal Sources,3299,Other Restricted Grants-In-Aid,1079020.39
2023-24,2193,Falls City SD 57,250,Non-Federal Sources,5400,Resources - Beginning Fund Balance,461866.9
2023-24,2193,Falls City SD 57,251,Student Investment Account,3299,Other Restricted Grants-In-Aid,271652.39
2023-24,2193,Falls City SD 57,100,General Fund,3103,Common School Fund,26938.71
2023-24,2193,Falls City SD 57,100,General Fund,4801,Federal Forest Fees,25.45
2023-24,2193,Falls City SD 57,100,General Fund,5400,Resources - Beginning Fund Balance,285334.08
2023-24,2193,Falls City SD 57,201,Federal Sources,4500,Restricted Revenue From Federal Government Through the State,478270.17
2023-24,2193,Falls City SD 57,201,Federal Sources,5400,Resources - Beginning Fund Balance,-218880.4
2023-24,2193,Falls City SD 57,250,Non-Federal Sources,1120,Local option ad valorem taxes levied by district,130274.73
2023-24,2193,Falls City SD 57,100,General Fund,1110,Ad valorem taxes levied by district,453837.19
2023-24,2193,Falls City SD 57,100,General Fund,1190,Penalties and interest on taxes,3813.74
2023-24,2193,Falls City SD 57,100,General Fund,1500,Earnings on Investments,26546
2023-24,2193,Falls City SD 57,100,General Fund,3101,State School Fund --General Support,3456453
2023-24,2195,Sherman County SD,250,Non-Federal Sources,3299,Other Restricted Grants-In-Aid,41690.33
2023-24,2195,Sherman County SD,250,Non-Federal Sources,5200,Interfund Transfers,57580.79
2023-24,2195,Sherman County SD,250,Non-Federal Sources,5400,Resources - Beginning Fund Balance,8294965.49
2023-24,2195,Sherman County SD,700,Trust and Agency Funds,2200,Restricted Revenue,101977
2023-24,2195,Sherman County SD,700,Trust and Agency Funds,5400,Resources - Beginning Fund Balance,100333.79
2023-24,2195,Sherman County SD,100,General Fund,5100,Long Term Debt Financing Sources,69923
2023-24,2195,Sherman County SD,100,General Fund,1110,Ad valorem taxes levied by district,4056214.48
2023-24,2195,Sherman County SD,299,Child Nutrition,4500,Restricted Revenue From Federal Government Through the State,99804.47
2023-24,2195,Sherman County SD,201,Federal Sources,4500,Restricted Revenue From Federal Government Through the State,229044.91
2023-24,2195,Sherman County SD,250,Non-Federal Sources,1500,Earnings on Investments,444394.69
2023-24,2195,Sherman County SD,250,Non-Federal Sources,1700,Extra-Curricular Activities,86600.57
2023-24,2195,Sherman County SD,250,Non-Federal Sources,1990,Miscellaneous,1199.59
2023-24,2195,Sherman County SD,250,Non-Federal Sources,2199,Other Intermediate Sources,1819882
2023-24,2195,Sherman County SD,700,Trust and Agency Funds,1500,Earnings on Investments,3421.3
2023-24,2195,Sherman County SD,700,Trust and Agency Funds,1920,Contributions and Donations From Private Sources,50
2023-24,2195,Sherman County SD,700,Trust and Agency Funds,1990,Miscellaneous,79.48
2023-24,2195,Sherman County SD,100,General Fund,1500,Earnings on Investments,418756.1
2023-24,2195,Sherman County SD,100,General Fund,2200,Restricted Revenue,309241.63
2023-24,2195,Sherman County SD,299,Child Nutrition,3299,Other Restricted Grants-In-Aid,28916
2023-24,2195,Sherman County SD,299,Child Nutrition,4900,Revenue for/on Behalf of the District,8076.38
2023-24,2195,Sherman County SD,299,Child Nutrition,5200,Interfund Transfers,47225.54
2023-24,2195,Sherman County SD,201,Federal Sources,4300,Restricted Revenue Direct From the Federal Government,22978
2023-24,2195,Sherman County SD,201,Federal Sources,4700,Grants-In-Aid From Federal Government Through Other Intermed,70307.82
2023-24,2195,Sherman County SD,250,Non-Federal Sources,1920,Contributions and Donations From Private Sources,29424.17
2023-24,2195,Sherman County SD,100,General Fund,3103,Common School Fund,30570.8
2023-24,2195,Sherman County SD,100,General Fund,5400,Resources - Beginning Fund Balance,5218057.82
2023-24,2195,Sherman County SD,251,Student Investment Account,3299,Other Restricted Grants-In-Aid,366102.11
2023-24,2195,Sherman County SD,252,Measure 98 - High School Success,3299,Other Restricted Grants-In-Aid,83547.09
2023-24,2195,Sherman County SD,299,Child Nutrition,1600,Food Service,38599.6
2023-24,2195,Sherman County SD,299,Child Nutrition,3102,State School Fund--School Lunch Match,1296.33
2023-24,2195,Sherman County SD,100,General Fund,1960,Recovery of Prior Years' Expenditure,83.03
2023-24,2195,Sherman County SD,100,General Fund,1990,Miscellaneous,19594.87
2023-24,2195,Sherman County SD,100,General Fund,2101,County School Funds,29777.06
2023-24,2195,Sherman County SD,100,General Fund,2103,Excess ESD Local Revenue,241837.29
2023-24,2195,Sherman County SD,100,General Fund,2199,Other Intermediate Sources,3517.05
2023-24,2195,Sherman County SD,100,General Fund,3101,State School Fund --General Support,325890.41
2023-24,2195,Sherman County SD,100,General Fund,1910,Rentals,3600
2023-24,2195,Sherman County SD,100,General Fund,1920,Contributions and Donations From Private Sources,0
2023-24,2197,Tillamook SD 9,100,General Fund,1110,Ad valorem taxes levied by district,10159988.06
2023-24,2197,Tillamook SD 9,100,General Fund,1190,Penalties and interest on taxes,41552.79
2023-24,2197,Tillamook SD 9,100,General Fund,1311,Tuition from Individuals,9000
2023-24,2197,Tillamook SD 9,100,General Fund,1312,Tuition from Other Districts within the State,6006.19
2023-24,2197,Tillamook SD 9,100,General Fund,1700,Extra-Curricular Activities,2500
2023-24,2197,Tillamook SD 9,100,General Fund,1800,Community Services Activities,46948
2023-24,2197,Tillamook SD 9,700,Trust and Agency Funds,1500,Earnings on Investments,2325.11
2023-24,2197,Tillamook SD 9,700,Trust and Agency Funds,5200,Interfund Transfers,10847.32
2023-24,2197,Tillamook SD 9,700,Trust and Agency Funds,5400,Resources - Beginning Fund Balance,141550.41
2023-24,2197,Tillamook SD 9,100,General Fund,1500,Earnings on Investments,939183.44
2023-24,2197,Tillamook SD 9,400,Capital Projects Funds,3222,State School Fund (SSF) Transportation Equipment,150000
2023-24,2197,Tillamook SD 9,400,Capital Projects Funds,3299,Other Restricted Grants-In-Aid,93059
2023-24,2197,Tillamook SD 9,400,Capital Projects Funds,5200,Interfund Transfers,653089
2023-24,2197,Tillamook SD 9,400,Capital Projects Funds,5400,Resources - Beginning Fund Balance,3915654.67
2023-24,2197,Tillamook SD 9,600,Internal Service Funds,1990,Miscellaneous,463632.36
2023-24,2197,Tillamook SD 9,600,Internal Service Funds,5400,Resources - Beginning Fund Balance,1052898.89
2023-24,2197,Tillamook SD 9,300,Debt Service Funds,2110,Intermediate 'I' Tax,297.64
2023-24,2197,Tillamook SD 9,300,Debt Service Funds,5400,Resources - Beginning Fund Balance,850301.62
2023-24,2197,Tillamook SD 9,400,Capital Projects Funds,1130,Construction Excise Tax,123303.6
2023-24,2197,Tillamook SD 9,400,Capital Projects Funds,1920,Contributions and Donations From Private Sources,40000
2023-24,2197,Tillamook SD 9,400,Capital Projects Funds,1990,Miscellaneous,134419.02
2023-24,2197,Tillamook SD 9,400,Capital Projects Funds,2200,Restricted Revenue,28820
2023-24,2197,Tillamook SD 9,299,Child Nutrition,5200,Interfund Transfers,6911
2023-24,2197,Tillamook SD 9,299,Child Nutrition,5400,Resources - Beginning Fund Balance,412746.5
2023-24,2197,Tillamook SD 9,300,Debt Service Funds,1110,Ad valorem taxes levied by district,1438599.23
2023-24,2197,Tillamook SD 9,300,Debt Service Funds,1190,Penalties and interest on taxes,1516.09
2023-24,2197,Tillamook SD 9,300,Debt Service Funds,1500,Earnings on Investments,21004.55
2023-24,2197,Tillamook SD 9,300,Debt Service Funds,1990,Miscellaneous,2756339.72
2023-24,2197,Tillamook SD 9,299,Child Nutrition,1600,Food Service,28565.02
2023-24,2197,Tillamook SD 9,299,Child Nutrition,1990,Miscellaneous,25095.73
2023-24,2197,Tillamook SD 9,299,Child Nutrition,3102,State School Fund--School Lunch Match,8658.17
2023-24,2197,Tillamook SD 9,299,Child Nutrition,3299,Other Restricted Grants-In-Aid,100269.09
2023-24,2197,Tillamook SD 9,299,Child Nutrition,4500,Restricted Revenue From Federal Government Through the State,809228.03
2023-24,2197,Tillamook SD 9,299,Child Nutrition,4900,Revenue for/on Behalf of the District,61544.84
2023-24,2197,Tillamook SD 9,250,Non-Federal Sources,3299,Other Restricted Grants-In-Aid,1564035.28
2023-24,2197,Tillamook SD 9,250,Non-Federal Sources,4500,Restricted Revenue From Federal Government Through the State,181114.42
2023-24,2197,Tillamook SD 9,250,Non-Federal Sources,5200,Interfund Transfers,236946.39
2023-24,2197,Tillamook SD 9,250,Non-Federal Sources,5400,Resources - Beginning Fund Balance,1031718.24
2023-24,2197,Tillamook SD 9,251,Student Investment Account,3299,Other Restricted Grants-In-Aid,2076680.47
2023-24,2197,Tillamook SD 9,252,Measure 98 - High School Success,3299,Other Restricted Grants-In-Aid,621813.77
2023-24,2197,Tillamook SD 9,201,Federal Sources,4700,Grants-In-Aid From Federal Government Through Other Intermed,252654.72
2023-24,2197,Tillamook SD 9,201,Federal Sources,5200,Interfund Transfers,24831.03
2023-24,2197,Tillamook SD 9,201,Federal Sources,5400,Resources - Beginning Fund Balance,193.66
2023-24,2197,Tillamook SD 9,250,Non-Federal Sources,1700,Extra-Curricular Activities,747233.02
2023-24,2197,Tillamook SD 9,250,Non-Federal Sources,1920,Contributions and Donations From Private Sources,32408.13
2023-24,2197,Tillamook SD 9,250,Non-Federal Sources,2200,Restricted Revenue,63273.97
2023-24,2197,Tillamook SD 9,100,General Fund,4801,Federal Forest Fees,121419.05
2023-24,2197,Tillamook SD 9,100,General Fund,5400,Resources - Beginning Fund Balance,9960067.31
2023-24,2197,Tillamook SD 9,201,Federal Sources,1940,Services Provided Other Local Education Agencies,32538
2023-24,2197,Tillamook SD 9,201,Federal Sources,1990,Miscellaneous,-51.2
2023-24,2197,Tillamook SD 9,201,Federal Sources,3299,Other Restricted Grants-In-Aid,49701.42
2023-24,2197,Tillamook SD 9,201,Federal Sources,4500,Restricted Revenue From Federal Government Through the State,2834899.67
2023-24,2197,Tillamook SD 9,100,General Fund,3101,State School Fund --General Support,9338915.32
2023-24,2197,Tillamook SD 9,100,General Fund,3103,Common School Fund,267430.32
2023-24,2197,Tillamook SD 9,100,General Fund,3104,State Managed County Timber,6021668.28
2023-24,2197,Tillamook SD 9,100,General Fund,3199,Other Unrestricted Grants-In-Aid,193814.06
2023-24,2197,Tillamook SD 9,100,General Fund,3299,Other Restricted Grants-In-Aid,196659.52
2023-24,2197,Tillamook SD 9,100,General Fund,4500,Restricted Revenue From Federal Government Through the State,17200
2023-24,2197,Tillamook SD 9,100,General Fund,1910,Rentals,84691.12
2023-24,2197,Tillamook SD 9,100,General Fund,1960,Recovery of Prior Years' Expenditure,219.35
2023-24,2197,Tillamook SD 9,100,General Fund,1980,Fees Charged to Grants,167725.97
2023-24,2197,Tillamook SD 9,100,General Fund,1990,Miscellaneous,74562.92
2023-24,2197,Tillamook SD 9,100,General Fund,2110,Intermediate 'I' Tax,2101.38
2023-24,2197,Tillamook SD 9,100,General Fund,2200,Restricted Revenue,21041
2023-24,2198,Neah-Kah-Nie SD 56,100,General Fund,1110,Ad valorem taxes levied by district,11328784.82
2023-24,2198,Neah-Kah-Nie SD 56,100,General Fund,1500,Earnings on Investments,681759.6
2023-24,2198,Neah-Kah-Nie SD 56,100,General Fund,1920,Contributions and Donations From Private Sources,189.94
2023-24,2198,Neah-Kah-Nie SD 56,100,General Fund,1960,Recovery of Prior Years' Expenditure,54766.34
2023-24,2198,Neah-Kah-Nie SD 56,100,General Fund,1990,Miscellaneous,40108.85
2023-24,2198,Neah-Kah-Nie SD 56,100,General Fund,2101,County School Funds,1079912.02
2023-24,2198,Neah-Kah-Nie SD 56,400,Capital Projects Funds,1130,Construction Excise Tax,164876.99
2023-24,2198,Neah-Kah-Nie SD 56,400,Capital Projects Funds,1500,Earnings on Investments,27726.63
2023-24,2198,Neah-Kah-Nie SD 56,400,Capital Projects Funds,1920,Contributions and Donations From Private Sources,32550.38
2023-24,2198,Neah-Kah-Nie SD 56,400,Capital Projects Funds,1990,Miscellaneous,1050
2023-24,2198,Neah-Kah-Nie SD 56,400,Capital Projects Funds,5200,Interfund Transfers,25000
2023-24,2198,Neah-Kah-Nie SD 56,400,Capital Projects Funds,5400,Resources - Beginning Fund Balance,763464.93
2023-24,2198,Neah-Kah-Nie SD 56,299,Child Nutrition,5200,Interfund Transfers,92500
2023-24,2198,Neah-Kah-Nie SD 56,299,Child Nutrition,5400,Resources - Beginning Fund Balance,96081.63
2023-24,2198,Neah-Kah-Nie SD 56,300,Debt Service Funds,1110,Ad valorem taxes levied by district,1248514.39
2023-24,2198,Neah-Kah-Nie SD 56,300,Debt Service Funds,1500,Earnings on Investments,31579.7
2023-24,2198,Neah-Kah-Nie SD 56,300,Debt Service Funds,5200,Interfund Transfers,200000
2023-24,2198,Neah-Kah-Nie SD 56,300,Debt Service Funds,5400,Resources - Beginning Fund Balance,50639.99
2023-24,2198,Neah-Kah-Nie SD 56,252,Measure 98 - High School Success,3299,Other Restricted Grants-In-Aid,237516.19
2023-24,2198,Neah-Kah-Nie SD 56,252,Measure 98 - High School Success,5400,Resources - Beginning Fund Balance,-50881.36
2023-24,2198,Neah-Kah-Nie SD 56,299,Child Nutrition,1600,Food Service,26719.79
2023-24,2198,Neah-Kah-Nie SD 56,299,Child Nutrition,1990,Miscellaneous,2241
2023-24,2198,Neah-Kah-Nie SD 56,299,Child Nutrition,3299,Other Restricted Grants-In-Aid,30991
2023-24,2198,Neah-Kah-Nie SD 56,299,Child Nutrition,4500,Restricted Revenue From Federal Government Through the State,226226.17
2023-24,2198,Neah-Kah-Nie SD 56,250,Non-Federal Sources,3199,Other Unrestricted Grants-In-Aid,54437
2023-24,2198,Neah-Kah-Nie SD 56,250,Non-Federal Sources,3299,Other Restricted Grants-In-Aid,89638.81
2023-24,2198,Neah-Kah-Nie SD 56,250,Non-Federal Sources,5200,Interfund Transfers,480000
2023-24,2198,Neah-Kah-Nie SD 56,250,Non-Federal Sources,5300,Sale of or Compensation for Loss of Fixed Assets,2021
2023-24,2198,Neah-Kah-Nie SD 56,250,Non-Federal Sources,5400,Resources - Beginning Fund Balance,1445433.84
2023-24,2198,Neah-Kah-Nie SD 56,251,Student Investment Account,3299,Other Restricted Grants-In-Aid,781320.37
2023-24,2198,Neah-Kah-Nie SD 56,250,Non-Federal Sources,1700,Extra-Curricular Activities,109848.58
2023-24,2198,Neah-Kah-Nie SD 56,250,Non-Federal Sources,1910,Rentals,525
2023-24,2198,Neah-Kah-Nie SD 56,250,Non-Federal Sources,1920,Contributions and Donations From Private Sources,206955.15
2023-24,2198,Neah-Kah-Nie SD 56,250,Non-Federal Sources,1960,Recovery of Prior Years' Expenditure,2889.19
2023-24,2198,Neah-Kah-Nie SD 56,250,Non-Federal Sources,1990,Miscellaneous,2193.47
2023-24,2198,Neah-Kah-Nie SD 56,250,Non-Federal Sources,2200,Restricted Revenue,24993.74
2023-24,2198,Neah-Kah-Nie SD 56,201,Federal Sources,3299,Other Restricted Grants-In-Aid,8365.9
2023-24,2198,Neah-Kah-Nie SD 56,201,Federal Sources,4500,Restricted Revenue From Federal Government Through the State,2063250.94
2023-24,2198,Neah-Kah-Nie SD 56,201,Federal Sources,4700,Grants-In-Aid From Federal Government Through Other Intermed,204761.1
2023-24,2198,Neah-Kah-Nie SD 56,201,Federal Sources,5400,Resources - Beginning Fund Balance,-155211.51
2023-24,2198,Neah-Kah-Nie SD 56,250,Non-Federal Sources,1110,Ad valorem taxes levied by district,0.64
2023-24,2198,Neah-Kah-Nie SD 56,250,Non-Federal Sources,1500,Earnings on Investments,39976.18
2023-24,2198,Neah-Kah-Nie SD 56,100,General Fund,2200,Restricted Revenue,6857
2023-24,2198,Neah-Kah-Nie SD 56,100,General Fund,3103,Common School Fund,90045.47
2023-24,2198,Neah-Kah-Nie SD 56,100,General Fund,3104,State Managed County Timber,2842571.64
2023-24,2198,Neah-Kah-Nie SD 56,100,General Fund,3299,Other Restricted Grants-In-Aid,186705.5
2023-24,2198,Neah-Kah-Nie SD 56,100,General Fund,4801,Federal Forest Fees,42909.95
2023-24,2198,Neah-Kah-Nie SD 56,100,General Fund,5400,Resources - Beginning Fund Balance,12320628.09
2023-24,2199,Nestucca Valley SD 101J,300,Debt Service Funds,1990,Miscellaneous,-61063.03
2023-24,2199,Nestucca Valley SD 101J,100,General Fund,1110,Ad valorem taxes levied by district,7342276.99
2023-24,2199,Nestucca Valley SD 101J,100,General Fund,1190,Penalties and interest on taxes,8400.56
2023-24,2199,Nestucca Valley SD 101J,100,General Fund,1500,Earnings on Investments,149910.36
2023-24,2199,Nestucca Valley SD 101J,100,General Fund,1700,Extra-Curricular Activities,1990
2023-24,2199,Nestucca Valley SD 101J,100,General Fund,1920,Contributions and Donations From Private Sources,21762.75
2023-24,2199,Nestucca Valley SD 101J,300,Debt Service Funds,5200,Interfund Transfers,695730
2023-24,2199,Nestucca Valley SD 101J,300,Debt Service Funds,5400,Resources - Beginning Fund Balance,305106.17
2023-24,2199,Nestucca Valley SD 101J,400,Capital Projects Funds,1500,Earnings on Investments,19585.71
2023-24,2199,Nestucca Valley SD 101J,400,Capital Projects Funds,1960,Recovery of Prior Years' Expenditure,9307.88
2023-24,2199,Nestucca Valley SD 101J,400,Capital Projects Funds,5400,Resources - Beginning Fund Balance,1190568.73
2023-24,2199,Nestucca Valley SD 101J,100,General Fund,5100,Long Term Debt Financing Sources,5345.7
2023-24,2199,Nestucca Valley SD 101J,299,Child Nutrition,5200,Interfund Transfers,50000
2023-24,2199,Nestucca Valley SD 101J,299,Child Nutrition,5400,Resources - Beginning Fund Balance,4299.97
2023-24,2199,Nestucca Valley SD 101J,300,Debt Service Funds,1110,Ad valorem taxes levied by district,2285556.63
2023-24,2199,Nestucca Valley SD 101J,300,Debt Service Funds,1190,Penalties and interest on taxes,1670.8
2023-24,2199,Nestucca Valley SD 101J,300,Debt Service Funds,1500,Earnings on Investments,30816.68
2023-24,2199,Nestucca Valley SD 101J,300,Debt Service Funds,1970,Services Provided Other Funds,413062.32
2023-24,2199,Nestucca Valley SD 101J,252,Measure 98 - High School Success,5400,Resources - Beginning Fund Balance,6500
2023-24,2199,Nestucca Valley SD 101J,299,Child Nutrition,1600,Food Service,3008
2023-24,2199,Nestucca Valley SD 101J,299,Child Nutrition,1990,Miscellaneous,642.51
2023-24,2199,Nestucca Valley SD 101J,299,Child Nutrition,3299,Other Restricted Grants-In-Aid,35414.86
2023-24,2199,Nestucca Valley SD 101J,299,Child Nutrition,4500,Restricted Revenue From Federal Government Through the State,415317.1
2023-24,2199,Nestucca Valley SD 101J,299,Child Nutrition,4900,Revenue for/on Behalf of the District,18794.32
2023-24,2199,Nestucca Valley SD 101J,250,Non-Federal Sources,3299,Other Restricted Grants-In-Aid,919108.51
2023-24,2199,Nestucca Valley SD 101J,250,Non-Federal Sources,4500,Restricted Revenue From Federal Government Through the State,190834.03
2023-24,2199,Nestucca Valley SD 101J,250,Non-Federal Sources,5300,Sale of or Compensation for Loss of Fixed Assets,20000
2023-24,2199,Nestucca Valley SD 101J,250,Non-Federal Sources,5400,Resources - Beginning Fund Balance,182244.64
2023-24,2199,Nestucca Valley SD 101J,251,Student Investment Account,3299,Other Restricted Grants-In-Aid,589167.86
2023-24,2199,Nestucca Valley SD 101J,252,Measure 98 - High School Success,3299,Other Restricted Grants-In-Aid,161984.18
2023-24,2199,Nestucca Valley SD 101J,100,General Fund,5300,Sale of or Compensation for Loss of Fixed Assets,400
2023-24,2199,Nestucca Valley SD 101J,100,General Fund,5400,Resources - Beginning Fund Balance,967991.84
2023-24,2199,Nestucca Valley SD 101J,201,Federal Sources,4500,Restricted Revenue From Federal Government Through the State,762625.93
2023-24,2199,Nestucca Valley SD 101J,250,Non-Federal Sources,1130,Construction Excise Tax,95282.8
2023-24,2199,Nestucca Valley SD 101J,250,Non-Federal Sources,1700,Extra-Curricular Activities,111610.75
2023-24,2199,Nestucca Valley SD 101J,250,Non-Federal Sources,1920,Contributions and Donations From Private Sources,45851.72
2023-24,2199,Nestucca Valley SD 101J,100,General Fund,1960,Recovery of Prior Years' Expenditure,96498.12
2023-24,2199,Nestucca Valley SD 101J,100,General Fund,1990,Miscellaneous,66274.25
2023-24,2199,Nestucca Valley SD 101J,100,General Fund,2101,County School Funds,681095.16
2023-24,2199,Nestucca Valley SD 101J,100,General Fund,2199,Other Intermediate Sources,1757.44
2023-24,2199,Nestucca Valley SD 101J,100,General Fund,3103,Common School Fund,66444.52
2023-24,2199,Nestucca Valley SD 101J,100,General Fund,3104,State Managed County Timber,1543520.05
2023-24,2200,InterMountain ESD,100,General Fund,1110,Ad valorem taxes levied by district,9037072.16
2023-24,2200,InterMountain ESD,100,General Fund,1500,Earnings on Investments,320414.84
2023-24,2200,InterMountain ESD,100,General Fund,1940,Services Provided Other Local Education Agencies,107262.34
2023-24,2200,InterMountain ESD,100,General Fund,1980,Fees Charged to Grants,1087867.85
2023-24,2200,InterMountain ESD,100,General Fund,1990,Miscellaneous,305175.34
2023-24,2200,InterMountain ESD,100,General Fund,3101,State School Fund --General Support,5918714.79
2023-24,2200,InterMountain ESD,500,Enterprise Funds,1990,Miscellaneous,68859.93
2023-24,2200,InterMountain ESD,500,Enterprise Funds,5400,Resources - Beginning Fund Balance,2940307.82
2023-24,2200,InterMountain ESD,100,General Fund,2199,Other Intermediate Sources,141027.59
2023-24,2200,InterMountain ESD,400,Capital Projects Funds,1500,Earnings on Investments,6142.45
2023-24,2200,InterMountain ESD,400,Capital Projects Funds,1910,Rentals,105226.78
2023-24,2200,InterMountain ESD,400,Capital Projects Funds,1990,Miscellaneous,593668.32
2023-24,2200,InterMountain ESD,400,Capital Projects Funds,5200,Interfund Transfers,300000
2023-24,2200,InterMountain ESD,400,Capital Projects Funds,5400,Resources - Beginning Fund Balance,1508844.49
2023-24,2200,InterMountain ESD,500,Enterprise Funds,1940,Services Provided Other Local Education Agencies,7034980.92
2023-24,2200,InterMountain ESD,250,Non-Federal Sources,5200,Interfund Transfers,12390.6
2023-24,2200,InterMountain ESD,250,Non-Federal Sources,5400,Resources - Beginning Fund Balance,2408958.61
2023-24,2200,InterMountain ESD,251,Student Investment Account,3299,Other Restricted Grants-In-Aid,907079.3
2023-24,2200,InterMountain ESD,300,Debt Service Funds,1500,Earnings on Investments,39918.46
2023-24,2200,InterMountain ESD,300,Debt Service Funds,1970,Services Provided Other Funds,1834157.03
2023-24,2200,InterMountain ESD,300,Debt Service Funds,5400,Resources - Beginning Fund Balance,22321.29
2023-24,2200,InterMountain ESD,250,Non-Federal Sources,1940,Services Provided Other Local Education Agencies,2670835.19
2023-24,2200,InterMountain ESD,250,Non-Federal Sources,1990,Miscellaneous,873809.62
2023-24,2200,InterMountain ESD,250,Non-Federal Sources,3299,Other Restricted Grants-In-Aid,11939384.11
2023-24,2200,InterMountain ESD,250,Non-Federal Sources,4300,Restricted Revenue Direct From the Federal Government,1465963.16
2023-24,2200,InterMountain ESD,250,Non-Federal Sources,4500,Restricted Revenue From Federal Government Through the State,217576.06
2023-24,2200,InterMountain ESD,250,Non-Federal Sources,5100,Long Term Debt Financing Sources,119373
2023-24,2200,InterMountain ESD,100,General Fund,3299,Other Restricted Grants-In-Aid,4853.48
2023-24,2200,InterMountain ESD,100,General Fund,5200,Interfund Transfers,598885.58
2023-24,2200,InterMountain ESD,100,General Fund,5400,Resources - Beginning Fund Balance,6618385.92
2023-24,2200,InterMountain ESD,201,Federal Sources,3299,Other Restricted Grants-In-Aid,487626.38
2023-24,2200,InterMountain ESD,201,Federal Sources,4300,Restricted Revenue Direct From the Federal Government,1063216.82
2023-24,2200,InterMountain ESD,201,Federal Sources,4500,Restricted Revenue From Federal Government Through the State,5871502.5
2023-24,2201,Helix SD 1,252,Measure 98 - High School Success,5400,Resources - Beginning Fund Balance,-55507.11
2023-24,2201,Helix SD 1,299,Child Nutrition,1600,Food Service,51801.24
2023-24,2201,Helix SD 1,299,Child Nutrition,5200,Interfund Transfers,150000
2023-24,2201,Helix SD 1,299,Child Nutrition,5400,Resources - Beginning Fund Balance,15177.22
2023-24,2201,Helix SD 1,300,Debt Service Funds,1500,Earnings on Investments,0.45
2023-24,2201,Helix SD 1,300,Debt Service Funds,2199,Other Intermediate Sources,1405.85
2023-24,2201,Helix SD 1,300,Debt Service Funds,1110,Ad valorem taxes levied by district,432184.64
2023-24,2201,Helix SD 1,250,Non-Federal Sources,5200,Interfund Transfers,5000
2023-24,2201,Helix SD 1,250,Non-Federal Sources,5400,Resources - Beginning Fund Balance,839684.32
2023-24,2201,Helix SD 1,251,Student Investment Account,3299,Other Restricted Grants-In-Aid,239240.34
2023-24,2201,Helix SD 1,251,Student Investment Account,5400,Resources - Beginning Fund Balance,23471.88
2023-24,2201,Helix SD 1,252,Measure 98 - High School Success,3299,Other Restricted Grants-In-Aid,118529.03
2023-24,2201,Helix SD 1,100,General Fund,1110,Ad valorem taxes levied by district,752090.48
2023-24,2201,Helix SD 1,250,Non-Federal Sources,1700,Extra-Curricular Activities,6356.11
2023-24,2201,Helix SD 1,250,Non-Federal Sources,1920,Contributions and Donations From Private Sources,36180.95
2023-24,2201,Helix SD 1,250,Non-Federal Sources,1940,Services Provided Other Local Education Agencies,8705.56
2023-24,2201,Helix SD 1,250,Non-Federal Sources,1990,Miscellaneous,39035.37
2023-24,2201,Helix SD 1,250,Non-Federal Sources,3299,Other Restricted Grants-In-Aid,41690.33
2023-24,2201,Helix SD 1,250,Non-Federal Sources,4500,Restricted Revenue From Federal Government Through the State,74593.77
2023-24,2201,Helix SD 1,100,General Fund,4801,Federal Forest Fees,287.76
2023-24,2201,Helix SD 1,100,General Fund,5400,Resources - Beginning Fund Balance,1697785.9
2023-24,2201,Helix SD 1,201,Federal Sources,4500,Restricted Revenue From Federal Government Through the State,90011.27
2023-24,2201,Helix SD 1,201,Federal Sources,4700,Grants-In-Aid From Federal Government Through Other Intermed,18632.33
2023-24,2201,Helix SD 1,201,Federal Sources,5400,Resources - Beginning Fund Balance,-64461.33
2023-24,2201,Helix SD 1,250,Non-Federal Sources,1500,Earnings on Investments,3249.63
2023-24,2201,Helix SD 1,100,General Fund,1990,Miscellaneous,45302.08
2023-24,2201,Helix SD 1,100,General Fund,2101,County School Funds,6346.15
2023-24,2201,Helix SD 1,100,General Fund,2199,Other Intermediate Sources,2318.71
2023-24,2201,Helix SD 1,100,General Fund,3101,State School Fund --General Support,2882698.41
2023-24,2201,Helix SD 1,100,General Fund,3103,Common School Fund,19244.96
2023-24,2201,Helix SD 1,100,General Fund,3299,Other Restricted Grants-In-Aid,447.66
2023-24,2201,Helix SD 1,300,Debt Service Funds,5400,Resources - Beginning Fund Balance,54418.07
2023-24,2201,Helix SD 1,400,Capital Projects Funds,1500,Earnings on Investments,51740.05
2023-24,2201,Helix SD 1,400,Capital Projects Funds,1990,Miscellaneous,8537.12
2023-24,2201,Helix SD 1,400,Capital Projects Funds,3299,Other Restricted Grants-In-Aid,47031.45
2023-24,2201,Helix SD 1,400,Capital Projects Funds,5400,Resources - Beginning Fund Balance,1063317.87
2023-24,2201,Helix SD 1,100,General Fund,1500,Earnings on Investments,151180.33
2023-24,2202,Pilot Rock SD 2,100,General Fund,1110,Ad valorem taxes levied by district,737979.13
2023-24,2202,Pilot Rock SD 2,100,General Fund,1500,Earnings on Investments,116812.35
2023-24,2202,Pilot Rock SD 2,100,General Fund,1920,Contributions and Donations From Private Sources,2500
2023-24,2202,Pilot Rock SD 2,100,General Fund,1970,Services Provided Other Funds,297230.35
2023-24,2202,Pilot Rock SD 2,100,General Fund,1990,Miscellaneous,45570.51
2023-24,2202,Pilot Rock SD 2,100,General Fund,2101,County School Funds,11304.56
2023-24,2202,Pilot Rock SD 2,400,Capital Projects Funds,4500,Restricted Revenue From Federal Government Through the State,244021.11
2023-24,2202,Pilot Rock SD 2,400,Capital Projects Funds,5200,Interfund Transfers,252498.05
2023-24,2202,Pilot Rock SD 2,400,Capital Projects Funds,5400,Resources - Beginning Fund Balance,3696048.46
2023-24,2202,Pilot Rock SD 2,100,General Fund,2199,Other Intermediate Sources,2303.3
2023-24,2202,Pilot Rock SD 2,300,Debt Service Funds,2199,Other Intermediate Sources,1399.02
2023-24,2202,Pilot Rock SD 2,300,Debt Service Funds,1500,Earnings on Investments,36579.61
2023-24,2202,Pilot Rock SD 2,300,Debt Service Funds,5400,Resources - Beginning Fund Balance,43668.02
2023-24,2202,Pilot Rock SD 2,400,Capital Projects Funds,1500,Earnings on Investments,16745.67
2023-24,2202,Pilot Rock SD 2,400,Capital Projects Funds,1920,Contributions and Donations From Private Sources,22500
2023-24,2202,Pilot Rock SD 2,400,Capital Projects Funds,1990,Miscellaneous,12963.53
2023-24,2202,Pilot Rock SD 2,400,Capital Projects Funds,3299,Other Restricted Grants-In-Aid,927234.95
2023-24,2202,Pilot Rock SD 2,250,Non-Federal Sources,5400,Resources - Beginning Fund Balance,456186.57
2023-24,2202,Pilot Rock SD 2,251,Student Investment Account,3299,Other Restricted Grants-In-Aid,385352.88
2023-24,2202,Pilot Rock SD 2,251,Student Investment Account,5400,Resources - Beginning Fund Balance,30790.4
2023-24,2202,Pilot Rock SD 2,252,Measure 98 - High School Success,3299,Other Restricted Grants-In-Aid,103332.38
2023-24,2202,Pilot Rock SD 2,252,Measure 98 - High School Success,5400,Resources - Beginning Fund Balance,-643.09
2023-24,2202,Pilot Rock SD 2,300,Debt Service Funds,1110,Ad valorem taxes levied by district,441791.12
2023-24,2202,Pilot Rock SD 2,250,Non-Federal Sources,1990,Miscellaneous,27828.15
2023-24,2202,Pilot Rock SD 2,250,Non-Federal Sources,3299,Other Restricted Grants-In-Aid,227345.08
2023-24,2202,Pilot Rock SD 2,250,Non-Federal Sources,4500,Restricted Revenue From Federal Government Through the State,164466.84
2023-24,2202,Pilot Rock SD 2,250,Non-Federal Sources,4900,Revenue for/on Behalf of the District,7438.47
2023-24,2202,Pilot Rock SD 2,250,Non-Federal Sources,5200,Interfund Transfers,175000
2023-24,2202,Pilot Rock SD 2,250,Non-Federal Sources,5300,Sale of or Compensation for Loss of Fixed Assets,600
2023-24,2202,Pilot Rock SD 2,201,Federal Sources,5200,Interfund Transfers,2501.95
2023-24,2202,Pilot Rock SD 2,201,Federal Sources,5400,Resources - Beginning Fund Balance,-6198.48
2023-24,2202,Pilot Rock SD 2,250,Non-Federal Sources,1500,Earnings on Investments,9.87
2023-24,2202,Pilot Rock SD 2,250,Non-Federal Sources,1600,Food Service,4854.75
2023-24,2202,Pilot Rock SD 2,250,Non-Federal Sources,1700,Extra-Curricular Activities,66954.81
2023-24,2202,Pilot Rock SD 2,250,Non-Federal Sources,1920,Contributions and Donations From Private Sources,23213.74
2023-24,2202,Pilot Rock SD 2,100,General Fund,3101,State School Fund --General Support,4000557.48
2023-24,2202,Pilot Rock SD 2,100,General Fund,3103,Common School Fund,38468.68
2023-24,2202,Pilot Rock SD 2,100,General Fund,3299,Other Restricted Grants-In-Aid,3501.23
2023-24,2202,Pilot Rock SD 2,100,General Fund,4801,Federal Forest Fees,512.59
2023-24,2202,Pilot Rock SD 2,100,General Fund,5400,Resources - Beginning Fund Balance,1554919.74
2023-24,2202,Pilot Rock SD 2,201,Federal Sources,4500,Restricted Revenue From Federal Government Through the State,109470.06
2023-24,2203,Echo SD 5,100,General Fund,1110,Ad valorem taxes levied by district,676809.93
2023-24,2203,Echo SD 5,100,General Fund,1500,Earnings on Investments,234314.33
2023-24,2203,Echo SD 5,100,General Fund,1700,Extra-Curricular Activities,7152.63
2023-24,2203,Echo SD 5,100,General Fund,1960,Recovery of Prior Years' Expenditure,263.2
2023-24,2203,Echo SD 5,100,General Fund,1980,Fees Charged to Grants,17450.74
2023-24,2203,Echo SD 5,100,General Fund,1990,Miscellaneous,26031.78
2023-24,2203,Echo SD 5,400,Capital Projects Funds,5400,Resources - Beginning Fund Balance,756501.62
2023-24,2203,Echo SD 5,100,General Fund,2199,Other Intermediate Sources,2109.44
2023-24,2203,Echo SD 5,300,Debt Service Funds,2199,Other Intermediate Sources,1179.91
2023-24,2203,Echo SD 5,299,Child Nutrition,5400,Resources - Beginning Fund Balance,104383.29
2023-24,2203,Echo SD 5,300,Debt Service Funds,1110,Ad valorem taxes levied by district,375152.57
2023-24,2203,Echo SD 5,300,Debt Service Funds,1500,Earnings on Investments,23374.34
2023-24,2203,Echo SD 5,300,Debt Service Funds,1970,Services Provided Other Funds,424760.72
2023-24,2203,Echo SD 5,300,Debt Service Funds,5400,Resources - Beginning Fund Balance,514023.98
2023-24,2203,Echo SD 5,400,Capital Projects Funds,1500,Earnings on Investments,971.1
2023-24,2203,Echo SD 5,299,Child Nutrition,1600,Food Service,53343.95
2023-24,2203,Echo SD 5,299,Child Nutrition,1990,Miscellaneous,1464.57
2023-24,2203,Echo SD 5,299,Child Nutrition,3102,State School Fund--School Lunch Match,1474.65
2023-24,2203,Echo SD 5,299,Child Nutrition,3299,Other Restricted Grants-In-Aid,8156.36
2023-24,2203,Echo SD 5,299,Child Nutrition,4500,Restricted Revenue From Federal Government Through the State,119337.85
2023-24,2203,Echo SD 5,299,Child Nutrition,4900,Revenue for/on Behalf of the District,10983.28
2023-24,2203,Echo SD 5,250,Non-Federal Sources,4500,Restricted Revenue From Federal Government Through the State,10000
2023-24,2203,Echo SD 5,250,Non-Federal Sources,5200,Interfund Transfers,1200
2023-24,2203,Echo SD 5,250,Non-Federal Sources,5400,Resources - Beginning Fund Balance,647818.56
2023-24,2203,Echo SD 5,251,Student Investment Account,3299,Other Restricted Grants-In-Aid,354768.54
2023-24,2203,Echo SD 5,251,Student Investment Account,5400,Resources - Beginning Fund Balance,43271
2023-24,2203,Echo SD 5,252,Measure 98 - High School Success,3299,Other Restricted Grants-In-Aid,95253.38
2023-24,2203,Echo SD 5,250,Non-Federal Sources,1800,Community Services Activities,59950
2023-24,2203,Echo SD 5,250,Non-Federal Sources,1920,Contributions and Donations From Private Sources,7327.22
2023-24,2203,Echo SD 5,250,Non-Federal Sources,1990,Miscellaneous,16723.8
2023-24,2203,Echo SD 5,250,Non-Federal Sources,3199,Other Unrestricted Grants-In-Aid,19921.32
2023-24,2203,Echo SD 5,250,Non-Federal Sources,3222,State School Fund (SSF) Transportation Equipment,47712.07
2023-24,2203,Echo SD 5,250,Non-Federal Sources,3299,Other Restricted Grants-In-Aid,140690.33
2023-24,2203,Echo SD 5,201,Federal Sources,4300,Restricted Revenue Direct From the Federal Government,35667
2023-24,2203,Echo SD 5,201,Federal Sources,4500,Restricted Revenue From Federal Government Through the State,397893.73
2023-24,2203,Echo SD 5,201,Federal Sources,4700,Grants-In-Aid From Federal Government Through Other Intermed,19837.06
2023-24,2203,Echo SD 5,201,Federal Sources,5400,Resources - Beginning Fund Balance,-319064.39
2023-24,2203,Echo SD 5,250,Non-Federal Sources,1500,Earnings on Investments,4.14
2023-24,2203,Echo SD 5,250,Non-Federal Sources,1700,Extra-Curricular Activities,127137.1
2023-24,2203,Echo SD 5,100,General Fund,2101,County School Funds,11976.85
2023-24,2203,Echo SD 5,100,General Fund,3101,State School Fund --General Support,4033247.67
2023-24,2203,Echo SD 5,100,General Fund,3103,Common School Fund,38311.38
2023-24,2203,Echo SD 5,100,General Fund,3299,Other Restricted Grants-In-Aid,13528.11
2023-24,2203,Echo SD 5,100,General Fund,4801,Federal Forest Fees,543.07
2023-24,2203,Echo SD 5,100,General Fund,5400,Resources - Beginning Fund Balance,2630601.47
2023-24,2204,Umatilla SD 6R,100,General Fund,1110,Ad valorem taxes levied by district,5115690.11
2023-24,2204,Umatilla SD 6R,100,General Fund,1190,Penalties and interest on taxes,565.83
2023-24,2204,Umatilla SD 6R,100,General Fund,1500,Earnings on Investments,371891.31
2023-24,2204,Umatilla SD 6R,100,General Fund,1700,Extra-Curricular Activities,17519.25
2023-24,2204,Umatilla SD 6R,100,General Fund,1920,Contributions and Donations From Private Sources,16487.45
2023-24,2204,Umatilla SD 6R,100,General Fund,1960,Recovery of Prior Years' Expenditure,9149.07
2023-24,2204,Umatilla SD 6R,300,Debt Service Funds,5400,Resources - Beginning Fund Balance,226177.01
2023-24,2204,Umatilla SD 6R,400,Capital Projects Funds,1130,Construction Excise Tax,297831.82
2023-24,2204,Umatilla SD 6R,400,Capital Projects Funds,1500,Earnings on Investments,1084996.69
2023-24,2204,Umatilla SD 6R,400,Capital Projects Funds,3299,Other Restricted Grants-In-Aid,19570
2023-24,2204,Umatilla SD 6R,400,Capital Projects Funds,5200,Interfund Transfers,47500
2023-24,2204,Umatilla SD 6R,400,Capital Projects Funds,5400,Resources - Beginning Fund Balance,47999706.02
2023-24,2204,Umatilla SD 6R,299,Child Nutrition,4900,Revenue for/on Behalf of the District,61965.53
2023-24,2204,Umatilla SD 6R,299,Child Nutrition,5400,Resources - Beginning Fund Balance,653975.03
2023-24,2204,Umatilla SD 6R,300,Debt Service Funds,1110,Ad valorem taxes levied by district,2025798.32
2023-24,2204,Umatilla SD 6R,300,Debt Service Funds,1500,Earnings on Investments,46051.24
2023-24,2204,Umatilla SD 6R,300,Debt Service Funds,1970,Services Provided Other Funds,1063504.29
2023-24,2204,Umatilla SD 6R,300,Debt Service Funds,2199,Other Intermediate Sources,5756.97
2023-24,2204,Umatilla SD 6R,252,Measure 98 - High School Success,5400,Resources - Beginning Fund Balance,-3351.82
2023-24,2204,Umatilla SD 6R,299,Child Nutrition,1600,Food Service,42967.18
2023-24,2204,Umatilla SD 6R,299,Child Nutrition,1990,Miscellaneous,99.89
2023-24,2204,Umatilla SD 6R,299,Child Nutrition,3102,State School Fund--School Lunch Match,8805.83
2023-24,2204,Umatilla SD 6R,299,Child Nutrition,3299,Other Restricted Grants-In-Aid,125630.85
2023-24,2204,Umatilla SD 6R,299,Child Nutrition,4500,Restricted Revenue From Federal Government Through the State,1086466.04
2023-24,2204,Umatilla SD 6R,250,Non-Federal Sources,3299,Other Restricted Grants-In-Aid,184860.84
2023-24,2204,Umatilla SD 6R,250,Non-Federal Sources,5400,Resources - Beginning Fund Balance,420955.85
2023-24,2204,Umatilla SD 6R,251,Student Investment Account,3299,Other Restricted Grants-In-Aid,1489244.33
2023-24,2204,Umatilla SD 6R,251,Student Investment Account,5400,Resources - Beginning Fund Balance,394711.07
2023-24,2204,Umatilla SD 6R,252,Measure 98 - High School Success,1990,Miscellaneous,2270.25
2023-24,2204,Umatilla SD 6R,252,Measure 98 - High School Success,3299,Other Restricted Grants-In-Aid,375461.29
2023-24,2204,Umatilla SD 6R,201,Federal Sources,5400,Resources - Beginning Fund Balance,-75552.55
2023-24,2204,Umatilla SD 6R,250,Non-Federal Sources,1500,Earnings on Investments,991.65
2023-24,2204,Umatilla SD 6R,250,Non-Federal Sources,1700,Extra-Curricular Activities,115873.7
2023-24,2204,Umatilla SD 6R,250,Non-Federal Sources,1800,Community Services Activities,99755.55
2023-24,2204,Umatilla SD 6R,250,Non-Federal Sources,1920,Contributions and Donations From Private Sources,67122.49
2023-24,2204,Umatilla SD 6R,250,Non-Federal Sources,1990,Miscellaneous,68450.07
2023-24,2204,Umatilla SD 6R,100,General Fund,4801,Federal Forest Fees,2456
2023-24,2204,Umatilla SD 6R,100,General Fund,5400,Resources - Beginning Fund Balance,4535687
2023-24,2204,Umatilla SD 6R,201,Federal Sources,1960,Recovery of Prior Years' Expenditure,1618.86
2023-24,2204,Umatilla SD 6R,201,Federal Sources,1990,Miscellaneous,299
2023-24,2204,Umatilla SD 6R,201,Federal Sources,4500,Restricted Revenue From Federal Government Through the State,3451217.26
2023-24,2204,Umatilla SD 6R,201,Federal Sources,4700,Grants-In-Aid From Federal Government Through Other Intermed,319897.63
2023-24,2204,Umatilla SD 6R,100,General Fund,1990,Miscellaneous,92351.99
2023-24,2204,Umatilla SD 6R,100,General Fund,2101,County School Funds,54164.42
2023-24,2204,Umatilla SD 6R,100,General Fund,2199,Other Intermediate Sources,15825.12
2023-24,2204,Umatilla SD 6R,100,General Fund,3101,State School Fund --General Support,13437213.84
2023-24,2204,Umatilla SD 6R,100,General Fund,3103,Common School Fund,171995.72
2023-24,2204,Umatilla SD 6R,100,General Fund,3299,Other Restricted Grants-In-Aid,7876.97
2023-24,2205,Milton-Freewater Unified SD 7,100,General Fund,1110,Ad valorem taxes levied by district,3739617.69
2023-24,2205,Milton-Freewater Unified SD 7,100,General Fund,1120,Local option ad valorem taxes levied by district,0.87
2023-24,2205,Milton-Freewater Unified SD 7,100,General Fund,1500,Earnings on Investments,194446.91
2023-24,2205,Milton-Freewater Unified SD 7,100,General Fund,1910,Rentals,7300
2023-24,2205,Milton-Freewater Unified SD 7,100,General Fund,1920,Contributions and Donations From Private Sources,15004.3
2023-24,2205,Milton-Freewater Unified SD 7,100,General Fund,1960,Recovery of Prior Years' Expenditure,13949.56
2023-24,2205,Milton-Freewater Unified SD 7,100,General Fund,2199,Other Intermediate Sources,11696.42
2023-24,2205,Milton-Freewater Unified SD 7,400,Capital Projects Funds,3299,Other Restricted Grants-In-Aid,35533
2023-24,2205,Milton-Freewater Unified SD 7,400,Capital Projects Funds,5200,Interfund Transfers,53000
2023-24,2205,Milton-Freewater Unified SD 7,400,Capital Projects Funds,5300,Sale of or Compensation for Loss of Fixed Assets,326000
2023-24,2205,Milton-Freewater Unified SD 7,400,Capital Projects Funds,5400,Resources - Beginning Fund Balance,1147630.22
2023-24,2205,Milton-Freewater Unified SD 7,300,Debt Service Funds,2800,Revenue in Lieu of Taxes,2686.31
2023-24,2205,Milton-Freewater Unified SD 7,300,Debt Service Funds,5200,Interfund Transfers,47000
2023-24,2205,Milton-Freewater Unified SD 7,300,Debt Service Funds,5400,Resources - Beginning Fund Balance,110171.96
2023-24,2205,Milton-Freewater Unified SD 7,400,Capital Projects Funds,1500,Earnings on Investments,8720.5
2023-24,2205,Milton-Freewater Unified SD 7,400,Capital Projects Funds,1990,Miscellaneous,6844.8
2023-24,2205,Milton-Freewater Unified SD 7,400,Capital Projects Funds,3222,State School Fund (SSF) Transportation Equipment,196892.82
2023-24,2205,Milton-Freewater Unified SD 7,299,Child Nutrition,4500,Restricted Revenue From Federal Government Through the State,935447.55
2023-24,2205,Milton-Freewater Unified SD 7,299,Child Nutrition,4900,Revenue for/on Behalf of the District,74572.68
2023-24,2205,Milton-Freewater Unified SD 7,299,Child Nutrition,5400,Resources - Beginning Fund Balance,472634.49
2023-24,2205,Milton-Freewater Unified SD 7,300,Debt Service Funds,1110,Ad valorem taxes levied by district,863581
2023-24,2205,Milton-Freewater Unified SD 7,300,Debt Service Funds,1500,Earnings on Investments,52628.7
2023-24,2205,Milton-Freewater Unified SD 7,300,Debt Service Funds,1970,Services Provided Other Funds,2235543.61
2023-24,2205,Milton-Freewater Unified SD 7,250,Non-Federal Sources,5400,Resources - Beginning Fund Balance,1160837.38
2023-24,2205,Milton-Freewater Unified SD 7,251,Student Investment Account,3299,Other Restricted Grants-In-Aid,1691651.31
2023-24,2205,Milton-Freewater Unified SD 7,252,Measure 98 - High School Success,3299,Other Restricted Grants-In-Aid,485639.42
2023-24,2205,Milton-Freewater Unified SD 7,299,Child Nutrition,1600,Food Service,18865.28
2023-24,2205,Milton-Freewater Unified SD 7,299,Child Nutrition,3102,State School Fund--School Lunch Match,9437.72
2023-24,2205,Milton-Freewater Unified SD 7,299,Child Nutrition,3299,Other Restricted Grants-In-Aid,199036.71
2023-24,2205,Milton-Freewater Unified SD 7,201,Federal Sources,4700,Grants-In-Aid From Federal Government Through Other Intermed,166320.71
2023-24,2205,Milton-Freewater Unified SD 7,201,Federal Sources,5400,Resources - Beginning Fund Balance,1603.45
2023-24,2205,Milton-Freewater Unified SD 7,250,Non-Federal Sources,1500,Earnings on Investments,1936.11
2023-24,2205,Milton-Freewater Unified SD 7,250,Non-Federal Sources,1700,Extra-Curricular Activities,175192.71
2023-24,2205,Milton-Freewater Unified SD 7,250,Non-Federal Sources,1920,Contributions and Donations From Private Sources,11286.5
2023-24,2205,Milton-Freewater Unified SD 7,250,Non-Federal Sources,3299,Other Restricted Grants-In-Aid,587715.74
2023-24,2205,Milton-Freewater Unified SD 7,100,General Fund,4700,Grants-In-Aid From Federal Government Through Other Intermed,74252.36
2023-24,2205,Milton-Freewater Unified SD 7,100,General Fund,4801,Federal Forest Fees,2961.32
2023-24,2205,Milton-Freewater Unified SD 7,100,General Fund,5100,Long Term Debt Financing Sources,54873.96
2023-24,2205,Milton-Freewater Unified SD 7,100,General Fund,5300,Sale of or Compensation for Loss of Fixed Assets,17200
2023-24,2205,Milton-Freewater Unified SD 7,100,General Fund,5400,Resources - Beginning Fund Balance,2380759.72
2023-24,2205,Milton-Freewater Unified SD 7,201,Federal Sources,4500,Restricted Revenue From Federal Government Through the State,4396872.99
2023-24,2205,Milton-Freewater Unified SD 7,100,General Fund,1980,Fees Charged to Grants,135820.27
2023-24,2205,Milton-Freewater Unified SD 7,100,General Fund,1990,Miscellaneous,204493.82
2023-24,2205,Milton-Freewater Unified SD 7,100,General Fund,2101,County School Funds,65308.66
2023-24,2205,Milton-Freewater Unified SD 7,100,General Fund,3101,State School Fund --General Support,16674159.56
2023-24,2205,Milton-Freewater Unified SD 7,100,General Fund,3103,Common School Fund,204943.64
2023-24,2205,Milton-Freewater Unified SD 7,100,General Fund,3299,Other Restricted Grants-In-Aid,175352.54
2023-24,2206,Hermiston SD 8,100,General Fund,1110,Ad valorem taxes levied by district,11164200.79
2023-24,2206,Hermiston SD 8,100,General Fund,1190,Penalties and interest on taxes,2219.61
2023-24,2206,Hermiston SD 8,100,General Fund,1500,Earnings on Investments,2126114.78
2023-24,2206,Hermiston SD 8,100,General Fund,1700,Extra-Curricular Activities,43864.39
2023-24,2206,Hermiston SD 8,100,General Fund,1910,Rentals,19020
2023-24,2206,Hermiston SD 8,100,General Fund,1940,Services Provided Other Local Education Agencies,2476.25
2023-24,2206,Hermiston SD 8,300,Debt Service Funds,5400,Resources - Beginning Fund Balance,16594215.58
2023-24,2206,Hermiston SD 8,400,Capital Projects Funds,1500,Earnings on Investments,450806.61
2023-24,2206,Hermiston SD 8,400,Capital Projects Funds,1960,Recovery of Prior Years' Expenditure,2094.08
2023-24,2206,Hermiston SD 8,400,Capital Projects Funds,1990,Miscellaneous,1527.76
2023-24,2206,Hermiston SD 8,400,Capital Projects Funds,5400,Resources - Beginning Fund Balance,13235161.43
2023-24,2206,Hermiston SD 8,299,Child Nutrition,4900,Revenue for/on Behalf of the District,200491.25
2023-24,2206,Hermiston SD 8,299,Child Nutrition,5400,Resources - Beginning Fund Balance,3405559.6
2023-24,2206,Hermiston SD 8,300,Debt Service Funds,1110,Ad valorem taxes levied by district,8090521.18
2023-24,2206,Hermiston SD 8,300,Debt Service Funds,1500,Earnings on Investments,1005707.1
2023-24,2206,Hermiston SD 8,300,Debt Service Funds,1970,Services Provided Other Funds,6670508.97
2023-24,2206,Hermiston SD 8,300,Debt Service Funds,2199,Other Intermediate Sources,25513.89
2023-24,2206,Hermiston SD 8,251,Student Investment Account,3299,Other Restricted Grants-In-Aid,5405275.81
2023-24,2206,Hermiston SD 8,252,Measure 98 - High School Success,3299,Other Restricted Grants-In-Aid,1685832.89
2023-24,2206,Hermiston SD 8,299,Child Nutrition,1600,Food Service,133466.94
2023-24,2206,Hermiston SD 8,299,Child Nutrition,3102,State School Fund--School Lunch Match,27502.75
2023-24,2206,Hermiston SD 8,299,Child Nutrition,3299,Other Restricted Grants-In-Aid,566534.69
2023-24,2206,Hermiston SD 8,299,Child Nutrition,4500,Restricted Revenue From Federal Government Through the State,1760287.89
2023-24,2206,Hermiston SD 8,250,Non-Federal Sources,1970,Services Provided Other Funds,57452.56
2023-24,2206,Hermiston SD 8,250,Non-Federal Sources,1990,Miscellaneous,253851.01
2023-24,2206,Hermiston SD 8,250,Non-Federal Sources,2199,Other Intermediate Sources,182151.43
2023-24,2206,Hermiston SD 8,250,Non-Federal Sources,3299,Other Restricted Grants-In-Aid,198277.29
2023-24,2206,Hermiston SD 8,250,Non-Federal Sources,5300,Sale of or Compensation for Loss of Fixed Assets,1011344.5
2023-24,2206,Hermiston SD 8,250,Non-Federal Sources,5400,Resources - Beginning Fund Balance,18376437.24
2023-24,2206,Hermiston SD 8,201,Federal Sources,3299,Other Restricted Grants-In-Aid,34798.52
2023-24,2206,Hermiston SD 8,201,Federal Sources,4500,Restricted Revenue From Federal Government Through the State,8098442.73
2023-24,2206,Hermiston SD 8,201,Federal Sources,5400,Resources - Beginning Fund Balance,-179233.58
2023-24,2206,Hermiston SD 8,250,Non-Federal Sources,1700,Extra-Curricular Activities,777454.86
2023-24,2206,Hermiston SD 8,250,Non-Federal Sources,1920,Contributions and Donations From Private Sources,57091.5
2023-24,2206,Hermiston SD 8,250,Non-Federal Sources,1960,Recovery of Prior Years' Expenditure,1359.64
2023-24,2206,Hermiston SD 8,100,General Fund,3101,State School Fund --General Support,57346669.98
2023-24,2206,Hermiston SD 8,100,General Fund,3103,Common School Fund,693698.44
2023-24,2206,Hermiston SD 8,100,General Fund,3204,Driver Education,6255
2023-24,2206,Hermiston SD 8,100,General Fund,3299,Other Restricted Grants-In-Aid,90896.9
2023-24,2206,Hermiston SD 8,100,General Fund,4801,Federal Forest Fees,9634.33
2023-24,2206,Hermiston SD 8,100,General Fund,5400,Resources - Beginning Fund Balance,14328891.64
2023-24,2206,Hermiston SD 8,100,General Fund,1960,Recovery of Prior Years' Expenditure,6527.1
2023-24,2206,Hermiston SD 8,100,General Fund,1980,Fees Charged to Grants,402333.01
2023-24,2206,Hermiston SD 8,100,General Fund,1990,Miscellaneous,142291.76
2023-24,2206,Hermiston SD 8,100,General Fund,2101,County School Funds,212474.95
2023-24,2206,Hermiston SD 8,100,General Fund,2102,General Education Service District Funds,2846832.57
2023-24,2206,Hermiston SD 8,100,General Fund,2199,Other Intermediate Sources,35121.42
2023-24,2207,Pendleton SD 16,100,General Fund,1311,Tuition from Individuals,500
2023-24,2207,Pendleton SD 16,100,General Fund,1110,Ad valorem taxes levied by district,7203514.34
2023-24,2207,Pendleton SD 16,100,General Fund,1120,Local option ad valorem taxes levied by district,927.34
2023-24,2207,Pendleton SD 16,100,General Fund,1190,Penalties and interest on taxes,1237.65
2023-24,2207,Pendleton SD 16,100,General Fund,1500,Earnings on Investments,764300.33
2023-24,2207,Pendleton SD 16,100,General Fund,1700,Extra-Curricular Activities,97434.22
2023-24,2207,Pendleton SD 16,299,Child Nutrition,5400,Resources - Beginning Fund Balance,986867.67
2023-24,2207,Pendleton SD 16,300,Debt Service Funds,1110,Ad valorem taxes levied by district,3632009.77
2023-24,2207,Pendleton SD 16,300,Debt Service Funds,1500,Earnings on Investments,193564.14
2023-24,2207,Pendleton SD 16,300,Debt Service Funds,1970,Services Provided Other Funds,3176429.02
2023-24,2207,Pendleton SD 16,300,Debt Service Funds,2199,Other Intermediate Sources,11473.93
2023-24,2207,Pendleton SD 16,300,Debt Service Funds,5400,Resources - Beginning Fund Balance,719120.26
2023-24,2207,Pendleton SD 16,299,Child Nutrition,1600,Food Service,28406.9
2023-24,2207,Pendleton SD 16,299,Child Nutrition,1990,Miscellaneous,3844.46
2023-24,2207,Pendleton SD 16,299,Child Nutrition,3102,State School Fund--School Lunch Match,13058.54
2023-24,2207,Pendleton SD 16,299,Child Nutrition,3299,Other Restricted Grants-In-Aid,224031.72
2023-24,2207,Pendleton SD 16,299,Child Nutrition,4500,Restricted Revenue From Federal Government Through the State,1301040.92
2023-24,2207,Pendleton SD 16,299,Child Nutrition,4900,Revenue for/on Behalf of the District,86321.86
2023-24,2207,Pendleton SD 16,250,Non-Federal Sources,5400,Resources - Beginning Fund Balance,613651.29
2023-24,2207,Pendleton SD 16,251,Student Investment Account,3299,Other Restricted Grants-In-Aid,2788623.6
2023-24,2207,Pendleton SD 16,251,Student Investment Account,5400,Resources - Beginning Fund Balance,820148.11
2023-24,2207,Pendleton SD 16,252,Measure 98 - High School Success,3299,Other Restricted Grants-In-Aid,656422.67
2023-24,2207,Pendleton SD 16,252,Measure 98 - High School Success,5400,Resources - Beginning Fund Balance,-170258.8
2023-24,2207,Pendleton SD 16,299,Child Nutrition,1500,Earnings on Investments,48301.16
2023-24,2207,Pendleton SD 16,250,Non-Federal Sources,1500,Earnings on Investments,638.09
2023-24,2207,Pendleton SD 16,250,Non-Federal Sources,1700,Extra-Curricular Activities,675279.2
2023-24,2207,Pendleton SD 16,250,Non-Federal Sources,1920,Contributions and Donations From Private Sources,116572.55
2023-24,2207,Pendleton SD 16,250,Non-Federal Sources,1990,Miscellaneous,97538.11
2023-24,2207,Pendleton SD 16,250,Non-Federal Sources,3299,Other Restricted Grants-In-Aid,990094.98
2023-24,2207,Pendleton SD 16,250,Non-Federal Sources,4500,Restricted Revenue From Federal Government Through the State,130909.29
2023-24,2207,Pendleton SD 16,100,General Fund,4801,Federal Forest Fees,5372.08
2023-24,2207,Pendleton SD 16,100,General Fund,4802,Impact Aid to School Districts for Operation,537959
2023-24,2207,Pendleton SD 16,100,General Fund,5400,Resources - Beginning Fund Balance,12923202.31
2023-24,2207,Pendleton SD 16,201,Federal Sources,4500,Restricted Revenue From Federal Government Through the State,997066.33
2023-24,2207,Pendleton SD 16,201,Federal Sources,4700,Grants-In-Aid From Federal Government Through Other Intermed,316481.82
2023-24,2207,Pendleton SD 16,201,Federal Sources,5400,Resources - Beginning Fund Balance,-220893.75
2023-24,2207,Pendleton SD 16,100,General Fund,3101,State School Fund --General Support,27525278.55
2023-24,2207,Pendleton SD 16,100,General Fund,3103,Common School Fund,372040.04
2023-24,2207,Pendleton SD 16,100,General Fund,3222,State School Fund (SSF) Transportation Equipment,1700004
2023-24,2207,Pendleton SD 16,100,General Fund,3299,Other Restricted Grants-In-Aid,26000.2
2023-24,2207,Pendleton SD 16,100,General Fund,4500,Restricted Revenue From Federal Government Through the State,3116516.5
2023-24,2207,Pendleton SD 16,100,General Fund,4700,Grants-In-Aid From Federal Government Through Other Intermed,7272.25
2023-24,2207,Pendleton SD 16,100,General Fund,1910,Rentals,127377.31
2023-24,2207,Pendleton SD 16,100,General Fund,1920,Contributions and Donations From Private Sources,9211.53
2023-24,2207,Pendleton SD 16,100,General Fund,1990,Miscellaneous,167967.09
2023-24,2207,Pendleton SD 16,100,General Fund,2101,County School Funds,118475.42
2023-24,2207,Pendleton SD 16,100,General Fund,2199,Other Intermediate Sources,22676.49
2023-24,2207,Pendleton SD 16,100,General Fund,2200,Restricted Revenue,131677.38
2023-24,2208,Athena-Weston SD 29RJ,300,Debt Service Funds,1110,Ad valorem taxes levied by district,526925.81
2023-24,2208,Athena-Weston SD 29RJ,300,Debt Service Funds,5400,Resources - Beginning Fund Balance,9808.3
2023-24,2208,Athena-Weston SD 29RJ,400,Capital Projects Funds,5200,Interfund Transfers,100000
2023-24,2208,Athena-Weston SD 29RJ,400,Capital Projects Funds,5400,Resources - Beginning Fund Balance,802430.18
2023-24,2208,Athena-Weston SD 29RJ,299,Child Nutrition,2200,Restricted Revenue,16180.57
2023-24,2208,Athena-Weston SD 29RJ,299,Child Nutrition,3102,State School Fund--School Lunch Match,2350.34
2023-24,2208,Athena-Weston SD 29RJ,299,Child Nutrition,4500,Restricted Revenue From Federal Government Through the State,234960.38
2023-24,2208,Athena-Weston SD 29RJ,299,Child Nutrition,4900,Revenue for/on Behalf of the District,17962.78
2023-24,2208,Athena-Weston SD 29RJ,299,Child Nutrition,5200,Interfund Transfers,50000
2023-24,2208,Athena-Weston SD 29RJ,299,Child Nutrition,5400,Resources - Beginning Fund Balance,33852.58
2023-24,2208,Athena-Weston SD 29RJ,251,Student Investment Account,3299,Other Restricted Grants-In-Aid,620427.81
2023-24,2208,Athena-Weston SD 29RJ,251,Student Investment Account,5400,Resources - Beginning Fund Balance,26130.95
2023-24,2208,Athena-Weston SD 29RJ,252,Measure 98 - High School Success,3299,Other Restricted Grants-In-Aid,128629.98
2023-24,2208,Athena-Weston SD 29RJ,299,Child Nutrition,1500,Earnings on Investments,49.09
2023-24,2208,Athena-Weston SD 29RJ,299,Child Nutrition,1600,Food Service,32071.9
2023-24,2208,Athena-Weston SD 29RJ,299,Child Nutrition,1990,Miscellaneous,599.88
2023-24,2208,Athena-Weston SD 29RJ,250,Non-Federal Sources,1990,Miscellaneous,21373.82
2023-24,2208,Athena-Weston SD 29RJ,250,Non-Federal Sources,2200,Restricted Revenue,17441.83
2023-24,2208,Athena-Weston SD 29RJ,250,Non-Federal Sources,3299,Other Restricted Grants-In-Aid,651685.68
2023-24,2208,Athena-Weston SD 29RJ,250,Non-Federal Sources,4500,Restricted Revenue From Federal Government Through the State,8286
2023-24,2208,Athena-Weston SD 29RJ,250,Non-Federal Sources,5200,Interfund Transfers,190000
2023-24,2208,Athena-Weston SD 29RJ,250,Non-Federal Sources,5400,Resources - Beginning Fund Balance,1278401.4
2023-24,2208,Athena-Weston SD 29RJ,201,Federal Sources,4700,Grants-In-Aid From Federal Government Through Other Intermed,85449.61
2023-24,2208,Athena-Weston SD 29RJ,201,Federal Sources,5400,Resources - Beginning Fund Balance,-647485.04
2023-24,2208,Athena-Weston SD 29RJ,250,Non-Federal Sources,1500,Earnings on Investments,80.16
2023-24,2208,Athena-Weston SD 29RJ,250,Non-Federal Sources,1700,Extra-Curricular Activities,200830.12
2023-24,2208,Athena-Weston SD 29RJ,250,Non-Federal Sources,1910,Rentals,28125
2023-24,2208,Athena-Weston SD 29RJ,250,Non-Federal Sources,1920,Contributions and Donations From Private Sources,50117.65
2023-24,2208,Athena-Weston SD 29RJ,100,General Fund,3101,State School Fund --General Support,5874635.59
2023-24,2208,Athena-Weston SD 29RJ,100,General Fund,3103,Common School Fund,71907.07
2023-24,2208,Athena-Weston SD 29RJ,100,General Fund,4801,Federal Forest Fees,1059.53
2023-24,2208,Athena-Weston SD 29RJ,100,General Fund,4802,Impact Aid to School Districts for Operation,147025
2023-24,2208,Athena-Weston SD 29RJ,100,General Fund,5400,Resources - Beginning Fund Balance,3318584.38
2023-24,2208,Athena-Weston SD 29RJ,201,Federal Sources,4500,Restricted Revenue From Federal Government Through the State,836791.89
2023-24,2208,Athena-Weston SD 29RJ,100,General Fund,1110,Ad valorem taxes levied by district,1636093.53
2023-24,2208,Athena-Weston SD 29RJ,100,General Fund,1500,Earnings on Investments,232292.12
2023-24,2208,Athena-Weston SD 29RJ,100,General Fund,1990,Miscellaneous,132372.85
2023-24,2208,Athena-Weston SD 29RJ,100,General Fund,2101,County School Funds,23366.72
2023-24,2209,Stanfield SD 61,100,General Fund,3199,Other Unrestricted Grants-In-Aid,31829
2023-24,2209,Stanfield SD 61,100,General Fund,1110,Ad valorem taxes levied by district,1660217.8
2023-24,2209,Stanfield SD 61,100,General Fund,1500,Earnings on Investments,261025.45
2023-24,2209,Stanfield SD 61,100,General Fund,1960,Recovery of Prior Years' Expenditure,1693.85
2023-24,2209,Stanfield SD 61,100,General Fund,1990,Miscellaneous,43350.91
2023-24,2209,Stanfield SD 61,100,General Fund,2101,County School Funds,20558.98
2023-24,2209,Stanfield SD 61,400,Capital Projects Funds,1500,Earnings on Investments,40906.54
2023-24,2209,Stanfield SD 61,400,Capital Projects Funds,1990,Miscellaneous,19854.15
2023-24,2209,Stanfield SD 61,400,Capital Projects Funds,5400,Resources - Beginning Fund Balance,228379.43
2023-24,2209,Stanfield SD 61,200,Special Revenue Funds,5400,Resources - Beginning Fund Balance,560608.63
2023-24,2209,Stanfield SD 61,300,Debt Service Funds,1110,Ad valorem taxes levied by district,843212
2023-24,2209,Stanfield SD 61,300,Debt Service Funds,1500,Earnings on Investments,48150.85
2023-24,2209,Stanfield SD 61,300,Debt Service Funds,1970,Services Provided Other Funds,430411.38
2023-24,2209,Stanfield SD 61,300,Debt Service Funds,2800,Revenue in Lieu of Taxes,1942.07
2023-24,2209,Stanfield SD 61,300,Debt Service Funds,5400,Resources - Beginning Fund Balance,57046.44
2023-24,2209,Stanfield SD 61,200,Special Revenue Funds,3102,State School Fund--School Lunch Match,2382.64
2023-24,2209,Stanfield SD 61,200,Special Revenue Funds,3299,Other Restricted Grants-In-Aid,422597.84
2023-24,2209,Stanfield SD 61,200,Special Revenue Funds,4500,Restricted Revenue From Federal Government Through the State,782135.3
2023-24,2209,Stanfield SD 61,200,Special Revenue Funds,4700,Grants-In-Aid From Federal Government Through Other Intermed,91501
2023-24,2209,Stanfield SD 61,200,Special Revenue Funds,4900,Revenue for/on Behalf of the District,17794.82
2023-24,2209,Stanfield SD 61,200,Special Revenue Funds,5200,Interfund Transfers,40000
2023-24,2209,Stanfield SD 61,100,General Fund,4801,Federal Forest Fees,932.21
2023-24,2209,Stanfield SD 61,100,General Fund,5200,Interfund Transfers,43783.6
2023-24,2209,Stanfield SD 61,100,General Fund,5400,Resources - Beginning Fund Balance,4805377
2023-24,2209,Stanfield SD 61,200,Special Revenue Funds,1600,Food Service,2436.15
2023-24,2209,Stanfield SD 61,200,Special Revenue Funds,1700,Extra-Curricular Activities,193074
2023-24,2209,Stanfield SD 61,200,Special Revenue Funds,1990,Miscellaneous,467
2023-24,2209,Stanfield SD 61,100,General Fund,2199,Other Intermediate Sources,214.77
2023-24,2209,Stanfield SD 61,100,General Fund,2800,Revenue in Lieu of Taxes,3748.47
2023-24,2209,Stanfield SD 61,100,General Fund,3101,State School Fund --General Support,5709353.47
2023-24,2209,Stanfield SD 61,100,General Fund,3102,State School Fund--School Lunch Match,-2382.64
2023-24,2209,Stanfield SD 61,100,General Fund,3103,Common School Fund,65624.09
2023-24,2209,Stanfield SD 61,100,General Fund,3299,Other Restricted Grants-In-Aid,37413
2023-24,2210,Ukiah SD 80R,100,General Fund,1110,Ad valorem taxes levied by district,108125.67
2023-24,2210,Ukiah SD 80R,100,General Fund,1500,Earnings on Investments,45803.76
2023-24,2210,Ukiah SD 80R,100,General Fund,1910,Rentals,5760
2023-24,2210,Ukiah SD 80R,100,General Fund,1920,Contributions and Donations From Private Sources,225
2023-24,2210,Ukiah SD 80R,100,General Fund,1990,Miscellaneous,26111.78
2023-24,2210,Ukiah SD 80R,100,General Fund,2101,County School Funds,914.34
2023-24,2210,Ukiah SD 80R,400,Capital Projects Funds,3299,Other Restricted Grants-In-Aid,49500
2023-24,2210,Ukiah SD 80R,400,Capital Projects Funds,5200,Interfund Transfers,55000
2023-24,2210,Ukiah SD 80R,400,Capital Projects Funds,5300,Sale of or Compensation for Loss of Fixed Assets,9156.12
2023-24,2210,Ukiah SD 80R,400,Capital Projects Funds,5400,Resources - Beginning Fund Balance,315442.04
2023-24,2210,Ukiah SD 80R,100,General Fund,2199,Other Intermediate Sources,339.52
2023-24,2210,Ukiah SD 80R,250,Non-Federal Sources,5200,Interfund Transfers,27031.48
2023-24,2210,Ukiah SD 80R,250,Non-Federal Sources,5400,Resources - Beginning Fund Balance,149520.54
2023-24,2210,Ukiah SD 80R,251,Student Investment Account,1990,Miscellaneous,248.39
2023-24,2210,Ukiah SD 80R,251,Student Investment Account,3299,Other Restricted Grants-In-Aid,81345.61
2023-24,2210,Ukiah SD 80R,251,Student Investment Account,5400,Resources - Beginning Fund Balance,41378.33
2023-24,2210,Ukiah SD 80R,252,Measure 98 - High School Success,3299,Other Restricted Grants-In-Aid,20077.16
2023-24,2210,Ukiah SD 80R,250,Non-Federal Sources,1500,Earnings on Investments,673.19
2023-24,2210,Ukiah SD 80R,250,Non-Federal Sources,1700,Extra-Curricular Activities,1127.01
2023-24,2210,Ukiah SD 80R,250,Non-Federal Sources,1920,Contributions and Donations From Private Sources,7139
2023-24,2210,Ukiah SD 80R,250,Non-Federal Sources,1990,Miscellaneous,1164
2023-24,2210,Ukiah SD 80R,250,Non-Federal Sources,2200,Restricted Revenue,1053
2023-24,2210,Ukiah SD 80R,250,Non-Federal Sources,4500,Restricted Revenue From Federal Government Through the State,10000
2023-24,2210,Ukiah SD 80R,201,Federal Sources,1920,Contributions and Donations From Private Sources,3500
2023-24,2210,Ukiah SD 80R,201,Federal Sources,1990,Miscellaneous,450
2023-24,2210,Ukiah SD 80R,201,Federal Sources,3299,Other Restricted Grants-In-Aid,41690.33
2023-24,2210,Ukiah SD 80R,201,Federal Sources,5200,Interfund Transfers,1990
2023-24,2210,Ukiah SD 80R,201,Federal Sources,5400,Resources - Beginning Fund Balance,5876.05
2023-24,2210,Ukiah SD 80R,250,Non-Federal Sources,1200,Revenue From Local Governmental Units Other Than Districts,38829.55
2023-24,2210,Ukiah SD 80R,100,General Fund,3101,State School Fund --General Support,1067117.74
2023-24,2210,Ukiah SD 80R,100,General Fund,3103,Common School Fund,3100.92
2023-24,2210,Ukiah SD 80R,100,General Fund,3299,Other Restricted Grants-In-Aid,1086.36
2023-24,2210,Ukiah SD 80R,100,General Fund,4500,Restricted Revenue From Federal Government Through the State,1520
2023-24,2210,Ukiah SD 80R,100,General Fund,4801,Federal Forest Fees,41.46
2023-24,2210,Ukiah SD 80R,100,General Fund,5400,Resources - Beginning Fund Balance,745139.75
2023-24,2212,La Grande SD 1,100,General Fund,1110,Ad valorem taxes levied by district,6593586.33
2023-24,2212,La Grande SD 1,100,General Fund,1190,Penalties and interest on taxes,8024.06
2023-24,2212,La Grande SD 1,100,General Fund,1500,Earnings on Investments,477576.96
2023-24,2212,La Grande SD 1,100,General Fund,1910,Rentals,9180
2023-24,2212,La Grande SD 1,100,General Fund,1920,Contributions and Donations From Private Sources,500
2023-24,2212,La Grande SD 1,100,General Fund,1940,Services Provided Other Local Education Agencies,27232.45
2023-24,2212,La Grande SD 1,250,Non-Federal Sources,1990,Miscellaneous,932506.26
2023-24,2212,La Grande SD 1,700,Trust and Agency Funds,1920,Contributions and Donations From Private Sources,11332.78
2023-24,2212,La Grande SD 1,700,Trust and Agency Funds,1990,Miscellaneous,20719.6
2023-24,2212,La Grande SD 1,400,Capital Projects Funds,1920,Contributions and Donations From Private Sources,39829
2023-24,2212,La Grande SD 1,400,Capital Projects Funds,1960,Recovery of Prior Years' Expenditure,722.72
2023-24,2212,La Grande SD 1,400,Capital Projects Funds,1990,Miscellaneous,46842.26
2023-24,2212,La Grande SD 1,400,Capital Projects Funds,3299,Other Restricted Grants-In-Aid,3397191.36
2023-24,2212,La Grande SD 1,400,Capital Projects Funds,5200,Interfund Transfers,3250000
2023-24,2212,La Grande SD 1,400,Capital Projects Funds,5400,Resources - Beginning Fund Balance,9130979.02
2023-24,2212,La Grande SD 1,300,Debt Service Funds,2199,Other Intermediate Sources,2791.86
2023-24,2212,La Grande SD 1,300,Debt Service Funds,3199,Other Unrestricted Grants-In-Aid,1231.04
2023-24,2212,La Grande SD 1,300,Debt Service Funds,5200,Interfund Transfers,70588.24
2023-24,2212,La Grande SD 1,300,Debt Service Funds,5400,Resources - Beginning Fund Balance,2192168.33
2023-24,2212,La Grande SD 1,400,Capital Projects Funds,1500,Earnings on Investments,469449.48
2023-24,2212,La Grande SD 1,400,Capital Projects Funds,1910,Rentals,53438.5
2023-24,2212,La Grande SD 1,299,Child Nutrition,4900,Revenue for/on Behalf of the District,75860.84
2023-24,2212,La Grande SD 1,299,Child Nutrition,5400,Resources - Beginning Fund Balance,431594.71
2023-24,2212,La Grande SD 1,300,Debt Service Funds,1110,Ad valorem taxes levied by district,2601173
2023-24,2212,La Grande SD 1,300,Debt Service Funds,1190,Penalties and interest on taxes,1691.68
2023-24,2212,La Grande SD 1,300,Debt Service Funds,1500,Earnings on Investments,126048
2023-24,2212,La Grande SD 1,300,Debt Service Funds,1970,Services Provided Other Funds,2275416.9
2023-24,2212,La Grande SD 1,252,Measure 98 - High School Success,3299,Other Restricted Grants-In-Aid,530709.99
2023-24,2212,La Grande SD 1,299,Child Nutrition,1500,Earnings on Investments,16758.94
2023-24,2212,La Grande SD 1,299,Child Nutrition,1600,Food Service,4138.82
2023-24,2212,La Grande SD 1,299,Child Nutrition,3102,State School Fund--School Lunch Match,10125.61
2023-24,2212,La Grande SD 1,299,Child Nutrition,3299,Other Restricted Grants-In-Aid,258965.5
2023-24,2212,La Grande SD 1,299,Child Nutrition,4500,Restricted Revenue From Federal Government Through the State,991586.5
2023-24,2212,La Grande SD 1,250,Non-Federal Sources,3299,Other Restricted Grants-In-Aid,500392.95
2023-24,2212,La Grande SD 1,250,Non-Federal Sources,4202,Medicaid Reimbursement for Eligible K-12 Expenses (Ages Five to Twenty-One),146421.51
2023-24,2212,La Grande SD 1,250,Non-Federal Sources,4500,Restricted Revenue From Federal Government Through the State,135946.36
2023-24,2212,La Grande SD 1,250,Non-Federal Sources,5200,Interfund Transfers,699693.43
2023-24,2212,La Grande SD 1,250,Non-Federal Sources,5400,Resources - Beginning Fund Balance,1131212.65
2023-24,2212,La Grande SD 1,251,Student Investment Account,3299,Other Restricted Grants-In-Aid,2089401.77
2023-24,2212,La Grande SD 1,201,Federal Sources,4500,Restricted Revenue From Federal Government Through the State,4914022.75
2023-24,2212,La Grande SD 1,201,Federal Sources,5300,Sale of or Compensation for Loss of Fixed Assets,4500
2023-24,2212,La Grande SD 1,250,Non-Federal Sources,1500,Earnings on Investments,22269.57
2023-24,2212,La Grande SD 1,250,Non-Federal Sources,1700,Extra-Curricular Activities,112276.87
2023-24,2212,La Grande SD 1,250,Non-Federal Sources,1910,Rentals,4782.75
2023-24,2212,La Grande SD 1,250,Non-Federal Sources,1920,Contributions and Donations From Private Sources,5726.22
2023-24,2212,La Grande SD 1,100,General Fund,3101,State School Fund --General Support,19187570.83
2023-24,2212,La Grande SD 1,100,General Fund,3103,Common School Fund,288818.32
2023-24,2212,La Grande SD 1,100,General Fund,3199,Other Unrestricted Grants-In-Aid,3121.61
2023-24,2212,La Grande SD 1,100,General Fund,3299,Other Restricted Grants-In-Aid,109906.97
2023-24,2212,La Grande SD 1,100,General Fund,4801,Federal Forest Fees,96846.52
2023-24,2212,La Grande SD 1,100,General Fund,5400,Resources - Beginning Fund Balance,6968113.6
2023-24,2212,La Grande SD 1,100,General Fund,1950,Textbook Sales and Rentals,833.94
2023-24,2212,La Grande SD 1,100,General Fund,1960,Recovery of Prior Years' Expenditure,24.5
2023-24,2212,La Grande SD 1,100,General Fund,1980,Fees Charged to Grants,25281.06
2023-24,2212,La Grande SD 1,100,General Fund,1990,Miscellaneous,83755.09
2023-24,2212,La Grande SD 1,100,General Fund,2101,County School Funds,88376.11
2023-24,2212,La Grande SD 1,100,General Fund,2199,Other Intermediate Sources,7079.45
2023-24,2213,Union SD 5,400,Capital Projects Funds,1500,Earnings on Investments,7467.35
2023-24,2213,Union SD 5,100,General Fund,1940,Services Provided Other Local Education Agencies,76883.46
2023-24,2213,Union SD 5,250,Non-Federal Sources,5200,Interfund Transfers,21126
2023-24,2213,Union SD 5,250,Non-Federal Sources,3299,Other Restricted Grants-In-Aid,10284.56
2023-24,2213,Union SD 5,300,Debt Service Funds,1990,Miscellaneous,120.52
2023-24,2213,Union SD 5,299,Child Nutrition,5200,Interfund Transfers,38234.22
2023-24,2213,Union SD 5,300,Debt Service Funds,1110,Ad valorem taxes levied by district,225947.84
2023-24,2213,Union SD 5,300,Debt Service Funds,1500,Earnings on Investments,1525.98
2023-24,2213,Union SD 5,300,Debt Service Funds,1970,Services Provided Other Funds,208008
2023-24,2213,Union SD 5,201,Federal Sources,4500,Restricted Revenue From Federal Government Through the State,58944.86
2023-24,2213,Union SD 5,250,Non-Federal Sources,1700,Extra-Curricular Activities,155053
2023-24,2213,Union SD 5,250,Non-Federal Sources,1920,Contributions and Donations From Private Sources,21408.16
2023-24,2213,Union SD 5,250,Non-Federal Sources,5400,Resources - Beginning Fund Balance,117760.35
2023-24,2213,Union SD 5,299,Child Nutrition,1600,Food Service,2815.05
2023-24,2213,Union SD 5,100,General Fund,4300,Restricted Revenue Direct From the Federal Government,10000
2023-24,2213,Union SD 5,100,General Fund,1110,Ad valorem taxes levied by district,1332332.46
2023-24,2213,Union SD 5,100,General Fund,1500,Earnings on Investments,207646.97
2023-24,2213,Union SD 5,100,General Fund,1700,Extra-Curricular Activities,21158
2023-24,2213,Union SD 5,200,Special Revenue Funds,4500,Restricted Revenue From Federal Government Through the State,156268
2023-24,2213,Union SD 5,201,Federal Sources,4200,Unrestricted Revenue From Federal Government Through State,49470
2023-24,2213,Union SD 5,201,Federal Sources,4300,Restricted Revenue Direct From the Federal Government,100559.36
2023-24,2213,Union SD 5,299,Child Nutrition,3299,Other Restricted Grants-In-Aid,33091
2023-24,2213,Union SD 5,299,Child Nutrition,4900,Revenue for/on Behalf of the District,12212
2023-24,2213,Union SD 5,299,Child Nutrition,5400,Resources - Beginning Fund Balance,4586.71
2023-24,2213,Union SD 5,300,Debt Service Funds,5400,Resources - Beginning Fund Balance,10510.75
2023-24,2213,Union SD 5,400,Capital Projects Funds,5400,Resources - Beginning Fund Balance,104698.38
2023-24,2213,Union SD 5,299,Child Nutrition,4100,Unrestricted Revenue Direct From the Federal Government,130849.85
2023-24,2213,Union SD 5,200,Special Revenue Funds,5400,Resources - Beginning Fund Balance,29918.83
2023-24,2213,Union SD 5,201,Federal Sources,5400,Resources - Beginning Fund Balance,80195.18
2023-24,2213,Union SD 5,251,Student Investment Account,3299,Other Restricted Grants-In-Aid,425820.02
2023-24,2213,Union SD 5,251,Student Investment Account,5400,Resources - Beginning Fund Balance,116864.55
2023-24,2213,Union SD 5,252,Measure 98 - High School Success,3299,Other Restricted Grants-In-Aid,113616.52
2023-24,2213,Union SD 5,252,Measure 98 - High School Success,5400,Resources - Beginning Fund Balance,20531.66
2023-24,2213,Union SD 5,100,General Fund,2101,County School Funds,15943.04
2023-24,2213,Union SD 5,100,General Fund,3101,State School Fund --General Support,4000822.62
2023-24,2213,Union SD 5,100,General Fund,3103,Common School Fund,52636.06
2023-24,2213,Union SD 5,100,General Fund,3299,Other Restricted Grants-In-Aid,60455.94
2023-24,2213,Union SD 5,100,General Fund,4801,Federal Forest Fees,17471.1
2023-24,2213,Union SD 5,100,General Fund,5400,Resources - Beginning Fund Balance,3226217.71
2023-24,2213,Union SD 5,100,General Fund,1990,Miscellaneous,87245.58
2023-24,2214,North Powder SD 8J,100,General Fund,1110,Ad valorem taxes levied by district,535138.44
2023-24,2214,North Powder SD 8J,100,General Fund,1500,Earnings on Investments,90214.34
2023-24,2214,North Powder SD 8J,100,General Fund,1940,Services Provided Other Local Education Agencies,3177.19
2023-24,2214,North Powder SD 8J,100,General Fund,1990,Miscellaneous,35885.55
2023-24,2214,North Powder SD 8J,100,General Fund,2101,County School Funds,7362.57
2023-24,2214,North Powder SD 8J,100,General Fund,3101,State School Fund --General Support,4038936.18
2023-24,2214,North Powder SD 8J,400,Capital Projects Funds,5200,Interfund Transfers,15419.32
2023-24,2214,North Powder SD 8J,400,Capital Projects Funds,5400,Resources - Beginning Fund Balance,-11760.52
2023-24,2214,North Powder SD 8J,100,General Fund,2199,Other Intermediate Sources,412.44
2023-24,2214,North Powder SD 8J,300,Debt Service Funds,1500,Earnings on Investments,94.53
2023-24,2214,North Powder SD 8J,300,Debt Service Funds,2800,Revenue in Lieu of Taxes,156.02
2023-24,2214,North Powder SD 8J,300,Debt Service Funds,5400,Resources - Beginning Fund Balance,18170.41
2023-24,2214,North Powder SD 8J,400,Capital Projects Funds,1920,Contributions and Donations From Private Sources,6000
2023-24,2214,North Powder SD 8J,400,Capital Projects Funds,1990,Miscellaneous,28304
2023-24,2214,North Powder SD 8J,400,Capital Projects Funds,3299,Other Restricted Grants-In-Aid,7250
2023-24,2214,North Powder SD 8J,299,Child Nutrition,3299,Other Restricted Grants-In-Aid,13813.66
2023-24,2214,North Powder SD 8J,299,Child Nutrition,4500,Restricted Revenue From Federal Government Through the State,80226.09
2023-24,2214,North Powder SD 8J,299,Child Nutrition,4900,Revenue for/on Behalf of the District,10110.41
2023-24,2214,North Powder SD 8J,299,Child Nutrition,5200,Interfund Transfers,145000
2023-24,2214,North Powder SD 8J,299,Child Nutrition,5400,Resources - Beginning Fund Balance,3307.69
2023-24,2214,North Powder SD 8J,300,Debt Service Funds,1110,Ad valorem taxes levied by district,201518.13
2023-24,2214,North Powder SD 8J,252,Measure 98 - High School Success,1990,Miscellaneous,13710.53
2023-24,2214,North Powder SD 8J,252,Measure 98 - High School Success,3299,Other Restricted Grants-In-Aid,106834.75
2023-24,2214,North Powder SD 8J,252,Measure 98 - High School Success,5200,Interfund Transfers,5225
2023-24,2214,North Powder SD 8J,252,Measure 98 - High School Success,5400,Resources - Beginning Fund Balance,190749.27
2023-24,2214,North Powder SD 8J,299,Child Nutrition,1600,Food Service,1266.55
2023-24,2214,North Powder SD 8J,299,Child Nutrition,1990,Miscellaneous,76.88
2023-24,2214,North Powder SD 8J,201,Federal Sources,5400,Resources - Beginning Fund Balance,-235525.09
2023-24,2214,North Powder SD 8J,251,Student Investment Account,3299,Other Restricted Grants-In-Aid,365375.77
2023-24,2214,North Powder SD 8J,251,Student Investment Account,5400,Resources - Beginning Fund Balance,-0.01
2023-24,2214,North Powder SD 8J,252,Measure 98 - High School Success,1500,Earnings on Investments,24.15
2023-24,2214,North Powder SD 8J,252,Measure 98 - High School Success,1700,Extra-Curricular Activities,135384
2023-24,2214,North Powder SD 8J,252,Measure 98 - High School Success,1920,Contributions and Donations From Private Sources,64648.01
2023-24,2214,North Powder SD 8J,201,Federal Sources,1920,Contributions and Donations From Private Sources,3425
2023-24,2214,North Powder SD 8J,201,Federal Sources,3299,Other Restricted Grants-In-Aid,35668.75
2023-24,2214,North Powder SD 8J,201,Federal Sources,4300,Restricted Revenue Direct From the Federal Government,13816.77
2023-24,2214,North Powder SD 8J,201,Federal Sources,4500,Restricted Revenue From Federal Government Through the State,512647.44
2023-24,2214,North Powder SD 8J,201,Federal Sources,4900,Revenue for/on Behalf of the District,60882.11
2023-24,2214,North Powder SD 8J,201,Federal Sources,5200,Interfund Transfers,19355.68
2023-24,2214,North Powder SD 8J,100,General Fund,3103,Common School Fund,36644.8
2023-24,2214,North Powder SD 8J,100,General Fund,3299,Other Restricted Grants-In-Aid,20119.32
2023-24,2214,North Powder SD 8J,100,General Fund,4500,Restricted Revenue From Federal Government Through the State,21646
2023-24,2214,North Powder SD 8J,100,General Fund,4801,Federal Forest Fees,17093.83
2023-24,2214,North Powder SD 8J,100,General Fund,5200,Interfund Transfers,10764
2023-24,2214,North Powder SD 8J,100,General Fund,5400,Resources - Beginning Fund Balance,1342224.57
2023-24,2215,Imbler SD 11,100,General Fund,1110,Ad valorem taxes levied by district,686689.12
2023-24,2215,Imbler SD 11,100,General Fund,1500,Earnings on Investments,192219.14
2023-24,2215,Imbler SD 11,100,General Fund,1990,Miscellaneous,42561.68
2023-24,2215,Imbler SD 11,100,General Fund,2101,County School Funds,12598.57
2023-24,2215,Imbler SD 11,100,General Fund,3101,State School Fund --General Support,4230566.39
2023-24,2215,Imbler SD 11,100,General Fund,3103,Common School Fund,41618.22
2023-24,2215,Imbler SD 11,299,Child Nutrition,5200,Interfund Transfers,65000.05
2023-24,2215,Imbler SD 11,299,Child Nutrition,5400,Resources - Beginning Fund Balance,46317.11
2023-24,2215,Imbler SD 11,300,Debt Service Funds,1110,Ad valorem taxes levied by district,201557.95
2023-24,2215,Imbler SD 11,300,Debt Service Funds,1500,Earnings on Investments,129801.12
2023-24,2215,Imbler SD 11,300,Debt Service Funds,4900,Revenue for/on Behalf of the District,102112.19
2023-24,2215,Imbler SD 11,300,Debt Service Funds,5400,Resources - Beginning Fund Balance,2524106.83
2023-24,2215,Imbler SD 11,299,Child Nutrition,1600,Food Service,65024.25
2023-24,2215,Imbler SD 11,299,Child Nutrition,1990,Miscellaneous,476
2023-24,2215,Imbler SD 11,299,Child Nutrition,3102,State School Fund--School Lunch Match,-0.05
2023-24,2215,Imbler SD 11,299,Child Nutrition,3299,Other Restricted Grants-In-Aid,21748.63
2023-24,2215,Imbler SD 11,299,Child Nutrition,4500,Restricted Revenue From Federal Government Through the State,59692.63
2023-24,2215,Imbler SD 11,299,Child Nutrition,4900,Revenue for/on Behalf of the District,9868.4
2023-24,2215,Imbler SD 11,250,Non-Federal Sources,3299,Other Restricted Grants-In-Aid,75902.76
2023-24,2215,Imbler SD 11,250,Non-Federal Sources,4500,Restricted Revenue From Federal Government Through the State,10000
2023-24,2215,Imbler SD 11,250,Non-Federal Sources,5200,Interfund Transfers,112540.08
2023-24,2215,Imbler SD 11,250,Non-Federal Sources,5400,Resources - Beginning Fund Balance,421983.42
2023-24,2215,Imbler SD 11,251,Student Investment Account,3299,Other Restricted Grants-In-Aid,371382.1
2023-24,2215,Imbler SD 11,252,Measure 98 - High School Success,3299,Other Restricted Grants-In-Aid,104117.07
2023-24,2215,Imbler SD 11,100,General Fund,4801,Federal Forest Fees,13806.07
2023-24,2215,Imbler SD 11,100,General Fund,5200,Interfund Transfers,445000
2023-24,2215,Imbler SD 11,100,General Fund,5400,Resources - Beginning Fund Balance,3376354.78
2023-24,2215,Imbler SD 11,201,Federal Sources,4500,Restricted Revenue From Federal Government Through the State,352691.03
2023-24,2215,Imbler SD 11,250,Non-Federal Sources,1700,Extra-Curricular Activities,395098.37
2023-24,2215,Imbler SD 11,250,Non-Federal Sources,3222,State School Fund (SSF) Transportation Equipment,58788
2023-24,2216,Cove SD 15,300,Debt Service Funds,1110,Ad valorem taxes levied by district,1.26
2023-24,2216,Cove SD 15,300,Debt Service Funds,5400,Resources - Beginning Fund Balance,957.08
2023-24,2216,Cove SD 15,200,Special Revenue Funds,3222,State School Fund (SSF) Transportation Equipment,90000
2023-24,2216,Cove SD 15,200,Special Revenue Funds,3299,Other Restricted Grants-In-Aid,543812.03
2023-24,2216,Cove SD 15,200,Special Revenue Funds,4500,Restricted Revenue From Federal Government Through the State,236908.33
2023-24,2216,Cove SD 15,200,Special Revenue Funds,4900,Revenue for/on Behalf of the District,17490.07
2023-24,2216,Cove SD 15,200,Special Revenue Funds,5200,Interfund Transfers,146029
2023-24,2216,Cove SD 15,200,Special Revenue Funds,5400,Resources - Beginning Fund Balance,62496.92
2023-24,2216,Cove SD 15,100,General Fund,4801,Federal Forest Fees,13500
2023-24,2216,Cove SD 15,100,General Fund,5200,Interfund Transfers,2860693.02
2023-24,2216,Cove SD 15,100,General Fund,5400,Resources - Beginning Fund Balance,3410090.41
2023-24,2216,Cove SD 15,200,Special Revenue Funds,1600,Food Service,49692.35
2023-24,2216,Cove SD 15,200,Special Revenue Funds,1700,Extra-Curricular Activities,126813.48
2023-24,2216,Cove SD 15,200,Special Revenue Funds,1990,Miscellaneous,1808.83
2023-24,2216,Cove SD 15,100,General Fund,1990,Miscellaneous,255539.54
2023-24,2216,Cove SD 15,100,General Fund,2101,County School Funds,12319.33
2023-24,2216,Cove SD 15,100,General Fund,3101,State School Fund --General Support,4154577.06
2023-24,2216,Cove SD 15,100,General Fund,3103,Common School Fund,42934.27
2023-24,2216,Cove SD 15,100,General Fund,3299,Other Restricted Grants-In-Aid,59363.87
2023-24,2216,Cove SD 15,100,General Fund,4500,Restricted Revenue From Federal Government Through the State,12067.62
2023-24,2216,Cove SD 15,100,General Fund,1110,Ad valorem taxes levied by district,876874.18
2023-24,2216,Cove SD 15,100,General Fund,1500,Earnings on Investments,215866.58
2023-24,2217,Elgin SD 23,201,Federal Sources,1311,Tuition from Individuals,11600
2023-24,2217,Elgin SD 23,100,General Fund,1110,Ad valorem taxes levied by district,1052138.38
2023-24,2217,Elgin SD 23,100,General Fund,1500,Earnings on Investments,91180.69
2023-24,2217,Elgin SD 23,100,General Fund,1700,Extra-Curricular Activities,15325.15
2023-24,2217,Elgin SD 23,100,General Fund,1990,Miscellaneous,68113.51
2023-24,2217,Elgin SD 23,100,General Fund,2101,County School Funds,16660.84
2023-24,2217,Elgin SD 23,100,General Fund,2199,Other Intermediate Sources,1120.14
2023-24,2217,Elgin SD 23,299,Child Nutrition,1990,Miscellaneous,2642.21
2023-24,2217,Elgin SD 23,299,Child Nutrition,3299,Other Restricted Grants-In-Aid,86034.82
2023-24,2217,Elgin SD 23,299,Child Nutrition,4500,Restricted Revenue From Federal Government Through the State,296439.13
2023-24,2217,Elgin SD 23,299,Child Nutrition,4900,Revenue for/on Behalf of the District,9939.77
2023-24,2217,Elgin SD 23,299,Child Nutrition,5200,Interfund Transfers,30000
2023-24,2217,Elgin SD 23,299,Child Nutrition,5400,Resources - Beginning Fund Balance,2572.88
2023-24,2217,Elgin SD 23,250,Non-Federal Sources,5200,Interfund Transfers,200234
2023-24,2217,Elgin SD 23,250,Non-Federal Sources,5400,Resources - Beginning Fund Balance,-69994.77
2023-24,2217,Elgin SD 23,251,Student Investment Account,3299,Other Restricted Grants-In-Aid,452156.15
2023-24,2217,Elgin SD 23,251,Student Investment Account,5400,Resources - Beginning Fund Balance,72447.13
2023-24,2217,Elgin SD 23,252,Measure 98 - High School Success,3299,Other Restricted Grants-In-Aid,111219.73
2023-24,2217,Elgin SD 23,252,Measure 98 - High School Success,5400,Resources - Beginning Fund Balance,-3720.15
2023-24,2217,Elgin SD 23,201,Federal Sources,4500,Restricted Revenue From Federal Government Through the State,665311.98
2023-24,2217,Elgin SD 23,201,Federal Sources,5200,Interfund Transfers,18127.52
2023-24,2217,Elgin SD 23,201,Federal Sources,5400,Resources - Beginning Fund Balance,-92416.17
2023-24,2217,Elgin SD 23,250,Non-Federal Sources,1700,Extra-Curricular Activities,242183
2023-24,2217,Elgin SD 23,250,Non-Federal Sources,3299,Other Restricted Grants-In-Aid,170300.56
2023-24,2217,Elgin SD 23,250,Non-Federal Sources,4500,Restricted Revenue From Federal Government Through the State,10000
2023-24,2217,Elgin SD 23,100,General Fund,3101,State School Fund --General Support,4420030
2023-24,2217,Elgin SD 23,100,General Fund,3103,Common School Fund,55844.99
2023-24,2217,Elgin SD 23,100,General Fund,3299,Other Restricted Grants-In-Aid,29657.49
2023-24,2217,Elgin SD 23,100,General Fund,4801,Federal Forest Fees,18257.69
2023-24,2217,Elgin SD 23,100,General Fund,5400,Resources - Beginning Fund Balance,1713121.54
2023-24,2217,Elgin SD 23,201,Federal Sources,4200,Unrestricted Revenue From Federal Government Through State,180210.65
2023-24,2218,Region 18 ESD,100,General Fund,1110,Ad valorem taxes levied by district,3752109.87
2023-24,2218,Region 18 ESD,100,General Fund,1500,Earnings on Investments,123429.71
2023-24,2218,Region 18 ESD,100,General Fund,1910,Rentals,18450
2023-24,2218,Region 18 ESD,100,General Fund,1940,Services Provided Other Local Education Agencies,50595
2023-24,2218,Region 18 ESD,100,General Fund,1990,Miscellaneous,30790.18
2023-24,2218,Region 18 ESD,100,General Fund,3800,Revenue in Lieu of Taxes,6544.28
2023-24,2218,Region 18 ESD,250,Non-Federal Sources,5400,Resources - Beginning Fund Balance,281765.99
2023-24,2218,Region 18 ESD,251,Student Investment Account,3900,Revenue for/on Behalf of the District,215265.91
2023-24,2218,Region 18 ESD,500,Enterprise Funds,1990,Miscellaneous,289472.09
2023-24,2218,Region 18 ESD,500,Enterprise Funds,5200,Interfund Transfers,370000
2023-24,2218,Region 18 ESD,500,Enterprise Funds,5400,Resources - Beginning Fund Balance,87460.03
2023-24,2218,Region 18 ESD,250,Non-Federal Sources,1500,Earnings on Investments,8321.24
2023-24,2218,Region 18 ESD,250,Non-Federal Sources,1940,Services Provided Other Local Education Agencies,1028791.33
2023-24,2218,Region 18 ESD,250,Non-Federal Sources,1980,Fees Charged to Grants,17158.56
2023-24,2218,Region 18 ESD,250,Non-Federal Sources,1990,Miscellaneous,524686.47
2023-24,2218,Region 18 ESD,250,Non-Federal Sources,3299,Other Restricted Grants-In-Aid,645100.78
2023-24,2218,Region 18 ESD,250,Non-Federal Sources,5200,Interfund Transfers,35474.66
2023-24,2218,Region 18 ESD,100,General Fund,3900,Revenue for/on Behalf of the District,500
2023-24,2218,Region 18 ESD,100,General Fund,5100,Long Term Debt Financing Sources,181236.83
2023-24,2218,Region 18 ESD,100,General Fund,5400,Resources - Beginning Fund Balance,1504094.14
2023-24,2218,Region 18 ESD,201,Federal Sources,4200,Unrestricted Revenue From Federal Government Through State,93285.82
2023-24,2218,Region 18 ESD,201,Federal Sources,4500,Restricted Revenue From Federal Government Through the State,753274.8
2023-24,2218,Region 18 ESD,201,Federal Sources,5400,Resources - Beginning Fund Balance,15458.91
2023-24,2219,Joseph SD 6,100,General Fund,1110,Ad valorem taxes levied by district,650285.84
2023-24,2219,Joseph SD 6,100,General Fund,1500,Earnings on Investments,474100.29
2023-24,2219,Joseph SD 6,100,General Fund,1700,Extra-Curricular Activities,7229
2023-24,2219,Joseph SD 6,100,General Fund,1990,Miscellaneous,48161.45
2023-24,2219,Joseph SD 6,100,General Fund,2103,Excess ESD Local Revenue,733588.55
2023-24,2219,Joseph SD 6,100,General Fund,3101,State School Fund --General Support,3937316.29
2023-24,2219,Joseph SD 6,400,Capital Projects Funds,5200,Interfund Transfers,1900000
2023-24,2219,Joseph SD 6,400,Capital Projects Funds,5400,Resources - Beginning Fund Balance,988429.91
2023-24,2219,Joseph SD 6,299,Child Nutrition,4500,Restricted Revenue From Federal Government Through the State,136301.74
2023-24,2219,Joseph SD 6,299,Child Nutrition,4900,Revenue for/on Behalf of the District,6980.26
2023-24,2219,Joseph SD 6,299,Child Nutrition,5200,Interfund Transfers,45000
2023-24,2219,Joseph SD 6,299,Child Nutrition,5400,Resources - Beginning Fund Balance,18128.88
2023-24,2219,Joseph SD 6,300,Debt Service Funds,5400,Resources - Beginning Fund Balance,927290.37
2023-24,2219,Joseph SD 6,400,Capital Projects Funds,3299,Other Restricted Grants-In-Aid,219762
2023-24,2219,Joseph SD 6,251,Student Investment Account,5400,Resources - Beginning Fund Balance,13398.39
2023-24,2219,Joseph SD 6,252,Measure 98 - High School Success,3199,Other Unrestricted Grants-In-Aid,124896.76
2023-24,2219,Joseph SD 6,299,Child Nutrition,1600,Food Service,35814
2023-24,2219,Joseph SD 6,299,Child Nutrition,3102,State School Fund--School Lunch Match,1246.45
2023-24,2219,Joseph SD 6,299,Child Nutrition,3199,Other Unrestricted Grants-In-Aid,304
2023-24,2219,Joseph SD 6,299,Child Nutrition,3299,Other Restricted Grants-In-Aid,3196
2023-24,2219,Joseph SD 6,250,Non-Federal Sources,1990,Miscellaneous,15067.16
2023-24,2219,Joseph SD 6,250,Non-Federal Sources,3199,Other Unrestricted Grants-In-Aid,11037.26
2023-24,2219,Joseph SD 6,250,Non-Federal Sources,3299,Other Restricted Grants-In-Aid,42478.7
2023-24,2219,Joseph SD 6,250,Non-Federal Sources,5200,Interfund Transfers,16445.35
2023-24,2219,Joseph SD 6,250,Non-Federal Sources,5400,Resources - Beginning Fund Balance,1307012.73
2023-24,2219,Joseph SD 6,251,Student Investment Account,3199,Other Unrestricted Grants-In-Aid,376084.07
2023-24,2219,Joseph SD 6,100,General Fund,3103,Common School Fund,38482.38
2023-24,2219,Joseph SD 6,100,General Fund,3800,Revenue in Lieu of Taxes,1558.45
2023-24,2219,Joseph SD 6,100,General Fund,4801,Federal Forest Fees,221427.1
2023-24,2219,Joseph SD 6,100,General Fund,5400,Resources - Beginning Fund Balance,5486942.95
2023-24,2219,Joseph SD 6,201,Federal Sources,4500,Restricted Revenue From Federal Government Through the State,180180.26
2023-24,2219,Joseph SD 6,250,Non-Federal Sources,1700,Extra-Curricular Activities,153309
2023-24,2220,Wallowa SD 12,100,General Fund,1110,Ad valorem taxes levied by district,295822.24
2023-24,2220,Wallowa SD 12,100,General Fund,1500,Earnings on Investments,134188.87
2023-24,2220,Wallowa SD 12,100,General Fund,1700,Extra-Curricular Activities,8110.88
2023-24,2220,Wallowa SD 12,100,General Fund,1910,Rentals,600
2023-24,2220,Wallowa SD 12,100,General Fund,1990,Miscellaneous,26369.87
2023-24,2220,Wallowa SD 12,100,General Fund,2103,Excess ESD Local Revenue,515371.37
2023-24,2220,Wallowa SD 12,300,Debt Service Funds,5200,Interfund Transfers,27000
2023-24,2220,Wallowa SD 12,400,Capital Projects Funds,1500,Earnings on Investments,192173.47
2023-24,2220,Wallowa SD 12,400,Capital Projects Funds,5300,Sale of or Compensation for Loss of Fixed Assets,997963.89
2023-24,2220,Wallowa SD 12,400,Capital Projects Funds,5400,Resources - Beginning Fund Balance,7080016.24
2023-24,2220,Wallowa SD 12,299,Child Nutrition,4500,Restricted Revenue From Federal Government Through the State,85551.38
2023-24,2220,Wallowa SD 12,299,Child Nutrition,4900,Revenue for/on Behalf of the District,2588.21
2023-24,2220,Wallowa SD 12,299,Child Nutrition,5200,Interfund Transfers,78600
2023-24,2220,Wallowa SD 12,299,Child Nutrition,5400,Resources - Beginning Fund Balance,78.53
2023-24,2220,Wallowa SD 12,300,Debt Service Funds,1120,Local option ad valorem taxes levied by district,291890.1
2023-24,2220,Wallowa SD 12,300,Debt Service Funds,1500,Earnings on Investments,3264.15
2023-24,2220,Wallowa SD 12,250,Non-Federal Sources,5400,Resources - Beginning Fund Balance,1525104.92
2023-24,2220,Wallowa SD 12,251,Student Investment Account,3199,Other Unrestricted Grants-In-Aid,275557.4
2023-24,2220,Wallowa SD 12,252,Measure 98 - High School Success,3299,Other Restricted Grants-In-Aid,88407.05
2023-24,2220,Wallowa SD 12,299,Child Nutrition,1600,Food Service,16615.5
2023-24,2220,Wallowa SD 12,299,Child Nutrition,3102,State School Fund--School Lunch Match,793.3
2023-24,2220,Wallowa SD 12,299,Child Nutrition,3199,Other Unrestricted Grants-In-Aid,1137.43
2023-24,2220,Wallowa SD 12,100,General Fund,5400,Resources - Beginning Fund Balance,679198.51
2023-24,2220,Wallowa SD 12,201,Federal Sources,4500,Restricted Revenue From Federal Government Through the State,376637.04
2023-24,2220,Wallowa SD 12,250,Non-Federal Sources,1700,Extra-Curricular Activities,91511
2023-24,2220,Wallowa SD 12,250,Non-Federal Sources,1990,Miscellaneous,10669.5
2023-24,2220,Wallowa SD 12,250,Non-Federal Sources,3199,Other Unrestricted Grants-In-Aid,42263.63
2023-24,2220,Wallowa SD 12,250,Non-Federal Sources,5200,Interfund Transfers,41799.85
2023-24,2220,Wallowa SD 12,100,General Fund,3101,State School Fund --General Support,2869067.57
2023-24,2220,Wallowa SD 12,100,General Fund,3103,Common School Fund,27846.15
2023-24,2220,Wallowa SD 12,100,General Fund,3199,Other Unrestricted Grants-In-Aid,8843
2023-24,2220,Wallowa SD 12,100,General Fund,3800,Revenue in Lieu of Taxes,515.93
2023-24,2220,Wallowa SD 12,100,General Fund,4801,Federal Forest Fees,169465.95
2023-24,2220,Wallowa SD 12,100,General Fund,5100,Long Term Debt Financing Sources,237633.46
2023-24,2221,Enterprise SD 21,100,General Fund,1110,Ad valorem taxes levied by district,590314.27
2023-24,2221,Enterprise SD 21,100,General Fund,1500,Earnings on Investments,362441.94
2023-24,2221,Enterprise SD 21,100,General Fund,1700,Extra-Curricular Activities,82321.27
2023-24,2221,Enterprise SD 21,100,General Fund,1990,Miscellaneous,30576.02
2023-24,2221,Enterprise SD 21,100,General Fund,2103,Excess ESD Local Revenue,863035.58
2023-24,2221,Enterprise SD 21,100,General Fund,3101,State School Fund --General Support,4831900.96
2023-24,2221,Enterprise SD 21,400,Capital Projects Funds,5400,Resources - Beginning Fund Balance,2708472.07
2023-24,2221,Enterprise SD 21,300,Debt Service Funds,1120,Local option ad valorem taxes levied by district,365094.81
2023-24,2221,Enterprise SD 21,300,Debt Service Funds,1500,Earnings on Investments,18954.03
2023-24,2221,Enterprise SD 21,300,Debt Service Funds,5400,Resources - Beginning Fund Balance,1033736.84
2023-24,2221,Enterprise SD 21,400,Capital Projects Funds,1500,Earnings on Investments,51373.82
2023-24,2221,Enterprise SD 21,400,Capital Projects Funds,5100,Long Term Debt Financing Sources,548270
2023-24,2221,Enterprise SD 21,400,Capital Projects Funds,5200,Interfund Transfers,191406
2023-24,2221,Enterprise SD 21,299,Child Nutrition,3102,State School Fund--School Lunch Match,1649.18
2023-24,2221,Enterprise SD 21,299,Child Nutrition,3299,Other Restricted Grants-In-Aid,1055
2023-24,2221,Enterprise SD 21,299,Child Nutrition,4500,Restricted Revenue From Federal Government Through the State,116766.24
2023-24,2221,Enterprise SD 21,299,Child Nutrition,4900,Revenue for/on Behalf of the District,10038.84
2023-24,2221,Enterprise SD 21,299,Child Nutrition,5200,Interfund Transfers,53000
2023-24,2221,Enterprise SD 21,299,Child Nutrition,5400,Resources - Beginning Fund Balance,11978.12
2023-24,2221,Enterprise SD 21,250,Non-Federal Sources,5200,Interfund Transfers,181679.06
2023-24,2221,Enterprise SD 21,250,Non-Federal Sources,5400,Resources - Beginning Fund Balance,811534.04
2023-24,2221,Enterprise SD 21,251,Student Investment Account,3299,Other Restricted Grants-In-Aid,470021.93
2023-24,2221,Enterprise SD 21,251,Student Investment Account,5400,Resources - Beginning Fund Balance,10115.33
2023-24,2221,Enterprise SD 21,252,Measure 98 - High School Success,3199,Other Unrestricted Grants-In-Aid,145140.15
2023-24,2221,Enterprise SD 21,299,Child Nutrition,1600,Food Service,68973.09
2023-24,2221,Enterprise SD 21,201,Federal Sources,4500,Restricted Revenue From Federal Government Through the State,887228.18
2023-24,2221,Enterprise SD 21,250,Non-Federal Sources,1500,Earnings on Investments,7837.14
2023-24,2221,Enterprise SD 21,250,Non-Federal Sources,1920,Contributions and Donations From Private Sources,3624.17
2023-24,2221,Enterprise SD 21,250,Non-Federal Sources,1990,Miscellaneous,42590.8
2023-24,2221,Enterprise SD 21,250,Non-Federal Sources,3199,Other Unrestricted Grants-In-Aid,1118.52
2023-24,2221,Enterprise SD 21,250,Non-Federal Sources,3299,Other Restricted Grants-In-Aid,52045.33
2023-24,2221,Enterprise SD 21,100,General Fund,3103,Common School Fund,58702.45
2023-24,2221,Enterprise SD 21,100,General Fund,3199,Other Unrestricted Grants-In-Aid,1248.69
2023-24,2221,Enterprise SD 21,100,General Fund,3800,Revenue in Lieu of Taxes,1029.57
2023-24,2221,Enterprise SD 21,100,General Fund,3900,Revenue for/on Behalf of the District,27876.21
2023-24,2221,Enterprise SD 21,100,General Fund,4801,Federal Forest Fees,299076.18
2023-24,2221,Enterprise SD 21,100,General Fund,5400,Resources - Beginning Fund Balance,4389050.18
2023-24,2222,Troy SD 54,100,General Fund,1110,Ad valorem taxes levied by district,10805.03
2023-24,2222,Troy SD 54,100,General Fund,1500,Earnings on Investments,75913.85
2023-24,2222,Troy SD 54,100,General Fund,1910,Rentals,3600
2023-24,2222,Troy SD 54,100,General Fund,2103,Excess ESD Local Revenue,42232.66
2023-24,2222,Troy SD 54,100,General Fund,3101,State School Fund --General Support,278675.58
2023-24,2222,Troy SD 54,100,General Fund,3103,Common School Fund,287.28
2023-24,2222,Troy SD 54,250,Non-Federal Sources,3299,Other Restricted Grants-In-Aid,41690.33
2023-24,2222,Troy SD 54,250,Non-Federal Sources,5400,Resources - Beginning Fund Balance,123011.44
2023-24,2222,Troy SD 54,251,Student Investment Account,3199,Other Unrestricted Grants-In-Aid,39694.76
2023-24,2222,Troy SD 54,100,General Fund,1990,Miscellaneous,192.38
2023-24,2222,Troy SD 54,100,General Fund,3299,Other Restricted Grants-In-Aid,12
2023-24,2222,Troy SD 54,100,General Fund,3800,Revenue in Lieu of Taxes,18.84
2023-24,2222,Troy SD 54,100,General Fund,4500,Restricted Revenue From Federal Government Through the State,7030.46
2023-24,2222,Troy SD 54,100,General Fund,4801,Federal Forest Fees,13099.05
2023-24,2222,Troy SD 54,100,General Fund,5400,Resources - Beginning Fund Balance,1353172.21
2023-24,2222,Troy SD 54,201,Federal Sources,4500,Restricted Revenue From Federal Government Through the State,34732.66
2023-24,2223,Columbia Gorge ESD,100,General Fund,1110,Ad valorem taxes levied by district,2950859.77
2023-24,2223,Columbia Gorge ESD,100,General Fund,1190,Penalties and interest on taxes,-6438.19
2023-24,2223,Columbia Gorge ESD,100,General Fund,1500,Earnings on Investments,72738.45
2023-24,2223,Columbia Gorge ESD,100,General Fund,1920,Contributions and Donations From Private Sources,180
2023-24,2223,Columbia Gorge ESD,100,General Fund,1940,Services Provided Other Local Education Agencies,109189.5
2023-24,2223,Columbia Gorge ESD,100,General Fund,1960,Recovery of Prior Years' Expenditure,33428.4
2023-24,2223,Columbia Gorge ESD,250,Non-Federal Sources,1940,Services Provided Other Local Education Agencies,264119.85
2023-24,2223,Columbia Gorge ESD,250,Non-Federal Sources,1960,Recovery of Prior Years' Expenditure,18739.9
2023-24,2223,Columbia Gorge ESD,250,Non-Federal Sources,1990,Miscellaneous,59693.79
2023-24,2223,Columbia Gorge ESD,250,Non-Federal Sources,5400,Resources - Beginning Fund Balance,1834748.21
2023-24,2223,Columbia Gorge ESD,201,Federal Sources,4500,Restricted Revenue From Federal Government Through the State,2309207.36
2023-24,2223,Columbia Gorge ESD,250,Non-Federal Sources,3299,Other Restricted Grants-In-Aid,3851641.42
2023-24,2223,Columbia Gorge ESD,250,Non-Federal Sources,1500,Earnings on Investments,1.41
2023-24,2223,Columbia Gorge ESD,250,Non-Federal Sources,1920,Contributions and Donations From Private Sources,195402.4
2023-24,2223,Columbia Gorge ESD,251,Student Investment Account,3299,Other Restricted Grants-In-Aid,1067838.56
2023-24,2223,Columbia Gorge ESD,400,Capital Projects Funds,5400,Resources - Beginning Fund Balance,26498.31
2023-24,2223,Columbia Gorge ESD,600,Internal Service Funds,1970,Services Provided Other Funds,563.42
2023-24,2223,Columbia Gorge ESD,600,Internal Service Funds,5400,Resources - Beginning Fund Balance,1844.3
2023-24,2223,Columbia Gorge ESD,100,General Fund,1980,Fees Charged to Grants,567118.68
2023-24,2223,Columbia Gorge ESD,100,General Fund,1990,Miscellaneous,74175.34
2023-24,2223,Columbia Gorge ESD,100,General Fund,3101,State School Fund --General Support,1788704
2023-24,2223,Columbia Gorge ESD,100,General Fund,4200,Unrestricted Revenue From Federal Government Through State,495.27
2023-24,2223,Columbia Gorge ESD,100,General Fund,5400,Resources - Beginning Fund Balance,2761600.81
2023-24,2223,Columbia Gorge ESD,201,Federal Sources,4200,Unrestricted Revenue From Federal Government Through State,24917.9
2023-24,2225,South Wasco County SD 1,201,Federal Sources,2200,Restricted Revenue,1492.02
2023-24,2225,South Wasco County SD 1,250,Non-Federal Sources,4500,Restricted Revenue From Federal Government Through the State,28623
2023-24,2225,South Wasco County SD 1,100,General Fund,1110,Ad valorem taxes levied by district,2202622.67
2023-24,2225,South Wasco County SD 1,100,General Fund,1500,Earnings on Investments,151049.08
2023-24,2225,South Wasco County SD 1,100,General Fund,1700,Extra-Curricular Activities,6399.63
2023-24,2225,South Wasco County SD 1,100,General Fund,1920,Contributions and Donations From Private Sources,907.47
2023-24,2225,South Wasco County SD 1,700,Trust and Agency Funds,5400,Resources - Beginning Fund Balance,113528.58
2023-24,2225,South Wasco County SD 1,100,General Fund,3199,Other Unrestricted Grants-In-Aid,16276.93
2023-24,2225,South Wasco County SD 1,400,Capital Projects Funds,1990,Miscellaneous,11320.07
2023-24,2225,South Wasco County SD 1,400,Capital Projects Funds,3299,Other Restricted Grants-In-Aid,3935528.54
2023-24,2225,South Wasco County SD 1,400,Capital Projects Funds,5200,Interfund Transfers,340400.68
2023-24,2225,South Wasco County SD 1,400,Capital Projects Funds,5400,Resources - Beginning Fund Balance,3285360.24
2023-24,2225,South Wasco County SD 1,700,Trust and Agency Funds,1500,Earnings on Investments,4740.71
2023-24,2225,South Wasco County SD 1,700,Trust and Agency Funds,1920,Contributions and Donations From Private Sources,25268
2023-24,2225,South Wasco County SD 1,299,Child Nutrition,5200,Interfund Transfers,74034.19
2023-24,2225,South Wasco County SD 1,299,Child Nutrition,5400,Resources - Beginning Fund Balance,-9393.45
2023-24,2225,South Wasco County SD 1,300,Debt Service Funds,1110,Ad valorem taxes levied by district,317304.22
2023-24,2225,South Wasco County SD 1,300,Debt Service Funds,1500,Earnings on Investments,2327.98
2023-24,2225,South Wasco County SD 1,300,Debt Service Funds,5400,Resources - Beginning Fund Balance,31646.35
2023-24,2225,South Wasco County SD 1,400,Capital Projects Funds,1500,Earnings on Investments,4864.49
2023-24,2225,South Wasco County SD 1,251,Student Investment Account,5400,Resources - Beginning Fund Balance,19483.47
2023-24,2225,South Wasco County SD 1,252,Measure 98 - High School Success,3299,Other Restricted Grants-In-Aid,133416.16
2023-24,2225,South Wasco County SD 1,252,Measure 98 - High School Success,5400,Resources - Beginning Fund Balance,-9079.16
2023-24,2225,South Wasco County SD 1,299,Child Nutrition,1600,Food Service,5580.1
2023-24,2225,South Wasco County SD 1,299,Child Nutrition,3299,Other Restricted Grants-In-Aid,16908.45
2023-24,2225,South Wasco County SD 1,299,Child Nutrition,4500,Restricted Revenue From Federal Government Through the State,164929.78
2023-24,2225,South Wasco County SD 1,201,Federal Sources,4500,Restricted Revenue From Federal Government Through the State,368519.7
2023-24,2225,South Wasco County SD 1,201,Federal Sources,5200,Interfund Transfers,65000
2023-24,2225,South Wasco County SD 1,201,Federal Sources,5400,Resources - Beginning Fund Balance,53687.98
2023-24,2225,South Wasco County SD 1,250,Non-Federal Sources,3299,Other Restricted Grants-In-Aid,48155.55
2023-24,2225,South Wasco County SD 1,250,Non-Federal Sources,5400,Resources - Beginning Fund Balance,1605.93
2023-24,2225,South Wasco County SD 1,251,Student Investment Account,3299,Other Restricted Grants-In-Aid,316632.51
2023-24,2225,South Wasco County SD 1,100,General Fund,3103,Common School Fund,28997.94
2023-24,2225,South Wasco County SD 1,100,General Fund,3299,Other Restricted Grants-In-Aid,28755.93
2023-24,2225,South Wasco County SD 1,100,General Fund,3900,Revenue for/on Behalf of the District,10908.34
2023-24,2225,South Wasco County SD 1,100,General Fund,4700,Grants-In-Aid From Federal Government Through Other Intermed,5673.54
2023-24,2225,South Wasco County SD 1,100,General Fund,5400,Resources - Beginning Fund Balance,576546.71
2023-24,2225,South Wasco County SD 1,201,Federal Sources,1700,Extra-Curricular Activities,102470.75
2023-24,2225,South Wasco County SD 1,100,General Fund,1990,Miscellaneous,118992.89
2023-24,2225,South Wasco County SD 1,100,General Fund,2101,County School Funds,41380.53
2023-24,2225,South Wasco County SD 1,100,General Fund,2199,Other Intermediate Sources,9551.26
2023-24,2225,South Wasco County SD 1,100,General Fund,2200,Restricted Revenue,6000
2023-24,2225,South Wasco County SD 1,100,General Fund,2900,Revenue for/on Behalf of the District,9876.2
2023-24,2225,South Wasco County SD 1,100,General Fund,3101,State School Fund --General Support,2573599.35
2023-24,2229,Dufur SD 29,251,Student Investment Account,3299,Other Restricted Grants-In-Aid,388362.37
2023-24,2229,Dufur SD 29,100,General Fund,3199,Other Unrestricted Grants-In-Aid,26000
2023-24,2229,Dufur SD 29,100,General Fund,1110,Ad valorem taxes levied by district,1337117.93
2023-24,2229,Dufur SD 29,100,General Fund,1311,Tuition from Individuals,51489.73
2023-24,2229,Dufur SD 29,100,General Fund,1500,Earnings on Investments,33596.14
2023-24,2229,Dufur SD 29,100,General Fund,1700,Extra-Curricular Activities,19844.72
2023-24,2229,Dufur SD 29,299,Child Nutrition,3199,Other Unrestricted Grants-In-Aid,43223.09
2023-24,2229,Dufur SD 29,100,General Fund,1990,Miscellaneous,131914
2023-24,2229,Dufur SD 29,100,General Fund,3299,Other Restricted Grants-In-Aid,142758.33
2023-24,2229,Dufur SD 29,250,Non-Federal Sources,3299,Other Restricted Grants-In-Aid,727000.29
2023-24,2229,Dufur SD 29,299,Child Nutrition,5400,Resources - Beginning Fund Balance,23767.95
2023-24,2229,Dufur SD 29,300,Debt Service Funds,1110,Ad valorem taxes levied by district,500712.99
2023-24,2229,Dufur SD 29,300,Debt Service Funds,1500,Earnings on Investments,14028.4
2023-24,2229,Dufur SD 29,300,Debt Service Funds,2199,Other Intermediate Sources,1461.11
2023-24,2229,Dufur SD 29,300,Debt Service Funds,5400,Resources - Beginning Fund Balance,75516.45
2023-24,2229,Dufur SD 29,252,Measure 98 - High School Success,3299,Other Restricted Grants-In-Aid,90117.61
2023-24,2229,Dufur SD 29,252,Measure 98 - High School Success,5400,Resources - Beginning Fund Balance,-0.01
2023-24,2229,Dufur SD 29,299,Child Nutrition,1600,Food Service,71403.3
2023-24,2229,Dufur SD 29,299,Child Nutrition,3102,State School Fund--School Lunch Match,1949.89
2023-24,2229,Dufur SD 29,299,Child Nutrition,4500,Restricted Revenue From Federal Government Through the State,148913.54
2023-24,2229,Dufur SD 29,299,Child Nutrition,4900,Revenue for/on Behalf of the District,19322.68
2023-24,2229,Dufur SD 29,250,Non-Federal Sources,1960,Recovery of Prior Years' Expenditure,22804.15
2023-24,2229,Dufur SD 29,250,Non-Federal Sources,1990,Miscellaneous,26745
2023-24,2229,Dufur SD 29,250,Non-Federal Sources,2200,Restricted Revenue,317496.28
2023-24,2229,Dufur SD 29,250,Non-Federal Sources,4100,Unrestricted Revenue Direct From the Federal Government,35228.6
2023-24,2229,Dufur SD 29,250,Non-Federal Sources,5200,Interfund Transfers,90000
2023-24,2229,Dufur SD 29,250,Non-Federal Sources,5400,Resources - Beginning Fund Balance,229735.01
2023-24,2229,Dufur SD 29,100,General Fund,5400,Resources - Beginning Fund Balance,280638.72
2023-24,2229,Dufur SD 29,201,Federal Sources,3299,Other Restricted Grants-In-Aid,987.3
2023-24,2229,Dufur SD 29,201,Federal Sources,4500,Restricted Revenue From Federal Government Through the State,209987.29
2023-24,2229,Dufur SD 29,250,Non-Federal Sources,1500,Earnings on Investments,6118.84
2023-24,2229,Dufur SD 29,250,Non-Federal Sources,1800,Community Services Activities,38597.5
2023-24,2229,Dufur SD 29,250,Non-Federal Sources,1920,Contributions and Donations From Private Sources,366473.97
2023-24,2229,Dufur SD 29,100,General Fund,2200,Restricted Revenue,190000
2023-24,2229,Dufur SD 29,100,General Fund,3101,State School Fund --General Support,4014992.52
2023-24,2229,Dufur SD 29,100,General Fund,3103,Common School Fund,47638.96
2023-24,2229,Dufur SD 29,100,General Fund,4100,Unrestricted Revenue Direct From the Federal Government,101044
2023-24,2229,Dufur SD 29,100,General Fund,4200,Unrestricted Revenue From Federal Government Through State,84738.16
2023-24,2229,Dufur SD 29,100,General Fund,4500,Restricted Revenue From Federal Government Through the State,4360
2023-24,2229,Dufur SD 29,100,General Fund,1910,Rentals,13487.04
2023-24,2229,Dufur SD 29,100,General Fund,1920,Contributions and Donations From Private Sources,3387.5
2023-24,2229,Dufur SD 29,100,General Fund,1960,Recovery of Prior Years' Expenditure,31453.95
2023-24,2229,Dufur SD 29,100,General Fund,2101,County School Funds,25015.43
2023-24,2229,Dufur SD 29,100,General Fund,2102,General Education Service District Funds,74490.78
2023-24,2229,Dufur SD 29,100,General Fund,2199,Other Intermediate Sources,9947.21
2023-24,2230,Northwest Regional ESD,100,General Fund,1190,Penalties and interest on taxes,22517.61
2023-24,2230,Northwest Regional ESD,100,General Fund,1500,Earnings on Investments,1544198.1
2023-24,2230,Northwest Regional ESD,100,General Fund,1920,Contributions and Donations From Private Sources,25500
2023-24,2230,Northwest Regional ESD,100,General Fund,1940,Services Provided Other Local Education Agencies,438564.46
2023-24,2230,Northwest Regional ESD,100,General Fund,1960,Recovery of Prior Years' Expenditure,84538.09
2023-24,2230,Northwest Regional ESD,100,General Fund,1970,Services Provided Other Funds,1505708
2023-24,2230,Northwest Regional ESD,201,Federal Sources,1990,Miscellaneous,7786.22
2023-24,2230,Northwest Regional ESD,250,Non-Federal Sources,1990,Miscellaneous,2613266.49
2023-24,2230,Northwest Regional ESD,250,Non-Federal Sources,5200,Interfund Transfers,3343601
2023-24,2230,Northwest Regional ESD,250,Non-Federal Sources,5400,Resources - Beginning Fund Balance,19522776.69
2023-24,2230,Northwest Regional ESD,300,Debt Service Funds,1500,Earnings on Investments,272371.72
2023-24,2230,Northwest Regional ESD,100,General Fund,1110,Ad valorem taxes levied by district,15247250.31
2023-24,2230,Northwest Regional ESD,100,General Fund,1980,Fees Charged to Grants,2201183.5
2023-24,2230,Northwest Regional ESD,100,General Fund,1990,Miscellaneous,-121789.19
2023-24,2230,Northwest Regional ESD,100,General Fund,5400,Resources - Beginning Fund Balance,7261822.98
2023-24,2230,Northwest Regional ESD,700,Trust and Agency Funds,5400,Resources - Beginning Fund Balance,8408285.3
2023-24,2230,Northwest Regional ESD,500,Enterprise Funds,5200,Interfund Transfers,2994580.47
2023-24,2230,Northwest Regional ESD,500,Enterprise Funds,5400,Resources - Beginning Fund Balance,1309076.12
2023-24,2230,Northwest Regional ESD,700,Trust and Agency Funds,1920,Contributions and Donations From Private Sources,10384.29
2023-24,2230,Northwest Regional ESD,700,Trust and Agency Funds,2102,General Education Service District Funds,450000
2023-24,2230,Northwest Regional ESD,700,Trust and Agency Funds,3299,Other Restricted Grants-In-Aid,500
2023-24,2230,Northwest Regional ESD,700,Trust and Agency Funds,5200,Interfund Transfers,46710080
2023-24,2230,Northwest Regional ESD,500,Enterprise Funds,1311,Tuition from Individuals,43680
2023-24,2230,Northwest Regional ESD,500,Enterprise Funds,1312,Tuition from Other Districts within the State,114165
2023-24,2230,Northwest Regional ESD,500,Enterprise Funds,1940,Services Provided Other Local Education Agencies,3199898.85
2023-24,2230,Northwest Regional ESD,500,Enterprise Funds,1960,Recovery of Prior Years' Expenditure,5084.41
2023-24,2230,Northwest Regional ESD,500,Enterprise Funds,1990,Miscellaneous,2052592.13
2023-24,2230,Northwest Regional ESD,500,Enterprise Funds,3299,Other Restricted Grants-In-Aid,151925
2023-24,2230,Northwest Regional ESD,250,Non-Federal Sources,3900,Revenue for/on Behalf of the District,54432
2023-24,2230,Northwest Regional ESD,250,Non-Federal Sources,4500,Restricted Revenue From Federal Government Through the State,6151648.1
2023-24,2230,Northwest Regional ESD,300,Debt Service Funds,5200,Interfund Transfers,1321607.15
2023-24,2230,Northwest Regional ESD,400,Capital Projects Funds,1960,Recovery of Prior Years' Expenditure,24
2023-24,2230,Northwest Regional ESD,400,Capital Projects Funds,5200,Interfund Transfers,318850
2023-24,2230,Northwest Regional ESD,400,Capital Projects Funds,5400,Resources - Beginning Fund Balance,11793836.61
2023-24,2230,Northwest Regional ESD,250,Non-Federal Sources,1312,Tuition from Other Districts within the State,5102250
2023-24,2230,Northwest Regional ESD,250,Non-Federal Sources,1920,Contributions and Donations From Private Sources,49342.35
2023-24,2230,Northwest Regional ESD,250,Non-Federal Sources,1940,Services Provided Other Local Education Agencies,25516350.23
2023-24,2230,Northwest Regional ESD,250,Non-Federal Sources,1960,Recovery of Prior Years' Expenditure,297211.51
2023-24,2230,Northwest Regional ESD,250,Non-Federal Sources,2200,Restricted Revenue,13493.17
2023-24,2230,Northwest Regional ESD,250,Non-Federal Sources,3299,Other Restricted Grants-In-Aid,39043774.78
2023-24,2230,Northwest Regional ESD,201,Federal Sources,1940,Services Provided Other Local Education Agencies,429992.32
2023-24,2230,Northwest Regional ESD,201,Federal Sources,1960,Recovery of Prior Years' Expenditure,263480.16
2023-24,2230,Northwest Regional ESD,201,Federal Sources,3299,Other Restricted Grants-In-Aid,2453100.74
2023-24,2230,Northwest Regional ESD,201,Federal Sources,4500,Restricted Revenue From Federal Government Through the State,9831333.07
2023-24,2230,Northwest Regional ESD,201,Federal Sources,5400,Resources - Beginning Fund Balance,1739673.46
2023-24,2230,Northwest Regional ESD,250,Non-Federal Sources,1311,Tuition from Individuals,2178750
2023-24,2230,Northwest Regional ESD,100,General Fund,2105,Natural Gas; Oil; And Mineral Receipts,1397.67
2023-24,2230,Northwest Regional ESD,100,General Fund,2199,Other Intermediate Sources,8945.18
2023-24,2230,Northwest Regional ESD,100,General Fund,3101,State School Fund --General Support,40515492.51
2023-24,2230,Northwest Regional ESD,100,General Fund,3104,State Managed County Timber,393122.54
2023-24,2230,Northwest Regional ESD,100,General Fund,5200,Interfund Transfers,150000
2023-24,2230,Northwest Regional ESD,201,Federal Sources,1920,Contributions and Donations From Private Sources,309300
2023-24,2239,Hillsboro SD 1J,300,Debt Service Funds,5400,Resources - Beginning Fund Balance,1687032.84
2023-24,2239,Hillsboro SD 1J,400,Capital Projects Funds,1500,Earnings on Investments,532712.9
2023-24,2239,Hillsboro SD 1J,400,Capital Projects Funds,1960,Recovery of Prior Years' Expenditure,9608.81
2023-24,2239,Hillsboro SD 1J,400,Capital Projects Funds,1990,Miscellaneous,7060.41
2023-24,2239,Hillsboro SD 1J,400,Capital Projects Funds,5400,Resources - Beginning Fund Balance,17537378.53
2023-24,2239,Hillsboro SD 1J,600,Internal Service Funds,5400,Resources - Beginning Fund Balance,8500000
2023-24,2239,Hillsboro SD 1J,299,Child Nutrition,5400,Resources - Beginning Fund Balance,2882030.72
2023-24,2239,Hillsboro SD 1J,300,Debt Service Funds,1110,Ad valorem taxes levied by district,41016757.65
2023-24,2239,Hillsboro SD 1J,300,Debt Service Funds,1190,Penalties and interest on taxes,66049.87
2023-24,2239,Hillsboro SD 1J,300,Debt Service Funds,1500,Earnings on Investments,1089473.22
2023-24,2239,Hillsboro SD 1J,300,Debt Service Funds,1970,Services Provided Other Funds,14366226.76
2023-24,2239,Hillsboro SD 1J,300,Debt Service Funds,2199,Other Intermediate Sources,35817.37
2023-24,2239,Hillsboro SD 1J,299,Child Nutrition,1990,Miscellaneous,71344.52
2023-24,2239,Hillsboro SD 1J,299,Child Nutrition,3102,State School Fund--School Lunch Match,78469.95
2023-24,2239,Hillsboro SD 1J,299,Child Nutrition,3199,Other Unrestricted Grants-In-Aid,1537414.1
2023-24,2239,Hillsboro SD 1J,299,Child Nutrition,3299,Other Restricted Grants-In-Aid,85041.76
2023-24,2239,Hillsboro SD 1J,299,Child Nutrition,4500,Restricted Revenue From Federal Government Through the State,6758725.93
2023-24,2239,Hillsboro SD 1J,299,Child Nutrition,4900,Revenue for/on Behalf of the District,625353.83
2023-24,2239,Hillsboro SD 1J,251,Student Investment Account,1990,Miscellaneous,793.67
2023-24,2239,Hillsboro SD 1J,251,Student Investment Account,3299,Other Restricted Grants-In-Aid,18914385.76
2023-24,2239,Hillsboro SD 1J,252,Measure 98 - High School Success,3299,Other Restricted Grants-In-Aid,5902514.06
2023-24,2239,Hillsboro SD 1J,299,Child Nutrition,1600,Food Service,1071586.88
2023-24,2239,Hillsboro SD 1J,299,Child Nutrition,1700,Extra-Curricular Activities,128351.01
2023-24,2239,Hillsboro SD 1J,299,Child Nutrition,1920,Contributions and Donations From Private Sources,5000
2023-24,2239,Hillsboro SD 1J,250,Non-Federal Sources,2199,Other Intermediate Sources,389574.14
2023-24,2239,Hillsboro SD 1J,250,Non-Federal Sources,2200,Restricted Revenue,1897876.45
2023-24,2239,Hillsboro SD 1J,250,Non-Federal Sources,3199,Other Unrestricted Grants-In-Aid,78590.48
2023-24,2239,Hillsboro SD 1J,250,Non-Federal Sources,3222,State School Fund (SSF) Transportation Equipment,1534799.17
2023-24,2239,Hillsboro SD 1J,250,Non-Federal Sources,3299,Other Restricted Grants-In-Aid,5554640.58
2023-24,2239,Hillsboro SD 1J,250,Non-Federal Sources,5400,Resources - Beginning Fund Balance,20286022.3
2023-24,2239,Hillsboro SD 1J,250,Non-Federal Sources,1700,Extra-Curricular Activities,5717002.86
2023-24,2239,Hillsboro SD 1J,250,Non-Federal Sources,1800,Community Services Activities,71041.58
2023-24,2239,Hillsboro SD 1J,250,Non-Federal Sources,1910,Rentals,125807.24
2023-24,2239,Hillsboro SD 1J,250,Non-Federal Sources,1920,Contributions and Donations From Private Sources,1109562.78
2023-24,2239,Hillsboro SD 1J,250,Non-Federal Sources,1960,Recovery of Prior Years' Expenditure,811.53
2023-24,2239,Hillsboro SD 1J,250,Non-Federal Sources,1990,Miscellaneous,314075.88
2023-24,2239,Hillsboro SD 1J,100,General Fund,5400,Resources - Beginning Fund Balance,14629602.3
2023-24,2239,Hillsboro SD 1J,201,Federal Sources,4100,Unrestricted Revenue Direct From the Federal Government,37572
2023-24,2239,Hillsboro SD 1J,201,Federal Sources,4201,Foster Transportation,83280.94
2023-24,2239,Hillsboro SD 1J,201,Federal Sources,4500,Restricted Revenue From Federal Government Through the State,29603765.1
2023-24,2239,Hillsboro SD 1J,201,Federal Sources,4700,Grants-In-Aid From Federal Government Through Other Intermed,336773.4
2023-24,2239,Hillsboro SD 1J,250,Non-Federal Sources,1130,Construction Excise Tax,2830365.68
2023-24,2239,Hillsboro SD 1J,100,General Fund,2102,General Education Service District Funds,4632718.71
2023-24,2239,Hillsboro SD 1J,100,General Fund,2199,Other Intermediate Sources,84648.25
2023-24,2239,Hillsboro SD 1J,100,General Fund,3101,State School Fund --General Support,135173830.4
2023-24,2239,Hillsboro SD 1J,100,General Fund,3103,Common School Fund,2588261.14
2023-24,2239,Hillsboro SD 1J,100,General Fund,3104,State Managed County Timber,935047.77
2023-24,2239,Hillsboro SD 1J,100,General Fund,3222,State School Fund (SSF) Transportation Equipment,9768384.35
2023-24,2239,Hillsboro SD 1J,100,General Fund,1910,Rentals,344875.07
2023-24,2239,Hillsboro SD 1J,100,General Fund,1920,Contributions and Donations From Private Sources,1180.35
2023-24,2239,Hillsboro SD 1J,100,General Fund,1960,Recovery of Prior Years' Expenditure,153862.53
2023-24,2239,Hillsboro SD 1J,100,General Fund,1980,Fees Charged to Grants,1351436.66
2023-24,2239,Hillsboro SD 1J,100,General Fund,1990,Miscellaneous,1871868.7
2023-24,2239,Hillsboro SD 1J,100,General Fund,2101,County School Funds,343361.55
2023-24,2239,Hillsboro SD 1J,100,General Fund,1110,Ad valorem taxes levied by district,96611837.38
2023-24,2239,Hillsboro SD 1J,100,General Fund,1190,Penalties and interest on taxes,158370.5
2023-24,2239,Hillsboro SD 1J,100,General Fund,1411,Transportation fees from Individuals,28579
2023-24,2239,Hillsboro SD 1J,100,General Fund,1500,Earnings on Investments,2443382.1
2023-24,2239,Hillsboro SD 1J,100,General Fund,1700,Extra-Curricular Activities,358623.02
2023-24,2240,Banks SD 13,100,General Fund,3103,Common School Fund,134233
2023-24,2240,Banks SD 13,100,General Fund,3104,State Managed County Timber,917371
2023-24,2240,Banks SD 13,100,General Fund,3299,Other Restricted Grants-In-Aid,249588
2023-24,2240,Banks SD 13,100,General Fund,5100,Long Term Debt Financing Sources,18138
2023-24,2240,Banks SD 13,100,General Fund,5400,Resources - Beginning Fund Balance,2321526
2023-24,2240,Banks SD 13,100,General Fund,1910,Rentals,13079
2023-24,2240,Banks SD 13,100,General Fund,1920,Contributions and Donations From Private Sources,3156
2023-24,2240,Banks SD 13,100,General Fund,1990,Miscellaneous,23103
2023-24,2240,Banks SD 13,100,General Fund,2101,County School Funds,17883
2023-24,2240,Banks SD 13,100,General Fund,2199,Other Intermediate Sources,3509
2023-24,2240,Banks SD 13,100,General Fund,3101,State School Fund --General Support,8286252
2023-24,2240,Banks SD 13,600,Internal Service Funds,1500,Earnings on Investments,5758
2023-24,2240,Banks SD 13,600,Internal Service Funds,1970,Services Provided Other Funds,385749
2023-24,2240,Banks SD 13,600,Internal Service Funds,5400,Resources - Beginning Fund Balance,21697
2023-24,2240,Banks SD 13,100,General Fund,1110,Ad valorem taxes levied by district,3768079
2023-24,2240,Banks SD 13,100,General Fund,1190,Penalties and interest on taxes,8686
2023-24,2240,Banks SD 13,100,General Fund,1500,Earnings on Investments,211950
2023-24,2240,Banks SD 13,300,Debt Service Funds,5200,Interfund Transfers,27300
2023-24,2240,Banks SD 13,300,Debt Service Funds,5400,Resources - Beginning Fund Balance,190231
2023-24,2240,Banks SD 13,400,Capital Projects Funds,1130,Construction Excise Tax,26949
2023-24,2240,Banks SD 13,400,Capital Projects Funds,1500,Earnings on Investments,4645
2023-24,2240,Banks SD 13,400,Capital Projects Funds,1920,Contributions and Donations From Private Sources,9200
2023-24,2240,Banks SD 13,400,Capital Projects Funds,5400,Resources - Beginning Fund Balance,1033543
2023-24,2240,Banks SD 13,299,Child Nutrition,5200,Interfund Transfers,2819
2023-24,2240,Banks SD 13,299,Child Nutrition,5400,Resources - Beginning Fund Balance,320476
2023-24,2240,Banks SD 13,300,Debt Service Funds,1110,Ad valorem taxes levied by district,1364917
2023-24,2240,Banks SD 13,300,Debt Service Funds,1190,Penalties and interest on taxes,2201
2023-24,2240,Banks SD 13,300,Debt Service Funds,1500,Earnings on Investments,55198
2023-24,2240,Banks SD 13,300,Debt Service Funds,2199,Other Intermediate Sources,1198
2023-24,2240,Banks SD 13,251,Student Investment Account,3199,Other Unrestricted Grants-In-Aid,927541
2023-24,2240,Banks SD 13,252,Measure 98 - High School Success,3299,Other Restricted Grants-In-Aid,360354
2023-24,2240,Banks SD 13,299,Child Nutrition,1600,Food Service,96643
2023-24,2240,Banks SD 13,299,Child Nutrition,3299,Other Restricted Grants-In-Aid,24881
2023-24,2240,Banks SD 13,299,Child Nutrition,4500,Restricted Revenue From Federal Government Through the State,192011
2023-24,2240,Banks SD 13,299,Child Nutrition,4900,Revenue for/on Behalf of the District,21862
2023-24,2240,Banks SD 13,250,Non-Federal Sources,1990,Miscellaneous,138723
2023-24,2240,Banks SD 13,250,Non-Federal Sources,2199,Other Intermediate Sources,110751
2023-24,2240,Banks SD 13,250,Non-Federal Sources,3299,Other Restricted Grants-In-Aid,43905
2023-24,2240,Banks SD 13,250,Non-Federal Sources,4700,Grants-In-Aid From Federal Government Through Other Intermed,7500
2023-24,2240,Banks SD 13,250,Non-Federal Sources,5200,Interfund Transfers,400000
2023-24,2240,Banks SD 13,250,Non-Federal Sources,5400,Resources - Beginning Fund Balance,268478
2023-24,2240,Banks SD 13,201,Federal Sources,4500,Restricted Revenue From Federal Government Through the State,935555
2023-24,2240,Banks SD 13,250,Non-Federal Sources,1500,Earnings on Investments,9777
2023-24,2240,Banks SD 13,250,Non-Federal Sources,1700,Extra-Curricular Activities,138449
2023-24,2240,Banks SD 13,250,Non-Federal Sources,1920,Contributions and Donations From Private Sources,67408
2023-24,2241,Forest Grove SD 15,100,General Fund,2101,County School Funds,104941.6
2023-24,2241,Forest Grove SD 15,100,General Fund,2102,General Education Service District Funds,1204400
2023-24,2241,Forest Grove SD 15,100,General Fund,2199,Other Intermediate Sources,14500.87
2023-24,2241,Forest Grove SD 15,100,General Fund,3101,State School Fund --General Support,58950181.41
2023-24,2241,Forest Grove SD 15,100,General Fund,3103,Common School Fund,774708.87
2023-24,2241,Forest Grove SD 15,100,General Fund,3104,State Managed County Timber,1124222.05
2023-24,2241,Forest Grove SD 15,100,General Fund,1990,Miscellaneous,438884.85
2023-24,2241,Forest Grove SD 15,100,General Fund,1700,Extra-Curricular Activities,93587.95
2023-24,2241,Forest Grove SD 15,100,General Fund,1910,Rentals,25563.54
2023-24,2241,Forest Grove SD 15,100,General Fund,1920,Contributions and Donations From Private Sources,5020.13
2023-24,2241,Forest Grove SD 15,100,General Fund,1940,Services Provided Other Local Education Agencies,35312.45
2023-24,2241,Forest Grove SD 15,100,General Fund,1960,Recovery of Prior Years' Expenditure,17889.67
2023-24,2241,Forest Grove SD 15,100,General Fund,1980,Fees Charged to Grants,575925.14
2023-24,2241,Forest Grove SD 15,700,Trust and Agency Funds,1990,Miscellaneous,420687.5
2023-24,2241,Forest Grove SD 15,700,Trust and Agency Funds,5400,Resources - Beginning Fund Balance,699823.62
2023-24,2241,Forest Grove SD 15,100,General Fund,1110,Ad valorem taxes levied by district,16625791.44
2023-24,2241,Forest Grove SD 15,100,General Fund,1190,Penalties and interest on taxes,29934.02
2023-24,2241,Forest Grove SD 15,100,General Fund,1312,Tuition from Other Districts within the State,1517
2023-24,2241,Forest Grove SD 15,100,General Fund,1500,Earnings on Investments,1677562.42
2023-24,2241,Forest Grove SD 15,500,Enterprise Funds,1990,Miscellaneous,701426.15
2023-24,2241,Forest Grove SD 15,500,Enterprise Funds,5400,Resources - Beginning Fund Balance,903637.88
2023-24,2241,Forest Grove SD 15,600,Internal Service Funds,5200,Interfund Transfers,260000
2023-24,2241,Forest Grove SD 15,600,Internal Service Funds,5400,Resources - Beginning Fund Balance,248191.51
2023-24,2241,Forest Grove SD 15,700,Trust and Agency Funds,1500,Earnings on Investments,51.85
2023-24,2241,Forest Grove SD 15,700,Trust and Agency Funds,1920,Contributions and Donations From Private Sources,61000
2023-24,2241,Forest Grove SD 15,400,Capital Projects Funds,1500,Earnings on Investments,4038678.19
2023-24,2241,Forest Grove SD 15,400,Capital Projects Funds,1960,Recovery of Prior Years' Expenditure,123132.45
2023-24,2241,Forest Grove SD 15,400,Capital Projects Funds,1990,Miscellaneous,30518.42
2023-24,2241,Forest Grove SD 15,400,Capital Projects Funds,5200,Interfund Transfers,76069
2023-24,2241,Forest Grove SD 15,400,Capital Projects Funds,5400,Resources - Beginning Fund Balance,98608485.08
2023-24,2241,Forest Grove SD 15,500,Enterprise Funds,1960,Recovery of Prior Years' Expenditure,165.62
2023-24,2241,Forest Grove SD 15,300,Debt Service Funds,1970,Services Provided Other Funds,3688395.67
2023-24,2241,Forest Grove SD 15,300,Debt Service Funds,2199,Other Intermediate Sources,9462.34
2023-24,2241,Forest Grove SD 15,300,Debt Service Funds,4900,Revenue for/on Behalf of the District,1025984
2023-24,2241,Forest Grove SD 15,300,Debt Service Funds,5200,Interfund Transfers,1237450
2023-24,2241,Forest Grove SD 15,300,Debt Service Funds,5400,Resources - Beginning Fund Balance,7218931.34
2023-24,2241,Forest Grove SD 15,400,Capital Projects Funds,1130,Construction Excise Tax,231509.28
2023-24,2241,Forest Grove SD 15,299,Child Nutrition,4500,Restricted Revenue From Federal Government Through the State,2783512.64
2023-24,2241,Forest Grove SD 15,299,Child Nutrition,4900,Revenue for/on Behalf of the District,146921.67
2023-24,2241,Forest Grove SD 15,299,Child Nutrition,5400,Resources - Beginning Fund Balance,1214019.04
2023-24,2241,Forest Grove SD 15,300,Debt Service Funds,1110,Ad valorem taxes levied by district,11727612.5
2023-24,2241,Forest Grove SD 15,300,Debt Service Funds,1190,Penalties and interest on taxes,18550.93
2023-24,2241,Forest Grove SD 15,300,Debt Service Funds,1500,Earnings on Investments,523916.28
2023-24,2241,Forest Grove SD 15,250,Non-Federal Sources,5400,Resources - Beginning Fund Balance,3165865.14
2023-24,2241,Forest Grove SD 15,251,Student Investment Account,3299,Other Restricted Grants-In-Aid,6254416.68
2023-24,2241,Forest Grove SD 15,252,Measure 98 - High School Success,3299,Other Restricted Grants-In-Aid,1767161.6
2023-24,2241,Forest Grove SD 15,299,Child Nutrition,1600,Food Service,137953.89
2023-24,2241,Forest Grove SD 15,299,Child Nutrition,3102,State School Fund--School Lunch Match,23795.75
2023-24,2241,Forest Grove SD 15,299,Child Nutrition,3299,Other Restricted Grants-In-Aid,384657.56
2023-24,2241,Forest Grove SD 15,250,Non-Federal Sources,1920,Contributions and Donations From Private Sources,1001133.5
2023-24,2241,Forest Grove SD 15,250,Non-Federal Sources,1960,Recovery of Prior Years' Expenditure,283732.62
2023-24,2241,Forest Grove SD 15,250,Non-Federal Sources,2102,General Education Service District Funds,51841.52
2023-24,2241,Forest Grove SD 15,250,Non-Federal Sources,2200,Restricted Revenue,121483.51
2023-24,2241,Forest Grove SD 15,250,Non-Federal Sources,3299,Other Restricted Grants-In-Aid,3310934.38
2023-24,2241,Forest Grove SD 15,250,Non-Federal Sources,4500,Restricted Revenue From Federal Government Through the State,215250.43
2023-24,2241,Forest Grove SD 15,201,Federal Sources,3299,Other Restricted Grants-In-Aid,26861
2023-24,2241,Forest Grove SD 15,201,Federal Sources,4500,Restricted Revenue From Federal Government Through the State,9138872.71
2023-24,2241,Forest Grove SD 15,201,Federal Sources,5400,Resources - Beginning Fund Balance,29802.5
2023-24,2241,Forest Grove SD 15,250,Non-Federal Sources,1312,Tuition from Other Districts within the State,1479183
2023-24,2241,Forest Grove SD 15,250,Non-Federal Sources,1700,Extra-Curricular Activities,18684.59
2023-24,2241,Forest Grove SD 15,250,Non-Federal Sources,1910,Rentals,161.97
2023-24,2241,Forest Grove SD 15,100,General Fund,4200,Unrestricted Revenue From Federal Government Through State,16989.3
2023-24,2241,Forest Grove SD 15,100,General Fund,5100,Long Term Debt Financing Sources,72447.73
2023-24,2241,Forest Grove SD 15,100,General Fund,5400,Resources - Beginning Fund Balance,16477172.32
2023-24,2241,Forest Grove SD 15,201,Federal Sources,1920,Contributions and Donations From Private Sources,113982.78
2023-24,2241,Forest Grove SD 15,201,Federal Sources,1960,Recovery of Prior Years' Expenditure,2041.11
2023-24,2241,Forest Grove SD 15,201,Federal Sources,1990,Miscellaneous,53855.45
2023-24,2242,Tigard-Tualatin SD 23J,100,General Fund,1110,Ad valorem taxes levied by district,66486708.55
2023-24,2242,Tigard-Tualatin SD 23J,100,General Fund,1120,Local option ad valorem taxes levied by district,12008013.15
2023-24,2242,Tigard-Tualatin SD 23J,100,General Fund,1190,Penalties and interest on taxes,133664.54
2023-24,2242,Tigard-Tualatin SD 23J,100,General Fund,1312,Tuition from Other Districts within the State,50400
2023-24,2242,Tigard-Tualatin SD 23J,100,General Fund,1500,Earnings on Investments,1260107.69
2023-24,2242,Tigard-Tualatin SD 23J,100,General Fund,1700,Extra-Curricular Activities,94862.56
2023-24,2242,Tigard-Tualatin SD 23J,400,Capital Projects Funds,5400,Resources - Beginning Fund Balance,41452170.1
2023-24,2242,Tigard-Tualatin SD 23J,700,Trust and Agency Funds,1500,Earnings on Investments,10808.88
2023-24,2242,Tigard-Tualatin SD 23J,700,Trust and Agency Funds,5400,Resources - Beginning Fund Balance,214532.3
2023-24,2242,Tigard-Tualatin SD 23J,400,Capital Projects Funds,1500,Earnings on Investments,951903.53
2023-24,2242,Tigard-Tualatin SD 23J,400,Capital Projects Funds,1990,Miscellaneous,6093.26
2023-24,2242,Tigard-Tualatin SD 23J,600,Internal Service Funds,1960,Recovery of Prior Years' Expenditure,44948.56
2023-24,2242,Tigard-Tualatin SD 23J,600,Internal Service Funds,1970,Services Provided Other Funds,260967.51
2023-24,2242,Tigard-Tualatin SD 23J,600,Internal Service Funds,1990,Miscellaneous,397413.54
2023-24,2242,Tigard-Tualatin SD 23J,600,Internal Service Funds,5400,Resources - Beginning Fund Balance,3551010.1
2023-24,2242,Tigard-Tualatin SD 23J,300,Debt Service Funds,1990,Miscellaneous,12700
2023-24,2242,Tigard-Tualatin SD 23J,300,Debt Service Funds,2199,Other Intermediate Sources,20326.01
2023-24,2242,Tigard-Tualatin SD 23J,300,Debt Service Funds,5100,Long Term Debt Financing Sources,3655000
2023-24,2242,Tigard-Tualatin SD 23J,300,Debt Service Funds,5200,Interfund Transfers,503839
2023-24,2242,Tigard-Tualatin SD 23J,300,Debt Service Funds,5400,Resources - Beginning Fund Balance,936257.99
2023-24,2242,Tigard-Tualatin SD 23J,400,Capital Projects Funds,1130,Construction Excise Tax,1587984.65
2023-24,2242,Tigard-Tualatin SD 23J,299,Child Nutrition,5400,Resources - Beginning Fund Balance,1912830.17
2023-24,2242,Tigard-Tualatin SD 23J,300,Debt Service Funds,1110,Ad valorem taxes levied by district,23905664.93
2023-24,2242,Tigard-Tualatin SD 23J,300,Debt Service Funds,1190,Penalties and interest on taxes,37409.78
2023-24,2242,Tigard-Tualatin SD 23J,300,Debt Service Funds,1500,Earnings on Investments,668919.31
2023-24,2242,Tigard-Tualatin SD 23J,300,Debt Service Funds,1910,Rentals,965492.4
2023-24,2242,Tigard-Tualatin SD 23J,300,Debt Service Funds,1970,Services Provided Other Funds,4325037.82
2023-24,2242,Tigard-Tualatin SD 23J,299,Child Nutrition,1600,Food Service,767878.54
2023-24,2242,Tigard-Tualatin SD 23J,299,Child Nutrition,3102,State School Fund--School Lunch Match,31974.23
2023-24,2242,Tigard-Tualatin SD 23J,299,Child Nutrition,3299,Other Restricted Grants-In-Aid,191793.25
2023-24,2242,Tigard-Tualatin SD 23J,299,Child Nutrition,4500,Restricted Revenue From Federal Government Through the State,2572633.98
2023-24,2242,Tigard-Tualatin SD 23J,299,Child Nutrition,4900,Revenue for/on Behalf of the District,283002.13
2023-24,2242,Tigard-Tualatin SD 23J,299,Child Nutrition,5200,Interfund Transfers,235325.94
2023-24,2242,Tigard-Tualatin SD 23J,250,Non-Federal Sources,5200,Interfund Transfers,1333437.94
2023-24,2242,Tigard-Tualatin SD 23J,250,Non-Federal Sources,5400,Resources - Beginning Fund Balance,11672937.16
2023-24,2242,Tigard-Tualatin SD 23J,251,Student Investment Account,3299,Other Restricted Grants-In-Aid,10854890.57
2023-24,2242,Tigard-Tualatin SD 23J,251,Student Investment Account,5100,Long Term Debt Financing Sources,4569.38
2023-24,2242,Tigard-Tualatin SD 23J,252,Measure 98 - High School Success,3299,Other Restricted Grants-In-Aid,3363788.47
2023-24,2242,Tigard-Tualatin SD 23J,299,Child Nutrition,1500,Earnings on Investments,48579.07
2023-24,2242,Tigard-Tualatin SD 23J,250,Non-Federal Sources,2102,General Education Service District Funds,4563335.43
2023-24,2242,Tigard-Tualatin SD 23J,250,Non-Federal Sources,2200,Restricted Revenue,513515.79
2023-24,2242,Tigard-Tualatin SD 23J,250,Non-Federal Sources,3199,Other Unrestricted Grants-In-Aid,906.95
2023-24,2242,Tigard-Tualatin SD 23J,250,Non-Federal Sources,3299,Other Restricted Grants-In-Aid,3962725.19
2023-24,2242,Tigard-Tualatin SD 23J,250,Non-Federal Sources,4500,Restricted Revenue From Federal Government Through the State,172542.49
2023-24,2242,Tigard-Tualatin SD 23J,250,Non-Federal Sources,5100,Long Term Debt Financing Sources,164416.03
2023-24,2242,Tigard-Tualatin SD 23J,201,Federal Sources,5400,Resources - Beginning Fund Balance,-444.57
2023-24,2242,Tigard-Tualatin SD 23J,250,Non-Federal Sources,1500,Earnings on Investments,89737.61
2023-24,2242,Tigard-Tualatin SD 23J,250,Non-Federal Sources,1700,Extra-Curricular Activities,26592.57
2023-24,2242,Tigard-Tualatin SD 23J,250,Non-Federal Sources,1910,Rentals,690118.95
2023-24,2242,Tigard-Tualatin SD 23J,250,Non-Federal Sources,1920,Contributions and Donations From Private Sources,779924.39
2023-24,2242,Tigard-Tualatin SD 23J,250,Non-Federal Sources,1990,Miscellaneous,2568789.37
2023-24,2242,Tigard-Tualatin SD 23J,100,General Fund,5100,Long Term Debt Financing Sources,508585.66
2023-24,2242,Tigard-Tualatin SD 23J,100,General Fund,5300,Sale of or Compensation for Loss of Fixed Assets,46.1
2023-24,2242,Tigard-Tualatin SD 23J,100,General Fund,5400,Resources - Beginning Fund Balance,22024275.85
2023-24,2242,Tigard-Tualatin SD 23J,201,Federal Sources,1990,Miscellaneous,34471.37
2023-24,2242,Tigard-Tualatin SD 23J,201,Federal Sources,4500,Restricted Revenue From Federal Government Through the State,11344968.25
2023-24,2242,Tigard-Tualatin SD 23J,201,Federal Sources,5100,Long Term Debt Financing Sources,57340.56
2023-24,2242,Tigard-Tualatin SD 23J,100,General Fund,2199,Other Intermediate Sources,69794.13
2023-24,2242,Tigard-Tualatin SD 23J,100,General Fund,3101,State School Fund --General Support,77130470.06
2023-24,2242,Tigard-Tualatin SD 23J,100,General Fund,3103,Common School Fund,1579863.58
2023-24,2242,Tigard-Tualatin SD 23J,100,General Fund,3199,Other Unrestricted Grants-In-Aid,3560492.9
2023-24,2242,Tigard-Tualatin SD 23J,100,General Fund,4500,Restricted Revenue From Federal Government Through the State,12105
2023-24,2242,Tigard-Tualatin SD 23J,100,General Fund,4801,Federal Forest Fees,838.65
2023-24,2242,Tigard-Tualatin SD 23J,100,General Fund,1800,Community Services Activities,104008.88
2023-24,2242,Tigard-Tualatin SD 23J,100,General Fund,1960,Recovery of Prior Years' Expenditure,84129.47
2023-24,2242,Tigard-Tualatin SD 23J,100,General Fund,1980,Fees Charged to Grants,1049399.94
2023-24,2242,Tigard-Tualatin SD 23J,100,General Fund,1990,Miscellaneous,423168.64
2023-24,2242,Tigard-Tualatin SD 23J,100,General Fund,2101,County School Funds,208493.05
2023-24,2242,Tigard-Tualatin SD 23J,100,General Fund,2102,General Education Service District Funds,1000000
2023-24,2243,Beaverton SD 48J,100,General Fund,5300,Sale of or Compensation for Loss of Fixed Assets,1736.8
2023-24,2243,Beaverton SD 48J,100,General Fund,5400,Resources - Beginning Fund Balance,138652118.85
2023-24,2243,Beaverton SD 48J,200,Special Revenue Funds,1500,Earnings on Investments,1161006.96
2023-24,2243,Beaverton SD 48J,200,Special Revenue Funds,1600,Food Service,3602015.24
2023-24,2243,Beaverton SD 48J,200,Special Revenue Funds,1700,Extra-Curricular Activities,5129703.28
2023-24,2243,Beaverton SD 48J,200,Special Revenue Funds,1920,Contributions and Donations From Private Sources,2156699.41
2023-24,2243,Beaverton SD 48J,100,General Fund,2101,County School Funds,707007.51
2023-24,2243,Beaverton SD 48J,100,General Fund,2102,General Education Service District Funds,11685687
2023-24,2243,Beaverton SD 48J,100,General Fund,2199,Other Intermediate Sources,990895.71
2023-24,2243,Beaverton SD 48J,100,General Fund,3101,State School Fund --General Support,316554926.98
2023-24,2243,Beaverton SD 48J,100,General Fund,3103,Common School Fund,5295175.18
2023-24,2243,Beaverton SD 48J,100,General Fund,3199,Other Unrestricted Grants-In-Aid,6521286.9
2023-24,2243,Beaverton SD 48J,100,General Fund,1700,Extra-Curricular Activities,680951.79
2023-24,2243,Beaverton SD 48J,100,General Fund,1910,Rentals,662696.98
2023-24,2243,Beaverton SD 48J,100,General Fund,1920,Contributions and Donations From Private Sources,5846.7
2023-24,2243,Beaverton SD 48J,100,General Fund,1960,Recovery of Prior Years' Expenditure,337646.45
2023-24,2243,Beaverton SD 48J,100,General Fund,1980,Fees Charged to Grants,2188032.03
2023-24,2243,Beaverton SD 48J,100,General Fund,1990,Miscellaneous,722519.89
2023-24,2243,Beaverton SD 48J,100,General Fund,1110,Ad valorem taxes levied by district,169169088.33
2023-24,2243,Beaverton SD 48J,100,General Fund,1120,Local option ad valorem taxes levied by district,41616152.13
2023-24,2243,Beaverton SD 48J,100,General Fund,1312,Tuition from Other Districts within the State,247241.46
2023-24,2243,Beaverton SD 48J,100,General Fund,1330,Summer School Tuition,156800
2023-24,2243,Beaverton SD 48J,100,General Fund,1411,Transportation fees from Individuals,111540.02
2023-24,2243,Beaverton SD 48J,100,General Fund,1500,Earnings on Investments,12186627.16
2023-24,2243,Beaverton SD 48J,600,Internal Service Funds,1500,Earnings on Investments,492592.03
2023-24,2243,Beaverton SD 48J,600,Internal Service Funds,1960,Recovery of Prior Years' Expenditure,69192.3
2023-24,2243,Beaverton SD 48J,600,Internal Service Funds,1970,Services Provided Other Funds,4035696.9
2023-24,2243,Beaverton SD 48J,600,Internal Service Funds,1990,Miscellaneous,125813.4
2023-24,2243,Beaverton SD 48J,600,Internal Service Funds,5200,Interfund Transfers,4000000
2023-24,2243,Beaverton SD 48J,600,Internal Service Funds,5400,Resources - Beginning Fund Balance,10556082.71
2023-24,2243,Beaverton SD 48J,400,Capital Projects Funds,1910,Rentals,211931.76
2023-24,2243,Beaverton SD 48J,400,Capital Projects Funds,1920,Contributions and Donations From Private Sources,200673.81
2023-24,2243,Beaverton SD 48J,400,Capital Projects Funds,1960,Recovery of Prior Years' Expenditure,733068.72
2023-24,2243,Beaverton SD 48J,400,Capital Projects Funds,1990,Miscellaneous,281572.4
2023-24,2243,Beaverton SD 48J,400,Capital Projects Funds,5300,Sale of or Compensation for Loss of Fixed Assets,10090662.77
2023-24,2243,Beaverton SD 48J,400,Capital Projects Funds,5400,Resources - Beginning Fund Balance,367846660.64
2023-24,2243,Beaverton SD 48J,300,Debt Service Funds,1970,Services Provided Other Funds,24093519.64
2023-24,2243,Beaverton SD 48J,300,Debt Service Funds,2199,Other Intermediate Sources,70193.02
2023-24,2243,Beaverton SD 48J,300,Debt Service Funds,5200,Interfund Transfers,9117404
2023-24,2243,Beaverton SD 48J,300,Debt Service Funds,5400,Resources - Beginning Fund Balance,9797925.75
2023-24,2243,Beaverton SD 48J,400,Capital Projects Funds,1130,Construction Excise Tax,2095531.23
2023-24,2243,Beaverton SD 48J,400,Capital Projects Funds,1500,Earnings on Investments,16664555.1
2023-24,2243,Beaverton SD 48J,200,Special Revenue Funds,4900,Revenue for/on Behalf of the District,961618.94
2023-24,2243,Beaverton SD 48J,200,Special Revenue Funds,5200,Interfund Transfers,2024140
2023-24,2243,Beaverton SD 48J,200,Special Revenue Funds,5300,Sale of or Compensation for Loss of Fixed Assets,300
2023-24,2243,Beaverton SD 48J,200,Special Revenue Funds,5400,Resources - Beginning Fund Balance,32467605.12
2023-24,2243,Beaverton SD 48J,300,Debt Service Funds,1110,Ad valorem taxes levied by district,79750495.77
2023-24,2243,Beaverton SD 48J,300,Debt Service Funds,1500,Earnings on Investments,2495542.57
2023-24,2243,Beaverton SD 48J,200,Special Revenue Funds,3199,Other Unrestricted Grants-In-Aid,500000
2023-24,2243,Beaverton SD 48J,200,Special Revenue Funds,3222,State School Fund (SSF) Transportation Equipment,2052621.7
2023-24,2243,Beaverton SD 48J,200,Special Revenue Funds,3299,Other Restricted Grants-In-Aid,54906003.67
2023-24,2243,Beaverton SD 48J,200,Special Revenue Funds,4300,Restricted Revenue Direct From the Federal Government,56519.93
2023-24,2243,Beaverton SD 48J,200,Special Revenue Funds,4500,Restricted Revenue From Federal Government Through the State,45956048.3
2023-24,2243,Beaverton SD 48J,200,Special Revenue Funds,4700,Grants-In-Aid From Federal Government Through Other Intermed,39765.36
2023-24,2243,Beaverton SD 48J,200,Special Revenue Funds,1950,Textbook Sales and Rentals,22344.59
2023-24,2243,Beaverton SD 48J,200,Special Revenue Funds,1960,Recovery of Prior Years' Expenditure,296766.04
2023-24,2243,Beaverton SD 48J,200,Special Revenue Funds,1970,Services Provided Other Funds,6884367.29
2023-24,2243,Beaverton SD 48J,200,Special Revenue Funds,1990,Miscellaneous,737288.04
2023-24,2243,Beaverton SD 48J,200,Special Revenue Funds,2200,Restricted Revenue,203417.08
2023-24,2243,Beaverton SD 48J,200,Special Revenue Funds,3102,State School Fund--School Lunch Match,130023.95
2023-24,2244,Sherwood SD 88J,100,General Fund,1110,Ad valorem taxes levied by district,21539505.23
2023-24,2244,Sherwood SD 88J,100,General Fund,1120,Local option ad valorem taxes levied by district,5733430.76
2023-24,2244,Sherwood SD 88J,100,General Fund,1311,Tuition from Individuals,78377.93
2023-24,2244,Sherwood SD 88J,100,General Fund,1411,Transportation fees from Individuals,136480.44
2023-24,2244,Sherwood SD 88J,100,General Fund,1500,Earnings on Investments,653124.12
2023-24,2244,Sherwood SD 88J,100,General Fund,1700,Extra-Curricular Activities,23515.39
2023-24,2244,Sherwood SD 88J,250,Non-Federal Sources,5400,Resources - Beginning Fund Balance,1795512.45
2023-24,2244,Sherwood SD 88J,100,General Fund,1990,Miscellaneous,132221.44
2023-24,2244,Sherwood SD 88J,100,General Fund,5200,Interfund Transfers,117145
2023-24,2244,Sherwood SD 88J,250,Non-Federal Sources,1990,Miscellaneous,203916.53
2023-24,2244,Sherwood SD 88J,250,Non-Federal Sources,5200,Interfund Transfers,1762797.03
2023-24,2244,Sherwood SD 88J,100,General Fund,1910,Rentals,135523.98
2023-24,2244,Sherwood SD 88J,300,Debt Service Funds,5400,Resources - Beginning Fund Balance,46197.97
2023-24,2244,Sherwood SD 88J,400,Capital Projects Funds,1500,Earnings on Investments,300674.3
2023-24,2244,Sherwood SD 88J,400,Capital Projects Funds,5300,Sale of or Compensation for Loss of Fixed Assets,358303.5
2023-24,2244,Sherwood SD 88J,400,Capital Projects Funds,5400,Resources - Beginning Fund Balance,7107510.12
2023-24,2244,Sherwood SD 88J,299,Child Nutrition,5100,Long Term Debt Financing Sources,6957.15
2023-24,2244,Sherwood SD 88J,299,Child Nutrition,5200,Interfund Transfers,200926.79
2023-24,2244,Sherwood SD 88J,299,Child Nutrition,5400,Resources - Beginning Fund Balance,232336.24
2023-24,2244,Sherwood SD 88J,300,Debt Service Funds,1110,Ad valorem taxes levied by district,16348954.68
2023-24,2244,Sherwood SD 88J,300,Debt Service Funds,1500,Earnings on Investments,474545.35
2023-24,2244,Sherwood SD 88J,300,Debt Service Funds,1970,Services Provided Other Funds,1533424.27
2023-24,2244,Sherwood SD 88J,299,Child Nutrition,1960,Recovery of Prior Years' Expenditure,-7401.88
2023-24,2244,Sherwood SD 88J,299,Child Nutrition,1990,Miscellaneous,10094.12
2023-24,2244,Sherwood SD 88J,299,Child Nutrition,3199,Other Unrestricted Grants-In-Aid,10538.14
2023-24,2244,Sherwood SD 88J,299,Child Nutrition,3299,Other Restricted Grants-In-Aid,76884.26
2023-24,2244,Sherwood SD 88J,299,Child Nutrition,4100,Unrestricted Revenue Direct From the Federal Government,423321.75
2023-24,2244,Sherwood SD 88J,299,Child Nutrition,4500,Restricted Revenue From Federal Government Through the State,202818.4
2023-24,2244,Sherwood SD 88J,250,Non-Federal Sources,3299,Other Restricted Grants-In-Aid,713344.27
2023-24,2244,Sherwood SD 88J,250,Non-Federal Sources,5100,Long Term Debt Financing Sources,317898.95
2023-24,2244,Sherwood SD 88J,250,Non-Federal Sources,5300,Sale of or Compensation for Loss of Fixed Assets,60000
2023-24,2244,Sherwood SD 88J,251,Student Investment Account,3299,Other Restricted Grants-In-Aid,4453125.24
2023-24,2244,Sherwood SD 88J,252,Measure 98 - High School Success,3299,Other Restricted Grants-In-Aid,1386068.28
2023-24,2244,Sherwood SD 88J,299,Child Nutrition,1600,Food Service,635522.95
2023-24,2244,Sherwood SD 88J,250,Non-Federal Sources,1130,Construction Excise Tax,1016868.77
2023-24,2244,Sherwood SD 88J,250,Non-Federal Sources,1500,Earnings on Investments,128058.78
2023-24,2244,Sherwood SD 88J,250,Non-Federal Sources,1700,Extra-Curricular Activities,1569999.25
2023-24,2244,Sherwood SD 88J,250,Non-Federal Sources,1920,Contributions and Donations From Private Sources,237217.03
2023-24,2244,Sherwood SD 88J,250,Non-Federal Sources,1960,Recovery of Prior Years' Expenditure,-26195.55
2023-24,2244,Sherwood SD 88J,250,Non-Federal Sources,2200,Restricted Revenue,169348.95
2023-24,2244,Sherwood SD 88J,100,General Fund,3106,State School Fund - Accrual,-784405.98
2023-24,2244,Sherwood SD 88J,100,General Fund,3199,Other Unrestricted Grants-In-Aid,506106.41
2023-24,2244,Sherwood SD 88J,100,General Fund,5100,Long Term Debt Financing Sources,239969.5
2023-24,2244,Sherwood SD 88J,100,General Fund,5300,Sale of or Compensation for Loss of Fixed Assets,500000
2023-24,2244,Sherwood SD 88J,100,General Fund,5400,Resources - Beginning Fund Balance,945601.72
2023-24,2244,Sherwood SD 88J,201,Federal Sources,4500,Restricted Revenue From Federal Government Through the State,1179349.75
2023-24,2244,Sherwood SD 88J,100,General Fund,1960,Recovery of Prior Years' Expenditure,854.48
2023-24,2244,Sherwood SD 88J,100,General Fund,1980,Fees Charged to Grants,233622.66
2023-24,2244,Sherwood SD 88J,100,General Fund,2101,County School Funds,87427.91
2023-24,2244,Sherwood SD 88J,100,General Fund,2102,General Education Service District Funds,500000
2023-24,2244,Sherwood SD 88J,100,General Fund,3101,State School Fund --General Support,36223335.65
2023-24,2244,Sherwood SD 88J,100,General Fund,3103,Common School Fund,673382.32
2023-24,2245,Gaston SD 511J,400,Capital Projects Funds,1500,Earnings on Investments,1986.73
2023-24,2245,Gaston SD 511J,400,Capital Projects Funds,5200,Interfund Transfers,525000
2023-24,2245,Gaston SD 511J,400,Capital Projects Funds,5400,Resources - Beginning Fund Balance,490646.56
2023-24,2245,Gaston SD 511J,700,Trust and Agency Funds,1920,Contributions and Donations From Private Sources,11000
2023-24,2245,Gaston SD 511J,700,Trust and Agency Funds,5400,Resources - Beginning Fund Balance,28938
2023-24,2245,Gaston SD 511J,300,Debt Service Funds,1110,Ad valorem taxes levied by district,590234.19
2023-24,2245,Gaston SD 511J,300,Debt Service Funds,1190,Penalties and interest on taxes,1206.26
2023-24,2245,Gaston SD 511J,300,Debt Service Funds,1500,Earnings on Investments,14759.36
2023-24,2245,Gaston SD 511J,300,Debt Service Funds,1970,Services Provided Other Funds,767635.46
2023-24,2245,Gaston SD 511J,300,Debt Service Funds,5200,Interfund Transfers,29412
2023-24,2245,Gaston SD 511J,300,Debt Service Funds,5400,Resources - Beginning Fund Balance,1092389.53
2023-24,2245,Gaston SD 511J,252,Measure 98 - High School Success,3299,Other Restricted Grants-In-Aid,163351.02
2023-24,2245,Gaston SD 511J,299,Child Nutrition,1600,Food Service,47539.52
2023-24,2245,Gaston SD 511J,299,Child Nutrition,3102,State School Fund--School Lunch Match,1534.92
2023-24,2245,Gaston SD 511J,299,Child Nutrition,3299,Other Restricted Grants-In-Aid,8909.7
2023-24,2245,Gaston SD 511J,299,Child Nutrition,4500,Restricted Revenue From Federal Government Through the State,116178.16
2023-24,2245,Gaston SD 511J,299,Child Nutrition,5400,Resources - Beginning Fund Balance,110803.3
2023-24,2245,Gaston SD 511J,250,Non-Federal Sources,1990,Miscellaneous,80551.31
2023-24,2245,Gaston SD 511J,250,Non-Federal Sources,2199,Other Intermediate Sources,55687.27
2023-24,2245,Gaston SD 511J,250,Non-Federal Sources,3299,Other Restricted Grants-In-Aid,43130.33
2023-24,2245,Gaston SD 511J,250,Non-Federal Sources,5400,Resources - Beginning Fund Balance,469593.45
2023-24,2245,Gaston SD 511J,251,Student Investment Account,3299,Other Restricted Grants-In-Aid,538514.33
2023-24,2245,Gaston SD 511J,251,Student Investment Account,5400,Resources - Beginning Fund Balance,6993.88
2023-24,2245,Gaston SD 511J,201,Federal Sources,4500,Restricted Revenue From Federal Government Through the State,350743.82
2023-24,2245,Gaston SD 511J,201,Federal Sources,4700,Grants-In-Aid From Federal Government Through Other Intermed,532
2023-24,2245,Gaston SD 511J,201,Federal Sources,5100,Long Term Debt Financing Sources,3949.13
2023-24,2245,Gaston SD 511J,250,Non-Federal Sources,1130,Construction Excise Tax,14716.06
2023-24,2245,Gaston SD 511J,250,Non-Federal Sources,1700,Extra-Curricular Activities,98306.19
2023-24,2245,Gaston SD 511J,250,Non-Federal Sources,1920,Contributions and Donations From Private Sources,8153.56
2023-24,2245,Gaston SD 511J,100,General Fund,3103,Common School Fund,68154.44
2023-24,2245,Gaston SD 511J,100,General Fund,3104,State Managed County Timber,661093.05
2023-24,2245,Gaston SD 511J,100,General Fund,3199,Other Unrestricted Grants-In-Aid,32112.34
2023-24,2245,Gaston SD 511J,100,General Fund,3299,Other Restricted Grants-In-Aid,107374.45
2023-24,2245,Gaston SD 511J,100,General Fund,5100,Long Term Debt Financing Sources,148327.53
2023-24,2245,Gaston SD 511J,100,General Fund,5400,Resources - Beginning Fund Balance,1928968.88
2023-24,2245,Gaston SD 511J,100,General Fund,1960,Recovery of Prior Years' Expenditure,2650.68
2023-24,2245,Gaston SD 511J,100,General Fund,1980,Fees Charged to Grants,30010.09
2023-24,2245,Gaston SD 511J,100,General Fund,1990,Miscellaneous,17287.27
2023-24,2245,Gaston SD 511J,100,General Fund,2101,County School Funds,7718.73
2023-24,2245,Gaston SD 511J,100,General Fund,2199,Other Intermediate Sources,1663.38
2023-24,2245,Gaston SD 511J,100,General Fund,3101,State School Fund --General Support,4849451.6
2023-24,2245,Gaston SD 511J,100,General Fund,1110,Ad valorem taxes levied by district,1593694.02
2023-24,2245,Gaston SD 511J,100,General Fund,1190,Penalties and interest on taxes,6399.7
2023-24,2245,Gaston SD 511J,100,General Fund,1500,Earnings on Investments,233360.7
2023-24,2245,Gaston SD 511J,100,General Fund,1700,Extra-Curricular Activities,25567.82
2023-24,2247,Spray SD 1,100,General Fund,1110,Ad valorem taxes levied by district,205344.09
2023-24,2247,Spray SD 1,100,General Fund,1190,Penalties and interest on taxes,2005.71
2023-24,2247,Spray SD 1,100,General Fund,1500,Earnings on Investments,38070.7
2023-24,2247,Spray SD 1,100,General Fund,1980,Fees Charged to Grants,5119.57
2023-24,2247,Spray SD 1,100,General Fund,1990,Miscellaneous,52543.17
2023-24,2247,Spray SD 1,100,General Fund,2101,County School Funds,6759.89
2023-24,2247,Spray SD 1,400,Capital Projects Funds,3101,State School Fund --General Support,21315
2023-24,2247,Spray SD 1,400,Capital Projects Funds,5100,Long Term Debt Financing Sources,270803
2023-24,2247,Spray SD 1,400,Capital Projects Funds,5200,Interfund Transfers,12500
2023-24,2247,Spray SD 1,400,Capital Projects Funds,5400,Resources - Beginning Fund Balance,99416.9
2023-24,2247,Spray SD 1,700,Trust and Agency Funds,1500,Earnings on Investments,9622.94
2023-24,2247,Spray SD 1,700,Trust and Agency Funds,5400,Resources - Beginning Fund Balance,183460.78
2023-24,2247,Spray SD 1,299,Child Nutrition,3102,State School Fund--School Lunch Match,378.03
2023-24,2247,Spray SD 1,299,Child Nutrition,3299,Other Restricted Grants-In-Aid,4506.6
2023-24,2247,Spray SD 1,299,Child Nutrition,4300,Restricted Revenue Direct From the Federal Government,5500.35
2023-24,2247,Spray SD 1,299,Child Nutrition,4500,Restricted Revenue From Federal Government Through the State,15794.75
2023-24,2247,Spray SD 1,299,Child Nutrition,5200,Interfund Transfers,61982.93
2023-24,2247,Spray SD 1,299,Child Nutrition,5400,Resources - Beginning Fund Balance,8384.03
2023-24,2247,Spray SD 1,250,Non-Federal Sources,1910,Rentals,1800
2023-24,2247,Spray SD 1,250,Non-Federal Sources,1990,Miscellaneous,95360.93
2023-24,2247,Spray SD 1,250,Non-Federal Sources,3299,Other Restricted Grants-In-Aid,41690.33
2023-24,2247,Spray SD 1,250,Non-Federal Sources,5200,Interfund Transfers,3266.98
2023-24,2247,Spray SD 1,250,Non-Federal Sources,5400,Resources - Beginning Fund Balance,40813.73
2023-24,2247,Spray SD 1,299,Child Nutrition,1600,Food Service,5750.74
2023-24,2247,Spray SD 1,200,Special Revenue Funds,5400,Resources - Beginning Fund Balance,-1483.32
2023-24,2247,Spray SD 1,251,Student Investment Account,1990,Miscellaneous,3959.64
2023-24,2247,Spray SD 1,251,Student Investment Account,3199,Other Unrestricted Grants-In-Aid,153993.01
2023-24,2247,Spray SD 1,251,Student Investment Account,5400,Resources - Beginning Fund Balance,-38329.4
2023-24,2247,Spray SD 1,252,Measure 98 - High School Success,3299,Other Restricted Grants-In-Aid,58867.61
2023-24,2247,Spray SD 1,252,Measure 98 - High School Success,5400,Resources - Beginning Fund Balance,32622.26
2023-24,2247,Spray SD 1,100,General Fund,4500,Restricted Revenue From Federal Government Through the State,196.99
2023-24,2247,Spray SD 1,100,General Fund,4801,Federal Forest Fees,47060.58
2023-24,2247,Spray SD 1,100,General Fund,5200,Interfund Transfers,96280.54
2023-24,2247,Spray SD 1,100,General Fund,5400,Resources - Beginning Fund Balance,803469.41
2023-24,2247,Spray SD 1,200,Special Revenue Funds,4300,Restricted Revenue Direct From the Federal Government,2717.71
2023-24,2247,Spray SD 1,200,Special Revenue Funds,4500,Restricted Revenue From Federal Government Through the State,184851.36
2023-24,2247,Spray SD 1,100,General Fund,2103,Excess ESD Local Revenue,82569.12
2023-24,2247,Spray SD 1,100,General Fund,2199,Other Intermediate Sources,900.81
2023-24,2247,Spray SD 1,100,General Fund,3101,State School Fund --General Support,1521766.05
2023-24,2247,Spray SD 1,100,General Fund,3102,State School Fund--School Lunch Match,-378.03
2023-24,2247,Spray SD 1,100,General Fund,3103,Common School Fund,4139.35
2023-24,2247,Spray SD 1,100,General Fund,4100,Unrestricted Revenue Direct From the Federal Government,29711.83
2023-24,2248,Fossil SD 21J,100,General Fund,1110,Ad valorem taxes levied by district,284930.07
2023-24,2248,Fossil SD 21J,100,General Fund,1190,Penalties and interest on taxes,5366.49
2023-24,2248,Fossil SD 21J,100,General Fund,1500,Earnings on Investments,443058.41
2023-24,2248,Fossil SD 21J,100,General Fund,1920,Contributions and Donations From Private Sources,1624.26
2023-24,2248,Fossil SD 21J,100,General Fund,1960,Recovery of Prior Years' Expenditure,9324.62
2023-24,2248,Fossil SD 21J,100,General Fund,1990,Miscellaneous,13159.89
2023-24,2248,Fossil SD 21J,700,Trust and Agency Funds,5400,Resources - Beginning Fund Balance,513945.03
2023-24,2248,Fossil SD 21J,299,Child Nutrition,3299,Other Restricted Grants-In-Aid,3014.3
2023-24,2248,Fossil SD 21J,299,Child Nutrition,4500,Restricted Revenue From Federal Government Through the State,34589.71
2023-24,2248,Fossil SD 21J,299,Child Nutrition,4900,Revenue for/on Behalf of the District,2717.91
2023-24,2248,Fossil SD 21J,299,Child Nutrition,5200,Interfund Transfers,40926.47
2023-24,2248,Fossil SD 21J,299,Child Nutrition,5400,Resources - Beginning Fund Balance,4823.28
2023-24,2248,Fossil SD 21J,700,Trust and Agency Funds,1500,Earnings on Investments,42688.68
2023-24,2248,Fossil SD 21J,251,Student Investment Account,3299,Other Restricted Grants-In-Aid,137506.12
2023-24,2248,Fossil SD 21J,251,Student Investment Account,5200,Interfund Transfers,7364.89
2023-24,2248,Fossil SD 21J,251,Student Investment Account,5400,Resources - Beginning Fund Balance,-7226.43
2023-24,2248,Fossil SD 21J,252,Measure 98 - High School Success,3299,Other Restricted Grants-In-Aid,17021.72
2023-24,2248,Fossil SD 21J,252,Measure 98 - High School Success,5400,Resources - Beginning Fund Balance,-0.15
2023-24,2248,Fossil SD 21J,299,Child Nutrition,1600,Food Service,5168
2023-24,2248,Fossil SD 21J,201,Federal Sources,5400,Resources - Beginning Fund Balance,6351.89
2023-24,2248,Fossil SD 21J,250,Non-Federal Sources,1700,Extra-Curricular Activities,65623.77
2023-24,2248,Fossil SD 21J,250,Non-Federal Sources,1970,Services Provided Other Funds,7117.5
2023-24,2248,Fossil SD 21J,250,Non-Federal Sources,2200,Restricted Revenue,101771
2023-24,2248,Fossil SD 21J,250,Non-Federal Sources,5200,Interfund Transfers,46550.98
2023-24,2248,Fossil SD 21J,250,Non-Federal Sources,5400,Resources - Beginning Fund Balance,38007.97
2023-24,2248,Fossil SD 21J,100,General Fund,4801,Federal Forest Fees,55884.44
2023-24,2248,Fossil SD 21J,100,General Fund,5400,Resources - Beginning Fund Balance,6854782.58
2023-24,2248,Fossil SD 21J,201,Federal Sources,4300,Restricted Revenue Direct From the Federal Government,69012
2023-24,2248,Fossil SD 21J,201,Federal Sources,4500,Restricted Revenue From Federal Government Through the State,80279.33
2023-24,2248,Fossil SD 21J,201,Federal Sources,4700,Grants-In-Aid From Federal Government Through Other Intermed,200000
2023-24,2248,Fossil SD 21J,201,Federal Sources,5200,Interfund Transfers,9778.42
2023-24,2248,Fossil SD 21J,100,General Fund,2101,County School Funds,10152.45
2023-24,2248,Fossil SD 21J,100,General Fund,2103,Excess ESD Local Revenue,1052618.84
2023-24,2248,Fossil SD 21J,100,General Fund,2200,Restricted Revenue,12199.92
2023-24,2248,Fossil SD 21J,100,General Fund,3101,State School Fund --General Support,20222136.23
2023-24,2248,Fossil SD 21J,100,General Fund,3103,Common School Fund,2650.42
2023-24,2248,Fossil SD 21J,100,General Fund,4500,Restricted Revenue From Federal Government Through the State,10000
2023-24,2249,Mitchell SD 55,100,General Fund,1110,Ad valorem taxes levied by district,257703.8
2023-24,2249,Mitchell SD 55,100,General Fund,1190,Penalties and interest on taxes,1862.46
2023-24,2249,Mitchell SD 55,100,General Fund,1500,Earnings on Investments,112264.59
2023-24,2249,Mitchell SD 55,100,General Fund,1920,Contributions and Donations From Private Sources,372.8
2023-24,2249,Mitchell SD 55,100,General Fund,1980,Fees Charged to Grants,7526.63
2023-24,2249,Mitchell SD 55,100,General Fund,1990,Miscellaneous,38019
2023-24,2249,Mitchell SD 55,299,Child Nutrition,5400,Resources - Beginning Fund Balance,-147.06
2023-24,2249,Mitchell SD 55,400,Capital Projects Funds,5200,Interfund Transfers,31000
2023-24,2249,Mitchell SD 55,400,Capital Projects Funds,5400,Resources - Beginning Fund Balance,253726.52
2023-24,2249,Mitchell SD 55,299,Child Nutrition,3199,Other Unrestricted Grants-In-Aid,3500
2023-24,2249,Mitchell SD 55,299,Child Nutrition,3299,Other Restricted Grants-In-Aid,3050.05
2023-24,2249,Mitchell SD 55,299,Child Nutrition,4300,Restricted Revenue Direct From the Federal Government,5284.82
2023-24,2249,Mitchell SD 55,299,Child Nutrition,4500,Restricted Revenue From Federal Government Through the State,14804.58
2023-24,2249,Mitchell SD 55,299,Child Nutrition,4900,Revenue for/on Behalf of the District,1137.8
2023-24,2249,Mitchell SD 55,299,Child Nutrition,5200,Interfund Transfers,118865.8
2023-24,2249,Mitchell SD 55,251,Student Investment Account,3299,Other Restricted Grants-In-Aid,237354.48
2023-24,2249,Mitchell SD 55,251,Student Investment Account,5400,Resources - Beginning Fund Balance,10984.02
2023-24,2249,Mitchell SD 55,252,Measure 98 - High School Success,3299,Other Restricted Grants-In-Aid,13543.45
2023-24,2249,Mitchell SD 55,252,Measure 98 - High School Success,5400,Resources - Beginning Fund Balance,38.36
2023-24,2249,Mitchell SD 55,299,Child Nutrition,1600,Food Service,6481.5
2023-24,2249,Mitchell SD 55,299,Child Nutrition,3102,State School Fund--School Lunch Match,221.1
2023-24,2249,Mitchell SD 55,250,Non-Federal Sources,1700,Extra-Curricular Activities,11022.83
2023-24,2249,Mitchell SD 55,250,Non-Federal Sources,1910,Rentals,5500
2023-24,2249,Mitchell SD 55,250,Non-Federal Sources,3299,Other Restricted Grants-In-Aid,41690.33
2023-24,2249,Mitchell SD 55,250,Non-Federal Sources,5200,Interfund Transfers,4000
2023-24,2249,Mitchell SD 55,250,Non-Federal Sources,5400,Resources - Beginning Fund Balance,73140.44
2023-24,2249,Mitchell SD 55,251,Student Investment Account,1990,Miscellaneous,437.48
2023-24,2249,Mitchell SD 55,100,General Fund,4500,Restricted Revenue From Federal Government Through the State,166428.48
2023-24,2249,Mitchell SD 55,100,General Fund,4801,Federal Forest Fees,30749.82
2023-24,2249,Mitchell SD 55,100,General Fund,5400,Resources - Beginning Fund Balance,2421724.66
2023-24,2249,Mitchell SD 55,201,Federal Sources,4500,Restricted Revenue From Federal Government Through the State,2255381.91
2023-24,2249,Mitchell SD 55,201,Federal Sources,4700,Grants-In-Aid From Federal Government Through Other Intermed,51000
2023-24,2249,Mitchell SD 55,201,Federal Sources,5400,Resources - Beginning Fund Balance,118.02
2023-24,2249,Mitchell SD 55,100,General Fund,2101,County School Funds,4416.97
2023-24,2249,Mitchell SD 55,100,General Fund,2103,Excess ESD Local Revenue,897916.28
2023-24,2249,Mitchell SD 55,100,General Fund,2199,Other Intermediate Sources,1107.7
2023-24,2249,Mitchell SD 55,100,General Fund,3101,State School Fund --General Support,14764654.07
2023-24,2249,Mitchell SD 55,100,General Fund,3103,Common School Fund,1453.92
2023-24,2249,Mitchell SD 55,100,General Fund,3299,Other Restricted Grants-In-Aid,29400
2023-24,2251,Yamhill Carlton SD 1,100,General Fund,1110,Ad valorem taxes levied by district,4218526.57
2023-24,2251,Yamhill Carlton SD 1,100,General Fund,1190,Penalties and interest on taxes,14943.55
2023-24,2251,Yamhill Carlton SD 1,100,General Fund,1312,Tuition from Other Districts within the State,160882
2023-24,2251,Yamhill Carlton SD 1,100,General Fund,1330,Summer School Tuition,2825
2023-24,2251,Yamhill Carlton SD 1,100,General Fund,1411,Transportation fees from Individuals,1898.46
2023-24,2251,Yamhill Carlton SD 1,100,General Fund,1500,Earnings on Investments,328382.53
2023-24,2251,Yamhill Carlton SD 1,400,Capital Projects Funds,5400,Resources - Beginning Fund Balance,744402.65
2023-24,2251,Yamhill Carlton SD 1,700,Trust and Agency Funds,1920,Contributions and Donations From Private Sources,3105
2023-24,2251,Yamhill Carlton SD 1,300,Debt Service Funds,5200,Interfund Transfers,233393
2023-24,2251,Yamhill Carlton SD 1,300,Debt Service Funds,5400,Resources - Beginning Fund Balance,848361.55
2023-24,2251,Yamhill Carlton SD 1,400,Capital Projects Funds,1130,Construction Excise Tax,191683.65
2023-24,2251,Yamhill Carlton SD 1,400,Capital Projects Funds,1500,Earnings on Investments,168.67
2023-24,2251,Yamhill Carlton SD 1,400,Capital Projects Funds,1910,Rentals,20849.78
2023-24,2251,Yamhill Carlton SD 1,400,Capital Projects Funds,5200,Interfund Transfers,450000
2023-24,2251,Yamhill Carlton SD 1,299,Child Nutrition,5400,Resources - Beginning Fund Balance,25749.66
2023-24,2251,Yamhill Carlton SD 1,300,Debt Service Funds,1110,Ad valorem taxes levied by district,988035.34
2023-24,2251,Yamhill Carlton SD 1,300,Debt Service Funds,1190,Penalties and interest on taxes,3801.79
2023-24,2251,Yamhill Carlton SD 1,300,Debt Service Funds,1500,Earnings on Investments,6771.2
2023-24,2251,Yamhill Carlton SD 1,300,Debt Service Funds,1970,Services Provided Other Funds,1288304.44
2023-24,2251,Yamhill Carlton SD 1,300,Debt Service Funds,1990,Miscellaneous,26267.3
2023-24,2251,Yamhill Carlton SD 1,299,Child Nutrition,3102,State School Fund--School Lunch Match,2293.87
2023-24,2251,Yamhill Carlton SD 1,299,Child Nutrition,3299,Other Restricted Grants-In-Aid,24108.55
2023-24,2251,Yamhill Carlton SD 1,299,Child Nutrition,4500,Restricted Revenue From Federal Government Through the State,148814.37
2023-24,2251,Yamhill Carlton SD 1,299,Child Nutrition,4900,Revenue for/on Behalf of the District,24805.42
2023-24,2251,Yamhill Carlton SD 1,299,Child Nutrition,5200,Interfund Transfers,75000
2023-24,2251,Yamhill Carlton SD 1,100,General Fund,1980,Fees Charged to Grants,54397
2023-24,2251,Yamhill Carlton SD 1,250,Non-Federal Sources,5200,Interfund Transfers,77000
2023-24,2251,Yamhill Carlton SD 1,250,Non-Federal Sources,5400,Resources - Beginning Fund Balance,477657.68
2023-24,2251,Yamhill Carlton SD 1,251,Student Investment Account,3299,Other Restricted Grants-In-Aid,779856.81
2023-24,2251,Yamhill Carlton SD 1,252,Measure 98 - High School Success,3299,Other Restricted Grants-In-Aid,239471.41
2023-24,2251,Yamhill Carlton SD 1,299,Child Nutrition,1500,Earnings on Investments,1.09
2023-24,2251,Yamhill Carlton SD 1,299,Child Nutrition,1600,Food Service,104906.5
2023-24,2251,Yamhill Carlton SD 1,201,Federal Sources,4500,Restricted Revenue From Federal Government Through the State,745982.59
2023-24,2251,Yamhill Carlton SD 1,250,Non-Federal Sources,1920,Contributions and Donations From Private Sources,236882.08
2023-24,2251,Yamhill Carlton SD 1,250,Non-Federal Sources,1960,Recovery of Prior Years' Expenditure,213.95
2023-24,2251,Yamhill Carlton SD 1,250,Non-Federal Sources,1990,Miscellaneous,27061.87
2023-24,2251,Yamhill Carlton SD 1,250,Non-Federal Sources,2199,Other Intermediate Sources,8192.75
2023-24,2251,Yamhill Carlton SD 1,250,Non-Federal Sources,3299,Other Restricted Grants-In-Aid,173281.04
2023-24,2251,Yamhill Carlton SD 1,100,General Fund,2199,Other Intermediate Sources,889.28
2023-24,2251,Yamhill Carlton SD 1,100,General Fund,3101,State School Fund --General Support,8708744.42
2023-24,2251,Yamhill Carlton SD 1,100,General Fund,3103,Common School Fund,154918.88
2023-24,2251,Yamhill Carlton SD 1,100,General Fund,3199,Other Unrestricted Grants-In-Aid,62238.25
2023-24,2251,Yamhill Carlton SD 1,100,General Fund,5100,Long Term Debt Financing Sources,69814.94
2023-24,2251,Yamhill Carlton SD 1,100,General Fund,5400,Resources - Beginning Fund Balance,2979668.37
2023-24,2251,Yamhill Carlton SD 1,100,General Fund,1700,Extra-Curricular Activities,80530.93
2023-24,2251,Yamhill Carlton SD 1,100,General Fund,1910,Rentals,4335
2023-24,2251,Yamhill Carlton SD 1,100,General Fund,1960,Recovery of Prior Years' Expenditure,37644.99
2023-24,2251,Yamhill Carlton SD 1,100,General Fund,1990,Miscellaneous,76181.92
2023-24,2251,Yamhill Carlton SD 1,100,General Fund,2101,County School Funds,3942
2023-24,2251,Yamhill Carlton SD 1,100,General Fund,2102,General Education Service District Funds,319000
2023-24,2252,Amity SD 4J,250,Non-Federal Sources,5400,Resources - Beginning Fund Balance,19723.01
2023-24,2252,Amity SD 4J,299,Child Nutrition,5400,Resources - Beginning Fund Balance,23255.44
2023-24,2252,Amity SD 4J,100,General Fund,1110,Ad valorem taxes levied by district,2231078.65
2023-24,2252,Amity SD 4J,100,General Fund,1190,Penalties and interest on taxes,7083.49
2023-24,2252,Amity SD 4J,100,General Fund,1500,Earnings on Investments,77936.56
2023-24,2252,Amity SD 4J,100,General Fund,1700,Extra-Curricular Activities,40216.69
2023-24,2252,Amity SD 4J,200,Special Revenue Funds,3222,State School Fund (SSF) Transportation Equipment,30690.2
2023-24,2252,Amity SD 4J,200,Special Revenue Funds,4200,Unrestricted Revenue From Federal Government Through State,1680.08
2023-24,2252,Amity SD 4J,299,Child Nutrition,3299,Other Restricted Grants-In-Aid,12118.45
2023-24,2252,Amity SD 4J,299,Child Nutrition,4500,Restricted Revenue From Federal Government Through the State,156918.98
2023-24,2252,Amity SD 4J,299,Child Nutrition,4900,Revenue for/on Behalf of the District,22405.29
2023-24,2252,Amity SD 4J,299,Child Nutrition,5200,Interfund Transfers,45000
2023-24,2252,Amity SD 4J,400,Capital Projects Funds,3299,Other Restricted Grants-In-Aid,4000000
2023-24,2252,Amity SD 4J,200,Special Revenue Funds,1500,Earnings on Investments,15522.72
2023-24,2252,Amity SD 4J,299,Child Nutrition,1500,Earnings on Investments,16.45
2023-24,2252,Amity SD 4J,299,Child Nutrition,1600,Food Service,55895.25
2023-24,2252,Amity SD 4J,299,Child Nutrition,1920,Contributions and Donations From Private Sources,1000
2023-24,2252,Amity SD 4J,299,Child Nutrition,1960,Recovery of Prior Years' Expenditure,21.5
2023-24,2252,Amity SD 4J,299,Child Nutrition,1990,Miscellaneous,200
2023-24,2252,Amity SD 4J,299,Child Nutrition,3102,State School Fund--School Lunch Match,1921.11
2023-24,2252,Amity SD 4J,100,General Fund,4500,Restricted Revenue From Federal Government Through the State,10360
2023-24,2252,Amity SD 4J,100,General Fund,5300,Sale of or Compensation for Loss of Fixed Assets,3500
2023-24,2252,Amity SD 4J,201,Federal Sources,4500,Restricted Revenue From Federal Government Through the State,130720.21
2023-24,2252,Amity SD 4J,250,Non-Federal Sources,1800,Community Services Activities,10691.55
2023-24,2252,Amity SD 4J,251,Student Investment Account,3299,Other Restricted Grants-In-Aid,796803.79
2023-24,2252,Amity SD 4J,252,Measure 98 - High School Success,3299,Other Restricted Grants-In-Aid,230395.43
2023-24,2252,Amity SD 4J,300,Debt Service Funds,1970,Services Provided Other Funds,1188330.74
2023-24,2252,Amity SD 4J,300,Debt Service Funds,5400,Resources - Beginning Fund Balance,904568.15
2023-24,2252,Amity SD 4J,400,Capital Projects Funds,1500,Earnings on Investments,1671772.1
2023-24,2252,Amity SD 4J,400,Capital Projects Funds,1990,Miscellaneous,24079.11
2023-24,2252,Amity SD 4J,400,Capital Projects Funds,5200,Interfund Transfers,270000
2023-24,2252,Amity SD 4J,400,Capital Projects Funds,5400,Resources - Beginning Fund Balance,32277673.68
2023-24,2252,Amity SD 4J,200,Special Revenue Funds,4700,Grants-In-Aid From Federal Government Through Other Intermed,4055.44
2023-24,2252,Amity SD 4J,200,Special Revenue Funds,5200,Interfund Transfers,140000
2023-24,2252,Amity SD 4J,200,Special Revenue Funds,5400,Resources - Beginning Fund Balance,1137424.66
2023-24,2252,Amity SD 4J,300,Debt Service Funds,1110,Ad valorem taxes levied by district,1478057.46
2023-24,2252,Amity SD 4J,300,Debt Service Funds,1190,Penalties and interest on taxes,4625.49
2023-24,2252,Amity SD 4J,300,Debt Service Funds,1500,Earnings on Investments,53724.07
2023-24,2252,Amity SD 4J,100,General Fund,5400,Resources - Beginning Fund Balance,2474758.25
2023-24,2252,Amity SD 4J,200,Special Revenue Funds,1700,Extra-Curricular Activities,255127.69
2023-24,2252,Amity SD 4J,200,Special Revenue Funds,1920,Contributions and Donations From Private Sources,7500
2023-24,2252,Amity SD 4J,200,Special Revenue Funds,1990,Miscellaneous,58441.61
2023-24,2252,Amity SD 4J,200,Special Revenue Funds,3299,Other Restricted Grants-In-Aid,80133.29
2023-24,2252,Amity SD 4J,200,Special Revenue Funds,4500,Restricted Revenue From Federal Government Through the State,357316.98
2023-24,2252,Amity SD 4J,100,General Fund,2199,Other Intermediate Sources,623.9
2023-24,2252,Amity SD 4J,100,General Fund,3101,State School Fund --General Support,7504733.7
2023-24,2252,Amity SD 4J,100,General Fund,3103,Common School Fund,106285.44
2023-24,2252,Amity SD 4J,100,General Fund,3199,Other Unrestricted Grants-In-Aid,38974.74
2023-24,2252,Amity SD 4J,100,General Fund,3299,Other Restricted Grants-In-Aid,6781
2023-24,2252,Amity SD 4J,100,General Fund,4801,Federal Forest Fees,0.07
2023-24,2252,Amity SD 4J,100,General Fund,1910,Rentals,525
2023-24,2252,Amity SD 4J,100,General Fund,1920,Contributions and Donations From Private Sources,475
2023-24,2252,Amity SD 4J,100,General Fund,1960,Recovery of Prior Years' Expenditure,8539.12
2023-24,2252,Amity SD 4J,100,General Fund,1990,Miscellaneous,52419.59
2023-24,2252,Amity SD 4J,100,General Fund,2101,County School Funds,2700
2023-24,2252,Amity SD 4J,100,General Fund,2102,General Education Service District Funds,99611.99
2023-24,2253,Dayton SD 8,100,General Fund,1110,Ad valorem taxes levied by district,3105791
2023-24,2253,Dayton SD 8,100,General Fund,1500,Earnings on Investments,223066
2023-24,2253,Dayton SD 8,100,General Fund,1700,Extra-Curricular Activities,10679.8
2023-24,2253,Dayton SD 8,100,General Fund,1910,Rentals,4330
2023-24,2253,Dayton SD 8,100,General Fund,1920,Contributions and Donations From Private Sources,18.2
2023-24,2253,Dayton SD 8,100,General Fund,2101,County School Funds,60390.87
2023-24,2253,Dayton SD 8,201,Federal Sources,1311,Tuition from Individuals,291351.4
2023-24,2253,Dayton SD 8,300,Debt Service Funds,1110,Ad valorem taxes levied by district,1514365
2023-24,2253,Dayton SD 8,300,Debt Service Funds,1500,Earnings on Investments,125418
2023-24,2253,Dayton SD 8,300,Debt Service Funds,1970,Services Provided Other Funds,2299627
2023-24,2253,Dayton SD 8,300,Debt Service Funds,5400,Resources - Beginning Fund Balance,-496737
2023-24,2253,Dayton SD 8,100,General Fund,1990,Miscellaneous,184111.36
2023-24,2253,Dayton SD 8,201,Federal Sources,4500,Restricted Revenue From Federal Government Through the State,437773.96
2023-24,2253,Dayton SD 8,250,Non-Federal Sources,3299,Other Restricted Grants-In-Aid,589811.42
2023-24,2253,Dayton SD 8,299,Child Nutrition,3299,Other Restricted Grants-In-Aid,62908.44
2023-24,2253,Dayton SD 8,299,Child Nutrition,4500,Restricted Revenue From Federal Government Through the State,425720.84
2023-24,2253,Dayton SD 8,100,General Fund,5400,Resources - Beginning Fund Balance,3939811
2023-24,2253,Dayton SD 8,299,Child Nutrition,5400,Resources - Beginning Fund Balance,205505.41
2023-24,2253,Dayton SD 8,400,Capital Projects Funds,1130,Construction Excise Tax,18290.3
2023-24,2253,Dayton SD 8,400,Capital Projects Funds,1500,Earnings on Investments,55384.28
2023-24,2253,Dayton SD 8,400,Capital Projects Funds,1990,Miscellaneous,45172.71
2023-24,2253,Dayton SD 8,400,Capital Projects Funds,5400,Resources - Beginning Fund Balance,1873247.43
2023-24,2253,Dayton SD 8,250,Non-Federal Sources,1311,Tuition from Individuals,65713.32
2023-24,2253,Dayton SD 8,251,Student Investment Account,5400,Resources - Beginning Fund Balance,-147434.41
2023-24,2253,Dayton SD 8,252,Measure 98 - High School Success,3299,Other Restricted Grants-In-Aid,294501.62
2023-24,2253,Dayton SD 8,252,Measure 98 - High School Success,5400,Resources - Beginning Fund Balance,-61678.69
2023-24,2253,Dayton SD 8,299,Child Nutrition,1600,Food Service,326.25
2023-24,2253,Dayton SD 8,299,Child Nutrition,4900,Revenue for/on Behalf of the District,31168.02
2023-24,2253,Dayton SD 8,299,Child Nutrition,5200,Interfund Transfers,4134.07
2023-24,2253,Dayton SD 8,201,Federal Sources,4501,Medicaid Reimbursement for Eligible Early Intervention (EI) Services (Birth to Age Three),59856.18
2023-24,2253,Dayton SD 8,201,Federal Sources,5400,Resources - Beginning Fund Balance,76215.6
2023-24,2253,Dayton SD 8,250,Non-Federal Sources,1920,Contributions and Donations From Private Sources,100
2023-24,2253,Dayton SD 8,250,Non-Federal Sources,5200,Interfund Transfers,50000
2023-24,2253,Dayton SD 8,250,Non-Federal Sources,5400,Resources - Beginning Fund Balance,-133607.33
2023-24,2253,Dayton SD 8,251,Student Investment Account,3299,Other Restricted Grants-In-Aid,1087081.75
2023-24,2253,Dayton SD 8,200,Special Revenue Funds,3199,Other Unrestricted Grants-In-Aid,18665.33
2023-24,2253,Dayton SD 8,200,Special Revenue Funds,5200,Interfund Transfers,53680.96
2023-24,2253,Dayton SD 8,200,Special Revenue Funds,5400,Resources - Beginning Fund Balance,316067.16
2023-24,2253,Dayton SD 8,201,Federal Sources,1920,Contributions and Donations From Private Sources,98635.96
2023-24,2253,Dayton SD 8,201,Federal Sources,1940,Services Provided Other Local Education Agencies,40153.37
2023-24,2253,Dayton SD 8,201,Federal Sources,2101,County School Funds,10460.44
2023-24,2253,Dayton SD 8,100,General Fund,2102,General Education Service District Funds,75000
2023-24,2253,Dayton SD 8,100,General Fund,3101,State School Fund --General Support,8322452.18
2023-24,2253,Dayton SD 8,100,General Fund,3103,Common School Fund,60526.72
2023-24,2253,Dayton SD 8,100,General Fund,3299,Other Restricted Grants-In-Aid,55847.3
2023-24,2253,Dayton SD 8,200,Special Revenue Funds,1920,Contributions and Donations From Private Sources,51995
2023-24,2253,Dayton SD 8,200,Special Revenue Funds,1990,Miscellaneous,3300
2023-24,2254,Newberg SD 29J,100,General Fund,1110,Ad valorem taxes levied by district,20490135.76
2023-24,2254,Newberg SD 29J,100,General Fund,1312,Tuition from Other Districts within the State,22666.66
2023-24,2254,Newberg SD 29J,100,General Fund,1500,Earnings on Investments,628579.51
2023-24,2254,Newberg SD 29J,100,General Fund,1700,Extra-Curricular Activities,96082
2023-24,2254,Newberg SD 29J,100,General Fund,1910,Rentals,19378.83
2023-24,2254,Newberg SD 29J,100,General Fund,1960,Recovery of Prior Years' Expenditure,114477
2023-24,2254,Newberg SD 29J,300,Debt Service Funds,5400,Resources - Beginning Fund Balance,2217076.22
2023-24,2254,Newberg SD 29J,400,Capital Projects Funds,1130,Construction Excise Tax,274370.05
2023-24,2254,Newberg SD 29J,400,Capital Projects Funds,1500,Earnings on Investments,1969053.1
2023-24,2254,Newberg SD 29J,400,Capital Projects Funds,5400,Resources - Beginning Fund Balance,74359449.9
2023-24,2254,Newberg SD 29J,300,Debt Service Funds,1110,Ad valorem taxes levied by district,6280759.41
2023-24,2254,Newberg SD 29J,300,Debt Service Funds,1500,Earnings on Investments,606391.93
2023-24,2254,Newberg SD 29J,300,Debt Service Funds,1960,Recovery of Prior Years' Expenditure,50555.13
2023-24,2254,Newberg SD 29J,300,Debt Service Funds,1970,Services Provided Other Funds,3359169.65
2023-24,2254,Newberg SD 29J,300,Debt Service Funds,1990,Miscellaneous,121611.94
2023-24,2254,Newberg SD 29J,300,Debt Service Funds,5200,Interfund Transfers,31000
2023-24,2254,Newberg SD 29J,299,Child Nutrition,1990,Miscellaneous,13486.39
2023-24,2254,Newberg SD 29J,299,Child Nutrition,3102,State School Fund--School Lunch Match,13928.75
2023-24,2254,Newberg SD 29J,299,Child Nutrition,3299,Other Restricted Grants-In-Aid,339983.72
2023-24,2254,Newberg SD 29J,299,Child Nutrition,4500,Restricted Revenue From Federal Government Through the State,1137780.63
2023-24,2254,Newberg SD 29J,299,Child Nutrition,4900,Revenue for/on Behalf of the District,99558.79
2023-24,2254,Newberg SD 29J,299,Child Nutrition,5400,Resources - Beginning Fund Balance,403015.07
2023-24,2254,Newberg SD 29J,251,Student Investment Account,1960,Recovery of Prior Years' Expenditure,24030.83
2023-24,2254,Newberg SD 29J,251,Student Investment Account,3299,Other Restricted Grants-In-Aid,4020633.16
2023-24,2254,Newberg SD 29J,251,Student Investment Account,5400,Resources - Beginning Fund Balance,90264.01
2023-24,2254,Newberg SD 29J,252,Measure 98 - High School Success,1960,Recovery of Prior Years' Expenditure,2363.01
2023-24,2254,Newberg SD 29J,252,Measure 98 - High School Success,3299,Other Restricted Grants-In-Aid,1134313.83
2023-24,2254,Newberg SD 29J,299,Child Nutrition,1600,Food Service,171975.36
2023-24,2254,Newberg SD 29J,250,Non-Federal Sources,1920,Contributions and Donations From Private Sources,374681.65
2023-24,2254,Newberg SD 29J,250,Non-Federal Sources,1960,Recovery of Prior Years' Expenditure,16379.52
2023-24,2254,Newberg SD 29J,250,Non-Federal Sources,1990,Miscellaneous,66519.28
2023-24,2254,Newberg SD 29J,250,Non-Federal Sources,2199,Other Intermediate Sources,71786.05
2023-24,2254,Newberg SD 29J,250,Non-Federal Sources,3299,Other Restricted Grants-In-Aid,416562.27
2023-24,2254,Newberg SD 29J,250,Non-Federal Sources,5400,Resources - Beginning Fund Balance,2963703.84
2023-24,2254,Newberg SD 29J,201,Federal Sources,2200,Restricted Revenue,6800
2023-24,2254,Newberg SD 29J,201,Federal Sources,4500,Restricted Revenue From Federal Government Through the State,4397777.52
2023-24,2254,Newberg SD 29J,201,Federal Sources,5400,Resources - Beginning Fund Balance,-103444.07
2023-24,2254,Newberg SD 29J,250,Non-Federal Sources,1500,Earnings on Investments,8324.11
2023-24,2254,Newberg SD 29J,250,Non-Federal Sources,1700,Extra-Curricular Activities,1054167.28
2023-24,2254,Newberg SD 29J,250,Non-Federal Sources,1910,Rentals,56681.81
2023-24,2254,Newberg SD 29J,100,General Fund,3103,Common School Fund,592919.2
2023-24,2254,Newberg SD 29J,100,General Fund,3299,Other Restricted Grants-In-Aid,1014545.67
2023-24,2254,Newberg SD 29J,100,General Fund,5200,Interfund Transfers,1000000
2023-24,2254,Newberg SD 29J,100,General Fund,5300,Sale of or Compensation for Loss of Fixed Assets,759.35
2023-24,2254,Newberg SD 29J,100,General Fund,5400,Resources - Beginning Fund Balance,7725210.26
2023-24,2254,Newberg SD 29J,201,Federal Sources,1960,Recovery of Prior Years' Expenditure,190783.88
2023-24,2254,Newberg SD 29J,100,General Fund,1980,Fees Charged to Grants,892.5
2023-24,2254,Newberg SD 29J,100,General Fund,1990,Miscellaneous,76905.5
2023-24,2254,Newberg SD 29J,100,General Fund,2101,County School Funds,18602.96
2023-24,2254,Newberg SD 29J,100,General Fund,2102,General Education Service District Funds,1128131.13
2023-24,2254,Newberg SD 29J,100,General Fund,2199,Other Intermediate Sources,40.08
2023-24,2254,Newberg SD 29J,100,General Fund,3101,State School Fund --General Support,27965203.27
2023-24,2255,Willamina SD 30J,100,General Fund,1110,Ad valorem taxes levied by district,2626003.42
2023-24,2255,Willamina SD 30J,100,General Fund,1190,Penalties and interest on taxes,1204.24
2023-24,2255,Willamina SD 30J,100,General Fund,1312,Tuition from Other Districts within the State,90237
2023-24,2255,Willamina SD 30J,100,General Fund,1500,Earnings on Investments,261493.32
2023-24,2255,Willamina SD 30J,100,General Fund,1990,Miscellaneous,105763.84
2023-24,2255,Willamina SD 30J,100,General Fund,2101,County School Funds,2798.61
2023-24,2255,Willamina SD 30J,250,Non-Federal Sources,3299,Other Restricted Grants-In-Aid,199871.77
2023-24,2255,Willamina SD 30J,700,Trust and Agency Funds,5400,Resources - Beginning Fund Balance,93682.13
2023-24,2255,Willamina SD 30J,300,Debt Service Funds,1990,Miscellaneous,27334.43
2023-24,2255,Willamina SD 30J,300,Debt Service Funds,5200,Interfund Transfers,31615
2023-24,2255,Willamina SD 30J,300,Debt Service Funds,5400,Resources - Beginning Fund Balance,114123.96
2023-24,2255,Willamina SD 30J,400,Capital Projects Funds,1500,Earnings on Investments,33736
2023-24,2255,Willamina SD 30J,400,Capital Projects Funds,5400,Resources - Beginning Fund Balance,246249
2023-24,2255,Willamina SD 30J,700,Trust and Agency Funds,1500,Earnings on Investments,2440
2023-24,2255,Willamina SD 30J,299,Child Nutrition,4500,Restricted Revenue From Federal Government Through the State,495374.89
2023-24,2255,Willamina SD 30J,299,Child Nutrition,4900,Revenue for/on Behalf of the District,31623.96
2023-24,2255,Willamina SD 30J,299,Child Nutrition,5400,Resources - Beginning Fund Balance,349090.93
2023-24,2255,Willamina SD 30J,300,Debt Service Funds,1110,Ad valorem taxes levied by district,305130.88
2023-24,2255,Willamina SD 30J,300,Debt Service Funds,1500,Earnings on Investments,44297.62
2023-24,2255,Willamina SD 30J,300,Debt Service Funds,1970,Services Provided Other Funds,288200.85
2023-24,2255,Willamina SD 30J,250,Non-Federal Sources,1700,Extra-Curricular Activities,265306.79
2023-24,2255,Willamina SD 30J,299,Child Nutrition,1500,Earnings on Investments,1500
2023-24,2255,Willamina SD 30J,299,Child Nutrition,1600,Food Service,1199.85
2023-24,2255,Willamina SD 30J,299,Child Nutrition,1990,Miscellaneous,14482.83
2023-24,2255,Willamina SD 30J,299,Child Nutrition,3102,State School Fund--School Lunch Match,4123.43
2023-24,2255,Willamina SD 30J,299,Child Nutrition,3299,Other Restricted Grants-In-Aid,59076.74
2023-24,2255,Willamina SD 30J,250,Non-Federal Sources,5400,Resources - Beginning Fund Balance,1724544.48
2023-24,2255,Willamina SD 30J,201,Federal Sources,4300,Restricted Revenue Direct From the Federal Government,16525
2023-24,2255,Willamina SD 30J,201,Federal Sources,5200,Interfund Transfers,5785
2023-24,2255,Willamina SD 30J,201,Federal Sources,5400,Resources - Beginning Fund Balance,297.55
2023-24,2255,Willamina SD 30J,251,Student Investment Account,3299,Other Restricted Grants-In-Aid,878777.05
2023-24,2255,Willamina SD 30J,252,Measure 98 - High School Success,3299,Other Restricted Grants-In-Aid,262468.44
2023-24,2255,Willamina SD 30J,100,General Fund,5400,Resources - Beginning Fund Balance,5443299.96
2023-24,2255,Willamina SD 30J,201,Federal Sources,1990,Miscellaneous,50
2023-24,2255,Willamina SD 30J,201,Federal Sources,4500,Restricted Revenue From Federal Government Through the State,1200048.4
2023-24,2255,Willamina SD 30J,250,Non-Federal Sources,1500,Earnings on Investments,31500
2023-24,2255,Willamina SD 30J,250,Non-Federal Sources,1990,Miscellaneous,1040504.65
2023-24,2255,Willamina SD 30J,250,Non-Federal Sources,5200,Interfund Transfers,262600
2023-24,2255,Willamina SD 30J,100,General Fund,2102,General Education Service District Funds,146853.66
2023-24,2255,Willamina SD 30J,100,General Fund,2199,Other Intermediate Sources,496.27
2023-24,2255,Willamina SD 30J,100,General Fund,3101,State School Fund --General Support,7950392.44
2023-24,2255,Willamina SD 30J,100,General Fund,3103,Common School Fund,123882.57
2023-24,2255,Willamina SD 30J,100,General Fund,3104,State Managed County Timber,35.11
2023-24,2255,Willamina SD 30J,100,General Fund,4802,Impact Aid to School Districts for Operation,749939
2023-24,2256,McMinnville SD 40,100,General Fund,1990,Miscellaneous,36135.38
2023-24,2256,McMinnville SD 40,100,General Fund,2101,County School Funds,23274
2023-24,2256,McMinnville SD 40,100,General Fund,2102,General Education Service District Funds,2021715.9
2023-24,2256,McMinnville SD 40,100,General Fund,2199,Other Intermediate Sources,3004.72
2023-24,2256,McMinnville SD 40,100,General Fund,3101,State School Fund --General Support,64121427.19
2023-24,2256,McMinnville SD 40,100,General Fund,3103,Common School Fund,915112.44
2023-24,2256,McMinnville SD 40,100,General Fund,1980,Fees Charged to Grants,263646.14
2023-24,2256,McMinnville SD 40,100,General Fund,5100,Long Term Debt Financing Sources,43271
2023-24,2256,McMinnville SD 40,100,General Fund,1110,Ad valorem taxes levied by district,17502779.58
2023-24,2256,McMinnville SD 40,100,General Fund,1190,Penalties and interest on taxes,70261.72
2023-24,2256,McMinnville SD 40,100,General Fund,1500,Earnings on Investments,1308143.5
2023-24,2256,McMinnville SD 40,100,General Fund,1700,Extra-Curricular Activities,141707.74
2023-24,2256,McMinnville SD 40,100,General Fund,1800,Community Services Activities,170996.5
2023-24,2256,McMinnville SD 40,100,General Fund,1910,Rentals,5362.5
2023-24,2256,McMinnville SD 40,300,Debt Service Funds,5400,Resources - Beginning Fund Balance,1109095.18
2023-24,2256,McMinnville SD 40,400,Capital Projects Funds,1990,Miscellaneous,171957.95
2023-24,2256,McMinnville SD 40,400,Capital Projects Funds,5400,Resources - Beginning Fund Balance,-92850.05
2023-24,2256,McMinnville SD 40,700,Trust and Agency Funds,1500,Earnings on Investments,7822.84
2023-24,2256,McMinnville SD 40,700,Trust and Agency Funds,1920,Contributions and Donations From Private Sources,6845
2023-24,2256,McMinnville SD 40,700,Trust and Agency Funds,5400,Resources - Beginning Fund Balance,158248.57
2023-24,2256,McMinnville SD 40,299,Child Nutrition,5400,Resources - Beginning Fund Balance,1043150.96
2023-24,2256,McMinnville SD 40,300,Debt Service Funds,1110,Ad valorem taxes levied by district,10413426.81
2023-24,2256,McMinnville SD 40,300,Debt Service Funds,1190,Penalties and interest on taxes,43185.22
2023-24,2256,McMinnville SD 40,300,Debt Service Funds,1500,Earnings on Investments,437825.96
2023-24,2256,McMinnville SD 40,300,Debt Service Funds,1970,Services Provided Other Funds,3556367.57
2023-24,2256,McMinnville SD 40,300,Debt Service Funds,2199,Other Intermediate Sources,1764.68
2023-24,2256,McMinnville SD 40,299,Child Nutrition,1920,Contributions and Donations From Private Sources,124.24
2023-24,2256,McMinnville SD 40,299,Child Nutrition,1990,Miscellaneous,2945.82
2023-24,2256,McMinnville SD 40,299,Child Nutrition,3102,State School Fund--School Lunch Match,24451.24
2023-24,2256,McMinnville SD 40,299,Child Nutrition,3299,Other Restricted Grants-In-Aid,49457.73
2023-24,2256,McMinnville SD 40,299,Child Nutrition,4500,Restricted Revenue From Federal Government Through the State,3385925.29
2023-24,2256,McMinnville SD 40,299,Child Nutrition,4900,Revenue for/on Behalf of the District,185953.46
2023-24,2256,McMinnville SD 40,250,Non-Federal Sources,3299,Other Restricted Grants-In-Aid,1009512.7
2023-24,2256,McMinnville SD 40,250,Non-Federal Sources,5400,Resources - Beginning Fund Balance,167868.02
2023-24,2256,McMinnville SD 40,251,Student Investment Account,3299,Other Restricted Grants-In-Aid,5943749.62
2023-24,2256,McMinnville SD 40,252,Measure 98 - High School Success,3299,Other Restricted Grants-In-Aid,1883856.68
2023-24,2256,McMinnville SD 40,299,Child Nutrition,1500,Earnings on Investments,37304.92
2023-24,2256,McMinnville SD 40,299,Child Nutrition,1600,Food Service,257429.69
2023-24,2256,McMinnville SD 40,201,Federal Sources,4700,Grants-In-Aid From Federal Government Through Other Intermed,48244.75
2023-24,2256,McMinnville SD 40,201,Federal Sources,5400,Resources - Beginning Fund Balance,10072.07
2023-24,2256,McMinnville SD 40,250,Non-Federal Sources,1920,Contributions and Donations From Private Sources,59727.01
2023-24,2256,McMinnville SD 40,250,Non-Federal Sources,1990,Miscellaneous,88836.99
2023-24,2256,McMinnville SD 40,250,Non-Federal Sources,2199,Other Intermediate Sources,60830.69
2023-24,2256,McMinnville SD 40,250,Non-Federal Sources,2200,Restricted Revenue,255269.6
2023-24,2256,McMinnville SD 40,200,Special Revenue Funds,1920,Contributions and Donations From Private Sources,93980.78
2023-24,2256,McMinnville SD 40,200,Special Revenue Funds,1990,Miscellaneous,612070.16
2023-24,2256,McMinnville SD 40,200,Special Revenue Funds,5200,Interfund Transfers,750000
2023-24,2256,McMinnville SD 40,200,Special Revenue Funds,5400,Resources - Beginning Fund Balance,5206996.86
2023-24,2256,McMinnville SD 40,201,Federal Sources,1990,Miscellaneous,2940.5
2023-24,2256,McMinnville SD 40,201,Federal Sources,4500,Restricted Revenue From Federal Government Through the State,5782986.16
2023-24,2256,McMinnville SD 40,100,General Fund,4201,Foster Transportation,12773.13
2023-24,2256,McMinnville SD 40,100,General Fund,5400,Resources - Beginning Fund Balance,10335129.33
2023-24,2256,McMinnville SD 40,200,Special Revenue Funds,1130,Construction Excise Tax,563307.48
2023-24,2256,McMinnville SD 40,200,Special Revenue Funds,1500,Earnings on Investments,257945.12
2023-24,2256,McMinnville SD 40,200,Special Revenue Funds,1700,Extra-Curricular Activities,1271244.21
2023-24,2256,McMinnville SD 40,200,Special Revenue Funds,1910,Rentals,97407.34
2023-24,2257,Sheridan SD 48J,100,General Fund,1110,Ad valorem taxes levied by district,1978604.62
2023-24,2257,Sheridan SD 48J,100,General Fund,1500,Earnings on Investments,193808.22
2023-24,2257,Sheridan SD 48J,100,General Fund,1960,Recovery of Prior Years' Expenditure,332.68
2023-24,2257,Sheridan SD 48J,100,General Fund,2101,County School Funds,2964.6
2023-24,2257,Sheridan SD 48J,100,General Fund,3101,State School Fund --General Support,10979877.82
2023-24,2257,Sheridan SD 48J,100,General Fund,3103,Common School Fund,60753.97
2023-24,2257,Sheridan SD 48J,200,Special Revenue Funds,2199,Other Intermediate Sources,10806
2023-24,2257,Sheridan SD 48J,200,Special Revenue Funds,5400,Resources - Beginning Fund Balance,1708349
2023-24,2257,Sheridan SD 48J,300,Debt Service Funds,1500,Earnings on Investments,15987.49
2023-24,2257,Sheridan SD 48J,300,Debt Service Funds,2200,Restricted Revenue,22687
2023-24,2257,Sheridan SD 48J,300,Debt Service Funds,5400,Resources - Beginning Fund Balance,318665
2023-24,2257,Sheridan SD 48J,400,Capital Projects Funds,5400,Resources - Beginning Fund Balance,474380.49
2023-24,2257,Sheridan SD 48J,400,Capital Projects Funds,1500,Earnings on Investments,19747.53
2023-24,2257,Sheridan SD 48J,600,Internal Service Funds,1500,Earnings on Investments,22897.47
2023-24,2257,Sheridan SD 48J,299,Child Nutrition,5200,Interfund Transfers,3682.61
2023-24,2257,Sheridan SD 48J,600,Internal Service Funds,5400,Resources - Beginning Fund Balance,467212.96
2023-24,2257,Sheridan SD 48J,100,General Fund,1990,Miscellaneous,60923.97
2023-24,2257,Sheridan SD 48J,100,General Fund,5400,Resources - Beginning Fund Balance,1786159
2023-24,2257,Sheridan SD 48J,299,Child Nutrition,3199,Other Unrestricted Grants-In-Aid,7086.21
2023-24,2257,Sheridan SD 48J,299,Child Nutrition,3299,Other Restricted Grants-In-Aid,43667.7
2023-24,2257,Sheridan SD 48J,299,Child Nutrition,4500,Restricted Revenue From Federal Government Through the State,384489.67
2023-24,2257,Sheridan SD 48J,299,Child Nutrition,4900,Revenue for/on Behalf of the District,27164.93
2023-24,2257,Sheridan SD 48J,300,Debt Service Funds,1110,Ad valorem taxes levied by district,713.15
2023-24,2257,Sheridan SD 48J,300,Debt Service Funds,3103,Common School Fund,60753.97
2023-24,2257,Sheridan SD 48J,200,Special Revenue Funds,3299,Other Restricted Grants-In-Aid,154153.72
2023-24,2257,Sheridan SD 48J,200,Special Revenue Funds,4300,Restricted Revenue Direct From the Federal Government,339150
2023-24,2257,Sheridan SD 48J,200,Special Revenue Funds,4500,Restricted Revenue From Federal Government Through the State,908827.73
2023-24,2257,Sheridan SD 48J,251,Student Investment Account,3199,Other Unrestricted Grants-In-Aid,789719.47
2023-24,2257,Sheridan SD 48J,252,Measure 98 - High School Success,3199,Other Unrestricted Grants-In-Aid,210929.27
2023-24,2257,Sheridan SD 48J,299,Child Nutrition,1600,Food Service,2670.01
2023-24,2257,Sheridan SD 48J,200,Special Revenue Funds,1500,Earnings on Investments,38584.07
2023-24,2257,Sheridan SD 48J,200,Special Revenue Funds,1700,Extra-Curricular Activities,93747.64
2023-24,2257,Sheridan SD 48J,200,Special Revenue Funds,1920,Contributions and Donations From Private Sources,1045270.85
2023-24,2257,Sheridan SD 48J,200,Special Revenue Funds,1960,Recovery of Prior Years' Expenditure,648.5
2023-24,2257,Sheridan SD 48J,200,Special Revenue Funds,1990,Miscellaneous,23106.1
2023-24,2257,Sheridan SD 48J,200,Special Revenue Funds,3199,Other Unrestricted Grants-In-Aid,2300
2023-24,2262,Knappa SD 4,100,General Fund,1110,Ad valorem taxes levied by district,1551283.75
2023-24,2262,Knappa SD 4,100,General Fund,1190,Penalties and interest on taxes,-810.2
2023-24,2262,Knappa SD 4,100,General Fund,1311,Tuition from Individuals,375
2023-24,2262,Knappa SD 4,100,General Fund,1500,Earnings on Investments,104846.8
2023-24,2262,Knappa SD 4,100,General Fund,1920,Contributions and Donations From Private Sources,50.09
2023-24,2262,Knappa SD 4,100,General Fund,1960,Recovery of Prior Years' Expenditure,19111.68
2023-24,2262,Knappa SD 4,400,Capital Projects Funds,1500,Earnings on Investments,634149.95
2023-24,2262,Knappa SD 4,400,Capital Projects Funds,1960,Recovery of Prior Years' Expenditure,116731.14
2023-24,2262,Knappa SD 4,400,Capital Projects Funds,3299,Other Restricted Grants-In-Aid,4864496.71
2023-24,2262,Knappa SD 4,400,Capital Projects Funds,5400,Resources - Beginning Fund Balance,15456264.74
2023-24,2262,Knappa SD 4,299,Child Nutrition,4500,Restricted Revenue From Federal Government Through the State,159029.82
2023-24,2262,Knappa SD 4,299,Child Nutrition,5400,Resources - Beginning Fund Balance,88110.03
2023-24,2262,Knappa SD 4,300,Debt Service Funds,1110,Ad valorem taxes levied by district,690220.89
2023-24,2262,Knappa SD 4,300,Debt Service Funds,1190,Penalties and interest on taxes,562.46
2023-24,2262,Knappa SD 4,300,Debt Service Funds,1500,Earnings on Investments,11458.11
2023-24,2262,Knappa SD 4,300,Debt Service Funds,5400,Resources - Beginning Fund Balance,24247.29
2023-24,2262,Knappa SD 4,251,Student Investment Account,3299,Other Restricted Grants-In-Aid,521813.15
2023-24,2262,Knappa SD 4,252,Measure 98 - High School Success,3299,Other Restricted Grants-In-Aid,94548.37
2023-24,2262,Knappa SD 4,299,Child Nutrition,1500,Earnings on Investments,4.77
2023-24,2262,Knappa SD 4,299,Child Nutrition,1600,Food Service,72284.83
2023-24,2262,Knappa SD 4,299,Child Nutrition,3102,State School Fund--School Lunch Match,2052.97
2023-24,2262,Knappa SD 4,299,Child Nutrition,3299,Other Restricted Grants-In-Aid,16685.34
2023-24,2262,Knappa SD 4,250,Non-Federal Sources,1990,Miscellaneous,19277.03
2023-24,2262,Knappa SD 4,250,Non-Federal Sources,2200,Restricted Revenue,24961.13
2023-24,2262,Knappa SD 4,250,Non-Federal Sources,3299,Other Restricted Grants-In-Aid,310338.57
2023-24,2262,Knappa SD 4,250,Non-Federal Sources,5200,Interfund Transfers,610813.21
2023-24,2262,Knappa SD 4,250,Non-Federal Sources,5400,Resources - Beginning Fund Balance,1398045.97
2023-24,2262,Knappa SD 4,251,Student Investment Account,1960,Recovery of Prior Years' Expenditure,8442.4
2023-24,2262,Knappa SD 4,201,Federal Sources,4500,Restricted Revenue From Federal Government Through the State,741395.96
2023-24,2262,Knappa SD 4,250,Non-Federal Sources,1311,Tuition from Individuals,47679
2023-24,2262,Knappa SD 4,250,Non-Federal Sources,1700,Extra-Curricular Activities,199694.02
2023-24,2262,Knappa SD 4,250,Non-Federal Sources,1910,Rentals,14037.35
2023-24,2262,Knappa SD 4,250,Non-Federal Sources,1920,Contributions and Donations From Private Sources,146993.58
2023-24,2262,Knappa SD 4,250,Non-Federal Sources,1960,Recovery of Prior Years' Expenditure,74803.52
2023-24,2262,Knappa SD 4,100,General Fund,3104,State Managed County Timber,187160.76
2023-24,2262,Knappa SD 4,100,General Fund,3199,Other Unrestricted Grants-In-Aid,24602.74
2023-24,2262,Knappa SD 4,100,General Fund,3299,Other Restricted Grants-In-Aid,14826.13
2023-24,2262,Knappa SD 4,100,General Fund,5300,Sale of or Compensation for Loss of Fixed Assets,3524.5
2023-24,2262,Knappa SD 4,100,General Fund,5400,Resources - Beginning Fund Balance,694586.51
2023-24,2262,Knappa SD 4,201,Federal Sources,4300,Restricted Revenue Direct From the Federal Government,45027
2023-24,2262,Knappa SD 4,100,General Fund,1980,Fees Charged to Grants,70.24
2023-24,2262,Knappa SD 4,100,General Fund,1990,Miscellaneous,9565.16
2023-24,2262,Knappa SD 4,100,General Fund,2101,County School Funds,564719.85
2023-24,2262,Knappa SD 4,100,General Fund,2102,General Education Service District Funds,430000
2023-24,2262,Knappa SD 4,100,General Fund,3101,State School Fund --General Support,4487562.98
2023-24,2262,Knappa SD 4,100,General Fund,3103,Common School Fund,58771.56
2023-24,3997,Ione SD R2,400,Capital Projects Funds,5400,Resources - Beginning Fund Balance,17974188.98
2023-24,3997,Ione SD R2,250,Non-Federal Sources,3299,Other Restricted Grants-In-Aid,41690.33
2023-24,3997,Ione SD R2,300,Debt Service Funds,1500,Earnings on Investments,16361.62
2023-24,3997,Ione SD R2,300,Debt Service Funds,2199,Other Intermediate Sources,176.54
2023-24,3997,Ione SD R2,300,Debt Service Funds,5400,Resources - Beginning Fund Balance,58851.03
2023-24,3997,Ione SD R2,400,Capital Projects Funds,1500,Earnings on Investments,824579.11
2023-24,3997,Ione SD R2,400,Capital Projects Funds,1920,Contributions and Donations From Private Sources,200000
2023-24,3997,Ione SD R2,400,Capital Projects Funds,3299,Other Restricted Grants-In-Aid,4022500
2023-24,3997,Ione SD R2,299,Child Nutrition,3299,Other Restricted Grants-In-Aid,3433.95
2023-24,3997,Ione SD R2,299,Child Nutrition,4500,Restricted Revenue From Federal Government Through the State,53148.71
2023-24,3997,Ione SD R2,299,Child Nutrition,4900,Revenue for/on Behalf of the District,3435.52
2023-24,3997,Ione SD R2,299,Child Nutrition,5200,Interfund Transfers,62000
2023-24,3997,Ione SD R2,299,Child Nutrition,5400,Resources - Beginning Fund Balance,18641.31
2023-24,3997,Ione SD R2,300,Debt Service Funds,1110,Ad valorem taxes levied by district,836685.24
2023-24,3997,Ione SD R2,250,Non-Federal Sources,5400,Resources - Beginning Fund Balance,1181774.06
2023-24,3997,Ione SD R2,251,Student Investment Account,3299,Other Restricted Grants-In-Aid,221265.68
2023-24,3997,Ione SD R2,251,Student Investment Account,5400,Resources - Beginning Fund Balance,18175.82
2023-24,3997,Ione SD R2,252,Measure 98 - High School Success,3299,Other Restricted Grants-In-Aid,60958.3
2023-24,3997,Ione SD R2,299,Child Nutrition,1990,Miscellaneous,204.82
2023-24,3997,Ione SD R2,299,Child Nutrition,3102,State School Fund--School Lunch Match,333.7
2023-24,3997,Ione SD R2,250,Non-Federal Sources,1700,Extra-Curricular Activities,42145.12
2023-24,3997,Ione SD R2,250,Non-Federal Sources,1800,Community Services Activities,1371.5
2023-24,3997,Ione SD R2,250,Non-Federal Sources,1910,Rentals,7200
2023-24,3997,Ione SD R2,250,Non-Federal Sources,1920,Contributions and Donations From Private Sources,354077.14
2023-24,3997,Ione SD R2,250,Non-Federal Sources,1990,Miscellaneous,3227.72
2023-24,3997,Ione SD R2,250,Non-Federal Sources,5200,Interfund Transfers,71745
2023-24,3997,Ione SD R2,100,General Fund,4801,Federal Forest Fees,2124.4
2023-24,3997,Ione SD R2,100,General Fund,5400,Resources - Beginning Fund Balance,1218287.94
2023-24,3997,Ione SD R2,201,Federal Sources,4300,Restricted Revenue Direct From the Federal Government,27005.09
2023-24,3997,Ione SD R2,201,Federal Sources,4500,Restricted Revenue From Federal Government Through the State,12957
2023-24,3997,Ione SD R2,201,Federal Sources,5400,Resources - Beginning Fund Balance,-548.99
2023-24,3997,Ione SD R2,250,Non-Federal Sources,1500,Earnings on Investments,21789
2023-24,3997,Ione SD R2,100,General Fund,1990,Miscellaneous,8130.2
2023-24,3997,Ione SD R2,100,General Fund,2101,County School Funds,13315.89
2023-24,3997,Ione SD R2,100,General Fund,2199,Other Intermediate Sources,196.71
2023-24,3997,Ione SD R2,100,General Fund,3101,State School Fund --General Support,2467061.1
2023-24,3997,Ione SD R2,100,General Fund,3103,Common School Fund,16519.4
2023-24,3997,Ione SD R2,100,General Fund,3299,Other Restricted Grants-In-Aid,398.97
2023-24,3997,Ione SD R2,100,General Fund,1110,Ad valorem taxes levied by district,885720.4
2023-24,3997,Ione SD R2,100,General Fund,1500,Earnings on Investments,162120.65
2023-24,3997,Ione SD R2,100,General Fund,1920,Contributions and Donations From Private Sources,2977.49
2023-24,4131,North Wasco County SD 21,200,Special Revenue Funds,1500,Earnings on Investments,2480.77
2023-24,4131,North Wasco County SD 21,200,Special Revenue Funds,1990,Miscellaneous,277339.6
2023-24,4131,North Wasco County SD 21,100,General Fund,3101,State School Fund --General Support,23291558.71
2023-24,4131,North Wasco County SD 21,100,General Fund,5400,Resources - Beginning Fund Balance,21798.2
2023-24,4131,North Wasco County SD 21,201,Federal Sources,5400,Resources - Beginning Fund Balance,40245.98
2023-24,4131,North Wasco County SD 21,300,Debt Service Funds,5400,Resources - Beginning Fund Balance,15654.83
2023-24,4131,North Wasco County SD 21,200,Special Revenue Funds,1920,Contributions and Donations From Private Sources,134733.61
2023-24,4131,North Wasco County SD 21,200,Special Revenue Funds,1970,Services Provided Other Funds,743375.77
2023-24,4131,North Wasco County SD 21,200,Special Revenue Funds,1930,Rental or Lease Payments from Private Contractors,50000
2023-24,4131,North Wasco County SD 21,201,Federal Sources,4500,Restricted Revenue From Federal Government Through the State,3936275.17
2023-24,4131,North Wasco County SD 21,251,Student Investment Account,3299,Other Restricted Grants-In-Aid,2952246.44
2023-24,4131,North Wasco County SD 21,252,Measure 98 - High School Success,3299,Other Restricted Grants-In-Aid,713257.41
2023-24,4131,North Wasco County SD 21,299,Child Nutrition,1500,Earnings on Investments,4153.21
2023-24,4131,North Wasco County SD 21,299,Child Nutrition,1600,Food Service,17522.15
2023-24,4131,North Wasco County SD 21,100,General Fund,2102,General Education Service District Funds,90775
2023-24,4131,North Wasco County SD 21,100,General Fund,1990,Miscellaneous,79705
2023-24,4131,North Wasco County SD 21,100,General Fund,2101,County School Funds,71629
2023-24,4131,North Wasco County SD 21,200,Special Revenue Funds,1940,Services Provided Other Local Education Agencies,7000
2023-24,4131,North Wasco County SD 21,400,Capital Projects Funds,5200,Interfund Transfers,88683.74
2023-24,4131,North Wasco County SD 21,200,Special Revenue Funds,5400,Resources - Beginning Fund Balance,1129115.08
2023-24,4131,North Wasco County SD 21,250,Non-Federal Sources,5400,Resources - Beginning Fund Balance,349198.73
2023-24,4131,North Wasco County SD 21,400,Capital Projects Funds,5400,Resources - Beginning Fund Balance,-11051.76
2023-24,4131,North Wasco County SD 21,300,Debt Service Funds,1500,Earnings on Investments,9566.38
2023-24,4131,North Wasco County SD 21,300,Debt Service Funds,1970,Services Provided Other Funds,1927229.56
2023-24,4131,North Wasco County SD 21,300,Debt Service Funds,5200,Interfund Transfers,534049
2023-24,4131,North Wasco County SD 21,400,Capital Projects Funds,1130,Construction Excise Tax,168856.13
2023-24,4131,North Wasco County SD 21,400,Capital Projects Funds,1910,Rentals,27918.75
2023-24,4131,North Wasco County SD 21,400,Capital Projects Funds,1990,Miscellaneous,11763.5
2023-24,4131,North Wasco County SD 21,200,Special Revenue Funds,5100,Long Term Debt Financing Sources,512824
2023-24,4131,North Wasco County SD 21,200,Special Revenue Funds,5300,Sale of or Compensation for Loss of Fixed Assets,2522
2023-24,4131,North Wasco County SD 21,299,Child Nutrition,3102,State School Fund--School Lunch Match,11229.72
2023-24,4131,North Wasco County SD 21,299,Child Nutrition,3299,Other Restricted Grants-In-Aid,150700.6
2023-24,4131,North Wasco County SD 21,299,Child Nutrition,4500,Restricted Revenue From Federal Government Through the State,1370221.28
2023-24,4131,North Wasco County SD 21,299,Child Nutrition,4900,Revenue for/on Behalf of the District,83751.43
2023-24,4131,North Wasco County SD 21,250,Non-Federal Sources,1990,Miscellaneous,78162.91
2023-24,4131,North Wasco County SD 21,250,Non-Federal Sources,5200,Interfund Transfers,268500
2023-24,4131,North Wasco County SD 21,200,Special Revenue Funds,1700,Extra-Curricular Activities,265758.52
2023-24,4131,North Wasco County SD 21,200,Special Revenue Funds,1950,Textbook Sales and Rentals,9611.12
2023-24,4131,North Wasco County SD 21,200,Special Revenue Funds,1960,Recovery of Prior Years' Expenditure,1378
2023-24,4131,North Wasco County SD 21,200,Special Revenue Funds,3222,State School Fund (SSF) Transportation Equipment,305622
2023-24,4131,North Wasco County SD 21,100,General Fund,4801,Federal Forest Fees,149675.09
2023-24,4131,North Wasco County SD 21,100,General Fund,5200,Interfund Transfers,300000
2023-24,4131,North Wasco County SD 21,201,Federal Sources,4300,Restricted Revenue Direct From the Federal Government,35224
2023-24,4131,North Wasco County SD 21,201,Federal Sources,4700,Grants-In-Aid From Federal Government Through Other Intermed,299963.08
2023-24,4131,North Wasco County SD 21,200,Special Revenue Funds,3299,Other Restricted Grants-In-Aid,1140444.55
2023-24,4131,North Wasco County SD 21,200,Special Revenue Funds,1200,Revenue From Local Governmental Units Other Than Districts,240000
2023-24,4131,North Wasco County SD 21,100,General Fund,1500,Earnings on Investments,253517.56
2023-24,4131,North Wasco County SD 21,100,General Fund,1910,Rentals,19069.68
2023-24,4131,North Wasco County SD 21,100,General Fund,1960,Recovery of Prior Years' Expenditure,175826.6
2023-24,4131,North Wasco County SD 21,100,General Fund,1980,Fees Charged to Grants,123652.61
2023-24,4131,North Wasco County SD 21,100,General Fund,3103,Common School Fund,386019.74
2023-24,4131,North Wasco County SD 21,100,General Fund,4500,Restricted Revenue From Federal Government Through the State,50600
2023-24,4131,North Wasco County SD 21,299,Child Nutrition,5400,Resources - Beginning Fund Balance,234454.28
2023-24,4131,North Wasco County SD 21,100,General Fund,1110,Ad valorem taxes levied by district,12219249.33
2023-24,4131,North Wasco County SD 21,100,General Fund,1190,Penalties and interest on taxes,46957.31
2023-24,4131,North Wasco County SD 21,100,General Fund,1313,Tuition from Other Districts outside the State,199500
2023-24,4131,North Wasco County SD 21,100,General Fund,1411,Transportation fees from Individuals,3484.52
2023-24,4131,North Wasco County SD 21,100,General Fund,1412,Transportation fees from Other Districts within the State,266983.68
